Date,Open,High,Low,Close,Volume
2010-01-04,17.98916456965494,18.111991817505174,17.899533340280904,18.078794479370117,10829095
2010-01-05,18.08211569896292,18.08211569896292,17.843100394295643,17.93273162841797,10562109
2010-01-06,17.90618008929411,18.05556421487289,17.87630431990588,18.03232765197754,11401417
2010-01-07,18.029004921792094,18.185028232513346,17.949333135120572,18.18170928955078,12857232
2010-01-08,18.178380160225384,18.34104259719061,18.151823350841326,18.27465057373047,12148604
2010-01-11,18.35765718145786,18.417411374045546,18.281305628442276,18.367616653442383,10947270
2010-01-12,18.324456463460834,18.440643235437342,18.268022549159827,18.314496994018555,10939350
2010-01-13,18.344594900941598,18.571979192841273,18.341250388744307,18.48838233947754,10538975
2010-01-14,18.464973153356944,18.59872837309078,18.391407184319565,18.50844383239746,8982493
2010-01-15,18.511785215078785,18.582006665378874,18.44490827636305,18.555255889892578,16132555
2010-01-19,18.575319728040608,18.892989852418335,18.56194433975271,18.792673110961914,16663610
2010-01-20,18.802704257340192,18.9899623414136,18.59538309196544,18.806047439575195,14080659
2010-01-21,18.796016239237883,18.892988461836282,18.39140479147228,18.578662872314453,17317216
2010-01-22,18.501755685215954,18.61210330677502,18.190773245018928,18.227556228637695,14599208
2010-01-25,18.311153094695335,18.561944956671624,18.234243944835203,18.29109001159668,10109421
2010-01-26,18.24761695285062,18.28105542031909,18.143957039049837,18.21752166748047,13814506
2010-01-27,18.090462661501096,18.103838054772833,17.77279241875544,18.023584365844727,24107753
2010-01-28,18.090453009874143,18.207489632506935,17.936633410719697,18.040294647216797,13856398
2010-01-29,18.083766172241003,18.083766172241003,17.685842434044297,17.70256233215332,19832013
2010-02-01,17.759415522320747,17.953361366940666,17.7493846428648,17.83632469177246,18361192
2010-02-02,17.81959281985275,18.257642567406712,17.78949754534588,18.204139709472656,17214256
2010-02-03,18.180739245058422,18.31783895982082,18.090454715481766,18.274368286132812,14158816
2010-02-04,18.307810530292915,18.307810530292915,17.98679587268697,17.996828079223633,19169446
2010-02-05,17.933282122073148,18.100477031782635,17.822933242391542,18.046974182128906,22546061
2010-02-08,18.006863325545403,18.040301804150328,17.826292882483813,17.83966827392578,14861192
2010-02-09,17.936640526528812,18.050334012380553,17.83632376141654,17.83966827392578,23229471
2010-02-10,17.8095703125,17.886479466427037,17.612281324318193,17.8095703125,15479366
2010-02-11,17.812913704497507,17.96004430838068,17.699221572111142,17.9031982421875,13413297
2010-02-12,17.789497710942037,18.05700934450934,17.759402436155018,18.033601760864258,17566069
2010-02-16,18.13726825424336,18.284400171629297,17.980105461133792,18.254304885864258,15742184
2010-02-17,18.321190944610446,18.38472472530929,18.24762495462331,18.307815551757812,13285744
2010-02-18,18.287743412046567,18.391404656834897,18.28105571844381,18.381372451782227,11171113
2010-02-19,18.351280866211987,18.354624048796765,18.08376909964788,18.184085845947266,20116924
2010-02-22,18.22087020963026,18.230901087441268,18.043644298896517,18.19077491760254,11966236
2010-02-23,18.133915482005982,18.21416909183839,17.973408262341167,18.046974182128906,13961234
2010-02-24,18.120552166351267,18.23758748470181,18.02692311409248,18.16736602783203,14141309
2010-02-25,18.046984803713766,18.120550766798882,17.926604982763585,18.097143173217773,12305752
2010-02-26,18.11720450639517,18.234241133706597,18.006856901715963,18.150644302368164,14675281
2010-03-01,18.18074247877028,18.274371536497974,18.103833322910962,18.15399169921875,9501667
2010-03-02,18.130582058057197,18.29108937586224,18.10048809910379,18.25096321105957,10419341
2010-03-03,18.257647705506564,18.337900021047535,18.030262156916297,18.083765029907227,13975823
2010-03-04,18.220864729568476,18.224207911400875,18.0269189750839,18.083765029907227,13258858
2010-03-05,18.10382426311738,18.187421072029785,18.097136571576257,18.16401481628418,15291788
2010-03-08,18.18074408591143,18.24093467452044,18.097147227774435,18.197463989257812,8986453
2010-03-09,18.120545418281193,18.378024883783485,18.1004823422609,18.324522018432617,12287828
2010-03-10,18.327869897160554,18.575317205477223,18.297774612951187,18.40143585205078,17001042
2010-03-11,18.404776923000043,18.57531507489646,18.34124317989923,18.571971893310547,11900584
2010-03-12,18.404786377591527,18.408130890192375,17.96339313072679,18.23090362548828,33828679
2010-03-15,18.19411135965235,18.324522018432617,18.09713783160914,18.324522018432617,15406419
2010-03-16,18.337906316700465,18.388064695782102,18.214183289783865,18.284404754638672,12421426
2010-03-17,18.337904785670954,18.351281504366987,18.15733569949068,18.224212646484375,15366194
2010-03-18,18.20414742310342,18.237585892670708,17.92660480245211,17.980106353759766,32043351
2010-03-19,17.876440048217773,18.023570591057826,17.786154218689337,17.876440048217773,34032097
2010-03-22,17.856381299789636,18.133923888547812,17.82294150476786,18.0135440826416,15663610
2010-03-23,18.09380426110477,18.18743199893152,17.99683068155229,18.170713424682617,9704460
2010-03-24,18.14061158169277,18.167362354272598,17.976761105695847,18.0135440826416,13205711
2010-03-25,18.150651325541556,18.16068220477716,17.88982719665521,17.896514892578125,17738224
2010-03-26,17.956703615188147,17.98345439609401,17.535372169433785,17.689191818237305,25017716
2010-03-29,17.74938095829319,17.772787225029898,17.632344307420478,17.76275634765625,22003752
2010-03-30,17.732657634878464,17.809566773522718,17.552087254729184,17.558774948120117,27988954
2010-03-31,17.57549730815477,17.719284730146594,17.45846066347383,17.615623474121094,15870363
2010-04-01,17.655747950984743,17.712594007700663,17.58218199665932,17.70924949645996,12903501
2010-04-05,17.71928182969906,17.806223171025326,17.622308283874762,17.69921875,11130471
2010-04-06,17.679151662255368,17.76274980894682,17.582179460421322,17.66912078857422,15102334
2010-04-07,17.62231212758119,17.699222610481826,17.51530768321649,17.555435180664062,20577115
2010-04-08,17.585528673504317,17.618968475369066,17.455117965842494,17.481868743896484,15111296
2010-04-09,17.505277664909215,17.672471369704454,17.48187006769083,17.63234519958496,11637557
2010-04-12,17.722631349117677,17.722631349117677,17.518654638624856,17.61228370666504,13458108
2010-04-13,17.588673409376284,17.696580614797746,17.588673409376284,17.629138946533203,14442059
2010-04-14,17.676350288081593,17.689838356010124,17.511119445213517,17.639257431030273,19029179
2010-04-15,17.63926144864278,17.686471037641066,17.558333022638905,17.6561222076416,15013756
2010-04-16,17.615656248981466,17.68984063213357,17.541470525333473,17.622400283813477,16562734
2010-04-19,17.622388807812897,17.915757483198345,17.55494716291606,17.841571807861328,18932472
2010-04-20,17.882041223337595,17.95622691482243,17.84494837759518,17.89215660095215,13302001
2010-04-21,17.804486075228493,17.855066990153897,17.35600187352355,17.460535049438477,26172572
2010-04-22,17.39647052157499,17.403214555924695,17.143565882221644,17.23798370361328,16797832
2010-04-23,17.207628671738856,17.26832629948742,16.951352777901157,17.26495361328125,19164444
2010-04-26,17.224493444504628,17.457165951220304,16.880542374426263,16.985076904296875,19657774
2010-04-27,16.95472592628606,17.04914372365853,16.75240226627297,16.782751083374023,21777199
2010-04-28,16.840072638980505,17.001932070586438,16.661353799433044,16.951351165771484,19404544
2010-04-29,17.032282853905198,17.24135054510491,16.974957906664734,17.11321258544922,19325135
2010-04-30,17.146934134151508,17.366118562193865,17.072749769694948,17.251468658447266,22310754
2010-05-03,17.34926624525846,17.396474496492985,17.042407920497677,17.1536865234375,18336182
2010-05-04,17.082868072580844,17.15030975594201,16.765894439626187,16.924381256103516,21711963
2010-05-05,16.93448772578975,17.221112360687034,16.776001005258905,16.9108829498291,22362860
2010-05-06,16.907520916645566,16.98844932366132,15.376603769332837,16.52310562133789,26043351
2010-05-07,16.529847980986734,16.577056213630982,16.185896924024924,16.428686141967773,25126928
2010-05-10,16.792865050433203,16.93786375062005,16.604030812057527,16.755773544311523,21408087
2010-05-11,16.65124356070497,16.76926616469018,16.60403532340831,16.657987594604492,17852647
2010-05-12,16.715308805669373,16.722052838056985,16.486009023499857,16.57368278503418,18435181
2010-05-13,16.560195524627346,16.560195524627346,16.256710030957706,16.391592025756836,19139642
2010-05-14,16.33089312662231,16.39159075685572,16.111710069603,16.3544979095459,20860567
2010-05-17,16.381483039097038,16.445552050381934,16.145439101653302,16.330902099609375,15486453
2010-05-18,16.425306847885683,16.499492524123266,16.185890413115327,16.20275115966797,14520425
2010-05-19,16.142056077375702,16.303915516292847,16.121823982634872,16.165660858154297,19149854
2010-05-20,16.007177020528488,16.007177020528488,15.669971358616438,15.67334270477295,22637557
2010-05-21,15.33614690854659,15.841956397047756,15.261961159434058,15.828468322753906,34482701
2010-05-24,15.862181423210254,16.199387151423394,15.804856462818977,16.03752899169922,26966028
2010-05-25,15.855435530057413,15.932992583758832,15.616018995113766,15.926248550415039,26404960
2010-05-26,16.03753085614527,16.185900964849203,15.828463092678506,15.906020164489746,25537932
2010-05-27,16.13531719978603,16.229735012564372,15.936366193875468,16.142061233520508,16778033
2010-05-28,16.10834202035953,16.381478754046878,16.017296889295665,16.03752899169922,23084410
2010-06-01,15.997070591923393,16.0914884524767,15.814980248460055,15.828468322753906,18251355
2010-06-02,15.848684414330902,16.02065919848977,15.68345366050209,16.010543823242188,18735723
2010-06-03,16.101592664718144,16.125197446635553,16.007174877543815,16.0948486328125,9053564
2010-06-04,15.862174659836306,15.882406753613223,15.636246261422786,15.690199851989746,21442059
2010-06-07,15.626130737023832,15.720548514251824,15.575549832812234,15.589037895202637,19413506
2010-06-08,15.538458398248693,15.653108279445684,15.40020373548312,15.616015434265137,22759275
2010-06-09,15.643000997231054,15.69695462471863,15.42044513239901,15.464282035827637,18267612
2010-06-10,15.639620731273812,16.00717516854698,15.626132667217318,15.916130065917969,19143602
2010-06-11,15.87903721951494,15.983570386200446,15.787990776390595,15.916130065917969,12306586
2010-06-14,15.997061032463764,16.06787539093405,15.943108767528939,15.959969520568848,14164235
2010-06-15,16.030785997888994,16.25671450729644,15.997064484532281,16.24322509765625,19942684
2010-06-16,16.115080716929473,16.479263801553355,16.074616525524736,16.452287673950195,19606503
2010-06-17,16.46914367904444,16.472516364545307,16.270192768354207,16.398330688476562,16354731
2010-06-18,16.475894015676843,16.52310358778818,16.320779914157974,16.445545196533203,18738433
2010-06-21,16.577049487461135,16.60065426445336,16.206123788559147,16.287052154541016,15873281
2010-06-22,16.29380669471043,16.425317384999243,16.16904137976597,16.18252944946289,12384327
2010-06-23,16.199387151423394,16.239852696726256,15.976831343992806,16.03752899169922,13522926
2010-06-24,15.976827689659116,16.138687152857397,15.926246774971583,16.00380516052246,14688829
2010-06-25,16.057760426842943,16.064504460697222,15.882412865640323,15.912761688232422,28662776
2010-06-28,15.932995808104645,16.051018426248547,15.86218277341665,15.909392356872559,11372864
2010-06-29,15.848692577589642,15.848692577589642,15.59578795871039,15.730669975280762,17382659
2010-06-30,15.734043318074443,15.929622987523993,15.572183819048696,15.774507522583008,21387662
2010-07-01,15.696945226168085,15.734038071513423,15.413691867572561,15.666596412658691,17965402
2010-07-02,15.673340444494634,15.767758230693142,15.58566669013207,15.666596412658691,11833264
2010-07-06,15.774509479554988,15.838578481556432,15.616022648157754,15.744160652160645,20032305
2010-07-07,15.761017753203555,16.108340162814613,15.710436832779573,16.08810806274414,19011255
2010-07-08,16.15217997206011,16.236481074519585,16.0779942512181,16.219621658325195,15291997
2010-07-09,16.23984938011783,16.23984938011783,16.024037650896243,16.196012496948242,10837849
2010-07-12,16.219618075321815,16.219618075321815,16.05101456715247,16.125200271606445,11977282
2010-07-13,16.2613314292163,16.298767386226025,16.206876791208185,16.223894119262695,14423510
2010-07-14,16.176242628535682,16.288554534003232,16.053721410807906,16.2851505279541,11571697
2010-07-15,16.288556668357817,16.373640595411963,16.227295374994828,16.34300994873047,12081075
2010-07-16,16.30557138766237,16.38384864215329,16.00267032872065,16.01968765258789,19046269
2010-07-19,16.135412216186523,16.19326952969023,16.080957557800712,16.135412216186523,8753856
2010-07-20,16.040119556721177,16.183060854076242,15.948227563040453,16.155834197998047,16479992
2010-07-21,16.24431721977258,16.80587427099751,15.17565641284099,16.567638397216797,29586078
2010-07-22,16.683350906428217,16.860326800509124,16.4587283847569,16.679946899414062,22413089
2010-07-23,16.669734916791786,16.730994856748165,16.533599011001233,16.65271759033203,18181117
2010-07-26,16.615285689709527,16.802470929893015,16.615285689709527,16.758228302001953,12334514
2010-07-27,16.846711801975324,16.846711801975324,16.66293060328225,16.768434524536133,9663610
2010-07-28,16.78204972156879,16.839907022611598,16.625495149197935,16.751419067382812,14290746
2010-07-29,16.826297189069845,16.93860916006465,16.652725249941444,16.669742584228516,18437682
2010-07-30,16.581259800370514,16.799075794463445,16.438317124097484,16.703781127929688,16298041
2010-08-02,16.918184461932345,17.016881726260955,16.887553809918643,16.95902442932129,15648187
2010-08-03,16.986253194261014,17.224490425928977,16.935202552181327,17.016883850097656,18921217
2010-08-04,17.01007610406958,17.10877472737107,16.945412141948506,17.078144073486328,12857232
2010-08-05,16.993061097258476,17.04411174306613,16.921590463716615,17.01007843017578,12290538
2010-08-06,16.918185947359277,17.24831242843185,16.918185947359277,17.21087646484375,16663193
2010-08-09,17.231299397925852,17.340207358765724,17.163231415046802,17.316383361816406,9375573
2010-08-10,17.2449146029428,17.59546252060793,17.21768794800226,17.51718521118164,18687370
2010-08-11,17.36743020809483,17.394656854107367,17.10877436508764,17.149614334106445,13175490
2010-08-12,16.986251752143133,17.200664971851975,16.924991798614926,17.149614334106445,9210088
2010-08-13,17.057725263853495,17.105371898667308,16.986253282216524,17.037303924560547,10601917
2010-08-16,17.033895908812855,17.163223801261942,16.938601316233598,17.132593154907227,9995415
2010-08-17,17.187052649253832,17.31978458570696,17.101967346096018,17.25171661376953,12592330
2010-08-18,17.231297387865894,17.261928044235564,17.091758783360643,17.09516143798828,12794081
2010-08-19,17.071337648365137,17.088353626247024,16.69015917906058,16.78545379638672,21298041
2010-08-20,16.69016552779731,16.822897511663793,16.652728197505894,16.792266845703125,13354314
2010-08-23,16.863743074099354,17.078156453780977,16.863743074099354,16.942020416259766,15039600
2010-08-24,16.775244631040014,16.942009888073617,16.700369992226815,16.839908599853516,18669654
2010-08-25,16.737802618991484,17.03389708358271,16.727593304798308,16.95561981201172,15743018
2010-08-26,17.033894817379064,17.033894817379064,16.802464334261742,16.846708297729492,11410796
2010-08-27,16.867136329650968,16.982850940704704,16.67994973564269,16.962430953979492,9445394
2010-08-30,16.979451667598575,17.047519661939972,16.84331703186035,16.84331703186035,8679241
2010-08-31,16.744618842443284,16.82970417599454,16.683358863466562,16.792266845703125,14662985
2010-09-01,16.921589499933106,17.224490702710114,16.921589499933106,17.108776092529297,14708420
2010-09-02,17.08835705866901,17.23129968984218,17.08835705866901,17.2244930267334,10352230
2010-09-03,17.336802512262626,17.353819845395392,17.10196926798528,17.268735885620117,9947478
2010-09-07,17.187043531983182,17.285740753639274,17.139395571019726,17.183639526367188,9685702
2010-09-08,17.183647731646925,17.31637966106949,17.136001100875365,17.170034408569336,11613589
2010-09-09,17.340201276149866,17.466126526773383,17.340201276149866,17.387847900390625,10887245
2010-09-10,17.442301211115147,17.558015785554062,17.387846577467784,17.540998458862305,9255315
2010-09-13,17.62608675610888,17.62608675610888,17.435497535139113,17.510372161865234,10166945
2010-09-14,17.500163422146457,17.57163404965065,17.39465813168282,17.49675941467285,11609421
2010-09-15,17.479744945376936,17.612476895313176,17.40827431170181,17.581846237182617,9559608
2010-09-16,17.496760893951063,17.622686181070335,17.357223634618986,17.564828872680664,11555857
2010-09-17,17.622687458764997,17.673738108277448,17.537603493892362,17.575040817260742,15078366
2010-09-20,17.561420667131742,17.830287136362433,17.537596679164917,17.786043167114258,11174031
2010-09-21,17.82008208366959,17.82008208366959,17.61247684581839,17.748611450195312,11983535
2010-09-22,17.769031287326214,17.843905927923913,17.649912663915718,17.694156646728516,10671530
2010-09-23,17.544401207853184,17.6737290931982,17.527383882381173,17.561418533325195,8975823
2010-09-24,17.69415335152177,17.809869298597476,17.612473416565738,17.67713737487793,13700500
2010-09-27,17.680543440024962,17.786048739113635,17.626090139548943,17.73159408569336,10238433
2010-09-28,17.769035531124377,17.86092752642574,17.670338224627994,17.826892852783203,9584202
2010-09-29,17.826891058926552,17.891555038218062,17.735000425816388,17.864328384399414,11276574
2010-09-30,17.843901702233687,17.990246941043345,17.731589767934206,17.779237747192383,13436223
2010-10-01,17.881347075500724,17.894960403442383,17.738404426224196,17.894960403442383,9918091
2010-10-04,17.891549974208356,18.007264573130293,17.75541539070209,17.871129989624023,11171947
2010-10-05,17.959615428686906,18.095749993138877,17.932388786385285,18.065120697021484,13040434
2010-10-06,18.027683314215615,18.112767247534784,17.922178046309252,18.031085968017578,10249062
2010-10-07,18.102565683969537,18.116180364855737,17.84731240270203,17.894960403442383,33616924
2010-10-08,17.884746209493752,18.01407550536358,17.837099571079595,17.973234176635742,31929137
2010-10-11,18.003864834945553,18.010671497576144,17.894956879911778,17.973234176635742,10334306
2010-10-12,17.969832985137245,18.24890888160624,17.939202324333078,18.211471557617188,34974364
2010-10-13,18.324717238420142,18.365895823420484,18.225200278426765,18.249221801757812,12724885
2010-10-14,18.259511947631836,18.28010259998794,18.12568089228564,18.259511947631836,12357441
2010-10-15,18.31441899510865,18.44481919101653,18.225197377647,18.245786666870117,16524385
2010-10-18,18.24921623676517,18.4173641204834,18.204605434537754,18.4173641204834,12793247
2010-10-19,18.26294758892275,18.34187389049173,18.015873356114778,18.142841339111328,15452063
2010-10-20,17.90606195008019,18.03303130347721,17.731050912895014,17.988420486450195,22703210
2010-10-21,18.07764123559381,18.21833677747175,18.01244112870631,18.13254737854004,15314298
2010-10-22,18.17029138632237,18.17029138632237,17.964395779593325,18.03645896911621,7370571
2010-10-25,18.13597253581596,18.266374072701414,18.002140133417367,18.019298553466797,13040017
2010-10-26,17.978116452482023,18.081064224243164,17.954094941961497,18.081064224243164,8310129
2010-10-27,17.960967672364067,17.960967672364067,17.511428645928667,17.72075653076172,20438933
2010-10-28,17.78938430406706,17.88890124647023,17.62466862901845,17.758501052856445,13601709
2010-10-29,17.76879349851536,17.796245881319965,17.47710852081308,17.61094093322754,21343268
2010-11-01,17.700160670899876,17.720751321575523,17.267780197453387,17.36386489868164,20652980
2010-11-02,17.429064881744424,17.521718716735766,17.401612499892746,17.459949493408203,15725927
2010-11-03,17.453089013266013,17.56633215161544,17.36386739471704,17.51485824584961,12040850
2010-11-04,17.628097378491656,17.700160562932954,17.40504472970485,17.459949493408203,19313464
2010-11-05,17.453093109258408,17.521725454440382,17.3673037009023,17.473682403564453,13746978
2010-11-08,17.477114080724807,17.477114080724807,17.233470695421463,17.312397003173828,13792414
2010-11-09,17.32268754676405,17.350139930718356,17.120222804697576,17.175128936767578,17928303
2010-11-10,17.11335509546568,17.2163028717041,16.972659619385027,17.2163028717041,15562526
2010-11-11,17.082475662231445,17.209444988480648,17.05159241133748,17.082475662231445,18147770
2010-11-12,17.00698783089199,17.020714028350977,16.636375042851554,16.670690536499023,27260317
2010-11-15,16.777062406510247,16.90059948737463,16.499103633525067,16.52655601501465,28721967
2010-11-16,16.48537683628267,16.550578291558974,16.32066117561363,16.354976654052734,21728845
2010-11-17,16.41331100385919,16.509395692162368,16.372132436369732,16.403017044067383,15338474
2010-11-18,16.447635248152853,16.461361443497623,16.197128772706456,16.34125518798828,25482701
2010-11-19,16.348113210369085,16.38242868807773,16.19712374428974,16.26575469970703,23808462
2010-11-22,16.31722312284892,16.32408621608763,16.032401343040338,16.214275360107422,19252397
2010-11-23,16.18682734983147,16.19712267454476,16.077016464255,16.111331939697266,18675490
2010-11-24,16.20055262573246,16.269184936904956,16.07701555695088,16.114763259887695,15429346
2010-11-26,16.13535564989799,16.13535564989799,16.04613403744775,16.059860229492188,6334306
2010-11-29,16.046132234817726,16.09417526573748,15.853962839461213,15.953479766845703,20689454
2010-11-30,15.816220353109928,15.980937421820908,15.795631060561481,15.960348129272461,18827011
2010-12-01,16.09075325047062,16.186838009143656,16.028983989837197,16.131933212280273,20241767
2010-12-02,16.17996611955041,16.35154624485949,16.1525137360326,16.337820053100586,18602543
2010-12-03,16.324089779154317,16.351543522262347,16.16966810133638,16.25545883178711,15885577
2010-12-06,16.30007432686585,16.30007432686585,16.059861849374904,16.101041793823242,22962276
2010-12-07,16.179967544354422,16.207419930289685,16.0598613096454,16.09074592590332,19987078
2010-12-08,16.104471952287426,16.13878879851303,15.922597851105355,16.03584098815918,22138599
2010-12-09,16.08044759371384,16.197122940455458,16.042701252188266,16.1731014251709,16280325
2010-12-10,16.20742273713417,16.35841361425011,16.166244151099857,16.34125518798828,18346394
2010-12-13,16.361838118615438,16.389291862791172,16.173100959773716,16.2932071685791,20677574
2010-12-14,16.29663828681731,16.488807678222656,16.248596621046584,16.488807678222656,18408712
2010-12-15,16.5025411270247,16.59862586498989,16.38929932581839,16.512836456298828,16467695
2010-12-16,16.529982176758192,16.68440382493592,16.409877359838326,16.663814544677734,15183618
2010-12-17,16.684407465718117,16.684407465718117,16.457922605133977,16.60891342163086,21597332
2010-12-20,16.663818001765254,16.73588117969963,16.516259416394313,16.564302444458008,12841392
2010-12-21,16.533422218744864,16.61921160910923,16.423611307980323,16.47165298461914,16193622
2010-12-22,16.512832763351703,16.53685291934974,16.403021853687115,16.416748046875,14680492
2010-12-23,16.37900360179872,16.481951435411606,16.37214050383531,16.406455993652344,10838891
2010-12-27,16.39958564425851,16.403017873803478,16.231437772262577,16.25889015197754,13794706
2010-12-28,16.310365046966034,16.31722814231595,16.20741725255598,16.2623233795166,15750938
2010-12-29,16.245168766950602,16.317231967097097,16.214284148555937,16.272621154785156,9659025
2010-12-30,16.289779288158904,16.3687055838536,16.255463803978945,16.324094772338867,9403710
2010-12-31,16.279477352927607,16.53341592526947,16.279477352927607,16.440763473510742,11564402
2011-01-03,16.57116830108291,16.57116830108291,16.392725077097225,16.409883499145508,19050229
2011-01-04,16.485374807519246,16.58145949948547,16.40301766940063,16.564302444458008,18826386
2011-01-05,16.54714402526938,16.753039598888257,16.495670131864657,16.564302444458008,28342643
2011-01-06,16.64322853779032,16.68440710640565,16.39615439777606,16.529985427856445,32471030
2011-01-07,16.51969318094795,16.626071842983386,16.481945473722053,16.59861946105957,21604419
2011-01-10,16.57459641283079,16.62263944091822,16.406448542847123,16.451059341430664,29427887
2011-01-11,16.53342205313353,16.53342205313353,16.354978813368003,16.416748046875,15640475
2011-01-12,16.562212768583645,16.565675482455536,16.461772037105224,16.479089736938477,19803251
2011-01-13,16.55527746916788,16.55527746916788,16.368251088139413,16.406349182128906,14638599
2011-01-14,16.39943349699819,16.43753161681139,16.202016092222927,16.240114212036133,23048979
2011-01-18,16.226255829721495,16.371720083670382,16.15005961249854,16.347476959228516,23327845
2011-01-19,16.371723853124912,16.524116322657928,16.350943437322613,16.392505645751953,19433306
2011-01-20,16.402889947039018,16.61069679260254,16.385573627791594,16.61069679260254,23437266
2011-01-21,16.662645209292027,16.683425614374613,16.56220589631418,16.596839904785156,17318049
2011-01-24,16.589917183732535,16.693820611526746,16.579526290223367,16.683429718017578,15529179
2011-01-25,16.679966200065145,16.693819806192806,16.551818278147827,16.61069679260254,20015840
2011-01-26,16.6764976504466,16.69381534188718,16.19161605834961,16.19161605834961,43138183
2011-01-27,16.1639120823997,16.205474278334982,15.966496126386184,16.063472747802734,37021884
2011-01-28,16.056541079344758,16.1050286869487,15.703268716648973,15.755220413208008,36420800
2011-01-31,15.879914105569076,15.904157233964899,15.609764587804351,15.640935897827148,34672780
2011-02-01,15.647864834020998,15.741377400002067,15.613229428467031,15.665181159973145,27734473
2011-02-02,15.679030536713418,15.859128798471975,15.62361473375547,15.838348388671875,26265527
2011-02-03,15.848740761008147,15.98035141218187,15.800251756791846,15.931863784790039,17199250
2011-02-04,15.942256460325828,16.001134993663104,15.838353004221844,15.973427772521973,20698416
2011-02-07,15.987273409104864,15.987273409104864,15.734441700235298,15.824491500854492,23649854
2011-02-08,15.789855692550178,15.84180738877061,15.734439907397231,15.796782493591309,20216132
2011-02-09,15.744834788628696,15.855665010205744,15.706736684832798,15.772541999816895,15826594
2011-02-10,15.741366811035453,15.821027088763506,15.717122318821527,15.755220413208008,16327428
2011-02-11,15.710207678141458,15.810648436874002,15.682500452349712,15.7794771194458,17146936
2011-02-14,15.83488931558644,15.94918228417292,15.793327109607544,15.924939155578613,17675698
2011-02-15,15.945711173283426,16.20893237296626,15.824490086847213,16.19161605834961,25261567
2011-02-16,16.19854662778743,16.222789749255142,15.987275699631063,16.021909713745117,19071697
2011-02-17,16.01152278564431,16.077328111508347,15.952644263722568,16.042694091796875,14300542
2011-02-18,16.056545117685616,16.24010745787513,16.028837906371937,16.236644744873047,20295540
2011-02-22,16.09465262427076,16.33709361854982,16.09465262427076,16.267824172973633,23800125
2011-02-23,16.233185838838295,16.27474666908056,16.053086154139095,16.094648361206055,21472072
2011-02-24,16.115425594135573,16.35440376290111,16.05308298425781,16.347476959228516,27052730
2011-02-25,16.37518265423576,16.531037787641765,16.281670124921877,16.499866485595703,24082951
2011-02-28,16.579525110898814,16.818503253191526,16.51025708184605,16.6591854095459,25209045
2011-03-01,16.690360429116897,16.728458545137904,16.427139084716746,16.451383590698242,19163610
2011-03-02,16.361334189396903,16.51372528076172,16.3405537737778,16.51372528076172,15155481
2011-03-03,16.596848749103053,16.76309483200291,16.56914152756133,16.745777130126953,17471655
2011-03-04,16.718063067578576,16.953577107960744,16.71459897789098,16.863527297973633,23068153
2011-03-07,16.93626313578502,16.93626313578502,16.721529455857077,16.797725677490234,14466861
2011-03-08,16.794260828503074,16.91548057278893,16.78040584529318,16.866992950439453,11799500
2011-03-09,16.88085091974831,17.01592568215467,16.81850829807624,16.99514389038086,13483326
2011-03-10,16.905093205866457,16.950118120756553,16.763091657122665,16.797725677490234,19423510
2011-03-11,16.738847688044746,16.884311955050073,16.634944246805354,16.783872604370117,14923927
2011-03-14,16.731921660135267,16.73538437403083,16.614164604843136,16.70075035095215,12797624
2011-03-15,16.465234029378568,16.555283854115658,16.323232488587347,16.503332138061523,26149646
2011-03-16,16.458311047927857,16.46523785322211,16.105038470622,16.177770614624023,21944560
2011-03-17,16.344016830138052,16.38211494798304,16.19162573558286,16.368261337280273,18798249
2011-03-18,16.475625359798165,16.74231214993033,16.44791814200636,16.5933837890625,19049604
2011-03-21,16.669573204676666,16.704208592451877,16.56566979499929,16.634939193725586,12221759
2011-03-22,16.607234079482772,16.679966200065145,16.503330656701014,16.61069679260254,13636307
2011-03-23,16.607242044576562,16.634949270120703,16.375190588581965,16.621095657348633,12868487
2011-03-24,16.673034322462556,16.673034322462556,16.531032837636587,16.662643432617188,14031888
2011-03-25,16.704208592451877,16.704208592451877,16.492937683589957,16.634939193725586,17943518
2011-03-28,16.669578056111927,16.69035846873041,16.624553140359616,16.65226173400879,9457065
2011-03-29,16.63148689868123,16.75617218017578,16.589926056066453,16.75617218017578,15344102
2011-03-30,16.832359376846057,17.026312640854552,16.80811625146335,16.95704460144043,19547103
2011-03-31,16.977828787685496,17.126757170771544,16.905096641719002,16.988218307495117,20532097
2011-04-01,17.022842360921963,17.10942806011593,16.988206979785282,17.099037170410156,13283035
2011-04-04,17.317236238999705,17.480018137659698,17.230650532808976,17.40382194519043,21573989
2011-04-05,17.438465599841674,17.483490518853028,17.310317647515163,17.31378173828125,14296582
2011-04-06,17.3310967753443,17.57007496207947,17.327634061659843,17.552757263183594,16846394
2011-04-07,17.507724601995363,17.54235998446422,17.36572449043915,17.4869441986084,12180492
2011-04-08,17.504261889842827,17.55967629887473,17.42806570060004,17.4869441986084,12129012
2011-04-11,17.49041423481971,17.6774406825445,17.45577884057384,17.632415771484375,15596915
2011-04-12,17.601239073439128,17.819436758388093,17.525042881638033,17.67397117614746,21058358
2011-04-13,17.677476983679423,17.841804671299865,17.593564647684254,17.63901710510254,15226136
2011-04-14,17.632014598011136,17.883751464248434,17.579569591282233,17.83130645751953,16117549
2011-04-15,17.97816188648275,18.17045988778871,17.869774830540447,18.145986557006836,27354106
2011-04-18,18.034093049989732,18.037590032493384,17.782357566246876,17.929203033447266,21947061
2011-04-19,17.8522895394064,17.91172713887555,17.799844516939622,17.862777709960938,16817424
2011-04-20,18.11800862149349,18.173950622396756,17.499157967808248,17.761383056640625,27179033
2011-04-21,17.733415776129487,18.516594193085524,17.70544407595745,18.111019134521484,38577949
2011-04-25,18.006130453278384,18.065568062089007,17.72642315952953,17.94319725036621,16016465
2011-04-26,17.890756177193904,18.125009680254795,17.827821570461985,18.100536346435547,15214673
2011-04-27,18.09703190885358,18.268352124527183,18.041091294706114,18.243877410888672,14614423
2011-04-28,18.198428166503987,18.303318218358797,18.15647131182319,18.282339096069336,12604627
2011-04-29,18.29283233906585,18.313810075679434,18.145986792872332,18.194934844970703,11901000
2011-05-02,18.257860854188227,18.436173616353237,18.2159040108038,18.387224197387695,15979158
2011-05-03,18.285841851520985,18.495622021445936,18.233396809039746,18.478139877319336,21484785
2011-05-04,18.485124971782,18.530577416187185,18.453659070953638,18.509599685668945,14542935
2011-05-05,18.474637547990717,18.509600433600557,18.303317323655424,18.38023567199707,13459983
2011-05-06,18.443172068882138,18.485127535737995,18.289332577280934,18.362756729125977,11868070
2011-05-09,18.35925808596227,18.443170401988187,18.27185017629673,18.41170310974121,12066486
2011-05-10,18.450168984239816,18.499117040412447,18.39422695871544,18.47464370727539,8197374
2011-05-11,18.495616344465667,18.6529514236175,18.474638611891717,18.54806137084961,15968112
2011-05-12,18.548064310068572,18.7928073420108,18.443174240679284,18.71588897705078,16783451
2011-05-13,18.68091703283674,18.964119826065048,18.61448686812003,18.701894760131836,16772197
2011-05-16,18.69840488587142,18.94664487619566,18.670434574256916,18.88021469116211,15205502
2011-05-17,18.845253437343004,18.845253437343004,18.56904309105881,18.705400466918945,14245727
2011-05-18,18.754343324624873,18.86273035435364,18.719380439179165,18.817277908325195,14587953
2011-05-19,18.86972334351935,18.88021290433116,18.572535335995724,18.677425384521484,12759900
2011-05-20,18.67043243580108,18.84874523676743,18.506104789040158,18.708890914916992,15512088
2011-05-23,18.51659602415762,18.701901432893894,18.47464055459788,18.617990493774414,12916424
2011-05-24,18.677425239069635,18.719380702193973,18.52708274469364,18.645957946777344,9291580
2011-05-25,18.638969144002754,18.65994687981294,18.43268460045671,18.52009391784668,12604419
2011-05-26,18.50260352969293,18.56204111627936,18.02710144710377,18.229888916015625,37938933
2011-05-27,18.22289968416344,18.26835212811618,17.9606745805507,18.023609161376953,19484785
2011-05-31,18.152981875700657,18.27884970264234,18.058579963070446,18.268360137939453,23704877
2011-06-01,18.25786704894897,18.34527496831863,18.09353938219101,18.152976989746094,13972697
2011-06-02,18.138996235471613,18.138996235471613,17.845305087850605,17.91872787475586,18527928
2011-06-03,17.803337634431703,17.932702375830726,17.698447604086084,17.85927963256836,13345352
2011-06-06,17.862785484258485,17.911734934477032,17.789362698829304,17.83831214904785,12280742
2011-06-07,17.93620395933624,18.1005316230337,17.88026194685075,17.964174270629883,14986870
2011-06-08,17.918719355327706,18.044587128735735,17.883756471019367,18.016616821289062,11992288
2011-06-09,18.027104991632562,18.219404330073438,17.960674816497715,18.016616821289062,14454356
2011-06-10,17.953681724145806,17.995638574009142,17.79634666442871,17.79634666442871,15587536
2011-06-13,17.915222697561035,18.055077017132284,17.887252389605994,17.97116470336914,16107962
2011-06-14,18.08654685738684,18.08654685738684,17.880263706448574,17.932708740234375,17939975
2011-06-15,17.876753180054394,18.06205984498085,17.84528729553795,17.939687728881836,14045436
2011-06-16,17.939687728881836,17.981643168168613,17.862768033625468,17.939687728881836,13556273
2011-06-17,18.11101865093609,18.257865555749333,18.05507803188198,18.069063186645508,18297207
2011-06-20,18.0725666576435,18.24388696301693,18.0271141899017,18.187946319580078,11616090
2011-06-21,18.25785971360304,18.34876458037635,18.198422129927824,18.2718448638916,11158816
2011-06-22,18.2124126940097,18.303317587805257,18.198427539563934,18.20891571044922,9505211
2011-06-23,18.097034976218723,18.191435473542025,17.90473699764619,18.152976989746094,14430388
2011-06-24,18.138989343293428,18.138989343293428,17.9956408089928,18.093538284301758,10831388
2011-06-27,18.125007430767536,18.229897502370495,18.05508164296449,18.145986557006836,9557107
2011-06-28,18.23689283372938,18.30682002198525,18.18794477487929,18.268360137939453,10601292
2011-06-29,18.2858364111812,18.29282898877172,18.17395377983474,18.236886978149414,11291163
2011-06-30,18.439673893710705,18.45715603205362,18.29282837930414,18.39771842956543,12069404
2011-07-01,18.37324287774265,18.565542221069336,18.317302261428008,18.565542221069336,11558566
2011-07-05,18.565535795429632,18.63546154162123,18.506098216217993,18.58651351928711,10492497
2011-07-06,18.6249795956806,18.68441719474534,18.586519727480233,18.628475189208984,7447895
2011-07-07,18.70189728832405,18.740357155179776,18.614489384496114,18.719379425048828,10280325
2011-07-08,18.61798763802778,18.687913409901682,18.50610501313147,18.645957946777344,10738850
2011-07-11,18.5096049675507,18.60400547676981,18.478137667844862,18.593517303466797,11195498
2011-07-12,18.555047827261372,18.7228724122857,18.446660826537812,18.631967544555664,15136098
2011-07-13,18.723700375235893,18.818958870502737,18.55787914854824,18.617856979370117,14600667
2011-07-14,18.607277195310225,18.815436679101406,18.59669369433198,18.75545883178711,13061901
2011-07-15,18.801325207089207,18.84719078669084,18.62844779264124,18.71312141418457,11707795
2011-07-18,18.674307434187664,18.709588098612173,18.441450841393234,18.536710739135742,11167778
2011-07-19,18.561407130712166,18.67077929792343,18.448507598204593,18.660194396972656,12320967
2011-07-20,18.769579205664346,18.78369148141617,18.31445200127456,18.487329483032227,18696957
2011-07-21,18.624919240851863,18.727235305206033,18.554356486212136,18.646087646484375,14571905
2011-07-22,18.674307926377367,18.70958859173175,18.58257679392504,18.681364059448242,10342643
2011-07-25,18.59316192115281,18.76956806844096,18.51907181615234,18.550825119018555,14621301
2011-07-26,18.586100771309226,18.586100771309226,18.395582408061497,18.40969467163086,12220717
2011-07-27,18.33208039429383,18.40969785735672,18.257990296468343,18.28621482849121,14421426
2011-07-28,18.289745161203047,18.388532441842038,18.190957880564056,18.212127685546875,10355148
2011-07-29,18.127449679473315,18.20506854484192,18.04983081410471,18.106281280517578,16997499
2011-08-01,18.21212667214838,18.21212667214838,17.693493127019824,17.806392669677734,19402251
2011-08-02,17.73934893967202,17.79932674488742,17.59469617340832,17.711124420166016,20054606
2011-08-03,17.665268622943955,17.767583263878738,17.414772367770894,17.742887496948242,20149854
2011-08-04,17.594708472614915,17.753473609613007,17.19603194705027,17.206615447998047,33477282
2011-08-05,17.386553585207583,17.898129764203794,17.093719027994414,17.721723556518555,35718633
2011-08-08,17.393599609605953,17.6864325940502,16.779707710175433,16.956113815307617,38377866
2011-08-09,17.114888666235153,17.256012789441176,16.331646346239516,17.13252830505371,40628804
2011-08-10,17.121938695115034,17.150163229182642,16.49393439692465,16.54332733154297,28365152
2011-08-11,16.54685737960255,17.587650477904173,16.448070100192897,17.421829223632812,29894956
2011-08-12,17.65468743769723,17.65468743769723,17.21720144171502,17.510034561157227,20827220
2011-08-15,17.64410585890022,17.686442675048532,17.407721795743367,17.608823776245117,14392664
2011-08-16,17.55589766684085,17.788754305050485,17.368908005125075,17.66526985168457,15011255
2011-08-17,17.679378716250625,17.824031544548628,17.50650135634254,17.693490982055664,10360984
2011-08-18,17.390081664510568,17.527678427990857,17.012573458571268,17.241901397705078,20759066
2011-08-19,17.12546631312455,17.478278604295966,17.11135404588266,17.31598472595215,19531263
2011-08-22,17.598235380263862,17.640572184640376,17.379492419256298,17.421829223632812,15758233
2011-08-23,17.432415439278586,17.848732990469102,17.421830536121476,17.820507049560547,16419341
2011-08-24,17.739362917974084,18.035724813905876,17.69349733637042,18.032196044921875,14460400
2011-08-25,18.078050336792753,18.078050336792753,17.55588962791574,17.619396209716797,13869737
2011-08-26,17.49944522344002,17.735829182001677,17.157217868809667,17.693490982055664,17198416
2011-08-29,17.84520263890202,18.078057864921423,17.79580970112322,18.067474365234375,9571905
2011-08-30,18.011026842368686,18.30033259007405,17.83814942801733,18.254467010498047,14993331
2011-08-31,18.346193359274842,18.56493629584776,18.272103258626604,18.526126861572266,22035431
2011-09-01,18.4873238043446,18.667257368708604,18.282693063735113,18.325031280517578,14314923
2011-09-02,18.22624076089101,18.254465298743014,17.993385518549584,18.007497787475586,10891622
2011-09-06,17.552368119714355,18.113338437680138,17.432412449651657,18.0956974029541,16495415
2011-09-07,18.28621089546773,18.508481141138,18.19800714807088,18.4520320892334,13351188
2011-09-08,18.342672176604815,18.406178804868564,18.138041421960175,18.14862632751465,18484577
2011-09-09,18.03218961414342,18.039245747063614,17.721715558062055,17.792278289794922,18438308
2011-09-12,17.66174191739123,17.82756318415488,17.510032919816243,17.820507049560547,15190913
2011-09-13,17.852253809618972,17.922816532216352,17.73935429498159,17.845197677612305,12012505
2011-09-14,17.93693202207311,18.138033924226086,17.629986718254155,17.96515655517578,14342226
2011-09-15,18.12039457106436,18.16626013932727,17.943988431396928,18.0956974029541,13929762
2011-09-16,18.198012353933642,18.409699164193853,18.10628261834776,18.406171798706055,21048770
2011-09-19,18.13803404718444,18.395586419819676,18.099226015170668,18.34266471862793,14116924
2011-09-20,18.430867354015486,18.76956594027979,18.38147302126165,18.617856979370117,15588162
2011-09-21,18.656672322729424,18.797796427754108,18.24741087537338,18.254467010498047,15926428
2011-09-22,17.908707482663026,17.98985371657011,17.622929176240763,17.884010314941406,26280742
2011-09-23,17.898124691584787,18.07100208095556,17.77816900926756,17.979270935058594,21420800
2011-09-26,18.046301613130563,18.088638406735356,17.71465778643663,17.905176162719727,20730930
2011-09-27,17.848729693741923,18.229765099050887,17.792279224882652,18.06394386291504,16555857
2011-09-28,18.141563376669154,18.328553019326517,17.933403930855018,17.96162986755371,12245727
2011-09-29,18.152151732902247,18.44851220312715,18.074532846637968,18.293275833129883,15518133
2011-09-30,18.173318603281935,18.434398377041205,18.04277801513672,18.04277801513672,17204252
2011-10-03,17.95457210704159,18.243876361106704,17.679378716250625,17.693490982055664,23510838
2011-10-04,17.53473263695757,17.852262947379018,17.273652814014607,17.81698226928711,22509379
2011-10-05,17.869903527348455,18.056893220215706,17.69349733637042,18.032196044921875,15107753
2011-10-06,18.056884765625,18.10627909308526,17.873422525111007,18.056884765625,52921009
2011-10-07,18.201538728546833,18.346191550207703,18.130976000228383,18.180370330810547,59821175
2011-10-10,18.416763056288406,18.564943313598633,18.335615389159955,18.564943313598633,22854940
2011-10-11,18.54377150144454,18.65667105831906,18.45909648315584,18.593164443969727,48235723
2011-10-12,18.610969356101364,18.821042237016503,18.578924172436967,18.632333755493164,13444352
2011-10-13,18.703543337990222,18.70710454296064,18.450744494058824,18.5682430267334,10081075
2011-10-14,18.657256940353484,18.785436262413313,18.62521175598269,18.774755477905273,9486661
2011-10-17,18.66081421463736,18.78187251638355,18.49346874864433,18.52907371520996,13514798
2011-10-18,18.497034642776864,18.803241702578052,18.347492318419775,18.67150115966797,15050229
2011-10-19,19.77171099217175,19.800196391892474,18.856650965525784,18.95990753173828,78108378
2011-10-20,19.04891956559881,19.362247620637007,18.97770819363719,19.244749069213867,36511046
2011-10-21,19.43345352352073,19.4583762935834,19.08808037752559,19.177093505859375,27857024
2011-10-24,19.073845786835285,19.16997994609853,18.95634722291474,19.031118392944336,22367862
2011-10-25,19.04534914235934,19.16996862912208,18.84951973352316,18.86732292175293,20117757
2011-10-26,19.041784868146813,19.137918948010313,18.89580243915225,19.102313995361328,17623385
2011-10-27,19.269660766375083,19.333751101123752,19.10587514169659,19.273221969604492,21076907
2011-10-28,19.301711359874083,19.372922705678018,19.120123914268188,19.30527114868164,15620884
2011-10-31,19.066717213034067,19.372924183296227,19.066717213034067,19.180654525756836,16954148
2011-11-01,18.853086291216,19.048915755663604,18.753390956579004,18.78543472290039,18391622
2011-11-02,18.97413989349101,19.041790029572418,18.76406707736391,18.828157424926758,13003960
2011-11-03,18.913612877816227,19.21269884105451,18.910051673474126,19.169971466064453,14446644
2011-11-04,19.077395455100312,19.09875843299903,18.81747568544199,18.98838233947754,10694664
2011-11-07,18.913612140743084,19.13436575408257,18.87444597162145,19.095199584960938,11951021
2011-11-08,19.127247467015046,19.340880117593308,19.045353912983053,19.319517135620117,13460609
2011-11-09,19.105880213160194,19.14148659321529,18.74626653181822,18.84952163696289,14403501
2011-11-10,18.959899376646373,19.258983913970283,18.927854200383674,19.209136962890625,11266986
2011-11-11,19.351560959872966,19.440575508167438,19.301714001783534,19.415651321411133,10284702
2011-11-14,19.412086594641657,19.43701077687582,19.212697383037124,19.31239128112793,9980409
2011-11-15,19.383605280628256,19.504663588897504,19.269667966055838,19.40496826171875,13053981
2011-11-16,19.326638941789234,19.362243913240807,19.12012727652364,19.145050048828125,11433097
2011-11-17,19.0809570343393,19.21269752377298,18.831718041017808,19.01686668395996,11980200
2011-11-18,19.084518061074327,19.198455368255605,19.016867917631355,19.056034088134766,12601917
2011-11-21,18.78542881704515,18.974138643358902,18.73202066940259,18.788990020751953,13070238
2011-11-22,18.7605037689209,18.878000830176997,18.66792946888724,18.7605037689209,10992705
2011-11-23,18.692854401846574,18.835275645510094,18.625202860298174,18.639446258544922,12078158
2011-11-25,18.586042892135776,18.689298001859846,18.532634735107422,18.532634735107422,4614840
2011-11-28,18.760509260259056,18.956338696621664,18.746267273842466,18.942096710205078,11667570
2011-11-29,19.02399317303382,19.116567521250936,18.870889661047567,18.88869285583496,12504168
2011-11-30,19.283908059921014,19.44057273671429,19.255424087930592,19.42276954650879,20257816
2011-12-01,19.29458750406098,19.508220094352723,19.29458750406098,19.412084579467773,15006878
2011-12-02,19.433453215624503,19.51890513806798,19.209138380652664,19.280349731445312,13350563
2011-12-05,19.387166792501255,19.486862121260316,19.21982131483839,19.337318420410156,12370988
2011-12-06,19.401402940459544,19.51177901899932,19.258980276287133,19.419204711914062,11286161
2011-12-07,19.365797807194745,19.540265652752748,19.248300729462265,19.47617530822754,18115048
2011-12-08,19.433453588104165,19.493982742039993,19.251864710873566,19.291030883789062,13015840
2011-12-09,19.330196263543105,19.49042073775589,19.22337994740125,19.42989158630371,10290746
2011-12-12,19.30883616662843,19.404970299341798,19.15573266293522,19.323078155517578,11226344
2011-12-13,19.351560592651367,19.526027065788423,19.287471647752554,19.351560592651367,13788870
2011-12-14,19.276785088318928,19.390722380008864,19.22337693860731,19.30883026123047,13358900
2011-12-15,19.458369930909345,19.56162642820205,19.429885965624177,19.5438232421875,17019800
2011-12-16,19.56162642820205,19.568747419523344,19.451248939588055,19.5438232421875,22562318
2011-12-19,19.518906071910777,19.558072245949408,19.283910443102155,19.351560592651367,12914756
2011-12-20,19.472615344510942,19.554508882268923,19.447692578206496,19.533145904541016,15898916
2011-12-21,19.490425008532053,19.74678507270041,19.483304013590434,19.73966407775879,21375365
2011-12-22,19.74322649190555,19.885647825092775,19.622168146382872,19.814437866210938,19157982
2011-12-23,19.88563784978961,19.94972819605695,19.775261761179333,19.9461669921875,10969154
2011-12-27,19.874958305941064,20.060106948526872,19.874958305941064,20.02094078063965,7303251
2011-12-28,19.93904820732662,20.070788702892912,19.857156078914276,19.87851905822754,8365777
2011-12-29,19.871398509218253,20.077910144707687,19.871398509218253,20.056547164916992,9254689
2011-12-30,19.96397142314289,20.095711912323015,19.96397142314289,20.02094078063965,8582326
2012-01-03,20.14556140375251,20.23813573672712,19.96041415322639,20.195409774780273,17693206
2012-01-04,20.198970921407994,20.23813709686973,20.020944652575093,20.11707878112793,13370154
2012-01-05,20.120637705887432,20.14912167920525,20.00670039719311,20.070789337158203,13119425
2012-01-06,20.11351887785231,20.120639871948367,19.867841042980388,19.889204025268555,11986244
2012-01-09,19.939049256828287,19.953292659209836,19.77526499138273,19.88564109802246,10789496
2012-01-10,20.010261350823875,20.035185536639176,19.92124822131325,19.97821617126465,12191955
2012-01-11,19.985401687343977,19.98899219231797,19.809429825077796,19.902801513671875,13866194
2012-01-12,19.985404873720732,20.068003632925805,19.795066678303453,19.809432983398438,15528762
2012-01-13,19.76274666184882,19.945900993161796,19.730424973349724,19.906396865844727,14115882
2012-01-17,20.078770444255685,20.197281352482413,20.00335272454175,20.00694465637207,15592747
2012-01-18,19.909981553922904,20.032084397032236,19.80224358322221,19.881250381469727,14803668
2012-01-19,19.85252786089171,19.906396865844727,19.769929100666793,19.906396865844727,13263652
2012-01-20,19.978217696613015,20.0392691251502,19.83097559613037,20.024904251098633,17691538
2012-01-23,20.064403268149754,20.064403268149754,19.920753126293075,20.010534286499023,12147770
2012-01-24,20.003356801040617,20.107504286077948,20.003356801040617,20.103912353515625,15769070
2012-01-25,19.83456802368164,19.913576266260748,19.629866407147993,19.83456802368164,25455190
2012-01-26,19.909981395894544,19.913571900150256,19.655001343575265,19.705278396606445,15182159
2012-01-27,19.70887059034382,19.83456393840964,19.6442272365233,19.75914764404297,13322009
2012-01-30,19.61908783113426,19.637044635408284,19.417976762754385,19.561628341674805,20086078
2012-01-31,19.597543194579817,19.662186556671283,19.378476719693577,19.44671058654785,25874114
2012-02-01,19.486221313476562,19.57241058864802,19.40721305026615,19.486221313476562,29235515
2012-02-02,19.479029447810227,19.59395128945639,19.378475334732812,19.554447174072266,19152147
2012-02-03,19.672960144779054,19.80224687320857,19.62986552039331,19.751968383789062,16573364
2012-02-06,19.658599785163116,19.913579940432868,19.633460534679386,19.892032623291016,16874531
2012-02-07,19.838155268336052,20.060813640375816,19.820198464456183,20.00694465637207,12350563
2012-02-08,20.046449541638072,20.046449541638072,19.888433087725645,19.956666946411133,10981451
2012-02-09,19.924347049766723,19.967441668341078,19.748373788164923,19.845338821411133,11699041
2012-02-10,19.773514674938347,19.805836355376734,19.680141565954592,19.791471481323242,11477699
2012-02-13,19.816615422127732,19.859710054503495,19.787884239574158,19.809432983398438,8062734
2012-02-14,19.809429954405502,19.823794829667605,19.65859590888106,19.780698776245117,11748020
2012-02-15,19.85970103016806,20.0141255341313,19.755555002099516,19.91716194152832,15083576
2012-02-16,19.942303854952097,20.085955449091063,19.848930747052584,20.05722427368164,12493956
2012-02-17,20.186510344336487,20.28347395376938,20.125458918464663,20.240379333496094,16231972
2012-02-21,20.247564455326895,20.2547468929916,20.129052092404912,20.168556213378906,14088995
2012-02-22,20.13982226857698,20.25115074301377,20.10031815582977,20.19369125366211,12921634
2012-02-23,20.17214252649817,20.25474268393179,20.161369586057887,20.215238571166992,14109004
2012-02-24,20.2295991663327,20.376841218184072,20.197277496573882,20.362476348876953,9957482
2012-02-27,20.247565599436726,20.380441417560224,20.154192476883175,20.32657241821289,9876615
2012-02-28,20.358888130189758,20.516904576653673,20.31579351441006,20.484582901000977,12279283
2012-02-29,20.524090709551885,20.542046088876408,20.330162048339844,20.330162048339844,16880575
2012-03-01,20.32656822812416,20.621052411221402,20.319385791534177,20.585140228271484,13641100
2012-03-02,20.570780680008987,20.656971369035936,20.44149536028673,20.61028480529785,11347228
2012-03-05,20.56359545559027,20.64619420038391,20.52768184057344,20.570777893066406,11895998
2012-03-06,20.52409148744789,20.552821237564917,20.215242390781373,20.23678970336914,17748854
2012-03-07,20.272699729158507,20.272699729158507,20.07877250891259,20.204465866088867,15557107
2012-03-08,20.50613288961171,20.73597372575503,20.434307092953407,20.64619255065918,21693206
2012-03-09,20.649783428136214,20.825756704508155,20.617463175310654,20.811391830444336,16453939
2012-03-12,20.757516557695762,20.976582962333957,20.757516557695762,20.91193962097168,14106503
2012-03-13,20.99095067028987,21.1812873612299,20.947856055311842,21.163331985473633,17408712
2012-03-14,21.123833590135416,21.184885025024414,21.062782155246413,21.184885025024414,15118174
2012-03-15,21.14537711193931,21.32494087934084,21.1022824930282,21.227975845336914,16573364
2012-03-16,21.289021210574774,21.447036185318417,21.274654915020395,21.339298248291016,25447061
2012-03-19,21.43268303142665,21.748714581276346,21.43268303142665,21.626611709594727,22666111
2012-03-20,21.504506958435275,21.745120748008418,21.504506958435275,21.691251754760742,14102126
2012-03-21,21.637374119534783,21.734339125234392,21.551183479235863,21.687652587890625,13667153
2012-03-22,21.61583263530309,21.66611111719379,21.540416340102965,21.58710289001465,14070446
2012-03-23,21.569148893750825,21.741530243197833,21.565558388940236,21.691251754760742,13572113
2012-03-26,21.766671367070764,21.903139114379883,21.759487501557015,21.903139114379883,15347020
2012-03-27,21.881587877677248,22.082697529827833,21.881587877677248,22.025238037109375,13449354
2012-03-28,22.043196489798305,22.079108675431236,21.838493462600393,21.9498233795166,14784494
2012-03-29,21.80976258893843,21.921091072475175,21.763076036206115,21.89954376220703,11088787
2012-03-30,21.928282658352593,22.025246302520515,21.917508285606598,22.010881423950195,18351813
2012-04-02,21.95700773310756,22.014467235135463,21.921094116703912,21.992919921875,16959775
2012-04-03,21.964186983830448,22.05037765200214,21.874405811121104,21.95700454711914,13714673
2012-04-04,21.949823258826687,22.47055637200334,21.816946031261338,22.07192611694336,29653397
2012-04-05,22.046790833243918,22.08270302512974,21.942644762956874,22.014469146728516,12295748
2012-04-09,21.83848179404154,22.032410348113217,21.73433579753444,21.89594268798828,12945394
2012-04-10,21.90672076723509,21.910312698540505,21.52245549933832,21.597871780395508,16635890
2012-04-11,21.677559202824547,21.880390317688573,21.58338751093439,21.608741760253906,14080242
2012-04-12,21.663070296320164,21.702912274561598,21.539923148944457,21.63047218322754,13437474
2012-04-13,21.652200990154544,21.6956656152957,21.507322265990894,21.583383560180664,11921634
2012-04-16,21.6304730536408,21.782595667733172,21.619606535557327,21.67755889892578,12043143
2012-04-17,21.717410739179428,21.934729680750404,21.63772674331095,21.887643814086914,12614423
2012-04-18,21.916610827259156,22.115820740017757,21.64134104213257,21.898500442504883,15899541
2012-04-19,21.66669539903401,21.692049651529956,21.384181727815736,21.554414749145508,22913506
2012-04-20,21.507325551334215,21.811572214414184,21.478350090044508,21.688425064086914,18132972
2012-04-23,21.56889402937253,21.710151529547137,21.496453953421163,21.684797286987305,14942059
2012-04-24,21.69566811504621,22.01802370940938,21.69566811504621,21.996292114257812,18150271
2012-04-25,22.036133529944873,22.376599498174023,21.970937306306983,22.311403274536133,19044393
2012-04-26,22.296917284621447,22.485260665519757,22.22809984310384,22.405576705932617,14027720
2012-04-27,22.48526344737506,22.54683703107948,22.43455638308457,22.452665328979492,11533764
2012-04-30,22.362112617558907,22.5468333384191,22.34762488727724,22.478015899658203,12385786
2012-05-01,22.463531427984577,22.66273990802404,22.293298412711682,22.539592742919922,12816382
2012-05-02,22.48888365814918,22.727934100678556,22.48888365814918,22.691713333129883,14596707
2012-05-03,22.662736081643065,22.890921427768433,22.615650239424276,22.836591720581055,18093372
2012-05-04,22.767771204009286,22.79674665996457,22.474389673001905,22.604782104492188,17540225
2012-05-07,22.420066857954684,22.724313558451005,22.420066857954684,22.641008377075195,19780742
2012-05-08,22.539591289536666,22.702580428108156,22.383846016689724,22.67360496520996,13424552
2012-05-09,22.48526277627679,22.51786089369943,22.152040615631734,22.17739486694336,25997707
2012-05-10,22.307790513077812,22.60117075090022,22.293302777857754,22.535974502563477,14424343
2012-05-11,22.478015654612644,22.608406665572137,22.46352792448892,22.47077178955078,9041476
2012-05-14,22.260695763233116,22.470770719717397,22.249829246234693,22.34037971496582,11130888
2012-05-15,22.380222104662902,22.488882964109436,22.318648529545676,22.41644287109375,13527095
2012-05-16,22.543219744435255,22.717074006416663,22.430937637036738,22.655500411987305,13199250
2012-05-17,22.608410191663623,22.74604508915103,22.528726223709363,22.539592742919922,12340142
2012-05-18,22.554077176035303,22.615650749580226,22.2570743860857,22.300539016723633,14998958
2012-05-21,22.311409390998556,22.51061932903368,22.311409390998556,22.38747215270996,12592330
2012-05-22,22.38384787894786,22.583056362715546,22.351249760552292,22.452665328979492,16218216
2012-05-23,22.325894641891274,22.467152189558263,22.108575780817805,22.22810173034668,11987912
2012-05-24,22.307787721132783,22.65912029571066,22.293299987725945,22.60841178894043,14566903
2012-05-25,22.5178575781524,22.76415186935458,22.496125983019144,22.546833038330078,9987703
2012-05-29,22.61927249756414,22.65549182177575,22.405574885100823,22.506990432739258,10048979
2012-05-30,22.416450729079056,22.63014699060885,22.347633264521214,22.380229949951172,12696332
2012-05-31,22.412828075227658,22.503378583200835,22.24259502083549,22.380229949951172,11688620
2012-06-01,22.148414774902864,22.286051090894883,21.862278505085143,21.920230865478516,17083785
2012-06-04,21.92748590531549,21.94921751159571,21.71016696281989,21.811582565307617,17446436
2012-06-05,21.7463777722243,21.89487918329627,21.536302780932992,21.84054946899414,15802835
2012-06-06,21.91298621652872,22.119438523362486,21.69566739255805,22.108572006225586,13629012
2012-06-07,22.224479159106586,22.304161680743597,22.104953216881956,22.166526794433594,16439767
2012-06-08,22.141168491334316,22.420060865619945,22.115815686287124,22.412817001342773,11941226
2012-06-11,22.481640192679087,22.52872604246906,22.271565195119084,22.278810501098633,8332013
2012-06-12,22.28242933883265,22.45266233458842,22.166526053208422,22.441797256469727,8711546
2012-06-13,22.354871815422076,22.420066610622378,22.21361426605215,22.278810501098633,10736348
2012-06-14,22.30778198980651,22.55769892648144,22.231720689039165,22.506990432739258,12803668
2012-06-15,22.60478964312377,22.742424544657958,22.57219152437982,22.637386322021484,16113797
2012-06-18,22.630147250611948,22.76778362115549,22.630147250611948,22.70983123779297,8211755
2012-06-19,22.742419270715118,22.85469989387223,22.72793154126555,22.771394729614258,9409962
2012-06-20,22.764154787925765,22.814863289583954,22.612032162643498,22.75328826904297,10753022
2012-06-21,22.75691100472803,22.861947781643813,22.535969492127983,22.543214797973633,12525219
2012-06-22,22.557709224150873,22.724319631428415,22.496135624959617,22.57219696044922,14003126
2012-06-25,22.42731383998331,22.62652378814012,22.31865439184192,22.499753952026367,11633180
2012-06-26,22.506997984624505,22.66998715803421,22.46715599470039,22.583059310913086,7469154
2012-06-27,22.63738107243689,22.861943758597015,22.62289334298732,22.771394729614258,7436015
2012-06-28,22.695333918896086,22.796749467073273,22.49612547490508,22.7858829498291,8991872
2012-06-29,22.89816594865246,23.350914001464844,22.85470131774995,23.350914001464844,26008128
2012-07-02,23.260369264512622,23.423358430947275,23.180685288074432,23.408870697021484,11760108
2012-07-03,23.350918850653745,23.542883477453536,23.321941944085893,23.48130989074707,6650063
2012-07-05,23.452329635620117,23.524768287633783,23.32193718230353,23.452329635620117,41698416
2012-07-06,23.32193718230353,23.455950848297803,23.245875877766185,23.452329635620117,44201751
2012-07-09,23.484933870576295,23.77107023777294,23.47044613550893,23.763826370239258,48254898
2012-07-10,23.792796844089786,24.01373690387087,23.695002499069478,23.785552978515625,22907253
2012-07-11,23.822058012500435,23.909666220524244,23.70159654507823,23.79285430908203,15024802
2012-07-12,23.657798127240962,23.851265265986523,23.62129385309259,23.774608612060547,16757607
2012-07-13,23.81475610147179,23.909664867199293,23.774602281270493,23.89141273498535,9690288
2012-07-16,23.818415130660757,23.94617720474254,23.760010606131615,23.902372360229492,9152147
2012-07-17,23.902364109933938,24.314852452066702,23.891413990922434,24.26009750366211,12253022
2012-07-18,24.073935696315665,24.38421331449394,24.02648130163946,24.066635131835938,14898916
2012-07-19,24.14328559124025,24.161536272199942,23.938866936013074,24.019174575805664,11503752
2012-07-20,23.94252492366816,23.97537819252749,23.68700224020382,23.74905776977539,14294706
2012-07-23,23.332920379818873,23.66875074042064,23.332920379818873,23.595745086669922,11488537
2012-07-24,23.551931084058833,23.599385466100074,23.183247597090585,23.340211868286133,11446019
2012-07-25,23.435124190612704,23.508131278172385,23.270859331940283,23.405921936035156,11305336
2012-07-26,23.64684442112551,23.72715207566659,23.530033946845702,23.599390029907227,11808879
2012-07-27,23.672388555813068,24.380551709225724,23.672388555813068,24.234539031982422,19158399
2012-07-30,24.150592943999367,24.3331085116058,24.099487540266036,24.311206817626953,11190496
2012-07-31,24.333103828975183,24.41341147589268,24.198042683205255,24.20534324645996,14637140
2012-08-01,24.249146925656373,24.362306383060595,24.114084327101626,24.128686904907227,9149854
2012-08-02,24.311198278619177,24.504665350820126,23.968067506789588,24.216289520263672,14975406
2012-08-03,24.413409313673366,24.62147897579374,24.281997735611636,24.30755043029785,12233014
2012-08-06,24.34770343520084,24.39515781895122,24.21994286066306,24.227243423461914,6775323
2012-08-07,24.227245182983268,24.2454973168638,24.030127070867053,24.103134155273438,9502501
2012-08-08,24.06662898342016,24.16153629741017,23.99362190615839,24.05567741394043,8277616
2012-08-09,23.97537766025124,24.081238029657086,23.931574270155355,23.989978790283203,7844935
2012-08-10,23.97902996747828,24.143294865911688,23.946176697568365,24.132343292236328,6333055
2012-08-13,24.041073302784437,24.103128802859118,23.9753667962981,24.08852767944336,5512922
2012-08-14,24.15423583984375,24.198040666837564,24.055677518559992,24.15423583984375,5730721
2012-08-15,24.179788328157546,24.34040360723711,24.12503338321962,24.245494842529297,7341601
2012-08-16,24.212638884267275,24.274694384866525,24.092177438395854,24.249141693115234,5578783
2012-08-17,24.307551227690837,24.307551227690837,23.979021546201515,24.062978744506836,8464360
2012-08-20,24.084881498711233,24.128686328850726,23.97902260717925,23.993623733520508,6974781
2012-08-21,23.99362851595751,24.073936177957165,23.81841206270663,23.8366641998291,8775323
2012-08-22,23.76730822037624,23.993628627055557,23.752707091057058,23.924272537231445,6578158
2012-08-23,23.946172172084797,24.011877248371146,23.7819073046951,23.847612380981445,7297416
2012-08-24,23.76000249389098,24.05567892615914,23.76000249389098,24.033777236938477,7971863
2012-08-27,24.015531493397177,24.084887586607035,23.935223827105304,23.989978790283203,6196540
2012-08-28,23.927917213869126,24.055679246028717,23.749051239515133,23.993623733520508,5737807
2012-08-29,24.026475743448003,24.09218080856558,23.949817657470703,23.949817657470703,5656732
2012-08-30,23.85855828397482,23.95346704495472,23.785551209886695,23.873159408569336,6302418
2012-08-31,23.909671407912263,24.055684152220078,23.873167133498303,23.924272537231445,8617757
2012-09-04,23.822057770254187,23.971721488457167,23.57018471891541,23.895063400268555,9572530
2012-09-05,23.968067993735204,24.03012349836447,23.851257546720376,24.00092124938965,7666945
2012-09-06,24.081232462027423,24.431663855122302,24.026477511508983,24.42801284790039,12316382
2012-09-07,24.420713265925052,24.544824291230658,24.274699099940808,24.34405517578125,9034598
2012-09-10,24.384206223824165,24.57037274059587,24.333100836211017,24.526569366455078,11429554
2012-09-11,24.552128342146457,24.63973802025292,24.530228099293858,24.577682495117188,9660275
2012-09-12,24.577675109563867,24.77844275395311,24.504666582708758,24.76384162902832,12207586
2012-09-13,24.701788229538572,25.285839080810547,24.701788229538572,25.285839080810547,16552105
2012-09-14,25.256633740504046,25.256633740504046,24.80764408675962,24.920804977416992,14726136
2012-09-17,24.880659525040816,25.256643705199924,24.877011419178526,25.23109245300293,13707586
2012-09-18,25.110625104351623,25.231085118595573,25.044918586679888,25.154428482055664,10854940
2012-09-19,25.2091883079691,25.406307910475675,25.19823818635165,25.31505012512207,11461651
2012-09-20,25.23838886215853,25.5012149810791,25.179984347834793,25.5012149810791,11779491
2012-09-21,25.515815536329907,25.54866880045678,25.413604736328125,25.413604736328125,19436640
2012-09-24,25.40629452315765,25.47200102270384,25.31138577986439,25.409942626953125,8572322
2012-09-25,25.479308156449413,25.701978962932344,25.38805039044335,25.395349502563477,14805336
2012-09-26,25.395345891417442,25.46470340896923,25.220132398671762,25.256633758544922,11930179
2012-09-27,25.293146100686908,25.424559164457857,25.205539326327592,25.304096221923828,7479992
2012-09-28,25.31138523559818,25.31138523559818,24.971902629319565,25.02665901184082,25240725
2012-10-01,25.001109612272,25.395342825587377,24.931752103093338,25.21647834777832,11205294
2012-10-02,25.340592032468937,25.40629854240983,24.971907116817814,25.01936149597168,14995415
2012-10-03,25.099675822920613,25.548668492419875,25.02667018253657,25.49026107788086,19096290
2012-10-04,25.530413391281204,25.935599727253848,25.512161257747326,25.837039947509766,14207586
2012-10-05,25.986703288481372,26.249526447036853,25.975750267794435,26.140016555786133,13432889
2012-10-08,26.088916026072134,26.121769289790745,25.86259708984945,26.034162521362305,7843476
2012-10-09,25.94655446242692,26.09986776781595,25.829745430599832,25.880847930908203,13508962
2012-10-10,25.92464601357,25.92464601357,25.555961093551893,25.687374114990234,8959358
2012-10-11,25.797690022325348,25.87858394797159,25.518237481887716,25.525592803955078,10342018
2012-10-12,25.59544522130575,25.790326110153572,25.44101274351818,25.474105834960938,12070446
2012-10-15,25.555002932637837,26.511016274088973,25.481464344347238,26.492633819580078,32805544
2012-10-16,26.511021689180293,26.647071759580154,26.28305055720531,26.52205467224121,14045852
2012-10-17,26.397045694317473,26.45587659504003,25.128486126113355,25.385875701904297,44251563
2012-10-18,24.297481716922356,24.565901270630366,23.723871846504508,24.50339126586914,70934556
2012-10-19,24.77548876033454,24.786521744061947,24.253358798444122,24.32322120666504,24333681
2012-10-22,24.14303983901341,24.26805688426596,23.99963741826761,24.19819450378418,23650896
2012-10-23,23.944482348058287,24.216579469231604,23.80107992974064,24.032730102539062,20737182
2012-10-24,24.0805363197749,24.304832685243905,23.856239954305895,24.10627555847168,15727803
2012-10-25,24.245992810429527,24.37836369988737,24.069497316679854,24.18716049194336,17814298
2012-10-26,24.20187896997754,24.231294409672202,23.874627087391556,24.076860427856445,17067111
2012-10-31,24.198198804710245,24.304831955131224,23.97758010641496,24.084213256835938,14188203
2012-11-01,24.17981004058241,24.371013275457475,24.043762934268106,24.065824508666992,14941851
2012-11-02,24.223936332182305,24.25335176675552,23.863592873532976,23.88565444946289,13617132
2012-11-05,23.81947175666895,23.96287421382861,23.790056317777537,23.91507339477539,9482493
2012-11-06,23.926102446827922,24.010672555770558,23.81579310065607,23.834177017211914,11469571
2012-11-07,23.66871084097364,23.889329513211894,23.315721257734253,23.723865509033203,24128595
2012-11-08,23.767996648727532,23.8562429724937,23.33778924267487,23.341466903686523,17642559
2012-11-09,23.591497616138415,23.959194963006052,23.415002071084768,23.84153175354004,19119842
2012-11-12,23.88933124481882,24.018025966855863,23.834176572761397,23.852561950683594,13703627
2012-11-13,23.76431039527191,24.036407513630703,23.760634197298916,23.782695770263672,12303668
2012-11-14,23.801084811124984,23.926103341609796,23.374556590123937,23.43706512451172,14034181
2012-11-15,23.470151206222226,23.510598153320995,23.139223233641996,23.238502502441406,13172363
2012-11-16,23.22011979848936,23.319399078707328,23.080395028229713,23.12084197998047,17783243
2012-11-19,23.25689085538946,23.35617014314263,23.03627216488355,23.13555145263672,18098583
2012-11-20,23.09142623022479,23.374554906523237,23.02524150183913,23.194381713867188,17339308
2012-11-21,23.264246711357785,23.341462962469915,23.16496742132,23.28630828857422,9191121
2012-11-23,23.34146136772748,23.712836341479868,23.326753650588053,23.705482482910156,5827845
2012-11-26,23.56208546449697,23.676071029384143,23.356174453793646,23.665040969848633,11596915
2012-11-27,23.580463420519102,23.723865851888213,23.506924836516287,23.554725646972656,10685911
2012-11-28,23.477503391573997,23.749600484782817,23.396610964846793,23.742246627807617,8485619
2012-11-29,23.845207041744494,23.977577956511034,23.74225156099072,23.929777145385742,10914548
2012-11-30,23.944492809829143,24.04744832475497,23.77535254640716,23.90036964416504,13151938
2012-12-03,23.933462021340176,24.018032150478994,23.59885624258075,23.63930320739746,13778449
2012-12-04,23.602534465387546,23.889337963724483,23.554733638713124,23.67607307434082,12975198
2012-12-05,23.635618622293034,23.82682186842962,23.56208003663213,23.731220245361328,10307837
2012-12-06,23.71651428157855,23.82314743123387,23.617236452742212,23.745929718017578,8853897
2012-12-07,23.727547986840896,24.128338461225127,23.60988476853661,24.095245361328125,19290955
2012-12-10,23.926105448911848,24.249679669063106,23.801086907415975,24.021705627441406,15309712
2012-12-11,24.021703744776726,24.396756416451403,24.014349885466185,24.330570220947266,16099000
2012-12-12,24.345276641552726,24.580604512070888,24.220259578229783,24.271738052368164,19106294
2012-12-13,24.271730429815563,24.279084286424535,23.856230953719322,24.01801872253418,14284702
2012-12-14,23.896682275086896,24.098917023165804,23.885652219006495,24.029054641723633,13712797
2012-12-17,24.11362460340679,24.154071552795006,23.911389856465732,23.973899841308594,16745519
2012-12-18,23.948169828799536,24.304837191001116,23.797413490926505,24.242328643798828,21209879
2012-12-19,24.260711358569296,24.290126800093823,23.959198697814433,24.0253849029541,18059400
2012-12-20,24.047437804455917,24.11362398570646,23.937128476844318,24.10259246826172,11484368
2012-12-21,23.977581043004516,24.290123723894673,23.900364787926865,24.286447525024414,31168404
2012-12-24,24.28644983478664,24.28644983478664,24.040091865514906,24.073184967041016,4894331
2012-12-26,24.102594128338108,24.109947986571452,23.863591543190868,23.922422409057617,9052730
2012-12-27,23.88933576770134,24.0768613958583,23.764318682263365,23.918752670288086,10701542
2012-12-28,23.81946846788255,23.90771623408165,23.665035973315987,23.687097549438477,11238850
2012-12-31,23.58046586479975,24.095243314725163,23.536342709824385,24.084213256835938,19018133
2013-01-02,24.753322433295267,24.86827711513026,24.24752709537549,24.56173324584961,20266400
2013-01-03,25.21313578415014,25.580986637446145,25.090518833051473,25.496686935424805,22148200
2013-01-04,25.542670596082473,25.619305097860572,25.174816801974817,25.343416213989258,15820100
2013-01-07,25.30510099691749,25.550334930419922,25.174818825321083,25.550334930419922,13120000
2013-01-08,25.512021023148765,25.718937729826106,25.351086781317324,25.558000564575195,15042300
2013-01-09,25.795565234384718,25.833882482962007,25.358742169082536,25.726593017578125,11313000
2013-01-10,25.826216103932143,26.010140037281438,25.79556114056786,25.9411678314209,9668400
2013-01-11,26.07199593155358,26.07199593155358,25.641052806824806,25.679529190063477,8554700
2013-01-14,25.764184594681463,25.83344327378923,25.50254102200329,25.67184066772461,6848700
2013-01-15,25.541005115799337,25.671828306928273,25.371708487153604,25.410184860229492,12815200
2013-01-16,25.51022796613691,25.517922067188206,25.086979019331896,25.1639347076416,17500300
2013-01-17,25.27936762892932,25.371714468753932,25.140850304752192,25.225500106811523,20270400
2013-01-18,25.240893617962328,25.294761145140548,25.094682177844312,25.19472312927246,14984300
2013-01-22,25.225497560366687,25.394797147395025,25.04850387190956,25.31784439086914,18077900
2013-01-23,25.402499849216394,25.51023785461222,25.102379887372095,25.248594284057617,14987600
2013-01-24,25.12546515714259,25.356326413671464,25.07159762847119,25.240894317626953,17422200
2013-01-25,25.263978537405578,25.33323426150253,25.16393759888829,25.233196258544922,15872000
2013-01-28,25.248583067937446,25.47944424868117,25.20240965756503,25.394794464111328,13671600
2013-01-29,25.371717530736262,25.74109612793375,25.364020492042066,25.648752212524414,14644400
2013-01-30,25.702617594830027,25.702617594830027,25.502535703330928,25.56410026550293,10418800
2013-01-31,25.517925493506198,26.07199478149414,25.479449111964758,26.07199478149414,33862200
2013-02-01,26.102775012609975,26.256683479566746,25.86421967760883,26.064298629760742,18334300
2013-02-04,25.679532482855432,25.902699644039444,25.679532482855432,25.779573440551758,14632500
2013-02-05,25.91809159661847,26.156649907640794,25.895006350105465,26.041217803955078,14138000
2013-02-06,25.91039076923535,26.349030937774444,25.91039076923535,26.24129295349121,13351600
2013-02-07,26.349029321407798,26.464458465576172,26.187423822676507,26.464458465576172,11918500
2013-02-08,26.464459628698794,26.672235620005374,26.387506862537776,26.47985076904297,10237900
2013-02-11,26.48754421392228,26.541414671569573,26.34902982538283,26.364418029785156,7928300
2013-02-12,26.372121203881203,26.54911495128921,26.325947773251105,26.395206451416016,7069100
2013-02-13,26.387509318599307,26.61067647102172,26.356727035045843,26.518329620361328,6688100
2013-02-14,26.379806340360407,26.741490751777874,26.379806340360407,26.703014373779297,8561700
2013-02-15,26.810756386552985,27.010835365571634,26.764582959597803,26.995447158813477,10014100
2013-02-19,27.072391353282878,27.15704114142115,26.741489237229253,26.79535675048828,9585000
2013-02-20,26.7030143028933,26.833834574853082,26.55679995710359,26.564496994018555,7814000
2013-02-21,26.52602353160746,26.541414671569573,26.264380023371096,26.364418029785156,6572700
2013-02-22,26.30285292183255,26.587581634521484,26.172029717261267,26.587581634521484,7902900
2013-02-25,26.626064494892432,26.810755259388248,26.35672685454449,26.37211799621582,8702900
2013-02-26,26.4490694133818,26.502936938690443,26.118167223308735,26.210514068603516,7392400
2013-02-27,26.20281546352264,26.51063239164535,26.048906999461288,26.364418029785156,10667200
2013-02-28,26.40290369588582,26.44138008726262,26.002742767333984,26.002742767333984,16553600
2013-03-01,25.925776442114987,26.09507601758068,25.818041416112923,25.856517791748047,14586800
2013-03-04,25.787268624357832,26.41829374617524,25.70262174105634,26.402902603149414,6613700
2013-03-05,26.456767428489094,26.70301982058118,26.449070389983678,26.679931640625,7653800
2013-03-06,26.679932022962024,26.70302020324907,26.27977408174797,26.37211799621582,6412100
2013-03-07,26.39519452307342,26.57988522656914,26.28745950251723,26.495235443115234,5666000
2013-03-08,26.549106664566455,26.687623977661133,26.433674591801044,26.687623977661133,5152100
2013-03-11,26.618368988706674,26.89540365306705,26.564501463476596,26.88001251220703,4903400
2013-03-12,26.80306219983669,26.933882505795932,26.779974018650766,26.91849136352539,4980100
2013-03-13,26.849228286417254,26.956963329076647,26.710710964266678,26.941572189331055,4442400
2013-03-14,26.956957121747443,27.041606903076172,26.880004376299,27.041606903076172,6809800
2013-03-15,26.872315468698666,27.00313869820303,26.26438155042766,26.272075653076172,13695200
2013-03-18,26.118157737216315,26.172025242960324,25.733388161582585,25.748779296875,8895900
2013-03-19,25.794964997508362,25.964264630860004,25.602580117994332,25.81035614013672,7540600
2013-03-20,25.90268966375889,26.025815819806194,25.779563507711586,26.01812171936035,6664900
2013-03-21,25.995042391275376,26.025824674650128,25.641054939146066,25.76418113708496,5889800
2013-03-22,25.77956982124819,25.92578125,25.64874953271655,25.92578125,5058700
2013-03-25,25.979643293678848,26.225898549704464,25.83343189576418,26.010425567626953,7022200
2013-03-26,26.048909846264714,26.433679580688477,26.048909846264714,26.433679580688477,5855400
2013-03-27,26.264381873834477,26.656845696060262,26.210514347951722,26.633760452270508,8637100
2013-03-28,26.626064462330344,27.195524961232582,26.572196934326634,27.180133819580078,11468200
2013-04-01,27.07239672242812,27.17243766784668,26.89540301010906,27.17243766784668,6024900
2013-04-02,27.28017301365134,27.818851194517272,27.195523207800417,27.79576301574707,10956900
2013-04-03,27.803459362330894,28.003538314816787,27.62646565248111,27.949670791625977,10143200
2013-04-04,28.10357806352801,28.38830680764923,28.049710542628308,28.2036190032959,7713000
2013-04-05,27.988141300777908,28.126658598644152,27.84962400291166,27.941970825195312,8250200
2013-04-08,27.94198108876585,28.12666893005371,27.649555248573037,28.12666893005371,5584300
2013-04-09,28.13435477830071,28.28056617245907,28.011228621230735,28.211307525634766,5444700
2013-04-10,28.265184621999513,28.58069568996914,28.211317093484706,28.54991340637207,6689200
2013-04-11,28.59625981421952,29.005659668530278,28.580810373929378,28.78937339782715,6812200
2013-04-12,28.665781104601596,28.773924241018587,28.526739087299898,28.681230545043945,5373100
2013-04-15,28.457219132902452,28.650332725566916,27.89332779592377,27.908777236938477,8227700
2013-04-16,28.024649145586377,28.179140639489795,27.731118548518054,28.117345809936523,7866000
2013-04-17,28.457215525888348,28.951585788978132,28.163682077174087,28.797094345092773,14361800
2013-04-18,28.928417898069164,28.943867339686072,28.279556083557495,28.48811912536621,7750800
2013-04-19,28.61942314374133,28.812536664207435,28.511280043748865,28.735292434692383,6665900
2013-04-22,28.58081243436218,28.750753343125606,28.24093356351498,28.49584197998047,5354200
2013-04-23,28.665780571952816,28.843444713719418,28.472666990030934,28.743024826049805,5291200
2013-04-24,28.789381969455988,28.851176802335655,28.109621127697764,28.210041046142578,5434100
2013-04-25,28.28727032734168,28.44176174765729,28.155954535414605,28.186853408813477,5321400
2013-04-26,28.08642727395485,28.349061745860627,28.001456864415026,28.163671493530273,6126800
2013-04-29,28.186854618882503,28.418590285965006,28.117333624089863,28.372241973876953,3111800
2013-04-30,28.349061230419696,28.565347398640856,28.179120414429903,28.518999099731445,6425500
2013-05-01,28.40314827823662,28.73530390172169,28.287278941047077,28.49584197998047,5458500
2013-05-02,28.542173455639915,28.696664831802586,28.44947980861348,28.62714385986328,4202800
2013-05-03,28.7739260953183,28.7739260953183,28.279555756021843,28.426321029663086,5363500
2013-05-06,28.387690000661852,28.410862682214994,27.653857969132126,27.692480087280273,8604900
2013-05-07,27.607516865549155,27.870151434828283,27.48392430039893,27.85470199584961,8347700
2013-05-08,27.816087958229225,28.032377243041992,27.715670985056523,28.032377243041992,6767500
2013-05-09,27.955128110136386,28.086446911242895,27.808362811657496,27.947404861450195,4861500
2013-05-10,28.00147214416582,28.12506473093495,27.777459659809367,27.939674377441406,6667100
2013-05-13,27.846978655666746,28.248655270222553,27.83925540872583,28.07871437072754,6217100
2013-05-14,28.132792894126833,28.65806221634677,27.97830434368115,28.61944007873535,6309000
2013-05-15,28.681222208889437,29.12152082014618,28.650323336985444,29.090621948242188,7853100
2013-05-16,28.928422009062075,28.94387145287449,28.441774842351393,28.449501037597656,6137600
2013-05-17,28.44176323239368,28.5344569107504,28.03236345186249,28.26409912109375,7049800
2013-05-20,28.542193500416023,29.299198533901254,28.480395727880094,29.206504821777344,8885200
2013-05-21,29.23738934852123,29.353258653456404,29.021103122432987,29.136972427368164,6986600
2013-05-22,29.16786835489589,29.948048721877903,29.04427580474849,29.136972427368164,9982400
2013-05-23,28.95931577823127,29.245123071545255,28.812547561294146,28.951589584350586,7067600
2013-05-24,28.71213085547904,29.22967687580272,28.665785473767606,29.167879104614258,5429900
2013-05-28,29.337812290556414,29.847631981671455,29.31463960581273,29.785837173461914,8425100
2013-05-29,29.55409544244137,29.708586866795326,28.835715770551303,29.136972427368164,8678100
2013-05-30,29.13697989103268,29.23739683790833,28.943866297792386,29.106081008911133,7569500
2013-05-31,28.959306591446868,29.082899134214166,28.287269377638445,28.325891494750977,11796200
2013-06-03,28.294993668919606,28.71984282198406,27.908766630374018,28.70439338684082,10555000
2013-06-04,28.627160821677055,28.743027212442357,28.21775799026996,28.426321029663086,6066400
2013-06-05,28.364519041048954,28.70439782673608,28.009187871150015,28.04008674621582,7084800
2013-06-06,27.993748661961657,28.3027286529541,27.83153099900997,28.3027286529541,6912400
2013-06-07,28.542183767323518,29.00565511657595,28.50356164599898,28.974756240844727,5996500
2013-06-10,28.94386871865778,29.02883917825917,28.650335207311105,28.959318161010742,5029900
2013-06-11,28.68896004998981,28.82027884905528,28.441774842351393,28.449501037597656,5128500
2013-06-12,28.642612459630296,28.735306168686865,28.13278969311945,28.148239135742188,5271200
2013-06-13,28.06326425587724,28.42631574884592,27.901046624253883,28.349071502685547,6472000
2013-06-14,28.33362209945171,28.65805146974479,28.264101099149034,28.43404197692871,4817800
2013-06-17,28.634884005936062,28.835723797507317,28.364526148066656,28.49584197998047,6356000
2013-06-18,28.565356450782446,29.075176113631713,28.48038601586107,28.974756240844727,5541500
2013-06-19,28.78937223276084,28.78937223276084,27.970569610595703,27.970569610595703,6741400
2013-06-20,27.862429283472746,27.87787872469238,27.089974902568752,27.167219161987305,8336800
2013-06-21,27.344877165635868,27.70020535543875,27.275356176615425,27.483919143676758,10122700
2013-06-24,27.259918651398863,27.329439670795605,26.796444206527283,27.012733459472656,7535800
2013-06-25,27.25218448850485,27.329431680070794,26.93547836978212,27.120868682861328,6003700
2013-06-26,27.352609120172723,27.646142605803725,27.144046086699085,27.499374389648438,6877400
2013-06-27,27.63069391431501,27.638417161684465,27.205844588683302,27.313987731933594,5625400
2013-06-28,27.267630387492492,27.66930689146081,26.935474873570207,26.943201065063477,20356100
2013-07-01,27.012734739893354,27.39896198892046,26.958663160763965,27.059080123901367,6346900
2013-07-02,27.0127277073169,27.27536228614744,26.765542568026895,26.927757263183594,5793200
2013-07-03,26.819608803196086,26.819608803196086,26.04715465975545,26.456554412841797,8381100
2013-07-05,26.711464727765428,26.98182248951261,26.641943739504924,26.974096298217773,4664300
2013-07-08,26.997279442198995,27.398956047688614,26.989553248752976,27.35260772705078,7545600
2013-07-09,27.391225138127453,27.46847232589039,26.827333927513155,26.835060119628906,10291400
2013-07-10,26.88140548560775,27.19811158873849,26.811884489960566,26.835060119628906,9108500
2013-07-11,27.160812505938203,27.564114469150773,26.96691750200541,27.43226432800293,9019200
2013-07-12,27.49431033941699,27.587379106769106,27.230613033083692,27.393484115600586,6218100
2013-07-15,27.323677442708988,27.54859630665787,27.261632593903748,27.5175724029541,6487200
2013-07-16,27.478798770562253,27.69596021696444,27.40124195644799,27.68820571899414,8492000
2013-07-17,27.827797285873032,28.293143869279696,27.711459160720654,27.781261444091797,7979400
2013-07-18,27.85883130176608,27.944145572453458,27.610645946277064,27.68820571899414,6896400
2013-07-19,27.711459077251103,27.835551696359197,27.548588069409497,27.820039749145508,7137500
2013-07-22,27.73472889415534,27.87433347746734,27.59512726944511,27.7657527923584,4782400
2013-07-23,27.86658213952737,28.54133572958441,27.843315692539854,28.448266983032227,9104400
2013-07-24,28.46377137645633,28.46377137645633,28.075981583748753,28.26987648010254,6060600
2013-07-25,28.246612866234898,28.386217456891902,28.107011234179826,28.370708465576172,7492500
2013-07-26,28.378458806353674,28.580108208555963,28.037204833933835,28.52581787109375,5387400
2013-07-29,28.401726968761782,28.65766968252975,28.30865823584692,28.49479866027832,5587300
2013-07-30,28.680942727472647,28.78176893718811,28.432757410174855,28.60338592529297,6193400
2013-07-31,28.595631931227306,28.820550826816625,28.370715994240705,28.409494400024414,7966200
2013-08-01,28.611131752376387,28.750736320878968,28.448260741990534,28.57235336303711,7479900
2013-08-02,28.53357974727017,28.67318433912813,28.44826550129009,28.50255584716797,7944100
2013-08-05,28.417235536234944,28.525816204816852,28.26211902743165,28.26987648010254,6511300
2013-08-06,28.114768408239833,28.18457071021817,27.928627950096857,27.998430252075195,9510400
2013-08-07,27.975163570742765,28.145792076065877,27.789026072755902,27.8665828704834,7220100
2013-08-08,28.07598812258738,28.192323312333077,27.657174338858027,27.858823776245117,4804500
2013-08-09,27.765763249072727,27.95190374979069,27.72698484101566,27.8355655670166,5030400
2013-08-12,27.75800087582849,27.944138365135494,27.70371052823044,27.84331512451172,4986900
2013-08-13,27.866581746656635,27.944138541256358,27.71922265347634,27.87433624267578,4600200
2013-08-14,27.851079721093654,27.874346176044448,27.548603972320873,27.618406295776367,4960600
2013-08-15,27.540845718939263,27.58738158609897,27.106522793194127,27.168567657470703,6521200
2013-08-16,27.083256514484045,27.145304344544055,26.796292696964954,27.122037887573242,10522400
2013-08-19,27.028955706325405,27.114269960415516,26.912620507786173,27.05222511291504,5603500
2013-08-20,27.0677302174968,27.106508607200652,26.90485624697824,26.920368194580078,4494900
2013-08-21,26.897110865553827,27.036715482668665,26.71097038986655,26.866086959838867,5413200
2013-08-22,26.889352798461914,26.951400608481105,26.703215285609183,26.889352798461914,4197500
2013-08-23,27.0289546762199,27.0444666271544,26.70321258240179,27.02120018005371,4017400
2013-08-26,27.01345063630956,27.06774099523239,26.773019790649414,26.773019790649414,3405700
2013-08-27,26.617895066523104,26.62565252033986,26.3619553040036,26.377464294433594,5300700
2013-08-28,26.34644022807479,26.39297311104558,26.16029982038739,26.175811767578125,7262000
2013-08-29,26.082748230416474,26.470538111504904,25.997433983200697,26.16030502319336,5676100
2013-08-30,26.152550400471533,26.1603048962708,25.772515017063817,25.850074768066406,7336800
2013-09-03,26.12152744545347,26.199084240660984,25.36145960973186,25.53984260559082,14068300
2013-09-04,25.601881981016682,26.199078644069367,25.54759164424839,25.95089340209961,11838000
2013-09-05,25.98191987349768,26.17581479792677,25.97416537830529,26.168060302734375,6317400
2013-09-06,26.152550644856365,26.175817091073565,25.788027208242845,25.981922149658203,6664200
2013-09-09,25.981916782715853,26.214590072631836,25.950892888433348,26.214590072631836,5716200
2013-09-10,26.40073576384231,26.517070952784128,26.354199913104384,26.43951416015625,7285500
2013-09-11,26.455026363918773,27.106513487482896,26.439514413524147,26.951396942138672,9500200
2013-09-12,26.959144592285156,27.07548271140203,26.827297485313885,26.959144592285156,7105600
2013-09-13,27.06773542385603,27.06773542385603,26.811792677098474,27.044466018676758,4882300
2013-09-16,27.222849862157794,27.377966414252004,27.10651466703875,27.153047561645508,5714500
2013-09-17,27.145304344544055,27.160816302059057,27.005699685512415,27.122037887573242,4759700
2013-09-18,27.145299244529465,27.664936409938246,27.05998497352735,27.64942741394043,6753100
2013-09-19,27.65717808943687,27.703713946807067,27.37021436549336,27.408992767333984,6493500
2013-09-20,27.44777126623578,27.50981907628212,27.30816665223393,27.370214462280273,7915200
2013-09-23,27.339195217247124,27.34694971552347,27.199590579449545,27.23836898803711,5718700
2013-09-24,27.199584852264422,27.22285130079736,26.61789997012258,26.648923873901367,9829500
2013-09-25,26.61790339954441,26.64116985107497,25.8655899082943,26.1137752532959,26193500
2013-09-26,26.17581272261609,26.268881450554744,25.96640586580298,26.10601043701172,8040800
2013-09-27,25.943147656015064,25.943147656015064,25.632914519637822,25.702716827392578,11822900
2013-09-30,25.632916322008803,25.919880070243927,25.609649870655396,25.741497039794922,9418700
2013-10-01,25.725981074497845,26.214597186946705,25.68720267542144,26.199085235595703,7182000
2013-10-02,25.966418702159068,26.307672845698917,25.958664203748086,26.292163848876953,8420200
2013-10-03,26.206839698904997,26.214594194394177,25.80353788562486,25.819049835205078,8189800
2013-10-04,25.834564596001346,26.144794745558194,25.79578323852983,26.028459548950195,7477600
2013-10-07,25.764760762025645,26.129281240037155,25.687201010298296,25.981922149658203,5543300
2013-10-08,26.02069277836795,26.05171666979745,25.586370132759424,25.601879119873047,8158500
2013-10-09,25.617400059145194,25.896609262831053,25.4002386601016,25.725980758666992,8165400
2013-10-10,25.967435984530272,26.22446064936424,25.912915511046005,26.201095581054688,7731400
2013-10-11,26.19331076614483,26.403605314839044,26.04532406272487,26.2945613861084,5039200
2013-10-14,26.09984100320991,26.5048523415873,25.998590396972705,26.481487274169922,6817400
2013-10-15,26.411385446909797,26.621679938001712,26.177725891632928,26.255611419677734,11037300
2013-10-16,26.75408401742518,28.09373639625815,26.668411131157082,27.96133041381836,16953000
2013-10-17,27.953532727776842,29.028369887931614,27.953532727776842,28.950481414794922,17370200
2013-10-18,28.950482954462444,29.04394912719727,28.740191493663108,29.043949127197266,11752300
2013-10-21,28.950486569974643,28.950486569974643,28.646728898505387,28.70903968811035,7663800
2013-10-22,28.77135123540048,28.950490322018588,28.60000248406363,28.833662033081055,9726300
2013-10-23,28.747995111194452,29.020597507958325,28.670109561017142,28.99723243713379,7571500
2013-10-24,28.989432103628275,29.30097713612701,28.973854406332045,28.98164176940918,6311200
2013-10-25,29.00500903910494,29.106259612158144,28.80250195071477,29.01279640197754,6310200
2013-10-28,29.075116700000457,29.176367306172747,28.950495084140066,29.036170959472656,4799700
2013-10-29,29.098481767402856,29.176367306172747,29.02059325749011,29.036170959472656,5263700
2013-10-30,29.075103828674106,29.114046580819394,28.662302336737753,28.771343231201172,4969200
2013-10-31,28.82586846508793,28.927122014392477,28.46759033203125,28.46759033203125,8172100
2013-11-01,28.576624229883127,28.84922941553392,28.514316425627232,28.78691864013672,5557400
2013-11-04,28.802499771118164,28.833655162534676,28.576627640060934,28.802499771118164,5645300
2013-11-05,28.701252510349452,29.152996871241523,28.561056189461727,29.09847640991211,9035800
2013-11-06,29.16857371570593,29.441176014365652,28.849238321072157,29.254249572753906,7082400
2013-11-07,29.293189962668748,29.69820118156656,29.262034567874615,29.31655502319336,9474200
2013-11-08,29.215303122960094,29.705990219637705,28.989433925822148,29.690412521362305,8753900
2013-11-11,29.72936313338271,29.95523536131853,29.34771982383605,29.519071578979492,6867600
2013-11-12,29.464556802173973,29.57359776883816,29.043967669774826,29.18416404724121,6015600
2013-11-13,29.10626241460871,29.42559780368587,28.95048840188133,29.417810440063477,6144600
2013-11-14,29.51127629859548,29.659262960935713,29.339924572156235,29.410022735595703,4353100
2013-11-15,29.417812921859397,29.713783273896365,29.40223522215825,29.635894775390625,6520500
2013-11-18,29.628108992164076,29.713784859521123,29.503490359047255,29.550220489501953,4580900
2013-11-19,29.54243266453071,30.16552582040691,29.495699563661546,30.149948120117188,9906100
2013-11-20,30.181102326605625,30.22783542562583,29.5268537960348,29.73714828491211,6413400
2013-11-21,29.892920054326787,29.96301821199521,29.58916236147768,29.651470184326172,5049100
2013-11-22,29.698208516605163,29.88513498925421,29.62811034657609,29.791671752929688,4463500
2013-11-25,29.892910840864847,30.11099261033165,29.620305657890064,29.71377182006836,4592400
2013-11-26,29.82282189665836,29.82282189665836,29.519064203809254,29.651470184326172,4831200
2013-11-27,30.173309468146467,30.173309468146467,29.596946569748933,29.84618377685547,4510100
2013-11-29,29.939645101472628,29.98637818904058,29.659255489489965,29.74492835998535,3512700
2013-12-02,29.78387450332259,29.83839495401309,29.62031018010937,29.70598602294922,5641200
2013-12-03,29.558015270972568,29.58138033971411,29.02059492077296,29.285409927368164,7798700
2013-12-04,29.090686074783733,29.48011963921801,28.88039456459445,29.09847640991211,5092700
2013-12-05,29.04394689463617,29.06731195045304,28.73239895175149,28.75576400756836,5289800
2013-12-06,29.02838039086023,29.238674887705013,28.950491889542242,29.230884552001953,4055000
2013-12-09,29.262043665268823,29.269834001960316,28.942708197204407,28.97386360168457,4972400
2013-12-10,28.90375518798828,29.082894243574657,28.78692394814672,28.90375518798828,5381300
2013-12-11,28.818085772911022,28.895971302759182,28.444229881583333,28.490962982177734,6185600
2013-12-12,28.48317664820802,28.52990975536812,28.249517054693378,28.265094757080078,6417800
2013-12-13,28.33518180995354,28.514320860369462,28.27287102486534,28.350759506225586,4665200
2013-12-16,28.389712808047946,28.670105502826555,28.288459230235038,28.4520206451416,6704900
2013-12-17,28.38970367564096,28.537687340884972,28.280662767446223,28.51432228088379,6911800
2013-12-18,28.553267287537366,29.737145616188506,28.54547992397074,29.690412521362305,11548800
2013-12-19,29.659263194434654,29.776091486991902,29.425600667035237,29.620317459106445,7756400
2013-12-20,29.705989620517986,29.78387811032411,29.448965032012993,29.47233009338379,8140800
2013-12-23,29.573584073508133,30.025325436367552,29.558006375320964,29.93964958190918,6313200
2013-12-24,29.877337289190375,29.947435434971464,29.6826205477031,29.74492835998535,2207600
2013-12-26,29.768302026778763,29.978596503947006,29.752724327972714,29.869552612304688,3655800
2013-12-27,30.001963097372794,30.009750461602025,29.77609090987384,29.8851318359375,2705600
2013-12-30,29.9708164842638,29.986394188431348,29.729366526381735,29.916296005249023,3081600
2013-12-31,29.892923783597766,30.04090748107396,29.768305151211877,29.853981018066406,4594200
2014-01-02,29.667040195119647,29.90849000255269,29.596942055615955,29.776081085205078,4967500
2014-01-03,29.885133963924655,30.204469400624852,29.807248431516843,30.095428466796875,4301600
2014-01-06,30.5238053238405,30.913238934371908,30.461497491149657,30.492652893066406,10130400
2014-01-07,30.554961626100056,30.64842486346167,30.173318340373534,30.258991241455078,8329300
2014-01-08,30.258989923882382,30.547172930841633,30.157739325792217,30.53159523010254,6140700
2014-01-09,30.58611488342285,30.640635348987928,30.35245532083787,30.58611488342285,4996800
2014-01-10,30.586113170835073,30.86650581869423,30.461494546357933,30.819772720336914,6360500
2014-01-13,30.631805419921875,31.07040772068315,30.59264492703306,30.631805419921875,12136000
2014-01-14,30.780621848833636,31.007756930002927,30.600481159968048,30.99209213256836,6570300
2014-01-15,31.015579677255012,31.031244470569487,30.741453263636217,30.96075439453125,5279000
2014-01-16,30.960753984935696,31.08606934203983,30.866768214046044,30.96858787536621,3716100
2014-01-17,31.219211787474986,31.219211787474986,30.71011657955054,30.858930587768555,7216400
2014-01-21,30.9529326994315,30.992093200489997,30.43600631729709,30.6396427154541,8229600
2014-01-22,29.778098335628737,30.44383578546466,28.932217211467982,29.817258834838867,12970000
2014-01-23,29.684097902720953,29.707593593110374,29.151507010371382,29.315982818603516,10207300
2014-01-24,29.13584025012741,29.13584025012741,28.642409871053278,28.650243759155273,9167400
2014-01-27,28.7285694973727,28.84605393644224,28.297798200373382,28.430944442749023,9128900
2014-01-28,28.618922332424237,28.877383946090315,28.415283012320057,28.48577308654785,7608200
2014-01-29,28.39961192508082,28.587586410611266,27.921849292040733,28.0784912109375,10404300
2014-01-30,28.383959560749062,28.68158169581149,28.305635587505726,28.61109161376953,9579800
2014-01-31,28.219477276887766,28.893048426045574,28.17248588641406,28.712907791137695,10845500
2014-02-03,28.650245568372444,28.940036703635172,28.039330731213308,28.0784912109375,12231900
2014-02-04,28.11765262016681,28.54058995308286,28.078489155556348,28.39177894592285,8237400
2014-02-05,28.289957920620758,28.66590385786706,28.18030739572634,28.4700984954834,7597300
2014-02-06,28.51709222259734,28.924367725810328,28.493596535715728,28.705066680908203,9982300
2014-02-07,28.79905749834468,29.143673913684136,28.705071746479952,29.12017822265625,12028000
2014-02-10,29.112344069355395,29.229828498933962,28.94786825814792,29.10451316833496,11207300
2014-02-11,29.01835836897301,29.762419452844764,29.01835836897301,29.72325897216797,8643000
2014-02-12,29.707591469962075,30.060041739379876,29.676261893179852,29.966053009033203,8793500
2014-02-13,29.817250139198254,30.396835516848544,29.809419236741796,30.326345443725586,7253200
2014-02-14,30.295015669327665,30.52998158235325,30.193196011506892,30.396835327148438,7253400
2014-02-18,30.51431753392834,30.69445817123279,30.38900217807509,30.490821838378906,6794100
2014-02-19,30.342015652008467,30.835443264185248,30.29502126562077,30.357677459716797,7093200
2014-02-20,30.404663429558838,30.616133628133458,30.177528439857937,30.50648307800293,8611900
2014-02-21,30.451657458785217,30.89809354370173,30.381167393390328,30.4046630859375,8335100
2014-02-24,30.443821041921915,30.819767030231688,30.404660561676693,30.52997589111328,8104600
2014-02-25,30.537822517953074,30.9529291596601,30.4751633332214,30.741458892822266,7952100
2014-02-26,30.77277995019338,31.062571129816305,30.569140644050265,30.85110092163086,8752600
2014-02-27,30.819767348938406,31.195716328888988,30.80410554688086,31.164386749267578,9189600
2014-02-28,31.03125123379869,31.313211599404607,30.874606254267132,31.156566619873047,8695700
2014-03-03,30.93726348490086,31.046914067312986,30.41250627257017,30.80411720275879,11006300
2014-03-04,31.125242713548705,31.57950990705724,31.070414426366295,31.42286491394043,9460200
2014-03-05,31.71264244162959,31.71264244162959,31.140888070674944,31.164386749267578,8285200
2014-03-06,31.266200687610755,31.509000426972765,31.117389678955078,31.117389678955078,6442000
2014-03-07,31.203562416303082,31.28971730831589,30.796286646268204,30.99209213256836,8630700
2014-03-10,30.937262168185043,31.242718202691012,30.86677208424104,31.18789291381836,5576300
2014-03-11,31.211388553612473,31.45418839512872,31.054746578703053,31.10173797607422,5117600
2014-03-12,30.89025895575935,31.242709274763047,30.89025895575935,31.06256866455078,6933000
2014-03-13,31.12523480413407,31.18789099280602,30.62397035598856,30.72579002380371,6964500
2014-03-14,30.694460615040832,30.9529252376779,30.475159471775925,30.522153854370117,7736000
2014-03-17,30.584809945419387,30.999919520953153,30.576979042222444,30.945091247558594,5768900
2014-03-18,30.937249093397288,31.24270499881062,30.921584304946233,31.117389678955078,5534300
2014-03-19,31.117401042183783,31.50118102999841,30.79628023105481,30.898099899291992,8679100
2014-03-20,30.905919853226248,31.046899963068878,30.373328991099193,30.443819046020508,11396600
2014-03-21,30.710126082623596,31.01558210679863,30.044388747255137,30.06788444519043,21663000
2014-03-24,30.279353293775316,30.279353293775316,29.86424671470289,30.099212646484375,11078000
2014-03-25,30.146204182985677,30.31068002093542,29.82508340937986,30.075714111328125,8209600
2014-03-26,30.193185399701427,30.655286160933418,30.06787009094797,30.201019287109375,8174800
2014-03-27,30.19317955973417,30.302830060215754,29.86422805828941,30.114858627319336,7404100
2014-03-28,30.216686761039742,30.53780745500906,29.926892656229874,30.005216598510742,6251400
2014-03-31,30.138369540327094,30.216693500076058,29.840744468788166,30.161865234375,8038000
2014-04-01,30.146199915856077,30.412495372451765,29.942560632001786,30.130535125732422,5631200
2014-04-02,29.85640963432754,30.26368526685764,29.81724914783983,30.216693878173828,6340700
2014-04-03,30.342004953427786,30.34983585452078,29.99738555027248,30.271514892578125,6029600
2014-04-04,30.443830936370333,30.937261513537138,30.232360689013134,30.255859375,7367600
2014-04-07,30.201037434045634,30.420338609197803,29.832922186250695,29.895578384399414,5892800
2014-04-08,29.919079590482998,29.919079590482998,29.441313714911136,29.46480941772461,9560100
2014-04-09,29.54313681759036,29.63712262745005,29.253342506577518,29.472646713256836,13694800
2014-04-10,29.621435911636777,29.68409506368654,29.081014170095234,29.182830810546875,9788100
2014-04-11,29.111927112328367,29.34828856680012,28.875565657856615,29.167078018188477,10490300
2014-04-14,29.293145555230826,29.76586859156977,29.237994634507942,29.734355926513672,12726800
2014-04-15,29.757986354281524,29.986470420535166,29.34041430633466,29.91556167602539,10725400
2014-04-16,30.530102637021226,30.64828488168685,29.59253411543827,30.238590240478516,10953300
2014-04-17,30.144045753864134,30.734951015422237,30.049501753554722,30.67192268371582,9824900
2014-04-21,30.624655887927037,30.719202914442807,30.293750311622563,30.49859619140625,6920300
2014-04-22,30.53009321895039,30.64827542715859,30.404033599427564,30.411911010742188,6220000
2014-04-23,30.514335390822737,30.585244114647978,30.348882703729977,30.411911010742188,3557500
2014-04-24,30.451312029150078,30.451312029150078,30.017979199011695,30.277978897094727,4421300
2014-04-25,30.246476095894995,30.285869186611546,29.85253917772913,29.962841033935547,4232000
2014-04-28,30.159804137725974,30.270105974346762,29.76586728950907,30.230712890625,4433600
2014-04-29,30.23070874607898,30.506466305325,30.144042170473067,30.364648818969727,4415600
2014-04-30,30.380416431005653,30.67980632702035,30.325265502502933,30.522233963012695,5339700
2014-05-01,30.45132814376972,30.64041620107695,30.246479241936335,30.467082977294922,3652400
2014-05-02,30.467063254267877,30.60100329652909,30.325248805842094,30.380399703979492,4774500
2014-05-05,30.1519216775201,30.829493423947383,30.136163845568404,30.601009368896484,7593500
2014-05-06,30.53798033499794,30.58525383440405,30.35676976219021,30.39616584777832,4776500
2014-05-07,30.451313575435368,30.56161539034473,30.167678619668976,30.482826232910156,4990200
2014-05-08,30.482831408091656,30.69555766103176,30.372529574455946,30.514347076416016,3962800
2014-05-09,30.47495439509908,30.742831568384837,30.419803477554918,30.719196319580078,4409000
2014-05-12,30.782213537057487,31.02645537335034,30.750697879697405,30.939788818359375,4013200
2014-05-13,31.026470429620975,31.333740724245086,30.93980383257316,31.247074127197266,6265300
2014-05-14,31.40464598726595,31.609491825700612,31.333737234442484,31.459796905517578,7183100
2014-05-15,30.93192686017126,31.459803916723118,30.766474068543186,30.91617202758789,8821600
2014-05-16,31.20767723217604,31.349494736317936,30.601014132346737,30.77434730529785,11024400
2014-05-19,31.215557842180623,31.467677207464774,31.057982487503054,31.223438262939453,6464500
2014-05-20,31.381005186040305,31.381005186040305,31.00282323422564,31.15252113342285,5438900
2014-05-21,31.160403042745852,31.254947041591862,31.010708127448044,31.168283462524414,4352500
2014-05-22,31.09737925560423,31.333740790003436,30.916168645714844,31.23919677734375,3800900
2014-05-23,31.247074000121376,31.30222492429116,31.128891730900435,31.199800491333008,3521800
2014-05-27,31.13676085589583,31.239185251696156,31.010701217025762,31.18403434753418,4711800
2014-05-28,31.25494194030762,31.333731097735978,31.160397956892634,31.254941940307617,3681300
2014-05-29,31.262831836384166,31.428284608893517,31.160407403426014,31.199800491333008,3225200
2014-05-30,31.20767378956308,31.6173684223895,31.176158124230447,31.5228214263916,5898500
2014-06-02,31.530701621839103,31.546459454393656,31.262824479410217,31.35736846923828,3364200
2014-06-03,31.26282896014824,31.499190471344487,31.26282896014824,31.373130798339844,3774900
2014-06-04,31.357378626064364,31.357378626064364,31.19980325497857,31.31798553466797,3664300
2014-06-05,31.32585775212225,31.704039782167744,31.19979807727366,31.63313102722168,3824200
2014-06-06,31.57009819684855,31.71191570004649,31.483431610949857,31.554340362548828,3536400
2014-06-09,31.467672687552213,31.680398934986652,31.451914853797867,31.61737060546875,3444900
2014-06-10,31.538571762109456,31.956146714758056,31.538571762109456,31.93250846862793,5057600
2014-06-11,31.704027388245777,31.900995741040425,31.459785548800937,31.514936447143555,5940000
2014-06-12,31.49917712797012,31.546450612383712,31.24705788876113,31.3652400970459,6510800
2014-06-13,31.333725661238592,31.39675397074663,31.247059105853833,31.349483489990234,3966300
2014-06-16,31.380998700072812,31.80644804830708,31.191907763247656,31.43614959716797,5499800
2014-06-17,31.35736098932087,31.49917844298376,31.231301364453692,31.404634475708008,4593200
2014-06-18,31.388876046928235,31.837963639777104,31.31008990995416,31.806447982788086,5223200
2014-06-19,31.9167702108946,32.318587581014825,31.82222618489589,32.30282974243164,6380800
2014-06-20,32.46827013751097,32.53917888130034,32.15312250272432,32.184635162353516,12626700
2014-06-23,32.27916350785659,32.397342675559166,32.042799161456394,32.09007263183594,4922700
2014-06-24,31.995545503501624,32.23190696856252,31.853728023365267,31.86948585510254,4398200
2014-06-25,32.01129350557686,32.28704796255586,31.861595652789823,32.066444396972656,4394100
2014-06-26,32.097976422457066,32.129489086829125,31.845854068982714,32.0034294128418,5691700
2014-06-27,31.91678569336247,32.05860330390484,31.68042401095914,31.9404239654541,8432800
2014-06-30,32.04282735860301,32.42100944343815,31.98767643071042,32.22404098510742,6711200
2014-07-01,32.444637298583984,32.53918129548457,32.287061966750024,32.444637298583984,5472200
2014-07-02,32.484021723141545,32.97250241669667,32.39735516345462,32.92523193359375,5766000
2014-07-03,32.94099237328698,33.05917159590717,32.79917490174361,33.00402069091797,3000000
2014-07-07,32.83857188024612,32.94887370333871,32.68887697826321,32.70463180541992,4043400
2014-07-08,32.5628116609358,32.64159780501817,32.25553848581757,32.34220504760742,4789500
2014-07-09,32.46826377353612,32.60220382132931,32.263418001350765,32.51553726196289,3562400
2014-07-10,32.32646087522016,32.539187160715265,32.239794276814735,32.49191665649414,4839200
2014-07-11,32.54735921883016,32.7612263849399,32.46022781542038,32.71369934082031,5077900
2014-07-14,33.2285535497132,33.2285535497132,32.872108396511784,33.125579833984375,6699800
2014-07-15,33.06224023538693,33.10976427985256,32.610740661621094,32.610740661621094,10954200
2014-07-16,32.927562713089536,32.9354853970061,32.47606642164012,32.51567077636719,5564800
2014-07-17,32.49192402058122,34.05236110661795,32.47608166692978,33.18897247314453,12228300
2014-07-18,33.1889603962072,33.90184792139347,33.09390630888724,33.84640121459961,9538000
2014-07-21,33.66421481789704,34.084026412237584,33.474109687060285,34.02857971191406,8027300
2014-07-22,34.06026840985376,34.24245087828895,33.96521734406561,34.13155746459961,8315800
2014-07-23,34.250369979998915,34.2741319885554,33.95729110691549,34.036502838134766,4315900
2014-07-24,34.012741260676144,34.19492372854638,33.854323825393436,33.97313690185547,4890700
2014-07-25,33.973137178539304,34.14739998471219,33.87016342747179,34.09195327758789,3979100
2014-07-28,34.0206564923306,34.0998651926193,33.75926234246509,34.00481414794922,3449200
2014-07-29,34.036502623611966,34.04442228587468,33.70381939782501,33.862239837646484,4575300
2014-07-30,34.02857622364484,34.13154995152635,33.79094710067216,33.94936752319336,3564000
2014-07-31,33.68005342782397,33.9652095816376,33.33153091850631,33.36321258544922,4658700
2014-08-01,33.268153893405575,33.553309981664995,33.117656189765334,33.29191589355469,3905900
2014-08-04,33.36322781872866,33.664226454255484,33.14144094077183,33.57709503173828,3639100
2014-08-05,33.379070317251134,33.56125282803513,32.998862944099386,33.09391403198242,4190500
2014-08-06,33.0067601283073,33.24439221859402,32.824577741607015,33.08597183227539,3726900
2014-08-07,33.07012528428819,33.252307647811165,32.85625824320891,32.8958625793457,4013800
2014-08-08,32.85626583282762,33.04637092046149,32.59487473665113,33.022605895996094,4417600
2014-08-11,33.20479603636804,33.39490116828523,32.97508957155873,33.307769775390625,2630400
2014-08-12,33.19686501834468,33.35528540381449,32.808735225024506,32.92755126953125,3337500
2014-08-13,33.17310689364208,33.394893646240234,33.13350254805211,33.394893646240234,3441500
2014-08-14,33.38698199349636,33.62461114564844,33.38698199349636,33.52956008911133,4679900
2014-08-15,33.55332589535517,33.78303541113508,33.03846015607179,33.315696716308594,5031600
2014-08-18,33.759262246203946,33.759262246203946,33.347370358317086,33.45034408569336,3234800
2014-08-19,33.50579103680858,33.75926250489383,33.33945095243106,33.69589614868164,2963300
2014-08-20,33.44242822243241,33.656295362833106,33.23648074429016,33.379058837890625,4953600
2014-08-21,33.49787495447448,33.68005740277493,33.426585907607475,33.521636962890625,3060800
2014-08-22,33.442432306897715,33.529563710475124,33.26816949974291,33.35530090332031,2462400
2014-08-25,33.59292639104678,33.82263588040536,33.48203298835467,33.65629577636719,2424000
2014-08-26,33.664218664868415,34.00482158956012,33.56124491466376,33.90184783935547,3229100
2014-08-27,33.84639337381596,33.965209444631775,33.66421094775172,33.7434196472168,2805100
2014-08-28,33.60877191817327,33.74342734229527,33.48203615715655,33.54540252685547,2525300
2014-08-29,33.59293409827784,33.59293409827784,33.31570052794182,33.45827865600586,4384400
2014-09-02,33.402817052684725,33.58500250174205,33.22063462524561,33.45034408569336,4300900
2014-09-03,33.58499842122383,33.89391654420141,33.545391054386414,33.87015151977539,4143500
2014-09-04,33.9018482877868,34.123638138978116,33.798874536220076,33.98106002807617,4123200
2014-09-05,33.965217507975645,34.02858387826725,33.62461458050391,34.02066421508789,3484300
2014-09-08,33.96521767295774,34.123638131884626,33.74342782181253,33.90977096557617,2602900
2014-09-09,33.92561340332031,34.04442648161538,33.77511260721337,33.92561340332031,3586800
2014-09-10,34.04442639868874,34.09987310608184,33.76719286172326,33.98106002807617,3503000
2014-09-11,33.814713119606864,34.08402696336954,33.569164306094656,33.71174240112305,7754900
2014-09-12,33.75925833344908,33.957283082273,33.62460295462539,33.70381164550781,4259600
2014-09-15,33.75134288985418,33.88599828550153,33.61668447258858,33.83847427368164,3067500
2014-09-16,33.83055923233583,34.03650673546927,33.65629944693707,33.98106002807617,3179500
2014-09-17,34.01274147810843,34.511764862971965,33.87016336814742,34.36126708984375,4788700
2014-09-18,34.448394107309475,34.749389615247544,34.40878673165895,34.6068115234375,5032900
2014-09-19,34.82067899802853,35.01078412948728,34.50384114108868,34.52760314941406,6139300
2014-09-22,34.5276073011092,34.590973671469094,34.23453141725448,34.37710952758789,3402000
2014-09-23,33.830551356648996,34.1869965509241,33.65629161181757,33.66421127319336,6585900
2014-09-24,33.624607132583236,33.98897199050438,33.616684449539854,33.76718521118164,6268300
2014-09-25,33.60084579388578,33.64837283250901,33.24440357987658,33.268165588378906,4316700
2014-09-26,33.37113897614682,33.45827036856164,33.196876191317166,33.276084899902344,6349900
2014-09-29,33.00678691696299,33.27610088579745,33.00678691696299,33.18897247314453,4881100
2014-09-30,33.10973758673946,33.260238330534285,32.943397521972656,32.943397521972656,4874800
2014-10-01,33.30777015997746,33.31569284394221,32.48398628152209,32.61864471435547,5573800
2014-10-02,32.650325331901705,32.83250775931107,32.40477352715784,32.64240264892578,4707100
2014-10-03,32.80082717732372,33.15727241541186,32.6978534370719,33.10182571411133,3430900
2014-10-06,33.29985412770754,33.64045705647519,33.26024976842224,33.55332565307617,6713300
2014-10-07,33.339458414519164,33.41074746972531,32.832515364883896,32.84043502807617,5178200
2014-10-08,32.824588809624224,33.40282084628451,32.75329976282399,33.379058837890625,6067400
2014-10-09,33.41866363808921,33.6959001667289,32.95924768050875,32.97509002685547,5503700
2014-10-10,33.02286057613797,33.67583223752142,33.00693406760778,33.0786018371582,4990100
2014-10-13,33.02287143678807,33.2617630679665,32.54508513675933,32.58489990234375,4494600
2014-10-14,32.648608699311836,33.39713668324628,32.60082915399477,32.696388244628906,7129200
2014-10-15,32.15490173086527,32.27434604823328,31.34266761453865,31.860265731811523,8971800
2014-10-16,31.32673263359127,32.09915176875553,31.278953096950563,31.84433364868164,8828700
2014-10-17,32.13099857729843,32.680452562467124,31.987663019225835,32.53711700439453,7215400
2014-10-20,32.529156022965324,33.054718784618856,32.385820448180574,33.0149040222168,5014400
2014-10-21,33.373239316038116,33.78731948269476,33.24583026765694,33.75546646118164,5352600
2014-10-22,33.84305914505104,34.265101028216904,33.03082536104928,33.1184196472168,6986500
2014-10-23,33.44491435137111,34.05807147900022,33.40509958467768,33.78732681274414,4599300
2014-10-24,33.7156507933374,33.97843061955148,33.54046221741386,33.81120681762695,4676900
2014-10-27,33.78733710849419,33.82715188732006,33.47677758091032,33.63603973388672,3943900
2014-10-28,33.62009826209396,33.85102509164717,33.40509490685072,33.84306335449219,6106200
2014-10-29,34.08992096260898,34.68715151392375,33.7634350493971,34.0341796875,4253200
2014-10-30,34.00232888849186,34.65530075766512,33.86695504174177,34.631412506103516,3828800
2014-10-31,35.077345035278825,35.085309811435984,34.591596970542646,34.71104431152344,6124900
2014-11-03,34.6871637783688,34.7906815900742,34.28900993671583,34.47216033935547,4404100
2014-11-04,34.25715288767916,34.750862742950474,34.25715288767916,34.72697448730469,4187100
2014-11-05,34.98176886196477,35.02954837840651,34.51194758213378,34.76676559448242,4193200
2014-11-06,34.71900450837431,34.910119637923046,34.591595434565804,34.790672302246094,3770600
2014-11-07,34.854374694782614,34.88622771930496,34.37658843996221,34.535850524902344,3992700
2014-11-10,34.51992310701365,35.11715363161716,34.376587538095094,35.10919189453125,5318900
2014-11-11,35.1330857731663,35.539204296068945,35.117159258770904,35.23660659790039,3192600
2014-11-12,35.18881577414501,35.27641005640338,34.98973896452912,35.22066879272461,3486000
2014-11-13,35.260490719236735,35.650682682025746,35.20474944421997,35.507347106933594,3488800
2014-11-14,35.50732601184152,35.50732601184152,34.782686829463934,34.886207580566406,4206000
2014-11-17,34.80659484863281,34.99770995639663,34.72696532570631,34.80659484863281,3871700
2014-11-18,34.87825927600138,34.941965318345765,34.58362642433683,34.79862976074219,6724900
2014-11-19,34.870296903434685,34.870296903434685,34.51991975227478,34.58362579345703,3768000
2014-11-20,34.48010426440416,34.91011092025464,34.28102744643685,34.86233139038086,4862100
2014-11-21,35.15695205737066,35.188802025835386,34.80657506522994,34.886207580566406,6495800
2014-11-24,34.71103535994523,35.356045367091085,34.71103535994523,35.29233932495117,3798700
2014-11-25,35.284375740198925,35.34011700531578,35.013631150629415,35.1649284362793,4651800
2014-11-26,35.1649388019571,35.379942189786966,35.02956798610423,35.23660659790039,2876700
2014-11-28,35.395861352309595,35.64271467998574,35.3640083301348,35.44363784790039,2440100
2014-12-01,35.25252456744937,35.49141615013148,35.19678329941259,35.29233932495117,5340400
2014-12-02,35.579015032093544,36.32754289783646,35.579015032093544,36.0090217590332,10949300
2014-12-03,36.009034883277394,36.47885654409482,35.9134757729034,36.375335693359375,4993000
2014-12-04,36.35938887118419,36.59031870245653,36.03290302057094,36.22401809692383,6377200
2014-12-05,36.17624037206331,36.25586988587232,35.993090060165606,36.07271957397461,4179500
2014-12-08,36.1125293688566,36.70975975337576,36.104567633638176,36.399200439453125,4220000
2014-12-09,36.09661284661617,36.20809538715823,35.73827393939426,36.1842041015625,3554000
2014-12-10,36.096610621145146,36.20012838088263,35.30030333760085,35.3321533203125,5489800
2014-12-11,35.4436500692422,35.92939819304892,35.2764262016711,35.40383529663086,3954300
2014-12-12,35.133084757669955,35.47549721309381,34.774745788311044,34.790672302246094,5191400
2014-12-15,35.164933003671216,35.324195083692736,34.51992294653623,34.60751724243164,4993800
2014-12-16,34.424375737368656,35.37198064799928,34.32085490316911,34.559749603271484,6186500
2014-12-17,34.615476028148265,35.324188972070836,34.56769650110694,35.24455642700195,5045700
2014-12-18,35.6029077346442,36.46292129607683,35.38790434428604,36.44699478149414,6703700
2014-12-19,36.55846224482655,36.98846884792156,36.45494146163609,36.669944763183594,11329200
2014-12-22,36.57440377761016,37.02829881033599,36.55847726306356,36.92477798461914,4831400
2014-12-23,36.733655201104916,37.02828804034034,36.208092524619836,36.407169342041016,4078900
2014-12-24,36.42309218287953,36.59031596362697,36.34345964133013,36.391239166259766,2527200
2014-12-26,36.47884642085295,36.773479335227265,36.399213850973446,36.51069641113281,2057700
2014-12-29,36.30364943921978,36.48679975123079,36.192166904749705,36.31161117553711,2580900
2014-12-30,36.31957869938816,36.56643203364154,36.31957869938816,36.38328170776367,2950400
2014-12-31,36.391243530283745,36.66994986495185,35.825866087002034,35.849754333496094,3418600
2015-01-02,36.03292555155508,36.19218770848882,35.54717733986003,35.75421905517578,3216600
2015-01-05,35.67458218596379,36.152368599551714,35.539211343267745,35.762176513671875,5735900
2015-01-06,35.82587005566377,35.921426089896585,34.9817831465378,35.356048583984375,6584300
2015-01-07,35.618831017927945,35.786054849367694,35.34012463219502,35.64271926879883,4609500
2015-01-08,35.98514358684751,36.46293002569915,35.84180795895929,36.375335693359375,4883000
2015-01-09,36.431056141962095,36.52661215998329,35.92141999562104,35.99308776855469,4742200
2015-01-12,36.13643415561579,36.43902880974199,35.7860569216373,36.29569625854492,6178800
2015-01-13,36.295692433683826,36.44779061839144,35.42312273456925,35.71131134033203,6745000
2015-01-14,35.45514667608856,35.75133918294785,35.16695805157622,35.447139739990234,5865900
2015-01-15,35.62325494962386,35.759342322956634,35.14294262124182,35.18296813964844,3916200
2015-01-16,35.062879608188986,35.66327139275986,34.998839405785034,35.61524200439453,4564200
2015-01-20,35.759341598834965,35.82338486998974,35.134934973832195,35.39910888671875,5159900
2015-01-21,35.19097632567026,35.42312863607261,34.91879849196619,35.27103042602539,5328200
2015-01-22,35.49516242598014,35.679282206798476,35.062879608188986,35.61524200439453,5329100
2015-01-23,35.607250821533114,35.607250821533114,35.078905939544946,35.11092758178711,6664000
2015-01-26,35.01485686815277,35.38309649970772,34.758686848645944,35.34307098388672,4376200
2015-01-27,35.126921026746416,35.23899366540336,34.76668536409882,34.96681594848633,4847400
2015-01-28,35.17497037741689,35.383108013416106,34.71066874605699,34.750694274902344,7641000
2015-01-29,35.05488885884981,36.35173474424323,34.98284169556397,36.23165512084961,10054600
2015-01-30,36.34372354289209,36.527843355603196,35.78335716947725,35.83138656616211,9613300
2015-02-02,35.96748540067448,36.215648538718106,35.44714442062395,36.2076416015625,7312900
2015-02-03,36.35172151399962,36.72796801352947,36.29568519114418,36.68794250488281,8380300
2015-02-04,36.463802551369575,36.81603443752302,36.06354126528703,36.159603118896484,8231200
2015-02-05,36.231639851870064,36.719958969044306,36.231639851870064,36.543846130371094,6374400
2015-02-06,36.49582569054833,36.99214885068564,36.287691156862174,36.42377853393555,5601600
2015-02-09,36.191622595567026,36.191622595567026,35.46314722050616,35.63926315307617,6585900
2015-02-10,35.76734135943495,36.03151216557582,35.54319606286081,35.95946502685547,5210500
2015-02-11,35.92745037717305,36.18361733089168,35.671283423454426,35.96747589111328,4302900
2015-02-12,36.05553643380913,36.223645436636886,35.86340967789799,36.19963073730469,4683700
2015-02-13,36.06354711811431,36.96013168939741,36.03953241425236,36.89609146118164,6524900
2015-02-17,36.864067369769,37.248317874776994,36.82404184807575,37.15225601196289,6366400
2015-02-18,37.032176393131586,37.248317874776994,36.94412146690706,37.15225601196289,4051400
2015-02-19,37.11222061782677,37.36038061856133,36.896079193678425,37.31235122680664,6590300
2015-02-20,37.24830740781457,38.08085146159193,37.144241691405426,38.00880432128906,6512400
2015-02-23,37.88872516498604,38.02481250182391,37.64056213141343,37.88071823120117,5608100
2015-02-24,37.84069598817099,38.09686292387835,37.72862333551787,38.00080108642578,4789000
2015-02-25,38.06484736552073,38.21694860731356,37.81668732470293,37.94477081298828,4777400
2015-02-26,37.880724633102396,38.192927920964344,37.7046087050773,38.112876892089844,5112300
2015-02-27,38.00883056853061,38.3290409807224,37.920772552490234,37.920772552490234,5805800
2015-03-02,37.89674011038767,38.12889239792655,37.7286310968256,37.80067825317383,7016300
2015-03-03,37.73663501646966,37.73663501646966,37.36038841586271,37.69660949707031,6018900
2015-03-04,37.52049567719406,38.00881498134091,37.48047015552252,37.632568359375,5558500
2015-03-05,37.52848559758733,38.02480855952476,37.480453161109445,37.976776123046875,4842600
2015-03-06,37.76865598928341,37.832696208445874,37.10422077468378,37.224300384521484,7264900
2015-03-09,37.22429050543637,37.60854087968759,37.14423948929048,37.48846435546875,4465200
2015-03-10,37.16026327932247,37.31236455086224,36.95212871530994,36.96013259887695,5106100
2015-03-11,37.13624087776342,37.3443784523878,36.992146573408455,37.06419372558594,5030800
2015-03-12,37.20028138772471,37.87272040690166,37.10421648944873,37.82468795776367,5209700
2015-03-13,37.7926627850139,37.80867359989352,37.31235055362817,37.52849197387695,4744100
2015-03-16,37.720609247652476,38.30499014977149,37.720609247652476,38.28898239135742,4763600
2015-03-17,37.96878730423784,38.264979812294705,37.680598678560294,37.69660949707031,5609100
2015-03-18,37.520491664311315,38.144901339861555,37.136241200607984,37.936763763427734,6656700
2015-03-19,37.99278693520617,38.056830183843346,37.728616168953245,37.976776123046875,4013600
2015-03-20,38.15289925020491,38.240957206932585,37.888728433772656,38.00080108642578,7563000
2015-03-23,38.00080108642578,38.20893557653147,37.80067047704498,38.00080108642578,3931100
2015-03-24,37.872705210002756,38.1288720617799,37.61653835822561,37.624542236328125,4595800
2015-03-25,37.656593690836374,38.02483345029662,37.22431064081669,37.24832534790039,5061100
2015-03-26,37.15225322936913,37.45645266820699,36.90409012745518,37.224300384521484,4367400
2015-03-27,37.31236079793811,37.64857884146846,37.16025954169688,37.448448181152344,3444400
2015-03-30,37.62455537063656,37.79266435322218,37.53649741202004,37.6885986328125,2967200
2015-03-31,37.48846847710996,37.60854501453053,37.08820724487305,37.08820724487305,5358100
2015-04-01,37.08820902856053,37.1202276078287,36.46379939969055,36.73597717285156,6369000
2015-04-02,36.91208977087224,37.13623507428438,36.60789039213383,36.9281005859375,3974000
2015-04-06,36.663932447655746,37.28033518211839,36.543855896527404,37.06419372558594,4083500
2015-04-07,37.06419322245574,37.3043493752036,36.95212055475682,36.97613525390625,3161100
2015-04-08,36.99214103093855,37.42442387923524,36.743981030204,37.31235122680664,6011800
2015-04-09,37.22428114870762,37.720604042307116,37.18425565069551,37.624542236328125,4337300
2015-04-10,37.60854612471621,37.784662049299584,37.384400805247154,37.74463653564453,3759900
2015-04-13,37.640043124982014,37.905568637516204,37.41475098298348,37.43888854980469,3064500
2015-04-14,37.422785122411966,37.61589480992883,37.28600152367555,37.57566452026367,3244000
2015-04-15,37.66416697742181,37.7768129982242,37.48715004794727,37.680259704589844,4046600
2015-04-16,37.50323618994169,37.72852819198757,37.31817446406495,37.43082046508789,3769000
2015-04-17,37.2457741766243,37.37451295534847,36.859557840451785,37.21358871459961,4312000
2015-04-20,37.35036839198337,37.58370836303501,37.31013810337516,37.51934051513672,3371900
2015-04-21,37.76876942988844,38.04233968436033,37.59175554949431,37.91360092163086,8616000
2015-04-22,38.01820725081269,38.94351934286803,37.91360603281412,38.90328598022461,7638400
2015-04-23,38.903286099095084,39.12053336665991,38.48488736457166,38.99179458618164,6401900
2015-04-24,38.911332036767575,39.040070810752454,38.694084780160374,38.879146575927734,3451000
2015-04-27,38.84696500337716,38.94352139556125,38.122810478245206,38.21131896972656,5254500
2015-04-28,38.31592376138767,38.40443226820149,37.82510609223857,38.291786193847656,3788400
2015-04-29,38.04235066351397,38.33201373059658,37.72050519849171,37.95384216308594,3566600
2015-04-30,37.76072542511684,37.97797266747719,37.221629734213536,37.35036849975586,5963600
2015-05-01,37.58370823829793,37.76072519083571,37.33427860813026,37.5676155090332,3410100
2015-05-04,37.64002257802009,38.090609685425584,37.64002257802009,37.817039489746094,3126900
2015-05-05,37.83314057510512,37.986016897592926,37.6400308951541,37.696353912353516,4377700
2015-05-06,37.696351916818216,37.80095311581166,37.1974896182999,37.446922302246094,3832700
2015-05-07,37.36646332531124,37.59175847967966,37.31014030406274,37.41474151611328,4488900
2015-05-08,37.89751662883442,38.38028939856871,37.84119359943832,38.27568817138672,4296400
2015-05-11,38.04233957990268,38.41246620743603,38.00210929216786,38.08257293701172,3551400
2015-05-12,37.84118628543696,38.050388699366,37.72854024841716,37.92164993286133,3520500
2015-05-13,37.97798084720501,38.11476447220305,37.720503260664636,37.84119415283203,2651400
2015-05-14,38.12281144884313,39.2573229962049,38.05039568754877,39.1607666015625,8225900
2015-05-15,39.07226031581264,39.29755242626169,38.999844556114766,39.19295120239258,5179000
2015-05-18,39.24927962791404,39.498712405483126,39.24123479545224,39.29755783081055,4221400
2015-05-19,39.24926820008118,39.54697909386514,39.160759721895374,39.434329986572266,4137800
2015-05-20,39.49065767886674,39.71594976385434,39.369963736552265,39.53893280029297,3682300
2015-05-21,39.47455993338171,39.77226773205951,39.345821176977196,39.699851989746094,4193700
2015-05-22,39.50674339526208,39.77226881409311,39.353867077051994,39.45042037963867,3454700
2015-05-26,39.506736273504465,39.611337456252144,38.93545832123579,39.104427337646484,3879600
2015-05-27,39.32168394865372,39.4745633452926,39.09639187281663,39.434329986572266,4348600
2015-05-28,39.32973014678339,39.73203916158861,39.297544688949166,39.63548278808594,5980600
2015-05-29,39.57110717654107,39.635475010204075,39.04810433217625,39.104427337646484,8667200
2015-06-01,39.24122999011262,39.587216061731276,39.080305736205716,39.378013610839844,5055100
2015-06-02,39.14467666551842,39.57916816087976,38.8791511861658,39.378013610839844,5138100
2015-06-03,39.39409353118606,39.53088017680155,39.21707967189533,39.31363296508789,3309600
2015-06-04,39.41019279107974,39.563069119757216,39.04811404487061,39.16880798339844,4687000
2015-06-05,39.09639161211858,39.1285770711305,38.62971166456867,38.98374557495117,3542400
2015-06-08,38.919384974297785,39.080309242643445,38.782601341297806,38.9757080078125,4353000
2015-06-09,39.04007651341904,39.04812134511688,38.62971950120556,38.76650619506836,3402000
2015-06-10,38.91133314025223,39.17685552627465,38.863054947623354,39.02397918701172,5614900
2015-06-11,39.18489302907336,39.62743226793699,39.032013661000896,39.47455596923828,7101200
2015-06-12,39.35387632147242,39.39410661788599,39.13662903758934,39.1607666015625,3692100
2015-06-15,38.863063244332174,38.91134144726776,38.39638622678907,38.678001403808594,4807100
2015-06-16,38.67799546464665,39.05616698946759,38.54121184806233,39.00788879394531,3919700
2015-06-17,39.02398016734403,39.21708987333614,38.88719655552121,39.08030319213867,3724400
2015-06-18,39.17684852254238,40.35963794081621,39.14466613591768,40.182621002197266,7971800
2015-06-19,40.150442919080554,40.319411977123686,40.02170415066088,40.14239501953125,9367200
2015-06-22,40.19872000767893,40.52861330974732,40.1021666939789,40.255043029785156,4627000
2015-06-23,40.40791624636479,40.60907074290086,39.98146662653399,40.13434600830078,3258300
2015-06-24,39.90100995637095,40.1102093026951,39.812501478142686,39.82859420776367,4572400
2015-06-25,39.949280464197614,40.126294317245396,39.65156962751165,39.691802978515625,3607900
2015-06-26,39.804462756445595,40.21481668194383,39.643538504914495,40.20677185058594,6780500
2015-06-29,39.86077964788804,40.110209283457856,39.39409969722626,39.434329986572266,5364300
2015-06-30,39.83664846167809,39.86883392853388,39.35387873634142,39.490665435791016,4514700
2015-07-01,39.748150325407195,39.93321218972303,39.49067268206554,39.844703674316406,3378200
2015-07-02,40.06997268478839,40.086065411867736,39.555017695744745,39.75617218017578,2740300
2015-07-06,39.44237585401047,40.327454451520985,39.361912210089585,40.02170181274414,5783800
2015-07-07,40.19872869942662,40.42402390593923,39.50675648464713,40.39988327026367,6069400
2015-07-08,40.02170562558822,40.30332073270518,39.56307048498071,39.62744140625,5839600
2015-07-09,40.06998398386758,40.17458520469223,39.571121581232255,39.579166412353516,5604800
2015-07-10,39.9331986101822,40.327459774626234,39.74008890865635,40.174583435058594,5028200
2015-07-13,40.425217511393456,40.51415348339041,40.08564716471343,40.19883728027344,5519900
2015-07-14,40.271597897728654,40.73244507457892,40.18266193654721,40.5869140625,4253700
2015-07-15,40.295857860461155,40.41713474944918,39.729904185516034,39.86735153198242,6612000
2015-07-16,40.27969004614341,40.29586050468288,40.05330979499001,40.23926544189453,3830400
2015-07-17,40.037135466800756,40.400963038275385,39.9805404094824,40.34436798095703,5408700
2015-07-20,40.43330811753658,40.69203239135052,40.409053969822715,40.47373580932617,5416600
2015-07-21,40.35245517947154,40.64351726198419,40.231178283691406,40.231178283691406,6399800
2015-07-22,40.32010811419986,41.30648433581144,39.82692000339407,41.21754837036133,10392300
2015-07-23,41.50053031963836,41.83201698419326,41.18521102820376,41.395423889160156,6098500
2015-07-24,41.11244554456737,41.61372046927181,41.10436185800089,41.274147033691406,5982700
2015-07-27,40.94265721950531,41.11244238213569,40.595000124100736,40.98308181762695,5484200
2015-07-28,41.30648424396003,41.4277611209767,40.950743467149756,41.18520736694336,5734900
2015-07-29,41.21755997939877,41.37117472758826,41.03968799840043,41.28224182128906,3530700
2015-07-30,41.193294845707086,41.27414404230979,40.86180820491734,41.04776382446289,3665000
2015-07-31,41.290314314909885,41.338825683175344,40.91031630732834,40.98308181762695,5573500
2015-08-03,41.14479165009481,41.16096210946723,40.538413302528,40.82947540283203,3506600
2015-08-04,41.03158584168001,41.080097201262454,40.659674670810375,40.83754348754883,3487700
2015-08-05,41.21755713241492,41.23372759177057,40.74053937612252,40.81330490112305,5032800
2015-08-06,40.84564238320279,41.24180780938476,40.48181478881153,40.68394088745117,6213200
2015-08-07,40.748623359867665,40.78096119216663,39.915861723128366,40.514156341552734,4351800
2015-08-10,40.76479697201868,41.37117537025998,40.74054282303304,40.958839416503906,3729300
2015-08-11,40.57075435311872,40.84564599494367,40.417139614881165,40.74053955078125,4033300
2015-08-12,40.77287746138705,40.82138883608277,39.79458786985336,40.49798583984375,5395100
2015-08-13,40.44139898935813,40.51416452407625,40.10991223879782,40.295867919921875,4130000
2015-08-14,40.27969642445266,40.6758650109042,40.19884720315239,40.611183166503906,3776400
2015-08-17,40.43331869172955,40.75672180542404,40.22310882676861,40.73246765136719,3216600
2015-08-18,40.675849123814,40.91031300768839,40.62733775946125,40.78095245361328,3288200
2015-08-19,40.538418674248895,40.56267282442155,39.948210707846414,40.295867919921875,6000600
2015-08-20,39.94011050082377,40.02904337607617,39.22053913989916,39.23670959472656,5977400
2015-08-21,38.83245694474908,39.15585986846979,38.10480499267578,38.10480499267578,9305900
2015-08-24,35.98653649797303,37.037594890103456,34.54739937253923,35.33164978027344,18430700
2015-08-25,36.27759676999576,36.46355243857511,34.668674510278834,34.684844970703125,14575400
2015-08-26,35.46100949391983,35.67121931653703,34.19974130561651,35.55802917480469,12675400
2015-08-27,36.8678055627666,37.23163322036101,36.11589609847149,36.900146484375,14260400
2015-08-28,36.87588787684579,37.28014009547519,36.552484868262404,37.207374572753906,9191600
2015-08-31,37.11843260378592,37.70055669165649,36.479713461172295,36.61716079711914,7470200
2015-09-01,35.75206875249791,35.97844901780081,35.06483810051442,35.226539611816406,9000500
2015-09-02,35.82482166994244,35.92992499372812,35.26695180650109,35.768226623535156,7517600
2015-09-03,35.994606567854845,36.20481629821567,35.53375943065727,35.687374114990234,6426200
2015-09-04,35.169937988805145,35.339723156129494,34.53930560491515,34.82228088378906,7057100
2015-09-08,35.29929296404388,35.62269587511606,35.16993241645475,35.60652542114258,5452400
2015-09-09,35.86524790566782,35.986521688868734,34.862701309866424,34.951637268066406,5251200
2015-09-10,34.78186745037165,35.15377881748398,34.50697576941901,34.86271667480469,6952400
2015-09-11,34.87079914500254,35.12143356033891,34.55548289074078,35.0971794128418,5699500
2015-09-14,35.2507905303204,35.2588773014547,34.684839918900195,34.903133392333984,4461300
2015-09-15,34.99206104711978,35.509503245464074,34.85461681252155,35.420570373535156,5105600
2015-09-16,35.39632051949455,35.6469579858364,35.21845165440625,35.461002349853516,4982300
2015-09-17,35.45290739958197,36.50396531102851,35.404399122203564,35.768226623535156,7323700
2015-09-18,35.28312795608661,35.663125972620016,34.95972807929579,35.032493591308594,9063900
2015-09-21,35.29121428981166,35.42865854180253,34.76568525575431,35.008235931396484,5052100
2015-09-22,34.628254346355696,34.64442172465533,33.916769417357536,34.34527587890625,7283400
2015-09-23,34.361431892694554,34.50696290979954,34.03802894708369,34.11888122558594,6280300
2015-09-24,33.95718370551191,34.0784605952828,33.50442014579329,33.90867233276367,7322100
2015-09-25,34.14313427843797,34.35334711164246,32.6797404682954,33.035484313964844,10025100
2015-09-28,32.93847265965561,32.93847265965561,31.53167355919739,31.580184936523438,17219300
2015-09-29,31.74187073798827,32.46144200330954,31.555915158477767,31.9359130859375,12287500
2015-09-30,32.210818581721966,32.687836347922016,31.976351542494868,32.51805114746094,10750300
2015-10-01,32.62315273961856,32.98698035244324,32.48570846599572,32.95463943481445,7897000
2015-10-02,32.542295270466916,33.480160054272666,32.47761345162568,33.45590591430664,8457500
2015-10-05,33.64996020236409,33.77932081351195,33.16485868160969,33.46400451660156,8789300
2015-10-06,33.3508141352084,33.42357967123505,31.758059115625286,32.25124740600586,11689300
2015-10-07,32.76867318374474,33.075905633426004,32.34825064318055,32.849525451660156,9158500
2015-10-08,32.62314840875731,33.326549394905435,32.380597727140376,33.278038024902344,9859100
2015-10-09,33.20528212100263,33.9410211491964,33.10017566434634,33.868255615234375,10400200
2015-10-12,33.65803132168989,33.75505096387866,33.39122345042224,33.609519958496094,6067700
2015-10-13,33.31677022734502,33.658312381939474,33.18665848719828,33.27610778808594,5527100
2015-10-14,33.31678329656485,33.617666232036576,33.064690343969204,33.11348342895508,6417200
2015-10-15,33.39809385176906,34.178764408357125,33.26798209233771,34.04865264892578,7822000
2015-10-16,34.317010483338485,34.37393418517933,33.877882124472706,34.333274841308594,6163500
2015-10-19,34.24381558986757,34.45524599706803,34.024251454250674,34.276344299316406,5531200
2015-10-20,34.21941994967848,34.33326732844792,33.80468666746593,33.94293212890625,5882700
2015-10-21,34.59348915040278,34.845578876521,33.84534439359644,34.31700134277344,8858800
2015-10-22,34.48778478293874,35.43109591780619,33.9592039573375,35.37417221069336,12440000
2015-10-23,35.390435777964555,35.66692367865605,35.12207850577459,35.45549011230469,9582700
2015-10-26,35.4392280598087,35.63439416055756,35.30911318983047,35.463623046875,5716400
2015-10-27,35.40669769576508,35.764504265238095,35.374168979783235,35.68318557739258,5743600
2015-10-28,35.748237319543456,36.406929811004204,35.48801381474365,36.39879608154297,6158300
2015-10-29,36.53704588666885,36.8704574855265,36.43132910592591,36.78913879394531,6887700
2015-10-30,36.74847504874783,36.87045618392266,36.39879910349638,36.43132781982422,8442300
2015-11-02,36.49638270173095,37.000565361138385,36.26868480545912,36.943641662597656,5477800
2015-11-03,36.886715678087064,37.114410458139126,36.626492185996504,37.00869369506836,3933800
2015-11-04,37.179469511966076,37.179469511966076,36.63462441881862,36.74034118652344,6506600
2015-11-05,36.667153132283,37.00869531733248,36.50451266706993,36.74034118652344,5107000
2015-11-06,36.50451249273573,37.13880689171778,36.309346417099185,37.10628128051758,6586300
2015-11-09,36.97617361920286,36.97617361920286,36.488252171926426,36.63462829589844,5946000
2015-11-10,36.667152194045364,37.28518222351028,36.642757210625724,37.21199417114258,5520600
2015-11-11,37.29331850937698,37.301449137038,36.626495365249745,36.6508903503418,4298600
2015-11-12,36.43945022749592,36.56142822266062,35.91086960879104,35.935264587402344,6013900
2015-11-13,35.33351490601223,36.0735262433752,35.33351490601223,35.74824523925781,6797500
2015-11-16,35.69945249563516,36.50451811021347,35.6181306998484,36.49638748168945,6362900
2015-11-17,36.50451970259933,36.732214536516025,36.27682486868264,36.40693664550781,5794300
2015-11-18,36.569575874642176,37.30145343062741,36.561442143935935,37.244529724121094,5691000
2015-11-19,37.17947236888973,37.46409087830146,36.976172547278765,37.18760299682617,6830300
2015-11-20,37.43156663653738,37.71618828207906,37.2770598704041,37.41530227661133,7140700
2015-11-23,37.431566166272866,37.48848987424416,36.80540227647922,36.951778411865234,4593800
2015-11-24,36.68342344134249,37.06562813129419,36.61836600385736,36.95991134643555,4638600
2015-11-25,36.902984622146825,37.12254880254139,36.821662831940074,36.9273796081543,3080700
2015-11-27,36.935516357421875,37.081892501943756,36.846067026533724,36.935516357421875,1678000
2015-11-30,36.95177174603365,37.03309352997237,36.528907775878906,36.528907775878906,7827000
2015-12-01,36.77286677692064,37.016825902966715,36.54516890411685,36.96803283691406,5593200
2015-12-02,36.943640198964005,37.17946871335192,36.69154732819325,36.77286911010742,4840400
2015-12-03,36.88672237458894,36.97617479787986,35.788901409803984,35.90275192260742,6857400
2015-12-04,36.11418186965161,36.88672184819211,36.00846508889742,36.837928771972656,6438500
2015-12-07,37.057485179830536,37.187596920316736,36.82979040950682,37.049354553222656,5559900
2015-12-08,36.854201363316804,37.203877399061476,36.724089566442736,37.041236877441406,5199000
2015-12-09,36.911119309934236,37.16321223413898,36.439465283294695,36.56144332885742,5544400
2015-12-10,36.65903003357215,37.1144197071607,36.59397259328264,36.846065521240234,4953200
2015-12-11,36.40692839211562,36.488247070905494,36.01659315012846,36.073516845703125,5236400
2015-12-14,36.146712302104,36.45572892860327,35.7482432493463,36.4394645690918,6173500
2015-12-15,36.75661371481579,37.342115176796426,36.71595436500054,37.073760986328125,5828000
2015-12-16,37.2201353702911,37.52101826725158,36.79727132753372,37.44783020019531,7576500
2015-12-17,37.48035390650518,37.58607067858267,36.79726640604344,36.805397033691406,5792200
2015-12-18,36.561453407590655,36.62651086484577,35.53682327270508,35.53682327270508,13044400
2015-12-21,35.82141645296418,35.935263820197235,35.431081292975946,35.81328582763672,5453300
2015-12-22,35.9678197795199,36.2361771502893,35.75638923761013,36.171119689941406,4367300
2015-12-23,36.37440626552335,36.74034659055061,36.293087572010315,36.675289154052734,4353000
2015-12-24,36.5451773831663,36.837929643188104,36.5451773831663,36.675289154052734,1462900
2015-12-28,36.528913815387305,36.69968803883914,36.447595120112624,36.61836624145508,2742900
2015-12-29,36.821667180611136,37.366512381961186,36.73221475187385,37.26079559326172,4071200
2015-12-30,37.28519550509376,37.4315716619707,36.76474832602457,36.813541412353516,4912000
2015-12-31,36.68342296017325,37.00057020847987,36.51265184217881,36.520782470703125,4192400
2016-01-04,35.731974420128516,35.82142683519736,34.56096860076763,34.91064453125,12227500
2016-01-05,34.93504413062728,35.13021334401986,34.650425592460415,34.90251541137695,8245200
2016-01-06,34.40647564644096,34.95131788077681,34.32515382646604,34.60977554321289,5906000
2016-01-07,33.89414372008679,34.30074332987467,33.6664489312804,33.780296325683594,7151400
2016-01-08,34.04052412007306,34.07305283746387,32.96710126304994,33.07281494140625,7477700
2016-01-11,33.15412217845078,33.25983891250102,32.609277258752954,33.1215934753418,7839700
2016-01-12,33.33303893684457,33.837221608009806,33.23545279240563,33.715240478515625,7328900
2016-01-13,33.94436965483195,34.11621841638408,32.86417297981138,32.962371826171875,5754400
2016-01-14,33.01147357448063,33.81343760197611,32.847806745633875,33.63340377807617,7326800
2016-01-15,32.61049747734478,33.48611162251181,32.52866560500024,33.175148010253906,10464800
2016-01-19,33.63340915858974,33.813443011290644,32.83963006247839,33.08512878417969,7997300
2016-01-20,32.51229993563301,32.9623814953036,31.98038650027174,32.70051574707031,11279900
2016-01-21,32.880544968799484,32.880544968799484,32.11131483237927,32.30771255493164,10089500
2016-01-22,32.896915169779234,32.896915169779234,32.520483563488725,32.75779724121094,8854600
2016-01-25,32.757791076205066,32.86417498724343,32.389544599438466,32.45500946044922,5304600
2016-01-26,32.61868656422675,33.093317101450644,32.446837738077726,32.86418533325195,5360400
2016-01-27,32.69233765938158,33.9525686722651,32.651421716716285,33.11787033081055,10530700
2016-01-28,31.43209908407387,31.50574901182608,29.459921153915296,30.040935516357422,23544400
2016-01-29,30.024567216724275,30.99019817351353,30.016385279189137,30.973831176757812,16124300
2016-02-01,29.599037016837308,31.6775989446077,29.599037016837308,31.464834213256836,14252500
2016-02-02,31.096577598321858,31.69395884600321,30.949277770489743,30.99837875366211,9632400
2016-02-03,31.284796238424224,31.43209607984999,30.360081260959202,31.112947463989258,6914000
2016-02-04,30.916552944304517,31.276620684243515,30.71197013631587,31.104768753051758,5103800
2016-02-05,31.28479890461267,31.38299776670357,30.376450845636615,30.613767623901367,5750200
2016-02-08,30.43374943093272,30.801999255314062,30.024583653106152,30.654699325561523,7802000
2016-02-09,30.245515748433302,30.916546979436113,30.171865826899563,30.278249740600586,8691600
2016-02-10,30.75288085165924,31.243878208944505,30.376446214609796,30.450096130371094,7909400
2016-02-11,29.819994885141956,30.15551063194489,29.476297197937917,29.738162994384766,7724000
2016-02-12,30.03276648422591,30.401016281232227,29.78726766011734,30.3846492767334,6424800
2016-02-16,30.384638369401554,31.104767578719912,30.376453309246916,31.088403701782227,7960200
2016-02-17,31.399366221034608,31.554851141719553,31.292985416202022,31.464834213256836,6358900
2016-02-18,31.374810619257527,31.82489204426623,31.276611773472087,31.350261688232422,5617800
2016-02-19,31.358449440614294,31.628500218715846,31.211149583774464,31.530298233032227,5735000
2016-02-22,31.530299329566795,32.11131683916809,31.530299329566795,32.04584884643555,4946300
2016-02-23,31.841265923392317,31.955831788526982,31.342083406717812,31.415733337402344,6144300
2016-02-24,31.243892019379757,32.176789283592356,31.07204318053774,32.078590393066406,7054800
2016-02-25,32.094957588109494,32.4386552678604,31.89037474396639,32.43047332763672,7608300
2016-02-26,32.307720099597724,32.635053875873034,32.09495533019914,32.3404541015625,8741400
2016-02-29,32.19314391580783,32.60230944441663,31.702146530151367,31.702146530151367,8463400
2016-03-01,31.84128896341115,32.29137081140852,31.751271969474086,32.18498992919922,9693900
2016-03-02,32.20131624245012,32.38135002024672,31.99673353920283,32.19313430786133,7498100
2016-03-03,31.554847748801937,31.824895383467684,31.170231140066264,31.76761245727539,13516200
2016-03-04,31.792159344043043,32.217691855278794,31.751243416780692,32.06221008300781,7419200
2016-03-07,31.914910247515238,32.23405885052077,31.84944226654736,32.06221008300781,5955800
2016-03-08,31.873989252311898,32.315888688527934,31.81670633891552,32.054019927978516,7704200
2016-03-09,32.127672160228045,32.23405605924607,31.923089419946784,32.144039154052734,6196000
2016-03-10,32.25043899146762,32.63505573221589,31.76762336092552,31.939472198486328,8716900
2016-03-11,32.119492323972786,33.10149016585802,31.980377549895632,33.0360221862793,11786400
2016-03-14,32.98692848971027,33.28971012929213,32.72506278169048,33.14241027832031,5707800
2016-03-15,32.86417384214799,33.011473676396314,32.36499141738257,32.65140914916992,5309200
2016-03-16,32.84780495211062,32.99510477786147,32.55320530060892,32.88053894042969,5393000
2016-03-17,32.89690824844819,33.068757016683136,32.348624831436716,32.970558166503906,6089900
2016-03-18,33.027851335177445,33.502481859688324,32.84781745259428,33.37973403930664,10143900
2016-03-21,33.20788208677481,33.36336389327322,33.09331309486005,33.35517883300781,4054800
2016-03-22,33.14240782248185,33.682506195462295,33.01147497817403,33.57612228393555,6652300
2016-03-23,33.42065633887667,33.82982206137923,33.29790537345121,33.37155532836914,4087600
2016-03-24,33.256971767353626,33.46973957822792,33.02784008335214,33.346988677978516,4261000
2016-03-28,33.36336365256187,33.55157945539226,33.23243078443265,33.4533805847168,3328000
2016-03-29,33.347003416025885,33.9853008873807,33.31426941193424,33.93620300292969,4127000
2016-03-30,34.04257322584556,34.3208059305528,33.952559425172,34.083492279052734,3433000
2016-03-31,34.083493144699965,34.36990779431168,33.96892416316973,34.23079299926758,5168400
2016-04-01,33.98528467252757,34.58266591459214,33.84616990404135,34.52538299560547,3972900
2016-04-04,34.648153349864124,34.918201102218795,34.500853440693675,34.63178634643555,4407800
2016-04-05,34.378085427878496,34.582668186753885,34.27988657769016,34.40263748168945,6582700
2016-04-06,34.35354982552968,35.3191810718381,34.35354982552968,35.229164123535156,6261000
2016-04-07,34.918188905384795,35.114589756238644,34.56630938048458,34.86909103393555,4901300
2016-04-08,35.00820700533461,35.13095793144324,34.46810854949094,34.672691345214844,4920300
2016-04-11,34.754521004862475,35.09003661351116,34.74633594614517,34.76270294189453,3948800
2016-04-12,34.664503980358646,35.24551828005483,34.664503980358646,35.04093551635742,5100200
2016-04-13,35.29616992645835,35.74900097414641,35.139738296386014,35.691368103027344,4140700
2016-04-14,35.716074166140494,35.946605676549936,35.63373924045407,35.82310485839844,3118700
2016-04-15,35.839571015098144,35.85603799985479,35.551406633747305,35.74077224731445,3620400
2016-04-18,35.55139912372448,36.23476157261,35.55139912372448,36.18536376953125,4268800
2016-04-19,36.22653195550697,36.23476387629161,35.8066348988643,36.103031158447266,7786600
2016-04-20,36.621736577833985,36.70407150400252,35.82310506815881,36.201839447021484,8693500
2016-04-21,36.04540022190312,36.4899993462316,35.88896859256795,36.12773513793945,6171500
2016-04-22,35.996004739429644,36.36650089289234,35.996004739429644,36.29240417480469,4691800
2016-04-25,36.234771728515625,36.39120652412541,36.07010815109373,36.234771728515625,4136800
2016-04-26,36.35826662132938,36.43236647538412,36.028933238695856,36.12773513793945,3372700
2016-04-27,36.168906341825235,36.22653922114382,35.971305655049825,36.08657455444336,5035100
2016-04-28,32.99908525536644,34.32464461398648,32.924985390781536,33.279014587402344,54527700
2016-04-29,33.237847100887564,33.24608216364472,31.764088083732084,32.02755355834961,30646800
2016-05-02,31.98637390136719,32.20867341062771,31.63234169855471,31.986373901367188,21292300
2016-05-03,31.945212441249357,31.969914483975582,31.45944747770815,31.7393798828125,18241600
2016-05-04,31.574719547395183,31.665286393812053,31.286555164028986,31.368886947631836,13975300
2016-05-05,31.51709130191238,31.887590664079642,31.368891557045476,31.698225021362305,16531000
2016-05-06,31.467680998065376,31.615880684143818,31.047780840591308,31.26184844970703,11399900
2016-05-09,31.377122027146434,31.764088319949487,31.187756412154112,31.27008819580078,11156200
2016-05-10,31.53355365559376,31.53355365559376,31.105421471195246,31.368886947631836,11228200
2016-05-11,31.45121740222181,31.52531725323598,31.20421894575985,31.294782638549805,10598300
2016-05-12,31.401818172470055,31.426517077240675,30.89135424908952,31.28655242919922,10395400
2016-05-13,31.171295410691382,31.335962150349193,30.850196995774905,30.95722770690918,9337900
2016-05-16,30.95722175578646,31.624120509857423,30.95722175578646,31.492387771606445,10178500
2016-05-17,31.467686949536112,31.533551744274938,30.916053982412805,31.047786712646484,8357100
2016-05-18,31.080739974975586,31.368904519764882,30.86667533324039,31.080739974975586,10603000
2016-05-19,30.924287360793606,31.023086117899926,30.372654423708617,30.66082191467285,8221300
2016-05-20,30.916061807183933,31.105427458525526,30.85842891941722,30.95722770690918,7807600
2016-05-23,31.056026051587605,31.080724960421367,30.68552671529884,30.767858505249023,7126700
2016-05-24,30.866658058873377,31.344188057385278,30.81725710423164,31.27008819580078,8678000
2016-05-25,31.33596757751098,31.92053162081947,31.31126552079216,31.846431732177734,16141100
2016-05-26,31.821708723260578,32.06870711813901,31.73114191229565,32.01930618286133,12446000
2016-05-27,32.142823270668416,32.4392227513165,32.04402134994799,32.35688781738281,12339400
2016-05-31,32.38158731461791,32.66151664564994,32.225152522857265,32.62858581542969,15887000
2016-06-01,32.41452680505323,32.62035946751491,32.35689391082453,32.52156066894531,11554800
2016-06-02,32.521542859326544,32.63680858466151,32.398042073178814,32.546241760253906,12758500
2016-06-03,32.53802348355765,32.55449047133241,32.126358211459134,32.25809097290039,10841200
2016-06-06,32.31570770087786,32.422741497515155,32.15104104622553,32.249839782714844,9157100
2016-06-07,32.20869687329716,32.34042966281086,32.04403010121566,32.05226516723633,10202700
2016-06-08,32.027549939280796,32.15928266170395,31.82171736419739,32.03578186035156,9134000
2016-06-09,32.00285720825195,32.17575900861555,31.92052541056015,32.00285720825195,10093100
2016-06-10,31.83817927729135,31.862881320518657,31.475915097765924,31.615882873535156,7926100
2016-06-13,31.550026465726003,31.739392115581193,31.163060101681122,31.171295166015625,11065900
2016-06-14,31.179519024323437,31.195986007976096,30.825486727681227,31.006620407104492,9613200
2016-06-15,31.080733944486628,31.17953274913651,30.792569455608906,30.81726837158203,7716300
2016-06-16,30.75962932332186,30.90782907104236,30.36443104298611,30.874895095825195,10267500
2016-06-17,30.79255970921884,30.94899136213088,30.65259190123954,30.784324645996094,9900000
2016-06-20,31.187773866222173,31.34420559899951,31.080739974975586,31.080739974975586,7707300
2016-06-21,31.28655241852113,31.434752128606178,31.03955394863136,31.064252853393555,8841100
2016-06-22,31.05601581638606,31.98637667107659,31.05601581638606,31.89581298828125,10868100
2016-06-23,32.14282073617212,32.62858581542969,32.10165484282955,32.62858581542969,10755500
2016-06-24,31.591179262749577,31.747614012656154,31.212448120117188,31.212448120117188,16525000
2016-06-27,30.88312497973077,30.940761002932902,30.2656271185938,30.422061920166016,12802100
2016-06-28,30.69374749246427,30.94074905413644,30.512616992194754,30.92428207397461,8379700
2016-06-29,31.24538592494096,31.90404954547046,31.24538592494096,31.755849838256836,8366500
2016-06-30,31.82172573327625,32.3651237487793,31.755857784363553,32.3651237487793,10425000
2016-07-01,32.36512728774427,32.69445764604836,32.24162644040711,32.55449295043945,6904600
2016-07-05,32.36512200986337,32.570954628021546,32.2827870781462,32.47215270996094,10029300
2016-07-06,32.332191776024175,33.657754492769996,32.315724787776524,33.6165885925293,13177200
2016-07-07,33.6165763318893,34.22583897105781,33.591874288148716,34.052940368652344,17624400
2016-07-08,34.2505408514358,34.802173811844895,34.21761002484522,34.48930740356445,11071800
2016-07-11,34.6045843544717,34.83511905979541,34.57988544134155,34.67868423461914,9052300
2016-07-12,34.85980501828697,35.11503854189067,34.69513833017994,34.96683883666992,8266200
2016-07-13,34.991700987543396,35.22365253045794,34.668621561208866,34.76803207397461,7920200
2016-07-14,35.07454275429392,35.14081327472083,34.80945435238028,35.024837493896484,9011900
2016-07-15,35.12423256626961,35.23192250961176,34.81772166878359,34.875709533691406,7693500
2016-07-18,34.83429862150789,34.983411213570186,34.63548393882643,34.867435455322266,7524200
2016-07-19,34.743173020909836,34.78459564217069,34.46151626088853,34.627197265625,8462800
2016-07-20,35.45559534531216,35.55500267350416,34.87571347067184,35.331336975097656,13686500
2016-07-21,35.52187096567288,35.969205547289455,35.463883091016996,35.654415130615234,11456400
2016-07-22,35.66269289958889,35.83665649985525,35.46387825931354,35.76210021972656,10204500
2016-07-25,35.68755886011523,35.985780918803826,35.67927307064726,35.96092987060547,11525900
2016-07-26,35.94435303353918,36.13488506534343,35.919501991160985,36.118316650390625,8664800
2016-07-27,36.09346495037274,36.366839051960035,35.82009400888742,36.17630386352539,15188200
2016-07-28,36.46624715227449,37.410624686669316,36.391690864816894,36.82246017456055,18284700
2016-07-29,36.76446472848837,37.377480156765536,36.66505425895581,37.07097244262695,13423200
2016-08-01,37.07096913944508,37.75854393865651,37.04611810432697,37.518306732177734,12152400
2016-08-02,37.87453734903879,37.93252523148094,37.1621111817751,37.33607482910156,10352700
2016-08-03,37.336063505845694,37.35263191867611,37.137248872083994,37.236656188964844,7783100
2016-08-04,37.32778602617497,37.35263706879619,37.09583137466929,37.12068557739258,6583500
2016-08-05,37.27808233829657,37.617726962085854,37.170389215601766,37.493465423583984,6555300
2016-08-08,37.327784045268054,37.61772339413611,37.17867147724966,37.294647216796875,7657900
2016-08-09,37.33605930723919,37.42718398750827,37.26978882347158,37.34434509277344,6486200
2016-08-10,37.34435444128981,37.51831805984252,37.01299245919716,37.12068557739258,6026000
2016-08-11,37.153822777392506,37.394060079228794,37.0709838540501,37.31950378417969,5756200
2016-08-12,37.12898403663577,37.36093562694316,36.90531507736647,37.31123352050781,6686300
2016-08-15,37.44375939040447,37.468610431445136,37.153816884488606,37.402339935302734,6525600
2016-08-16,37.29464550365186,37.344350744075385,37.12896452900849,37.2118034362793,7584400
2016-08-17,37.39404922239449,37.39404922239449,36.81416744705104,37.01298522949219,8630300
2016-08-18,37.0129863798998,37.06269161708035,36.656773413693074,36.74789810180664,6548800
2016-08-19,36.59051892545183,36.70649787294106,36.1597526180475,36.64850997924805,9439100
2016-08-22,36.515954375928935,36.74790587832015,36.275717085536776,36.59050750732422,6518400
2016-08-23,36.75618706051993,36.79760651858893,36.36684036254883,36.36684036254883,7400600
2016-08-24,36.41653832751152,36.532514061022425,35.67926131296212,35.76210021972656,7578500
2016-08-25,35.76210232074186,36.44967729566815,35.01654263575525,35.488731384277344,38568600
2016-08-26,35.38933412705689,35.85323722034159,34.86743998700879,35.60471725463867,18670500
2016-08-29,35.62127632626219,36.093465085220764,35.57985686953112,35.82837677001953,9223200
2016-08-30,35.62955908929314,35.9195016077191,35.256780817191476,35.48044967651367,12176200
2016-08-31,35.51359248551431,35.60471721018226,34.7348957512567,34.809452056884766,12445800
2016-09-01,34.72659973121545,35.074530108346934,34.57749032398982,35.0413932800293,10739200
2016-09-02,35.091104343415715,35.16566063944686,34.70175444635278,34.867435455322266,7208200
2016-09-06,34.87571360941503,35.05796301191039,34.627193707895366,34.925418853759766,7079100
2016-09-07,34.91714152216944,35.03311728312808,34.602347913779916,34.71004104614258,11063600
2016-09-08,34.892274616355415,34.892274616355415,34.50292801200598,34.66860580444336,7694300
2016-09-09,34.428378936860476,34.44494735158726,33.96447280481651,33.972755432128906,10977900
2016-09-12,33.84021957212731,34.39525054121264,33.773949057072464,34.312408447265625,7759600
2016-09-13,34.1550055052212,34.16329129279841,33.53370416121623,33.6662483215332,6930000
2016-09-14,33.70767642875632,33.99761902642132,33.591700653731465,33.80708694458008,7707800
2016-09-15,33.79051753952143,34.17986432144624,33.67454176787988,34.06388854980469,6099900
2016-09-16,33.92305256483834,34.817724818714616,33.82364523887474,34.6851806640625,15790200
2016-09-19,34.82601524731828,35.09110359195172,34.45323377514553,34.52779006958008,7552700
2016-09-20,34.751450203155876,34.792869654057064,34.444942474365234,34.444942474365234,4866700
2016-09-21,34.478084535638004,34.801160755489725,34.179859360358776,34.72660446166992,5461300
2016-09-22,34.9254153051392,35.19878938110587,34.82600798665208,34.975120544433594,5829700
2016-09-23,34.99997685322276,35.14080364560563,34.83429585740009,34.95027160644531,6912300
2016-09-26,34.801161042438544,34.8094468307659,34.46980219169791,34.52779006958008,6378200
2016-09-27,34.55263845413838,35.07453247499945,34.428380079715716,35.06624984741211,5964900
2016-09-28,34.99996712090037,35.231918554492864,34.718310454351794,35.033103942871094,5228300
2016-09-29,34.88399499823895,34.9999707269843,34.179851679268246,34.32896423339844,6785700
2016-09-30,34.577483701128145,35.18221648163806,34.53606109361411,35.033103942871094,7451000
2016-10-03,34.84258565559588,35.273355030275106,34.693473058202976,35.24850082397461,5947400
2016-10-04,35.19050305754927,35.44730871649933,34.6768948997508,34.875709533691406,5870700
2016-10-05,35.07452568259877,35.463875465947716,35.06624305661541,35.405887603759766,7218700
2016-10-06,35.36447704428392,35.66270224293128,35.05796921683082,35.596431732177734,7250200
2016-10-07,35.6212827786975,35.778678006826915,35.265069698102316,35.596431732177734,7249800
2016-10-10,35.74552976359993,36.267420488436464,35.67097349432311,36.03546905517578,8285100
2016-10-11,36.035479604113014,36.035479604113014,33.981043444975846,34.09701919555664,23896100
2016-10-12,34.22207187001963,34.53052814953545,34.03032860544541,34.16371536254883,6403900
2016-10-13,33.96363681698927,34.38047083046135,33.68852484160595,34.16371536254883,6544700
2016-10-14,34.32209768013788,34.62221856094753,33.988632508274854,34.005306243896484,8819000
2016-10-17,33.955297913322994,34.13870589452179,33.80523741601328,33.838584899902344,7252700
2016-10-18,33.83858720849434,34.52219477390301,33.76355695472064,34.322113037109375,9604900
2016-10-19,33.780213789202065,34.497168481905035,33.29668502242482,33.35504150390625,19299600
2016-10-20,33.355042835378576,34.02197953068591,33.34670755777267,33.963623046875,8725900
2016-10-21,33.688515760582646,33.8552499570651,33.48009881002715,33.763545989990234,7276400
2016-10-24,34.00531705602464,34.11369160173855,33.6051568144425,33.68852233886719,6998800
2016-10-25,33.696858765887455,33.85525771995171,33.47177120624322,33.5051155090332,6598400
2016-10-26,33.346724868485545,33.58015092490366,33.146643119990365,33.313377380371094,7196700
2016-10-27,33.42174767984601,33.78856042679974,33.39673865942826,33.58848190307617,6583200
2016-10-28,33.55514135604477,33.84692392184684,32.93822555667424,32.96323776245117,12519600
2016-10-31,32.87151904631891,32.96322300600169,32.69644958520997,32.7131233215332,8241700
2016-11-01,32.71314372422578,32.80484456091096,32.212940863129816,32.554744720458984,8078500
2016-11-02,32.55473341303223,32.69645862085038,32.2629508972168,32.2629508972168,6323200
2016-11-03,32.39632633127878,32.63809072006499,31.929471288814693,31.996166229248047,7529400
2016-11-04,32.054534363221855,32.87986387984189,32.02118688088403,32.58808135986328,8748100
2016-11-07,33.046595399318164,33.31336887574568,32.96322988050608,33.230003356933594,6458800
2016-11-08,33.02993290831801,33.41342269395218,32.713141284791746,33.20500564575195,6654400
2016-11-09,34.59722446737515,34.62223349149759,32.65477636235361,33.40507888793945,13102900
2016-11-10,33.78022488608799,34.063672109335066,33.61349066414429,33.855255126953125,9716400
2016-11-11,33.66351018960965,33.74687570628813,33.263349985209864,33.46342849731445,5729000
2016-11-14,33.438424445276944,33.48844249063744,32.596417972876274,32.679786682128906,11193400
2016-11-15,32.75481623625535,33.29669852405462,32.554734518480025,33.188323974609375,9264700
2016-11-16,33.18000597737636,33.55515744195859,33.05495760931094,33.305057525634766,8894100
2016-11-17,33.34672208036346,33.76355610636801,33.34672208036346,33.671852111816406,6582600
2016-11-18,33.605154246459755,33.69685504424311,33.1799818358876,33.21332931518555,7015100
2016-11-21,33.22166720711526,33.45509640036462,33.046597697321424,33.146636962890625,8614700
2016-11-22,32.86320006294511,33.02159906178882,31.52099688552413,31.762758255004883,16242500
2016-11-23,31.712733038726533,32.621431330505,31.59602002183243,32.49637985229492,9568900
2016-11-25,32.57975061955149,32.688125181965624,32.46303441510401,32.64644241333008,2733000
2016-11-28,32.69645536797642,32.69645536797642,32.26294768747125,32.296295166015625,5727800
2016-11-29,32.39633777889605,32.529724526706694,32.22960354908501,32.287960052490234,7338500
2016-11-30,32.30463015773228,32.30463015773228,31.73773574829102,31.737735748291016,14916800
2016-12-01,31.77941870536321,31.9294791782267,31.16250625487161,31.345911026000977,9008500
2016-12-02,31.412609863546717,31.74607832892599,31.345914898394472,31.596017837524414,7252800
2016-12-05,31.771083587040028,32.05453079497689,31.671044331353663,32.03785705566406,9514700
2016-12-06,32.04619186651036,32.22126453663909,31.86278709713298,32.029518127441406,6136100
2016-12-07,31.787765321196762,32.08788634392897,31.195858557389833,32.07954788208008,10888600
2016-12-08,31.954498122555012,32.337984665184116,31.687721418779052,32.246280670166016,7046900
2016-12-09,32.362991947351055,32.796499694891516,32.32964446365,32.679786682128906,7802500
2016-12-12,32.679786682128906,32.93822173033437,32.5630736693663,32.679786682128906,7771700
2016-12-13,32.77149679641381,33.07161466523484,32.654780581648666,32.8798713684082,7483300
2016-12-14,32.86318311095029,33.17164248632537,32.237932261683895,32.36298370361328,11284100
2016-12-15,32.312963840426775,32.55472827548662,31.904468382750892,32.454689025878906,9229400
2016-12-16,32.52973467943736,32.7881729753142,31.662718957971748,31.762758255004883,15107500
2016-12-19,31.87112180201571,32.20459021700207,31.72939979277033,31.962825775146484,10153500
2016-12-20,32.01284694344346,32.10454773624622,31.696052267700555,31.8377742767334,6992900
2016-12-21,31.837769635529437,31.912799858841666,31.59600840947005,31.87945556640625,9190600
2016-12-22,31.804439090420463,31.962834883572143,31.6043573483734,31.921152114868164,7980900
2016-12-23,31.954491071916948,32.22126453663909,31.86278709713298,32.029518127441406,4625600
2016-12-27,32.07953762491906,32.463024062375275,32.07120234592671,32.1795768737793,6633700
2016-12-28,32.20459865998358,32.321311681769956,31.74608185431226,31.862794876098633,6828500
2016-12-29,31.92948197413075,32.10455148107125,31.77108620787852,31.937820434570312,7050800
2016-12-30,31.95449885098969,32.40467719468161,31.88780387847751,32.02119064331055,10445600
2017-01-03,32.20460557986463,32.57975693063859,31.962841022677843,32.554744720458984,9677300
2017-01-04,32.56306784934624,33.12162379064794,32.56306784934624,32.813167572021484,22644500
2017-01-05,32.713132153939675,33.138301414310995,32.49637670340458,33.09661865234375,12080100
2017-01-06,33.096622720572995,34.17205528455064,33.06327523482378,33.99698257446289,14628900
2017-01-09,34.005305795284244,34.230396452921994,33.86358063446499,33.963623046875,10992500
2017-01-10,34.0219932030185,34.697262267110574,33.996980999769484,34.42215347290039,9256300
2017-01-11,34.44312228651725,34.75357097576552,33.973254692137814,34.46829605102539,10699400
2017-01-12,34.224977969927096,34.224977969927096,33.82223285127328,34.16624450683594,8633400
2017-01-13,34.19140415808523,34.70322691649526,34.141059834054964,34.34243392944336,9533300
2017-01-17,34.12428336835995,34.43473527738112,34.006816462560856,34.31726837158203,8272700
2017-01-18,34.44311703643699,34.485069036578665,33.99002775314902,34.199790954589844,7195100
2017-01-19,34.099114157111615,34.17462905680016,33.76349487017726,33.897743225097656,7160200
2017-01-20,33.99003779745091,34.208193383826085,33.85578943688672,33.94808578491211,5908000
2017-01-23,33.830615407141224,34.02359720565583,33.729929947206,33.84739685058594,7351900
2017-01-24,33.83060896839199,33.98163872991689,33.662797766616286,33.82221984863281,7773700
2017-01-25,33.360738243566495,33.95646816990689,32.93282271973427,33.82221984863281,16890200
2017-01-26,33.94809572578534,34.50187077536385,33.93970660111439,34.36762237548828,9410200
2017-01-27,34.49346897908537,34.66128021746586,34.31726861911579,34.40117263793945,7033600
2017-01-30,34.28370893193871,34.51864276716436,34.20819402765426,34.40956497192383,13811600
2017-01-31,34.17463283647261,35.064030286644744,34.06555503580678,35.04724884033203,12318200
2017-02-01,34.82908637170581,35.5506724172084,34.77035292155867,35.517112731933594,11948800
2017-02-02,35.517109977085504,35.90307353403929,35.11436177769673,35.869510650634766,11836900
2017-02-03,36.02892069370048,36.18834275033691,35.69330154431231,35.89467239379883,11642200
2017-02-06,35.71848389941702,35.86951368678845,35.43320576779687,35.601016998291016,8735200
2017-02-07,35.718487537087796,36.06249915430605,35.659754080543216,35.98698425292969,8697300
2017-02-08,35.793988477902246,35.852721911539305,35.47514755192103,35.575836181640625,6731400
2017-02-09,35.57585049878259,35.89468835234481,35.50872471862211,35.69331741333008,5138400
2017-02-10,35.861122131347656,35.91146325656565,35.64296658629372,35.861122131347656,3692400
2017-02-13,36.079281357657955,36.26387405395508,35.961814442099204,36.26387405395508,5672400
2017-02-14,36.08766394547084,36.69178305979442,36.04571194047233,36.62466049194336,8458800
2017-02-15,36.498812198638916,36.98546456430631,36.43168640996737,36.918338775634766,7946400
2017-02-16,36.91832086005024,37.094521168706564,36.700168554199394,37.08613204956055,8975500
2017-02-17,37.06096460468794,37.50566481276311,36.99384203788756,37.49727249145508,9632000
2017-02-21,37.4637211687832,37.88324770728813,37.37142481819476,37.765777587890625,11387800
2017-02-22,37.65670299240745,37.8496848160317,37.59796953307544,37.765777587890625,7534600
2017-02-23,37.7825655813014,38.185310743974526,37.631535745207216,38.093017578125,9459400
2017-02-24,38.00071173153901,38.32794189453125,37.950367398488964,38.32794189453125,7608600
2017-02-27,38.18529306600551,38.22724826829043,37.91679641519122,38.143341064453125,6142600
2017-02-28,38.10139447716983,38.11817592032197,37.61474542869006,37.82450866699219,14211400
2017-03-01,38.06783726072436,38.344726312875125,37.916807450593666,38.2524299621582,8886300
2017-03-02,38.17692289260095,38.46220112576184,38.05106362474927,38.336341857910156,11164100
2017-03-03,38.10980061532219,38.22727076984036,37.84969613215377,37.9671630859375,6789600
2017-03-06,37.748980588426704,38.07621061376773,37.63990284640241,37.86644744873047,6001300
2017-03-07,37.59797013368904,37.89163743504032,37.48050001241499,37.757389068603516,6476300
2017-03-08,37.782551615391306,38.14334462372707,37.69025528292409,38.05944061279297,6398500
2017-03-09,38.05944696051556,38.37828801656198,38.05105463758273,38.28599166870117,5691000
2017-03-10,38.40345942915885,38.462192888047845,38.18530383837104,38.361507415771484,6105900
2017-03-13,38.30276460668236,38.4118391747163,37.95036073864127,38.20207595825195,7040500
2017-03-14,37.91678766532598,37.96713197601066,37.564387092728644,37.58955764770508,7504500
2017-03-15,37.72382312075134,38.09300849909448,37.6399190988006,38.025882720947266,6844400
2017-03-16,37.900015660317365,38.06782687029638,37.438537233424526,37.740596771240234,6704200
2017-03-17,37.84129798081668,37.983938688976345,37.56441208962923,37.916812896728516,12277400
2017-03-20,37.916797101388525,37.95035998353085,37.648300445715144,37.740596771240234,3521600
2017-03-21,37.883227992268004,38.076209715461566,37.42174647948795,37.58955764770508,5567100
2017-03-22,37.707047475036525,37.81612528093377,37.41338015231367,37.59797286987305,5198900
2017-03-23,37.51405539163137,37.748992386397376,37.413369937150456,37.56439971923828,3952800
2017-03-24,37.55600857692272,37.88324191554392,37.42176023315491,37.53083801269531,4753200
2017-03-27,37.3630241697497,37.58956883415148,37.245557277259756,37.50566482543945,6914700
2017-03-28,37.53922770921737,37.57278739226252,37.136479505347914,37.50566482543945,5377400
2017-03-29,37.48050308227539,37.62314378371017,37.228787774681194,37.48050308227539,4186900
2017-03-30,37.44693228773914,37.47210285081688,37.220387617840885,37.37980651855469,4411600
2017-03-31,37.1952141677154,37.606348269493466,37.1952141677154,37.26233673095703,7146500
2017-04-03,37.270727900311776,37.43014999814964,36.98545298993407,37.31268310546875,7955000
2017-04-04,37.36302222694102,37.37980366795737,36.926714362713625,37.06935501098633,5399200
2017-04-05,37.060971342978924,37.37142327316581,36.6666185895866,36.75052261352539,7762300
2017-04-06,36.758899967829244,36.758899967829244,36.37293329297296,36.64142990112305,6067300
2017-04-07,36.599499824957626,36.876388918347615,36.55754780494719,36.77570343017578,5327800
2017-04-10,36.77569588257509,36.88477047206968,36.53236973542569,36.57432174682617,4321300
2017-04-11,36.485674204617794,36.806462163786485,36.42658151633356,36.789581298828125,4871900
2017-04-12,36.570092582176066,36.798022910135586,36.46034763457109,36.705162048339844,4778900
2017-04-13,35.79345041470428,36.266192021414994,35.785006760121206,36.02137756347656,11427000
2017-04-17,36.021379554298115,36.620753470706326,35.71747559903542,36.56166076660156,8068500
2017-04-18,36.375933197784214,36.79802571424942,36.266188241816366,36.66295623779297,10131200
2017-04-19,36.95842487261634,37.14414663629728,36.401262801884315,36.798030853271484,13454600
2017-04-20,36.88245144125251,37.270779093455694,36.73894149828368,37.12726593017578,5871900
2017-04-21,37.093498943394735,37.12726712646761,36.66296588030479,36.74738311767578,7519800
2017-04-24,37.203242533198235,37.36363656631322,37.0090803182766,37.2538948059082,6727000
2017-04-25,37.321408300160385,37.47336181797844,36.941524505615234,36.941524505615234,6793100
2017-04-26,37.08504860542977,37.270770342428435,36.899326868431096,36.975303649902344,5591200
2017-04-27,37.110373892432804,37.1525825007198,36.8064667602698,36.84867858886719,7487300
2017-04-28,36.865565003236426,36.933101362906385,36.722055069404064,36.840240478515625,6014100
2017-05-01,36.78113882432635,36.85711560031285,36.570092582176066,36.705162048339844,5119100
2017-05-02,36.857125048732854,36.94998593433372,36.6460787524803,36.80647277832031,6166100
2017-05-03,36.81491499692906,36.93310040296883,36.713613680367935,36.90777587890625,4579700
2017-05-04,36.93308884993679,37.64220428466797,36.90776433379596,37.64220428466797,6551400
2017-05-05,37.63377630496353,37.72663396830784,37.549355856044826,37.684425354003906,5893200
2017-05-08,37.73508096017325,37.903918652629706,37.67598825086016,37.718196868896484,6320100
2017-05-09,37.69287407210726,37.794175404106056,37.61689726803034,37.709754943847656,4943100
2017-05-10,37.735068410230156,37.735068410230156,37.456485827281426,37.56623077392578,5253300
2017-05-11,37.47336836597086,37.47336836597086,36.9584150456403,37.02595138549805,7071600
2017-05-12,37.05972540810144,37.28765254034201,37.03439766649993,37.110374450683594,5775800
2017-05-15,37.07660913218077,37.33830768015742,37.05972826355967,37.177913665771484,4223500
2017-05-16,37.64221806931067,37.64221806931067,36.64607927905991,36.882450103759766,7159300
2017-05-17,36.8824467082654,36.8824467082654,36.34216874708458,36.367496490478516,5989300
2017-05-18,36.443471258645346,36.536332140086486,36.19866001339508,36.283077239990234,5225100
2017-05-19,36.42658764227325,36.570097560723624,36.30839902551875,36.435028076171875,5883000
2017-05-22,36.52788206748959,37.03439173403702,36.384368955771535,36.91620635986328,5802200
2017-05-23,36.89933270310233,37.28765710522085,36.82335590961733,36.87400817871094,4672400
2017-05-24,36.96687308733825,36.96687308733825,36.63764135315573,36.74738311767578,4585400
2017-05-25,36.95843079652162,37.144152589971085,36.67140767042302,37.10194396972656,4473400
2017-05-26,37.07660426607173,37.861696586651775,37.00063070631586,37.74351119995117,8624100
2017-05-30,37.532470098097114,38.072748065920315,37.32142381564675,37.98833084106445,8119700
2017-05-31,38.157162128318475,38.6214632279808,38.14027804210946,38.54548645019531,10449800
2017-06-01,38.42732054414247,38.91694641113281,38.38511191738134,38.91694641113281,7385500
2017-06-02,39.11109442862316,39.2968129475156,38.9591408638773,39.25460433959961,6885700
2017-06-05,39.313698830341735,39.465652402027864,39.15330482481106,39.35590744018555,7810600
2017-06-06,39.32214295351386,39.42344426240939,39.102653027211254,39.13642120361328,6048300
2017-06-07,39.153317527695755,39.33903611532507,39.02668843677033,39.30527114868164,4358400
2017-06-08,39.30526861596073,39.659824895206825,38.7649873204298,39.440338134765625,8364400
2017-06-09,39.5163079338882,39.93840050785291,39.389678873574475,39.92151641845703,9117300
2017-06-12,39.9215178578991,40.28451774222223,39.820213317871094,39.820213317871094,7365500
2017-06-13,39.87931058859131,40.24230726485124,39.84554240744262,40.06502914428711,7163700
2017-06-14,40.065022595749845,40.41113834517459,40.05658216199774,40.216976165771484,6076900
2017-06-15,40.166338577748455,40.8079179961271,39.98905721529036,40.622196197509766,9366700
2017-06-16,40.672837556866604,40.84167521752996,40.352046323637275,40.69816207885742,9902200
2017-06-19,40.807908004925665,41.50857996580424,40.6475139946789,41.27220916748047,7409500
2017-06-20,41.27221119723959,41.61832697765442,41.15402579226537,41.1709098815918,8500700
2017-06-21,41.187789307168366,41.305974698760295,40.76569678273412,41.00206756591797,8271800
2017-06-22,41.02739283699432,41.86313746759075,40.95141605239465,41.59299850463867,8714100
2017-06-23,41.51702678671372,41.668980374457256,41.33974867444988,41.43260955810547,9343900
2017-06-26,41.5423479029357,41.74495374340812,41.27220892917954,41.289093017578125,5302600
2017-06-27,41.32287617817485,41.47482980855036,41.069621200986255,41.08650207519531,3893200
2017-06-28,41.30597030139232,41.381947076514535,40.81634147942471,40.92608642578125,8366300
2017-06-29,41.13713455200195,41.53390253142521,40.94297238896573,41.13713455200195,6048500
2017-06-30,41.179349005050014,41.40727937323388,41.03583908081055,41.03583908081055,4723300
2017-07-03,41.13713478839276,41.39883329849855,41.078042095838256,41.1202507019043,2454800
2017-07-05,41.12871092168272,41.44949903324417,41.07805864181493,41.365081787109375,5637200
2017-07-06,41.22155361593036,41.246878134521964,40.436461336489685,40.4702262878418,5665300
2017-07-07,40.66439977789716,40.926098350751374,40.504005748263864,40.892330169677734,4354300
2017-07-10,40.875439934476894,40.96830080831445,40.63906914311622,40.71504592895508,3479900
2017-07-11,40.6897305920255,40.88389281737304,40.55466107785716,40.64752197265625,4084400
2017-07-12,40.889429548546815,41.330835462833264,40.74512545021383,41.11013412475586,3906900
2017-07-13,41.11013646706389,41.19502085466892,40.600823665170054,40.81303787231445,7016600
2017-07-14,40.91490572515155,41.6873654217787,40.87246352518721,41.51759338378906,4111000
2017-07-17,41.517588612454645,41.619450528289214,41.35630697587226,41.3902587890625,3358400
2017-07-18,41.330849386507154,41.46666638757042,40.982818118899246,41.373294830322266,4163600
2017-07-19,41.42421884432656,41.99295468921291,41.39026378890271,41.95899963378906,6485000
2017-07-20,42.17122166588702,43.40206512832666,41.89109726407404,43.16438293457031,12331200
2017-07-21,43.062509014420286,43.23228103757595,42.858785177139104,43.1558837890625,7980300
2017-07-24,43.1304271818133,43.28322170740387,42.84181565993474,43.1219367980957,8584300
2017-07-25,43.27472650072361,43.29170402813405,42.96913748360033,43.14739990234375,5692800
2017-07-26,43.07100592082274,43.13042565220815,42.67204209169285,42.78239440917969,6057100
2017-07-27,42.71449121767795,42.74844628058245,42.36645991823947,42.536231994628906,7370900
2017-07-28,42.57865647575253,42.61261152451919,42.02689826675523,42.111785888671875,5688300
2017-07-31,42.111792950325125,42.307029656274786,41.72980668297482,41.74678421020508,6036200
2017-08-01,41.772261909490716,41.857149572115915,41.35632369609355,41.72133255004883,5098000
2017-08-02,41.712825470564525,41.814687386814725,41.415726865613124,41.789222717285156,4841500
2017-08-03,41.81467791988584,41.84014582178135,41.534556904084766,41.729793548583984,4365700
2017-08-04,41.79771916086764,41.89958109189022,41.67038931849012,41.814693450927734,3334700
2017-08-07,41.81468539205363,41.91655054157631,41.678868430821844,41.84864044189453,2898300
2017-08-08,41.7977154690525,41.7977154690525,41.432706740484505,41.49212646484375,3390700
2017-08-09,41.39025992304666,41.48363469767487,41.11013883729405,41.39875030517578,4102900
2017-08-10,41.37329313933708,41.46666469276901,40.787579715207855,40.79607009887695,4652200
2017-08-11,40.94885388935999,41.3987469619105,40.796059404695335,41.20351028442383,3978900
2017-08-14,41.37329186997242,41.80620751796903,41.33933681260298,41.661903381347656,3248400
2017-08-15,41.644927369853896,41.772253982429255,41.43271311076234,41.441200256347656,2922100
2017-08-16,41.62794636782212,42.32400882052418,41.568526639284066,42.28156661987305,6492100
2017-08-17,42.12877570704596,42.57018175542828,41.80620912589492,41.84016418457031,6633100
2017-08-18,41.67888065411506,41.738300389696946,41.32236224062377,41.373294830322266,4810800
2017-08-21,41.40723883137903,41.58550124258888,41.23747004071383,41.49212646484375,4282000
2017-08-22,41.55154830509841,42.31551761639115,41.49212857771338,42.196678161621094,4018800
2017-08-23,42.060855562876064,42.23911472122806,41.91655145510497,42.13725280761719,4559000
2017-08-24,42.222146333675475,42.30703073385661,41.87411511192116,41.91655731201172,3871800
2017-08-25,42.094821324957934,42.27308052866999,41.89109420776367,41.89109420776367,4852400
2017-08-28,42.052376493422706,42.739948589975924,42.035398964872535,42.663551330566406,6126900
2017-08-29,42.36645188493146,42.68052806191194,42.009933506434535,42.5701789855957,4117300
2017-08-30,42.459834722160316,42.621116413757115,42.33250485533498,42.536231994628906,2926200
2017-08-31,42.69750054587064,43.3341432078015,42.53621890390901,43.24076843261719,6207800
2017-09-01,43.317177735804826,43.63974434762339,43.13043137160076,43.44450759887695,4599400
2017-09-05,43.155883733936605,43.44449520149296,42.98611171099781,43.31716537475586,4027200
2017-09-06,43.461481869501156,43.64822821969617,43.34264239988632,43.4529914855957,7719500
2017-09-07,43.631248161870744,43.81799448738548,43.40205639870369,43.707645416259766,4631700
2017-09-08,43.537881698906524,44.2678993274135,43.537881698906524,44.15754699707031,6221800
2017-09-11,44.43766484317442,44.64987910362536,44.14905331943583,44.522552490234375,3668800
2017-09-12,44.556506498435205,44.598948701898095,44.03870319704326,44.352779388427734,3759600
2017-09-13,44.34429106945978,44.42068832892423,44.04718917681692,44.14056396484375,4214100
2017-09-14,44.08114179672122,44.225445924324205,43.775552775759245,43.87741470336914,5568300
2017-09-15,43.92834528361973,44.03869758907684,43.70764391083766,43.936832427978516,6699700
2017-09-18,44.04718450569677,44.216956535184046,43.80101522484682,44.20846939086914,3371000
2017-09-19,44.267895620198914,44.34429288278741,43.60578493172113,43.639739990234375,3790900
2017-09-20,43.62275176285119,44.072644844354876,43.62275176285119,44.04718017578125,4967000
2017-09-21,44.03869783932813,44.123582235926946,43.614269380069736,43.65671157836914,5737600
2017-09-22,43.724621716755436,44.63290166655054,43.71613457171395,44.57347869873047,7979000
2017-09-25,44.53103350828246,44.80266746523149,44.40370691241197,44.658363342285156,9778100
2017-09-26,44.666854343421974,45.2440773613108,44.64138966967562,44.862091064453125,6960100
2017-09-27,44.862084334640386,45.05732426451584,43.758571050027214,44.267887115478516,8025600
2017-09-28,46.474919911980344,46.51736211358854,45.50722346753071,45.53268814086914,14861100
2017-09-29,45.532688534604254,45.660018378662336,45.23558988264532,45.29500961303711,8459000
2017-10-02,45.53268008130666,45.58361265710057,45.15918423988015,45.56663513183594,8681900
2017-10-03,45.62606430053711,45.83827855309775,45.583622097651485,45.62606430053711,4464900
2017-10-04,45.558148648874486,46.12688446044922,45.507219306854026,46.12688446044922,5629700
2017-10-05,46.15235007285004,46.78050562168283,46.13537254578621,46.61922073364258,5143100
2017-10-06,46.602253194278724,46.73807019232799,46.271196225784266,46.687137603759766,4302100
2017-10-09,46.72957127857448,46.72957127857448,46.35607541164938,46.39851760864258,3985600
2017-10-10,46.49189539447626,47.05214085019644,46.28816830233607,47.026676177978516,4943100
2017-10-11,46.90783925681078,46.98423652099665,46.10991479386149,46.21177673339844,6940000
2017-10-12,46.2672093229204,46.685181908268035,46.15631724245281,46.668121337890625,4405000
2017-10-13,46.60841526111225,46.73636792374147,46.4463447085571,46.616947174072266,4951800
2017-10-16,46.59135974871113,46.83873318787285,46.50606013367619,46.599891662597656,3725500
2017-10-17,46.56576711396178,47.11169241984464,46.4036965556439,46.96668243408203,5433000
2017-10-18,47.069039745272704,48.28031103709312,46.84725556954953,47.57231521606445,9043700
2017-10-19,47.68321691972233,47.92205846115394,47.26524096824505,47.768516540527344,4864800
2017-10-20,47.91351691451777,48.143829749157305,47.71732522292957,48.04146957397461,5528700
2017-10-23,47.947650336967904,48.357094396528645,47.82822955967587,47.836761474609375,4709000
2017-10-24,47.76850780797153,47.828218182413785,47.069040632529656,47.23964309692383,7201000
2017-10-25,47.239637883109914,47.66614237003658,47.07756409553634,47.33346939086914,6113200
2017-10-26,47.20552659654659,47.50407849812445,46.983745648798994,47.324947357177734,5032600
2017-10-27,47.33348451566284,47.44437337483773,47.06905047784232,47.23112106323242,4724300
2017-10-30,47.06904936430307,47.17994147482656,46.11367994202516,46.309871673583984,7542500
2017-10-31,46.471949851182934,46.523131584553184,46.08809498583728,46.258697509765625,7676200
2017-11-01,45.96865704006632,46.548703452569534,45.729815548084275,46.0624885559082,7641900
2017-11-02,46.105146296440935,46.61695376535209,46.02837533880285,46.378108978271484,6953200
2017-11-03,46.54870817206798,47.34200692683539,46.46340856027494,47.3164176940918,4567100
2017-11-06,47.18845663044667,47.2566989109222,46.92402267456055,46.92402267456055,3133500
2017-11-07,47.04346566221255,47.13729395479905,46.634018321960774,47.05199432373047,4844000
2017-11-08,46.89844840240814,47.21406091532956,46.67666742807819,47.128761291503906,3712600
2017-11-09,46.96669668119782,47.34201962935177,46.83874397520517,47.29936981201172,3644000
2017-11-10,47.111697781204384,47.188468739453995,46.378109347701866,46.744903564453125,5032600
2017-11-13,46.651069685158745,47.23111617298572,46.54018083746514,47.17140579223633,3854500
2017-11-14,46.95814381479831,47.094625121778336,46.71077042903106,46.92402267456055,6180400
2017-11-15,46.72784330489283,46.983748670097526,46.52312291749534,46.7704963684082,4999800
2017-11-16,47.009327383864964,47.632023574955426,46.796075129903656,47.376121520996094,6866900
2017-11-17,47.162879416939475,47.52114171878979,47.10316903329775,47.393192291259766,6284200
2017-11-20,47.47849244004735,47.49555301470299,47.02639860057439,47.162879943847656,3699400
2017-11-21,47.29936169918632,48.04147880632668,47.29082978479822,47.87087631225586,4613000
2017-11-22,47.79410355663566,47.89646700161474,47.40172011279794,47.5979118347168,3552100
2017-11-24,47.64055739761665,47.93058062460146,47.54672912903843,47.87940216064453,2148300
2017-11-27,47.913511172932225,48.21206625789788,47.77702987105307,47.896453857421875,4518300
2017-11-28,48.02441740188917,48.02441740188917,47.41025298940474,47.78557586669922,6841700
2017-11-29,47.84528486593447,48.02441601214318,47.23964913124497,47.41025161743164,7277900
2017-11-30,47.48701845500222,48.16089647348656,47.17993789022301,48.08412551879883,10086300
2017-12-01,48.02441607633301,48.34856047512377,47.1458176641592,47.7514533996582,5322300
2017-12-04,47.88792446112088,47.93910617225309,46.65106076751322,46.668121337890625,4589100
2017-12-05,46.60841361386557,47.188460023734166,46.35251155162267,46.736366271972656,4321100
2017-12-06,46.82167619933339,47.00933927154618,46.33546119766568,46.625484466552734,7828600
2017-12-07,46.71078002180629,46.86432193043739,46.36104639747362,46.65106964111328,4421900
2017-12-08,46.625481899852126,46.787552473495495,46.34399056100082,46.608421325683594,5103900
2017-12-11,46.719316468148435,47.01786840057798,46.471943007579945,46.86432647705078,4273000
2017-12-12,47.2993628943733,47.65762521240006,47.05198943441843,47.51261520385742,9860700
2017-12-13,47.48701525414623,47.56378620365923,46.744898244834935,46.96668243408203,9962300
2017-12-14,46.958150948886775,47.10316418994281,46.59988868387456,46.68518829345703,5935200
2017-12-15,46.941102698424345,47.39319985900924,46.779032096084784,47.342018127441406,14655500
2017-12-18,47.35906558946782,48.21207468887328,47.27376272714439,48.10971450805664,6053900
2017-12-19,48.20354666523896,48.578872781804485,48.15236819768675,48.45092010498047,7116800
2017-12-20,48.399746402311585,48.87742950100873,48.10972312640029,48.638587951660156,11948400
2017-12-21,48.74094067432902,48.85183277121889,48.39973897816478,48.56180953979492,6154700
2017-12-22,48.570338199261116,48.894482576492976,48.416796297097164,48.56180953979492,5449300
2017-12-26,48.63006491721465,48.834788606877915,48.536236615673836,48.62153625488281,3187900
2017-12-27,48.69829365355046,49.13332689857518,48.66417250579157,49.022438049316406,5243900
2017-12-28,48.99684018482864,49.21009245396277,48.93712980978879,49.01390075683594,3387100
2017-12-29,49.13332626547132,49.27833951459217,48.68123245239258,48.68123245239258,3995200
2018-01-02,49.64513147109502,50.498140591718744,49.32098709414597,50.148406982421875,10112800
2018-01-03,50.31901005003718,50.344599282686396,49.738963580863086,50.25929641723633,5683700
2018-01-04,50.75405014880692,50.839349771837945,50.12282187487237,50.17400360107422,6240000
2018-01-05,50.36166531329073,50.40431512365178,50.02046032245847,50.31901550292969,5836900
2018-01-08,50.199592837189115,50.310484950307085,49.92663013872338,50.17400360107422,5411500
2018-01-09,50.41283832107486,50.41283832107486,49.79867395969234,50.25929641723633,7466900
2018-01-10,50.11428715610989,50.25076848884426,49.72190373124503,50.18252944946289,4340800
2018-01-11,50.268241840682784,50.53393718322316,49.95968945750918,50.525367736816406,4240900
2018-01-12,50.53392573104334,50.77391267997675,50.38822228841629,50.43107604980469,6320900
2018-01-16,50.47394736160732,50.688219512586834,49.908269013802766,50.0882568359375,7175000
2018-01-17,50.36251719531837,50.65392740669074,50.2510980479797,50.55965042114258,5037500
2018-01-18,50.37965555220712,50.7996303105233,50.16538345030827,50.628211975097656,5658600
2018-01-19,50.765347067010495,51.15103751252115,50.533932799704104,50.83391571044922,7362300
2018-01-22,50.46536148408888,51.0567512512207,50.09681324283018,51.0567512512207,6841900
2018-01-23,51.01390295262218,51.05675671954918,50.55107442293178,50.76534652709961,8122100
2018-01-24,52.282385740795405,54.99078787857784,52.05954422377314,52.89949035644531,11704900
2018-01-25,54.150854376005036,55.36791853696314,53.41375770633933,54.18513870239258,15261900
2018-01-26,54.125125908027584,54.37367902308901,53.713720658580996,54.356536865234375,10242800
2018-01-29,54.07370757116409,54.39940208034615,53.868004915487845,54.26226806640625,8638500
2018-01-30,53.516605377197266,54.09942582544915,53.388044062441615,53.516605377197266,6497600
2018-01-31,53.70515550009175,53.79086302667208,53.01091276447389,53.276611328125,7804400
2018-02-01,52.92520632064291,53.602306910890384,52.84806823732949,53.29375457763672,8101600
2018-02-02,53.310900033889936,53.49945726179084,52.830929344755376,52.873783111572266,12346500
2018-02-05,52.79665033237991,53.028064619900064,50.18253105929646,50.33680725097656,11548200
2018-02-06,49.64256544317561,50.791064189233516,49.136886355798275,50.4482307434082,15214700
2018-02-07,50.2253891931415,51.29674991201853,50.13968164344472,50.28538513183594,6872700
2018-02-08,50.37109990170767,50.42252639727923,48.18552451768899,48.22837829589844,6874500
2018-02-09,48.53692292242315,49.44543464463799,47.63698064665821,48.99974822998047,8028400
2018-02-12,49.45400458767612,49.69398830921508,48.75119231499801,49.205448150634766,8234200
2018-02-13,48.974032232708964,49.53114101849363,48.69119475174207,49.4025764465332,5816600
2018-02-14,49.12831426533894,50.05397144687566,48.98261078465257,49.95111846923828,3728900
2018-02-15,50.328233396319455,51.00533076768282,49.99396943346844,50.996761322021484,3871900
2018-02-16,50.94533641195766,51.88813567091648,50.851059428641456,51.57101058959961,7849200
2018-02-20,51.15104852709814,51.31389418603207,50.431093963624946,50.671077728271484,8182500
2018-02-21,50.62821579877152,51.41673889346921,50.41394368068986,50.55965042114258,4793800
2018-02-22,50.748207661771964,50.911056564015176,50.396801518899366,50.55965042114258,5539900
2018-02-23,50.7567862434618,51.202472692924175,50.55108354773554,51.1767578125,5190400
2018-02-26,51.30532600825305,51.93100031694715,51.19390357068094,51.879573822021484,5364200
2018-02-27,52.068123973441644,52.488098757665576,51.75957160454782,51.896705627441406,6747700
2018-02-28,51.99956356969185,52.38525409194503,51.579591988431126,51.70815658569336,8325700
2018-03-01,51.56243959875477,51.579581759625825,50.165384548326394,50.38822937011719,9711900
2018-03-02,50.12253984963328,51.0224822062272,50.07968607446852,50.962486267089844,7979200
2018-03-05,50.49107949743956,51.96527264962354,50.48251005169721,51.742427825927734,9000400
2018-03-06,51.930989918132624,52.299538217466534,51.519587849708664,52.17954635620117,6620000
2018-03-07,51.65671808159717,52.64236777646688,51.5881494404587,52.530948638916016,7726500
2018-03-08,52.57380508574452,53.09662955772091,52.539520763427035,53.02806091308594,5245800
2018-03-09,53.18233589680809,54.59653310000687,53.15662429041522,54.51082229614258,8184400
2018-03-12,54.50225393874806,54.81080629975457,54.35654720403591,54.5279655456543,8858500
2018-03-13,54.75937764561607,54.8108041269228,54.00513893411477,54.16798782348633,6428500
2018-03-14,54.35654286474682,54.52796119268086,53.76515306638368,53.8765754699707,5162100
2018-03-15,54.03942053663617,54.10798917492925,53.585164751308696,53.64516067504883,3364900
2018-03-16,53.80801170176968,54.270840248227756,53.74801577199174,54.150848388671875,11840900
2018-03-19,54.10798917482811,54.20226941771462,52.87377984181595,53.36231994628906,5286200
2018-03-20,53.55089130179682,53.79087504546869,53.268053785259724,53.696598052978516,3943000
2018-03-21,53.78230673442592,54.05657480999499,53.43090055825723,53.49946594238281,3478300
2018-03-22,52.98520113854962,53.22518482850158,52.15382439902665,52.22239303588867,5345300
2018-03-23,52.308105566908665,52.36810149513665,50.876769465565516,50.996761322021484,6000800
2018-03-26,51.66529506533166,52.410964433613856,51.15104325989099,52.3423957824707,5694700
2018-03-27,52.51380208377108,52.813781689814775,51.41673007363129,51.665283203125,6365300
2018-03-28,51.87956081486578,52.033836991429254,50.722492760172614,50.76534652709961,8128800
2018-03-29,51.056755598059574,51.75099837734576,50.82534133829751,51.35673522949219,6656600
2018-04-02,51.27101824099736,51.502432458076946,49.39399617295026,49.89110565185547,6686500
2018-04-03,50.05396269635254,50.62821034153714,49.71112603656316,50.568214416503906,6113500
2018-04-04,50.00254797135855,51.091050862117605,49.23973965701195,50.962486267089844,7405200
2018-04-05,51.33961270066871,51.55388486841853,51.03962970409869,51.305328369140625,6644500
2018-04-06,50.94533721782671,51.082471241540304,48.84547309274985,49.34258270263672,7447100
2018-04-09,49.591140158340124,50.66250076228099,49.239734011028844,49.89969253540039,5712300
2018-04-10,50.585371257809456,51.09105367951972,50.31967260588249,50.6882209777832,5178400
2018-04-11,50.25966646066053,50.61107259630745,49.891118163575584,50.09682083129883,4044900
2018-04-12,50.38101996559186,50.966645759637494,50.34657061646664,50.66522216796875,4572300
2018-04-13,50.966650175430615,51.13889365070926,50.35518895919894,50.372413635253906,8223700
2018-04-16,50.811626942304876,51.26806931948301,50.742728244097215,51.04415512084961,6807500
2018-04-17,51.37143018808844,51.63840449709777,50.85469967837751,51.5006103515625,5604600
2018-04-18,50.811628750742415,51.345580539772676,49.476747635531325,51.25946044921875,12648500
2018-04-19,51.25946237540455,51.69868011016754,50.983874132951115,51.56949996948242,7675500
2018-04-20,51.54365900884359,51.62978238405447,50.656609598432006,50.975257873535156,5867500
2018-04-23,51.05276876058402,51.20778755522312,50.458532237981444,50.67383575439453,4516100
2018-04-24,50.889141734919555,50.95803715516685,49.66621599413684,50.2173957824707,7480300
2018-04-25,49.98487455483504,50.527437152789155,49.69206158606088,50.510215759277344,5910000
2018-04-26,50.54464498714142,51.259454134713025,50.381015521137655,51.24222946166992,7372800
2018-04-27,51.23362625839506,51.40586644346752,50.93219936397637,51.29391098022461,4135400
2018-04-30,51.46615066423541,51.50060001502288,50.03653545926417,50.062374114990234,6096100
2018-05-01,49.69204979543973,50.69966862564859,49.562866377852075,50.65660858154297,6406400
2018-05-02,50.372411597691666,50.43269631881002,49.66621304908785,49.821231842041016,4519900
2018-05-03,49.76955203967635,49.898732153436846,48.925562812413936,49.89012145996094,5641000
2018-05-04,49.64037022863094,50.880520386133824,49.502576131716225,50.58770751953125,5833200
2018-05-07,50.80302029868954,51.4661522528272,50.75995696624051,51.08721923828125,5656100
2018-05-08,50.91496816554683,50.92358214485946,50.157102249561845,50.56187057495117,6778500
2018-05-09,50.64799250509616,51.31112762672612,50.312116312111826,51.15610885620117,4103400
2018-05-10,51.354191569445774,52.19818089241233,51.12166339598499,52.155120849609375,4791100
2018-05-11,51.86231632724428,52.792425885891525,51.86231632724428,52.75797653198242,5768100
2018-05-14,52.964666751260026,53.54167861698593,52.86993267532985,53.412498474121094,7705700
2018-05-15,52.912972651655785,53.03354533863934,51.94841415267594,52.137882232666016,5333500
2018-05-16,52.16374359479071,52.66324940545742,52.01733875838446,52.33598709106445,3588600
2018-05-17,52.361806414854705,52.671843956055326,51.99148416122845,52.585723876953125,4157900
2018-05-18,52.55127896134538,53.28330955123654,52.48238026403902,53.14551544189453,6357700
2018-05-21,53.395263805568,53.81726007793744,53.214409668239846,53.48999786376953,4610100
2018-05-22,53.48139917504762,53.64503197154947,52.49961553712199,52.869937896728516,6802200
2018-05-23,52.72352879374041,53.36943937536145,52.72352879374041,53.25748062133789,4318000
2018-05-24,53.30055124033683,54.01536066935587,53.30055124033683,53.834503173828125,5783900
2018-05-25,53.81726482495685,53.894774217115796,53.44694253856089,53.71391677856445,3839100
2018-05-29,53.033561596213815,53.283311168352334,52.40487246266044,52.79241943359375,4967400
2018-05-30,53.20581729070191,53.95507608143799,52.91300430341088,53.455570220947266,5954100
2018-05-31,53.30916065475431,53.593359634335805,52.97328435485402,52.990509033203125,6322200
2018-06-01,53.36082034025143,53.81726600868069,53.26608627161006,53.74836730957031,3595800
2018-06-04,53.670865412560396,54.351225377590836,53.636416058193255,54.27371597290039,4063300
2018-06-05,54.33400359362847,54.51485778577936,53.92062117502439,54.28232955932617,4469400
2018-06-06,54.35122383732168,54.730156868807846,54.06702159975369,54.7215461730957,4064400
2018-06-07,54.73875741509028,54.98850695269944,54.14451771339279,54.411495208740234,3834300
2018-06-08,54.265084780686806,54.60957164455655,54.1186799989678,54.4890022277832,4674900
2018-06-11,54.49763031602624,54.66987380293926,54.170371304689894,54.36845016479492,5339300
2018-06-12,54.48901079795261,54.61819092826888,53.92060968285711,54.187583923339844,4869100
2018-06-13,54.30815798959311,54.402888773396626,53.80004157977967,53.937835693359375,6189100
2018-06-14,54.13591055695216,54.45455880525305,54.03256580066252,54.22203063964844,3980800
2018-06-15,54.13591791910456,54.325386069127546,53.61918749684305,54.178977966308594,11859400
2018-06-18,53.903376890273485,54.14451572543024,53.636399404728344,54.10145568847656,3672700
2018-06-19,53.6019673669452,53.74837218793671,53.32637583076096,53.688087463378906,5302300
2018-06-20,53.57612716055872,53.82588003237397,53.42972234380074,53.51584243774414,5121300
2018-06-21,53.36943028114646,53.481385730821565,52.921598626634385,53.179962158203125,4065600
2018-06-22,53.59335027665599,53.731144394117756,53.10245852786901,53.343597412109375,4389700
2018-06-25,53.136916556256644,53.19720128716174,51.94844004576639,52.33598709106445,6012600
2018-06-26,52.22401428097741,52.61156122205163,52.09483415746637,52.37042236328125,4303800
2018-06-27,52.71492062555713,53.5158500979041,52.0948486328125,52.0948486328125,6665200
2018-06-28,52.06900172642098,52.9474404693995,52.06900172642098,52.76658630371094,4237200
2018-06-29,52.95605872864811,53.283317735306646,52.46516364811787,52.52545166015625,5807300
2018-07-02,52.215413126682044,52.55128610855399,51.94843556621583,52.534061431884766,4365200
2018-07-03,52.508216466188685,52.73213065143681,52.21540358685156,52.37042236328125,2245200
2018-07-05,52.69768365813271,52.88715179006948,52.32736137404031,52.81825637817383,4065200
2018-07-06,53.02494936948901,53.73975861565435,52.75797182840238,53.53306579589844,3647900
2018-07-09,53.593350091594615,53.93783702669495,53.51584069546058,53.77420425415039,3654900
2018-07-10,53.877550042069004,54.35982778862053,53.800040649191686,54.09285354614258,3963600
2018-07-11,53.87755492347253,54.153143170833836,53.67947607601103,53.886165618896484,3414100
2018-07-12,54.067829741930325,54.3273546646839,53.964020432836584,54.27545166015625,3736500
2018-07-13,54.28409899798564,54.88100662763894,54.25814749670802,54.552276611328125,5326800
2018-07-16,54.457116814886604,54.500370417114745,53.38440965942177,53.44496536254883,5764400
2018-07-17,53.4968771182789,54.725296706972415,53.24600157972984,54.32735824584961,7946200
2018-07-18,55.63363115470425,56.663084729758005,55.53847124776263,56.0142707824707,10650600
2018-07-19,55.95371461649977,56.204590132723936,54.94156315106081,55.17513656616211,6761100
2018-07-20,55.028074310709854,55.40006123917705,54.74259458884687,54.777198791503906,5763700
2018-07-23,54.725292438715336,54.75124724070417,54.38790971320606,54.67338943481445,4790900
2018-07-24,54.97616619899319,55.89315773902178,54.863704194075,55.711490631103516,6545400
2018-07-25,55.5038748510546,56.54197454923489,55.469270647771665,56.42951583862305,5863900
2018-07-26,56.541981600230066,57.00912850268922,56.1180916072881,56.801509857177734,5517000
2018-07-27,56.67173471482301,56.92261022109524,56.19593520291423,56.45546340942383,4299000
2018-07-30,56.204594827326254,56.67174169654824,56.204594827326254,56.37760925292969,5108300
2018-07-31,56.55062995017722,56.89665879937442,56.455470036624824,56.69769287109375,5399400
2018-08-01,56.533320502879995,56.87935592739662,55.9796664636841,56.04022216796875,4162900
2018-08-02,55.79800578997546,56.040228635066825,55.287605294933826,55.86721420288086,4706200
2018-08-03,56.03157080090779,56.43816193938609,55.746097673958204,56.42951583862305,3945000
2018-08-06,56.3083996408526,56.66308778586988,56.195940926618334,56.43816375732422,3690700
2018-08-07,56.3862625240363,56.507373943198026,55.99697676245608,56.00562286376953,3329000
2018-08-08,56.00562915965601,56.498727593125494,55.849913517503644,56.09213638305664,4103100
2018-08-09,56.04887345040234,56.291096261412,55.86720634214509,55.91910934448242,2578500
2018-08-10,55.74610664771975,55.88451688305523,55.25300492165678,55.39141845703125,3841200
2018-08-13,55.38275738274861,55.642285609877725,54.81180452317233,54.87236022949219,4407400
2018-08-14,54.88966782153192,55.296255704627924,54.837761510906574,55.04538345336914,3246400
2018-08-15,54.88966887390969,54.984828795194545,54.560935500390805,54.9069709777832,3724900
2018-08-16,55.18379179702971,55.65958474955226,55.01942347884495,55.503875732421875,3714900
2018-08-17,55.57307935221697,56.16133763639694,55.39141222623044,55.98832321166992,4768200
2018-08-20,56.230540558659584,56.34299926374933,55.69418533422633,55.91910934448242,5075400
2018-08-21,56.15268759259551,56.29109780264355,55.79799946670826,56.0142707824707,4045500
2018-08-22,55.80665837643449,56.939918085092074,55.78070687166791,56.81015396118164,5203300
2018-08-23,56.81015723266607,57.24269993722435,56.784205726405034,56.94857406616211,4428500
2018-08-24,57.00912211711055,57.32055335053332,56.913962206893764,57.18213653564453,3831200
2018-08-27,57.48490203876131,57.865541593353846,57.38109605120008,57.82228469848633,3498900
2018-08-28,57.986659890226896,58.055868290233555,57.675228690273215,57.7790412902832,4089300
2018-08-29,57.71848440096255,58.27213838945478,57.64062330254038,58.07316589355469,4446000
2018-08-30,57.90880646904416,58.22888377490409,57.74443816598544,57.97800827026367,4140500
2018-08-31,57.92609728612307,58.16832005719995,57.60601342429975,57.82228469848633,5893900
2018-09-04,57.735797527438784,58.05588150024414,57.588734594019215,58.05588150024414,4898900
2018-09-05,57.92611562422826,57.92611562422826,56.69769598197661,57.09563446044922,6545100
2018-09-06,57.1042897038062,57.26865144348538,56.42087143859477,56.94857406616211,7269700
2018-09-07,56.91397509647101,57.49358078991059,56.82746786761232,57.27730941772461,4060700
2018-09-10,57.48492401288764,57.900167922089786,57.47627791066949,57.57143783569336,3483300
2018-09-11,57.42435761455589,57.80499724384254,57.190787496633405,57.61467742919922,3185100
2018-09-12,57.6146771244221,58.064525156667905,57.6146771244221,57.93476104736328,3233600
2018-09-13,58.159679833702306,59.29293931290009,58.090471434952896,59.25833511352539,6052400
2018-09-14,59.267012895479354,59.53518730403081,59.13724874292643,59.189151763916016,4217000
2018-09-17,59.18913918964508,59.18913918964508,58.401914938200555,58.54032516479492,4255500
2018-09-18,58.61816292872059,59.318879684396826,58.61816292872059,59.18046951293945,5018000
2018-09-19,59.27563391317465,59.65627350622022,59.163175215264,59.25833511352539,3424200
2018-09-20,59.37078427454015,59.69952081575587,59.17181841019127,59.50920104980469,5036700
2018-09-21,59.60437818910649,59.90715672256252,59.5870727871507,59.7341423034668,9331100
2018-09-24,61.23939000474633,62.00931540412165,60.83279885225163,61.80169677734375,10111900
2018-09-25,62.061221380674816,62.48511795573116,61.775748230223094,62.45915985107422,8257300
2018-09-26,62.33804050512188,63.40209825815768,62.268838701732825,63.0128059387207,8854900
2018-09-27,63.168540954589844,63.30695780404885,62.88306775271828,63.168540954589844,5493900
2018-09-28,62.96090308755181,63.65297392371947,62.95225038707864,63.46265411376953,6572100
2018-10-01,63.85195148330654,64.14608395236657,63.61838132853116,64.12013244628906,7208800
2018-10-02,64.01631611349679,64.05957302117203,63.51456502480484,63.85194778442383,6251200
2018-10-03,63.851945491065045,63.92980660206846,62.1996359584405,62.32074737548828,7477900
2018-10-04,62.08717140755441,62.173685220863554,61.48161431485422,62.130428314208984,6166700
2018-10-05,62.13043205981576,62.68408617797,61.46431921768815,61.922813415527344,5426200
2018-10-08,61.92280819297062,62.623525183394264,61.07502168350537,61.80169677734375,5520500
2018-10-09,61.62868293919684,61.93146151355979,61.30860556061798,61.671939849853516,4812300
2018-10-10,61.464313315028576,61.60272353123621,59.50056598447106,59.62167739868164,10559200
2018-10-11,59.62169179798876,60.09749146878203,58.523036103718816,59.154544830322266,11932300
2018-10-12,60.257688822311074,60.78756089243716,59.58883087212038,60.22294235229492,10431300
2018-10-15,60.23165457760943,60.26640106526557,59.25877943209715,59.675724029541016,6674700
2018-10-16,60.414056291929136,61.82994042568539,60.19689578279526,61.630149841308594,7638700
2018-10-17,61.15241306895222,61.40432010577499,60.08398023189112,61.00474548339844,11014700
2018-10-18,60.440116718924195,60.5617260783415,58.60728142414656,59.18927001953125,10959400
2018-10-19,59.180584871047955,59.63228248179662,58.398812269822045,58.711517333984375,7351600
2018-10-22,58.841815973536775,59.80600926707913,58.50304607334227,59.51935577392578,6924900
2018-10-23,58.702832313992886,59.971048932995664,58.19033004974738,59.56278610229492,7446400
2018-10-24,59.70177805456594,60.11003429936276,58.042668362304326,58.146907806396484,8126500
2018-10-25,58.372746824234405,59.35431664462244,57.625714083512655,58.781009674072266,9062300
2018-10-26,57.981869666954545,58.79839549533261,57.13928563166472,58.19034194946289,8379000
2018-10-29,59.06768047355521,59.38908053251764,57.66916574393058,58.46831512451172,7530600
2018-10-30,58.86787829513838,59.36300407830619,58.390129067008864,59.06766891479492,7994400
2018-10-31,59.675722130502216,60.72678512381182,59.5193662546327,59.88420104980469,7795000
2018-11-01,60.014472854102145,61.10896363437511,59.71044947825203,60.935237884521484,6250800
2018-11-02,61.45643491145163,62.003677105078125,60.44880679049799,60.96999740600586,5314600
2018-11-05,61.221896137399185,61.67358709876852,60.79625675061708,61.143714904785156,8558700
2018-11-06,61.09159761021486,61.67358619931105,60.996046453531854,61.63883972167969,3676400
2018-11-07,62.2729530889573,63.07210221527353,62.17740192959198,62.9765510559082,6404500
2018-11-08,62.542233499002876,63.48036859201916,62.49879874152093,63.376129150390625,4676100
2018-11-09,63.30663683084175,63.46299268126227,62.629097021423995,63.22846221923828,4247600
2018-11-12,63.17635587712249,63.32402347404313,61.152417776217334,61.29139709472656,6272700
2018-11-13,61.56066883192943,61.82994576580421,60.153466225408266,60.3619384765625,6570300
2018-11-14,60.89181233245882,61.21321230817615,59.90156082882695,60.29245376586914,5400800
2018-11-15,59.875512893391694,61.45644158497671,59.015558887964076,61.43907165527344,6849000
2018-11-16,61.22190843666303,62.8288952669136,61.117668981307354,62.576988220214844,9860800
2018-11-19,62.54222238181388,62.89836877366114,61.04815712011657,61.27400588989258,7224400
2018-11-20,61.143725774619504,61.45643750624183,59.81470422883174,59.98843002319336,8222500
2018-11-21,60.24033195430411,60.56173193654669,59.28482691193543,59.528045654296875,5789400
2018-11-23,59.01556328725907,59.65835676963186,58.92001209873154,59.163230895996094,3262200
2018-11-26,59.701772978255185,60.170833868752446,59.45854762938774,59.77125930786133,6129400
2018-11-27,59.684412497063704,60.58780129733637,59.39775894340494,60.55305480957031,6759000
2018-11-28,60.89182529172567,63.27190339232577,60.89182529172567,63.263221740722656,7915900
2018-11-29,62.91575934035517,64.01893209779772,62.863642925311844,63.63673400878906,6447700
2018-11-30,64.21871282928414,64.47930811873655,63.47168006854832,64.32295227050781,8030500
2018-12-03,64.53144516288334,65.07868749308517,63.89733329027419,64.51406860351562,6430400
2018-12-04,64.48797973310428,64.49666800865761,62.047097852407184,62.10790252685547,7620100
2018-12-06,61.31745553313124,62.14266967773437,60.735466794458766,62.142669677734375,10269100
2018-12-07,62.32507120041411,62.39456415953114,60.1013495263759,60.761512756347656,7945500
2018-12-10,60.839696572612965,61.93418752988123,59.75389389240617,61.60409927368164,5828600
2018-12-11,62.246883390428295,63.01128589696025,61.93417176793524,62.40323257446289,7567000
2018-12-12,63.24583946421531,64.15791646840651,62.96787421210603,63.002620697021484,6883600
2018-12-13,63.15899933601285,63.53251589949857,62.177435635325594,62.6986198425293,6264900
2018-12-14,61.95154434115293,62.107900159089475,61.12633712978418,61.46510696411133,5670300
2018-12-17,61.13504517240254,61.55199640931972,60.07530709020092,60.58780288696289,7257500
2018-12-18,61.5432791627953,61.58671391000206,60.20556980081305,60.874427795410156,8392400
2018-12-19,61.10027936527141,62.08184913522564,59.2327042366378,59.936302185058594,7339700
2018-12-20,59.362989121595,59.84943313189638,58.19032378609823,59.397735595703125,11689700
2018-12-21,59.12847584692097,60.04923448247406,58.21639886200252,58.43355941772461,14240800
2018-12-24,58.04267219228411,58.242462816507285,56.843948328587416,56.94818115234375,4026200
2018-12-26,57.24352975370339,60.492250148791776,57.24352975370339,60.47488021850586,7576500
2018-12-27,59.423808247486015,61.352188110351555,58.885247768703124,61.35218811035156,6713000
2018-12-28,61.71703397647943,62.58567621892269,61.065552294646984,61.751773834228516,6209600
2018-12-31,62.16872182823666,63.202408164273606,62.09054721150145,62.82889175415039,6094300
2019-01-02,61.14373091722105,61.63885676273079,59.99712334723981,60.37063980102539,8737200
2019-01-03,59.710479481742574,59.83208889318926,56.89607983120858,57.52150344848633,10570700
2019-01-04,58.303276826463495,59.57149386021097,58.19034907972268,59.163230895996094,8299100
2019-01-07,59.23271332708985,60.683344200477784,59.22402504953029,60.049232482910156,9503000
2019-01-08,60.414076685387855,60.49225131400264,58.19903609362506,59.32827377319336,8905100
2019-01-09,59.875513978551226,60.67466330367883,59.76259286539672,60.31852340698242,6091000
2019-01-10,59.658347756831304,60.31851769768314,59.45855713085268,60.00580596923828,8051200
2019-01-11,59.58883087212038,60.249000548004155,59.45853326636271,60.22294235229492,6583000
2019-01-14,59.69936270492589,60.03970349970672,59.45500949256916,59.57718276977539,5122900
2019-01-15,59.6993792300101,61.54070746271976,59.655743051238765,61.49707794189453,6306900
2019-01-16,61.52322919533927,61.75012523815608,60.859998193690274,60.929813385009766,6357300
2019-01-17,60.97344980904819,61.933385391062075,60.88617749054801,61.540679931640625,5427800
2019-01-18,61.95084338821338,62.605345908840626,61.76758348139102,62.32609176635742,9404500
2019-01-22,61.93340997735207,62.54427650169605,61.68906336761448,62.3871955871582,6541600
2019-01-23,61.523241605265554,62.43954786681962,60.449854460529195,61.00836944580078,10196300
2019-01-24,61.086898006215065,61.95956797773242,60.49348215926552,61.83739471435547,6437600
2019-01-25,62.19518167396903,62.63151662979521,61.776303844824,62.0904655456543,4824100
2019-01-28,61.540696895332005,61.63669114578852,60.1182469281186,60.257877349853516,5942500
2019-01-29,60.29275704929593,61.034531751946766,60.03968865049007,60.81636428833008,5981600
2019-01-30,61.0083668881336,62.65771276342949,60.81637841029909,62.5529899597168,8145000
2019-01-31,62.23010529463122,63.76600659888248,62.081752969353566,63.687469482421875,10421900
2019-02-01,63.722374575810214,63.91436308357894,62.80607486774836,63.14641571044922,5016500
2019-02-04,63.17259095695898,63.4343946623648,62.579174994924585,63.268585205078125,5278300
2019-02-05,63.61767385180658,63.95801477709792,63.42568529744801,63.800933837890625,4302400
2019-02-06,63.61763529318163,64.19359394922219,63.38201069820926,64.13250732421875,4851900
2019-02-07,63.696198717639845,63.757285367895946,62.395921929076835,63.478031158447266,6863600
2019-02-08,62.971878416252224,64.12380269664979,62.936970812852955,63.99290084838867,6063700
2019-02-11,64.12381226518163,64.43796742676402,63.95800278877921,64.1761703491211,4782700
2019-02-12,64.56886012301229,65.650975862322,64.33324212080696,65.50261688232422,7039700
2019-02-13,65.48517576062956,65.68588618784615,64.62995599394743,64.90921020507812,5696300
2019-02-14,64.64740110175362,64.89174765879729,64.35068981252607,64.55140686035156,4864500
2019-02-15,65.06628955991636,65.79933600783103,64.86557913749661,65.6684341430664,8083200
2019-02-19,65.58987146566932,65.94766265482487,65.20589458740626,65.45024108886719,4503500
2019-02-20,65.30189862047322,65.94767256537229,65.10118158814231,65.92149353027344,6316700
2019-02-21,65.54624680652815,65.86040855150026,65.153547954285,65.57242584228516,5607000
2019-02-22,65.755689251906,66.71562500912728,65.755689251906,66.43637084960938,5296600
2019-02-25,66.66326927535106,67.23923474467239,66.53236742705579,67.07342529296875,5709600
2019-02-26,66.8290723147893,67.30031492866966,66.65453431449438,66.97742462158203,5295400
2019-02-27,66.71563579205078,67.48358984830395,66.61091962652202,67.39632415771484,5706500
2019-02-28,67.204334459814,68.12063418177671,67.204334459814,67.73666381835938,6762700
2019-03-01,68.05953680250802,68.71403935411784,67.78901121171813,68.58313751220703,5390100
2019-03-04,68.80130341219133,68.9147547795546,67.60574970710398,68.60932159423828,5962800
2019-03-05,68.55695087153016,68.86239068809279,68.18170251724284,68.26024627685547,6547500
2019-03-06,68.16425542158511,68.26024965589497,67.64937665047364,67.80645751953125,4182100
2019-03-07,67.79774059629882,68.02463002321343,66.85525531267952,67.02106475830078,5292600
2019-03-08,66.62833419890049,66.9163168148165,66.20072788486696,66.8726806640625,3895400
2019-03-11,67.1257747942497,67.9373581604726,66.93378632900112,67.90245056152344,4254600
2019-03-12,68.05954242570884,68.48715558847726,67.74538064234397,68.2777099609375,4241200
2019-03-13,68.65295110188684,69.07183565456644,68.12935040449541,68.60932159423828,6479200
2019-03-14,68.50461540675886,69.00203718861749,68.19045358053806,68.92350006103516,5734500
2019-03-15,68.96709631507449,69.94448893167295,68.87110210014328,69.69141387939453,11989400
2019-03-18,69.77000450649663,69.77000450649663,68.04212062774332,68.79261779785156,7671100
2019-03-19,69.09799749107293,70.03175394400868,68.95836712228808,69.77867889404297,6048600
2019-03-20,69.70014384510431,70.1888368342699,69.03691288984912,69.76123046875,5388800
2019-03-21,69.33362235521489,70.24119986932385,69.22017766267993,69.86595153808594,5899100
2019-03-22,69.647801219346,69.81361067524202,67.79774479753671,68.0420913696289,7532900
2019-03-25,67.90245544722711,68.6529522337745,67.73665266271841,68.26898193359375,3844500
2019-03-26,68.84493137163824,69.38598913395161,68.66167148229256,68.94092559814453,3596400
2019-03-27,68.94092496011599,69.2114505097974,67.97226079829409,68.70530700683594,4101900
2019-03-28,69.08056646869281,69.51690150705106,68.69658950439536,69.32491302490234,5675900
2019-03-29,69.69141528231417,69.80485996681543,69.03691288984912,69.76123046875,5891200
2019-04-01,70.3982833361184,70.45936996635925,69.1241860068495,69.51689147949219,4842000
2019-04-02,69.66525454797264,69.66525454797264,69.00202341853401,69.48199462890625,3717900
2019-04-03,69.78743724994443,69.81361629078224,69.07184794928172,69.37728118896484,3973700
2019-04-04,69.35108980370481,69.38599740459011,68.06826376743214,68.60932159423828,4671200
2019-04-05,68.85365993530516,69.25508731072091,68.40859639949808,68.94092559814453,3434500
2019-04-08,68.86241172736621,68.86241172736621,68.024642439274,68.52206420898438,5178900
2019-04-09,68.27769052269326,68.90601391054312,68.1206096757308,68.65293884277344,4836700
2019-04-10,68.69658165126874,69.30744797196071,68.55695125914283,68.91474914550781,5604600
2019-04-11,69.1067444617667,69.14165206326135,68.3736981462675,68.5133285522461,4432100
2019-04-12,68.67105357603221,69.09164578181134,68.18911804316801,68.35560607910156,5482000
2019-04-15,68.44320674996612,68.7498898601858,67.87364858230652,67.90869903564453,6095100
2019-04-16,68.2942636536993,68.96020237065325,66.64692537919049,66.92732238769531,6227800
2019-04-17,66.7520650791585,66.8484521606959,63.40482345130637,63.86046600341797,11212400
2019-04-18,64.52643532614707,65.63050168991882,63.746580783338196,64.77178192138672,9712200
2019-04-22,64.07953975185242,65.36761585188147,63.96563076127553,65.28875732421875,5810700
2019-04-23,65.39390773530249,66.95362338774923,65.21866209062853,66.6819839477539,6823500
2019-04-24,66.6381671471227,67.35668489244215,66.30519110660435,67.25153350830078,6238400
2019-04-25,67.13764657350896,68.50458159034535,66.9185861318265,68.44324493408203,6011700
2019-04-26,68.7499168477057,68.84630396092406,67.9350118719825,68.83753967285156,4286500
2019-04-29,68.83753063901477,68.89886727708671,67.97881770600763,68.58341979980469,4355000
2019-04-30,68.58341572644402,69.82768367301904,68.28549684070087,69.7137680053711,5514100
2019-05-01,69.52975468317331,69.63490605924898,68.6009409260083,68.99524688720703,6702300
2019-05-02,68.71485648184063,69.10916916598353,68.26797813241424,69.03030395507812,5112200
2019-05-03,69.07413509567438,69.33700359562464,68.57467759205586,68.95146179199219,5452700
2019-05-06,67.83862383473597,69.37204665207734,67.77728718945004,69.284423828125,4006700
2019-05-07,68.78495192023449,69.10916365442557,66.7695939669663,67.39173126220703,5322500
2019-05-08,67.40927066427638,67.44432113263599,66.7170389558589,66.78713989257812,4362800
2019-05-09,66.29645577995531,67.01497376668804,65.61298158118535,66.96239471435547,3736700
2019-05-10,66.77838943937647,67.17270227622113,65.31506717945537,66.98868560791016,3993500
2019-05-13,65.8670658391996,66.41033792546226,65.68305594349567,66.1562271118164,5166700
2019-05-14,66.27891753814977,67.26906819100495,66.2701532498397,66.62065124511719,5319300
2019-05-15,66.15623111909385,67.48811521470904,65.91088457662724,67.0412368774414,4385500
2019-05-16,67.05000862113151,67.79481937739153,66.74332537836207,67.12010955810547,6098100
2019-05-17,66.84846647748022,67.65460707281433,66.55930517093897,66.56806945800781,5169300
2019-05-20,66.24385518764487,66.55930265829205,65.89335725523776,66.39281463623047,4493100
2019-05-21,67.08505824765274,67.31288294736208,66.61188695680711,66.62065124511719,3819700
2019-05-22,66.71702269281865,67.11132866665945,66.46291187304884,66.82217407226562,3062700
2019-05-23,66.7170573574922,66.7170573574922,65.99853927092452,66.27017211914062,5507000
2019-05-24,66.61185882792715,67.54067912596891,66.55928649065342,67.45305633544922,4866300
2019-05-28,67.49689446913321,68.3293280630329,66.31396955695298,66.34025573730469,5418600
2019-05-29,66.04233780603272,66.568081476817,65.66555361635186,66.30520629882812,4013100
2019-05-30,66.60312465735282,67.1113396952169,66.48045137043465,67.05000305175781,3600300
2019-05-31,66.56807203933761,67.0500008837353,66.24386025714122,66.70826721191406,6570800
2019-06-03,66.81342703921545,67.28659834112622,66.103673428946,66.34025573730469,6286500
2019-06-04,66.813413457736,68.00510241619098,66.73455493271084,67.87366485595703,5836000
2019-06-05,68.20665099581565,69.09165698826025,68.19789339211954,68.95146179199219,5286200
2019-06-06,69.09164682849638,70.47611012097744,68.90763690003132,70.17818450927734,5966700
2019-06-07,70.52868891493831,71.11577590433413,70.36220754647677,70.74774932861328,5136400
2019-06-10,70.97556068354196,71.41368142850209,70.48486758844805,71.21214294433594,3927100
2019-06-11,71.66779924513824,71.85180917372588,70.65135580891011,71.08071899414062,3905500
2019-06-12,71.2296826597178,71.82552723347435,71.20339648053918,71.80799865722656,3332300
2019-06-13,71.83427093821874,72.14095408274744,71.63273248027636,72.10590362548828,5220400
2019-06-14,72.00076380234664,72.60537258795947,71.86932623784051,72.0445785522461,4771100
2019-06-17,72.19353351218173,72.36002152920653,71.5626385899738,71.89561462402344,4095900
2019-06-18,72.24611395304642,73.24502879670185,71.78170699584429,73.0960693359375,6253000
2019-06-19,73.07853546195409,74.04239968291829,72.77185230326432,73.89344024658203,4113400
2019-06-20,74.34032612872471,74.76092499291148,73.88468348728186,74.4279556274414,6436400
2019-06-21,74.79600025477188,74.79600025477188,73.96357322250054,74.48055267333984,8855400
2019-06-24,74.2877618155214,74.76969736983958,74.16508852627548,74.22642517089844,4531600
2019-06-25,74.42797127752706,74.87484972602564,73.8145980834961,73.8145980834961,4915300
2019-06-26,73.6481075935192,73.92850463217005,72.4038394671379,72.69300079345703,5731400
2019-06-27,73.06980452955615,73.58679067749634,72.78940741573598,73.33267974853516,4111600
2019-06-28,73.44657084041033,73.83211928469997,72.83320439285217,73.6919174194336,16436700
2019-07-01,74.2526983622836,74.46300112294512,73.38522120142785,74.03363800048828,4527600
2019-07-02,74.26146854309364,74.44547845938443,73.73572497009249,74.43671417236328,4023300
2019-07-03,74.52435668333135,75.05010034812162,74.41044098774462,75.04133605957031,2437500
2019-07-05,74.62074612008489,74.91866508815068,74.16509669396899,74.84856414794922,3784700
2019-07-08,74.72586758749902,74.72586758749902,74.2088883561036,74.55937957763672,3591100
2019-07-09,74.44545414976623,74.80471626320448,74.32278091229708,74.71708679199219,3126000
2019-07-10,75.07635927144726,75.25160486768841,74.6119524247363,74.81348419189453,4315900
2019-07-11,75.05007534492559,75.34799420448311,74.6470051133642,75.15522003173828,3653600
2019-07-12,75.00571440485265,75.146441294577,73.0531724264057,73.80956268310547,5667200
2019-07-15,73.71281433105469,74.09100945790169,73.3610105285967,73.71281433105469,5177700
2019-07-16,73.97667262185932,74.0910081846706,72.9124507041892,73.14112854003906,3886700
2019-07-17,75.54223780791628,76.29862820358277,75.1376579909691,75.42790222167969,9381400
2019-07-18,75.85006428978832,77.25729979688279,75.04090471198752,77.18694305419922,8311600
2019-07-19,77.65308395185167,77.68826567593578,76.91428116654089,76.949462890625,5824000
2019-07-22,76.83512659855108,78.0224812567727,76.75596604254821,77.45958709716797,6566100
2019-07-23,77.48598725822507,78.06647575128233,76.98465933705246,78.04888153076172,4049100
2019-07-24,77.79379086477762,78.00488117326601,77.03740070159401,77.91692352294922,3879100
2019-07-25,77.63549377483618,77.81140240441098,77.16934764936212,77.39802551269531,4671200
2019-07-26,77.70583579685616,77.943310703734,76.78234090962636,77.1781234741211,4177700
2019-07-29,77.45078856814638,77.94332598143765,76.8527126957572,77.88175964355469,3623900
2019-07-30,77.55632636969938,78.0400666287018,77.26608221429792,77.67066192626953,2864700
2019-07-31,77.55635485254103,77.74985102720414,75.96442003227897,76.6064682006836,6197200
2019-08-01,76.6768014799654,77.45077916368926,75.3223355007786,75.7093276977539,7022000
2019-08-02,75.59497977105791,75.81486046464472,74.53075801932485,75.48064422607422,4756400
2019-08-05,74.52197924266213,74.65390231120311,72.49027675417618,73.14112854003906,6253800
2019-08-06,73.71282019104746,74.6627066377435,73.59848461718195,74.63632202148438,4422500
2019-08-07,73.70402423181018,74.75944906391565,72.39353023450249,74.40763854980469,5502600
2019-08-08,74.8561858091258,75.87642876459572,74.76823487144802,75.25196838378906,6439300
2019-08-09,75.3135403008671,76.56246786540073,75.1376384124563,76.18427276611328,5102700
2019-08-12,75.98198191341233,76.08752707587067,74.17016690768727,74.46041107177734,3650800
2019-08-13,75.04089459661937,76.60644430661814,74.74186002739592,76.42174530029297,4808300
2019-08-14,75.53342596908249,75.91162109316751,73.80077145292562,73.82715606689453,4106200
2019-08-15,74.02065218296976,74.52197997906131,73.45775134064758,73.82715606689453,4952600
2019-08-16,74.53078201758794,74.82982334647237,74.11740510690476,74.56596374511719,5786300
2019-08-19,75.45426157965176,75.75329610980152,75.04968189815278,75.25196838378906,4579800
2019-08-20,75.59497430183322,75.64775022742961,74.30208155367234,74.35485076904297,3322400
2019-08-21,74.80341566087264,74.8913665974597,74.13497646440369,74.6714859008789,3894300
2019-08-22,74.68910173180213,75.03211521174642,73.56331321196149,74.20536804199219,3207000
2019-08-23,73.7392039571468,74.09981160247176,71.55799070865328,72.05931854248047,6228400
2019-08-26,72.65739082228257,73.15871863113668,72.13846879684968,73.10594940185547,3521200
2019-08-27,73.72161507275706,74.05583138565589,73.19390263283292,73.57209777832031,4845200
2019-08-28,73.17630810964495,74.1086070168469,73.05317543118525,74.07342529296875,3889500
2019-08-29,74.75944200540282,74.85619005540443,74.29329597006425,74.60112762451172,3758600
2019-08-30,75.17283861733993,75.3047684212033,74.43403574184218,75.04090881347656,3627900
2019-09-03,74.25813469896187,74.4428337424898,73.22909429492252,73.93270874023438,4060600
2019-09-04,74.31969064988816,74.49559255905125,73.6864330405367,74.07342529296875,3673100
2019-09-05,74.75944581642291,75.77969559200312,74.37245359668874,75.55101776123047,4356400
2019-09-06,75.84125240594355,76.01715427816393,75.28714875901939,75.67414093017578,4451300
2019-09-09,75.93800968691725,76.01717024320004,73.76559359681949,74.07342529296875,4444600
2019-09-10,73.38737465106601,73.42255636353363,71.25892466324115,73.1850814819336,5613100
2019-09-11,72.51666794982471,74.37246199831745,72.34076603565289,74.3372802734375,4458900
2019-09-12,74.78581558630785,75.63015658977822,74.68027715476518,74.94412994384766,3517500
2019-09-13,75.02328456963252,75.07605378124828,73.7831544148602,74.11737060546875,3633200
2019-09-16,73.80078751460783,73.80078751460783,73.02680288186029,73.31704711914062,3991200
2019-09-17,73.35220655467981,74.31968034133826,73.18509506699476,73.5105209350586,3578300
2019-09-18,73.5105089834376,74.02063376063417,72.86845445900389,73.56327819824219,2767500
2019-09-19,73.7304024951085,74.09980048350359,73.08834785889407,73.20269012451172,3392900
2019-09-20,73.44895460436832,73.77437376220539,72.88606052084971,73.5105209350586,7130100
2019-09-23,73.37859677364013,73.63365922319818,73.11473721610358,73.14112854003906,2279900
2019-09-24,73.58086937186582,73.90628846335854,72.31435458704432,72.50785064697266,3525400
2019-09-25,72.47270897418416,73.04440036429904,72.20884934482987,72.87728881835938,2795100
2019-09-26,73.24668554673556,73.3346365181148,72.20005086970433,72.70138549804688,3265200
2019-09-27,73.0355952659735,73.2994481562409,71.61076550170736,71.98016357421875,3396600
2019-09-30,72.28800082035836,74.22294882468155,72.28800082035836,73.58969116210938,4340900
2019-10-01,73.90632121124418,74.55716639284448,71.91859722880018,71.98016357421875,4436700
2019-10-02,71.59314263808855,71.72507237318524,69.27999385203843,69.94843292236328,5547100
2019-10-03,69.7021786970402,71.3556790693769,69.28000481994033,71.30290985107422,3956000
2019-10-04,71.50521717392976,72.40232761355311,71.49642006573153,72.1120834350586,3390100
2019-10-07,71.59316380794779,72.10328868904385,71.21496870095962,71.27653503417969,2673200
2019-10-08,70.85436377192838,70.85436377192838,69.05134582519531,69.05134582519531,5924200
2019-10-09,69.75497708158017,70.19473864524713,69.37678186841742,69.92208862304688,4008500
2019-10-10,69.56146076318869,70.76640951416204,69.54387325823906,70.4849624633789,5085000
2019-10-11,71.28854366892558,71.81837168385277,70.24654565347963,70.31718444824219,4423000
2019-10-14,70.37016853250267,70.81169297958903,70.13174155828415,70.4849624633789,4228500
2019-10-15,71.26205605222815,73.07230931004796,71.26205605222815,72.39236450195312,6429100
2019-10-16,71.84488024679578,73.90238640794544,70.33486699059581,72.21575927734375,10707400
2019-10-17,71.98615981405167,73.29307544904655,71.94201140123988,72.7455825805664,4172800
2019-10-18,72.77207926678793,73.57565044118935,72.43651629839901,73.10763549804688,5219800
2019-10-21,73.41669327114735,73.54031959209303,71.9861514667528,72.1009521484375,5487900
2019-10-22,72.24224267644466,72.65727681967321,71.0854505439709,71.12077331542969,4764000
2019-10-23,71.2532176195858,72.05678861215176,71.00596500648858,71.765380859375,4308300
2019-10-24,72.04798433240214,72.48950895285945,71.71242804622176,71.84488677978516,4470900
2019-10-25,71.92433830627998,72.38352755876033,71.59761448826465,72.1009521484375,4872800
2019-10-28,72.23342084435569,73.19594115311219,72.19809807103479,72.99284362792969,4768800
2019-10-29,72.80739584333949,74.06133068974667,72.66611149017517,73.69044494628906,4614900
2019-10-30,73.57565335510373,74.25559822191062,73.20477433684542,74.1849594116211,3534800
2019-10-31,73.97301805231324,74.48518813275139,73.22242768594963,73.83173370361328,4614000
2019-11-01,74.25559740421862,74.43221127082312,72.94868847699603,72.99284362792969,5119100
2019-11-04,73.32838606781961,73.47850277333272,72.60428619384766,72.60428619384766,5508000
2019-11-05,73.17828015850434,73.20477055313499,71.43867238170654,72.71025848388672,8238800
2019-11-06,72.8515398076405,73.68160799284519,72.74557150619023,73.39903259277344,4489000
2019-11-07,73.40786416480177,73.80524027451091,73.21359903546852,73.63745880126953,6020400
2019-11-08,73.58448655851414,74.0789919217408,73.45202783989835,73.946533203125,3462800
2019-11-11,73.56680393335196,74.08780630345333,73.56680393335196,73.96417999267578,3139100
2019-11-12,73.8758744611429,74.86488492077203,73.8758744611429,74.4763412475586,3701400
2019-11-13,74.14081241867848,74.54701425534522,73.53150629511288,74.37040710449219,3976900
2019-11-14,74.25559210245203,74.5205095148789,73.89354549174027,74.28208923339844,4474200
2019-11-15,74.767754968104,75.68612670898438,74.5293347095997,75.68612670898438,5453500
2019-11-18,75.68612662832608,75.85390808899079,74.19377170884474,74.40570831298828,5812300
2019-11-19,74.72361300347816,74.74127102013337,74.08781660981727,74.43220520019531,4152100
2019-11-20,74.47634884423083,74.82074414969865,73.46967353106717,74.0789794921875,5416200
2019-11-21,73.9288392974869,73.99948481140603,72.72789250936978,73.89351654052734,5211400
2019-11-22,74.13197271433499,74.19378588473832,73.10763921377547,73.946533203125,3964600
2019-11-25,74.09664710922596,74.89138584403514,74.07014997922015,74.60881042480469,5704000
2019-11-26,74.75010129678355,75.56250478268892,74.45869350168836,75.43004608154297,8764100
2019-11-27,75.91572574003497,75.91572574003497,75.20045818582801,75.43004608154297,2865400
2019-11-29,75.32409099333356,75.63315683118856,74.91788247828987,75.45654296875,2410900
2019-12-02,75.56250225220526,75.69496094891535,74.15845758361418,74.62647247314453,3801100
2019-12-03,73.81407457171183,74.54700697673883,73.53149911565845,74.49402618408203,2912400
2019-12-04,74.6176355809594,75.35939345823826,74.56465480033341,75.21810913085938,3953400
2019-12-05,75.16514132572969,75.430052011719,74.46753173283699,75.27110290527344,3279900
2019-12-06,75.65079931061213,75.86273590200778,75.39471431552214,75.48302459716797,4104600
2019-12-09,75.16514411132383,75.43005480713062,74.02600992910311,74.06133270263672,4227000
2019-12-10,74.07015773778816,74.73244457758747,73.96419615518354,74.6706314086914,3904900
2019-12-11,74.72361314781485,75.0944921324569,74.36155980295266,74.97969818115234,2937500
2019-12-12,74.86488768926925,76.18946109279383,74.74126137724392,75.91571807861328,4155200
2019-12-13,75.74793648595613,76.56917226411957,75.74793648595613,76.25127410888672,3872000
2019-12-16,76.78109826208134,76.91355694295773,76.20712187349758,76.29542541503906,3843700
2019-12-17,76.45439792724977,77.09019440070281,75.942227797287,76.87825775146484,5368500
2019-12-18,76.89590167877627,77.06367639256504,76.48086760785135,76.76344299316406,5831100
2019-12-19,76.59567030694512,77.13433074951172,76.3749080513729,77.13433074951172,4643700
2019-12-20,78.58253115963896,78.80329341676345,76.49853491341337,76.52503204345703,11606500
2019-12-23,76.21595895787571,77.23146668093385,76.18946856514775,77.13433074951172,4067800
2019-12-24,77.15198767287235,77.24912359443651,76.80759912810078,77.072509765625,1067700
2019-12-26,77.01069660982314,77.28443962307011,76.71928884513068,77.072509765625,2033100
2019-12-27,77.25794559264351,77.48754019071566,76.8429115359037,77.17847442626953,2508100
2019-12-30,77.28445608963543,77.5228831250491,76.48088489299892,76.64866638183594,2706100
2019-12-31,76.3837390866545,76.81643121358155,76.18063485075773,76.7016372680664,3261100
2020-01-02,75.99520710187778,76.78995267812076,75.76561917539782,76.78112030029297,4969000
2020-01-03,75.7214588114844,76.53386235033493,75.58016772448613,75.84508514404297,4747000
2020-01-06,75.60666484876793,76.26011928324657,75.24461149121757,76.2424545288086,5631700
2020-01-07,75.73911034292298,76.20713197567864,75.5360128441674,75.81858825683594,3408100
2020-01-08,76.15412252574671,76.52500812199663,75.88037956836489,76.12763214111328,5693900
2020-01-09,76.2071155869388,76.54267171196668,75.72143604283335,76.33074188232422,6432500
2020-01-10,76.63981246448267,76.81641954415845,75.20927086544714,75.3770523071289,4680400
2020-01-13,75.50070212476659,75.70380639306529,74.82958288614995,75.16514587402344,5571500
2020-01-14,74.60645455137237,76.26477238660974,74.50004291997924,76.0342025756836,8751400
2020-01-15,76.36229318399249,77.90532217099631,76.36229318399249,77.488525390625,5389700
2020-01-16,77.98513545647305,78.31324687938694,77.52399601480847,78.2866439819336,5023300
2020-01-17,78.43741320748813,79.10251283366495,78.31326181852793,78.92515563964844,5879700
2020-01-21,78.80102210635079,79.84744602594307,78.57932218072314,79.57254028320312,7458100
2020-01-22,80.50365026627938,81.98460367392319,79.83855070126948,81.46139526367188,9841200
2020-01-23,81.41705064781067,81.45252343565569,79.95383705222254,80.45931243896484,7418400
2020-01-24,80.56572879972879,81.1687526972595,79.9981776921402,80.16667175292969,4218700
2020-01-27,79.02271187353801,79.81196296605393,78.82761488154641,79.44837188720703,4482200
2020-01-28,79.54591425122895,79.83855971665714,79.2710085650201,79.4040298461914,4983700
2020-01-29,79.46611330395112,80.0159314958166,78.98724070440583,79.04931640625,3914300
2020-01-30,78.29553666901526,79.11139066862052,78.01176107064197,79.06705474853516,5248100
2020-01-31,79.04046365345,79.12914904595121,77.06290389039121,77.2757339477539,5914100
2020-02-03,77.84326206727657,78.39308021441465,76.92985962912694,77.20476531982422,4675900
2020-02-04,78.17137162106282,79.14684964732102,78.17137162106282,78.24231719970703,3904600
2020-02-05,78.80986593799226,79.4660956064483,78.52609039765376,79.4217529296875,3565700
2020-02-06,79.8119597728731,79.88290536089413,79.14686010809915,79.34195709228516,4270700
2020-02-07,79.12913614506587,79.37743896579768,77.75459397434342,77.92308807373047,4472300
2020-02-10,77.33779015705072,78.30440521240234,77.33779015705072,78.30440521240234,4219400
2020-02-11,78.60590980714983,79.28874923414618,78.50836131757893,79.07591247558594,2661900
2020-02-12,79.42175470259882,79.44835760295213,78.55269505092475,78.73892211914062,3389400
2020-02-13,78.48177897038447,78.96065165395761,77.7723364541846,78.64140319824219,4448800
2020-02-14,78.80988736421921,79.5547958229743,78.31327495930475,79.51045989990234,3919800
2020-02-18,79.2975980577238,79.35967374300672,78.31325021556455,78.8187255859375,4492300
2020-02-19,78.77439739468952,79.74987544431029,78.65024601196012,79.24440002441406,3464900
2020-02-20,79.0138248762203,79.4217517867275,78.07381968095339,78.44627380371094,3657500
2020-02-21,78.07382862539102,78.26005570810467,77.2934475027228,77.55061340332031,5570900
2020-02-24,75.77699507862766,75.97209200096705,74.55321451905535,75.04981994628906,5667200
2020-02-25,75.31590987212866,75.70610396257246,71.63568922254456,71.9460678100586,7021800
2020-02-26,72.83285720879233,73.49795698638086,71.92832448819966,72.1500244140625,7380100
2020-02-27,71.29868893162009,72.74416983865011,70.19905932606194,70.22566223144531,8657200
2020-02-28,68.38998087963162,69.31225318505976,65.6408969766805,68.31016540527344,16671900
2020-03-02,69.06396099783414,72.43380270063074,68.50527959987234,72.3717269897461,11483600
2020-03-03,72.34511311086489,74.04776672188905,68.51413910318854,69.1614990234375,9510600
2020-03-04,71.52925406495888,73.01020767134484,70.46509055868802,72.79737091064453,8660000
2020-03-05,71.2011530655977,72.24757704602169,70.17246210332706,71.40511322021484,9288700
2020-03-06,69.70244189191084,72.98360422116254,69.25017223598891,72.48699188232422,10647600
2020-03-09,67.93770056498361,70.35865906653169,66.59863161619874,68.30128479003906,10285000
2020-03-10,70.26112108510853,71.8307530829575,67.33468029024652,71.72433471679688,9417400
2020-03-11,69.64037712599851,70.11924976053652,67.70715357134264,69.25018310546875,11534200
2020-03-12,64.98466953413396,69.30338575123041,63.85843708962078,66.2793960571289,13876300
2020-03-13,69.0905525387239,73.3117133024286,66.35920844521384,72.40718078613281,18316900
2020-03-16,62.652401484317394,70.27887771259867,62.075980313967285,65.32167053222656,14358900
2020-03-17,66.97110367882449,70.75774180847885,65.03788025526121,70.49169921875,13315300
2020-03-18,66.4922411703532,72.70870188631933,65.96902585523196,70.2877426147461,17541100
2020-03-19,72.14999525700759,72.54905225599697,65.22409453696646,66.0665512084961,14476000
2020-03-20,65.6675080378978,66.3858134936377,60.258025481173874,60.3023681640625,15131400
2020-03-23,59.477637833010306,59.85009197192071,54.63571372994678,55.708740234375,13037100
2020-03-24,57.562166273885765,62.0493701620478,57.19857518407323,61.80106735229492,10903700
2020-03-25,61.144824138258386,64.40824663931546,60.43538858239414,62.741065979003906,9351000
2020-03-26,63.033699109670614,67.37014736843959,62.96275353824379,67.22825622558594,10530500
2020-03-27,68.72696676915596,68.72696676915596,65.27731697838944,66.1197738647461,8360600
2020-03-30,73.45360043357731,74.8458753063906,69.58715427103665,70.3586654663086,47540200
2020-03-31,72.2120957261368,72.26530154006618,69.66697829651935,69.97736358642578,23792300
2020-04-01,68.28357633574437,68.62055778329163,66.82035548968662,67.90225219726562,12208300
2020-04-02,67.50319030470051,70.64246180834462,67.39677191337987,70.4473648071289,10167900
2020-04-03,69.87094590713434,70.93510279106746,69.32999757417406,70.45623016357422,9139400
2020-04-06,71.90171607675438,73.71078814523065,70.59811952992999,73.36493682861328,12373800
2020-04-07,74.00339608046858,74.91680500815359,72.51357304217247,72.65546417236328,10872100
2020-04-08,73.16094718015951,75.72379678860513,71.8750908148051,75.33360290527344,9266400
2020-04-09,75.37795961581689,76.70815890315484,73.56001788349099,76.30023193359375,10466800
2020-04-13,76.54854127971123,76.69043246341357,74.06549969087243,76.13174438476562,6665800
2020-04-14,77.47644499312635,79.73840178869354,77.0311780678785,79.38218688964844,9861300
2020-04-15,80.15696396968151,81.84007261742356,78.82116302422052,80.98516082763672,14128000
2020-04-16,82.4634326538841,86.37287568827074,81.1632540560325,85.49124908447266,27036500
2020-04-17,86.78252439184651,87.0496872750904,83.92391143576803,85.50016021728516,16074800
2020-04-20,84.44042548892796,89.05339143714126,84.28903635410111,87.27232360839844,17251400
2020-04-21,85.58030536146107,86.35507229070144,83.37178512183728,83.75471496582031,12030300
2020-04-22,83.95953065285673,85.47344228092338,82.63263711302227,85.0281753540039,8369000
2020-04-23,85.37547638692128,86.78251460315956,83.13132744465894,83.65674591064453,10567500
2020-04-24,84.15545556879303,84.22669991311838,82.62373613697132,83.76361846923828,9016100
2020-04-27,85.0281638175866,85.40218635483629,83.72797858846177,84.5561752319336,6838200
2020-04-28,84.49385113326359,84.73429908291652,81.34136041839471,81.44822692871094,7805500
2020-04-29,82.00927079624591,82.86418939429731,81.1009291278895,82.17847442626953,7068300
2020-04-30,81.79552063624553,83.50534374412253,81.79552063624553,82.00924682617188,7978300
2020-05-01,81.03858834885719,81.3591811100398,79.03488698858325,80.01447296142578,6839800
2020-05-04,79.96103615546461,80.29053612979806,78.9992579554379,79.99665832519531,5036800
2020-05-05,80.99404729760955,83.40739990151023,80.49535053819021,82.84635925292969,6747900
2020-05-06,82.95323774492647,83.2025861606734,81.06530334904502,81.10983276367188,4248400
2020-05-07,82.05377738514765,84.19105969720513,81.7598996234652,83.70126342773438,7255000
2020-05-08,84.45821633929393,84.54727514836304,82.73058550993113,83.44300842285156,6167600
2020-05-11,83.01556868917552,85.92761146305574,82.94432434875274,85.5535888671875,7239100
2020-05-12,85.90088252702391,86.09680103412313,83.4697292560681,83.53206634521484,5384200
2020-05-13,83.06009589960557,84.30684474901426,80.89609819778968,82.07160949707031,11622500
2020-05-14,80.59331777085347,81.73320007324219,79.56029518791719,81.73320007324219,8189200
2020-05-15,80.11243934329896,81.18108424009728,79.07051617416478,80.05010223388672,13609400
2020-05-18,81.8400555463973,82.81964134322313,80.16584769566569,80.38848114013672,7646500
2020-05-19,80.44192368107083,80.59331280378775,78.46493746223196,78.56289672851562,7693100
2020-05-20,79.77402779667132,80.52207300585057,78.39369754428918,80.22819519042969,7488800
2020-05-21,79.82745331504088,80.69127223169019,78.70537876805685,80.49535369873047,6148300
2020-05-22,80.52207473572676,81.51947516362758,79.88979647317488,81.45713806152344,5184500
2020-05-26,82.7751294559339,83.07791453750019,79.40891215015175,79.68498229980469,6243800
2020-05-27,79.50685143217375,80.84265204573643,78.5183584345987,80.82484436035156,5420600
2020-05-28,81.88459938700818,83.11354066739588,81.22560612291794,82.01818084716797,5316300
2020-05-29,82.73058200947352,85.12611304009681,80.81593319746388,84.52945709228516,10138500
2020-06-01,82.77510797250646,83.67454894748028,81.96472580644284,82.82854461669922,5451600
2020-06-02,82.7484183326962,82.95324414385111,81.71540241716818,82.48126220703125,6394100
2020-06-03,82.42779859781659,82.5524727745467,80.64673116540581,81.39478302001953,8056300
2020-06-04,81.08311244853041,81.34136129466675,78.5807076269832,78.58961486816406,9113600
2020-06-05,78.78551986977031,80.11241321985719,77.76140472545859,80.02336120605469,11874500
2020-06-08,79.23970466166541,82.4723400789699,79.1773675641714,82.42781066894531,5426800
2020-06-09,82.21407810249258,82.65934499143464,80.36176621387756,80.38848114013672,4857400
2020-06-10,80.90500543939368,82.59702124971729,80.71799413111756,82.07160949707031,5829100
2020-06-11,82.08050964312234,82.37438746686368,77.42302105382133,78.17106628417969,8168300
2020-06-12,79.48015538871218,80.31725947956637,78.00186576394708,79.27532958984375,5590400
2020-06-15,77.93953236296,80.45974520298411,77.52098709187672,79.74732208251953,5666000
2020-06-16,80.7001857282322,81.71539384659843,79.3821925461204,79.91651153564453,6143400
2020-06-17,80.52207230064954,81.63523965758476,80.2371017290435,80.94953155517578,4359100
2020-06-18,80.59331844863341,81.34136366802905,79.76512164473996,80.39739990234375,6022900
2020-06-19,81.63523530086964,82.28532799208874,80.6912716067211,80.75360870361328,9473300
2020-06-22,80.44193573372422,80.72690633445558,79.40001261175969,80.45083618164062,5072800
2020-06-23,81.13655198378963,82.19628960096867,80.85158138012406,81.30575561523438,4156900
2020-06-24,80.70907115596985,80.79812996617929,77.31613974937625,77.74359893798828,6141900
2020-06-25,77.69017910801611,79.97885106454488,76.72840761538473,79.80965423583984,5781100
2020-06-26,79.98773765272057,80.10350458923025,78.31353672191277,78.9992446899414,8522500
2020-06-29,79.77401479232839,79.88087449380033,78.44711461569639,79.26641082763672,4669300
2020-06-30,79.03486302846157,81.84004544127605,78.75879976555888,81.42149353027344,5220900
2020-07-01,81.91130554624259,81.91130554624259,80.53097537733125,81.6085205078125,3389600
2020-07-02,82.37438280533233,82.8730795973502,81.86677877224722,82.13394165039062,3845300
2020-07-06,82.60593453984706,83.68347984885243,82.329864383786,82.7929458618164,5919100
2020-07-07,82.33877563476562,83.17587979748976,82.0092755975957,82.33877563476562,3389200
2020-07-08,82.67715921388229,83.41630393857801,81.4838471184079,82.44562530517578,3815300
2020-07-09,82.58810877539496,84.49385070382571,81.7955341787221,83.41630554199219,4576800
2020-07-10,83.23820787843584,83.5320857072029,82.21409249573031,82.85527801513672,2923200
2020-07-13,82.94431731037622,85.15284411643458,82.63263184026793,82.89978790283203,4297300
2020-07-14,82.8193557803075,84.91129902696922,81.9879435754543,84.76825714111328,4122800
2020-07-15,85.7337547334822,86.83336005517356,85.61753151596542,86.47576904296875,6205000
2020-07-16,87.47702467735948,87.60218288128455,84.29441865650392,86.18074035644531,7582200
2020-07-17,87.49493214046062,89.39913117915617,87.32507160862424,88.7286376953125,8315500
2020-07-20,89.39910741937814,90.03384026358245,88.2547999357078,88.5766372680664,5677900
2020-07-21,88.39784752080354,88.93424769802232,87.3965817406332,87.78099822998047,5063500
2020-07-22,87.7094815595063,89.90869920290311,87.61114197694444,89.56898498535156,4662000
2020-07-23,89.64943085328446,91.16921989086245,89.46169353146698,90.13218688964844,5905800
2020-07-24,89.58683397039499,89.58683397039499,87.93295204582914,88.46040344238281,4534400
2020-07-27,88.10283222344322,89.64943312258879,87.9776740057301,89.39017486572266,3717900
2020-07-28,89.52428037895483,90.1053760370755,88.74650556079838,89.27396392822266,4114200
2020-07-29,89.56003388770567,91.98274909135579,89.47957113730108,91.65196990966797,4744200
2020-07-30,90.27524612424442,90.81163954992094,89.61368763931799,90.76693725585938,3176900
2020-07-31,90.4808423766965,90.62388423285667,88.61240416972919,89.97126770019531,4604000
2020-08-03,90.36460916681318,90.78478601532323,89.58683456506417,90.00701141357422,3670900
2020-08-04,89.54216119770265,90.00703361716454,88.75544458238197,89.33654022216797,2730600
2020-08-05,89.3723041608183,91.50894265024141,89.29184140357444,91.31226348876953,4415300
2020-08-06,90.75797919166179,91.00830244475344,89.32759470562279,90.9636001586914,3943000
2020-08-07,90.91889599661494,91.45529613584635,89.89974664505301,90.49872589111328,3141900
2020-08-10,90.23946118958594,90.52553806043336,89.425926038376,89.43486785888672,2776300
2020-08-11,89.78351646414676,89.78351646414676,88.21009039330129,88.55874633789062,4823000
2020-08-12,88.99683555551654,90.3825179612132,88.79121455796025,89.980224609375,2668900
2020-08-13,89.70308725879693,90.53449947297486,89.39913347886285,90.38252258300781,2951700
2020-08-14,90.23052874517761,90.48978700204373,89.02364203402317,89.39017486572266,2739900
2020-08-17,89.66728839024687,90.6685538151013,89.58682566397297,90.03382110595703,4657400
2020-08-18,90.3735635028438,90.93678230140473,89.78353288126958,90.2573471069336,3777600
2020-08-19,90.3646174508555,90.84737343889257,89.69412415979464,89.8282241821289,2716800
2020-08-20,89.39017821916501,91.20497926469824,89.17562224083798,90.8563232421875,3548600
2020-08-21,90.8563160041457,91.66985120560176,90.15006219361238,91.54469299316406,3585000
2020-08-24,91.81289572683865,92.2867168035838,90.02491328370168,90.64176940917969,3212700
2020-08-25,91.16921555702535,91.99168573368416,90.75797364808513,91.60726928710938,2626400
2020-08-26,91.17815260635128,92.34034379298335,90.52554290695265,92.25094604492188,2968800
2020-08-27,99.24194739370616,101.91497869713196,97.90989583147436,99.49226379394531,36319000
2020-08-28,101.50374048472044,102.09377100687513,97.81156005462309,99.0452651977539,17204000
2020-08-31,98.96480134260626,99.89455280456352,97.67745893579703,97.86519622802734,6943200
2020-09-01,97.38245724568986,97.50761546233052,94.38758822645492,95.2547607421875,7963100
2020-09-02,95.16535570131607,98.25857109909772,94.65578101589863,97.83839416503906,5843700
2020-09-03,97.17683827439078,97.3914010678495,93.24328254954047,94.34288787841797,6096900
2020-09-04,94.27136082821357,94.79881913546528,91.5625688272774,93.11811828613281,5027700
2020-09-08,92.2330680415949,92.81416367043612,91.57151648076301,91.93804931640625,5217700
2020-09-09,93.20751098630632,95.59446550929023,93.09128778186799,94.59319305419922,4365100
2020-09-10,94.40545142283709,94.40545142283709,92.73369256159192,92.97506713867188,4271200
2020-09-11,94.1194000587805,94.4948747562089,93.26116925582467,93.60088348388672,4111000
2020-09-14,94.3965039541445,95.3530808469816,93.97633392441544,94.48590850830078,3824100
2020-09-15,95.65704504921882,96.13085922779109,94.91503081983441,95.28157043457031,3654900
2020-09-16,95.61234667782493,95.98782812844152,94.45910414575188,94.49485778808594,4242500
2020-09-17,93.8333070139232,95.43355193510222,93.32373234901455,95.35309600830078,4283500
2020-09-18,95.26370602298,96.5421137914311,94.88823133254004,95.53190612792969,7622400
2020-09-21,94.58425244585926,95.1742829711044,93.38630093485459,94.71834564208984,4559800
2020-09-22,94.28030004610889,94.33393732920541,92.59065742246077,93.69026947021484,4180300
2020-09-23,93.86012914306671,93.86012914306671,91.39271847427221,91.83971405029297,4040100
2020-09-24,91.8575858613074,92.55489783056267,89.81928723714255,90.2215805053711,7604000
2020-09-25,89.89974926064693,92.62642503883067,89.70307011328792,92.48338317871094,5060300
2020-09-28,93.1896287819588,94.0925616874958,92.8141541632403,93.3684310913086,5515500
2020-09-29,94.77198990480751,95.12958767679687,93.79753614665177,94.0389175415039,4464300
2020-09-30,94.75411441245008,97.87414825021267,94.5306166383152,97.29305267333984,9487000
2020-10-01,97.60596317700015,98.6340544599703,96.89076746173086,97.12320709228516,7242100
2020-10-02,96.26497769268217,97.14109211529173,95.05809087407044,95.21006774902344,5590500
2020-10-05,95.81796859790525,97.13213663674796,95.81796859790525,97.05167388916016,3603400
2020-10-06,97.05166652719325,97.23940382984247,94.80775389509274,94.9865493774414,3992600
2020-10-07,95.987838762204,96.71196946038032,95.5944804468432,96.31861114501953,4162400
2020-10-08,96.67620040110175,97.5612497113906,96.03252569521493,97.03379821777344,4168400
2020-10-09,97.74898878256069,98.31220757061233,97.2662395651038,98.02613067626953,3060700
2020-10-12,98.56255225671369,99.74262063675866,98.12449837867776,99.27774810791016,4201800
2020-10-13,98.78601154033015,99.2240652473444,96.774531667337,96.8818130493164,4773600
2020-10-14,97.42001617586634,98.51432183821385,96.28085922833593,96.64862060546875,4191600
2020-10-15,95.84132395569603,96.63962738144971,95.35695892602348,96.26290130615234,3518500
2020-10-16,96.60376244927579,99.00764471651121,96.60376244927579,98.37079620361328,4363500
2020-10-19,98.57708808820497,99.59963420916579,96.71138726130168,96.90872192382812,4228500
2020-10-20,97.18679100956881,98.56812695086694,96.97151991997592,97.19576263427734,3873500
2020-10-21,96.8817985539159,97.76979755131943,93.9576724174377,95.01609802246094,5716000
2020-10-22,95.45563535871017,98.7116438947562,95.29418033342405,98.20037078857422,4953800
2020-10-23,98.3438888129352,98.66679888402324,96.48715932585147,96.68449401855469,3573000
2020-10-26,96.48715259721439,97.91333978562061,96.02073077336082,97.76982116699219,7298000
2020-10-27,97.67114039621372,98.44253575690155,97.16883898677733,97.39308166503906,4518000
2020-10-28,95.80546080799564,96.34364882923767,94.52279213161276,95.45564270019531,7104700
2020-10-29,95.41976319627304,95.5991614847577,93.79624803472045,94.18194580078125,4237600
2020-10-30,93.96664788160103,94.67525552136574,92.50458133191393,94.28058624267578,4433200
2020-11-02,96.05661576842108,97.50073954565521,95.1775880695322,96.40644073486328,5907100
2020-11-03,97.53661698487399,99.38438175363358,97.19577049517325,98.27213287353516,3870100
2020-11-04,98.81928826775183,102.46099499107528,98.76547220043243,100.03916931152344,7421200
2020-11-05,101.81516295933068,103.0081289872449,101.10655516760583,101.83309936523438,5139900
2020-11-06,102.14702839763765,103.27721347925657,101.21417797953008,102.63139343261719,5644100
2020-11-09,100.28133947645397,101.54606476229918,95.24933267579821,98.11963653564453,13990700
2020-11-10,97.99407620292578,100.09298493930858,97.23165226475285,99.39334869384766,5243500
2020-11-11,100.40690617754751,101.3128416918941,99.98532883753296,101.04375457763672,3994000
2020-11-12,100.82849088593129,101.23212500848607,99.83285275072913,100.41587829589844,2816800
2020-11-13,101.35769867915936,101.43842276498366,99.9404831968181,100.99890899658203,3918900
2020-11-16,100.50559074036148,102.03043851266338,100.0929781097273,101.95867919921875,4144900
2020-11-17,101.5550405321441,102.81080108834253,100.76570180595651,101.4115219116211,3793000
2020-11-18,101.95866715505484,101.99454680753877,98.44254333175816,98.46047973632812,4545700
2020-11-19,98.66680317096882,99.74316555913224,98.00304659304622,99.56377410888672,3548100
2020-11-20,99.33056376401325,100.24547798994529,98.72959485371884,99.4651107788086,4075300
2020-11-23,99.94946912416547,100.03019322154186,97.64425415114697,98.01200866699219,4105500
2020-11-24,98.04788084068606,98.29903158225773,96.20012309054215,96.52303314208984,7316300
2020-11-25,96.02071597277696,97.23162504659165,94.74701238048316,95.4466552734375,6224100
2020-11-27,95.67987889682153,96.64860905691768,94.96230632305529,96.5320053100586,1979000
2020-11-30,96.66653422942572,97.36617715930969,96.05659384876483,97.07017517089844,5702300
2020-12-01,97.98508310600967,98.30799312443993,96.93562896778319,97.3123550415039,4265200
2020-12-02,97.1509046520142,97.43793503278513,96.29878513379104,97.00739288330078,3444700
2020-12-03,97.00740310181087,97.44691692168207,96.04764452344607,96.45127868652344,3846300
2020-12-04,96.04761880151139,97.11500922106151,95.91307183540287,96.78313446044922,4686800
2020-12-07,96.62170181495834,97.14194655444248,95.65297164695572,96.13733673095703,6928000
2020-12-08,95.79650115966797,96.1911637281578,95.26728473531216,95.79650115966797,6643500
2020-12-09,96.06558010177629,96.59479648074098,94.64836446569191,95.3659439086914,5742400
2020-12-10,95.760596504695,96.05659164296546,95.11477648784394,95.54531860351562,4828500
2020-12-11,95.16860106265717,96.28981456915254,94.46896492953914,95.99381256103516,4719000
2020-12-14,96.42436986767119,97.92230959902669,95.76957811238184,95.78752136230469,6250000
2020-12-15,95.92205879493784,97.24060695560554,95.43769374550823,96.37950897216797,5256600
2020-12-16,96.37952061810599,97.06122041930665,95.62606834573542,96.28085327148438,4458700
2020-12-17,96.72037487956938,97.71601313725913,96.52304018440998,97.57249450683594,3924300
2020-12-18,97.635273329439,98.31697307534631,96.415392455013,97.74291229248047,10669800
2020-12-21,96.47817409044107,97.03429843293846,94.51381275233923,96.95356750488281,4544000
2020-12-22,96.72036641243994,97.80570029745903,95.9399993253552,97.1240005493164,3426400
2020-12-23,97.65321269919134,98.37975685166371,96.36157256737906,96.37950897216797,3149500
2020-12-24,96.37055054935324,97.72497160895475,96.31672764474746,97.1867904663086,1451500
2020-12-28,97.73394832791836,97.85952370630315,96.20910053704867,96.68449401855469,2034200
2020-12-29,97.32134480313091,97.71601419773292,96.99843472451929,97.16886138916016,2834400
2020-12-30,97.49178273390191,97.87748054774002,96.7293518892517,97.26753997802734,2415800
2020-12-31,97.0253491672543,98.34389760147216,96.73831872767492,98.2093505859375,2982200
2021-01-04,98.24520293175749,98.89102295209389,96.20908238635472,97.86847686767578,6192000
2021-01-05,97.63526797707159,99.48303243626184,97.1419381543673,99.07939147949219,4322800
2021-01-06,97.72497183884597,99.59067285819646,97.40206178382975,98.87310028076172,5539600
2021-01-07,98.91792603495823,100.11987031125203,97.99404732445436,99.83283996582031,5568800
2021-01-08,100.16474746529083,100.95408630562807,98.97177442221421,100.11093139648438,4242200
2021-01-11,99.75212397625904,100.44279533927588,98.87309640576669,99.42024230957031,3177400
2021-01-12,99.13321593741779,99.31261421452203,97.17781919872104,97.62630462646484,5777100
2021-01-13,97.8505480180251,101.26801165457562,97.09709577900267,100.59528350830078,6047100
2021-01-14,100.15400112152666,100.55926826786559,98.83914857996128,99.1003189086914,4391000
2021-01-15,99.06425375817932,100.52320251432796,98.51489689221104,100.23501586914062,4480100
2021-01-19,100.63128991624356,101.88310157041639,99.5325759473349,101.37877655029297,6820300
2021-01-20,101.4508385868674,102.24335042090306,100.86545732641522,101.66697692871094,2952100
2021-01-21,101.09058678590182,102.25234134719368,99.29842596851961,101.72099304199219,5028100
2021-01-22,101.76602977492338,102.22532970926767,100.63129158986058,101.62193298339844,4163900
2021-01-25,101.82008226599281,103.92745358738564,101.77505716314586,103.31505584716797,4689300
2021-01-26,102.89176736950681,103.67527826851907,102.4774993713471,103.32405090332031,4142400
2021-01-27,103.74733135936657,106.07084101184044,102.21634046204531,102.92780303955078,9104900
2021-01-28,106.18788830299172,111.73548350571325,105.50344237435496,108.42133331298828,11296300
2021-01-29,108.29527405941582,112.32088742525339,107.80895765908842,111.30322265625,10995100
2021-02-01,110.9880035921705,112.41092838883091,110.32157315573834,110.35759735107422,8337100
2021-02-02,111.13210458395345,111.42029128664632,108.27725398682205,108.2862548828125,7277000
2021-02-03,107.83596600907977,108.87163936524733,107.07947846810302,108.26824951171875,4991900
2021-02-04,107.91702418185716,108.85363272925878,106.98041563445554,107.83596801757812,4377900
2021-02-05,108.45736838835906,111.96064079361089,108.10614105823242,111.69947052001953,5803400
2021-02-08,112.57304915462632,113.2935194175814,111.4653273277428,112.12275695800781,3456000
2021-02-09,112.41995839282187,112.8252186464166,111.32124426593866,112.70814514160156,3424500
2021-02-10,113.28452840825086,113.65376449122495,112.35692744534065,112.83423614501953,4195400
2021-02-11,113.1944437124401,114.25713346922605,112.75315245508172,114.23011016845703,3697400
2021-02-12,113.84287713392072,115.76111255864534,113.69878033209496,115.48193359375,3658700
2021-02-16,115.71608426260265,115.72508515874824,114.23911965606808,115.29280853271484,5174000
2021-02-17,114.70745056093699,115.27481632400247,113.82487472525398,114.59037017822266,3161800
2021-02-18,112.99631649124304,114.06801403795754,111.7354970605636,112.9422836303711,5427900
2021-02-19,112.79821336745066,112.92429465307842,110.47470361074231,110.80792236328125,6204200
2021-02-22,110.72682057727422,110.72682057727422,108.54740854229108,110.36659240722656,4842000
2021-02-23,110.09643289183477,110.93397658253555,108.25924005833262,108.79058837890625,5565900
2021-02-24,108.79059057645715,110.69082407577652,108.66450931904467,110.21350860595703,4127400
2021-02-25,109.56509802037759,110.55573945561929,108.76357160787562,109.49304962158203,3468900
2021-02-26,110.0424289824921,110.19552670783415,107.7639511575156,107.87201690673828,5197500
2021-03-01,108.96171067639419,110.72685537379945,108.61949105893974,110.0604248046875,3858600
2021-03-02,110.0604307888921,110.86195044326057,109.14183762319281,110.34861755371094,4908100
2021-03-03,109.59211077308053,109.77222489310932,107.22356955631368,107.3316421508789,5239500
2021-03-04,107.1695366390798,107.8990077570065,103.33304542041333,104.47679138183594,6699600
2021-03-05,105.3683750176989,105.89071561979738,103.3870920819709,105.59352111816406,4859500
2021-03-08,105.36837802948102,106.52112499746586,104.07153425504112,104.13457489013672,3931600
2021-03-09,105.13422213793453,107.47574023060679,104.90907603535231,105.09819793701172,5176100
2021-03-10,105.58451366258014,107.34965827093822,103.85539325491266,104.3597183227539,7640200
2021-03-11,105.08919770784058,106.1518875936189,104.32369545746504,105.83667755126953,4915700
2021-03-12,105.44941255417156,105.61151800326205,104.5758515533698,105.10719299316406,3714000
2021-03-15,105.53948061554827,106.46708138299421,104.95409942251626,106.3590087890625,4651800
2021-03-16,106.6742097080055,107.56579312979324,105.84567378454797,106.46707916259766,3870500
2021-03-17,105.97176765241757,106.46709183458776,105.29632933359308,105.92674255371094,3797200
2021-03-18,105.81866209579098,107.30462766110605,105.64754886902892,106.3680191040039,4253000
2021-03-19,106.61117003466343,108.96169567511517,105.88169892932086,108.2952651977539,11275200
2021-03-22,108.30428324959551,110.06942787160548,108.07913714672311,109.39398956298828,5173100
2021-03-23,109.66416051900514,110.00638699199182,107.95305563772685,108.51141357421875,3788500
2021-03-24,108.07013225124615,108.47539249882274,106.2239314102551,106.28697204589844,6521300
2021-03-25,106.92638998492923,107.6198369571835,105.58451426744283,107.2145767211914,5320100
2021-03-26,107.42170258376953,110.14147122962837,107.11550719592387,109.93433380126953,4857000
2021-03-29,108.97070838142926,110.53772325578579,108.1151559813454,110.07843017578125,4810100
2021-03-30,109.42100872127398,110.31258538699882,107.51176724783467,107.84498596191406,5054400
2021-03-31,108.07012218490995,109.37596674627895,107.84497609702471,107.926025390625,5792800
2021-04-01,108.32228109664685,108.85362941923596,106.97140461432235,107.1155014038086,4015100
2021-04-05,107.75492412226694,108.3853304497365,107.24159129249499,107.94404602050781,6314600
2021-04-06,108.07915317359635,109.88032226366785,107.7099102120926,108.04312896728516,5146400
2021-04-07,107.90801916077756,108.86263639625108,107.70988949962339,108.169189453125,4313000
2021-04-08,108.97973893267488,109.48406408482037,107.65587853737804,107.87201690673828,3768800
2021-04-09,107.75492290153827,108.90766981351692,107.48474483801857,108.88065338134766,4102500
2021-04-12,108.57445321955494,109.30393125681259,108.502411689347,109.0067367553711,2915900
2021-04-13,109.01574677991964,111.34825712947888,108.88966551080367,110.78089141845703,4944600
2021-04-14,110.77185758294677,111.02494598875099,109.63295286068589,109.82276916503906,4726500
2021-04-15,110.63625869406549,112.69712905046912,110.18431319849834,112.02825164794922,4510900
2021-04-16,112.43499832460657,112.63385544336644,111.133393108099,112.39884185791016,6243100
2021-04-19,111.7209425557184,113.36602414040348,111.71190171347702,112.56156158447266,6853100
2021-04-20,108.91887210210164,110.27470868428549,107.57207636138531,108.46692657470703,9908200
2021-04-21,108.85559010490425,111.04300460349916,108.34037252637337,110.81703186035156,7040300
2021-04-22,111.00685194120385,112.82367478929147,110.73568877781862,111.63053894042969,6366900
2021-04-23,111.73900453105769,112.18190917677423,110.86222918413048,111.45879364013672,5227000
2021-04-26,111.53109963088394,111.54014047096791,110.2294945044099,110.7989501953125,4377500
2021-04-27,110.27470246927837,110.7718452798504,109.37081146543181,110.00353240966797,3384900
2021-04-28,109.84085236752868,110.20241021615094,108.95504287935364,109.77758026123047,3755900
2021-04-29,109.82274929555301,109.83179013587942,108.47595372482321,109.37984466552734,3889200
2021-04-30,108.91887821471154,109.50640881252549,107.87940206413946,108.53924560546875,4773500
2021-05-03,108.96405636757542,109.06348492338947,107.7257232881627,108.04208374023438,4917600
2021-05-04,107.74382582798967,107.82517962013121,105.24005029530863,106.24337005615234,9221800
2021-05-05,106.47836303157986,107.4455261300317,105.91794812647895,107.12012481689453,5632400
2021-05-06,106.70432213637943,107.45454633270109,105.48406392010094,107.37319946289062,4305300
2021-05-07,108.25902022678927,108.84655074620039,107.34609529726497,107.51782989501953,4076600
2021-05-10,107.74381103043896,108.42172932189594,107.33706281402137,107.50880432128906,3923200
2021-05-11,107.43645696051792,107.7980146460181,106.62295389217729,107.01162719726562,5520800
2021-05-12,105.90890732772358,106.29758073545112,105.07732925877103,105.16771697998047,4745500
2021-05-13,105.75524674352489,106.68625336788446,105.45696105917443,106.16199493408203,4519500
2021-05-14,106.65010906642293,107.4003403352591,106.05354452581064,106.9393539428711,3800500
2021-05-17,106.65915316594717,106.97551368170251,105.45697630993487,105.52024841308594,3732400
2021-05-18,105.50216139070906,106.65914079767411,105.50216139070906,105.73717498779297,3398400
2021-05-19,104.99598923634682,105.24003678916638,104.09209817293257,105.19483947753906,3430800
2021-05-20,105.34851437890521,106.63203813353542,105.22197017189333,106.47837829589844,2858200
2021-05-21,106.86702723491379,107.51782290899534,105.73716357720623,105.87274169921875,4629300
2021-05-24,106.69531338975885,106.89417054840838,105.97219770305917,106.01739501953125,3096000
2021-05-25,106.65914836240268,107.77997138037604,106.26143407699786,107.02070617675781,4704500
2021-05-26,106.22526702077857,106.91222610998483,104.89655304685078,105.5292739868164,6692900
2021-05-27,105.75523901786633,106.27045657313339,104.49883117438804,104.5711441040039,10358900
2021-05-28,105.27620312608465,106.49645479683173,105.11350244357557,105.43890380859375,4813000
2021-06-01,99.5636163001288,100.60309255143207,95.53226240640203,95.62265014648438,25124100
2021-06-02,95.62263406698854,97.55696034328122,95.23396064346386,96.6259536743164,19215100
2021-06-03,96.71634504203223,99.12973255763326,96.30959681666725,98.70490264892578,12118000
2021-06-04,98.79528809424923,99.3466621505593,97.99082566379178,98.78624725341797,7197200
2021-06-07,99.40994950369614,100.22344600371699,99.1749358789953,99.42802429199219,7933600
2021-06-08,99.87995374140482,99.87995374140482,97.4665664689714,97.52983856201172,8173900
2021-06-09,97.4484908237953,99.0031845161081,97.25867453291636,98.56932067871094,13780400
2021-06-10,98.56930476964482,99.65397108421418,98.51506662661818,99.56358337402344,8012600
2021-06-11,99.72630465718615,99.72630465718615,98.98511424634886,99.34667205810547,6517500
2021-06-14,99.50032727579952,99.93419111288794,99.0935721703701,99.86188507080078,4888700
2021-06-15,100.27766799078711,100.69345701596923,99.51839597808949,99.7986068725586,5398800
2021-06-16,99.59977192534727,100.43135016083569,99.24725491473494,99.48226165771484,7051500
2021-06-17,99.2020467971749,101.22676090111328,99.18397200973746,100.90135955810547,5967400
2021-06-18,99.4280021801826,100.64825355498402,99.4280021801826,99.72628784179688,8831800
2021-06-21,99.6539893195325,101.38945849886673,99.18396900284922,100.72962188720703,4743300
2021-06-22,100.92848137312888,101.1634880888703,99.87996440945179,100.2957534790039,6519400
2021-06-23,99.9703468306448,100.56691822233437,99.9703468306448,100.1872787475586,4356100
2021-06-24,100.78383943928525,102.58258047234955,100.70249256513196,100.96461486816406,9718600
2021-06-25,101.12730949329169,102.37468332518701,100.79287428015816,101.88658142089844,8750400
2021-06-28,102.1306337269066,105.17674862802211,101.9046609955635,104.5801773071289,9567200
2021-06-29,104.61633988861013,107.41840054187324,104.36325151809022,105.94506072998047,8150200
2021-06-30,105.75524135059433,105.91794199774857,104.173432185094,104.78807830810547,5844600
2021-07-01,104.49884555998624,106.01738281026262,104.38134220529004,105.8998794555664,4739600
2021-07-02,105.68293681228262,106.88511352860851,105.43888927024037,106.69529724121094,4787000
2021-07-06,106.65913923709265,107.62630234246471,106.44220732549604,107.40032958984375,5040400
2021-07-07,107.63535148861419,108.44885484004764,107.33706577706498,108.34942626953125,4068700
2021-07-08,107.43650733053562,107.95172503268034,106.62300388079593,107.79806518554688,3908900
2021-07-09,108.15057906980546,108.68387154601271,107.77998038269823,108.23192596435547,4353600
2021-07-12,107.39129638671875,108.18672494604743,107.0568611025843,107.39129638671875,3905200
2021-07-13,107.17436826975255,107.79805534028165,106.75857918811377,107.2466812133789,3877100
2021-07-14,107.17406525117453,107.33738529861415,106.03082491909714,106.31209564208984,4660300
2021-07-15,105.88568295440817,106.30306192900268,105.49552976524969,105.84939575195312,5761200
2021-07-16,106.19415064145228,106.89279331803789,105.64067750235169,106.62059783935547,3977600
2021-07-19,106.13970600107328,108.27193492899627,106.09433662972408,107.78197479248047,6739700
2021-07-20,107.5551589894517,108.87986316055097,107.1559306093632,107.72755432128906,4678400
2021-07-21,108.1721645654009,108.23567755341065,106.36657511564091,107.95440673828125,4285300
2021-07-22,107.06522012916226,107.74571940964422,105.12352940264546,107.29205322265625,6958000
2021-07-23,108.5441518123118,109.8779312934421,108.21751165683517,109.6057357788086,4736100
2021-07-26,109.09762387094014,109.32445692526734,107.40998539295413,108.44434356689453,4954800
2021-07-27,108.51694243067406,109.99589852002681,108.51694243067406,108.70748138427734,5630800
2021-07-28,108.70747947495057,109.85072009888667,108.22659446872238,109.3516845703125,3796100
2021-07-29,109.85978999906789,110.15013604087095,109.2609473940015,109.86885833740234,3925500
2021-07-30,109.78718656530381,110.16826439448633,109.24278867755811,109.76904296875,4688800
2021-08-02,110.24086923866187,110.49492116306888,109.04319093617471,109.71461486816406,3646100
2021-08-03,110.13198256302114,111.19356652328746,109.85071178949866,110.80341339111328,3696200
2021-08-04,110.13196412762674,111.28427973268137,109.79625569217163,110.30435943603516,3513400
2021-08-05,111.02117965827769,111.02117965827769,109.63296236090956,110.88507843017578,3258100
2021-08-06,110.69453295202806,110.88507189117604,109.98681491450822,110.8487777709961,3550300
2021-08-09,111.04837494398366,111.83775636147314,110.72173483484282,111.74702453613281,4271200
2021-08-10,111.91941815475533,112.10995707358752,110.78525297904359,111.32965087890625,4356900
2021-08-11,111.45669060165523,111.96480137040881,110.10476748336983,110.20457458496094,3683100
2021-08-12,109.95053982500411,111.82871760442599,109.78721971712409,111.42948913574219,3023600
2021-08-13,111.34780615813588,111.81054750787801,111.00301549964773,111.65629577636719,3476600
2021-08-16,112.22794161956249,113.14434231737117,111.90130141676453,113.1080551147461,4601900
2021-08-17,113.08987056292014,114.66862645314038,112.84489394573205,114.04257202148438,4609700
2021-08-18,114.15146848313813,114.39645206787894,112.38217335954658,112.44568634033203,3585200
2021-08-19,112.25513699357971,114.67771222208212,112.12811104378225,114.0698013305664,4283800
2021-08-20,114.24221700981882,115.21306232616547,113.52542363832605,114.61421966552734,5485800
2021-08-23,114.93178316471423,115.5034069559102,114.13333321620722,114.17869567871094,3906700
2021-08-24,113.96094058981106,114.2422183226141,113.27136607271474,113.87020874023438,3945700
2021-08-25,114.17868233573137,114.24220223612681,112.66343920173387,113.18061828613281,4379000
2021-08-26,113.13524621410978,114.56882572747683,113.09895209799488,113.84296417236328,3991900
2021-08-27,114.03352862488296,114.55978304279719,112.78141248931819,113.0445327758789,4094300
2021-08-30,112.99008265824797,114.49625749831321,112.835837838934,114.26942443847656,3151800
2021-08-31,114.6867952753368,115.42173216659107,114.24220442083445,114.65957641601562,6190300
2021-09-01,114.06981299390439,115.64856919023585,113.8339046677045,115.59413146972656,3484200
2021-09-02,115.6848507984055,116.90975475653995,115.53967432955592,116.58311462402344,3402700
2021-09-03,117.04586228132501,117.40878964970703,116.27462431752366,116.99142456054688,2463300
2021-09-07,116.24740228265455,116.58312462627126,115.27656398410885,116.49238586425781,2765500
2021-09-08,116.64661470338585,117.51765962709233,116.13851093321932,117.10028076171875,3121200
2021-09-09,117.18195436335081,117.18195436335081,115.53061687026674,116.1203842163086,4546900
2021-09-10,116.13850383548846,117.44506421880388,116.13850383548846,116.86437225341797,4127400
2021-09-13,117.65378063468216,117.68099949678243,113.24414499213563,114.88642120361328,5811000
2021-09-14,115.54876872172217,116.1294608484799,114.96807659496444,115.27657318115234,4197400
2021-09-15,115.12230045648433,116.30182809555296,114.57790255211458,115.67577362060547,4803200
2021-09-16,116.02058530020659,116.1113171469842,114.59607384636976,115.63043212890625,3317100
2021-09-17,115.03156652508234,115.95704917576224,114.74122051989536,115.04064178466797,10045200
2021-09-20,113.96092499641715,114.84103835391657,112.33679949835864,113.29857635498047,5262200
2021-09-21,113.93370562246824,115.03157676867201,113.50725837510079,113.53447723388672,4918600
2021-09-22,113.8702072300218,114.08796505059709,112.67252883326324,113.0989761352539,6553400
2021-09-23,113.79759613035091,114.23311860643932,113.2441229673028,113.688720703125,4161500
2021-09-24,113.24413879029755,113.85205667429464,112.75417853213669,112.84491729736328,3045700
2021-09-27,111.90129169845396,112.05553652460267,109.28817030301242,109.4061279296875,6481200
2021-09-28,108.51693193297947,108.66210841066903,107.0379829090932,107.73662567138672,5855200
2021-09-29,107.89994000498687,108.93429812509076,107.7638387949953,108.38990020751953,4511300
2021-09-30,108.75282352864839,109.48776029737701,107.15591713154475,107.18313598632812,4786200
2021-10-01,107.24666085011664,107.45535029725974,104.43393247808864,106.34840393066406,8173200
2021-10-04,105.80401719859088,106.67505535237304,104.21618571648473,104.8240966796875,5903500
2021-10-05,105.3503444243321,106.11250016498124,104.82409007632457,105.14165496826172,4238400
2021-10-06,105.0237054834907,105.7677176342101,103.79880835909108,105.69512939453125,5498900
2021-10-07,106.65691085517159,107.70941268623615,106.56617209046954,106.98355102539062,4505800
2021-10-08,107.14683449136332,108.27193117579603,106.90185789279451,107.41903686523438,7193200
2021-10-11,107.20130414866598,107.91809743964721,106.02176948302184,106.04898834228516,3873200
2021-10-12,106.97445833149725,107.34646090104859,105.62253541098018,106.44820404052734,4599200
2021-10-13,106.61153353177585,107.2738890838272,105.64976361465568,106.15786743164062,3935100
2021-10-14,106.2580726308839,107.18712178209192,106.23985202939791,107.08692932128906,4977400
2021-10-15,107.55144986508282,107.77915872390162,106.68615203209767,107.01405334472656,6012400
2021-10-18,106.83189475370098,107.01405907085415,105.93016957028328,106.40380096435547,5275800
2021-10-19,106.62240049862044,109.46420973611296,106.62240049862044,108.69910430908203,5880000
2021-10-20,112.51549414976101,113.67225898178818,111.2949780677848,112.31510925292969,8401900
2021-10-21,112.49729871131849,114.40094164114298,112.11474250583638,113.89998626708984,4984000
2021-10-22,114.31897136580267,115.53037736108932,113.74514052417472,115.42108154296875,5742300
2021-10-25,115.21157740699945,115.53947873427084,114.21877007379449,115.2935562133789,4426900
2021-10-26,115.67611182061296,117.29739794529407,115.484837194017,116.70536041259766,3994000
2021-10-27,117.49777829950706,117.86210693648594,116.01311895136047,116.32279968261719,4128600
2021-10-28,116.61426676167429,117.44313039378488,115.7125415716419,116.32279968261719,3645300
2021-10-29,115.91293876129788,117.5068940896153,115.52127918087588,117.39759826660156,4692200
2021-11-01,117.16986945443205,117.9805124332443,116.85107149383069,117.44312286376953,3494700
2021-11-02,117.79835567922562,117.98051999771508,115.94025044431537,116.32279968261719,8069600
2021-11-03,116.02220777368194,117.2609513909535,115.64876888280654,117.2245101928711,5110600
2021-11-04,117.45223364837314,117.94409259595993,116.76000367938599,117.57975006103516,4675900
2021-11-05,115.74897240378348,115.967570969334,112.87983930308081,113.28060913085938,7989800
2021-11-08,112.94360012346623,115.88560179719978,112.77053915762211,115.49394226074219,4930000
2021-11-09,115.40285153596724,116.13152269329997,114.99297835316958,115.15692901611328,5130300
2021-11-10,114.93831452070705,116.68711671701327,114.8107981282132,116.4229736328125,5358900
2021-11-11,116.55961121592401,117.46134329597467,115.89469829368568,115.90380859375,5054800
2021-11-12,116.53228223729472,117.36114577931683,115.78539749406897,116.9968032836914,6462200
2021-11-15,117.28826345064896,118.5907512360392,116.82372856078081,117.89852142333984,4565800
2021-11-16,118.08070920800482,119.86595283586286,118.08070920800482,119.21925354003906,4141300
2021-11-17,118.96420150346476,119.04617334655,117.07876572304038,117.1516342163086,4759900
2021-11-18,117.78013442576653,117.88943023660572,116.1042004677485,116.25904083251953,4466100
2021-11-19,116.96036786834854,117.06966366033049,115.18423480829901,115.53034973144531,6867700
2021-11-22,115.47572979429553,115.49395039678546,113.5629765311551,114.09126281738281,4205400
2021-11-23,113.40812229111444,113.75423725574805,112.23314374261432,113.38079833984375,4873700
2021-11-24,113.0073545480526,114.10946461396829,112.94359634421032,113.9181900024414,3729500
2021-11-26,116.41388046663982,118.18090352143113,114.25520482663521,114.65596771240234,4671400
2021-11-29,115.08406155688198,117.44312906462447,114.18233637705484,116.61426544189453,5648200
2021-11-30,116.76909350680666,117.3064830480532,114.16410375135062,114.5557632446289,7269900
2021-12-01,115.20246544624537,117.0241293128822,113.96372873559909,115.43927764892578,4816700
2021-12-02,115.02940998550707,118.27198891773422,115.02940998550707,116.93305969238281,5090800
2021-12-03,117.38846516750736,118.82758669825225,116.61424955535371,118.65452575683594,5254500
2021-12-06,119.10081367264371,121.39612242086291,118.964193942851,120.6583480834961,6601600
2021-12-07,122.0519605447026,122.1248290546085,120.04812516615543,120.61283874511719,5143600
2021-12-08,120.95894244535506,121.55097988893887,119.42873176466532,120.56727600097656,5389400
2021-12-09,120.68568874556934,121.24129888742213,119.75663275956653,120.7130126953125,2663300
2021-12-10,121.52364811953926,122.50735194420395,121.02268590814832,122.3889389038086,4371800
2021-12-13,122.50735535659673,124.78444374612457,122.50735535659673,123.8371810913086,5094800
2021-12-14,123.80985296095538,123.87361811202389,120.23027640284673,121.08646392822266,8193300
2021-12-15,121.6329780969441,123.57306234348435,121.05004387755733,123.47286987304688,6422300
2021-12-16,123.3635670151028,124.42924292266693,122.59846850171019,123.95560455322266,6984100
2021-12-17,125.27630376294283,126.85205912440775,124.68426626988702,124.88465118408203,12146000
2021-12-20,124.05579287556348,125.52223859305644,122.25234246900122,122.94457244873047,6501200
2021-12-21,123.89184394551876,124.9484025231446,121.50544557439441,123.2087173461914,7153800
2021-12-22,123.76432423142016,126.62434696163768,123.68233847902296,126.5970230102539,6768900
2021-12-23,127.19815438111867,127.72644056566739,126.3510841547138,126.7518539428711,3491800
2021-12-27,127.3530320263549,129.88515371872515,126.99779282301232,128.8468017578125,3801700
2021-12-28,128.95605021826387,129.07446324255946,127.63534194834186,127.94502258300781,3296000
2021-12-29,127.94502759183982,129.02892375384567,126.90667597159542,128.600830078125,2848900
2021-12-30,128.80122596823696,129.11090664153403,128.0543343344974,128.4277801513672,2809100
2021-12-31,128.42782177813132,129.12916909353567,128.17278891766583,128.19100952148438,3271800
2022-01-03,126.99777285666923,127.36211535477243,124.97573105973864,126.64254760742188,6688100
2022-01-04,127.06155913081211,127.19817890391182,122.74419362364337,123.66414642333984,8241200
2022-01-05,123.0994185162607,124.81179379064811,123.02656390301854,123.10853576660156,5948200
2022-01-06,122.96277748577745,124.06489442143335,121.94264629777831,123.09029388427734,5710200
2022-01-07,122.85350834543196,124.03758348919553,122.3980905522158,123.47286987304688,4367500
2022-01-10,122.77149123275957,123.41819044923407,121.97906892233189,123.1995849609375,5975600
2022-01-11,123.17224811352722,123.84627120817422,122.08835193221022,123.600341796875,5709400
2022-01-12,122.86259661386833,123.60037112458095,120.71302433786491,121.79692077636719,8416000
2022-01-13,121.01084483202457,121.41302828551952,118.30525592950252,118.50634765625,7174500
2022-01-14,119.27415848685499,119.36555494144227,116.10240304111689,117.14442443847656,9256900
2022-01-18,116.44974753064685,116.93419198356261,114.75875967614732,115.69108581542969,5850100
2022-01-19,115.85561313698784,116.61427484145857,115.01469043917274,115.21578216552734,3996400
2022-01-20,115.38943646190731,116.91590217182045,113.89954048845105,113.9909439086914,8652600
2022-01-21,115.9104422256818,116.16637458871143,114.12805114484415,115.01467895507812,10132700
2022-01-24,113.35110820127149,113.79898982305806,110.30732631787424,113.17743682861328,10864500
2022-01-25,112.50104110954122,113.90867601146692,111.13910442814608,112.6747055053711,9126600
2022-01-26,108.94539603623005,111.2213738686082,108.77172466444674,109.749755859375,14753100
2022-01-27,110.5815537814472,112.58331458790931,109.44812899779056,110.08796691894531,9179500
2022-01-28,110.38960047149385,114.74047195172507,109.329308162483,114.57594299316406,8286500
2022-01-31,114.73132197475654,116.96160171671858,114.37484375024741,116.50457763671875,7210000
2022-02-01,116.4223002034917,116.68737496928242,115.38942146547394,116.26690673828125,5602000
2022-02-02,117.22669084616936,119.50267606373198,116.87021257809519,118.86283111572266,7450500
2022-02-03,117.57403133740594,119.68548057190506,117.23582399939124,118.92681884765625,5613300
2022-02-04,118.42409501953742,119.30158752065441,117.54661646569058,118.56121063232422,4149700
2022-02-07,118.70742940781028,118.78055493387079,116.70566869075034,117.04386901855469,4035200
2022-02-08,116.56856328710465,117.85737456833184,116.23036992360882,117.59229278564453,3890900
2022-02-09,118.38751922044432,119.54835031839232,118.29610882736549,119.2741470336914,3434200
2022-02-10,117.5191770768731,118.75313370824753,116.23950130137962,116.77879333496094,5917700
2022-02-11,116.79707434980828,117.8390887084207,114.39313016698036,114.70390319824219,4803200
2022-02-14,114.25602528301089,114.77703247935605,111.49560278057247,112.22683715820312,7433900
2022-02-15,113.51565688042609,114.63993234726644,112.80270034562298,113.3237075805664,5298000
2022-02-16,112.8392577089056,113.44253292282728,111.11170701250803,113.04949188232422,5078100
2022-02-17,112.41877952970714,112.59245090901894,110.11538127006754,110.21592712402344,3688300
2022-02-18,109.6857955490822,109.96914828935411,104.96930299312683,106.75170135498047,12376100
2022-02-22,106.52316230049288,109.07335723792612,106.12097892044893,107.4097900390625,8372800
2022-02-23,107.85768579674173,108.62548292456056,106.93449517755882,107.17214965820312,5184200
2022-02-24,105.11554014853155,108.69860732166148,104.59453296761029,108.51580047607422,6252600
2022-02-25,108.51580873213713,112.36395100568555,108.31471700251126,111.8886489868164,5837700
2022-02-28,110.64552815472294,110.65466361494292,108.9088353251014,110.25248718261719,6828400
2022-03-01,109.96913942054147,110.74608598859618,107.29097784959487,108.01307678222656,6697700
2022-03-02,108.42439729655626,110.6455346462325,108.09533939485355,110.01483917236328,6419800
2022-03-03,110.41702406497593,111.57786219707283,110.1336643842009,110.5724105834961,5223100
2022-03-04,109.62179972635629,111.29450958804453,108.78087706506963,110.97459411621094,5911400
2022-03-07,110.17936954712695,110.499285018574,107.18129260276447,108.64376831054688,6632000
2022-03-08,107.77541634589792,108.79000333553527,105.76450631321617,106.130126953125,6694000
2022-03-09,107.76626027962986,108.95451849197585,106.43175104036776,108.21414184570312,5004700
2022-03-10,107.10815533875979,107.68400312427224,105.7827883992771,106.9436264038086,4377600
2022-03-11,107.34581461389251,107.91251999134117,104.09179852916917,104.21976470947266,8012400
2022-03-14,105.02413778944288,107.1355868639878,104.73164264936031,105.5908432006836,5527500
2022-03-15,107.40064788806117,107.66572266436557,106.23066747791299,107.38236999511719,5041200
2022-03-16,108.04962709290278,109.26531276240054,106.90706694645007,109.2104721069336,4441800
2022-03-17,108.77172032653306,110.81918605065047,108.5249304160396,110.78262329101562,3998900
2022-03-18,111.2762128482713,112.12627785339396,110.30732410161042,111.92518615722656,7823800
2022-03-21,111.44990404681731,112.51933883183774,110.74608995864102,111.29451751708984,4135100
2022-03-22,111.41331481933594,111.99830500589869,110.83746706577253,111.41331481933594,4479600
2022-03-23,110.7003781072159,110.81920186275833,106.70598496099991,106.87051391601562,5656000
2022-03-24,107.29096996144214,107.74799403910423,106.58715595024151,107.69315338134766,4505800
2022-03-25,108.45181817200637,109.05508634574191,107.6200309791725,108.72602844238281,2896300
2022-03-28,109.119073402509,109.68578580635021,108.50666277209581,109.67664337158203,5350900
2022-03-29,111.35849746166768,111.57786708410639,109.05509201834033,109.85945892333984,5126100
2022-03-30,109.56695204616274,110.36216945753462,109.20133139879343,110.03311157226562,4064800
2022-03-31,109.8777324523985,110.1336648306773,107.94909020712498,108.1867446899414,5432600
2022-04-01,108.62548014252519,108.74431086662105,107.18128934762007,108.38783264160156,4314000
2022-04-04,107.73884197804439,108.75343583201516,107.46462478424523,108.66202545166016,4037200
2022-04-05,108.09533228821437,110.77349355044484,107.98564400364677,109.2104721069336,6113400
2022-04-06,108.77171305029727,109.85943241236276,107.6382954719702,109.63092041015625,5485100
2022-04-07,109.32017032941538,113.53393335928187,109.03681760082395,112.7661361694336,5863500
2022-04-08,112.81182725530809,113.67103479551831,111.61442634396909,112.65644073486328,5093900
2022-04-11,112.8666870853074,112.8849649828971,109.48470419313672,109.72235870361328,4071100
2022-04-12,109.49381043668808,110.24332951555125,107.60173136116562,108.21414184570312,4432300
2022-04-13,107.88377945899622,109.94858473990614,107.59929741630575,109.645751953125,4407900
2022-04-14,110.16885746893932,110.3523929518632,107.88380079838682,108.00310516357422,3140000
2022-04-18,107.38824116339012,108.59042162047966,106.03006185498926,106.71833038330078,4115900
2022-04-19,107.07622250006084,110.3340294562805,107.04869288094598,110.10460662841797,5120900
2022-04-20,109.6457610215383,113.83961003667663,107.82872914342876,112.54566192626953,8334200
2022-04-21,113.04122782283254,114.11492508895023,112.55485249722862,113.21559143066406,7321100
2022-04-22,112.89438137377195,113.04121534340524,109.71917029545679,109.79258728027344,6710100
2022-04-25,109.35209728901407,110.40743666955589,108.1407380669257,110.13213348388672,4503500
2022-04-26,108.84736701146818,109.79258794203537,107.34235382080078,107.34235382080078,3366300
2022-04-27,107.63600639527525,108.81982893521717,106.57148119603622,107.11292266845703,4178700
2022-04-28,107.87460816964538,108.96665598535793,107.213869355961,108.29674530029297,4960000
2022-04-29,107.4249455287749,108.07650553702433,103.81841829900748,104.15796661376953,6815900
2022-05-02,104.15796521488413,104.63516162246445,101.20299803305258,103.5431137084961,4905000
2022-05-03,103.7450194888122,104.92883527826436,102.61625594355199,103.1760482788086,4491500
2022-05-04,103.24027054348063,106.75502987877051,101.98303095057005,106.1768798828125,5347400
2022-05-05,105.40602526622804,105.53450149053698,102.4877665971282,103.70829772949219,5703300
2022-05-06,103.28615713438649,104.31396689473253,101.83620322083674,103.0291976928711,4966800
2022-05-09,101.57924917253692,102.04726668038668,98.13790690137151,98.55086517333984,6478200
2022-05-10,99.94575554751671,100.60648735408209,97.46798501753977,97.96353912353516,6248300
2022-05-11,97.88096979826932,99.12902368280339,96.96327838220348,97.12845611572266,6636100
2022-05-12,96.81643872699557,99.12901787946642,96.01804472124414,99.08313751220703,8516100
2022-05-13,99.44103448057825,101.4140722681749,99.44103448057825,100.83592224121094,6159300
2022-05-16,100.3954419138525,101.42325181479475,98.93630892743649,100.67992401123047,7459000
2022-05-17,102.40517953263137,105.92911813448549,102.40517953263137,105.11237335205078,9172000
2022-05-18,104.084540588121,105.2591842757185,102.99249275431667,103.46051025390625,6933900
2022-05-19,102.80896199255876,103.70830260644249,101.4232460778578,103.18521881103516,6304800
2022-05-20,104.06619890364662,104.35985985111216,101.69855357640174,103.91936492919922,4509600
2022-05-23,104.47914343431638,105.8648591294572,103.64404806935435,105.56201934814453,4357000
2022-05-24,105.68134393460154,105.68134393460154,102.62542992262298,104.40574645996094,5272600
2022-05-25,103.88265362257094,105.47944154501566,103.10261740837203,103.87348175048828,3921700
2022-05-26,104.414912149292,106.00252113567097,103.89182840259903,105.41519927978516,4027800
2022-05-27,106.52561117146914,107.29646852729368,105.97499777424744,107.08540344238281,3884800
2022-05-31,106.04840777903054,108.37016572205303,104.98388947772972,107.79202270507812,10563500
2022-06-01,108.14991182430289,108.2875669113403,105.10317717092232,105.60791015625,4890200
2022-06-02,105.80062260627331,107.92966597698688,103.91018091544261,107.83789825439453,3856600
2022-06-03,107.1679874625791,107.87461367494258,106.75502918366563,106.97527313232422,3778200
2022-06-06,107.71861413038681,108.49865742239163,106.48891101371572,106.83763122558594,4205600
2022-06-07,106.54395989267726,107.58095555585759,105.73639405886092,107.25975799560547,3285600
2022-06-08,106.213594602228,106.58985141539964,104.92882531540612,105.2500228881836,3683400
2022-06-09,105.20413561012722,105.93829148934685,103.40546140761144,103.43299102783203,3424700
2022-06-10,101.68938248709902,102.30424105037918,100.12013102256776,100.60650634765625,4805600
2022-06-13,98.81699073578648,99.20241936739951,96.66958964271825,97.19268035888672,5215300
2022-06-14,96.44934188184514,96.72465203717033,93.55861325664314,94.46713256835938,5890100
2022-06-15,95.7335620748806,97.34870082347763,94.21019806312009,96.17405700683594,5278100
2022-06-16,93.97158674541997,94.29277728723186,92.90706151949635,93.66874694824219,4793600
2022-06-17,92.90707387933911,95.1554219739875,92.90707387933911,94.09089660644531,10249200
2022-06-21,96.22911277512456,96.3117016335817,94.82504616991964,95.81615447998047,5338300
2022-06-22,95.02694687792167,97.80755068820349,94.78834515450724,96.76138305664062,5511600
2022-06-23,97.22939298528148,97.99107846460757,96.4218271406091,97.4679946899414,5064800
2022-06-24,98.19298116595554,100.61568593554324,97.66989734073616,100.44132232666016,14301600
2022-06-27,100.85428276490954,101.03781823797672,99.38597797608354,100.10177612304688,3804100
2022-06-28,100.25777854814271,100.88180893724096,98.10120530688957,98.16544342041016,4185500
2022-06-29,98.61510404931946,100.64320093672825,97.95436520788822,100.1201171875,4552100
2022-06-30,99.18408477915943,100.10177614757927,98.52334587366843,99.70716857910156,6070900
2022-07-01,99.30338001778718,101.37736442656542,98.78947510289426,101.14794158935547,3291700
2022-07-05,99.78976084570905,100.4780293955029,98.3765152499608,100.30367279052734,4752300
2022-07-06,99.87234218395453,100.4871936519845,99.22995409673757,99.74386596679688,3975300
2022-07-07,99.55113385391591,100.59730115037941,99.29417446408371,100.47799682617188,4149000
2022-07-08,99.78059243493566,100.87264047752828,99.61540769719636,100.2669677734375,3115500
2022-07-11,99.66126738155452,100.39542317499401,99.18407101681883,99.92739868164062,4041100
2022-07-12,99.56950652964846,101.28559178942967,98.83535068554028,99.38597106933594,5756300
2022-07-13,98.0461377035948,98.16544205663935,96.9816194084098,97.4679946899414,5087700
2022-07-14,96.44483206862222,97.63391669953421,95.64289634100822,97.44034576416016,4993600
2022-07-15,99.00734497051184,100.45452396771259,98.8690780278394,100.30703735351562,4617900
2022-07-18,100.06737707957062,100.43608658972812,98.35288383500489,98.6478500366211,4499900
2022-07-19,99.94755992095138,101.39473909767992,99.5143267286897,101.33021545410156,5788400
2022-07-20,98.62021374473132,100.30705527511121,98.51881843749207,99.76321411132812,7300200
2022-07-21,100.12269738627069,102.05841370388671,99.92912645776406,102.03076171875,5698000
2022-07-22,103.23827787513252,103.23827787513252,99.85538242185748,100.65731811523438,4733900
2022-07-25,100.5559261026127,100.77715605444142,99.06266260679278,100.0120849609375,3905600
2022-07-26,100.20563805723754,101.28410750836744,99.82771593043113,100.555908203125,4824000
2022-07-27,100.82324044726555,101.98467308152412,100.12270003013799,101.3855209350586,3303500
2022-07-28,101.48691549544708,102.63912844846656,100.04895598049467,101.72657775878906,4736100
2022-07-29,101.2380198768103,101.2748915276683,100.06736781785094,100.3254623413086,4922900
2022-08-01,99.90145302890403,101.30254768914773,99.65257816602514,100.9522705078125,3871900
2022-08-02,101.04446656183316,102.22433146434415,100.04895291313343,100.14112854003906,3093800
2022-08-03,100.57436263149029,101.36708568863409,99.8000718868744,101.03524780273438,3866200
2022-08-04,101.77265856134491,101.96622947352093,101.00758755187616,101.13663482666016,2794000
2022-08-05,100.24252972286408,100.76793856286812,99.91069182048784,100.70341491699219,2789600
2022-08-08,101.20116079745199,101.37629940264661,100.09503223195057,100.47296142578125,2283800
2022-08-09,99.63415837941243,100.28862154692658,99.13640855595798,99.46824645996094,3943500
2022-08-10,101.17351789685064,101.74501102607704,100.65732170692219,101.64361572265625,3960900
2022-08-11,102.16902324853989,103.3581078559353,101.7542293998774,101.84640502929688,3281400
2022-08-12,102.18745678717477,102.80504120499583,101.80031494608241,102.75895690917969,2813300
2022-08-15,102.60224715619263,103.5240174320583,102.3349329322857,103.1460952758789,2949500
2022-08-16,102.74051377214278,103.72680768283051,102.712861789164,103.26592254638672,2897400
2022-08-17,102.89723250745712,103.3581177311388,101.73580680721554,101.90172576904297,3053500
2022-08-18,102.25198272287061,102.25198272287061,100.27939478439319,101.35786437988281,4143600
2022-08-19,101.83718395880706,102.13215016806117,100.8416703653685,101.45003509521484,5092700
2022-08-22,100.44531482220458,100.75871336139201,98.52803083201815,99.04421997070312,3496800
2022-08-23,98.46348949911673,98.50958082073952,97.26518546240762,97.71685791015625,4203000
2022-08-24,97.61548079933054,97.86435569779493,96.89650105648937,97.19146728515625,4278200
2022-08-25,97.0071024879542,97.67077821606105,96.37108577564277,97.60625457763672,5249200
2022-08-26,97.65234318147283,97.98418103627213,93.67950859555573,93.92839050292969,5440700
2022-08-29,93.55967888818202,94.58284441202615,93.29236467602422,93.87307739257812,4229900
2022-08-30,94.41692816217113,94.68424238189905,93.87308005098701,94.20491790771484,4629700
2022-08-31,94.9147019730482,95.91021572180681,94.57364438341322,94.61973571777344,7600700
2022-09-01,94.3524107556617,96.69370821826993,94.04822486148299,96.63839721679688,4397900
2022-09-02,97.20068028202826,97.38503857096543,94.00214308515169,94.48146057128906,4103200
2022-09-06,94.48146263613373,95.79959454250569,94.24180037155253,94.67503356933594,4670400
2022-09-07,94.83172437121877,96.75822792343143,94.702677093947,96.50934600830078,5100800
2022-09-08,95.5230523815975,99.15482956551185,95.48618072618399,98.62020111083984,8700700
2022-09-09,98.74924918983668,100.5374858128821,98.65707356682952,99.99364471435547,5781200
2022-09-12,100.27018290801702,101.09055800076851,100.02130799453457,100.74028778076172,4358100
2022-09-13,98.83222838083172,99.16406630411495,97.3205254114527,97.5601806640625,5300800
2022-09-14,97.64314215443163,98.43586528864796,96.79511504470496,97.50487518310547,3264200
2022-09-15,97.76295683348751,98.70316648796616,96.65683527444725,96.8411865234375,4237000
2022-09-16,96.59231993482256,96.7858908726619,95.32027932935699,95.86412048339844,8898200
2022-09-19,95.17278358348328,95.96550660499081,94.2510132824326,95.94706726074219,3816000
2022-09-20,94.74877304305082,94.96999595308662,93.31081357899379,94.30632019042969,4617100
2022-09-21,94.82250751924943,95.79036205578998,92.74852447052825,92.77617645263672,4720500
2022-09-22,92.22311985209898,93.86386983463285,92.03876157551983,93.16332244873047,5567500
2022-09-23,92.53651878001021,92.99740392465915,91.08012003510775,92.8038330078125,6214600
2022-09-26,92.34294656651112,92.77617972160566,91.49491960007661,92.029541015625,6037800
2022-09-27,92.4074696566113,92.84992248095955,90.25053059835484,90.6376724243164,6377800
2022-09-28,90.39800978529449,91.50413129245348,89.93712465188675,90.99716186523438,7206900
2022-09-29,91.11700400066513,91.42118992504133,89.91870668221519,90.60081481933594,6698800
2022-09-30,90.98793210116108,91.71613137508007,89.107520121525,89.19048309326172,6728400
2022-10-03,90.14913442122963,92.35216478442962,89.78042490998277,91.73457336425781,4817600
2022-10-04,92.85914409382103,95.13591800814403,92.6747928348478,95.0160903930664,5710800
2022-10-05,94.17727650015588,95.82724629734034,93.94683390891586,95.29261779785156,3803400
2022-10-06,94.81330828539836,95.13592653378794,93.90997015735718,94.43537902832031,6348100
2022-10-07,94.48145189197965,96.86883349587055,93.13566815283879,93.82699584960938,8485900
2022-10-10,94.1311932944243,94.31554455653696,92.47200380521095,93.21863555908203,4044600
2022-10-11,92.96053591581331,94.71190094069122,92.25998849935226,93.79013061523438,5304800
2022-10-12,93.3292478185558,93.93761962440429,92.23233885303787,92.25077819824219,4106200
2022-10-13,90.69488403841477,95.46440093550152,90.46335416055358,94.89946746826172,6250900
2022-10-14,95.55702324324253,96.2423497877185,93.3435979035208,93.4547348022461,6087200
2022-10-17,94.57533309021385,96.27012653439989,94.34380319757149,95.87189483642578,7315800
2022-10-18,97.99270336651279,98.78916671260191,96.92767157961487,97.22402954101562,8943900
2022-10-19,93.53807239705138,93.6955110211521,89.20383272018253,90.86158752441406,18525200
2022-10-20,89.38905664532045,90.51892363680076,87.99062119981552,88.17584228515625,12651200
2022-10-21,87.37938977865069,88.46294810083361,86.3606595509813,88.03693389892578,9859000
2022-10-24,88.95379892934827,91.21352616516506,88.81487956289143,91.02830505371094,8118000
2022-10-25,90.82455395508474,91.59323496173334,90.44484857208732,90.71341705322266,7114400
2022-10-26,90.84306810646588,92.16741941613323,90.64858383849496,91.14868927001953,8290100
2022-10-27,91.3802221163257,91.3802221163257,89.62059340771975,89.7687759399414,6610000
2022-10-28,90.1299554263918,92.63047541570089,90.01881853536838,92.13963317871094,5768100
2022-10-31,91.80622982406143,92.1488966063615,90.89863660826572,91.6302719116211,5885600
2022-11-01,92.26004808187756,92.90832905278134,91.35244765687962,91.97294616699219,5249400
2022-11-02,91.43577761969362,93.75107627539028,90.7782265836327,90.7967529296875,5196700
2022-11-03,89.65762997745809,89.84285812401079,88.30549630341424,89.32422637939453,4873400
2022-11-04,90.60229531489631,90.97274462181419,89.04641387842744,90.8245620727539,4902800
2022-11-07,91.48209563106177,92.64900833956989,90.88011646032247,92.1489028930664,4903700
2022-11-08,92.51934989929654,92.85275352216283,91.63953203561476,92.27855682373047,5708200
2022-11-09,92.52861261259437,93.78812876791751,91.91737028514191,92.11185455322266,5339600
2022-11-10,95.41810923987407,96.72394137666731,94.59386329217868,96.52945709228516,5907400
2022-11-11,96.90915652038153,98.0853323951842,96.25161243773798,96.39978790283203,7106900
2022-11-14,96.01080436271612,96.60352026198389,94.45492336070552,94.47344970703125,5661600
2022-11-15,95.80708387082109,96.76099313419547,94.81613603584854,95.51998901367188,5262900
2022-11-16,96.53871408897747,97.52040576082275,95.63112075351947,95.95526123046875,3292800
2022-11-17,95.08468468149995,95.47365316472967,94.04743539288738,94.9828109741211,3332900
2022-11-18,95.87190501457215,96.49241056268504,95.33476097657253,96.19605255126953,3931800
2022-11-21,96.06640232985457,97.14996071398318,96.01083034157143,96.20531463623047,4148800
2022-11-22,96.2979160130599,97.24255486569044,95.26992272493551,97.12216186523438,4511700
2022-11-23,97.21476595021333,98.60394521314126,96.68687811292997,98.18718719482422,4617500
2022-11-25,98.7891789767195,99.41894060609384,98.64100351048954,99.05775451660156,2558100
2022-11-28,98.83548527601404,99.78938733768081,97.3629514313749,97.60374450683594,4149700
2022-11-29,97.24254608154297,97.59446894274636,96.76096705748932,97.24254608154297,4832300
2022-11-30,97.36295307082045,99.74308021070829,95.79781571829876,99.63195037841797,12737300
2022-12-01,100.24318766128302,100.62290010449992,99.41894174853603,99.95609283447266,5076200
2022-12-02,98.8632589091483,100.15056447863188,98.35389034608737,100.10425567626953,4944100
2022-12-05,98.99291396685214,99.15035258794876,97.29811356592406,97.62226104736328,4687100
2022-12-06,97.23328773554657,97.62226330913946,95.51070483989517,96.18677520751953,4175700
2022-12-07,96.33496162305254,97.69635862124899,96.33496162305254,97.06659698486328,3592400
2022-12-08,96.92768843113063,99.17815245488956,96.52945668885086,99.02071380615234,4607700
2022-12-09,98.84475123210598,100.46546058482379,98.58543180045622,99.56712341308594,5346400
2022-12-12,99.77085270602134,101.49342840410661,99.77085270602134,101.40081787109375,4752500
2022-12-13,104.02175067061752,104.37367356643271,102.85483802446791,103.29011535644531,6246000
2022-12-14,103.14193566529453,104.56816060411623,102.36399157787754,103.0400619506836,5614900
2022-12-15,101.73424328555959,101.87316264777118,100.40063577923216,100.50250244140625,4947800
2022-12-16,99.74308000134015,99.8819993571434,97.96493203110786,99.0114517211914,7976100
2022-12-19,98.85399196789712,99.26148680281496,98.0112269097263,98.71507263183594,4352000
2022-12-20,98.73363448055098,99.08555746814864,97.81677783803768,98.62249755859375,3673000
2022-12-21,99.178145316877,100.38210363220661,99.15036285918556,100.15057373046875,3228600
2022-12-22,99.75234043838731,100.16909849435986,98.37242422427015,100.04869842529297,3311100
2022-12-23,99.71529148617068,100.3913618749553,99.18740361877013,100.18761444091797,2618400
2022-12-27,100.34505779319,100.99334575615873,99.44672064578184,100.5488052368164,2927400
2022-12-28,100.96554943597616,101.96576023786514,99.78011755184018,99.86347198486328,3265200
2022-12-29,100.71550353036736,102.5770058498852,100.44692800639858,102.16024780273438,3047800
2022-12-30,101.68794359511828,101.98430160981161,100.63216772616502,101.67868041992188,3471000
2023-01-03,102.34548344276413,103.1049012652907,100.71551089719533,101.48419189453125,4171900
2023-01-04,102.80852283150003,103.6698142085656,102.19728059873638,102.99374389648438,4395500
2023-01-05,102.89189110218364,103.45682465064968,102.20656454358283,102.61405944824219,4896900
2023-01-06,103.72539994042104,104.41072649733668,102.0676449327711,104.03102111816406,3800400
2023-01-09,105.1330982300485,105.2720175889388,103.74391877260967,103.86431884765625,7277700
2023-01-10,104.18845305027352,105.6517236866663,104.02175124276381,105.43871307373047,5591700
2023-01-11,106.38336265843009,107.14278045967048,103.85505300199073,104.79043579101562,5350300
2023-01-12,104.18572676231427,104.55785329570723,103.16238411877612,103.5996322631836,4697700
2023-01-13,103.51590196037223,105.95332404748785,103.4414823307661,105.59980773925781,5348700
2023-01-17,105.59051705750689,106.3161600038521,105.1811770989637,105.4881820678711,5711000
2023-01-18,105.3207259187308,105.6649442578977,103.44149692375122,103.73919677734375,4288500
2023-01-19,103.32052801803835,104.49272402813195,102.88327990566964,104.00896453857422,6157700
2023-01-20,104.38108168590608,105.16254804161484,103.86941396157398,104.95787811279297,5078300
2023-01-23,104.59506084360707,106.70686762428699,104.58575572891569,106.06495666503906,6115300
2023-01-24,104.99511531450956,105.73936847964349,104.45553212467368,104.6881103515625,4662000
2023-01-25,102.33441945668814,104.41831837462519,101.95298775907833,103.26473236083984,6070800
2023-01-26,103.4972982003847,103.84151648890571,102.4367421843964,103.32984161376953,4159500
2023-01-27,102.9391261354115,103.50661758507923,102.15765959090007,102.28790283203125,4860600
2023-01-30,102.15764617919922,102.95771575409663,101.98089157385446,102.15764617919922,4434800
2023-01-31,102.13904486756947,102.94841957225155,101.28315878074552,102.84608459472656,5698300
2023-02-01,103.06003895041239,104.27874630644503,102.02739129381038,104.0275650024414,4532300
2023-02-02,103.52520018522493,104.5392447588566,103.16237878579675,104.42760467529297,5051800
2023-02-03,104.01826743884507,104.5020340488375,102.94841344287423,103.99966430664062,3754500
2023-02-06,103.79501422330722,103.90665433106368,102.76236629416445,103.03215789794922,4145600
2023-02-07,102.37162283351233,104.57646675634848,102.22276937646797,104.18572998046875,3401600
2023-02-08,103.63685701781051,104.07410521027926,102.10183933491616,102.52047729492188,4222300
2023-02-09,102.97632433196901,103.51590035241794,100.01792939494761,100.53890228271484,3912700
2023-02-10,100.71565711080818,101.31105668412287,100.28771411109592,100.62262725830078,4186300
2023-02-13,100.77148269762648,101.53433891339313,100.25980781607178,100.9575424194336,3711000
2023-02-14,100.65055351244243,100.79009476730853,98.94807922583549,99.78536224365234,4244000
2023-02-15,99.32018795741203,99.83185569469,98.87363472889112,99.80394744873047,4060300
2023-02-16,98.39918212773101,99.90629142495722,98.3061522669025,98.68758392333984,3299000
2023-02-17,98.18520985990189,99.50625227992388,98.1386913826621,99.30158233642578,3564100
2023-02-21,98.47361103357021,98.74340260434667,96.14782897279754,96.42692565917969,5204300
2023-02-22,96.04550421392541,96.61299566495515,93.49644879145163,95.5338363647461,8900900
2023-02-23,96.04549839302827,96.54786819288968,94.5756094575714,95.4035873413086,4611100
2023-02-24,94.38022084510048,94.7058359692073,92.9289353002324,93.45921325683594,5476800
2023-02-27,94.22208085791432,94.24998910675532,92.7149786387122,92.81730651855469,4489800
2023-02-28,92.88242376657774,95.28263242223073,92.74288252893074,94.63141632080078,7877000
2023-03-01,93.68248345970514,94.29649323162883,93.39408880195322,93.80342864990234,3963500
2023-03-02,93.28245812583924,95.80361197315554,93.28245812583924,95.47799682617188,5209900
2023-03-03,95.72918493917543,97.22698905866098,95.59894171989174,97.1711654663086,4982400
2023-03-06,97.22699798993118,97.31072273956602,95.47800528850529,95.58964538574219,5005100
2023-03-07,95.69198630349095,95.91525941409202,92.86383421088861,93.01268768310547,6349000
2023-03-08,92.95685831412153,93.28246639223643,92.34285552363686,92.47309875488281,6252600
2023-03-09,92.9289517724414,93.00337850529968,90.7055045867983,91.03111267089844,5146000
2023-03-10,90.94737805238734,91.54277765520794,89.83099847380633,90.203125,7042400
2023-03-13,89.86822614293398,92.28703830167531,89.67286128256855,91.34742736816406,6553000
2023-03-14,92.36145162490442,92.56612157205623,90.5566425611728,91.68232727050781,5093900
2023-03-15,90.70549956852577,91.11483947887577,89.9612464765664,90.9845962524414,5712100
2023-03-16,90.29615837513538,92.36145393313898,90.24034187823477,92.12887573242188,5289100
2023-03-17,92.11029026931,92.28704490931074,89.78450781597329,90.24966430664062,10848100
2023-03-20,90.48222936046326,91.3567186089722,90.4078026293533,91.04972076416016,6075700
2023-03-21,91.32878482402789,91.55206495492942,90.51011230388752,91.4776382446289,4475000
2023-03-22,91.73813945083856,92.38935552685045,90.09148193364393,90.11009216308594,3606700
2023-03-23,90.14731414538883,90.99389512516615,89.71937109769472,90.27755737304688,4525000
2023-03-24,90.2775528222581,91.24507896303427,90.0635777603355,91.21717071533203,5269100
2023-03-27,92.1009720852958,92.54752537598054,91.42184058227446,91.59860229492188,4627700
2023-03-28,91.26368962352569,91.39393285536151,89.87752545743092,90.34268188476562,4815400
2023-03-29,91.17997556530514,91.85910005412283,90.472935725486,91.74746704101562,6780200
2023-03-30,92.45448172686574,92.54751868325127,91.64511414900834,92.1753921508789,5199300
2023-03-31,92.95684558305967,94.343016650755,92.7800909921329,94.2034683227539,6442400
2023-04-03,93.77554185331684,94.57561150399424,93.06850207179922,94.51048278808594,5432400
2023-04-04,94.7988788372946,96.13852448661838,94.73375722307554,95.63616180419922,7979000
2023-04-05,95.47799538068814,97.02231795911952,95.35705727785749,96.94789123535156,7298300
2023-04-06,97.20837406042513,98.1945103694171,96.9199793886893,97.61771392822266,5065000
2023-04-10,97.14326079937338,97.59911918139085,95.87803482450855,96.47343444824219,4900200
2023-04-11,96.93859145993812,97.40374786252463,95.9152487937925,96.09201049804688,4658000
2023-04-12,96.18503359187456,96.60367148565958,95.18029412952302,95.41287231445312,4560700
2023-04-13,96.06736141946058,96.96492423221373,95.17915022555142,96.87142944335938,4778700
2023-04-14,96.87141888289051,97.56328880482255,96.73117314830031,97.19865417480469,5043700
2023-04-17,97.23606706597143,98.03078349516,97.23606706597143,97.72224426269531,4806400
2023-04-18,98.58240659745326,98.82549160876334,97.17061182212956,97.37630462646484,6552100
2023-04-19,101.44337819314006,105.3702157860485,101.11614291593004,104.98688507080078,12425400
2023-04-20,104.94950234361038,104.98690168595232,102.84583748594335,103.1730728149414,7413200
2023-04-21,103.66859648503747,104.82795464065009,103.66859648503747,104.39787292480469,6301100
2023-04-24,104.48201553397226,104.48201553397226,102.97672596994133,103.21981811523438,5341900
2023-04-25,103.21046955530815,103.34136368360748,102.53729567651445,102.81778717041016,5636700
2023-04-26,102.21005978168459,102.3035545680597,101.22834669175857,101.67713165283203,4240000
2023-04-27,101.6397208195237,102.41574101176508,100.66735945813588,102.37834167480469,4257200
2023-04-28,102.32225325164585,103.64054608721581,102.25680619077635,103.28526306152344,4835900
2023-05-01,103.27592487020291,104.3137334940549,102.78039604016821,103.88365173339844,3722900
2023-05-02,103.83688254458538,104.65965371029745,103.24785902356415,104.2482681274414,4998000
2023-05-03,104.53811498204308,105.60397125497677,104.18283193546354,104.49137115478516,5602000
2023-05-04,104.20153424673433,104.23893359068548,103.36941846010856,103.64990997314453,4070700
2023-05-05,104.12673403829685,104.4820170765129,103.82754644474782,104.02388763427734,4025000
2023-05-08,103.27591601595113,104.32307616942157,103.11697416583003,103.68730163574219,2445500
2023-05-09,102.96736131949972,103.80882853655622,102.18199667237623,103.07955932617188,3274300
2023-05-10,103.6872927124906,103.7527397706255,102.49988691507913,103.49095153808594,3129100
2023-05-11,102.90193023983907,103.28526813891541,102.1539648121605,102.89258575439453,3879400
2023-05-12,102.62144435407252,103.3600652853279,102.35965610161641,103.30396270751953,3325000
2023-05-15,103.44420820470431,103.76209903420806,102.41575130114718,102.69623565673828,3020000
2023-05-16,102.41575844949426,103.2759219464559,102.15397017939249,102.2755126953125,3393800
2023-05-17,102.63078775099136,102.82713607144608,100.9478602316801,101.7425765991211,3801000
2023-05-18,101.65844403910951,101.76128331947454,100.8543759693788,101.41535186767578,3481600
2023-05-19,101.89217179522078,102.82713388603207,101.34989207058351,101.84542083740234,4487700
2023-05-22,101.61168212385894,102.21005730197645,101.041354667654,101.20964813232422,2809500
2023-05-23,100.32144564439848,100.4897391235977,98.65720695756379,98.86289978027344,4337800
2023-05-24,98.7787499808196,98.7787499808196,97.22670942863294,97.2734603881836,4507600
2023-05-25,96.55353681308415,96.79662896615913,94.74905960215588,95.49703216552734,6734500
2023-05-26,95.50638391894786,96.7218304196476,95.39418589432535,96.17955780029297,4911800
2023-05-30,95.59988164724412,95.852318293917,94.96410708788085,95.09500122070312,5168700
2023-05-31,94.89865359138041,95.61857127312311,93.85149346655989,95.36613464355469,7063400
2023-06-01,95.28198548899415,96.20759591682398,94.34702344341413,96.13279724121094,4603900
2023-06-02,96.59092664744233,97.70353376431848,96.16084496245354,97.42304229736328,6024300
2023-06-05,97.29214968232552,98.18036791925448,96.61897585780508,97.01166534423828,3565900
2023-06-06,97.11451869878114,97.27346054840326,95.57182976260262,95.94581604003906,4044300
2023-06-07,95.75881433452713,95.82426139467147,94.66491041503124,95.04824829101562,6231200
2023-06-08,94.66490478851632,94.78644728350478,94.02913032781878,94.22547149658203,5159000
2023-06-09,94.40312769772565,95.34744144922425,94.00109369526149,95.07630157470703,4276000
2023-06-12,95.21653900524305,95.2819932015984,94.2348330578364,94.80516052246094,3629100
2023-06-13,94.88928338400406,95.4315630102591,94.37505860726706,95.23522186279297,4642200
2023-06-14,96.59093889204861,97.37631081916633,96.13280942892716,96.53484344482422,5020600
2023-06-15,96.54419193420861,98.47021164722871,96.40394618749856,98.1897201538086,6378600
2023-06-16,98.58240271435115,99.63890728304618,98.516955654931,99.29296875,10020900
2023-06-20,98.3580091338098,100.66736664021701,98.07752478638699,99.76045227050781,6573100
2023-06-21,99.68567553153042,99.81656967307606,98.74136168192634,99.33973693847656,4428600
2023-06-22,99.75110952731214,101.31249453480018,99.51736900044764,101.20964813232422,5480300
2023-06-23,101.16289791234468,101.44338939990807,100.38688477871631,101.02265930175781,5647000
2023-06-26,101.06939042885791,102.10719881597598,99.85394411291723,101.45272827148438,6134700
2023-06-27,101.80801306245448,101.85476401639934,99.82589102621374,100.77955627441406,4849700
2023-06-28,100.93851003595033,101.11615512210611,100.37753418827326,100.61127471923828,3900000
2023-06-29,100.06899693411987,100.84501722407984,100.01290148821266,100.65802764892578,3417400
2023-06-30,100.97590722230476,102.22875301761098,100.69541573785379,101.9295654296875,4449200
2023-07-03,101.20964523885085,101.424689656024,100.06899035905106,100.24663543701172,2268000
2023-07-05,99.77915220154253,100.81696065897523,99.52670845071057,100.38687896728516,4968600
2023-07-06,99.80721329026332,100.46168396675738,99.23688578652047,100.22794342041016,5325000
2023-07-07,99.38648370945192,100.91046951210895,99.1714392670179,99.4332275390625,5053700
2023-07-10,99.64826051113191,100.74216443619864,99.37712065109753,100.05963897705078,5259500
2023-07-11,100.05963791789877,100.67671631003708,99.82589739963932,100.5084228515625,3899700
2023-07-12,101.03200676583248,101.17225251374919,99.72306547379665,99.90070343017578,4845300
2023-07-13,100.229505402863,101.26289466598175,100.00403318125521,101.2159194946289,4936800
2023-07-14,101.46017011436174,101.90171089034783,100.68982466500444,101.3944091796875,4016000
2023-07-17,101.02803846858289,101.18774259175179,100.24829645442153,100.52073669433594,4580800
2023-07-18,100.34224062507506,100.69923474792351,99.54371283394374,100.47376251220703,3913900
2023-07-19,100.58648489643348,101.54471668147728,100.57708842937691,100.78376770019531,6225900
2023-07-20,101.55412098422178,105.75344615697448,101.2534985218554,105.05825805664062,8768600
2023-07-21,106.01646596596123,107.83899326400451,105.52795726274928,107.36927032470703,7062700
2023-07-24,106.94653968719014,108.816042571051,106.32650899343797,107.67931365966797,5665900
2023-07-25,106.26075250686934,106.62713592476024,105.69708626145295,106.0916519165039,4732500
2023-07-26,105.68767073010389,107.3786763287471,105.57493463439305,107.1719970703125,3682500
2023-07-27,107.52898531225213,107.65111070859341,105.69706853011303,105.8285903930664,4762900
2023-07-28,106.3265106986571,106.6459189347479,105.51858647307981,105.90376281738281,3409200
2023-07-31,106.01647861695145,106.05405731666792,103.99666830346682,104.5885238647461,3930800
2023-08-01,104.0060680385977,104.51336974960566,103.62089889735726,103.83696746826172,3733700
2023-08-02,103.35786725494678,103.52696785679979,101.51655357221719,102.04264831542969,4699400
2023-08-03,101.18774978882487,101.75141607783327,100.65226573915604,101.02804565429688,4947700
2023-08-04,100.82135162215135,102.19294201986114,100.7837729193834,101.1313705444336,3231100
2023-08-07,101.45076739982382,102.01443354337812,101.11256628021046,101.8829116821289,3632500
2023-08-08,101.08439201087634,101.08439201087634,97.39236880376824,99.18671417236328,7544300
2023-08-09,99.11156953087992,100.42679558372812,98.81094704743508,98.9236831665039,5135200
2023-08-10,99.09277060258401,100.52072541747336,98.28484644172411,98.39757537841797,4708200
2023-08-11,97.90907450459943,99.02701766648413,97.41116921423549,98.93306732177734,3478600
2023-08-14,98.77335695780168,99.78796041027562,98.77335695780168,99.67522430419922,3076100
2023-08-15,99.72220098263854,99.72220098263854,98.21908871589666,98.5854721069336,3150600
2023-08-16,98.1345335578017,98.9988222039319,98.11574779045303,98.2002944946289,4086400
2023-08-17,98.82972761756962,99.49674066104588,98.15333244095729,98.57608032226562,4175200
2023-08-18,98.2284822832609,98.69820533498637,97.02599241762849,97.4299545288086,4809700
2023-08-21,97.49571498392311,98.08757061328953,97.10114934261544,97.58026885986328,2954700
2023-08-22,97.58966003797256,99.13974756425385,97.43935238632741,98.78276062011719,4840100
2023-08-23,99.29944575995393,99.68462208523752,98.4539500391546,98.76396179199219,3403300
2023-08-24,98.55729017322322,99.44036460096937,97.35479318874788,97.467529296875,3529500
2023-08-25,97.72118403168226,98.43516510278239,97.03539236531671,97.8996810913086,3000800
2023-08-28,98.70758657866185,98.84850490592585,95.72014814376126,96.5656509399414,5862500
2023-08-29,96.98841323049686,97.64602980008122,96.74416240534731,97.58026885986328,4515600
2023-08-30,97.77754365371297,98.71698967536493,97.77754365371297,98.08756256103516,3711300
2023-08-31,98.19090446178976,98.24727610233899,96.63142764309177,96.66900634765625,4042300
2023-09-01,97.13873806952266,97.5051215124557,96.34959953807834,96.62203979492188,2641100
2023-09-05,96.55627325973438,96.6220342029317,94.76193485683326,94.77132415771484,4284000
2023-09-06,94.89345753898094,95.87987169521247,93.72853915342374,95.41014862060547,5094400
2023-09-07,95.81409646044229,96.08653666316754,94.42372038073218,94.57402801513672,3863200
2023-09-08,94.50828427957111,94.71496358596704,93.79430317585938,94.63041687011719,3521300
2023-09-11,94.69617357357139,96.8850776277958,94.4613120390808,96.24625396728516,4891100
2023-09-12,96.17108992245197,96.68778092374046,95.44771248628223,96.19927215576172,3531400
2023-09-13,95.88927386584588,97.1763177470719,95.87987739692147,96.47173309326172,3192500
2023-09-14,96.96961938199614,97.34539922367391,96.31200286720896,96.43413543701172,4086600
2023-09-15,96.62203229063319,96.65961099563152,95.3349956896146,95.5792465209961,8303300
2023-09-18,95.88925542129955,95.88925542129955,94.64918695582021,94.88404846191406,3652600
2023-09-19,95.24103382150369,95.78591422695419,94.07612277710253,94.57402801513672,4090800
2023-09-20,95.06255627982945,95.21286393372353,94.19826039216908,94.20765686035156,3966000
2023-09-21,93.94459901258222,94.13248534364574,92.8642346904567,92.93939208984375,3943700
2023-09-22,92.91121908405191,92.93940131976983,92.08450194350026,92.20663452148438,4357800
2023-09-25,92.03754076453082,92.26300583439775,91.27659167410161,91.56781768798828,4096300
2023-09-26,91.17325389987975,91.62418404889208,90.21501479026894,90.40290832519531,3967700
2023-09-27,90.74108018126145,91.06989199518823,89.02189955303994,89.74526977539062,5391000
2023-09-28,90.44985954523375,92.32875154132886,90.2995519125963,92.1784439086914,6092800
2023-09-29,92.48847937033375,92.54485101851455,90.63777629996979,90.98536682128906,5150500
2023-10-02,89.96134873642285,90.08347413312943,88.80582703141435,89.93316650390625,4349200
2023-10-03,89.73586282323376,90.34650404822375,88.8527886139618,89.98951721191406,4597500
2023-10-04,90.08348966357507,90.506237559014,89.08767905015563,89.85802459716797,4336100
2023-10-05,89.96135868139622,90.83504382301416,89.34132082787166,90.37471008300781,5708300
2023-10-06,90.00833506223229,91.60539784827063,89.67013386836089,91.01354217529297,4790500
2023-10-09,90.57199792536497,91.13566412689086,89.98953878892561,90.90080261230469,3958300
2023-10-10,90.95716333175776,92.52603646432621,90.74108759359,91.65235137939453,4352200
2023-10-11,91.27658120557734,91.27658120557734,86.47601134049816,87.03028106689453,9269300
2023-10-12,87.14365507033695,87.92771353400282,84.70646493867008,85.19768524169922,7387000
2023-10-13,84.90483675871768,86.58631381899505,84.83871178270714,85.84004211425781,5623600
2023-10-16,86.05730977886707,87.71988992799933,85.84004508178514,87.07752990722656,6452300
2023-10-17,86.86024873317658,87.86157899247986,86.20844750441009,87.03973388671875,8288600
2023-10-18,90.68607068607069,91.15839397089397,86.57685954952439,90.27042388916016,16482600
2023-10-19,91.19616836043221,91.19616836043221,88.57005240523982,90.15705871582031,8537800
2023-10-20,89.97758918540012,92.71706578311735,89.97758918540012,91.42289733886719,11517800
2023-10-23,91.51735067939953,92.71705577500472,90.36488799889021,90.47824096679688,6178800
2023-10-24,90.11928830343929,90.52548663523062,89.11795799304569,89.56194305419922,6677000
2023-10-25,89.32577730949525,89.40135076475802,87.65375605252414,88.39057922363281,8157700
2023-10-26,87.90880513855507,89.50526010527395,87.89936386220704,88.77788543701172,6838100
2023-10-27,89.50525612703662,90.04370434526959,87.26644132118327,87.7104263305664,5934100
2023-10-30,88.35279625461196,88.65508288144126,86.5674147387949,87.85213470458984,7168900
2023-10-31,88.70231586315823,89.64696244911929,87.96549267924166,89.31633758544922,7452300
2023-11-01,89.59973807832435,90.67663474005512,89.32578967039883,89.75088500976562,6985000
2023-11-02,89.72254285156087,90.84666747506313,89.21243279080198,90.6482925415039,4683100
2023-11-03,91.63070544836228,91.79129361480959,90.36488266754641,90.534912109375,5652600
2023-11-06,90.26099073282124,90.50659367392625,89.18409412310851,89.7414321899414,6137400
2023-11-07,89.67529932351898,90.1570710929815,89.26910100947832,89.55249786376953,4466500
2023-11-08,89.94925264218978,90.43102443815438,88.59840768231071,89.49581909179688,4416000
2023-11-09,89.62806329405781,89.92090862937425,88.22054193330929,88.37168884277344,5007900
2023-11-10,88.51338163410017,89.00460189150448,87.31368364900999,88.76844024658203,5479100
2023-11-13,90.37432598636389,91.39454590288615,89.26909134700507,90.48768615722656,6894800
2023-11-14,90.98835778399796,92.42421740638159,90.87499760048816,91.70629119873047,5527100
2023-11-15,91.9802308387856,92.8870905995338,91.55513559628814,92.57535552978516,5370500
2023-11-16,92.31086298629248,94.79528084427298,92.23528953180119,94.71026611328125,7603200
2023-11-17,94.87086009841214,95.17314672777539,93.75617680130728,94.0395736694336,6069100
2023-11-20,93.47277370647522,95.70214015217529,93.47277370647522,95.59822845458984,6869100
2023-11-21,95.85327416401778,96.90183227524551,95.3998407076435,96.2689208984375,7111600
2023-11-22,96.61844033460947,97.50641032760268,96.42951392239335,97.01519012451172,6470600
2023-11-24,96.99630373659592,97.46862699062939,96.53342896562577,97.17578887939453,2166800
2023-11-27,96.92073125084794,97.74257631559465,96.59010641115016,97.02464294433594,4572500
2023-11-28,96.7884816929456,96.81681993544736,95.73992347789431,96.4106216430664,3607600
2023-11-29,96.65623028714747,98.09208980636275,96.5712155609346,97.89371490478516,5458700
2023-11-30,98.0070790268173,98.92338732844198,97.40250581468824,98.5171890258789,16766200
2023-12-01,98.45105339200887,99.1689867063025,98.14876681868739,99.07451629638672,4682300
2023-12-04,98.63054746662169,99.66965720620294,98.52663577195547,99.36737060546875,4717700
2023-12-05,99.18788183073009,99.4240434541366,98.19600012959047,98.57386016845703,4315500
2023-12-06,98.83835739174222,99.43348927935135,98.12987254045943,99.1312026977539,4296000
2023-12-07,99.36737040133413,99.38626016074325,98.20545200294464,98.29047393798828,5199000
2023-12-08,98.35660215208672,99.05563858658743,98.35660215208672,98.72501373291016,3426800
2023-12-11,98.44162087347993,100.36870079356619,98.44162087347993,100.34036254882812,5208200
2023-12-12,100.48205658874969,101.28500471859479,99.71688797885008,100.77489471435547,5354500
2023-12-13,100.1419795670043,101.34167747585524,100.03806787327535,101.31333923339844,6534800
2023-12-14,101.86124830955654,102.65474802299485,100.7749032386601,102.588623046875,6611600
2023-12-15,101.88957586128214,101.99348755671863,100.61430448020285,101.35112762451172,13316300
2023-12-18,101.6817566383867,102.60751345192777,101.2283303188787,102.07850646972656,5142800
2023-12-19,102.16353530989102,102.70198360510318,101.4833885776058,102.41858673095703,4675100
2023-12-20,101.88012803878404,102.79643633698697,101.36057676531264,101.45503997802734,5666200
2023-12-21,101.47394276912934,102.66419958201574,101.2472295880831,102.47527313232422,3555600
2023-12-22,102.83423144570034,103.28765778652296,102.49415808654251,102.99481964111328,2565700
2023-12-26,102.50360724449867,103.65607727954446,102.50360724449867,103.18375396728516,2513400
2023-12-27,103.00426075347686,103.72219414999368,103.00426075347686,103.7127456665039,2471800
2023-12-28,103.76942769260111,104.58182434613855,103.64662622900373,104.28898620605469,3206100
2023-12-29,104.28897659545794,104.60071167480261,103.75052837071759,103.97724151611328,3550200
2024-01-02,103.49546845863702,104.8557617278589,103.49546845863702,103.76941680908203,5058600
2024-01-03,104.043370835704,104.14728253316527,103.24042270656976,103.45768737792969,4239600
2024-01-04,103.60881745374667,104.88408865249637,103.44822929542502,104.83686065673828,5296100
2024-01-05,104.58181766325832,104.90300123480067,103.93945772725478,104.66683959960938,4127700
2024-01-08,104.97856333723175,106.29162140050309,104.78018843635057,106.17826843261719,5030400
2024-01-09,105.94210878123462,107.25516686897797,105.85708684665474,106.49000549316406,3802100
2024-01-10,106.79228698747582,108.07700677131618,106.56556664415294,108.06755828857422,4672100
2024-01-11,107.50753554194758,107.953665437643,106.87155928537209,107.73534393310547,5163900
2024-01-12,108.3713128343695,109.10220864967104,107.68788041971287,108.1340103149414,3884800
2024-01-16,107.74483706991009,108.27639239168532,107.17531247630833,107.98213958740234,5876000
2024-01-17,107.8492484836577,108.68455072054016,107.67839038498879,108.14350128173828,4672000
2024-01-18,108.3997933538367,108.7510037070911,107.64992372812623,108.22893524169922,5098000
2024-01-19,107.8587387024983,109.02627028645867,107.69737472707477,108.86490631103516,6843100
2024-01-22,109.09272569655472,109.76666405174058,108.3428487893172,108.39031219482422,5062500
2024-01-23,108.63710262338843,109.63377621299342,107.13735603704527,108.2099609375,5037300
2024-01-24,105.12501617725101,107.59296093258111,104.16631197038612,105.14399719238281,8710800
2024-01-25,105.75149824110473,106.85257816553752,105.16298538580044,106.7386703491211,5648600
2024-01-26,107.47905176601282,107.64990985613316,105.87488454443277,106.32101440429688,5176600
2024-01-29,106.4539127018075,107.70686972692893,106.340004884288,107.68788146972656,6480600
2024-01-30,108.1150284911133,108.13400950609038,106.67222512831977,107.71636199951172,4768400
2024-01-31,108.20994138076328,108.72251565633147,106.90003417113195,107.40311431884766,8325200
2024-02-01,107.02344051381165,108.72252748944454,106.31153292724527,108.67506408691406,4520300
2024-02-02,107.22275873828613,108.26688827050194,106.29253701103653,106.41593170166016,7575700
2024-02-05,106.33050452943496,106.74815926065214,105.50469643694368,105.97930145263672,5670000
2024-02-06,106.14068244744027,108.69406015889948,106.04576287745384,108.2099609375,4734600
2024-02-07,108.7794591249341,108.7794591249341,107.15631097493589,107.55497741699219,4757500
2024-02-08,107.59295994150972,107.59295994150972,105.8559037760744,106.71968841552734,6980500
2024-02-09,106.54884223372518,106.90953949344616,105.54268176478318,106.13118743896484,5947500
2024-02-12,105.83692808015876,106.90953290563655,105.56165627711079,106.81461334228516,4232100
2024-02-13,106.75763991104049,107.36513367508249,104.96363375755756,105.68502807617188,4263400
2024-02-14,105.96980278025072,106.6722161456232,105.47621677153161,106.36846923828125,3991100
2024-02-15,106.5678198500126,108.46624014103331,106.5678198500126,107.86824035644531,5450700
2024-02-16,107.7353375065137,109.62426342272913,107.6878741086504,108.21943664550781,7161100
2024-02-20,108.52318558501025,111.23792687810555,108.17197526321196,110.71585845947266,9601100
2024-02-21,110.07039013824199,111.98779838337937,110.07039013824199,111.88338470458984,6144600
2024-02-22,112.10171922949151,113.19331236948476,110.86775035802428,112.97499084472656,4916100
2024-02-23,113.31669298882221,114.04758878166861,112.82310695001128,113.39263153076172,4261300
2024-02-26,113.4306009872381,113.857742613025,112.37697725227258,112.6617431640625,3483100
2024-02-27,112.15866725093488,113.43060529021189,111.84542618446282,113.33568572998047,3203300
2024-02-28,113.42111988153746,114.00963278725477,113.21229248783457,113.95268249511719,3383800
2024-02-29,114.20894615035368,114.33234084244945,112.50985939263205,112.61427307128906,6135200
2024-03-01,112.54783536781844,113.39263173318423,111.84542195836892,112.59529876708984,3899400
2024-03-04,112.29155279578922,114.17098465579615,112.16815085339313,113.94317626953125,3164000
2024-03-05,114.32286080315417,114.47473064545191,112.08272450455323,112.46240997314453,3502300
2024-03-06,112.57632642048105,113.50655558762051,112.40546829761458,113.27873992919922,3388700
2024-03-07,114.00012098031193,115.32901644534566,113.85773803014803,114.77847290039062,4200800
2024-03-08,114.82594615503253,115.46191517954237,114.48422994206342,114.81645202636719,3357400
2024-03-11,114.78799245512141,115.25310343624653,113.54452938150351,114.08557891845703,3886000
2024-03-12,113.85774472292468,114.93035673423168,113.01294834203043,114.6266098022461,3079700
2024-03-13,114.39879973772561,114.78797936052543,113.54451642875728,114.05709075927734,3421700
2024-03-14,113.91470103447222,114.22793484962168,111.8644038340502,112.81361389160156,4952200
2024-03-15,107.2797101097787,109.62425994873047,106.5583157300224,109.62425994873047,22415700
2024-03-18,109.49138466411412,109.8805642850552,106.5868040469379,106.72918701171875,12991000
2024-03-19,106.7291805191842,108.6086123658871,106.34949505016506,107.41261291503906,8299200
2024-03-20,107.26073678192002,107.48854516859264,105.10603313211658,105.83692169189453,8317300
2024-03-21,106.26406014813347,106.4444123715571,105.37180764285893,105.8464126586914,9722700
2024-03-22,105.85590161925545,106.29254461524813,104.92567982545741,104.95415496826172,5387700
2024-03-25,104.84025495055576,105.17248428637026,103.56831686473492,104.422607421875,6622400
2024-03-26,104.87821750354591,106.21660716428093,104.34666218734377,105.83692169189453,7770600
2024-03-27,106.31152790857044,107.925182131852,106.2545776217411,107.71636199951172,7533400
2024-03-28,107.5265178210759,108.22893125984365,107.19429573800319,107.88722229003906,5278000
2024-04-01,107.88721648113552,107.88721648113552,106.1406662440373,106.3969497680664,3964000
2024-04-02,106.20711829366078,106.71019849167075,105.53317998671363,106.33051300048828,4560700
2024-04-03,106.4444111016298,106.8335906860803,105.40977565556958,105.62808990478516,4409900
2024-04-04,106.15964638796513,106.31152346903184,104.26122632601813,104.51751708984375,4799700
2024-04-05,104.12833946766435,105.60911206844028,103.97646962562715,105.55215454101562,5591200
2024-04-08,105.64708243388993,105.81794053413805,104.54599528964707,104.90669250488281,5810500
2024-04-09,104.97314251591901,106.85258171884966,104.96365562899247,106.72918701171875,4235700
2024-04-10,105.57114504083782,105.99828667516077,104.74532967366228,105.523681640625,3965500
2024-04-11,105.97930558733825,106.292546647972,104.70736032987006,105.78945922851562,4321500
2024-04-12,105.18849564115092,105.40789990200868,103.49052339541497,104.08195495605469,4041500
2024-04-15,105.01678376572167,105.77992074721915,103.81485284491151,103.87208557128906,4595600
2024-04-16,103.8243931267457,105.2457356597151,103.15665368548188,104.1773452758789,7283900
2024-04-17,102.5747576296156,103.70992189439376,99.44590908845306,101.0198745727539,12002900
2024-04-18,101.59222906969724,102.09780425648586,99.65577741713824,100.41890716552734,7306400
2024-04-19,101.09618474996951,102.80369075321639,100.52382839999062,102.33627319335938,10533600
2024-04-22,102.52707317341299,102.92771684344669,101.3728264017508,102.1359634399414,4948300
2024-04-23,102.70830367815844,103.1280297405679,102.36489276851681,102.63198852539062,3849600
2024-04-24,101.7925584363009,102.17412697764637,100.69555160911315,101.96426391601562,5052700
2024-04-25,101.73532421336267,102.50799522186306,101.24882414832213,101.9356460571289,3112300
2024-04-26,101.60177522460597,102.88956265085892,101.4873024817647,102.57476806640625,3575600
2024-04-29,102.44121681868394,103.20435385701632,101.68762099472963,102.32674407958984,3305100
2024-04-30,101.61129733557063,101.94517431054615,101.01987309425901,101.0866470336914,5074000
2024-05-01,101.04849580596317,102.22181770435226,101.0294206554184,101.39190673828125,4096800
2024-05-02,101.74485230643653,101.74485230643653,100.30443472666711,101.03894805908203,3708500
2024-05-03,101.22019639398293,101.7257715539153,100.61923093029586,101.0198745727539,3610300
2024-05-06,101.22020833084166,101.27744106428119,100.29490699189168,100.77186584472656,3789500
2024-05-07,101.61130502516245,101.68762018395005,100.91494921521448,101.27743530273438,6556400
2024-05-08,101.43958947475298,101.43958947475298,99.4745216370716,100.10411071777344,6234700
2024-05-09,99.90380525826077,100.17090105337968,99.6844009820905,99.84656524658203,5902000
2024-05-10,99.6843842738319,100.80046606400246,99.60806912292793,99.91332244873047,7349600
2024-05-13,100.15181098225452,100.63831101642516,99.58900306802524,99.94194793701172,5459200
2024-05-14,100.01827502969877,100.2853708363106,98.59693961433445,99.21698760986328,7035100
2024-05-15,99.30283077945077,99.99919390034005,99.30283077945077,99.77024841308594,5443200
2024-05-16,99.63670254369104,100.34260689368945,99.36007281047621,100.037353515625,8708300
2024-05-17,99.59853452737416,99.97056178829888,99.1501921160512,99.29327392578125,7004600
2024-05-20,98.9975672740875,99.01664970164593,98.2725878609548,98.4538345336914,7165900
2024-05-21,98.74954644488395,99.07388221234572,97.69070460774162,98.2153549194336,4391600
2024-05-22,98.20581080834857,100.29489261316581,98.19627687268516,99.98963928222656,5933400
2024-05-23,99.16928749953999,100.0755137203481,98.67325347636589,99.42684936523438,5862200
2024-05-24,99.35052452965624,99.5603875767402,98.80679176121784,99.15973663330078,4455600
2024-05-28,98.79724115322655,98.81631630214137,96.87986482459087,97.25189208984375,4771100
2024-05-29,96.43153079124453,97.08019507794047,96.00227076411643,96.08812713623047,4960900
2024-05-30,96.61278107872224,97.88149333471263,96.21213740140347,97.05158233642578,5124000
2024-05-31,97.16605563809689,97.58578174693645,96.71771316325724,97.48085021972656,7915700
2024-06-03,97.46176226615319,99.33143994292948,97.2232828592509,98.12950897216797,4915100
2024-06-04,98.06273082942049,98.72092901536737,97.81471021907667,98.6636962890625,3880400
2024-06-05,98.1867374623596,98.65415504192252,97.28051866637648,98.47291564941406,3302300
2024-06-06,98.53014594305617,100.16134410224076,98.07226231063659,99.46498107910156,9835500
2024-06-07,99.07389206270638,103.14711740487064,98.6064744314646,102.62246704101562,8666600
2024-06-10,102.67015372331154,103.9579483689716,102.10734580495031,102.53660583496094,8555900
2024-06-11,102.37445411595343,102.37445411595343,100.66694044547951,100.93403625488281,7536000
2024-06-12,101.02941580263854,101.02941580263854,99.4840666814355,99.56991577148438,4569000
2024-06-13,98.86402408612668,98.92125681589177,97.87194886258554,98.68277740478516,4719500
2024-06-14,98.530148625893,98.94033348021205,97.70977891725492,98.90217590332031,3683100
2024-06-17,98.16766828127128,99.15020229058022,97.81471613282045,98.68277740478516,3936200
2024-06-18,98.50152787270535,99.29327390502823,98.49198665945424,99.19788360595703,4501000
2024-06-20,98.75908625486649,101.91655112733712,98.70185352875708,101.65899658203125,9154900
2024-06-21,101.74486766530482,102.0024222478632,100.39029896967878,100.84818267822266,10324700
2024-06-24,101.39190139965716,101.39190139965716,100.10411411017772,100.44752502441406,5201300
2024-06-25,100.54291982740412,101.09619380041407,99.98964585439415,100.62876892089844,4637400
2024-06-26,100.24719682212576,100.78139562560818,99.51268347433128,100.046875,5406600
2024-06-27,100.39982559561585,100.46659953530325,99.13111346374184,99.82747650146484,4137600
2024-06-28,99.87516284886401,100.31397131876079,98.7590810813158,99.12157440185547,8283600
2024-07-01,99.36006513176326,100.6478524935186,97.88148987482795,98.44429779052734,4588900
2024-07-02,97.96733896929841,98.62554447149483,97.96733896929841,98.44429779052734,3650500
2024-07-03,98.59690604080953,98.88308418062621,97.47128318350964,97.61437225341797,2017800
2024-07-05,97.32821504021705,99.27420788706763,97.07066048125496,99.22650909423828,6582700
2024-07-08,98.9975695966506,99.06434353904427,97.2423646664088,97.41407012939453,4542000
2024-07-09,97.67162258798501,97.86240319706698,96.10719830450893,96.95618438720703,6268500
2024-07-10,96.74632570796471,98.32983249035807,96.60323660580165,98.30121612548828,6598900
2024-07-11,98.61599814629524,99.81793635128706,98.3107448076417,99.37913513183594,5025300
2024-07-12,99.84655738911087,100.09457801269515,99.31236584091153,99.41729736328125,4277600
2024-07-15,99.66662993867932,99.88719819994019,98.37201050306956,98.73641967773438,4970800
2024-07-16,98.69805648889925,99.60909037090912,98.3048791441942,98.50626373291016,7656900
2024-07-17,98.4391391784475,101.31607452326472,98.29529094792166,100.3858642578125,13438300
2024-07-18,98.18979536059337,99.87759935142088,95.61973301954268,95.9649658203125,13078800
2024-07-19,96.48281123096277,98.19938333501169,95.97455388213734,97.84455871582031,11963600
2024-07-22,98.29528566388825,99.57072868746889,98.11307742725543,99.46524047851562,7880300
2024-07-23,99.74334769013102,100.05022049241961,99.12960208555383,99.65703582763672,5894500
2024-07-24,99.94472833371165,102.90796802787214,99.29262274004819,102.86002349853516,8680900
2024-07-25,102.62985696686127,104.25053267491275,101.57498227424345,101.61334228515625,6356600
2024-07-26,102.0928368675531,102.74494245484614,100.36668018337105,100.92288208007812,8611600
2024-07-29,96.46363047072376,100.86534498189695,95.82111672046868,100.47216033935547,19452700
2024-07-30,100.46257771684274,101.34483607558954,98.5637972942643,100.99960327148438,9126300
2024-07-31,101.1722319932178,102.44767515722604,99.30222684029245,101.59418487548828,8238400
2024-08-01,102.27504540589548,106.13972709592132,101.96817261780576,105.6314697265625,9069200
2024-08-02,105.66023828919478,107.44393866279663,103.95325794199879,106.74388122558594,9885700
2024-08-05,106.77265107009697,107.40558032317085,103.92449138053806,104.17382049560547,7121400
2024-08-06,104.48069948844343,106.10137541465924,104.17382667625597,105.00814056396484,5634800
2024-08-07,105.11361961080559,107.74121829325182,104.91223503128765,105.43008422851562,6365100
2024-08-08,105.4396777371206,106.65758446681414,104.73962756524632,105.25747680664062,5476600
2024-08-09,104.7971590860302,104.7971590860302,103.2723869316614,104.25054168701172,5435000
2024-08-12,103.95324652495047,103.95324652495047,102.7161636716148,103.37786102294922,4795900
2024-08-13,103.37788202392468,104.10670039351966,103.18608194001145,103.7998275756836,4920400
2024-08-14,103.63680062978534,105.66024574129858,103.2915678030345,105.38214111328125,5822900
2024-08-15,105.93834757401564,106.7630696032231,105.25747377156291,106.38906860351562,7458500
2024-08-16,106.79183467526329,107.02198744151345,106.03424086508096,106.44660186767578,4643300
2024-08-19,106.44660272747782,107.64532573116564,106.29316267112199,107.30968475341797,3495800
2024-08-20,107.23296633657557,107.49188729003599,105.80409054330758,106.22603607177734,5822400
2024-08-21,106.41783324860542,106.87813877921187,106.13972863716945,106.82060241699219,4081400
2024-08-22,107.20419913170396,107.54943195041398,106.49455714498879,107.50148010253906,3690400
2024-08-23,107.7891637829998,108.15357290781932,107.30008279505009,108.06726837158203,4511600
2024-08-26,108.11522616507881,108.61389904594807,107.46312053992847,108.07686614990234,3212700
2024-08-27,108.4220968337239,108.52758504427446,107.5398384513235,108.46045684814453,2705300
2024-08-28,108.46045425010774,108.76732704169733,107.760404123868,108.26866149902344,3836700
2024-08-29,108.65226392628459,108.8440566943301,107.9042545714868,108.13441467285156,3375800
2024-08-30,108.36456079789716,108.81528182317122,107.30009417288701,108.62348175048828,4320100
2024-09-03,108.70979183028793,110.11949124659432,108.70979183028793,109.95646667480469,4436900
2024-09-04,109.98523504612227,110.84830975305219,108.91117660412284,109.7071304321289,3659200
2024-09-05,109.57287531706866,109.78385173816976,107.90424761368246,108.46045684814453,2928000
2024-09-06,108.96870940489116,109.64958316871862,108.37414749879005,109.18927764892578,3802200
2024-09-09,109.76467326929853,111.94155846307437,109.63041687068261,111.65386199951172,5101000
2024-09-10,111.38535078479595,112.44022563880462,110.6948851155757,112.30596923828125,4963700
2024-09-11,111.61550991900792,111.93197458814213,110.01401753849315,111.81689453125,6535600
2024-09-12,111.72099566503074,112.49776591166024,110.8483217149047,112.03746032714844,4349300
2024-09-13,111.26066745960128,112.24842132819718,111.18395475035179,111.62508392333984,3350100
2024-09-16,112.20048029578936,112.85258594401164,111.64427103068873,112.80463409423828,3637100
2024-09-17,112.9676689408233,113.67731097414739,112.4498196787462,113.28412628173828,4982500
2024-09-18,112.67996850882325,112.67996850882325,109.82220949252142,110.16744232177734,5990200
2024-09-19,110.75242730297452,110.9154592119709,108.60431746528458,109.46739959716797,8144100
2024-09-20,109.08379474284376,109.47697940500952,108.55635368784696,109.03584289550781,8403400
2024-09-23,109.12216406089523,110.18663077796992,108.32621015237537,110.1003189086914,5005200
2024-09-24,109.52492666903117,109.71672674673655,108.53718004722931,108.69061279296875,5029800
2024-09-25,109.15092547044166,109.50575012625187,107.26173677782016,107.99056243896484,5159100
2024-09-26,107.70287531629985,108.29744463303453,107.50149070492813,108.10565185546875,3508700
2024-09-27,108.29744427584833,108.72898168216079,107.71246679484895,107.81795501708984,3566400
2024-09-30,107.95219863987023,109.40984259464572,107.5014776193863,109.3331298828125,5035600
2024-10-01,109.52492588427408,109.53451771719683,108.17277009915763,108.9015884399414,4264000
2024-10-02,108.7289807996125,109.12216550048721,107.43436127475805,108.97831726074219,3454000
2024-10-03,108.85365097042624,108.85365097042624,107.20420678908951,107.62615966796875,3472100
2024-10-04,107.53025182373554,108.12482110139902,107.0987144443576,108.01933288574219,4366300
2024-10-07,107.6932783179633,108.94953769320543,107.21378911319309,108.70979309082031,6912900
2024-10-08,109.08379026172958,110.57020967098663,109.08379026172958,109.92768859863281,4341500
2024-10-09,110.26333957887574,111.50041527561041,109.86056309065737,111.19354248046875,4256900
2024-10-10,111.45246838887827,112.0566221337944,110.71405093977859,110.87708282470703,4068300
2024-10-11,111.44287955676523,112.46898615736329,111.19354312288942,111.35657501220703,3471300
2024-10-14,111.49083707330456,112.75668833950367,111.22232427690247,112.44022369384766,3674100
2024-10-15,112.48838759177133,114.03961990594875,111.58269715094805,111.8139419555664,6544900
2024-10-16,113.70240749782701,115.15728426782776,112.38241251651019,113.51934051513672,7356200
2024-10-17,114.3768371036949,114.42501494001617,112.91232350094052,113.5867691040039,5046900
2024-10-18,113.59642573864713,115.47524406481111,113.37481794460642,115.03203582763672,6741800
2024-10-21,114.55028277817108,114.5791865435769,112.34387135767638,112.71963500976562,8303300
2024-10-22,112.60401695216349,112.92196571407489,111.61160781055837,111.88139343261719,5360000
2024-10-23,111.91992742879573,112.8737883583292,111.69831966188083,112.73889923095703,3655600
2024-10-24,112.93160608021445,113.12431010164893,111.96810802576242,112.28606414794922,3768000
2024-10-25,111.91029454326289,112.14153200578,109.06797102324346,110.05074310302734,5989600
2024-10-28,110.58066515995634,110.63848004010684,109.40520374352579,109.90621948242188,4104700
2024-10-29,109.97366765638967,110.55176502050546,109.21250330912294,109.26068115234375,4543600
2024-10-30,108.52841741609915,110.55176180714616,108.39352828008978,110.27234649658203,5188000
2024-10-31,109.42447004045988,110.29161973025066,109.13541769356078,109.23177337646484,5323200
2024-11-01,115.37888290995662,115.54267580206223,112.81597475905411,114.27085876464844,10149300
2024-11-04,115.23437102363708,116.1689653546234,113.19175976093591,113.35555267333984,5604000
2024-11-05,113.29772833163169,113.93364055151713,112.08372612242465,113.43262481689453,4059200
2024-11-06,116.58325628820822,116.58325628820822,111.28401736601693,112.53656768798828,5256100
2024-11-07,113.2013872769512,113.2013872769512,110.35907088342297,111.0913314819336,5519000
2024-11-08,111.12022632585615,112.97014072532843,110.50358819269873,112.334228515625,5685700
2024-11-11,112.6714568179352,113.53859912447786,112.08372245849239,112.53656768798828,5301100
2024-11-12,112.4209499924511,113.0183214150289,112.17043844738214,112.18971252441406,4598900
2024-11-13,111.84284428656362,112.54619367661476,111.33219154698801,111.51525115966797,4760800
2024-11-14,111.74651198548652,111.85249001281083,110.73483604815316,110.83118438720703,3812300
2024-11-15,110.67702414456441,112.10299714843089,110.25308264837919,111.66942596435547,6898600
2024-11-18,111.36110834496046,113.63496437108935,111.29366377430863,113.07613372802734,6086500
2024-11-19,112.2860547993206,113.2591898115505,111.2358381849345,112.8545150756836,4542800
2024-11-20,112.43059434605249,112.50766860647515,111.3129330344929,111.69833374023438,5624400
2024-11-21,111.45745343874758,113.34590871296342,110.93716361561056,112.97978210449219,5561900
2024-11-22,112.94124276290104,113.69277006685893,112.13190057724171,113.46153259277344,5349500
2024-11-25,113.9625498614571,114.31904679155018,113.28810415685602,113.81802368164062,6879000
2024-11-26,114.30940717338122,114.65626705675149,112.73890801044288,113.65422821044922,4056800
2024-11-27,114.029995885988,116.13042198683839,113.78912136685794,114.60809326171875,3510300
2024-11-29,114.37685433366521,114.83933663893923,113.5578824491721,114.43466186523438,2523200
2024-12-02,114.41539216172933,114.47319969179459,112.33423286849973,112.54620361328125,5338900
2024-12-03,112.82561997053621,113.15321312938555,111.8332181570661,112.0451889038086,4794900
2024-12-04,112.73891636193774,112.73891636193774,111.08169842993979,111.73687744140625,3557100
2024-12-05,111.05277879360938,112.04518053293737,110.69628189609382,111.3707275390625,3269800
2024-12-06,110.92751824392649,111.95846077411129,110.8986144810746,111.38036346435547,5300300
2024-12-09,111.44780755510443,111.64051155814282,109.69424155743872,110.70591735839844,4868000
2024-12-10,110.87935207272251,112.14153210576563,110.09891369080854,111.28401947021484,4072100
2024-12-11,111.1009465407928,111.3707247913243,109.84840361319569,109.9736557006836,4747700
2024-12-12,110.22417010003554,110.5902966851721,109.16432379492971,109.7038803100586,3764700
2024-12-13,109.69424691297986,110.11818838945605,108.0466661988198,109.24140167236328,4550500
2024-12-16,108.58621426270926,109.5015417109007,108.28753225534562,108.50914001464844,5047200
2024-12-17,108.11411395829246,109.68461311385408,108.10447691965892,109.15469360351562,5805600
2024-12-18,108.90418385245134,109.98330431910891,107.76725585485191,107.8443374633789,6454600
2024-12-19,107.4685763651353,109.16433503850604,107.21806480692092,108.31645202636719,7738700
2024-12-20,108.52842091943245,110.90826230441577,108.41279850587499,110.06038665771484,12311900
2024-12-23,109.83876915190979,110.33015517742206,108.83673037578362,110.137451171875,4028200
2024-12-24,109.97366586046897,110.63848186134413,109.44373899732115,110.57103729248047,1480000
2024-12-26,110.03147346566621,111.58270590149449,109.66534685600058,111.06241607666016,2960500
2024-12-27,110.81189950244293,111.71758256223522,110.33015053520447,110.7926254272461,2829500
2024-12-30,109.96402581388469,110.45541185982542,108.41279342154563,108.68257904052734,3475800
2024-12-31,108.93306911337012,109.62678877045677,108.4416904820217,108.98124694824219,3519900
2025-01-02,109.54009172798179,109.8002329577525,108.64403827958374,109.2992172241211,3569100
2025-01-03,109.78096553267045,110.06038083747809,109.14505331809308,109.67498016357422,4416700
2025-01-06,109.36666361031052,110.08928713391235,108.67294385150772,108.913818359375,6037200
2025-01-07,109.23177738677398,110.50359452819146,109.03907336479752,109.26068115234375,5300100
2025-01-08,109.39557573578475,110.13746604231682,108.16229933739488,110.07965850830078,4455800
2025-01-10,109.61716303070175,109.6846075959303,107.70944112800474,108.21045684814453,5108700
2025-01-13,108.48987433225655,109.25103864139842,107.89251027131704,109.05834197998047,4409700
2025-01-14,109.41482867268226,109.65570316859846,108.19118946782675,108.89453887939453,3972400
2025-01-15,108.62334617222918,109.21416477732923,107.37391046912323,107.60636138916016,6543700
2025-01-16,107.5288747353843,110.36673859159404,107.5288747353843,110.3280029296875,5598700
2025-01-17,110.04712653251967,111.18033312843849,109.82435582391628,109.91152954101562,6459800
2025-01-21,110.65731832304354,113.22398845350948,110.55077676894813,113.11744689941406,8486300
2025-01-22,110.54107760518961,116.168381993412,109.93089117780804,114.07630157470703,13200700
2025-01-23,114.41529350604385,119.35492534201659,114.07630104795274,119.3452377319336,13089400
2025-01-24,118.73503811785466,121.71818638229675,118.33793479762623,121.09831237792969,9960200
2025-01-27,122.74487648010047,125.67958712145557,121.52449612438726,125.3599624633789,11845100
2025-01-28,125.66989782516438,125.76675914933165,122.68674934416276,123.38410949707031,11948500
2025-01-29,124.12990177753552,125.23405290284754,123.61656187762586,123.8393325805664,7609800
2025-01-30,123.96523874345056,125.12750811170469,123.19039988742927,124.75945281982422,6340400
2025-01-31,124.33329381884465,124.71102935321203,123.66499646776182,123.90713500976562,7129400
2025-02-03,122.6673887645035,124.89505895188968,122.04751467849326,124.41078186035156,5720600
2025-02-04,122.46399417476623,125.13719841931831,122.03782796643965,125.04035186767578,6957400
2025-02-05,125.35996992316637,128.3334385749959,124.89506801964642,127.90727233886719,8680100
2025-02-06,127.65543671263212,127.75228325781636,124.11052506590835,124.1880111694336,6469200
2025-02-07,124.04274492210223,125.41809012852845,124.04274492210223,125.01129913330078,6455200
2025-02-10,125.01128776138454,127.29706130407708,124.55606614121426,127.18083953857422,5503600
2025-02-11,127.07431198913658,127.89758899602116,126.36727153951956,127.30677032470703,5314100
2025-02-12,126.38664245605469,126.686891892417,125.17594971010071,126.38664245605469,4703700
2025-02-13,126.8127947471091,127.88789050395562,126.44475419954227,127.645751953125,4168400
2025-02-14,128.1591106187293,128.4787205286204,126.41570994267707,126.50287628173828,3733900
2025-02-18,125.6795890100263,126.70626888729012,124.21707747287807,126.08638000488281,5116200
2025-02-19,126.16386079210537,128.10096913100497,125.91204202847537,127.97506713867188,3806800
2025-02-20,127.58762533558776,129.0888871214435,127.21958483339576,128.9823455810547,5046900
2025-02-21,128.24625682430548,131.15191923524168,128.24625682430548,130.6773223876953,7160100
2025-02-24,130.26087891806375,132.29483417110202,130.07685122824844,130.70640563964844,5947200
2025-02-25,131.1228603156563,132.15920552967552,130.1349309840313,131.5490264892578,6385700
2025-02-26,130.90010522415315,132.02363173756774,130.0477875061882,131.6846466064453,5388000
2025-02-27,131.452165421563,132.68223328339676,130.96788836497868,131.59744262695312,4890700
2025-02-28,132.1107930902077,134.01884613494082,130.5126844977397,133.670166015625,8756100
2025-03-03,133.82512991111335,136.41116781048888,133.67015769462782,135.8106689453125,7589800
2025-03-04,136.56616195544075,136.78892531555533,133.20527721294343,133.2537078857422,8356300
2025-03-05,132.59506682167634,134.14475948544055,131.7621096012219,133.37960815429688,8156700
2025-03-06,132.75003912711674,133.3892884597428,129.26325279990695,130.83230590820312,9184200
2025-03-07,130.28022748792745,133.15683480689484,129.7475344709791,132.82752990722656,8254800
2025-03-10,132.1398405592642,134.77430912864145,132.1398405592642,133.0406036376953,7028000
2025-03-11,132.75003587550498,132.75003587550498,128.14940343977855,128.4884033203125,9313500
2025-03-12,128.1300082213793,128.4399526099497,125.36963805811354,126.18321990966797,6771000
2025-03-13,126.18324704255194,126.73533006129531,124.94349877961406,125.80551147460938,9012900
2025-03-14,121.06928274237688,124.44954243697151,120.58500561140737,122.72550964355469,9537900
2025-03-17,122.73519074981941,123.84902956990831,122.23153842219628,123.62625885009766,6662800
2025-03-18,123.92649273471721,124.57542220088722,120.97240719688543,122.32838439941406,7959600
2025-03-19,122.3574493685398,123.76184995120067,121.82474162229916,123.41316986083984,5098500
2025-03-20,123.32601222715455,123.74249084280831,122.40588127237038,122.79330444335938,5158500
2025-03-21,122.35744624387338,122.82234809282762,121.54385692398098,122.36712646484375,8857100
2025-03-24,123.20977783203125,123.81996431255213,122.61895918397111,123.20977783203125,5283000
2025-03-25,123.6649926349017,124.74008092975409,120.58499018049532,121.65039825439453,6726800
2025-03-26,121.7860096202306,123.33569494607877,121.19519093514432,122.62865447998047,6053700
2025-03-27,123.1710327241646,127.78134527909161,122.67707541508938,127.21959686279297,8441400
2025-03-28,127.13241974681556,129.26325082298058,126.63846242223057,126.70626831054688,6708300
2025-03-31,126.69657773509702,129.011421776905,126.53192528781786,128.4787139892578,9669600
2025-04-01,128.31406340610192,128.45935541155185,126.9580933623596,127.54891204833984,4228800
2025-04-02,126.53191320552634,127.97506420535504,125.6795808266784,127.78134155273438,4236200
2025-04-03,127.76198530862445,129.43757990031284,127.34549932656131,127.49079132080078,6239200
2025-04-04,127.10335439989626,128.23656095903874,120.10071217490466,120.5268783569336,10776900
2025-04-07,118.4444936817078,122.52210596584919,116.68172533809462,120.93367767333984,10371300
2025-04-08,123.0741758565886,123.93618846111298,118.22171748374555,120.05228424072266,9880100
2025-04-09,117.80524603948932,123.74248808298286,117.04977493712532,123.04512786865234,10179200
2025-04-10,122.03782267742847,122.83203678340071,118.18297391608694,120.58499145507812,11089400
2025-04-11,122.09593026362563,124.47857990666382,120.13945418841425,122.89014434814453,7357000
2025-04-14,123.00637664990279,124.45920787017724,122.85140443945562,123.93618774414062,6988500
2025-04-15,124.1794581869164,125.02600627786275,122.213911793789,122.81719970703125,8639400
2025-04-16,126.20337677001953,130.54314485753625,125.53197630638053,126.20337677001953,13483200
2025-04-17,126.86503709251592,129.13222345278695,126.1644466787231,127.4488525390625,10474500
2025-04-21,127.43915335113171,128.4024690775261,125.045466476799,126.38826751708984,6046700
2025-04-22,126.4271585863797,128.47054979432076,126.4271585863797,128.1786346435547,5837100
2025-04-23,128.64571614061495,129.30737668296388,123.70266023067192,126.339599609375,8777100
2025-04-24,126.51475901890917,126.68989922236521,124.57840263419183,125.89201354980469,6595500
2025-04-25,125.78497229915457,126.0379575297527,123.80969349165822,125.37629699707031,4849100
2025-04-28,125.84335107414134,126.61204666716309,125.05519051052774,126.03795623779297,3843300
2025-04-29,125.41522293567026,127.73106469515037,125.32765283067069,126.98181915283203,4315300
2025-04-30,127.39047463096404,127.73104478276814,125.21085832374487,127.22505950927734,8510500
2025-05-01,126.00876922737926,128.0813506461554,124.5492081938575,127.35157012939453,6769100
2025-05-02,128.35380246973926,133.11197090512056,127.78943708130386,129.23927307128906,9801400
2025-05-05,129.30736750791675,129.4727826317669,127.9061866383372,129.0251922607422,5752000
2025-05-06,128.39270267326333,129.9982285526181,127.17640193773141,129.4727783203125,6290500
2025-05-07,129.90094078211348,130.8058615574278,128.8597800475834,130.33880615234375,4924900
2025-05-08,129.66738054879295,131.57454659202858,129.4922403735821,130.38743591308594,5994500
2025-05-09,130.36798983998477,131.33130548552938,129.59929421388802,129.64794921875,4976100
2025-05-12,128.2370206172345,130.0566167273724,126.59259439202314,128.431640625,5958300
2025-05-13,128.1981067721472,128.1981067721472,125.44439992658424,125.5708999633789,6344700
2025-05-14,125.81415636304574,126.6315069284394,124.73408067041065,125.09410095214844,5266900
2025-05-15,125.37629151620403,129.83280455015264,125.37629151620403,129.75497436523438,8406400
2025-05-16,129.56035236750054,131.6426586964414,129.19060702885076,131.16587829589844,7128700
2025-05-19,131.36048508426668,132.0318854947293,130.90315480025365,131.89566040039062,8012800
2025-05-20,131.36049431706027,132.16811987862624,130.91288906281758,131.5550994873047,6455300
2025-05-21,131.45779472774424,132.4989404786171,129.43386844064543,129.4630584716797,7209100
2025-05-22,128.88899019772379,129.29766554980336,127.63375925801397,127.95486450195312,6277100
2025-05-23,128.13000694781277,128.6068022905811,126.91370593328347,127.76026153564453,6145000
2025-05-27,128.29542252318583,130.23176401820035,127.98404237172096,129.3560333251953,5591000
2025-05-28,129.51171637149804,129.99823669618823,128.28567565092865,128.46083068847656,3622100
2025-05-29,128.178662582973,129.47280865043436,127.8089171690016,129.2684783935547,3078200
2025-05-30,129.29766470087588,130.5139656862546,128.18839879610744,129.97879028320312,14236800
2025-06-02,129.2781897366128,130.1344703153178,128.3246139950514,129.96905517578125,4464000
2025-06-03,129.5311651246378,130.358255606834,128.06187910468205,130.1052703857422,5914900
2025-06-04,130.7864096459184,131.23400007251126,129.3560385679279,129.37550354003906,4057000
2025-06-05,129.79391089760918,130.75722662859232,128.62626491447534,130.32908630371094,5581500
2025-06-06,131.1561613224922,131.57457658212306,129.51173486209646,129.97879028320312,3867700
2025-06-09,129.4338740265674,130.6696249868067,127.29318752294678,129.80361938476562,6630100
2025-06-10,129.9592910445565,131.2145216450656,129.73549587953232,130.51393127441406,3579400
2025-06-11,130.48475375950417,131.7010545408291,129.346283162453,131.6329345703125,4100500
2025-06-12,131.88592227339157,133.19953308094856,131.80809208765098,132.77139282226562,5089100
2025-06-13,132.11946571091624,133.36495662527554,131.6037553251623,131.96377563476562,3928900
2025-06-16,131.90540241957314,132.73249300058956,129.71606072003704,130.39718627929688,5084100
2025-06-17,130.09555283318073,130.39719310754666,128.5873366139267,128.71383666992188,5010800
2025-06-18,129.36576751464094,129.77444285670586,128.05217138245163,128.84033203125,4950400
2025-06-20,130.05662911886336,130.07607924355545,128.43165286166703,129.40469360351562,11338200
2025-06-23,129.48253890531683,129.87174926387073,128.54841325839467,129.6674041748047,4887200
2025-06-24,129.72579905713155,135.3110434227697,128.8111383826048,134.3574676513672,9894700
2025-06-25,134.15311583679676,135.0969664985177,132.95627993950774,133.69578552246094,5507500
2025-06-26,133.61796826165588,133.8320235755887,129.13224963082436,130.0663604736328,9452900
2025-06-27,129.69659173268712,131.27292780380319,129.29765631938554,130.75721740722656,9513500
2025-06-30,130.38744020200255,132.58650660959154,130.38744020200255,132.34324645996094,5749700
2025-07-01,131.88592685858657,133.38441781607392,131.1756113214886,132.58651733398438,5337600
2025-07-02,131.623222375938,132.6643682258699,130.23176642542154,130.49449157714844,4319600
2025-07-03,131.03939274380448,131.59403308419746,129.609021689281,130.8155975341797,3114300
2025-07-07,130.88369584948455,131.27292102793893,129.2684596130218,130.0955352783203,8927400
2025-07-08,129.64794933881768,131.09777049205604,129.2684640564195,129.76470947265625,4782600
2025-07-09,129.87175445837707,130.16366966268,127.92567289292292,129.6284942626953,4613700
2025-07-10,130.1247304357425,131.40915130409522,129.4241399343543,129.9982452392578,4857100
2025-07-11,129.67713150020205,129.97877172592246,127.72131029259738,128.46083068847656,4661200
2025-07-14,128.4608407337161,129.50198658930805,128.15920048440836,128.47056579589844,4881700
2025-07-15,128.92016581846,129.4479747219945,127.35632128051371,128.51943969726562,5084800
2025-07-16,129.13519901293753,130.02464427748484,127.36609211329969,128.7637939453125,9893000
2025-07-17,123.69103859950607,123.99403282361597,117.06420324447762,117.78749084472656,27560600
2025-07-18,119.85960053697573,122.79182600924618,119.50773288374049,120.87610626220703,19571900
2025-07-21,121.4527722781183,123.18278189929711,118.85286230323399,121.6091537475586,10308000
2025-07-22,121.52119122822299,123.52487402456448,121.42345187716344,122.88956451416016,7098400
2025-07-23,123.46622507171365,124.16996029164719,120.46558167235501,122.98729705810547,6439600
2025-07-24,122.44972234758885,123.13391269727636,121.88282368965658,122.80158996582031,4708000
2025-07-25,122.92865051544513,123.86696913651004,122.6158801274349,123.68125915527344,4741200
2025-07-28,123.30006574497877,124.12108518560247,122.79180922332546,123.49554443359375,8168400
2025-07-29,123.16323267926228,125.20602008152764,122.63543125652913,125.1180419921875,5834100
2025-07-30,125.07896007606114,126.76987251235491,124.2090671553479,125.64585876464844,5359700
2025-07-31,124.65867225446401,126.23229296878435,122.96775238679093,123.33917236328125,6722600
2025-08-01,122.63543130690708,124.88346611906336,122.63543130690708,124.41431427001953,5453300
2025-08-04,124.5706908981216,127.1901530245699,124.5706908981216,126.99465942382812,5671400
2025-08-05,126.97513329542699,128.50965678215707,126.3300401493304,127.73751068115234,5355400
2025-08-06,127.14129579287788,128.74424508995924,126.87739132957012,127.97208404541016,5170100
2025-08-07,128.19689173381406,129.50661543506382,127.77659835859576,129.07655334472656,4690600
2025-08-08,128.82244524361482,131.66670760128406,128.7735718350569,131.2464141845703,4985400
2025-08-11,131.05091647022064,131.3148209069275,127.6006661059007,128.39236450195312,7125600
2025-08-12,128.76379386702226,128.91039916809177,126.69167782280091,128.06005859375,5657500
2025-08-13,128.15779013662785,128.67581541773842,125.43082714576408,126.47664642333984,6723700
2025-08-14,126.183441002584,127.19993926175992,125.626311009043,126.35936737060547,9688300
2025-08-15,126.98490036875575,129.3600105890117,126.74054826330924,128.7735595703125,6784500
2025-08-18,128.6562718639674,129.31113369922244,127.21948032954849,127.32699584960938,3831400
2025-08-19,126.9849112311449,128.74424952366877,125.77291931539064,128.2848663330078,4845700
2025-08-20,129.06677885973315,130.78701223011106,128.74423230639948,129.44796752929688,3639800
2025-08-21,129.13518278575924,130.19078556366202,128.77354647896507,129.0178985595703,3980000
2025-08-22,129.77051523893553,130.601303416378,128.372813495369,129.59457397460938,4130200
2025-08-25,129.72164171376875,129.95622509462476,128.51943357927698,128.89083862304688,4705800
2025-08-26,128.8810614042129,129.3599968490829,128.41190958752568,128.61715698242188,6076500
2025-08-27,128.49988101943111,128.77355417293504,127.6104358135092,128.4901123046875,4759200
2025-08-28,127.96231455892521,128.66604984746022,127.19993714869058,128.4021453857422,4674700
2025-08-29,129.02767001326225,129.84870435621943,128.2066505843728,129.66299438476562,4430700
2025-09-02,129.69232043715604,130.38627203565946,127.88410896701312,128.4901123046875,5779200
2025-09-03,128.1871029600606,129.20361602625616,127.26835161147577,129.19383239746094,4806500
2025-09-04,129.1938439822837,130.81634561654104,128.72469209416133,129.8096160888672,5073800
2025-09-05,129.51638265502427,131.285504399683,129.4577405368496,129.93667602539062,3286900
2025-09-08,129.27203628581424,130.08328708936577,128.63672675865752,129.21339416503906,5070200
2025-09-09,129.31113883460873,130.1614793999075,128.6758144039022,128.9690399169922,4641400
2025-09-10,128.87129795663847,128.87129795663847,124.5706922333744,126.43754577636719,7397200
2025-09-11,126.76010801411616,129.6825498210069,126.47665120335758,129.65322875976562,5578300
2025-09-12,128.84199292596438,131.91105495502018,128.43146824019448,130.70883178710938,5700300
2025-09-15,130.85544687595402,131.3148300364281,128.0014160174344,128.36305236816406,4057700
2025-09-16,128.78333372443458,130.6404187527006,128.23598737136908,129.7607421875,5401600
2025-09-17,129.71187756133563,131.18775890170275,129.71187756133563,131.13888549804688,5113300
2025-09-18,131.06069465900833,131.73510887152898,129.11566140071352,131.5298614501953,5891700
2025-09-19,131.65690538267992,133.6410431946172,130.6990493492784,132.9666290283203,11547400
2025-09-22,132.27267335446126,134.3838789628031,131.9012534101971,133.5335235595703,4837000
2025-09-23,133.20121125011448,133.78766223677155,131.98921950425498,132.8200225830078,5136400
2025-09-24,132.25313735036409,133.7388023968945,130.7674723038337,130.86521911621094,3932400
2025-09-25,131.39300194409768,131.39300194409768,128.2164246950888,130.29830932617188,4963400
2025-09-26,130.95317641259635,131.168207458905,130.09306714143065,130.53289794921875,4182100
2025-09-29,129.99531346202102,130.48401764796847,128.7344632244666,130.1028289794922,4351900
2025-09-30,129.85849007900345,131.46143937519395,129.1938445632773,130.91409301757812,7538300
2025-10-01,131.7546515802329,132.3899610566555,126.16387449706858,130.45469665527344,10613900
2025-10-02,129.42841997382564,130.37650732546655,127.56156632974357,129.9855499267578,5916700
2025-10-03,130.23966902632392,132.3117700574678,129.79005460107854,131.5493927001953,5362200
2025-10-06,131.285526691749,132.18474078927275,130.4351710916211,130.7186279296875,6745900
2025-10-07,131.06069661456434,131.06069661456434,128.94949076492952,130.01487731933594,4816100
2025-10-08,129.80961043917725,131.6764641088826,129.18406964421624,131.23663330078125,6654800
2025-10-09,131.53962215018527,132.07719974436966,129.99531511328658,130.29830932617188,3237600
2025-10-10,131.15843960871652,131.46143383576722,129.05700253576282,129.57504272460938,5654100
2025-10-13,129.01791473289572,129.76073978198986,127.91343841760435,128.41192626953125,4008100
2025-10-14,128.49010956330636,130.327627138476,128.26529490238525,130.25921630859375,8147900
2025-10-15,125.67442078051049,129.08111097840938,123.44584078259602,127.08815002441406,14906400
2025-10-16,127.16668119607871,128.7669461017694,124.55521766899692,125.30134582519531,9768100
2025-10-17,125.52716189093965,126.90161253736092,124.88901981070448,126.19474792480469,6806800
2025-10-20,126.09657918500412,127.45140549825216,125.79223761733553,127.14704895019531,5810000
2025-10-21,126.64635842373623,126.94088783475277,125.1835459934606,125.21299743652344,4934700
2025-10-22,125.29154328920266,126.58745925336551,124.79084627185506,125.61551666259766,6186800
2025-10-23,125.90023219985754,126.42056100928414,123.76981873928898,124.0348892211914,6700600
2025-10-24,124.65340439440467,125.77260423342972,122.71934629831216,124.53559112548828,5071100
2025-10-27,123.75999775071071,125.33081129669841,122.86660484936944,124.85956573486328,6254200
2025-10-28,124.65339720094408,126.10638998275833,123.88762972266441,124.29996490478516,4763000
2025-10-29,123.87780734441516,124.24105927694914,121.85539507562255,122.15973663330078,5182000
2025-10-30,122.85678112666163,124.12324557372192,122.06156222579344,122.39535522460938,4877400
2025-10-31,121.58049695148433,122.06156214148399,120.37294287990329,121.36451721191406,7044900
2025-11-03,121.4528723279154,121.79648497286715,120.20604716189222,121.58049774169922,5833000
2025-11-04,122.03211341876424,123.55382872476983,121.5804996609057,123.50474548339844,5607700
2025-11-05,123.59309805417247,124.39813660511503,121.65904010502912,122.26773071289062,4597100
2025-11-06,121.59031367686705,122.71933303886333,121.0994363447116,122.67024230957031,4714700
2025-11-07,123.34766268437781,124.30978560771302,122.37572760676143,124.05452728271484,5458500
2025-11-10,123.13167558314088,123.84835982674507,122.27755376770162,123.59310150146484,4251600
2025-11-11,124.29014269391342,124.83011077139362,123.47528450069564,124.68284606933594,5293900
2025-11-12,124.62394660053624,126.72490110291093,124.24106285880777,126.46965026855469,4979700
2025-11-13,126.16528769363413,127.22558453861936,125.66459820310811,126.90160369873047,5182400
2025-11-14,126.9310674888308,128.5706111357539,126.42056579484615,128.2073516845703,6998900
2025-11-17,128.2957121528356,129.522905672726,127.57903533172869,127.65757751464844,5816600
2025-11-18,128.3546166741146,129.6210736635356,126.93106035480562,127.62811279296875,6775000
2025-11-19,127.5201186721389,129.09093220016422,122.3070035593321,123.84835815429688,10296100
2025-11-20,120.26494929286709,123.42620058699632,119.87224591958629,121.7081298828125,11654000
2025-11-21,122.40517926432318,126.37146924734161,121.62959213368944,125.77259826660156,9401000
2025-11-24,125.13445524334605,127.15687505229758,124.40795885052347,124.869384765625,14041300
2025-11-25,124.9675636299618,126.45982756148447,123.92690598679724,125.71369934082031,8035500
2025-11-26,125.74314913257564,126.66600098676786,124.70248401289263,126.19474792480469,5473800
2025-11-28,125.82169070842254,127.02924484060813,125.66460635518533,126.54817962646484,2572400
2025-12-01,126.30274567387275,127.48086338689934,125.62533997319368,125.67442321777344,5766900
2025-12-02,126.1063859363478,126.63654185376899,123.34765767614392,124.01525115966797,5479700
2025-12-03,123.97599398510637,125.24245856611822,122.92551665685238,123.00405883789062,4918800
2025-12-04,122.905877692524,123.27894179541786,121.79649004806005,123.11204528808594,5226900
2025-12-05,123.3673016148834,123.75018535617114,122.3659076067508,122.79788208007812,4361100
2025-12-08,122.3462724204768,122.3462724204768,119.48936267130105,119.8624267578125,6391900
2025-12-09,120.58893210367808,120.98163548336153,118.85122208289187,119.03775787353516,5229100
2025-12-10,119.04758422857165,120.8441897458236,118.49779646994557,120.31404876708984,6716200
2025-12-11,120.78528488591952,121.97320722664807,120.39258149050816,121.03072357177734,5390000
2025-12-12,121.21726195935285,123.28876511146017,120.66748168814901,123.17095184326172,4765300
2025-12-15,123.42620449058573,127.27468119202638,122.9156878421165,126.12602996826172,7716000
2025-12-16,126.06712531631034,126.2536611071993,123.99562228869091,124.54540252685547,5764200
2025-12-17,124.43741104132535,125.34062358812074,123.64219211318965,124.39813995361328,8048900
2025-12-18,124.27051153472819,125.2522662332357,122.65061478415198,122.83715057373047,5891700
2025-12-19,122.75860964752835,123.82871868448161,121.50196481910125,123.16112518310547,14795700
2025-12-22,122.87642396372954,124.91846808235454,122.49353273315616,122.91568756103516,5058000
2025-12-23,122.71933697413216,122.89605311898266,121.59031757593137,122.26773071289062,7534900
2025-12-24,121.74740710056263,123.04332305451801,121.73758745593277,122.53280639648438,1632200
2025-12-26,122.30700502467766,122.90587600411867,121.99284381334748,122.562255859375,2120700
2025-12-29,122.74879408728047,123.20040036938515,122.21864562823734,122.29718780517578,4468700
2025-12-30,122.15974004857168,123.89744260642374,122.09101751781355,123.485107421875,5271100
2025-12-31,123.58329057010977,123.93672289458723,122.95496810219305,123.00405883789062,3157100
2026-01-02,122.42480754380269,122.9647756224539,121.38414996334097,121.92411804199219,5014200
2026-01-05,121.3743427056868,124.25088455692703,120.26496248292662,124.14289093017578,6548500
2026-01-06,124.52577177402594,127.09797946516551,124.24106948131399,125.44862365722656,8327500
2026-01-07,126.10638475708684,126.2536569462767,123.96615927023194,124.72211456298828,6632300
2026-01-08,124.78102782325156,125.76279006813743,123.76000197954907,123.87781524658203,4344600
2026-01-09,124.11342831808005,124.82029290587451,122.94514530954744,123.62255096435547,4317600
2026-01-12,124.09379613878086,124.2999637278892,121.19761526657754,122.36590576171875,5524300
2026-01-13,122.27755844115134,122.39536421871081,119.97042876135292,122.03211975097656,5169800
2026-01-14,121.42342910820152,122.80769942594692,120.7460159264272,122.71934509277344,7187800
2026-01-15,122.74894359337739,122.76867483760334,121.36752312534787,121.89048767089844,7079500
2026-01-16,121.59447303907942,121.85101685300923,119.92690060785633,120.14398193359375,10418200
2026-01-20,119.75916202188881,119.88743393242827,118.65402411830864,119.53221130371094,12634000
2026-01-21,120.09464409344281,120.86429060151619,118.73296238901577,119.12765502929688,12557300
2026-01-22,106.10284257168676,112.48697284930242,104.37606886566677,107.16851043701172,37099400
2026-01-23,106.8330179854355,108.58939983239198,104.67208917418814,105.99430084228516,21813100
2026-01-26,106.31991884027028,108.92487959057918,106.16203878115552,107.32637786865234,19094200
2026-01-27,106.57647163451657,107.89868327113362,105.54040443473373,106.83301544189453,16594500
2026-01-28,106.36926022838793,107.1882385839085,103.87283256190284,104.64248657226562,15120500
2026-01-29,105.02730654376282,105.73775174466647,103.94189997119585,104.68194580078125,15687900
2026-01-30,104.65234653003616,108.02696127811647,104.27739268164304,107.84934997558594,17531400
2026-02-02,107.78028206454805,109.52678697693567,107.4250594504801,107.95789337158203,11447200
2026-02-03,105.5798797702,107.67174551876658,104.83983388396028,107.57306671142578,14645400
2026-02-04,107.75067434784691,108.27364641324218,106.21138136600607,106.76394653320312,13163500
2026-02-05,107.71121084416787,108.67819987764281,106.47780108749575,107.63227081298828,13555100
2026-02-06,108.63873230953125,109.58599012061954,107.50399380220169,109.35904693603516,9919600
2026-02-09,108.76701555162678,109.79320590345063,108.04670089991411,109.59586334228516,11719900
2026-02-10,109.70439585982297,111.25355818711233,109.5267845567137,110.789794921875,10513000
2026-02-11,110.25696020013118,112.22055390563074,109.90173759653003,112.08240509033203,9306500
2026-02-12,111.74692918071241,112.25016249284802,109.95108479213457,109.99055480957031,11541000
2026-02-13,110.2865680649459,111.60878729357518,109.92148357983396,111.18449401855469,7696700
2026-02-17,111.68772246582223,112.08240756463823,110.44444332577186,110.77006530761719,6568900
2026-02-18,110.43457996686705,111.87520173494786,110.14842798491361,111.7863998413086,7824400
2026-02-19,111.51011290920722,111.894936156284,110.49378446035642,110.70099639892578,6988400
2026-02-20,110.70099476947802,111.14501927014292,109.7043975792925,110.7207260131836,7099000
2026-02-23,110.79966613317035,113.77958079206125,110.5628535678348,113.75984954833984,9144500
2026-02-24,113.53289789282977,113.83878862897546,112.30935753265392,113.05927276611328,9017200
2026-02-25,113.38489574725781,114.48015668551416,112.83232305702727,113.23688507080078,6529600
2026-02-26,113.78945340838048,115.02286319971661,112.99020627259817,114.71697998046875,7855600
2026-02-27,114.17427331103377,115.2695417758548,113.95719198962625,114.80577850341797,13233300
2026-03-02,114.0262600842803,114.31241204445001,112.12187516380529,112.60537719726562,7700200
2026-03-03,111.50024538163426,112.91126648714675,111.13515337246811,112.1021499633789,6708000
2026-03-04,112.1514877992407,112.43763224270096,110.54311663227415,111.59891510009766,4613500
2026-03-05,110.46417202783235,110.51351142811697,109.05315100043721,109.56625366210938,8008900
2026-03-06,109.25051157451769,109.25051157451769,106.90209441293537,108.10590362548828,11100400
2026-03-09,107.96775775266187,111.24369385929786,107.49413260825972,111.15489196777344,13560800
2026-03-10,110.78979858721684,110.95754051010968,108.34271780579209,109.082763671875,8746100
2026-03-11,108.54006120677438,109.28010707863875,107.51386336107947,108.7867431640625,8002200
2026-03-12,108.3229754023099,109.7043958116493,106.63567178758042,106.70474243164062,10839800
2026-03-13,107.93815712105811,108.8459449212663,106.27058467318092,106.59620666503906,8828900
2026-03-16,107.36585352443126,108.63873333741267,107.08957093460012,108.49072265625,7442200
2026-03-17,108.63873414567026,110.37537725941831,108.46112283258084,109.24063873291016,9452200
2026-03-18,108.04669946928976,108.49072399010092,106.3199257334792,107.05010223388672,8241400
2026-03-19,107.28691861065711,108.31310891324249,105.71801747056655,105.7673568725586,10466000
2026-03-20,105.61934980045278,106.35939568678319,104.00111673126116,104.06031799316406,81271300
2026-03-23,105.64894917234446,105.71801981978672,102.71836629289916,103.45841217041016,8227800
2026-03-24,102.70849467292368,102.86637473686434,101.05079917036156,102.67889404296875,11794300
2026-03-25,104.05044900652861,104.41554102198316,102.86637859510557,103.43868255615234,6377000
2026-03-26,103.00451759568277,104.57341876038255,102.61969434414311,103.18212890625,6212300
2026-03-27,103.50775107483673,104.06031625171272,102.30394191538326,102.60982513427734,10915000
2026-03-30,103.36961309636327,103.37947495474101,100.46863076843887,100.52783203125,10476700
2026-03-31,101.17907062402021,102.30393972609482,99.54109884456743,101.30734252929688,12442100
2026-04-01,101.4750883651154,102.4124843384312,100.8534525304512,101.02119445800781,7452500
2026-04-02,100.66597498667672,102.09673492929494,100.20221920679663,101.50469970703125,5453400
2026-04-06,101.14946503953718,101.71189956302445,100.49822110279645,100.94225311279297,7125800
2026-04-07,100.4784927368164,101.50469054255217,100.10353135833212,100.4784927368164,13311000
2026-04-08,101.76123834839139,102.46181420397512,99.96539399978826,102.18553161621094,9379300
2026-04-09,101.6329644059634,101.9487170039633,100.56729656466285,101.35668182373047,6198700
2026-04-10,101.34681353849662,101.40601479872217,98.02153807333791,98.96880340576172,11944800
2026-04-13,98.801057348336,99.56084201196016,97.73539698699555,99.35363006591797,11199500
2026-04-14,99.06747247127062,100.82384674803231,99.06747247127062,99.70884704589844,11689900
2026-04-15,100.05636064350612,101.75425738028531,99.91735270575506,100.84076690673828,12657200
2026-04-16,96.44213977017007,98.29889948762306,93.25487333219088,94.79389953613281,27791200
2026-04-17,94.94283744485698,96.45206971900623,94.19814882282921,96.12440490722656,17559900
2026-04-20,95.81660374005635,96.63079633928888,94.81375426374748,95.32014465332031,9412700
2026-04-21,94.92297908987418,95.23078888534326,92.00380471205793,92.0633773803711,17164300
2026-04-22,91.96408866822843,93.37403072874547,90.94137653382143,91.05059814453125,11984000
2026-04-23,90.96123928785003,91.8350045995791,90.07754267275904,91.82508087158203,13008000
2026-04-24,91.49741522308524,92.00380563492082,90.40520669932137,90.48463439941406,12802000
2026-04-27,90.97117082356954,92.59955611230305,90.23640588020658,92.14281463623047,15203900
2026-04-28,93.1754422639723,94.11871911956142,92.60947918076478,93.19530487060547,11550800
2026-04-29,92.98678980234448,93.05629377247574,90.68321990966797,90.68321990966797,9010500
2026-04-30,90.83215728037408,90.83215728037408,89.65058223713652,90.14704132080078,19655500
2026-05-01,90.355556738143,90.355556738143,88.5087282691144,88.82646179199219,12860900
2026-05-04,88.54844442859438,89.08462115988318,86.68176095976142,86.92005920410156,14722500
2026-05-05,86.69168127485064,87.20800295518845,85.54983146234615,86.55267333984375,17193400
2026-05-06,86.92999051015957,87.06899845064328,85.53990352995794,85.6888427734375,12456300
2026-05-07,85.70869810968382,87.67467946482229,85.63919413919415,86.39381408691406,13272900
2026-05-08,86.5427538682373,86.69168553780798,83.48456399697456,83.72286224365234,10913500
2026-05-11,83.84201765629211,83.84201765629211,81.38950841932287,81.97532653808594,16460500
2026-05-12,82.82923318472503,84.49733603874327,82.50156836554753,83.75264739990234,16392500
2026-05-13,82.80938061906917,83.6632908897199,82.10440959569283,83.23633575439453,11826700
2026-05-14,83.58385712093887,84.66613435826736,83.45478047783587,84.29875946044922,11018400
2026-05-15,85.28174533847846,85.86757102766538,83.53420714958804,83.8718032836914,13208600
2026-05-18,84.25904144251142,87.29736879637764,83.80229996662966,87.28744506835938,12347000
2026-05-19,87.73425279952306,88.70730839377904,86.79098353922282,88.19099426269531,11693500
2026-05-20,87.57537904170883,88.16120469770551,86.48317057629373,87.75410461425781,7834400
2026-05-21,87.97255382107457,87.97255382107457,86.21509188397576,87.14842987060547,8524200
2026-05-22,87.29736794454847,88.21085088739841,86.43353394276497,86.79098510742188,9516400
2026-05-26,86.21509156096633,86.3441682034834,85.20231072613575,86.05622100830078,10249200
2026-05-27,86.0363664567586,86.22501576989498,84.35833221785303,85.07323455810547,10813900
2026-05-28,85.03351313227324,85.78813307730235,84.53705403758441,85.6888427734375,10151700
2026-05-29,86.03636445339883,86.11579972832499,84.67606377790622,84.9937973022461,21143600
2026-06-01,85.17251937374847,87.30729495339918,84.99379380021111,87.15835571289062,10561100
2026-06-02,86.63211133775206,87.22786073159207,85.28174200485364,86.35409545898438,10283600
2026-06-03,86.58246669236561,87.48602591853486,86.10587018380384,86.37395477294922,10448100
2026-06-04,88.68745577543959,90.8321627829701,88.56830286101071,90.13711547851562,14153200
2026-06-05,91.10024110880646,92.07330423800634,90.31583485397573,90.42505645751953,11933700
2026-06-08,89.89881034750678,90.6931403235028,89.5910081446527,89.85909271240234,13308700
2026-06-09,90.08746854061299,91.36832630852149,89.49171158067998,90.6037826538086,14109600
2026-06-10,90.67328880715175,90.67328880715175,88.06191669460125,88.53851318359375,11853100
2026-06-11,88.62787635736474,89.7300161119739,88.1314172814278,89.0151138305664,15088900
2026-06-12,88.98533135823811,89.65058473076476,86.45338693097862,87.55552673339844,13758700
2026-06-15,87.63496070795267,88.52858858523003,87.10871528449059,88.04205322265625,10950100
2026-06-16,88.72716956276295,90.04775256608384,88.2009241370967,89.9782485961914,12740700
2026-06-17,89.72008895183161,90.93145036510597,87.24772476061578,87.87326049804688,13053000
2026-06-18,88.0122643325163,88.80660188376802,87.13849908643084,87.78389739990234,41964800
2026-06-22,87.5257413352649,87.96262019446367,86.59239579792096,87.2080078125,11458200
2026-06-23,88.32007288793494,90.28605430223995,88.10163724222537,89.88888549804688,12201500
2026-06-24,90.54421416363812,92.26195842795178,89.66051756111182,89.84916687011719,13201600
2026-06-25,89.95838563546846,93.89034072108414,89.64065212073278,92.5796890258789,16707400
2026-06-26,93.19529984859372,94.53573786023574,92.5499015243618,93.45346069335938,16465100
2026-06-29,93.87048600308626,94.3073724280637,92.01372627229668,92.0534439086914,10314400
2026-06-30,92.6293413329889,92.6293413329889,89.96832020956299,90.09739685058594,10021100
2026-07-01,91.59670276158754,93.33430958904313,91.12009869861073,91.5271987915039,13935800
2026-07-02,92.74849069767372,95.06198429649659,91.25911342979825,94.72439575195312,10643900
2026-07-06,94.32723066852343,95.2407136105942,92.33146293011883,94.95276641845703,15257000
2026-07-07,96.5811511167095,97.44499268800026,95.0619874649013,95.1612777709961,10262200
2026-07-08,94.43644695943428,95.50880039209095,93.63218567262398,94.50595092773438,10102300
2026-07-09,94.09885070108805,94.30737018103319,93.24494805272303,93.73147583007812,8357800
2026-07-10,94.29744451204401,94.29744451204401,92.80806718288765,93.26480865478516,6913100
2026-07-13,93.28466083915902,93.4336000826023,90.99102224637207,91.45769500732422,11756200
2026-07-14,89.85909676235285,89.85909676235285,87.99241328049824,88.33000183105469,12473900
2026-07-15,87.98999786376953,89.87999725341797,87.63999938964844,89.2699966430664,16415300
2026-07-16,95.29000091552734,101.87000274658203,94.98999786376953,98.83000183105469,32755800
2026-07-17,101.0,102.12999725341797,99.47000122070312,100.68000030517578,19913800
2026-07-20,100.69999694824219,102.45999908447266,100.02999877929688,101.66000366210938,14390600
2026-07-21,100.5199966430664,101.83000183105469,99.33999633789062,99.66999816894531,11656500
2026-07-22,100.44999694824219,101.04000091552734,99.83999633789062,100.56999969482422,10257500
2026-07-23,101.2300033569336,101.9000015258789,100.06999969482422,100.75,9959500
2026-07-24,101.5,104.18000030517578,101.5,103.05999755859375,10366700
2026-07-27,104.08999633789062,105.86000061035156,103.37999725341797,104.48999786376953,11619300
2026-07-28,106.08999633789062,109.26000213623047,105.97000122070312,107.2699966430664,12665500
2026-07-29,106.97000122070312,110.04000091552734,106.97000122070312,108.0,12157300
2026-07-30,106.01000213623047,106.80999755859375,104.4800033569336,105.61000061035156,8149900
2026-07-31,104.45999908447266,106.38999938964844,102.88999938964844,105.69999694824219,9610100
2026-08-03,107.8499984741211,109.33000183105469,106.43000030517578,107.12000274658203,7409600
2026-08-04,105.7699966430664,106.19000244140625,104.91999816894531,105.45999908447266,8157100
2026-08-05,106.70999908447266,106.76000213623047,104.19999694824219,105.70999908447266,9313000
2026-08-06,107.19000244140625,107.98999786376953,105.55999755859375,107.95999908447266,9801200
2026-08-07,107.02999877929688,107.97000122070312,106.01000213623047,107.80999755859375,6606600
2026-08-10,107.41000366210938,109.08999633789062,107.36000061035156,108.62000274658203,5603200
2026-08-11,108.62000274658203,110.19000244140625,107.91999816894531,109.72000122070312,6744400
2026-08-12,108.05000305175781,111.27999877929688,107.5,110.91000366210938,6613700
2026-08-13,112.47000122070312,112.47000122070312,110.45999908447266,111.2699966430664,5523400
2026-08-14,111.48999786376953,111.97000122070312,110.79000091552734,111.25,5575400
2026-08-17,110.04000091552734,111.41000366210938,109.3499984741211,110.37000274658203,11462000
2026-08-18,112.44999694824219,113.62999725341797,111.75,112.68000030517578,9781600
2026-08-19,113.2300033569336,115.66999816894531,112.91000366210938,114.43000030517578,7403300
2026-08-20,114.0,115.2300033569336,113.98999786376953,114.13999938964844,5784800
2026-08-21,114.0199966430664,116.66000366210938,113.44999694824219,116.63999938964844,9931500
2026-08-24,116.27999877929688,117.33999633789062,115.81999969482422,116.66999816894531,5916600
2026-08-25,115.83000183105469,116.61000061035156,115.04000091552734,116.12999725341797,7503200
2026-08-26,115.4000015258789,116.72000122070312,114.01000213623047,114.0999984741211,6957100
2026-08-27,112.75,113.44999694824219,111.29000091552734,111.58999633789062,8351700
2026-08-28,111.5999984741211,112.75,111.11000061035156,112.47000122070312,7545100
2026-08-31,111.54000091552734,111.63999938964844,109.54000091552734,110.36000061035156,10691200
2026-09-01,112.25,113.91000366210938,108.68000030517578,108.93000030517578,7229100
2026-09-02,109.31999969482422,112.19999694824219,109.0,110.47000122070312,8458800
2026-09-03,110.91000366210938,112.0,108.04000091552734,108.79000091552734,5297500
2026-09-04,108.11000061035156,110.01000213623047,107.36000061035156,108.33000183105469,7029300
2026-09-08,108.36000061035156,108.38999938964844,105.23999786376953,105.5199966430664,11397200
2026-09-09,105.69000244140625,106.86000061035156,104.77999877929688,105.2300033569336,6470800
2026-09-10,105.18000030517578,105.19000244140625,103.18000030517578,103.36000061035156,7844700
2026-09-11,104.1500015258789,104.18000030517578,101.48999786376953,101.94999694824219,8397400
2026-09-14,103.55999755859375,104.44000244140625,102.56999969482422,103.08999633789062,7791900
2026-09-15,102.9800033569336,103.05999755859375,101.47000122070312,102.02999877929688,7418000
2026-09-16,101.88999938964844,103.30000305175781,101.5,102.36000061035156,5229600
