Date,Open,High,Low,Close,Volume
2010-01-04,40.08282826668349,41.15189824801404,39.78993108041025,41.04938507080078,3974600
2010-01-05,41.14456489347212,41.415495706598556,40.71254317860111,40.89560317993164,3007400
2010-01-06,40.69058984718935,41.03474365327783,40.43430688091592,40.78578186035156,2854500
2010-01-07,40.551448206135134,41.100628154997786,40.3976756975656,41.07865905761719,2694000
2010-01-08,40.84434056782026,42.286854059005286,40.49286575239278,42.1989860534668,4165500
2010-01-11,42.66029789412644,44.05155490457044,42.58707501706042,43.89778518676758,8119900
2010-01-12,43.121598769371715,43.18017929060299,41.34225593943004,42.02323913574219,8129400
2010-01-13,42.28686734041981,42.865337711220064,40.924900257077184,42.68227767944336,6647000
2010-01-14,42.98249343821332,43.10697291157328,42.308831109233815,42.7262077331543,4170800
2010-01-15,42.733536010899094,42.901950911821885,40.97615851672944,41.24708938598633,6654200
2010-01-19,41.27637588860775,42.242932649452285,41.10796099168668,42.22096633911133,3618800
2010-01-20,41.78893294489196,41.81089924913533,40.71986330818466,41.08598327636719,3804200
2010-01-21,40.95417791198928,41.34958812916207,40.02423290194521,40.60270309448242,5413200
2010-01-22,40.419639702110516,40.419639702110516,38.71351953517534,38.82335662841797,6205900
2010-01-25,39.343258931860845,42.46992439026833,38.8526594219173,39.313968658447266,4313400
2010-01-26,39.16018524436586,39.78259076742451,38.64761681163322,39.10892868041992,3479300
2010-01-27,38.464566069927066,39.108938048086436,37.06598779024722,38.36205291748047,6772900
2010-01-28,38.310775789399656,38.4572242685926,36.7437834865617,37.424766540527344,4456300
2010-01-29,37.63712668224912,38.31810991690541,36.38499450652014,36.57537841796875,5507600
2010-02-01,36.882933740887026,37.97397273922049,36.78774453727406,37.600528717041016,3836700
2010-02-02,37.930033457971156,38.706208904816684,37.79090885615293,38.40599060058594,3678000
2010-02-03,38.20095396641523,38.9331938611284,37.893414551406984,37.95931625366211,2497200
2010-02-04,37.60053026306985,37.67375595340723,36.37769056381756,36.516815185546875,4636500
2010-02-05,36.43626249931378,36.73648079852786,35.389161830951714,36.48019790649414,5771500
2010-02-08,36.494847393720164,37.044027479223615,35.76260727971557,35.8504753112793,3775400
2010-02-09,36.538781608923514,37.60785146995565,36.414299341118806,36.84632110595703,5841600
2010-02-10,36.93417845226503,37.08795094958084,36.19461740429461,36.64860534667969,3155300
2010-02-11,36.54609662248861,38.44991941840232,36.50216121891259,38.310794830322266,5045200
2010-02-12,37.688393810965515,38.925878409232425,37.424786963222516,38.88926696777344,5683500
2010-02-16,39.365230044611316,39.943700445394995,39.2041391077247,39.37987518310547,6325800
2010-02-17,42.24293593176086,42.50654284943264,41.04206245638914,41.35692596435547,17375400
2010-02-18,41.67911967993589,42.11846556904977,41.33496861239659,41.92808151245117,6090000
2010-02-19,41.818204780041505,42.26487139126561,41.444761012869165,41.942684173583984,4262100
2010-02-22,42.177031270276906,42.28686840942937,41.36424705499168,41.51801681518555,4127600
2010-02-23,41.43014899995614,42.05987318218277,40.60271684889481,41.07135009765625,4890200
2010-02-24,41.22510555416337,41.73035286970646,40.81505300041654,41.137237548828125,3982800
2010-02-25,40.47091580562564,41.82555904547699,39.980313423772536,41.70840072631836,5749000
2010-02-26,41.986645772486135,42.09648290041865,41.181182811895034,41.95735549926758,4068600
2010-03-01,42.06719586094264,42.8067571602798,42.06719586094264,42.68227767944336,3529600
2010-03-02,42.89462238162229,43.1948406827754,42.22096010020919,42.62369155883789,3547700
2010-03-03,42.72620587248256,43.7147316176196,42.711563529539006,42.95320129394531,3921600
2010-03-04,43.04106680535648,43.443801044646655,42.52117706971237,42.83604049682617,3374900
2010-03-05,43.414512318026155,43.82456494967092,43.20948320892971,43.597572326660156,3086000
2010-03-08,43.63419460587282,43.7733192414063,43.041079025025326,43.3486213684082,2429700
2010-03-09,43.09232876379115,43.73670083384965,43.02642704306614,43.40719223022461,3370400
2010-03-10,43.4071914531745,43.458448035790354,42.55047189236018,42.8287239074707,4794100
2010-03-11,42.587087920949735,42.68227992459771,41.5253391221403,42.27222442626953,7502500
2010-03-12,42.69692269707698,43.158231964699105,42.44063697734584,42.938560485839844,4650900
2010-03-15,42.784780680190025,42.90926013143718,42.17702017838689,42.56510925292969,3531100
2010-03-16,42.75549884724055,43.20216575365135,42.28686563175195,43.143585205078125,3566600
2010-03-17,43.21680917545772,43.90511383422752,43.17287376577166,43.634185791015625,3866700
2010-03-18,43.436476150009376,43.868497857498056,43.17286930567406,43.38521957397461,3415000
2010-03-19,43.19484329223633,43.670797665450934,42.938557589790726,43.19484329223633,5244000
2010-03-22,42.71156243919842,43.963692224466854,42.67494820295187,43.94904708862305,5205800
2010-03-23,44.080831027373485,45.45744246200137,44.00760538053153,45.369571685791016,8971600
2010-03-24,45.135271933111085,45.14259589714652,44.161394211936546,44.29319763183594,6149600
2010-03-25,44.710579411895786,45.27440459761054,43.98566051789849,44.08085250854492,5452100
2010-03-26,44.31517688493416,44.813100440415695,44.01495851706512,44.34446716308594,4195800
2010-03-29,44.74905323272815,45.18307882432206,44.67548743277707,45.13158416748047,3364400
2010-03-30,45.28607912196509,45.60976028145486,44.86676380839356,44.955039978027344,3932400
2010-03-31,44.59458156519953,44.977115435807804,43.54997210820136,43.74123764038086,5567300
2010-04-01,44.13111871241593,44.65342331328105,43.47639565913239,43.947208404541016,5010400
2010-04-05,44.418017963462404,44.72698593104804,44.21203651215674,44.609283447265625,3515000
2010-04-06,44.4915850169753,44.763771509348615,44.33710101910792,44.63871383666992,2270100
2010-04-07,44.62399328327138,44.84468507313704,44.0943307425951,44.4327278137207,3690600
2010-04-08,44.30031156488621,44.712268818595966,43.925133001688174,44.594566345214844,2714000
2010-04-09,44.77111838659922,45.37434387207031,44.682842239182214,45.37434387207031,2807200
2010-04-12,45.43321298214227,45.896667863692635,45.30080010794863,45.63919448852539,3805100
2010-04-13,45.411133129178424,45.75688540785166,44.940323187473616,45.2713623046875,2381200
2010-04-14,45.469993344418874,45.63183253491594,44.60929149638149,45.44056701660156,3581700
2010-04-15,45.25665231349626,46.146777597276504,45.06538400737479,45.433204650878906,2546300
2010-04-16,45.24929408454562,45.56562006074926,44.05755599178352,44.51365280151367,4345700
2010-04-19,44.18260585606919,44.87410748576443,43.57938037338335,44.48421859741211,3536600
2010-04-20,44.76377539669562,45.2419434006657,44.16054970918667,44.28561019897461,3187300
2010-04-21,44.38122517691467,44.87410332545761,44.05754132414225,44.506282806396484,3533600
2010-04-22,44.05756002452824,44.94033020621943,43.46904750548381,44.844696044921875,2832900
2010-04-23,44.866756481331585,45.48469518035196,44.63134872367053,45.45526885986328,3838700
2010-04-26,45.95549706435422,46.84562205695509,45.624458032240874,45.76422882080078,4530700
2010-04-27,45.44792167522069,45.67597150382092,43.41019480030602,43.63824462890625,4932200
2010-04-28,44.109047567885256,44.33709735990308,43.60145612839233,43.829505920410156,2948700
2010-04-29,44.256191454153694,44.72700155373253,43.95457855872041,44.58723068237305,2662500
2010-04-30,44.89618683752541,45.3522864558621,43.9692800508631,44.00606155395508,3984700
2010-05-03,44.440082793962134,45.31549477259524,44.00605439310659,45.10951614379883,4745500
2010-05-04,44.30766974246686,44.58721418802222,42.57155603783118,42.976158142089844,6055300
2010-05-05,42.14490059158769,43.23364963306729,41.063506730076085,42.306739807128906,6720400
2010-05-06,41.90946884412403,42.770167470742216,38.79034975626692,41.48279571533203,9057800
2010-05-07,41.2841917302041,42.21110140166974,40.1880876914261,41.475460052490234,7929700
2010-05-10,43.2409902544447,43.895710494891595,42.16695474076217,43.71915817260742,4719600
2010-05-11,43.196864567543564,44.44009754233348,43.035022559065254,43.74123764038086,3394500
2010-05-12,44.03548804892504,45.10216848020306,44.02077488638169,44.977108001708984,4043000
2010-05-13,44.90354520375078,44.99917655135341,43.99134876556894,44.050201416015625,3299400
2010-05-14,43.4911120521576,43.763301348536736,42.152245135842364,42.93202590942383,4523800
2010-05-17,43.08650986667433,43.30720169107169,41.76235611404132,42.63041305541992,4221700
2010-05-18,43.01293865203036,43.844211125495264,41.93154527073306,42.04924774169922,4433600
2010-05-19,43.74858013027395,43.785361626559414,41.19590443933701,43.307193756103516,11276800
2010-05-20,41.96097097850035,43.07914583950682,41.453376799779704,41.68878173828125,8009300
2010-05-21,40.842804345163366,43.439617174643935,40.629467699717694,43.2042121887207,7004500
2010-05-24,42.806965359467114,43.30720165771521,41.33568278961949,41.43867492675781,5300400
2010-05-25,40.36463580034402,41.12234821859274,39.13611622336353,41.114990234375,8849200
2010-05-26,41.7108530217498,42.3802863440511,41.137051026742796,41.298892974853516,5225500
2010-05-27,42.10811182426343,43.763304850580795,42.10811182426343,43.72652053833008,5068200
2010-05-28,43.69708544516503,43.8221430937021,41.95361389866091,42.43178176879883,5162100
2010-06-01,42.09340281664624,43.16743861293361,41.622592758342144,42.02719497680664,4939800
2010-06-02,42.740750309996656,44.212032631252974,41.93154615580501,44.189964294433594,7109000
2010-06-03,44.44008572579311,44.77112483408998,43.55731570575096,43.89570999145508,5281500
2010-06-04,42.93938874734614,43.6456066407907,41.563740082575315,41.843284606933594,5196200
2010-06-07,42.03453345737851,42.04189144013167,40.24692529811318,40.29841995239258,5371700
2010-06-08,40.46764072605985,40.98994836312121,39.68786247336935,40.504425048828125,6148700
2010-06-09,41.01937163233773,42.2626076490223,40.4161457852629,40.65890884399414,4816100
2010-06-10,41.81384654204062,42.66719023448029,41.600509917368576,42.571556091308594,4373400
2010-06-11,42.10075798241386,43.38077528348096,41.89477928353498,43.29985427856445,3544000
2010-06-14,43.73388241615635,43.910434783179504,42.130183916741416,42.40237045288086,6107200
2010-06-15,43.0055927215731,43.77801557915371,42.2258146852294,43.770660400390625,6232800
2010-06-16,43.4101911297489,43.903072251499786,43.12329147669559,43.6529541015625,3372400
2010-06-17,44.013411372527216,44.10904270157414,42.858452184727,43.711795806884766,4043800
2010-06-18,43.77064843353759,44.0281217135885,43.21891757092997,43.594093322753906,5729700
2010-06-21,44.138466251919574,45.19043325542351,44.02811896379053,44.469505310058594,5562200
2010-06-22,44.41801731610483,44.690203779713165,43.34397901021387,43.47639465332031,3965500
2010-06-23,43.4543303106156,44.02812961267338,42.82167835898842,43.55731964111328,3200700
2010-06-24,43.204211837123516,43.711803307718036,42.71133352881056,42.80696487426758,3722600
2010-06-25,43.20420918922711,44.03548456657137,42.755467589012525,43.947208404541016,8440100
2010-06-28,43.998940078463846,43.998940078463846,43.14868496483964,43.259586334228516,2993200
2010-06-29,42.542436627079226,42.549828927277964,40.590542206804045,40.982398986816406,5541200
2010-06-30,41.49254727046868,42.5350363373539,41.00457372470137,41.167232513427734,6621200
2010-07-01,41.389047174258685,41.536918576185776,39.695925404038846,40.81974411010742,6218200
2010-07-02,40.886274799104854,41.329888882272485,39.86596551027209,40.29479217529297,3892000
2010-07-06,41.18941976145675,41.44819541086486,40.02124165003126,40.39091873168945,3787300
2010-07-07,40.435268979630685,41.847434997558594,40.21346334516678,41.847434997558594,3406900
2010-07-08,42.15797907780728,42.350209939109725,41.50734655728441,42.33542251586914,3333400
2010-07-09,42.29105946186574,43.2817941712387,42.04707122981137,42.88993453979492,3693200
2010-07-12,42.65333343425523,42.867746782160914,41.987916492343146,42.498069763183594,3252000
2010-07-13,43.12652449844738,44.02853455101937,42.94907827967226,43.895450592041016,4090400
2010-07-14,43.60710116238991,44.21337125263842,43.24481926037919,44.15422439575195,3625300
2010-07-15,44.087687832910426,45.337195304950924,43.636681359569195,45.159751892089844,6389600
2010-07-16,44.69395310012801,45.167139243122975,44.006353604709744,44.161617279052734,5054000
2010-07-19,44.52390294623476,44.856610021018895,43.81412089634581,44.44257354736328,3005000
2010-07-20,43.636682652980795,45.07102870117339,43.57753296666575,44.871402740478516,4363700
2010-07-21,45.34457887204904,46.57929860834577,45.248462069332476,45.662498474121094,5801600
2010-07-22,46.202238246580656,46.92680491510012,46.039579444525174,46.4388313293457,4502000
2010-07-23,46.379685853907795,47.93233127330246,46.27617672336394,47.6883430480957,5306100
2010-07-26,47.68832436760154,48.05060618259182,47.244713176067386,48.043216705322266,4612700
2010-07-27,48.07280485398266,48.19849934782432,47.185582121030194,47.52568435668945,4014200
2010-07-28,47.2964804029622,47.784451152245666,47.28169298322453,47.451744079589844,1926800
2010-07-29,47.79925270303593,48.19110954736673,46.79373048623513,47.695743560791016,3724800
2010-07-30,47.31867447623143,49.603276520690706,47.24474017552743,49.30014419555664,6414600
2010-08-02,50.18735144051334,50.23171651976605,49.484967341544554,49.662410736083984,4823000
2010-08-03,49.43321558797562,49.7141681153398,48.76779576966663,49.40364074707031,3461500
2010-08-04,49.536727190639105,50.16517707907188,49.19662496443812,49.95076370239258,3191100
2010-08-05,49.8694480384136,51.089383829089215,49.75115427709664,50.26131057739258,4430900
2010-08-06,49.95076396344461,50.49789008920612,49.351888914267874,50.30565643310547,4922400
2010-08-09,50.96369799789172,51.36295004280219,50.45354166703507,51.22986602783203,3990100
2010-08-10,50.69012427540181,50.852783108763795,49.825081178876836,50.21693801879883,4241800
2010-08-11,49.15227923633895,49.33711782220829,48.028457475390795,48.309410095214844,5413900
2010-08-12,47.65878119995292,48.730848402652654,47.40000830303439,48.44989013671875,3880900
2010-08-13,48.26502017095072,48.309379598491844,47.54045653060765,47.94709777832031,2642100
2010-08-16,47.895360935976626,49.04136212484252,47.43696497308987,48.49423599243164,3427800
2010-08-17,49.3814542858587,50.091233448226276,48.996987047395,49.70677185058594,5731400
2010-08-18,49.64021354294872,49.906381361475674,48.39809893676357,48.78256607055664,9533500
2010-08-19,49.31490947153987,49.462783655817596,47.895351147413805,48.582950592041016,5010800
2010-08-20,48.058045485625094,48.44990249243702,47.8953865829875,48.15415954589844,4123700
2010-08-23,48.46467688874497,48.53861119098779,46.172676853850646,46.59410858154297,5788500
2010-08-24,45.60334659996019,46.778919357640135,45.470262678682374,46.0913200378418,5831900
2010-08-25,45.52203582319514,46.675429338725024,44.69395994611365,46.47580337524414,5771900
2010-08-26,46.49057939326979,47.45913412952536,46.32052831507132,46.39446258544922,4808300
2010-08-27,46.867656823993016,47.94711315327613,45.76602077382709,47.784454345703125,4832100
2010-08-30,47.67355578163645,47.76227466524283,46.56452178955078,46.56452178955078,4068500
2010-08-31,46.03957662066732,47.50349728814035,45.92128008654056,46.7789306640625,3569200
2010-09-01,47.82881920244592,49.30013230257598,47.66616039564099,49.18922805786133,5450700
2010-09-02,49.25577183266349,50.19474905121872,49.0561430681801,50.09123992919922,3747900
2010-09-03,50.31304599800798,51.17808889369981,50.276076038708815,50.74186706542969,4086600
2010-09-07,50.534834821245916,50.608769078523174,49.76590613575343,50.032073974609375,3922300
2010-09-08,50.15777851331383,50.77883887911255,50.135598793253884,50.34261703491211,3219000
2010-09-09,50.99325977467764,51.01543949801436,49.684599689562305,49.788108825683594,3211300
2010-09-10,49.94338443421697,50.58661905495111,49.62546186459444,50.13561248779297,2868000
2010-09-13,50.87496565138009,51.74001443664953,50.727097053309905,51.592140197753906,4380900
2010-09-14,51.525577023072465,52.331470096617274,51.207654608549554,51.776954650878906,4381800
2010-09-15,51.503419005969675,52.16883330853399,51.27421535607567,51.799156188964844,3740100
2010-09-16,51.84350937864498,52.198396173106694,51.436862384132716,51.488616943359375,2627700
2010-09-17,51.9100524113685,53.58099431239857,51.5477704697446,53.56620407104492,6501600
2010-09-20,53.75844255713096,54.49040162687742,53.41834030612932,54.42386245727539,4694000
2010-09-21,54.24641053139214,54.431249050203284,53.42572705660473,54.00242233276367,5821300
2010-09-22,54.02460734215887,54.12072135065478,53.122594379510545,53.29264831542969,4396100
2010-09-23,52.86382629715778,53.65493508044728,52.131867204781976,52.63462829589844,3911500
2010-09-24,53.15216095863867,53.9654492664302,53.15216095863867,53.7066764831543,3830800
2010-09-27,53.86193043299058,53.928475217151814,53.159546485021785,53.30741500854492,2731400
2010-09-28,53.40397263851754,53.448517445467694,52.29030714959897,53.15153884887695,4666400
2010-09-29,52.913937519653935,53.67123294388529,52.6021126576262,53.25546646118164,3121300
2010-09-30,53.515315367320305,53.671227783343035,51.54041343557978,51.80769348144531,6941400
2010-10-01,51.33994686314897,51.71116845194341,50.79796085117665,50.90932846069336,8339400
2010-10-04,50.708917066149866,51.117257783766625,50.241173816861874,50.94649887084961,4385500
2010-10-05,51.54041357472638,53.37424946932408,51.54041357472638,52.93621063232422,4774300
2010-10-06,52.78771447094047,53.849408555652055,52.78771447094047,53.42621612548828,3651000
2010-10-07,53.77516977262251,53.82714057832931,52.60210797021978,53.381675720214844,2694300
2010-10-08,55.022471895066516,57.041918521542186,55.022471895066516,55.94309997558594,10645300
2010-10-11,56.49992572887222,56.551896525691056,55.289745366152516,55.913394927978516,3279000
2010-10-12,55.82432603998945,56.091606140991196,54.851721247413145,55.43083190917969,4244100
2010-10-13,56.05445548844139,56.42567704796749,55.861418691458205,55.891117095947266,4168000
2010-10-14,55.82430989181881,56.217803908803454,55.089286994485335,55.75006103515625,3280900
2010-10-15,56.4628253980486,56.65585661244498,55.88371476167784,56.54449462890625,5321200
2010-10-18,56.514781316442374,56.89342328946456,56.17325810668522,56.46281051635742,3132100
2010-10-19,55.40852353548312,56.277186220727906,54.66608047539115,55.62383270263672,5163700
2010-10-20,55.76492545323135,57.279510702259124,55.49764537020328,56.752376556396484,4081000
2010-10-21,57.182983172327376,57.70269690549015,56.36629663666372,57.20526123046875,4372500
2010-10-22,56.98251906953583,57.38343910167399,56.79690825823442,57.35374069213867,3320800
2010-10-25,57.90316515753277,58.571365419392336,57.272089335263146,57.34633255004883,3742400
2010-10-26,57.086475260674106,57.49482141565788,56.61131191545329,56.737525939941406,2752300
2010-10-27,56.35143902332656,56.35886504122594,55.104134242654006,56.306888580322266,4183300
2010-10-28,56.70041321756878,57.06420895348948,55.378859004226285,56.05448532104492,3018200
2010-10-29,55.69809190552623,57.23494925564432,55.69809190552623,57.01964569091797,2567100
2010-11-01,57.50965820716871,57.86603348888594,56.21780843168055,56.67811965942383,2707200
2010-11-02,57.43539951963062,58.162990596345345,57.064177964133734,57.42054748535156,2984600
2010-11-03,57.5319420800612,57.59876493688885,56.57418933775477,57.55421447753906,2485400
2010-11-04,58.148180205231746,58.84607897399107,57.68044279507736,58.78668212890625,3338300
2010-11-05,58.905460690620096,59.046526758933396,58.370906163925824,58.72727584838867,2282200
2010-11-08,58.61589560547981,58.66786640931558,57.836333547943234,58.40801239013672,2343600
2010-11-09,58.80892372607523,59.143026556380775,57.517074176312825,57.81405258178711,3617800
2010-11-10,58.03679163772423,58.75696254795779,57.613599181577776,58.593624114990234,3057700
2010-11-11,58.05905639343154,58.593616407593814,57.94769444414118,58.497100830078125,4440400
2010-11-12,58.05164469540114,58.53422831932629,56.47023680698009,57.06419372558594,5650000
2010-11-15,57.22011670775649,57.72497848247479,56.74495335089149,56.78207778930664,3084500
2010-11-16,56.33660100149,56.43312226501606,55.037325101105516,56.20296096801758,4361600
2010-11-17,56.24750109212695,56.5964503190193,55.74263946554933,56.42568588256836,2155600
2010-11-18,57.36119503245174,58.05166781798654,57.086488856909426,57.376041412353516,3597000
2010-11-19,57.665575397015964,58.02195070823803,57.0270736433551,57.89573669433594,4068300
2010-11-22,57.28692351897853,57.717536296259574,56.57417301891574,57.35374069213867,4049500
2010-11-23,56.589030087289224,56.98995015507375,56.06931637080132,56.67811965942383,4195700
2010-11-24,56.59647750854492,57.4354367282938,56.180705245250586,56.59647750854492,8469300
2010-11-26,56.19553029223186,56.64842111891439,55.87627947447847,56.42568588256836,1750100
2010-11-29,56.447966424808456,56.75979126920871,55.81689071655274,55.816890716552734,5992300
2010-11-30,55.638708371781505,55.78719478112202,54.98535457613904,55.46051788330078,5376600
2010-12-01,56.34401033631966,56.58901793586493,55.85400080162084,56.52962112426758,4969500
2010-12-02,56.60387518687851,58.341195441499785,56.544484028256804,58.1333122253418,5231700
2010-12-03,57.59131780958245,58.31891462543478,57.554193384462394,58.140724182128906,2751700
2010-12-06,58.244687042501276,58.75697484137505,57.695280469346,58.68273162841797,3191900
2010-12-07,59.32122238045237,61.251573878909085,59.2618255554185,60.44973373413086,8160100
2010-12-08,60.53141624307272,60.67990833826115,59.00198448119447,59.84836959838867,5331300
2010-12-09,60.46459191759891,60.46459191759891,59.35834718038927,59.80381774902344,3565100
2010-12-10,60.03399461862461,61.23675538335817,59.72216964182555,60.98432159423828,4063100
2010-12-13,61.61536824678091,61.61536824678091,60.79868174481081,60.813533782958984,3915700
2010-12-14,60.82092948397702,61.615343271103434,60.62047236537472,61.281246185302734,3522300
2010-12-15,61.05112179077305,61.9123531683602,60.40519400928759,60.553680419921875,3957000
2010-12-16,60.96203136638671,61.22188543774167,60.21216190528191,61.0882453918457,2944700
2010-12-17,61.07338341817349,61.125354219171946,60.50912496133848,60.54624938964844,3370400
2010-12-20,60.657630478269496,61.37780156525442,60.59081328350723,61.303558349609375,2188600
2010-12-21,61.422332933644306,62.99630900788409,61.340663722502526,62.706756591796875,3698100
2010-12-22,62.72164013943041,62.86270057685734,62.023741317019564,62.32814025878906,2230900
2010-12-23,62.35040334772374,62.35040334772374,61.85296193188753,62.05342483520508,1685000
2010-12-27,61.800989926690505,62.18706368484688,61.57083427450866,62.045997619628906,1489200
2010-12-28,62.22417317806754,62.35039284809889,61.62279589817307,62.02371597290039,1643500
2010-12-29,62.33686208965149,62.485973225758585,62.113189697265625,62.113189697265625,1511600
2010-12-30,62.15044125819398,62.515767352554235,61.91931739885499,62.105709075927734,1269500
2010-12-31,62.06844169507594,62.09826505235112,61.69565826147188,61.91933059692383,1187900
2011-01-03,62.57542944739025,63.186794071050215,62.225012098178325,62.32193374633789,3005900
2011-01-04,62.62763857180155,62.687285307044114,60.987393170211334,61.89698028564453,3117300
2011-01-05,61.449602720501595,63.104761614968005,61.34522384321291,62.80653381347656,3020600
2011-01-06,62.933311697009955,63.134612279382424,62.22501965099462,62.81401824951172,3527500
2011-01-07,62.94076168195974,63.596864250183174,62.105730323456484,62.8811149597168,4061300
2011-01-10,63.14206377997039,63.59686005266252,62.366673506662885,63.06005096435547,2958600
2011-01-11,63.51485132495359,64.60337840709131,63.51485132495359,63.86526870727539,3357700
2011-01-12,64.5362674030951,65.41603655025813,64.52135856829268,65.19982147216797,3283900
2011-01-13,66.53438108209986,67.07864736072055,66.16905493488025,66.70586395263672,6100300
2011-01-14,66.70590437082922,67.00413241564218,66.22874177441919,66.74317932128906,4103300
2011-01-18,66.86991488892207,68.31631119211009,66.86991488892207,67.54837799072266,4488700
2011-01-19,67.47379358494234,68.05533476318305,66.19141781332276,66.65367126464844,4851800
2011-01-20,66.37785631131567,67.1010575079061,64.78234273229697,66.5493392944336,4193200
2011-01-21,67.38433145527635,67.57818043358192,66.08704669817503,66.53438568115234,3258300
2011-01-24,66.70588625129143,67.4141726881296,66.28837051490055,67.19050598144531,2422900
2011-01-25,66.77296998386791,67.27995570521988,65.78882189985812,66.64622497558594,3156400
2011-01-26,67.05633004972272,68.13740044435345,66.76555923493991,67.83917236328125,3254700
2011-01-27,68.14479404252583,68.15970287294763,67.10845683743278,67.83165740966797,3635000
2011-01-28,68.0404574616647,68.51016270293965,66.11689291281837,66.28837585449219,3367700
2011-01-31,65.89322413440657,68.10755952925955,65.89322413440657,67.77205657958984,4373400
2011-02-01,68.46543352203841,69.71052931141021,68.1597482567415,69.30792236328125,5620000
2011-02-02,69.24080373668774,70.26222680359824,69.24080373668774,70.150390625,4332600
2011-02-03,70.008739177235,70.15785029500076,68.8680226304758,69.69560241699219,3496000
2011-02-04,69.7179655683074,70.02364505327108,69.05441145232173,69.49429321289062,3202300
2011-02-07,69.81488439489651,70.53808520147173,69.51665649582515,70.18766784667969,2768800
2011-02-08,70.29951989770194,70.29951989770194,69.34519495570912,69.70306396484375,2675300
2011-02-09,70.19514497305354,70.63502684029302,69.48685280129034,70.04602813720703,3220400
2011-02-10,69.80741616891302,70.59772083055717,69.62848173286402,70.4709701538086,2498400
2011-02-11,70.1951232223517,71.20163737747754,70.09074431371488,71.1419906616211,2560000
2011-02-14,71.43277482441736,71.499878814525,70.58282887122049,70.64993286132812,3904900
2011-02-15,70.51574687850453,70.6424919368581,69.40484765911965,69.80000305175781,4641900
2011-02-16,72.46912716989037,72.58842064829682,70.09822332471035,71.4700698852539,12385200
2011-02-17,71.72351098793186,71.73842550665508,70.56788606866155,71.0226821899414,4663800
2011-02-18,70.77664509366916,70.88848123320894,69.96397445535435,70.8288345336914,5227800
2011-02-22,69.78508448595971,70.7468667973337,67.80187881393563,67.84661102294922,5469600
2011-02-23,68.1746446144262,68.1746446144262,64.29024143702021,65.80374145507812,10405500
2011-02-24,65.98269060270756,67.97335346249642,65.34895968371653,66.28837585449219,6684100
2011-02-25,68.47285316818497,68.59214658825087,67.40669808951853,67.46633911132812,6145100
2011-02-28,68.32372997774596,68.39828550796793,67.04881163981655,67.21283721923828,5112400
2011-03-01,67.66020225520317,67.84659399695305,65.85593156023832,66.40019226074219,5464800
2011-03-02,66.17651209264044,67.60054175142585,66.13177421574817,66.76551055908203,4184300
2011-03-03,67.74967298141411,69.45702203461916,67.42162169259187,69.0618667602539,4846300
2011-03-04,69.13646101052034,69.3824939063562,67.9286398882144,68.85314178466797,3610400
2011-03-07,69.27061727185294,69.44955171929632,67.05628286493089,67.37687683105469,4207200
2011-03-08,67.5334747305342,68.66673431112551,66.2809216739722,68.22685241699219,4183100
2011-03-09,67.4141818135142,67.57820750022086,66.35547780251352,66.96684265136719,4702100
2011-03-10,65.61735130147876,66.3554610167146,64.19331564369358,65.2743911743164,5686400
2011-03-11,64.02929521974427,65.60989938915309,63.06751305747536,65.45333099365234,6210200
2011-03-14,65.40112649789394,65.70680595555552,64.4468018180376,65.33402252197266,3922600
2011-03-15,63.29862487075233,65.63224699595568,62.82891412838285,65.37129974365234,4658900
2011-03-16,65.52789380404884,66.28837545281046,64.1113151366244,64.7972412109375,5499800
2011-03-17,66.16905078139838,67.2948581958463,65.60987570437247,66.63875579833984,5865500
2011-03-18,67.90623330706977,68.2044611989609,66.85498126800387,67.17557525634766,5313300
2011-03-21,68.2044927974737,68.93514549847656,68.1150226819885,68.3014144897461,4474100
2011-03-22,68.42066872131848,68.42066872131848,67.2203113014293,67.88386535644531,3614100
2011-03-23,67.66020476784169,68.271569475956,67.1904996089498,68.16719055175781,3152800
2011-03-24,68.65927220223472,69.62851171731602,68.0329985622565,69.50922393798828,3758800
2011-03-25,69.63595639266983,70.78413021329466,69.11405609880876,70.2622299194336,3956500
2011-03-28,70.58283222865988,70.81396188533044,69.53903720666533,69.56140899658203,3361300
2011-03-29,69.76348887306716,70.36218519376781,68.663377175352,70.30979919433594,4336400
2011-03-30,70.94587259626203,71.03567384122096,70.25736403027385,70.6839370727539,3351800
2011-03-31,70.89351624570484,72.57735880772626,70.8336449176295,72.51000213623047,6140400
2011-04-01,73.04134418807311,74.6877713815439,72.99644354876776,73.78971862792969,6490900
2011-04-04,74.11901176984368,74.49319902289642,73.729853829268,74.26868438720703,2974400
2011-04-05,74.02917059139281,74.13394251709862,73.32570276303123,73.4978256225586,3149700
2011-04-06,73.8346344955356,73.8346344955356,72.22562810048436,72.59981536865234,3613100
2011-04-07,72.34536659631998,73.43051312287871,71.88137802809356,72.19569396972656,3671900
2011-04-08,72.65218902462917,73.09372718548401,71.19285550071862,71.79155731201172,3018600
2011-04-11,71.7691433044832,71.97868733156035,70.87857547975878,71.08811950683594,3615800
2011-04-12,70.3995715229494,70.56421478565028,69.49403928773752,69.93557739257812,4038800
2011-04-13,70.77377180028799,70.878543766949,69.36682988395155,70.03288269042969,2816500
2011-04-14,69.55391034850017,70.62408584249404,69.30694545535322,70.5342788696289,2813600
2011-04-15,70.58668280372238,70.71390509875398,69.74102167189278,70.16759490966797,3986500
2011-04-18,69.24706963647712,69.24706963647712,67.84012807761754,68.49869537353516,4715800
2011-04-19,69.11239159499951,69.28452026132553,68.12453737386993,69.13484191894531,3775200
2011-04-20,70.70642889537103,70.82616585249153,69.89069767955642,70.26488494873047,3685800
2011-04-21,70.78125196144234,71.37246842125585,70.36215841583724,71.28266143798828,3026100
2011-04-25,71.24525632780492,71.46977098123742,70.49688176255637,70.88603973388672,1945200
2011-04-26,72.24808691996786,73.17606985546198,71.86641426284837,72.59233856201172,4800000
2011-04-27,72.65218403391131,72.78689164671655,70.833634115862,72.41270446777344,3509500
2011-04-28,72.15079096261381,72.47258652829473,71.43983173544875,71.77660369873047,2668100
2011-04-29,72.44265471524798,73.00393559668953,71.74666619387467,72.96651458740234,3856900
2011-05-02,73.50533794257733,73.56520926771086,72.49503359693537,72.88418579101562,4282400
2011-05-03,72.80187791275107,72.80187791275107,70.93842681534275,71.08061981201172,4142700
2011-05-04,71.1404683381512,71.46975489985425,68.64090059327734,69.62126922607422,4679300
2011-05-05,68.80553065271974,69.65867684442804,68.10205702776494,68.50617980957031,4612100
2011-05-06,69.98795855808977,70.47440297093054,68.48373040051902,68.49869537353516,5191700
2011-05-09,68.54359693173512,70.00293019004725,68.50618164386614,69.44913482666016,3254800
2011-05-10,70.13013630240533,70.8036741350689,69.838270859858,70.7138671875,3600400
2011-05-11,70.18253440217953,70.30227701965272,67.95986202470314,68.31908416748047,6537600
2011-05-12,67.95988942449074,68.23679005680546,66.68016965991572,67.62312316894531,4656600
2011-05-13,67.56322858859136,67.79522278660167,65.53513498984525,65.64739227294922,6757500
2011-05-16,65.35554275131899,66.94209294722961,64.83167720522223,65.95423889160156,4933000
2011-05-17,65.33309408988258,65.93179024536552,64.4799476433452,65.07864379882812,6083000
2011-05-18,64.36020303185964,64.8616125456305,63.34989866107901,64.73439025878906,12671600
2011-05-19,65.00380352369231,65.65489133403652,64.27039406917892,64.39013671875,7202600
2011-05-20,64.17312206842203,64.3227947048402,63.06552514613429,63.424747467041016,5995700
2011-05-23,62.130048923251074,62.466820876452445,61.55380306636269,62.15998458862305,6543700
2011-05-24,62.71378270795507,63.43222151214305,62.42939675591703,62.451847076416016,5391100
2011-05-25,62.48180310482858,63.71662252153107,61.74839908448615,63.39482116699219,4635400
2011-05-26,63.31998291922469,63.836363281934695,62.86347390197441,63.56694793701172,3936500
2011-05-27,63.89620365806761,64.58471243937906,63.806402385024356,64.16561889648438,3538400
2011-05-31,65.15347823146031,65.22083490143164,63.64924968770976,64.42007446289062,4736600
2011-06-01,63.98603466377888,64.277900330035,61.913039327851415,61.935489654541016,5797000
2011-06-02,62.451827722315976,63.37233054501506,62.24228384973857,63.03556442260742,6042800
2011-06-03,61.598686680873854,62.60151120985245,61.00747029991684,61.51636505126953,5352300
2011-06-06,61.45650295913924,61.91301176407481,60.87276617686197,61.142181396484375,3897700
2011-06-07,61.55380380186422,61.58373946759388,60.6931719684807,60.77549362182617,3679300
2011-06-08,60.60335275822781,60.767990306584764,59.57807792136596,59.84000778198242,6612200
2011-06-09,60.790472352223844,61.95793492191652,60.52105703465705,61.36671829223633,6933400
2011-06-10,61.20208558214899,61.748401656900704,60.431260510236726,61.21705627441406,6783700
2011-06-13,61.119734051405615,61.47147092243856,59.69782159196417,60.019622802734375,4821400
2011-06-14,61.02995200010042,61.86064827765719,60.54350735951341,61.36671829223633,4483900
2011-06-15,60.88771568564599,61.50138220366739,59.937277405397026,60.02708435058594,4537800
2011-06-16,59.94476408454697,60.49855931815193,58.5453081760019,59.323612213134766,5510200
2011-06-17,60.22917764381709,60.26659294015524,58.59772113080371,58.76984405517578,5970100
2011-06-20,58.58272052568568,59.93727574771916,58.23098380380847,59.914825439453125,4328200
2011-06-21,60.386337719900396,61.69599304041626,60.0944721338141,61.463993072509766,4298700
2011-06-22,61.50887779101321,62.115059070519564,60.9924977620162,61.044883728027344,4882900
2011-06-23,59.75768362444055,61.24694680576663,58.97189407584049,61.16463088989258,5785400
2011-06-24,61.11225344626189,61.14218339640505,59.705305984514986,59.854984283447266,4673000
2011-06-27,59.9822030173659,60.66322068099844,59.84001006917805,60.38632583618164,3177200
2011-06-28,60.807559481033664,61.68011013513198,60.55181543753811,61.64249801635742,3153000
2011-06-29,62.12391139316647,62.42479116617395,61.51463401345949,62.003562927246094,6328700
2011-06-30,61.44696547978408,62.394729424604606,60.40893010382806,62.01863098144531,7497600
2011-07-01,61.830529333571526,63.7335906629438,61.46195477865681,63.59067153930664,5947800
2011-07-05,63.756147181545536,64.66630383297155,63.56057457598586,63.81631851196289,4819600
2011-07-06,63.763657085674424,64.04197169211653,62.99641963430495,63.62826156616211,4070000
2011-07-07,64.27518073844985,65.53135310072119,64.16987370048264,65.01985931396484,6305100
2011-07-08,63.65836869194702,64.92205866359173,63.41014828266846,64.77162170410156,5412000
2011-07-11,63.90662954869349,64.08715514588832,62.44736614612162,62.800899505615234,4866500
2011-07-12,62.349573182959226,62.54514589788256,61.304020410522156,61.41685104370117,7589600
2011-07-13,62.078783131539886,62.92124537121263,61.49959428719297,61.59737777709961,4834400
2011-07-14,61.75535136015285,62.364634623459246,60.754928316146106,61.251380920410156,4976800
2011-07-15,61.53719365324624,61.762854898124814,60.55934164931473,61.44693374633789,4540700
2011-07-18,61.0933937155632,61.29648422244357,59.573953744253295,60.02527618408203,6235300
2011-07-19,60.73987062949959,61.273929484458506,60.12306969600297,60.83765411376953,4756700
2011-07-20,61.401795020394644,61.401795020394644,60.46154944452849,60.536773681640625,3511400
2011-07-21,61.0632997432547,62.17655286305911,60.62702448422307,61.90576171875,5251100
2011-07-22,61.02567927964468,61.288952556387734,60.36374865013524,61.108421325683594,4624400
2011-07-25,60.39386439099891,62.08630670424178,60.28103375568848,61.59737777709961,4019800
2011-07-26,62.04868120601452,62.04868120601452,60.7925145593546,60.852691650390625,3769000
2011-07-27,60.401389040317916,60.46156040659209,58.90451368020744,59.73945236206055,7382200
2011-07-28,59.76199548245026,60.649587371889154,59.513775057700634,59.71686553955078,6089800
2011-07-29,58.77662454406618,59.86730699713212,58.51335695940919,59.05493927001953,5197900
2011-08-01,61.010639230926735,61.03320420056398,58.332822376335024,59.212890625,5108300
2011-08-02,58.94210885351394,60.100491968502496,57.78372573852539,57.78372573852539,6441600
2011-08-03,58.17485789730952,58.43813118796569,56.06871174367571,57.97176742553711,6289100
2011-08-04,57.09922055733837,57.09922055733837,54.43644512198729,54.46653366088867,8001800
2011-08-05,55.27890151127491,55.88818438393778,53.02983630192996,54.65458297729492,9047300
2011-08-08,52.1121594190006,53.210365342531446,50.25423361579068,50.43476486206055,8852300
2011-08-09,52.00685088451577,53.3908950383814,49.69008494055079,53.3532829284668,8675500
2011-08-10,52.27764858888738,53.052409944730044,50.83343291165817,51.14183044433594,7040800
2011-08-11,51.736062803430414,56.09128025492896,51.68340928973572,55.27138900756836,10600800
2011-08-12,56.93376773124375,57.106769751438215,55.57228785753064,56.39218521118164,5923200
2011-08-15,57.00144363135203,57.618244464489784,56.69304608418477,57.543025970458984,4690300
2011-08-16,56.91868443771929,57.084168518069816,55.83552582426388,56.53506851196289,4652100
2011-08-17,55.248802871056945,56.783283648750746,54.91031691164255,55.85808563232422,11444200
2011-08-18,53.63913127079308,53.64665484275525,51.81881709461494,52.76658630371094,8715700
2011-08-19,52.03695252919929,54.38380760434612,51.87899195762264,51.909080505371094,7352000
2011-08-22,53.2103635730147,53.38337124356933,52.35286026755763,52.65373992919922,7311800
2011-08-23,53.014794901810816,54.684665777533205,52.66126174158963,54.65458297729492,5259300
2011-08-24,54.56431996328065,56.55764129408157,54.19574538535669,56.48994064331055,5586100
2011-08-25,56.79832425163045,57.16689870218836,54.73730298227322,54.955440521240234,5315800
2011-08-26,54.421422815582666,57.41516780609011,53.736926894347896,57.18950653076172,5451700
2011-08-29,58.385504435133036,59.46866367899148,58.02444752797698,59.355838775634766,4783300
2011-08-30,58.957147354736094,60.72481335351817,58.52087783686903,60.25844955444336,6183700
2011-08-31,60.92791038699306,62.10133497284402,59.972623452912416,60.79251480102539,6896100
2011-09-01,60.724827491157384,61.84559869736627,59.904930301441944,60.092979431152344,4947100
2011-09-02,58.31024886264987,59.54385595189168,58.00937496355856,58.693870544433594,4078600
2011-09-06,56.39967326437625,58.22751024901643,55.82047898010506,58.0244140625,4998000
2011-09-07,59.4009578654431,59.784579683060215,58.74654485172022,59.686790466308594,4133100
2011-09-08,58.98724522997172,59.43104412716026,57.75364349019885,58.11470031738281,5212000
2011-09-09,57.332402091144104,57.68593526533882,55.94835793459483,56.610294342041016,6061300
2011-09-12,55.75280483849777,57.03153655152053,54.66964007719607,56.44482421875,5696100
2011-09-13,56.60277090480078,57.994332895563666,56.27180270030282,57.5881462097168,4681000
2011-09-14,58.024433636559785,58.95715562677315,56.08376542016459,58.137264251708984,5228200
2011-09-15,59.00982509282096,59.408494139240275,58.22754562437312,59.15274429321289,4724800
2011-09-16,59.528825291756,59.589002383752515,58.2500936502485,58.686363220214844,4968800
2011-09-19,57.59569732036355,58.468248189890076,56.52757945357488,58.06206130981445,4142500
2011-09-20,58.41558398784247,58.88946572533591,57.151893615722656,57.151893615722656,3641000
2011-09-21,57.10675608913719,57.48285433377925,54.77494812011719,54.77494812011719,4565700
2011-09-22,52.435613171748464,52.834276366952835,50.47238000319567,51.5931510925293,8937300
2011-09-23,51.3524402584267,51.99181172168159,50.306887832382735,50.75068664550781,7114400
2011-09-26,51.4201581325092,51.60068370296429,49.64497376308836,51.4803352355957,6157000
2011-09-27,52.93958359687501,53.75195713269695,51.9165959752037,52.262611389160156,5059800
2011-09-28,52.572840917072064,53.20843377414178,50.9233186990836,51.01411437988281,4949200
2011-09-29,52.10371186955708,52.26261009339168,50.038023413969,51.48324966430664,4434200
2011-09-30,50.57525860579438,50.65092938413932,48.85007108033567,48.85763931274414,6281900
2011-10-03,48.350663398861606,48.97869373055904,46.63304171767678,46.701141357421875,7637000
2011-10-04,45.95204849040661,48.138799570455774,45.3391516904177,48.032867431640625,8600000
2011-10-05,48.22960388768828,50.28772114549689,47.74533811706355,50.060726165771484,5073200
2011-10-06,49.773189366644225,50.86278370435499,48.86519793379774,50.37095260620117,5691600
2011-10-07,50.756850591717864,50.862782731093986,49.18299341688895,49.71265411376953,5400200
2011-10-10,51.271389087503216,52.648512900233676,51.08978615605093,52.49717712402344,4711700
2011-10-11,52.69389418334253,54.75958213956344,52.0885628145151,54.237483978271484,7753500
2011-10-12,54.51746474149521,55.18332479984057,52.74687378552002,53.76080322265625,6456600
2011-10-13,53.56405354225725,54.07858345162469,51.76320174590499,52.81496047973633,8142500
2011-10-14,53.639716699659644,54.146678362530885,52.663622973507174,54.01804733276367,4189700
2011-10-17,53.79104899595164,54.01804969488737,52.34582891618808,52.640926361083984,3774900
2011-10-18,52.57283763210169,53.412726491358676,51.83887513620211,53.06466293334961,6713900
2011-10-19,53.132771931651,53.74566590484659,51.982643208497535,52.292877197265625,4385200
2011-10-20,52.49716761801056,52.69390120502521,51.28651049189835,52.3988037109375,4571900
2011-10-21,53.329483653587474,54.65364074707031,52.890618774259416,54.65364074707031,5678500
2011-10-24,55.79621889529716,56.75718225896725,55.508689595791466,56.40911865234375,5347600
2011-10-25,55.81136950982183,56.43939434358347,54.22994352938724,55.32710647583008,4444200
2011-10-26,55.992934167293335,56.204798399943236,54.668776940364104,55.93996810913086,3941500
2011-10-27,58.14945887241222,59.587117464218444,58.14945887241222,58.8228874206543,6253000
2011-10-28,58.39157317339414,59.768697028227265,58.39157317339414,59.52656555175781,4644900
2011-10-31,58.32347923134589,58.78504328277037,57.40791936112342,57.43061828613281,3905500
2011-11-01,54.94877802516361,56.97663173360217,54.29804846233751,55.765968322753906,6488100
2011-11-02,56.787452191997936,57.21118081682353,55.334657614409586,56.045921325683594,5008500
2011-11-03,56.85555712417887,57.53655377818611,56.03836113937019,57.3019905090332,4442200
2011-11-04,56.98417394834411,57.407908300738306,55.53895353010961,57.044708251953125,3087200
2011-11-07,56.7798649392701,57.51382732773609,56.023203635345176,56.86309814453125,3369500
2011-11-08,57.06740869372578,57.50627374728575,56.37128150227353,57.2263069152832,5699500
2011-11-09,55.80379840965174,56.62099440235995,54.77473807206446,55.0698356628418,5151700
2011-11-10,55.78863308658859,56.14425900310494,54.78227230022056,55.675132751464844,3584300
2011-11-11,56.08376187481761,57.99054663490848,56.03835825164325,57.34738540649414,3620400
2011-11-14,57.43059143789059,57.93755310233421,56.09886598883111,56.5225944519043,3463300
2011-11-15,56.50746252223581,57.98294965427902,56.356132581004225,57.75595474243164,3367600
2011-11-16,57.15066445427211,59.41308160498074,57.0976983595355,57.831661224365234,4978400
2011-11-17,58.08134288883643,58.33103681594101,56.219956146325636,56.764747619628906,4210300
2011-11-18,57.17335221320532,57.24902299621898,55.99296189093119,56.19725799560547,3089000
2011-11-21,55.115207247841916,55.34977618033639,54.1164145459609,54.994144439697266,3830800
2011-11-22,54.53258299812264,54.78228262789543,53.35975560218474,54.41908264160156,5891500
2011-11-23,57.18089595540915,57.49112986885481,55.682703995618326,56.53773498535156,12085500
2011-11-25,56.477200412339236,57.12792960878528,55.705408406692946,55.72053909301758,2278200
2011-11-28,57.60461959006604,57.92998416246724,57.196021817315646,57.884586334228516,5387300
2011-11-29,57.937565888495755,58.37643090659827,57.30953551150786,57.38520050048828,4495600
2011-11-30,59.21633785311059,60.00326660215672,59.17850246433277,59.965431213378906,6284400
2011-12-01,59.51142614574809,60.09405294126369,58.959060729098894,59.57196044921875,3341400
2011-12-02,60.14700190977377,60.305900081547215,58.149416646240134,58.78501510620117,5226900
2011-12-05,59.753583816338434,59.753583816338434,58.64129003650275,59.125553131103516,3554100
2011-12-06,59.13310759339193,59.79896775017033,58.45211097119236,59.30713653564453,3512300
2011-12-07,58.724483155838,59.965407209124876,58.28561822232087,59.70814514160156,4639400
2011-12-08,59.43575960200244,60.13188675514444,58.051067753803245,58.1721305847168,4023500
2011-12-09,58.07377400376698,59.473596717687784,58.07377400376698,59.27686309814453,2838200
2011-12-12,58.61856127120726,58.70179448943574,57.506268057488974,58.240230560302734,3203800
2011-12-13,58.55046635664376,58.875831041254536,56.416681100528905,56.916080474853516,5101400
2011-12-14,56.28807024191452,56.98419770502661,55.41034556513651,55.849205017089844,4542600
2011-12-15,56.71178024628124,56.83284886394127,55.53895832026421,55.781089782714844,3765500
2011-12-16,56.219942314034625,57.12793365234181,55.47084339841965,55.728111267089844,4979300
2011-12-19,56.12915498296153,56.54532115182392,55.44815842158197,55.6600227355957,3251000
2011-12-20,56.47719790581464,58.07375368055574,56.36369755838013,57.99052047729492,3360000
2011-12-21,58.07376152765636,58.550456123852754,57.180900858922286,58.202392578125,3802900
2011-12-22,58.24780619088856,59.087695164759445,58.24780619088856,58.8380012512207,3037700
2011-12-23,59.367656154377784,59.541690826416016,58.921228673764105,59.541690826416016,2301700
2011-12-27,59.32981344498918,59.64760979554342,59.17847772601045,59.35251235961914,1712000
2011-12-28,59.42101217459447,59.595955575077156,58.409362760657515,58.508243560791016,2416600
2011-12-29,58.531041530679474,59.20800830525687,58.40934257282408,59.01784896850586,2102700
2011-12-30,58.86569992058703,59.49703005504545,58.83527374267578,58.83527374267578,1481200
2012-01-03,60.1816204135524,60.843371097155405,59.96863711203253,60.32613754272461,3317300
2012-01-04,60.18923139800088,61.68768790555652,60.18923139800088,61.20848846435547,4381900
2012-01-05,61.193270361449365,62.18210120339588,60.942264455098716,62.09843063354492,3498500
2012-01-06,62.37224750830287,62.80581046007401,61.718099082374344,62.600440979003906,3839500
2012-01-09,62.84386162105875,63.11008354001357,62.539605512309265,62.92753219604492,3501300
2012-01-10,63.726187329416845,63.893528451492536,62.85906133611701,63.703369140625,4850400
2012-01-11,63.444750115338756,64.39554659252678,63.216556639533174,64.27384185791016,3591400
2012-01-12,63.490376313866925,64.54005336730248,62.874262152415646,64.22819519042969,4715900
2012-01-13,63.80225920705469,64.51726017731785,63.26220738173765,64.39556121826172,3036100
2012-01-17,64.7378337396644,65.14097053452153,64.45639588136724,64.58570861816406,3729300
2012-01-18,64.57048922747815,65.58213806152344,64.13692627048746,65.58213806152344,3322500
2012-01-19,65.64298398054623,66.27430836243354,65.16377889401426,66.12979125976562,3736700
2012-01-20,65.82553775920923,66.24388469772504,65.71904902553605,66.20585632324219,2626800
2012-01-23,66.31996599974889,66.86001776971784,65.93203936380992,66.09938049316406,4021500
2012-01-24,65.04973126882123,65.87882935040538,64.2586731953899,65.73430633544922,5341700
2012-01-25,65.69620946297513,66.92083530492997,65.01924310353412,66.75349426269531,5457100
2012-01-26,67.09582204927156,67.61305569560493,66.46449163622297,66.67747497558594,5098800
2012-01-27,66.48730162343912,67.18708646715254,66.2438921440243,66.928466796875,3370200
2012-01-30,66.04616400561267,66.63185240247213,65.67344740440686,66.48733520507812,3101700
2012-01-31,66.86000754754588,67.08059302040557,64.93559646059875,65.52889251708984,4364400
2012-02-01,66.38080008313912,66.63181172994719,65.79511204378774,66.11457824707031,2868400
2012-02-02,66.25150749063236,66.88283784069772,65.99289359486703,66.49491119384766,2638000
2012-02-03,67.16425575181056,67.68148919269011,66.87520995051885,67.24031829833984,4070800
2012-02-06,66.71550087549514,67.0882115498827,66.26672762720024,66.7991714477539,2810700
2012-02-07,66.57857783522394,67.0273568322171,66.01570789282731,66.89044189453125,2110900
2012-02-08,67.13385490879502,67.50656558968927,66.82959880465168,67.31640625,3060800
2012-02-09,67.46853122892277,67.65869056812853,66.677473484645,66.88284301757812,3479100
2012-02-10,66.35038447888115,66.61660633410605,65.69623603278502,66.59378814697266,2779300
2012-02-13,67.58263032661391,67.67390890173728,66.93608971163074,67.45332336425781,3735500
2012-02-14,67.38487337152996,68.22918146118803,66.86003744245863,67.73477172851562,4420900
2012-02-15,66.3199635253816,66.66224796577957,63.923955032990776,64.10650634765625,11666300
2012-02-16,64.09128659999215,64.09128659999215,62.767773807200655,63.216552734375,9176600
2012-02-17,63.64254292653433,63.984833308703976,63.30786634802687,63.794673919677734,4364400
2012-02-21,64.06086597803848,64.46400276593863,63.72618375267172,64.03804779052734,3709300
2012-02-22,64.18255183815033,64.67696707858114,63.9391482156121,64.1749496459961,2516200
2012-02-23,63.939174486771506,64.21300440003755,63.47518523391531,63.969600677490234,2771900
2012-02-24,63.9924129977534,64.19778831545884,63.201349521262394,63.33826446533203,2964000
2012-02-27,63.087246703225965,63.77181549159825,62.51676884411515,63.42953109741211,2512600
2012-02-28,63.475172439276605,63.96958778319263,63.26980294732449,63.3838996887207,2515100
2012-02-29,63.6805511851361,63.88592068821673,62.69932844108056,63.079647064208984,3176300
2012-03-01,63.132865608971315,63.703343310257196,62.950314369455626,63.19371795654297,2905200
2012-03-02,63.04162065378699,63.2469959853925,62.319017502025076,62.58523941040039,2674900
2012-03-05,62.448319953044205,62.50156433087908,61.24651164968351,62.242950439453125,3946600
2012-03-06,61.07915845109559,61.36059045022341,59.85453231599271,60.25006103515625,5799000
2012-03-07,60.706442112098884,60.8357548231795,59.93820285713888,60.25006103515625,4118600
2012-03-08,60.75208628262745,61.29974011107296,60.15878447954406,61.14000701904297,4843700
2012-03-09,61.23890532170313,61.53555337864629,60.812944524573254,60.98028564453125,3542500
2012-03-12,61.063953596224806,61.063953596224806,60.090338907003286,60.44023132324219,2878300
2012-03-13,60.782532126845524,62.242954414909306,60.60758298667013,62.1136474609375,4713300
2012-03-14,62.30380379326419,62.3950765548702,61.55076869080233,62.060394287109375,3493400
2012-03-15,62.31901615376998,62.44071510787904,61.69529378055514,62.09843063354492,3251200
2012-03-16,62.25054132725173,63.323042490097926,62.227723141353025,63.30022430419922,6215700
2012-03-19,62.96554324564353,63.77181677910732,62.87427050039163,63.25458908081055,3044000
2012-03-20,62.88949268061092,62.97316324851165,62.19730994674155,62.668907165527344,3169100
2012-03-21,62.744954025234044,62.859050753185606,62.10602163382637,62.3646354675293,3777700
2012-03-22,61.74092090503114,61.8321994593276,60.54672071819227,61.17805099487305,4120600
2012-03-23,60.9650781718504,61.80938600332355,60.706458483146015,61.48991394042969,3047900
2012-03-26,62.61566083030983,63.13289441426562,62.44071170201808,62.965553283691406,5006500
2012-03-27,63.14810123283566,63.391504917975695,62.60804948778124,62.676509857177734,3750600
2012-03-28,62.80656392546189,62.81421463553229,61.16201140724,61.46797561645508,3994800
2012-03-29,61.12375240508392,61.705077820378456,60.80248686572821,61.5673942565918,3636000
2012-03-30,62.09519276435788,62.47764652471097,61.57505541684644,61.881019592285156,4211700
2012-04-02,61.66683999681308,63.27314445582239,61.58269971143721,62.86774444580078,3509700
2012-04-03,62.85243721568419,63.104858048465275,62.11812684050475,62.53117752075195,3251400
2012-04-04,61.896279274704455,62.401120746734136,61.628562964890776,62.11810302734375,2958000
2012-04-05,62.44704242911132,63.67854386440245,62.3093588575949,62.592376708984375,4210200
2012-04-09,61.39144070112855,61.63621072064382,60.63417852931586,60.7718620300293,5828100
2012-04-10,60.48886745281372,60.61124957966976,58.071757712779835,58.52305603027344,8861700
2012-04-11,59.37976497533628,59.91520370742895,58.89787536865567,59.31857681274414,5668800
2012-04-12,59.66278613115635,60.96312657149728,59.517451835950986,60.68775939941406,3769200
2012-04-13,60.442970080297286,61.29966832602479,60.32058795135299,60.78718185424805,3772500
2012-04-16,61.36851578744054,61.567387485431446,60.36648324728186,60.86367416381836,3081600
2012-04-17,61.45266741235845,62.14873605737606,61.07021365200537,61.881019592285156,2925300
2012-04-18,61.674469176156066,62.39348385521912,61.590328912189996,61.91159439086914,3095600
2012-04-19,61.88101017191061,62.33995344731143,60.82543421913032,61.49090576171875,2858800
2012-04-20,61.6668327839638,62.24051329763674,61.590337380183435,61.88865661621094,3114900
2012-04-23,61.07785377066662,61.32262390141955,60.45062994587598,61.184940338134766,3593300
2012-04-24,61.33790331344438,62.11810600165554,61.26905863860854,61.94218063354492,2759200
2012-04-25,62.707106604614566,62.707106604614566,62.026333699800304,62.2940559387207,3304000
2012-04-26,62.339934265769536,63.01305047352578,62.03397023105176,62.95186233520508,2848300
2012-04-27,63.1813362972859,63.59438690352126,62.722393124506304,63.403160095214844,2554000
2012-04-30,63.44140068950616,63.464346970209654,62.64589655570733,62.99775314331055,2458800
2012-05-01,63.655575104735064,64.17571220954673,62.921264927785394,63.74736022949219,3397100
2012-05-02,63.43376186967522,63.84681250706718,62.97481866227733,63.81621551513672,2849400
2012-05-03,63.89270274008461,64.19101610577088,62.8600791022645,63.097198486328125,2843000
2012-05-04,62.775956727953755,62.775956727953755,61.30733576512143,61.72038650512695,3384100
2012-05-07,61.345557504601835,61.80450651117205,60.85601734432071,61.36085891723633,2434700
2012-05-08,60.96311518460206,61.71272697654275,60.17526152554794,61.60564041137695,3873200
2012-05-09,60.52711145703069,60.96310837674003,59.8616458529256,60.46592330932617,4027500
2012-05-10,61.03960463182632,61.45264943669944,60.335885483429436,60.39707946777344,3361700
2012-05-11,59.99935345092827,61.001380530117004,59.8540191408358,60.48124313354492,3258600
2012-05-14,59.861659428501106,59.999343004674564,58.790787817794275,59.15029525756836,4249500
2012-05-15,59.08144326889998,59.54038652097948,58.21710004688725,58.60720443725586,4402300
2012-05-16,58.50775577448073,58.69133772206538,56.641385993605084,56.740821838378906,8328500
2012-05-17,57.11562085719102,57.35274606430351,54.96623343115755,55.81528091430664,6058400
2012-05-18,56.159506999147354,57.00090407824159,55.80765025100907,55.98358154296875,4040900
2012-05-21,56.320141528477755,57.926452072719655,56.258953358886345,57.605186462402344,3858200
2012-05-22,57.842298306293124,58.155907298191245,56.94735223449171,57.314510345458984,3748600
2012-05-23,56.878518879570635,58.24770392573237,56.17480542082919,58.09471893310547,3386900
2012-05-24,58.30890256217822,58.63016231858485,57.062099575134354,57.880550384521484,2775900
2012-05-25,57.964695259192816,58.43894005787851,57.199787682089124,57.475154876708984,2534800
2012-05-29,58.07174910091411,58.90550092433126,57.926420711560525,58.354766845703125,2924700
2012-05-30,57.91877102013669,58.34711716177883,57.68165166826743,57.98760986328125,3531500
2012-05-31,57.29154604874307,57.52866539508962,56.00650181796792,56.503692626953125,5148700
2012-06-01,54.82854180824618,55.432819124668235,54.40784056397193,54.706153869628906,5336500
2012-06-04,54.77501697884441,54.77501697884441,53.16871267644084,53.994808197021484,3767500
2012-06-05,53.90301228176993,55.04272239613537,53.780624326407214,54.80560302734375,2903800
2012-06-06,55.14981051622733,56.235977390125846,55.0121269803966,56.22833251953125,3188700
2012-06-07,57.02383674480003,57.70460371758002,56.09064898370052,56.22833251953125,2951900
2012-06-08,55.822922293285345,56.847894998171476,55.50165687858286,56.84024429321289,3574800
2012-06-11,57.521040017240736,57.60518030669192,55.39459816190561,55.48638916015625,2896100
2012-06-12,55.69289472046198,56.74847045496671,55.36398437121154,56.64902877807617,2626000
2012-06-13,56.518998644412584,56.90910299255656,55.769392775501586,56.04475402832031,3021100
2012-06-14,56.098318573721166,57.375718655166615,55.70821991345509,57.146244049072266,3646200
2012-06-15,57.521016389853315,57.98761022668555,57.29919844781172,57.6357536315918,4118200
2012-06-18,57.36805293652739,57.65107076522844,56.9091096801912,57.283912658691406,3479800
2012-06-19,57.82699672795113,59.65512489824885,57.75815786496477,58.920814514160156,3782300
2012-06-20,58.65309936374377,59.55569032453243,58.36243665411974,58.7907829284668,3042500
2012-06-21,58.867253742157004,59.39504154470604,57.32214386221566,57.4139289855957,2706500
2012-06-22,57.59750831620921,58.255328904511465,57.390980126325985,57.773433685302734,3574000
2012-06-25,57.283904077328266,57.452184607791125,56.411910270183704,56.916751861572266,3031000
2012-06-26,57.15388825479558,58.415986773126384,56.93206438368936,58.13296890258789,4600100
2012-06-27,58.548557118254756,60.32625192302997,58.44850982430355,60.08768844604492,5240700
2012-06-28,59.62589309239765,60.5801519573504,59.22571604265606,60.210758209228516,4127400
2012-06-29,61.58829960051503,62.242428820590604,61.111172952875016,62.234737396240234,4880500
2012-07-02,62.33478898772488,62.373269601059015,61.49596563315938,61.91152572631836,3375800
2012-07-03,62.18089805362299,62.88889694213867,61.88076796237571,62.88889694213867,1989400
2012-07-05,62.4579117239349,63.45834291747601,62.18855921863895,63.08895492553711,2799900
2012-07-06,62.173187734870574,62.334795760060736,61.642185744018704,62.10392379760742,2624000
2012-07-09,61.79607918362638,62.096209099546144,61.280466110224495,61.97307586669922,2715200
2012-07-10,62.10390923047757,62.642608392738396,60.095343590744974,60.487823486328125,4481000
2012-07-11,60.68020396917459,60.84181192764935,59.69516162914816,60.149208068847656,4238400
2012-07-12,60.1568904291581,60.68019482737292,59.25650085131211,60.22615432739258,3482200
2012-07-13,60.20308558780072,60.20308558780072,58.756299316438344,59.625911712646484,5452900
2012-07-16,59.302669769641405,59.63358291402991,57.97132577037472,59.08719253540039,3469400
2012-07-17,58.07139056682822,59.071827697395726,57.05556471530095,58.4407844543457,6071500
2012-07-18,58.0944693025201,58.440777129534325,57.60194809510586,58.22529983520508,4319300
2012-07-19,58.409994355284155,58.58699104668364,57.79433990471802,58.24838638305664,3701400
2012-07-20,57.86362664773052,58.95640815086111,57.67892671690299,58.394622802734375,3233000
2012-07-23,57.30952392764396,58.28686919165354,57.07865200886788,57.832828521728516,2811700
2012-07-24,57.87900054504319,57.97135048679797,56.35526466964845,56.84778594970703,3550400
2012-07-25,57.48652466700995,57.763568640404664,56.062830058425426,56.74005126953125,3484400
2012-07-26,57.678915698474185,58.009829005511136,56.84009235698353,57.740482330322266,3563200
2012-07-27,58.04830118672954,60.69560725850392,57.894390500782045,60.1030387878418,5698000
2012-07-30,60.687912024577315,60.911086636704574,59.379653535628876,59.50278091430664,3805000
2012-07-31,59.50278264094045,60.2261758273568,58.95639203869798,59.11800003051758,3494700
2012-08-01,59.74134209207987,62.17317084989925,58.87173556279996,59.66438674926758,11282500
2012-08-02,59.25652712094362,60.0260924082286,58.29457051183739,58.802486419677734,3864300
2012-08-03,59.81829206155706,60.187679986145,59.464286982797084,59.64898681640625,3804900
2012-08-06,59.98761973224206,60.78796844146988,59.695186998056464,60.35701370239258,2385600
2012-08-07,60.5647894502556,61.32666335842755,60.5647894502556,60.77257537841797,2506400
2012-08-08,60.457062994642996,61.44980318095748,60.28775764749062,60.92649841308594,2412700
2012-08-09,60.87260101846046,60.9264703430704,60.218471827820814,60.54938507080078,2746400
2012-08-10,60.333923064530765,61.103488394763765,59.548963139755294,61.08040237426758,5904100
2012-08-13,61.265091531730256,61.81148216813487,60.964961546540636,61.38052749633789,3088600
2012-08-14,61.826864485426874,61.86534509341553,61.44208189080615,61.66525650024414,3615100
2012-08-15,58.57159289453916,58.59467890523708,56.75541901631197,57.79433059692383,18927300
2012-08-16,57.940573231443594,58.132964560062554,57.18639663987762,58.10987854003906,9385700
2012-08-17,58.75630728817664,59.25652588877386,58.5408299516282,59.21035385131836,5687200
2012-08-20,59.25653547908465,60.0107121503802,58.91792482609668,59.94144821166992,4939700
2012-08-21,60.21079660684118,60.811056692936816,59.510495130169,59.75675582885742,4729500
2012-08-22,59.618220265638975,59.76443954051024,58.956393687497375,59.27960968017578,3622200
2012-08-23,58.971770076242166,59.07181729446996,58.37151025213793,58.57929611206055,3119100
2012-08-24,58.486963755648404,59.271917791094566,58.05600905942835,59.00257110595703,3769300
2012-08-27,59.07182340095119,59.21803678904274,57.80973700664591,57.925167083740234,4171600
2012-08-28,57.63272930418102,57.67890133090724,56.74003685001845,56.801597595214844,7335200
2012-08-29,56.68617798059024,57.255654610041915,56.28600077078987,57.194087982177734,4241400
2012-08-30,56.87086606897493,57.60195061692987,56.79391072781907,57.355690002441406,3185300
2012-08-31,57.90207381542563,58.209901015522824,57.23255596687838,57.802032470703125,3157600
2012-09-04,57.70199909353861,57.78664586072085,56.655389991480455,57.0401725769043,3704300
2012-09-05,56.89396760567993,57.794357672606786,56.74005688137916,57.578880310058594,3636800
2012-09-06,57.93288616149541,59.32579774777235,57.89441141176993,59.287322998046875,4307200
2012-09-07,59.402741369335416,60.75717193280621,59.3180887252039,60.19539260864258,4231500
2012-09-10,59.371953352816575,60.14151851391254,59.25651740438894,59.40273666381836,3453100
2012-09-11,59.595140750377105,60.44935873231684,59.387354824328256,60.21848678588867,3127100
2012-09-12,60.318520087437754,60.795652639548734,60.2030900009983,60.6340446472168,3121000
2012-09-13,60.803358633455694,62.073142607778095,60.33392331039518,61.84996795654297,4237000
2012-09-14,61.980786473578675,63.17360909856578,61.980786473578675,63.10435104370117,5590800
2012-09-17,62.98121336682015,63.21978257213757,62.111606801497175,62.35017013549805,3901800
2012-09-18,62.41943068593685,62.75034394005938,62.1808673648193,62.573341369628906,3343500
2012-09-19,62.53486706631248,63.273648921506556,62.38095051024104,63.08895492553711,2720900
2012-09-20,62.58872906504479,63.55837683384254,62.29629057840671,63.327510833740234,3378600
2012-09-21,63.49682250190366,63.904691094122036,62.881168030163664,63.643035888671875,4143800
2012-09-24,63.51993804142764,64.2202396040015,63.44298266452003,63.83545684814453,4168800
2012-09-25,62.950442680916176,64.18174596303199,62.742656765964554,62.83500671386719,4547000
2012-09-26,62.718921175044144,63.299365281039584,62.17716980003206,63.00527572631836,3602400
2012-09-27,63.43089276233348,63.77142165432675,62.99749664858147,63.539241790771484,2845600
2012-09-28,63.46190326146204,64.35191893933839,63.160072730512056,63.82564926147461,4426900
2012-10-01,64.3209426342581,64.73886307289368,63.701799931557446,63.926239013671875,3450500
2012-10-02,64.14294413824808,64.32869051193369,63.4386749945851,63.63215637207031,4000500
2012-10-03,63.593443509125045,63.67083486189036,62.87369270970228,63.39222717285156,3074600
2012-10-04,63.655377433498636,64.18164705150299,63.299372383757955,64.10425567626953,2679000
2012-10-05,64.44475824930959,64.81624499776039,63.84883835600278,64.06553649902344,2548600
2012-10-08,63.748219683507095,64.16613999241179,63.415431617411535,64.05778503417969,1579400
2012-10-09,63.88757143875001,64.24357656636437,63.175555278936564,63.252952575683594,3270200
2012-10-10,62.64926036184296,63.2451862415682,61.72055222005131,62.83500671386719,5243900
2012-10-11,63.56249126173014,64.22806758108499,63.34579309349037,63.74823760986328,3380300
2012-10-12,63.79469591830158,64.1352251170023,63.407733066899674,63.80243682861328,2765200
2012-10-15,64.0190919752401,64.52987952478249,63.79465296399645,64.4137954711914,1948000
2012-10-16,64.76979651565058,65.50502303295431,64.62274885035777,65.44310760498047,2843000
2012-10-17,65.65983666844294,66.53437626347679,65.55922847896618,66.4105453491211,3432300
2012-10-18,66.19383009255017,67.43210939403366,66.13191465133063,67.22315216064453,4042000
2012-10-19,66.9058551712718,66.9058551712718,65.59792512934996,65.77592468261719,3826700
2012-10-22,65.65981871133916,66.73558029570275,65.5746923617293,66.47244262695312,2680100
2012-10-23,65.55148793179664,66.02358296235826,65.1490492670896,65.806884765625,2346400
2012-10-24,65.87656345219341,66.01587032652034,65.1335954239781,65.24967956542969,2179500
2012-10-25,65.69080405872657,65.93846001927979,64.71566203537668,65.54376220703125,2228100
2012-10-26,65.50506311752447,66.45699421525266,65.15679895507337,66.14742279052734,2737000
2012-10-31,66.58853768289491,66.85941037391045,65.64434781314205,66.12418365478516,2415800
2012-11-01,66.27123937010484,67.48630218598662,65.67531932475187,67.23091125488281,2812300
2012-11-02,67.54817243468722,67.71843687785562,66.2092855035522,66.24797821044922,2566700
2012-11-05,65.18772971707149,66.58853260126673,65.18772971707149,66.47244262695312,1516900
2012-11-06,66.85943364453175,67.26187827232556,66.5498622165174,66.63499450683594,2201600
2012-11-07,65.4740821558706,66.38731428729511,64.62276546834173,65.11033630371094,3135100
2012-11-08,65.04069860057709,65.68305817153683,64.60730221755983,64.69242858886719,2673800
2012-11-09,64.36737800945828,65.64435617791622,64.23581210056898,65.23417663574219,2485600
2012-11-12,65.35025552676302,66.94453978714097,65.19546692092241,66.30992126464844,2560400
2012-11-13,65.89974470274237,67.25411406461195,65.79139562615934,66.31766510009766,3389300
2012-11-14,66.57305915803573,66.83619685986527,65.44312880213737,65.58243560791016,3199300
2012-11-15,65.78367972518096,66.371864867772,65.45863237187437,66.08551025390625,3134400
2012-11-16,66.24803037264813,66.44151177321345,65.34253883510254,65.97715759277344,3781600
2012-11-19,66.68140241809837,67.06836504335313,66.4414815753253,66.75105285644531,3886300
2012-11-20,66.73556622786815,66.9367825093753,65.9074665790468,66.54981994628906,4556600
2012-11-21,64.35965252866505,65.2651440185218,63.508329687346645,64.10425567626953,10601600
2012-11-23,64.71564614212197,65.10260885449026,64.50668297087694,64.98651885986328,2198700
2012-11-26,64.67694478836474,65.4431292733407,64.42928889905016,65.36573791503906,3609200
2012-11-27,65.19544406109075,65.97711000890669,65.12579364132057,65.31927490234375,3188500
2012-11-28,65.00973171093185,65.41217030922152,64.56859448193381,65.21868896484375,2886800
2012-11-29,65.55148494753318,65.77592404238436,65.17226312051423,65.6753158569336,2069800
2012-11-30,65.78367358646523,65.78367358646523,64.83948344437319,65.04844665527344,2706400
2012-12-03,65.14901906782424,65.55145754598442,64.31317849251433,64.40605163574219,2090100
2012-12-04,64.5531446270918,64.89366791552159,64.1971336137127,64.62279510498047,2870100
2012-12-05,64.97877455442381,65.55147768549766,64.52989641444982,65.19547271728516,3010400
2012-12-06,65.10262717572577,65.6830714076273,64.94010349934342,65.57472229003906,1999200
2012-12-07,65.73723323998189,66.16288871822087,65.52827005038462,66.116455078125,2805800
2012-12-10,65.83008666060735,66.51114472973553,65.70626167822692,66.38731384277344,3094700
2012-12-11,66.36411099960786,66.71237510949275,65.73723323998189,66.116455078125,3098300
2012-12-12,66.36409023119056,67.29279816996954,66.33313251262045,66.75105285644531,2900900
2012-12-13,66.59625974486511,66.71234379060779,65.84555142463499,66.20929718017578,2511800
2012-12-14,66.17058422268208,67.09155681653318,66.17058422268208,66.50337219238281,2241300
2012-12-17,66.61173793805688,66.9290500862027,66.33312440954167,66.84391784667969,2289800
2012-12-18,66.94453857973807,67.44759120662927,66.64270818451963,67.22315216064453,3281600
2012-12-19,67.07612124627053,67.3856926252412,66.60402622187141,66.62724304199219,2627800
2012-12-20,66.85940218341915,67.1612325599444,66.31765686775361,67.13801574707031,2179000
2012-12-21,66.44145990341947,66.88259691613638,66.10093691938236,66.70459747314453,3403200
2012-12-24,66.36412172154233,66.86717455399267,66.27124852176287,66.63499450683594,878000
2012-12-26,66.82846368819814,67.49404007008924,66.6814218628381,66.96002960205078,2000700
2012-12-27,67.21677131566733,67.53577956418334,66.135265681184,66.86664581298828,1760000
2012-12-28,66.37649459777032,66.57879246302412,65.73848373302624,65.78517150878906,1662400
2012-12-31,65.76180087388856,67.30236632182839,65.59063221179949,67.24011993408203,2093700
2013-01-02,68.44608841165812,68.6950679171681,67.84697758093311,68.4616470336914,3479400
2013-01-03,68.52391779276054,68.98297744408045,68.09598133272857,68.29049682617188,2377900
2013-01-04,68.60950447220284,69.34088462058506,68.54725809018271,68.99075317382812,2696300
2013-01-07,68.61726942842202,69.08410530341548,68.54724078229589,68.93627166748047,1859400
2013-01-08,68.74954893533813,69.1541385054124,67.85477657643138,68.22046661376953,2173700
2013-01-09,68.5939536113969,69.47316159644909,68.45390220406499,69.29420471191406,2569200
2013-01-10,69.5898686791923,69.97111740528828,69.09190946335289,69.95555877685547,2364800
2013-01-11,69.91665265376788,70.52354007144035,69.65210848372432,69.72991943359375,3284900
2013-01-14,70.44573892714708,70.8036467588658,69.59764820335124,69.91665649414062,2169000
2013-01-15,69.59763602915756,70.02557245752116,69.48093149064141,69.81549835205078,1736100
2013-01-16,69.70658371208077,69.97112792434544,69.4653863501883,69.68324279785156,1483700
2013-01-17,70.01000704474112,70.212298849321,69.78436839857979,70.1033706665039,2029000
2013-01-18,70.29012137407187,70.77252197265625,69.99445993786081,70.77252197265625,3189600
2013-01-22,70.80365178410575,72.23528321258969,70.77252858746792,72.0952377319336,4206500
2013-01-23,71.74508861786764,72.27417095860511,71.50389132328512,72.18080139160156,2594000
2013-01-24,71.86182383312944,72.90442431097895,71.86182383312944,72.54651641845703,2820500
2013-01-25,72.36755602124917,72.96666121341619,72.24306323858752,72.7254638671875,2805200
2013-01-28,72.91220184090848,73.1378405720317,72.36756072174417,73.13005828857422,2608400
2013-01-29,73.04444371050386,73.99368010909303,72.9666387134036,73.95478057861328,2896200
2013-01-30,74.11041426791566,74.38273481290518,73.52686769887696,73.86921691894531,3040500
2013-01-31,73.48796064122874,73.83030985394313,73.04446549573171,73.18451690673828,3276700
2013-02-01,73.81476747852291,74.00150075560325,73.51132367721341,73.64359283447266,2564400
2013-02-04,73.15338103639306,73.23119197935891,72.40644228582465,72.47647094726562,2593400
2013-02-05,72.90442828677142,73.20787208037383,72.56208494350986,72.6632308959961,2358500
2013-02-06,72.35976573997799,72.65542716190444,71.90848835692557,72.11856842041016,2537100
2013-02-07,72.22751314275249,72.39868777106582,71.1926890251443,71.7139892578125,2365600
2013-02-08,71.63618783301202,72.35200364549212,71.39499044614546,72.21195220947266,1607000
2013-02-11,72.25081891666663,72.70987252737359,72.07186209152331,72.53870391845703,1769000
2013-02-12,72.46092665346679,73.14562515178902,72.25863476636538,73.114501953125,3186400
2013-02-13,72.89662508479711,73.06001737991981,70.43016422262846,70.55465698242188,8046200
2013-02-14,70.3834983856051,71.14600187210428,70.1345187456316,70.46908569335938,3178400
2013-02-15,70.38349329703682,70.63247291900964,69.65211306042933,69.83106994628906,5019500
2013-02-19,70.02560663477861,70.53134831436974,69.6754809760624,70.31349182128906,3394900
2013-02-20,70.2979101072063,70.32125102060922,68.58617584804132,68.64842224121094,4206200
2013-02-21,68.29051394263917,68.29829622644715,66.98336926162922,67.73809051513672,4729300
2013-02-22,68.10379049165243,68.69511948720692,67.50468514731335,67.79256439208984,3627600
2013-02-25,68.08821821563146,69.06079587180663,66.46984757108167,66.56321716308594,3419000
2013-02-26,67.00670671838772,67.79254512466233,66.67213979527097,67.3023681640625,2876400
2013-02-27,67.2323648914867,68.55506840143633,67.01450246534088,68.32942962646484,2596700
2013-02-28,68.43834992778314,68.74179370879942,68.20493483107862,68.33720397949219,2894400
2013-03-01,68.25938614484097,68.74956309851423,67.20122128371003,68.38387298583984,2798700
2013-03-04,68.08040073877724,68.46164932079523,67.62912351492092,68.44609069824219,2603700
2013-03-05,69.27863425908338,70.52353214726833,69.27863425908338,70.11116027832031,4610300
2013-03-06,70.76477138411593,70.84258237135903,69.25533439714708,69.45762634277344,2885400
2013-03-07,69.5898779229623,70.26678816833393,69.5898779229623,69.84663391113281,2185500
2013-03-08,70.36015580221527,70.92036146289752,70.01003023236022,70.71028137207031,3437600
2013-03-11,70.71028488974746,71.19268555180946,70.36794158596628,71.14600372314453,2061400
2013-03-12,71.3015897596851,71.34827157262625,70.50796925898055,70.68692016601562,1883000
2013-03-13,70.60915288492026,71.1071122761042,70.17343990167036,71.06820678710938,1892200
2013-03-14,71.37162817196369,71.89292827487323,71.03706128248677,71.73731231689453,2619100
2013-03-15,71.27826330290716,71.97073803723896,71.270481020459,71.76844024658203,3510600
2013-03-18,70.96703211042846,71.69841226734938,70.80363980782434,71.441650390625,1966400
2013-03-19,70.31347564442952,71.28605329059829,69.97112641341239,70.46908569335938,3684300
2013-03-20,69.3331210868917,69.51985434730418,67.800337647987,68.26717376708984,6174000
2013-03-21,67.82366084628828,68.44611279992097,67.41907123172628,67.60580444335938,2853300
2013-03-22,67.9793044466345,68.77292537090841,67.94039895765833,68.25162506103516,2693600
2013-03-25,68.78068775372422,68.78068775372422,67.24790453543469,67.59803009033203,2928300
2013-03-26,67.8093447312398,68.33372304526759,67.51193747205853,68.29459381103516,2148300
2013-03-27,68.01285607451304,68.48244881500537,67.62152779557015,68.44331359863281,2009900
2013-03-28,68.58415587821399,68.73286245663556,66.6431719813075,67.29277801513672,5264200
2013-04-01,67.4571353380207,67.4571353380207,66.42402946103182,66.58838653564453,2254800
2013-04-02,66.74496007015023,66.846709259133,65.50836109461048,65.77446746826172,3206300
2013-04-03,65.82140721893158,66.7449420823637,65.61009260164907,66.36927032470703,4029300
2013-04-04,66.4553554013509,67.34758318758307,66.33012751567902,67.06582641601562,3160400
2013-04-05,66.19708536773508,67.15192721222856,66.07185746692514,67.0580062866211,3044900
2013-04-08,67.14410055168392,67.86414308465758,67.08931483659234,67.68413543701172,2288400
2013-04-09,67.85631822776004,68.2319959865254,67.41803248519663,67.84066772460938,1835000
2013-04-10,68.02067190014225,68.38069313453234,67.62151545652068,68.16937255859375,2174600
2013-04-11,68.22414438486778,68.70156517860033,67.9345653917861,68.54503631591797,1777100
2013-04-12,68.23982921313892,68.46680033818895,67.0188808862769,67.41803741455078,1997300
2013-04-15,66.95628367520581,66.95628367520581,64.89007044633277,64.92137145996094,3073100
2013-04-16,65.54747039436302,66.27534105072431,64.99178509323471,65.10135650634766,2820900
2013-04-17,64.45957524983018,64.77263897331682,63.84910427318787,64.61610412597656,4601200
2013-04-18,64.61612653506889,65.03876181266811,64.17001251502458,64.62395477294922,2763300
2013-04-19,64.99960202808754,65.64137989525403,64.54565998343016,65.32048797607422,2236700
2013-04-22,65.43009424600966,65.85272955032517,64.4596016793572,65.60227966308594,2597000
2013-04-23,65.95443558357756,66.69013432500186,65.82138546218596,66.35359191894531,2491400
2013-04-24,66.52582238945782,67.16760067248471,66.29885122005602,66.61974334716797,2089700
2013-04-25,67.03452477255362,67.95805960360703,66.89364637557277,67.3319320678711,2048000
2013-04-26,67.25365718738436,67.53541393764444,66.84667853211637,66.90928649902344,1685800
2013-04-29,67.12062867880564,70.17299047620239,67.07366522449782,69.52338409423828,4463500
2013-04-30,69.85989024176851,70.43905412598154,69.55465481825134,69.89119720458984,3646300
2013-05-01,69.5076963937228,69.7346674121273,68.56068309215482,68.69373321533203,2279600
2013-05-02,68.88158493317579,70.31384147185597,68.77201352521541,70.07904815673828,2311300
2013-05-03,70.87736009505252,71.61305900545358,70.66604549908324,70.86170959472656,2696100
2013-05-06,70.56430697336307,71.58175675510216,70.29037244443839,71.32347869873047,1834700
2013-05-07,71.58171695095666,71.80085967528287,71.21386767604139,71.79303741455078,1856500
2013-05-08,71.84787802546262,72.49747846315648,71.50350721184469,72.27833557128906,2123300
2013-05-09,72.04352763623666,72.59921299167492,71.80872831593554,72.1530990600586,1960200
2013-05-10,72.27831838579559,72.60703264543889,71.33913308075915,72.23918914794922,2965200
2013-05-13,72.22352894733538,72.77921425410086,72.0983070330192,72.45832824707031,2764000
2013-05-14,72.38789489244569,73.47578690285138,72.23136598767168,73.38969421386719,3663100
2013-05-15,69.82862664643294,70.90869066418219,69.3120703958596,70.15734100341797,11631900
2013-05-16,69.85991148137795,70.6973535850812,69.7033766196798,69.96165466308594,4182600
2013-05-17,69.33552647887956,69.47640486742944,67.72325623195988,68.067626953125,7289000
2013-05-20,68.0754686785572,69.20249003908896,67.89545504649693,68.90508270263672,4218900
2013-05-21,68.83462848782862,69.06942779799934,68.24763618359633,68.55287170410156,3446500
2013-05-22,68.74069451914862,68.78765197971114,67.3866966847318,67.95803833007812,6007900
2013-05-23,67.1128105917489,68.50593853260598,67.03454611765964,68.23200988769531,3682900
2013-05-24,67.91892325313103,67.91892325313103,67.16757380557918,67.5354232788086,2869700
2013-05-28,68.24765487301946,68.59985393472422,67.54326869200219,67.57456970214844,3096100
2013-05-29,67.30060779747667,68.58416354178183,67.27712906587976,68.36502075195312,3216500
2013-05-30,68.56068793531036,68.96767253885182,68.28675943553829,68.4119873046875,2024000
2013-05-31,68.41982955011973,69.24162126063358,68.17720794677734,68.17720794677734,2829900
2013-06-03,68.49027644153958,69.21814727272807,68.17721262693887,69.147705078125,3371900
2013-06-04,69.01466198616738,69.49208300895114,67.68414810144965,68.20852661132812,3254200
2013-06-05,67.9267347690883,68.07544136324358,67.19103600372196,67.23017120361328,2442600
2013-06-06,67.0971401623887,67.38671922765442,66.61971924964833,67.37889099121094,2910300
2013-06-07,67.9189574691968,68.14592866215364,67.26935087947872,67.94243621826172,2983200
2013-06-10,68.28675726469734,68.33371472853878,67.23800076428336,67.4649658203125,2504100
2013-06-11,66.75275061748367,67.1127717669791,66.28315807341109,66.71361541748047,2463100
2013-06-12,67.21454122450012,67.32411266194629,65.63357764763724,65.99359893798828,3266600
2013-06-13,66.00922799904234,67.20669712705478,65.75877822749325,66.99537658691406,2160700
2013-06-14,66.8701688073885,66.94060502151336,66.12664159929969,66.43187713623047,1991900
2013-06-17,66.65884724887482,66.7840751448606,65.92315425913996,66.37709045410156,2674100
2013-06-18,66.20492576577647,66.74496078633649,66.15014003696578,66.52581787109375,2295200
2013-06-19,66.71360841436218,67.46495760024568,66.52577261068944,66.58838653564453,2881600
2013-06-20,65.96228158569338,66.0248955318708,64.67089730895815,64.8743896484375,4365200
2013-06-21,65.33613868828145,65.50831802721625,63.966490411967676,64.545654296875,4798300
2013-06-24,63.26211053634818,63.708224391139666,62.22117621810347,63.39516067504883,5733800
2013-06-25,64.1778210670493,64.65524192097531,63.825628096012636,64.53001403808594,4159100
2013-06-26,65.02619493006846,65.08132165669446,64.45917373713677,64.6954345703125,2822200
2013-06-27,65.11279434637626,65.48293334871336,64.75053230384802,65.32542419433594,2564400
2013-06-28,65.08130033438525,65.75857475867639,63.97876015472334,63.986637115478516,5233000
2013-07-01,64.48276505440742,64.70327785449332,63.81336771999231,64.03387451171875,2984100
2013-07-02,64.06538746834715,64.55365688366686,63.40386697826289,63.711002349853516,2209200
2013-07-03,63.5456322742147,64.18352799170196,63.443249795256975,63.78188705444336,1195300
2013-07-05,64.34890614155438,64.45128260897063,63.45112478617732,64.13627624511719,1338200
2013-07-08,64.14412784894581,64.60089535045273,63.98662471453075,64.06537628173828,2091700
2013-07-09,64.53002090387312,66.43583647351562,64.11263218910575,66.08145141601562,5978500
2013-07-10,66.11293824895456,66.15231703148342,64.98677356391758,65.26241302490234,3156100
2013-07-11,66.10507336640813,66.59333666777155,65.44354701103043,66.34920501708984,2945600
2013-07-12,66.33346341383084,66.3492113247697,65.61681029473756,66.1050796508789,3067500
2013-07-15,66.31772076054165,66.59335431149437,66.01846233498739,66.48310089111328,1623700
2013-07-16,66.60124985087566,67.0895194261665,66.08935539439311,66.12085723876953,3051400
2013-07-17,66.45157370032402,66.74296106207014,64.89227248797943,65.8373031616211,3825800
2013-07-18,65.9160783460326,66.37284593899064,65.7349503060269,65.88458251953125,1897200
2013-07-19,65.86096797006697,66.34923751897364,65.60108828263867,66.19173431396484,2487600
2013-07-22,66.37284527261384,67.08949848971777,66.37284527261384,66.76660919189453,2772600
2013-07-23,66.93984172507609,67.33360549992948,66.04993775691645,66.07356262207031,2838000
2013-07-24,66.14444821879779,66.1995749161117,64.89228209051346,65.04190826416016,3685700
2013-07-25,64.74265284218632,65.39630228878389,64.30951620319584,65.28604888916016,4132600
2013-07-26,65.01042652804144,65.30180798767107,64.78991368265486,65.21517944335938,1960900
2013-07-29,65.1757860897211,65.70342814158818,65.08915757274485,65.38053894042969,1815500
2013-07-30,64.6009050370414,65.44355955006874,64.07326284843818,65.34906005859375,4000900
2013-07-31,65.85306448736537,66.81384317671912,65.37267213850892,65.419921875,3795600
2013-08-01,65.9475724991644,66.03420103285403,64.97891672552197,65.40418243408203,3486500
2013-08-02,65.38841457079229,65.91605661194322,65.30966301378386,65.67980194091797,2411200
2013-08-05,65.67982908327508,65.74283275826171,65.10493106365409,65.20731353759766,3038600
2013-08-06,64.9552870500408,64.97891191959792,63.86061802423119,63.94724655151367,4814100
2013-08-07,63.78976401629274,64.1992759070393,63.514130435178586,63.78188705444336,3178200
2013-08-08,64.09686852776119,65.08915494963495,64.03386488007047,64.82926940917969,3413300
2013-08-09,63.837024002238806,64.65605392336457,63.39601020177201,64.37254333496094,4649900
2013-08-12,64.20714480502987,65.86095209237249,64.06538955135133,65.66407012939453,5020300
2013-08-13,66.05782053827076,66.61696447771003,65.90031740346176,66.08145141601562,4346300
2013-08-14,66.19958042308672,66.30196287544334,64.1835113154841,64.84503173828125,8433400
2013-08-15,63.97087727109404,66.66422054441168,63.78974325767186,66.43583679199219,7705500
2013-08-16,66.19170289931331,66.54608794657265,65.97119010524962,66.23895263671875,4293900
2013-08-19,66.09719022372967,66.99497118689597,66.09719022372967,66.56182861328125,4178800
2013-08-20,66.54609331927142,66.5618412302249,65.5223048648618,65.56168365478516,3408500
2013-08-21,65.4356661711514,65.52229468884101,64.90015316486476,64.9789047241211,2766700
2013-08-22,65.28605015040095,66.07357788198996,65.18366769994414,65.56168365478516,3214700
2013-08-23,65.74282752614033,65.83732702273842,65.12855075644943,65.75857543945312,2467700
2013-08-26,66.08933060839094,67.47538119931973,66.04995782395854,66.75872802734375,3970600
2013-08-27,66.12869998968644,66.86897792863685,65.68768641330372,65.74281311035156,2933200
2013-08-28,65.75070263808912,66.62485908708568,65.64832617417784,66.2468490600586,2708200
2013-08-29,66.27836072518285,66.64849384576041,65.82159303379531,65.9948501586914,1889300
2013-08-30,65.93180857872778,66.16019229314986,65.65617513316958,65.86880493164062,2055700
2013-09-03,66.39646691098393,66.74298106574095,65.71132157017293,66.1995849609375,2473700
2013-09-04,66.19959108779517,66.88474250037811,66.15234133808629,66.53035736083984,2243700
2013-09-05,66.05780589492531,66.16805926652312,64.95527217894718,65.0103988647461,4033400
2013-09-06,65.08916479247627,65.67193360084579,64.69540094740184,65.05766296386719,2743000
2013-09-09,65.36478584985574,66.5460771603953,65.36478584985574,66.05780792236328,2546200
2013-09-10,66.51460474785326,66.8768668555934,66.23897118852497,66.29409790039062,2276400
2013-09-11,66.25471386713497,66.68785657496721,65.89245178802095,66.39646911621094,2080200
2013-09-12,66.34134306466653,66.40434673340336,65.34906231968388,65.51444244384766,3904100
2013-09-13,65.72706047665739,65.77431021551914,64.93165582511428,64.9631576538086,3948400
2013-09-16,65.66406986965208,65.96333429754561,65.38055936341644,65.79007720947266,3664400
2013-09-17,65.93971174692005,66.097214918885,65.74282977778341,65.92395782470703,1556500
2013-09-18,65.67194464203929,66.76660783471934,65.45931477362853,66.5539779663086,2913200
2013-09-19,66.73509763202684,67.20761306463174,66.67997093169558,67.01860809326172,2082900
2013-09-20,67.01862436954251,67.08162804475361,65.86095737307328,66.01058959960938,3797400
2013-09-23,66.01847725593687,66.29411086918601,65.67196299450244,66.16023254394531,2274000
2013-09-24,66.26260354950928,66.83750161679228,66.02634275290275,66.35710906982422,2197100
2013-09-25,66.48309211344471,67.12099368526923,66.36496174767277,66.6563491821289,2575600
2013-09-26,66.9574319044268,67.12381456971065,65.50751804937448,65.8244400024414,3392800
2013-09-27,65.42826156261248,65.84818040483587,64.90533965320009,65.26187896728516,3267600
2013-09-30,64.75482887092599,65.35697388758626,64.32698517290967,64.48544311523438,3863100
2013-10-01,64.37452501869768,65.26982392898955,64.32698884224531,65.14305877685547,2952500
2013-10-02,64.82612107429128,65.5312690626143,64.73104269971061,65.20642852783203,2505600
2013-10-03,65.02419568932204,65.49957546682441,64.88950586057304,65.0400390625,3410400
2013-10-04,65.14304947532518,65.51543225711985,64.88951316247514,65.40451049804688,3081700
2013-10-07,64.92120431618923,65.65012044161074,64.92120431618923,65.33319854736328,1833100
2013-10-08,65.46791248602233,66.07006370226078,65.1113790017461,65.13514709472656,2396500
2013-10-09,65.11136462602207,66.04628102713916,65.032135651985,65.44412994384766,2980200
2013-10-10,66.09384394635812,66.11761204370826,65.23023750377894,65.69769287109375,3613500
2013-10-11,65.4599501486726,65.5946399488976,64.88949211856608,65.2143325805664,3833000
2013-10-14,64.84988634239635,65.9511851098386,64.76273268067516,65.84026336669922,3603100
2013-10-15,65.71352676274833,66.32359661471291,65.09553219861208,65.25399017333984,3040100
2013-10-16,65.86403165675321,65.86403165675321,65.30149823054104,65.73726654052734,2739300
2013-10-17,65.63427062921218,66.52957542845833,65.58673446103356,66.27603912353516,2234100
2013-10-18,66.37113937607334,66.97329062032841,66.11760296451092,66.70391082763672,2804100
2013-10-21,66.82273154353976,67.00496361897063,66.39489388689576,66.68804168701172,2027700
2013-10-22,66.9891258831566,67.14758384008702,66.68012863579375,66.981201171875,2388800
2013-10-23,66.08588146872253,66.9494873388168,66.04626396954428,66.6167221069336,2568600
2013-10-24,66.89406166421182,66.98914008539764,66.41868164785254,66.77521514892578,1613500
2013-10-25,66.4503211815948,66.55331818838458,65.6738631430271,66.19678497314453,2768800
2013-10-28,66.14134756097995,66.5612664883725,65.99873301537662,66.1334228515625,1883100
2013-10-29,66.01457479817188,66.03834288106916,65.20642975575448,65.48373413085938,3025900
2013-10-30,65.61052708868974,65.72937359837668,65.02422529762798,65.13514709472656,2992000
2013-10-31,65.21434746771689,65.75311283638695,64.84196472167969,64.84196472167969,2893700
2013-11-01,64.84197539566145,64.90536098941732,64.39828832893616,64.68351745605469,3165900
2013-11-04,65.0321287663959,65.15097523725967,64.65182126858835,64.80236053466797,2256700
2013-11-05,64.60427971683882,65.04796672333784,64.47750854653503,64.8102798461914,2484600
2013-11-06,64.84989130332475,65.27773493592686,64.78650571817286,64.8102798461914,3769600
2013-11-07,64.72311262360209,65.19849232312387,64.54880532332858,64.62010955810547,3579300
2013-11-08,64.4854171541548,65.11133605048083,63.98626939647837,64.57257080078125,5590800
2013-11-11,64.5488214195344,65.00835786306938,64.43789966347869,64.85781860351562,2561100
2013-11-12,64.65181960284562,65.11135605446161,64.5646659294432,65.0638198852539,2618600
2013-11-13,64.63595890112225,65.65010387090854,64.63595890112225,65.6342544555664,2382000
2013-11-14,65.87198784901464,65.95914155266699,65.34114695933907,65.64221954345703,2447600
2013-11-15,65.87990201946127,66.0859021992013,65.59467286129312,65.6263656616211,4738700
2013-11-18,65.9353589559235,66.83065784357584,65.76897629776421,66.28397369384766,4488000
2013-11-19,66.07797299687181,66.11758446100185,64.98459261661198,65.61051177978516,5361700
2013-11-20,67.5833400885916,67.73387330706599,66.69595997353485,66.96533966064453,8696700
2013-11-21,67.08417344409466,67.1871765183332,65.92741386066402,66.43448638916016,4858700
2013-11-22,66.42660334441877,67.40906227377447,66.3236062503605,67.16344451904297,3526300
2013-11-25,66.99704653511877,67.45658308653245,66.79105239396128,67.09212493896484,2618600
2013-11-26,67.0287334180493,67.25850167346859,66.40281424875883,66.42658233642578,2205300
2013-11-27,66.65636013689156,67.34566500185637,66.31567006038493,66.39490509033203,1584500
2013-11-29,66.53752846438506,67.0208271511093,66.48998623118447,66.74352264404297,1264200
2013-12-02,66.75934508978365,66.8940349323842,66.34734480740465,66.45034790039062,2083600
2013-12-03,66.17301992269569,66.20471270869314,65.12718216390303,65.53125762939453,2528800
2013-12-04,65.38867686890659,68.70842386725226,65.21436947833226,67.64673614501953,11464400
2013-12-05,67.34565535383722,67.76557435534878,66.894043553844,67.23473358154297,3427800
2013-12-06,67.86066612249623,68.01912410134494,67.29020772698573,67.59920501708984,2583800
2013-12-09,68.1617229435855,69.25510329715696,67.93987940656608,69.08871459960938,4939400
2013-12-10,69.1362400267103,70.42768947200425,69.1362400267103,69.75423431396484,5907900
2013-12-11,69.5403181236479,69.64332121415927,68.94609184374004,69.15209197998047,3873100
2013-12-12,68.96985544927038,69.38184961410771,68.65293360605169,68.803466796875,2497500
2013-12-13,68.99362413807093,69.35015743684755,68.72423845328608,69.0728530883789,2353200
2013-12-16,69.39772134212961,70.66540923298355,69.38980267528008,70.41187286376953,4249700
2013-12-17,70.3484847128912,70.57825298366878,69.85725537073395,69.96025848388672,3097800
2013-12-18,70.11077662428056,70.88723495977283,69.74631856306006,70.8396987915039,3559400
2013-12-19,70.80008128809159,70.98230729631067,70.3722376393243,70.8396987915039,2517800
2013-12-20,70.95852137470652,71.45767519518282,70.94267800419368,71.37052154541016,4404800
2013-12-23,71.60824693505832,71.9806298128484,71.38640335972399,71.81424713134766,2271900
2013-12-24,71.93308738978698,72.3846992131869,71.84593370064105,71.9885482788086,1051300
2013-12-26,72.1707525458563,72.55898469664126,72.00436992899776,72.19452667236328,1971500
2013-12-27,72.41763720913038,72.67260059302772,71.9953546744385,72.26625061035156,2014000
2013-12-30,72.29808932798635,72.52118142886698,72.11483770746462,72.36183166503906,1659100
2013-12-31,72.48933092374952,72.89567472690688,72.26623269917845,72.76819610595703,1850900
2014-01-02,72.46542574477961,72.74429701641874,71.81208183065236,71.91566467285156,2462000
2014-01-03,72.07503433411472,72.7044765592627,71.78819974850786,72.23439025878906,2419600
2014-01-06,72.55306546668757,72.66461153691367,71.31012006770823,71.63679504394531,2914500
2014-01-07,71.78021692633789,72.34592275397935,71.62883642488987,71.95550537109375,2293500
2014-01-08,71.5093150735117,71.86785516882055,70.96751723425935,71.1826400756836,2901400
2014-01-09,71.2782856355431,71.66073384403487,70.45762223350505,70.89584350585938,3136500
2014-01-10,71.13482497375792,71.62881900897725,70.64083701734293,71.51727294921875,3681900
2014-01-13,71.45357085851994,72.4096822175682,71.26234980247185,71.31812286376953,2812100
2014-01-14,71.61290733619329,72.1547052927045,71.15875361373584,71.46949005126953,3467800
2014-01-15,71.56507347565758,72.11484051624318,71.4694599663545,71.54914093017578,4435500
2014-01-16,71.79615889556514,71.90770498763483,71.35793776328703,71.57306671142578,2436000
2014-01-17,71.75631252177955,71.81208556324525,71.18264347881491,71.19061279296875,3241600
2014-01-21,71.46949434681204,71.62885027230881,70.72054277280175,71.21453094482422,2277500
2014-01-22,71.3818359933573,71.41370717215484,70.48149798784817,70.64085388183594,2269300
2014-01-23,70.23449230483102,70.69661520256051,69.88391547499418,70.01936340332031,2719100
2014-01-24,69.66879616203867,69.8600171339444,67.9557584919528,68.16291809082031,4671300
2014-01-27,69.11104340787108,69.15885319866989,68.18680386274423,68.52941131591797,3365500
2014-01-28,68.60113536053942,69.27041790275037,68.52942977323393,68.99154663085938,2097800
2014-01-29,68.40992519475517,69.05529989773011,68.21073487123884,68.4656982421875,2400100
2014-01-30,68.78441407837965,69.15889291420146,67.96375079756531,68.98360443115234,1997600
2014-01-31,68.29835729959659,69.15089136897215,68.21071309892024,68.48957824707031,3384900
2014-02-03,68.35413840628344,68.78439014804319,67.40599071173112,67.54940795898438,3381800
2014-02-04,67.47772434462202,68.05139352041417,66.74469924288371,67.81236267089844,3013800
2014-02-05,67.35020882223716,67.65298190375246,66.45784036001332,67.48565673828125,3157500
2014-02-06,67.68485089843693,68.48161197353944,67.4856606296613,68.06729888916016,3198500
2014-02-07,68.33024601897745,69.22261472223269,68.31430738995881,68.9676513671875,2085400
2014-02-10,69.06328163034668,69.82817188072029,69.00750857288634,69.6050796508789,3844000
2014-02-11,69.66881323651278,70.16280137490321,69.38197866895406,69.68474578857422,3674000
2014-02-12,69.25448082785412,70.07514387682107,68.56130248647312,69.2385482788086,5472500
2014-02-13,68.56132584845028,68.73660826289955,67.86017187542316,68.40196990966797,4414300
2014-02-14,68.09918416518717,68.65691460174492,67.94779758434755,68.39398193359375,2716800
2014-02-18,68.51348394422824,68.58519560280135,67.49363072882379,67.80436706542969,3450400
2014-02-19,67.39804424412203,68.11513072345781,67.08730778287772,67.15901947021484,2876200
2014-02-20,67.55737985684287,67.99559484996615,67.15899927465519,67.8203125,3241400
2014-02-21,67.85219331161865,68.07528549671588,67.46974522373328,67.47771453857422,2225800
2014-02-24,67.67692240320525,68.00359145069916,67.49366458719084,67.56537628173828,2659300
2014-02-25,67.54943642378579,67.62114811703367,66.9279634500729,66.96780395507812,3002300
2014-02-26,67.10325607668335,67.45383309012553,66.88812706250458,67.20683288574219,1884900
2014-02-27,67.22274254527152,67.95576136759978,67.06338666293578,67.70079803466797,2711700
2014-02-28,67.42990612838004,69.09514039395587,67.37413308094771,68.4656982421875,3316600
2014-03-03,68.22668273526644,69.68475768957039,67.96375606910627,69.286376953125,5401000
2014-03-04,69.65288743083616,69.66882606463896,68.72864727092724,69.02344512939453,3301200
2014-03-05,68.91985541191096,69.48555522976581,68.44976914253547,69.2544937133789,2267600
2014-03-06,69.44570645338452,70.44165791528731,69.29431988595759,70.2982406616211,3797700
2014-03-07,70.72849531496274,71.10297408474565,70.39385704023142,70.75240325927734,2841400
2014-03-10,70.53727381911037,70.5771143138835,69.76441441943749,70.52930450439453,2499400
2014-03-11,70.61691884024881,71.44555093459029,70.44163654233343,70.9993667602539,3434500
2014-03-12,70.61695209606222,70.95955969950225,70.36995803735185,70.78427124023438,2468700
2014-03-13,70.88786745387412,70.88786745387412,69.780369520386,70.09907531738281,2302500
2014-03-14,70.05921558527022,70.43369433805424,69.42977348062561,69.47757720947266,2881700
2014-03-17,69.75645849614153,70.22654477395253,69.62100444699676,69.70864868164062,1893400
2014-03-18,69.5015027710108,70.1150064023562,69.47759482172093,69.8520736694336,1542000
2014-03-19,69.66880128445226,70.1070162972396,69.111064797079,69.54928588867188,2366200
2014-03-20,69.42181532822111,70.0353249814953,69.17482125105728,69.77239227294922,1940700
2014-03-21,70.28229060438657,71.58100891113281,70.01935800229059,71.58100891113281,6953100
2014-03-24,70.84797770666025,70.93562189188728,70.14683030364722,70.52130889892578,3975100
2014-03-25,70.7284842939172,71.34199378079919,70.5213307725851,70.99141693115234,2784600
2014-03-26,71.02330441912052,71.38981390120172,70.36996037213986,70.3779296875,2592600
2014-03-27,70.3298279204916,70.7385314874137,69.56049600650663,70.40996551513672,2211700
2014-03-28,70.53017393424845,71.15525572310189,70.51414274708958,71.12319946289062,2038400
2014-03-31,71.32356597216211,72.91031765815488,70.77862162803521,72.76606750488281,5349300
2014-04-01,72.9103103186836,73.71169861972203,72.81414152148028,73.23887634277344,3952000
2014-04-02,73.13471773451731,73.72774352483168,72.95039568549718,73.6476058959961,2714000
2014-04-03,73.51134912837547,74.02423713505445,73.42319592902996,73.77580261230469,2387500
2014-04-04,74.09634110006377,74.36080063369555,73.53537189003198,73.59146881103516,2501100
2014-04-07,73.48729149479358,73.583460274638,72.62179693261946,73.0465316772461,2924600
2014-04-08,73.07860366345751,74.8817274033481,73.07860366345751,74.16047668457031,4401500
2014-04-09,74.27267923161143,75.03399578723797,73.96815383218252,74.83364868164062,2846900
2014-04-10,74.98587802224856,75.8032911259093,74.16044932630626,74.32072448730469,4369100
2014-04-11,73.88801557435406,74.43295998652793,73.07060201314768,73.73575592041016,3575200
2014-04-14,74.25665922643103,74.49707210110728,73.69568362396872,74.08035278320312,3000200
2014-04-15,74.16047970501853,74.29671425908415,73.48731030203949,74.00019836425781,2718700
2014-04-16,74.72947539333971,74.7615316660755,74.1925465817603,74.64933776855469,1996200
2014-04-17,74.52910626218896,75.12213184737898,74.36081546561235,74.84966278076172,2104300
2014-04-21,74.51308841233502,74.72946056773934,74.28068506668882,74.62528228759766,1354600
2014-04-22,74.63328391185352,74.99391228504037,74.21656472104777,74.80157470703125,2032100
2014-04-23,74.69738540980364,75.31445768179331,74.56916649083435,74.98588562011719,2021600
2014-04-24,75.33851651528336,75.37057278128276,74.47301567562225,75.24234771728516,2351800
2014-04-25,75.02595774384073,75.07403907436552,74.12038525825011,74.64128875732422,2254000
2014-04-28,75.00194113239682,75.15420689244573,74.03226185410914,74.34480285644531,2931600
2014-04-29,75.09005082011397,75.62698541014284,74.72141308526605,75.11409759521484,2395100
2014-04-30,75.05802481104341,75.46672840757202,74.67335576913217,74.80157470703125,2906800
2014-05-01,74.64930926162663,75.033972159344,74.07230880094403,74.70540618896484,2205700
2014-05-02,74.79358378840686,74.88974648716915,74.26466448878024,74.46501159667969,1766900
2014-05-05,74.07233035740265,74.35281507572016,73.78383004310227,74.28069305419922,1783800
2014-05-06,74.10438999301442,74.50508421284115,73.98418050424468,74.34480285644531,1442100
2014-05-07,74.5050774973809,75.93956340875731,74.5050774973809,75.75524139404297,2812800
2014-05-08,75.72316902254039,76.04372552416156,75.13014346871059,75.55487823486328,1866800
2014-05-09,75.46673938599353,75.96360236363705,75.01796386690125,75.60297393798828,2247200
2014-05-12,75.5868932362996,75.83532148524738,74.9297555180318,75.04996490478516,2699900
2014-05-13,75.11411311389449,75.37856655359019,74.45697508312081,75.0179443359375,3370200
2014-05-14,74.12037139790341,74.70538730435128,72.96637688236054,73.48727416992188,5258800
2014-05-15,72.99847382033353,73.39115857829391,72.5176419544182,73.09464263916016,3015700
2014-05-16,72.98240977150122,73.71167583479526,72.91028778147292,73.14268493652344,3795900
2014-05-19,72.8141385913539,72.95037312966238,72.44550072140353,72.66187286376953,2445600
2014-05-20,72.53366630831844,72.80613543147116,71.82844059830752,72.08488464355469,2742500
2014-05-21,72.17303892179325,72.21311078831064,71.53193185627377,72.10893249511719,2490100
2014-05-22,71.80437197437504,72.52562248154308,71.80437197437504,72.11691284179688,1657800
2014-05-23,72.22913586645257,72.22913586645257,71.71624776839361,72.10893249511719,1931200
2014-05-27,72.34931760401822,73.08659319794971,72.31726134592041,72.8622055053711,2829400
2014-05-28,73.07858998231794,73.35907462208057,72.67789589291228,72.85420227050781,1909700
2014-05-29,72.88629834813948,73.09466111788463,72.38944127719935,73.00650787353516,1513100
2014-05-30,72.81413264862131,73.16674541462454,72.65385745358716,73.06256103515625,1768400
2014-06-02,73.15871744661015,73.47125830393846,73.04652360624132,73.07056427001953,1941100
2014-06-03,72.69390982752641,73.03850693617755,72.44548148667523,72.79808807373047,1589600
2014-06-04,72.70192542003615,73.06254759960113,72.66986916410283,72.79808807373047,1431000
2014-06-05,73.08657384821743,73.39911463929307,72.77403305714178,73.16671752929688,1888900
2014-06-06,73.20680202295291,74.06428704902883,73.20680202295291,73.96812438964844,2756700
2014-06-09,74.0883477478318,75.15419568095396,74.01622573379427,74.52911376953125,2817100
2014-06-10,74.28068598931765,74.5210988189633,73.80786369703144,74.08834838867188,1793400
2014-06-11,73.73573883899479,73.75977950962154,73.03051322537043,73.2629165649414,2233900
2014-06-12,73.11865309940085,73.40715332255047,72.21308669091287,72.5015869140625,2352900
2014-06-13,72.49357132061213,72.83015287625123,72.36535239593806,72.5015869140625,1785500
2014-06-16,72.38138352680143,72.49357738807136,72.09288327950534,72.42145538330078,1672200
2014-06-17,72.41345767689843,72.66188612906247,71.94063533265742,72.60578918457031,1441500
2014-06-18,72.46153319795819,73.10264632411756,72.13296715352975,73.07860565185547,1554900
2014-06-19,72.93434511917185,73.61552389740679,72.83016073539355,73.3911361694336,1817500
2014-06-20,73.63154058698461,73.81586255060515,73.45524033087297,73.759765625,2796600
2014-06-23,73.19880448207851,74.1204022510942,73.19880448207851,73.23887634277344,2375300
2014-06-24,73.11866914528554,73.51936330824715,72.5256434960525,72.62982177734375,2042900
2014-06-25,72.36536511136728,72.9824314051313,72.10090550799379,72.71797180175781,2810500
2014-06-26,72.89545242492234,73.11326481222417,72.58890006191851,72.935791015625,1827300
2014-06-27,72.82283308710366,73.30687148250021,72.74216207280553,73.26653289794922,5211400
2014-06-30,73.31495801958046,74.17815107721505,72.71798493467203,73.04874420166016,3243800
2014-07-01,73.25849033746117,73.25849033746117,72.3065572543318,72.66958618164062,3464900
2014-07-02,72.8228356023405,73.02451622245364,72.58889149923684,72.88737487792969,1785900
2014-07-03,73.45207851641726,73.81510114207981,73.21812827695337,73.71829223632812,1798200
2014-07-07,73.38754274664865,73.68602611604834,72.86317191971973,73.2423324584961,2135800
2014-07-08,73.21008396905269,73.41983359137298,72.66958124500202,72.70185089111328,3261500
2014-07-09,72.67765259086603,72.7905994429463,71.33042701995164,71.92740631103516,4591400
2014-07-10,71.290082455971,71.7660458628927,70.89478392789783,71.0884017944336,4364900
2014-07-11,70.94318792304044,71.49982233577072,70.32200806988843,71.41915130615234,3823800
2014-07-14,71.95157903284195,71.97577972216119,71.37073786996388,71.40300750732422,3242200
2014-07-15,71.27394073756757,71.8628509458179,71.21747040155493,71.44335174560547,3072800
2014-07-16,71.46755683259917,72.21780914563665,71.24167547466193,72.16133880615234,3632600
2014-07-17,71.66119735921797,71.79833877635612,70.44304404539665,70.53178405761719,4071000
2014-07-18,70.80603300682165,71.18519357671077,70.64469096443685,70.6930923461914,2834200
2014-07-21,70.50754494720024,71.03997857568064,70.34619676068802,70.70115661621094,2590800
2014-07-22,71.16098316245203,71.74182428335868,71.03997356979589,71.31426239013672,2389300
2014-07-23,71.37882688620319,71.44336002426338,70.49142699631093,70.54789733886719,2974000
2014-07-24,70.33815033801135,70.66890342643413,70.06386143450437,70.16873931884766,3273300
2014-07-25,70.09613059968768,70.14453198917313,69.2894079493013,69.51528930664062,3398300
2014-07-28,69.37816151732075,69.4830332666747,68.72471801210268,69.38623046875,5173400
2014-07-29,69.24098205566406,69.74921492981564,69.12804141696371,69.24098205566406,3803500
2014-07-30,69.34587406665862,69.4265450958247,68.57949005737339,68.9183120727539,2744200
2014-07-31,68.57142389726071,69.10386379006361,68.19226327447173,68.66016387939453,3906000
2014-08-01,68.7489036603282,69.0796567388365,68.21646376908353,68.53915405273438,3549700
2014-08-04,68.56334901345451,68.79729929566764,68.27292839793509,68.78923034667969,2312300
2014-08-05,68.5068693628077,69.78956126603227,68.45039903718171,68.80535888671875,4468800
2014-08-06,68.45849119972696,69.12000359058422,68.45849119972696,68.90219116210938,2825800
2014-08-07,68.98281365694325,69.45877677725926,68.7649952269533,68.869873046875,2593600
2014-08-08,68.95058638508357,70.1848710638514,68.82150780583196,70.16873931884766,2718700
2014-08-11,70.24133372397439,70.49948469944815,69.91058067171338,70.3139419555664,2178800
2014-08-12,70.1042105780808,70.33816092207373,69.50723744622671,69.76538848876953,5172600
2014-08-13,68.98284115217267,70.16872418536111,68.06317801517021,68.15998077392578,9515900
2014-08-14,68.25676951342923,68.55525895924654,67.3613073307796,68.48265075683594,6386700
2014-08-15,68.66822328750473,68.69242397839572,67.66788292877817,68.41007232666016,4553200
2014-08-18,68.74082170678132,69.52334349629118,68.6440127935581,69.46687316894531,3225800
2014-08-19,69.62015742470903,69.62015742470903,69.07964864711477,69.1441879272461,2101700
2014-08-20,69.21681456567617,69.64437663935695,69.07160422416138,69.27328491210938,2755600
2014-08-21,69.26520993789535,69.87025194912448,68.86991754723789,69.54756164550781,2217200
2014-08-22,69.1119065420193,69.32972503674446,68.32938482912425,68.37779235839844,4225800
2014-08-25,68.52302250875327,68.85377558822957,68.44234532150053,68.66016387939453,2210800
2014-08-26,68.54721828870763,68.78116857439662,67.74856466156574,67.84536743164062,3716000
2014-08-27,67.8857036134157,67.96637463721704,67.49041128842583,67.64368438720703,3453700
2014-08-28,67.42586487710257,67.85342679735875,67.11124360918562,67.74048614501953,2295600
2014-08-29,67.82924799524966,67.85344869215939,67.33714664206549,67.83731079101562,2382100
2014-09-02,67.77278049065885,68.23261221562919,67.38555085945984,67.57916259765625,2790200
2014-09-03,67.90183824354696,67.9663775272542,67.03864532707847,67.0951156616211,3042200
2014-09-04,67.20806448615086,67.77277405490725,66.96605137508864,67.04672241210938,3421100
2014-09-05,67.05477121205989,67.10317258876643,66.61107140957076,66.7885513305664,3524200
2014-09-08,66.78855623007078,67.15964783991906,66.52233632904782,66.90149688720703,3573500
2014-09-09,66.63527981645433,66.87729903762823,66.3045267793081,66.3529281616211,3068800
2014-09-10,66.34483704544346,66.54651761076687,65.9979462268951,66.13509368896484,4466800
2014-09-11,65.93344572421626,66.29646845937282,65.84470573921257,66.2157974243164,4086900
2014-09-12,66.03830643530587,66.36099667649358,65.87696439211422,66.11090850830078,2640800
2014-09-15,65.89308383835245,66.79661511411126,65.78821214532819,66.6998062133789,3513300
2014-09-16,66.47393494879063,67.2725884970553,66.31258675659299,66.90149688720703,4223200
2014-09-17,67.03863274680401,67.72434558180115,66.95796173471088,67.41779327392578,5249900
2014-09-18,67.44199659509246,67.93409778931759,67.39359521690767,67.88569641113281,3647900
2014-09-19,68.13579363154314,68.17613222558113,67.44201166676582,67.47428131103516,5150100
2014-09-22,67.2645338757987,67.57109242886776,67.08706005878645,67.5549545288086,3902100
2014-09-23,67.5146303867985,67.64370282910915,67.15160144851185,67.21614074707031,4384100
2014-09-24,67.21613981918722,67.67597154415755,67.01445913008082,67.57916259765625,4107600
2014-09-25,67.57917601456455,67.58724496707651,67.01447243487505,67.06287384033203,5515700
2014-09-26,66.95721248672248,67.52602126749403,66.95721248672248,67.30662536621094,2877200
2014-09-29,66.79468551925483,66.99783238056588,66.63217051002607,66.908447265625,3782500
2014-09-30,66.90843538230816,67.0953331893223,66.59965443979466,66.62403106689453,3821200
2014-10-01,66.47780124737643,66.85159086507745,66.1527711099338,66.26653289794922,4625100
2014-10-02,66.23401511583995,66.46153864539856,65.7789618571715,66.39653015136719,4115800
2014-10-03,67.29036099645879,67.4041227371479,66.64841620282739,66.7621841430664,3422900
2014-10-06,67.03032347306892,67.39599147142633,66.8596808869884,67.31472778320312,2662700
2014-10-07,65.95771190701127,66.2908756871797,64.97448198435829,65.0151138305664,7171300
2014-10-08,64.8363571585678,66.16900015827963,64.09689956018285,66.07148742675781,8312200
2014-10-09,66.11213283883318,66.85158438930428,65.83584980930691,65.94149017333984,5240000
2014-10-10,65.79522474336872,67.19287653006641,65.25891390447461,65.80335235595703,5165400
2014-10-13,66.28273933719392,67.34722661233779,66.16085001419269,66.34774780273438,4872800
2014-10-14,66.59153474820653,69.95564607803912,66.28275376898102,68.54987335205078,7207400
2014-10-15,67.91609208481898,69.32999316826275,67.23351508620787,69.0130844116211,5571300
2014-10-16,67.99730275827216,69.16743040674082,67.66413900298083,68.35484313964844,6177000
2014-10-17,68.88306159204994,68.88306159204994,67.11162002971984,67.68043518066406,6437200
2014-10-20,67.20912972594462,67.37165099003556,66.67282505332533,66.79470825195312,4819800
2014-10-21,67.16035355347981,68.35485808927895,66.83531733564566,68.07857513427734,4333400
2014-10-22,67.88355398224999,68.72051803503653,67.5016369019571,67.78604125976562,4061700
2014-10-23,69.0942994883379,69.52496978012799,68.07856532862564,69.20806121826172,4378700
2014-10-24,69.03742496992662,69.58998465158838,68.80990148916293,69.41934204101562,2380700
2014-10-27,69.13494670833548,69.13494670833548,68.08670807846589,68.72865295410156,2378200
2014-10-28,69.01305449932367,69.50873335503478,68.92366938111017,69.46810150146484,2517400
2014-10-29,69.54124640256269,69.7525147091337,68.76928448384929,69.19183349609375,2465900
2014-10-30,68.89116783968248,69.42747856999456,68.59051442985664,69.2568359375,1666700
2014-10-31,69.9800148523579,69.99626386924311,69.05366590118531,69.50871276855469,2554800
2014-11-03,69.47624009076287,69.59000185927486,68.09484364480218,69.0699462890625,2709600
2014-11-04,68.85866445110163,68.948049573931,68.33048132516912,68.70427703857422,2643100
2014-11-05,69.43558593801066,69.46809017565715,68.63112620479554,69.04554748535156,4007200
2014-11-06,69.10241824421463,71.45079482463571,68.99678413697596,71.3207778930664,5481000
2014-11-07,71.33703792472207,72.19837845609163,71.28015706320802,72.04399108886719,4401400
2014-11-10,71.8408456809183,72.54779265940607,71.47517767867207,71.94647979736328,3549400
2014-11-11,71.80024502647733,72.19028362551428,71.37769597804356,71.87337493896484,1669800
2014-11-12,71.7839697997141,71.97086763435746,71.10952695190117,71.72708892822266,2602200
2014-11-13,71.71899663074025,71.79212655253646,70.89828126645159,71.06892395019531,2580800
2014-11-14,70.7601262117604,71.30455838906096,70.56510073368618,71.11766052246094,2098700
2014-11-17,70.45134819813283,70.80888875521089,69.43561361511735,70.54073333740234,4047500
2014-11-18,70.54069575656236,71.11763194840384,70.2481638565373,70.93074035644531,2144200
2014-11-19,70.89012423529852,70.96326032629747,70.02878356063269,70.15067291259766,2854900
2014-11-20,69.7118447704213,69.76872561676103,69.19178954687295,69.37055969238281,3881800
2014-11-21,69.96377288409631,70.77636027229616,69.84188353595638,70.75198364257812,3364300
2014-11-24,71.06077964124373,71.50770527905829,70.37008145516305,71.11766052246094,2315600
2014-11-25,71.18266540856439,71.45082077766658,70.71136315975765,71.3370590209961,4061900
2014-11-26,69.67128447798676,71.45898156919662,68.59054728779967,70.68701934814453,8945500
2014-11-28,70.31320117548215,70.69511832387263,69.53311785516486,70.38633728027344,2928000
2014-12-01,71.46708125273997,72.85661158819407,71.36144709020417,72.7916030883789,5245200
2014-12-02,72.68594700185442,72.83221299502036,71.57270613122243,71.75959777832031,3787900
2014-12-03,71.99522450869613,73.44162872932503,71.94647126066765,73.27911376953125,3623500
2014-12-04,73.02724125556534,73.09224354426178,72.23090277341507,72.78346252441406,2055800
2014-12-05,72.51531030788087,73.17351043074092,72.328418645496,72.91348266601562,2071700
2014-12-08,72.81597300334874,73.21413917874122,72.0196344530126,72.19027709960938,1995300
2014-12-09,71.47517399913086,72.48278045654297,71.46704639073072,72.48278045654297,2499100
2014-12-10,72.23090771148468,72.32029283904758,71.07703486419213,71.11766052246094,2814300
2014-12-11,71.31268109970111,71.84898562867093,71.18266412325349,71.49957275390625,3016900
2014-12-12,71.08515901162959,71.3533081817001,70.19943539063671,70.21569061279297,2864600
2014-12-15,70.41882494739312,71.91398274275814,70.37006548916187,71.07701873779297,3956300
2014-12-16,71.13391744903495,73.0272479970467,70.89826630704819,71.3451919555664,4244400
2014-12-17,71.46706395772972,72.30403424131188,70.7844934735077,72.1090087890625,3435900
2014-12-18,73.01909905156809,73.13286078348956,72.37715430741153,72.75907135009766,2876200
2014-12-19,72.75908718956015,73.54729807485711,72.5640679208895,73.2141342163086,5180900
2014-12-22,73.30351948447581,73.44165787507639,72.72658308883452,73.32789611816406,1875900
2014-12-23,73.62855099495667,74.25424061771432,73.5310382669274,73.82357025146484,1569500
2014-12-24,73.9454597200352,73.98609157332791,73.27101063249883,73.34414672851562,739700
2014-12-26,73.57980246522774,73.86420685750856,73.262893828179,73.32789611816406,1478300
2014-12-29,73.43422831016306,74.08046992501728,73.13156253178252,73.73690032958984,1617300
2014-12-30,73.58149537735393,73.94142910394413,73.03341901444475,73.1806640625,1377200
2014-12-31,73.39334467230167,73.62239111275153,72.31354985228988,72.37081146240234,1585400
2015-01-02,72.37080514144809,73.10703023648229,71.5118748237337,72.26445770263672,1867900
2015-01-05,72.03541463842271,72.03541463842271,70.25211654338544,70.71839141845703,3007000
2015-01-06,70.57112322277665,71.1682851430251,69.44224922245664,70.12939453125,3512000
2015-01-07,70.26849450357827,70.28485229145303,69.31958053958368,69.8267593383789,3055900
2015-01-08,70.48931524305607,70.82470897641292,70.03940458351083,70.75108337402344,2842300
2015-01-09,70.75927064949262,70.89833361418995,69.7939994245167,70.06394958496094,2325300
2015-01-12,69.94125629391588,70.05577948914856,69.155951709015,69.90035247802734,2497900
2015-01-13,70.39934740888465,70.58749622005506,69.5404234649656,70.26028442382812,2634700
2015-01-14,69.3931976776493,70.88200583360957,69.1641512292012,70.7429428100586,3308500
2015-01-15,71.18465654459139,72.05994456708235,71.11103716226376,71.33190155029297,3972700
2015-01-16,71.04560349096403,71.50370259560079,70.80837504630595,71.4137191772461,3490600
2015-01-20,71.47095848672893,71.81452802722968,71.09466714603117,71.27462768554688,2304100
2015-01-21,70.92288239688378,71.91269977736503,70.75927962249862,71.68364715576172,1954400
2015-01-22,72.29719116233295,73.39335008959918,72.03542289091902,73.22156524658203,2866300
2015-01-23,72.79614979413313,72.81251381311893,72.00266338152647,72.27261352539062,1796400
2015-01-26,72.23991593618693,72.64892917326836,71.88816430265503,72.33808135986328,2718700
2015-01-27,69.81857050148352,70.85746779989279,69.81857050148352,70.38301086425781,3300700
2015-01-28,70.92291037531974,71.10287724276616,69.13961197042532,69.1886978149414,3472100
2015-01-29,69.08235546417089,70.40756102529012,68.95147443155655,70.27667999267578,3510800
2015-01-30,69.72857305406569,70.71838431252968,69.61404985001509,69.68767547607422,4221400
2015-02-02,69.96577737755888,70.92286649937462,69.40951933187168,70.87378692626953,2509700
2015-02-03,71.41370808476293,72.62438367649813,71.30736065720028,72.50167846679688,3107600
2015-02-04,72.2644778368195,73.21339183281405,72.11723901783616,72.54261016845703,3042500
2015-02-05,72.64893438636936,72.99251027336739,72.39534815831712,72.90252685546875,1732400
2015-02-06,72.73074803117339,72.96797025314756,72.41989392877692,72.78800964355469,1809900
2015-02-09,72.46078482869999,73.00886105529754,72.09266917959155,72.7634506225586,1205900
2015-02-10,72.95977184645517,72.9679476163678,72.31353028375052,72.59983825683594,1516500
2015-02-11,72.41989890106136,73.05795869456087,72.13359081949721,72.6571273803711,1728600
2015-02-12,73.14792272383241,73.1724625184505,72.18265127555952,73.10702514648438,2297300
2015-02-13,73.11519754057647,73.9414059538249,72.95159475664731,73.65509796142578,1996600
2015-02-17,73.61420740957912,73.92506149252243,72.97614769981782,73.55694580078125,1809100
2015-02-18,75.05395958172986,75.89652619481518,74.74311164168408,75.87198638916016,5954700
2015-02-19,75.63475266839154,75.63475266839154,74.80036812821396,75.02123260498047,4527200
2015-02-20,73.9905110246457,75.64292842026903,73.54878210768723,75.6102066040039,7030500
2015-02-23,75.28295025540658,75.33202983031661,74.29313930143822,74.42402648925781,3023200
2015-02-24,74.21137414950256,74.98032115062678,74.14593052365207,74.84943389892578,2191600
2015-02-25,74.7185334096738,75.16026844433294,74.7185334096738,74.94758605957031,1543000
2015-02-26,74.63674897388096,75.05394430826502,74.40770251297927,74.5876693725586,2132700
2015-02-27,74.50586045021758,74.67764527858655,74.03958556148828,74.11320495605469,2265600
2015-03-02,74.11319132699766,74.51402251948102,73.79416152711656,74.4649429321289,2162600
2015-03-03,74.3259053332206,74.94760736327844,74.18684229418282,74.66129302978516,1682000
2015-03-04,74.26863368537305,74.43223650437744,73.80235878605829,73.9905014038086,1735100
2015-03-05,73.69600044975452,74.36678813530146,73.17246401702478,73.99867248535156,2713400
2015-03-06,73.30335689267143,73.85143316274302,73.03340664345514,73.83507537841797,3711400
2015-03-09,73.90867779777659,75.5856342736555,73.87595599559334,75.2747802734375,3144300
2015-03-10,74.44040247048504,75.19298526134656,74.11319066196599,74.43222045898438,4378800
2015-03-11,74.7839866079712,74.80035063415566,73.45878757520768,73.81053924560547,3122100
2015-03-12,74.32588870488114,74.47313372534634,73.61420339912482,73.7696304321289,2289800
2015-03-13,73.54059410392806,73.62239551740451,72.44443519199073,73.2052001953125,3707000
2015-03-16,73.20518465486144,73.30335007482269,72.64892642384065,72.91887664794922,2851100
2015-03-17,72.75527089779177,72.91887368336262,72.37897949814186,72.50167846679688,2078100
2015-03-18,72.19082081420468,73.34424089033737,71.5854831010457,73.06610870361328,2591400
2015-03-19,72.8043482177551,72.81253022909269,71.6836498242558,72.05176544189453,2586600
2015-03-20,72.2726432275674,73.22155700529497,72.17448403749019,72.95160675048828,5981900
2015-03-23,73.07432585218667,73.72056768742083,73.04978605000852,73.12340545654297,2233800
2015-03-24,73.01705319998442,73.04977501162688,72.19902663206496,72.37081146240234,2232000
2015-03-25,72.50164091479022,72.89429613425037,72.20715106045584,72.23169708251953,2720800
2015-03-26,71.98632482425997,72.36261622782486,71.80635801363191,71.9945068359375,1988900
2015-03-27,71.903933771541,72.1180761214492,71.5827139627903,72.03571319580078,2065400
2015-03-30,72.13452983143102,73.33704576327486,71.9121430897178,72.98287963867188,1748600
2015-03-31,72.57928661822537,72.97463099406212,72.07686483252341,72.2251205444336,2705700
2015-04-01,72.28278664530903,72.91698789546369,72.05216800888915,72.1510009765625,3318000
2015-04-02,72.04393029087505,72.98288119305056,72.04393029087505,72.4639892578125,1555300
2015-04-06,72.49690529545788,73.34526112268453,72.2662867342252,72.87578582763672,1929600
2015-04-07,72.99933732935433,73.32055698280627,72.64517126479382,72.84284973144531,1763200
2015-04-08,72.90874904962226,73.40293901898993,71.97803633723463,72.3569107055664,2094800
2015-04-09,72.24158895045147,73.01581390420037,71.97802394464755,72.85108184814453,2915000
2015-04-10,72.50517491306695,73.93007776134648,72.50517491306695,73.36176300048828,2053900
2015-04-13,73.1311233457785,73.6829615959121,72.3980829755687,72.4804458618164,2794300
2015-04-14,72.51342057122835,72.53812881835643,72.01099859999768,72.41458129882812,1823900
2015-04-15,72.57106884599995,73.91360252069258,72.10983151656194,73.58414459228516,3320300
2015-04-16,73.42764842671295,73.6006124051837,73.00758945963449,73.25468444824219,1709600
2015-04-17,72.57929562736355,72.80167608088972,72.03568918825417,72.07687377929688,2248500
2015-04-20,72.6781418140426,73.28764119615252,72.42281489800769,73.22174835205078,2524100
2015-04-21,73.32058596888923,73.42766341829478,72.24985546204897,72.41458129882812,2215200
2015-04-22,72.39808702347027,72.58752104404303,72.16746841552823,72.56281280517578,2026300
2015-04-23,72.99936182743862,73.2135104295685,72.67814206618753,72.96641540527344,1981500
2015-04-24,72.88403678487967,73.03229251072926,72.40632947615204,72.80167388916016,1482500
2015-04-27,72.77698442195835,73.3535311246037,72.71109157483095,73.2464599609375,2081200
2015-04-28,73.22173915201199,73.55119704723808,72.70284092476773,73.2135009765625,2746600
2015-04-29,72.81816713712713,74.34190305514424,72.7934526071784,74.02068328857422,2287000
2015-04-30,73.84771187916648,74.95138865183992,73.65003336271906,74.55603790283203,2728500
2015-05-01,74.95136338174439,75.47849334677333,74.74545304278355,75.2725830078125,2674700
2015-05-04,75.26438441388399,75.4208783646325,74.62194482390944,74.86080169677734,2504700
2015-05-05,74.82781899539758,75.3137706829274,74.08654048791107,74.24303436279297,1752300
2015-05-06,74.52307859890234,74.74545901784754,73.83945471077192,74.10301971435547,1415900
2015-05-07,73.92185258524803,74.02069186483202,73.32882947552085,73.82301330566406,1667200
2015-05-08,74.2101038674361,74.49837715886608,73.36175405956227,74.03713989257812,2212500
2015-05-11,74.30070166338191,75.31378351013933,74.17715417711109,75.06668853759766,2845200
2015-05-12,74.58899533772829,74.82785220079535,74.13599614271524,74.4654541015625,1585200
2015-05-13,74.81136298386502,75.36320131046467,74.49014328426902,74.65486907958984,1778200
2015-05-14,74.89371513853743,76.07152262940313,74.88547696478722,75.9479751586914,1949200
2015-05-15,74.37482864373067,74.6631019068379,72.58752184469412,73.41116333007812,6658500
2015-05-18,73.30409869928148,73.75710406996643,72.9993490604674,73.45235443115234,2517400
2015-05-19,73.36999758434638,73.64180082917828,72.85933751380344,73.44412231445312,2122200
2015-05-20,73.460592145946,73.64179429308462,72.95817029574755,73.28762817382812,1939700
2015-05-21,73.45236473515054,73.95478665897741,73.3452935797351,73.6829833984375,3037500
2015-05-22,75.6185537296275,77.04345684777896,75.57737540882641,76.886962890625,8558100
2015-05-26,76.25273234326501,77.61997397936344,76.1868395144712,77.25757598876953,5536000
2015-05-27,77.33167575756644,78.14707882817451,77.17518191064462,77.71878814697266,3954000
2015-05-28,77.35642604868521,77.35642604868521,76.66457004506479,77.010498046875,3210800
2015-05-29,76.94458102154765,77.51289562011824,76.68925418862948,77.15872955322266,5466300
2015-06-01,77.27405957153123,77.29052963966777,76.25274568211341,76.30216217041016,2902200
2015-06-02,76.37631404601763,76.78813498466266,76.05508793269678,76.39278411865234,2574300
2015-06-03,76.66455524324955,76.80457279544099,76.02211585424298,76.38451385498047,2149000
2015-06-04,75.97270451132229,76.16214485691657,75.49499712709094,75.66796112060547,2484100
2015-06-05,75.43735847518928,76.1539291891588,75.14908506746211,75.88212585449219,1742900
2015-06-08,75.71734609652923,75.89854819066976,75.35494190824816,75.45378112792969,1678400
2015-06-09,75.67620513539755,76.50808509984459,75.33027709295398,75.65149688720703,1789300
2015-06-10,75.86564643018733,76.82106764715857,75.73386072639089,76.54927062988281,2038300
2015-06-11,76.53280294878857,77.0846415072301,76.38454715715916,76.77165985107422,2245900
2015-06-12,76.4586615000684,76.9281370237361,76.05507253749153,76.23627471923828,1367300
2015-06-15,75.57734597927272,76.37627924159499,75.42909025756461,76.15389251708984,1801700
2015-06-16,75.89857909361886,76.02212659755337,75.51970468973688,75.87387084960938,2311000
2015-06-17,75.93151766015848,76.28568378340032,75.59382160325714,75.9809341430664,2089300
2015-06-18,75.48677646325542,76.41748948728925,75.33028250162842,76.26923370361328,1754000
2015-06-19,76.1209653824699,76.55749448364841,75.98918597640072,76.23627471923828,3666400
2015-06-22,76.78810122625963,77.5458499121036,76.67278563295757,77.05166625976562,2088500
2015-06-23,76.91987278402466,77.41405638614083,76.74690883747827,77.15872955322266,1719200
2015-06-24,77.0269743261278,77.66118199780071,76.96931965451098,77.42232513427734,2227800
2015-06-25,77.57881907890352,77.74354491669789,76.66457622620263,77.42232513427734,3679700
2015-06-26,77.9196557690689,80.31527021177342,77.54663867008844,79.94225311279297,7168000
2015-06-29,79.22108823410788,80.10804586207499,78.67399600737541,78.71543884277344,3868700
2015-06-30,79.2708475379534,81.42607804458368,78.93098835219627,80.44793701171875,6559600
2015-07-01,80.84577460143761,80.98669158924882,79.17133396424903,79.7350082397461,3733000
2015-07-02,79.7101752319111,80.41476679533412,79.32886060655966,79.86766815185547,2899800
2015-07-06,79.40345077001085,79.9588340680104,78.95582642820038,79.22108459472656,2404000
2015-07-07,79.22108237540228,79.9173889956854,78.43359899428482,79.80962371826172,2867400
2015-07-08,79.49463750960103,79.66871259648201,78.27610557718046,78.71543884277344,2795800
2015-07-09,79.59410335597273,80.08317686559901,78.34241971666978,78.3672866821289,2608500
2015-07-10,79.08016838202337,79.53607750062052,78.55793681580275,78.88951110839844,2963300
2015-07-13,79.28743435509057,79.958867990535,78.88954377436959,79.8013687133789,2327700
2015-07-14,79.6852728353535,80.12461233902293,79.17962354320325,79.90908813476562,2272700
2015-07-15,79.75161595031773,80.25726541367031,79.49464883178779,80.00858306884766,2085500
2015-07-16,80.38162211042909,80.8706894723127,80.24898981444007,80.68003845214844,2993400
2015-07-17,80.44790791986034,80.48105965709944,79.99199247965312,80.381591796875,1810900
2015-07-20,80.29869509552202,80.5971113071995,79.74330550341197,79.7598876953125,1995500
2015-07-21,79.73506905355539,79.98374516448966,79.0719201092166,79.17139434814453,2030600
2015-07-22,79.14650203393427,79.19623597534941,78.44190413452635,78.59940338134766,1961400
2015-07-23,78.10204914022091,78.55795838398852,76.60168280150867,77.3062744140625,3396100
2015-07-24,77.4305872976911,77.4305872976911,76.51047172344046,76.60993957519531,2256800
2015-07-27,76.11260524755153,76.67627977345087,75.13446434449838,75.6401138305664,2775100
2015-07-28,76.24522250626102,76.84204865943454,76.08772329020277,76.65139770507812,3436000
2015-07-29,76.46905108272136,77.72902616070738,76.11260972443331,77.61297607421875,2438700
2015-07-30,77.32281626865293,77.90307276578137,77.02440008710175,77.51347351074219,1470500
2015-07-31,77.79532600326041,78.45018353938782,77.62954200708434,78.39215850830078,1914000
2015-08-03,78.33413735164453,78.33413735164453,76.97468827814893,77.43888854980469,2619800
2015-08-04,77.57981472908835,77.64613086835608,76.85035616990864,77.18193054199219,1673800
2015-08-05,77.67099956398849,79.45320631978335,77.67099956398849,79.17965698242188,2447500
2015-08-06,78.88124556077099,79.56097018033762,78.6159810026424,79.2459716796875,1561100
2015-08-07,79.11332696807693,79.56923608969589,78.98898581699771,79.45318603515625,1756200
2015-08-10,79.78475725660354,80.81263183904052,79.49463213143022,80.52250671386719,2155200
2015-08-11,79.9422719637006,80.24068824295473,79.27083217325152,79.77648162841797,1975300
2015-08-12,79.46978439738734,79.5443853086612,76.02142114872811,77.62126159667969,4867800
2015-08-13,77.54666092040124,77.85336198890755,75.89708020234663,77.17363739013672,2144100
2015-08-14,76.99128912409704,78.32587166228707,76.99128912409704,78.20153045654297,2235200
2015-08-17,77.80363518253488,78.13520957620165,77.14877749421329,78.06889343261719,1598800
2015-08-18,77.81191944576915,78.2098036238107,77.38916197287688,77.84507751464844,1786300
2015-08-19,77.28138202502896,77.322824856693,75.61522588035476,76.2452163696289,4093000
2015-08-20,75.68983054701148,76.63481316592807,74.91063823577983,75.14273834228516,4497600
2015-08-21,71.21363088918908,71.61151515309618,67.88131697662129,69.04182434082031,15208000
2015-08-24,64.85570464155559,66.9529037475586,63.62888756081937,66.9529037475586,8039200
2015-08-25,68.80972464307905,68.80972464307905,65.50227768194759,65.560302734375,6505500
2015-08-26,67.15184703131092,67.47513031319426,66.18199086140562,67.33421325683594,5223000
2015-08-27,67.98079935227668,68.36210778599457,67.03581620691995,68.29579162597656,3664200
2015-08-28,67.80670758972902,68.53616619872835,67.7984164906905,68.36209106445312,2647200
2015-08-31,68.22118693677989,68.41183798102391,67.65751225614483,67.7901382446289,2674100
2015-09-01,66.5383994142132,67.2347059025924,66.04104125065787,66.31459045410156,4790200
2015-09-02,67.1269643247803,67.29274831407633,66.00790026214379,66.96117401123047,2853100
2015-09-03,66.91146008016405,67.93104393518625,66.43067751353688,67.13526916503906,3022000
2015-09-04,66.15711226807254,66.4472437527627,65.49396994768371,65.66804504394531,3130600
2015-09-08,66.66276491973832,66.68763188837399,65.73436436131658,66.39750671386719,3079200
2015-09-09,67.13526635827326,67.69065614614303,65.81726622901633,65.95818328857422,2898800
2015-09-10,65.9416078659906,66.80369242697815,65.51055926124135,66.37265014648438,2912900
2015-09-11,66.3228843890179,66.52182639810941,65.40276890112254,65.6928939819336,3856000
2015-09-14,65.69290566849266,66.1156630467402,65.31159744812855,66.04934692382812,3128300
2015-09-15,65.64317468123451,67.78181598486954,65.64317468123451,67.48340606689453,3469800
2015-09-16,67.50830018482002,67.8813174755064,67.2513266747244,67.4336929321289,2980400
2015-09-17,67.09380075553429,67.48340005508388,66.38920304821954,66.6710433959961,3837000
2015-09-18,65.89185467074759,66.53842112677987,65.66804563760344,65.93330383300781,7779000
2015-09-21,65.99133384184383,66.06593475043259,65.26187533053891,65.61831665039062,3292200
2015-09-22,64.82253381637157,65.7094915415382,64.73964181223772,65.3530502319336,3322800
2015-09-23,65.32815758544623,65.45249870490115,64.18423319981552,64.3997573852539,3195400
2015-09-24,62.4766587752364,63.015459961341996,61.5897010548299,62.79994201660156,7835000
2015-09-25,63.081749320462386,63.22266629935027,61.95440084085568,62.84135818481445,3728700
2015-09-28,62.239785525545855,62.6742727764319,61.57970378360072,61.62984085083008,5479600
2015-09-29,61.588066834452775,62.198017941421,61.3457578398877,61.51287078857422,2953900
2015-09-30,62.00583183498443,62.28992062461928,61.30397666301547,61.83036804199219,3247000
2015-10-01,61.30398063218674,61.52121789012439,60.31803660674726,60.902915954589844,4883800
2015-10-02,60.20106566147503,61.5462946462561,60.03395270934573,61.471092224121094,3853000
2015-10-05,62.22309087795055,65.51514305939743,61.99748996338924,65.34803009033203,6261500
2015-10-06,65.38144357496843,65.97468018940584,65.1057119954574,65.54019927978516,3354300
2015-10-07,65.95800146738827,66.78519019973838,65.00547956354028,65.91622161865234,4082800
2015-10-08,65.71563922279893,67.9381864094312,65.67385940785164,67.60397338867188,3707100
2015-10-09,67.67086135395,68.06356895095337,66.61807809888369,66.73505401611328,4061400
2015-10-12,66.74338372629975,66.8269433904387,65.2561135004126,65.53184509277344,2754200
2015-10-13,64.9302585918036,65.0305263753462,63.910891770598745,64.27853393554688,3077800
2015-10-14,64.25345697164275,64.64616441783058,63.65186312852156,63.735416412353516,3181700
2015-10-15,63.88583270506619,64.23676041993616,62.88318026980663,63.693660736083984,2828600
2015-10-16,63.89418380589096,64.01951694192701,63.29258985268443,63.5014762878418,4967400
2015-10-19,63.25915863484673,63.559955570446505,62.9082310015494,63.476402282714844,3041900
2015-10-20,63.40954356003938,64.14482125963221,63.1672346150733,63.82731628417969,2771300
2015-10-21,64.17823961212838,65.58195612770008,63.877442760598335,64.0445556640625,3104200
2015-10-22,64.12811998735069,66.50942349369862,63.96936429535864,66.300537109375,5754600
2015-10-23,66.69326327689652,67.77111808791679,66.59299548934521,67.06090545654297,4249300
2015-10-26,66.65982342424836,67.03582274919636,64.35371590523678,64.76313781738281,4490900
2015-10-27,63.95265795208572,64.31194279801288,63.34270688817899,63.60173034667969,4159500
2015-10-28,64.12812604668629,65.98303833469994,63.877459811930386,65.96632385253906,3392700
2015-10-29,65.54019796440134,65.97467886530205,65.11406792959185,65.37308502197266,2187800
2015-10-30,65.33966057909241,65.67388007975741,64.9386022780598,65.17255401611328,2668800
2015-11-02,65.58197192387912,67.26977759451476,65.33131207036674,67.00240325927734,3252500
2015-11-03,66.95227370578702,67.06924959216752,66.25041838750404,66.45930480957031,2384200
2015-11-04,66.46765407708303,66.61805253791537,64.95531222796134,65.37308502197266,2412100
2015-11-05,65.39817250202928,65.74910661254088,64.37045465079203,65.11408996582031,2216900
2015-11-06,64.77984592362849,65.03051214026048,63.593372764278,64.76313781738281,3137500
2015-11-09,64.7130052779522,64.7130052779522,63.3677763289464,63.701995849609375,2307900
2015-11-10,63.660204366415996,64.49574974411006,62.966700173000646,63.72704315185547,2433800
2015-11-11,63.97772920069484,64.06128248949332,62.61579210662821,62.70770263671875,2791100
2015-11-12,62.47374697242677,62.47374697242677,61.120167066159325,61.220428466796875,3902400
2015-11-13,61.29561589038585,62.59906477732614,61.07837228432713,62.373470306396484,3463100
2015-11-16,61.79698547812619,62.49884747934932,61.379212450522814,62.42364501953125,3143000
2015-11-17,62.73277805463549,62.858111195303124,61.41261420572527,61.66328048706055,4486400
2015-11-18,61.87216094070734,62.356772596492306,61.629851925461,62.264862060546875,3710100
2015-11-19,61.85544174045007,62.63249942846787,61.49615686588899,62.61579132080078,2528600
2015-11-20,62.84138899822367,63.451340141442664,62.66592517270501,63.06698989868164,3472100
2015-11-23,63.25915238196358,63.45968152763962,62.114452691595794,62.34005355834961,4011400
2015-11-24,61.880491379266395,64.2367291939793,61.66325416120965,63.7855339050293,8007300
2015-11-25,67.0023988809553,67.24470785247831,64.50411312699725,66.84364318847656,11169800
2015-11-27,66.9105233539162,66.98571943196953,65.88279899755156,66.08332824707031,2013400
2015-11-30,66.28383819875414,66.81022966537917,65.89948796324431,66.48436737060547,5095900
2015-12-01,66.3590306781327,66.72667278567366,65.85770458811771,66.41751861572266,2954400
2015-12-02,66.4927380791434,66.70162453475163,65.99976272905943,66.28385162353516,3012800
2015-12-03,66.36736645168548,66.41749713205938,65.13075654658724,65.42320251464844,2913400
2015-12-04,65.5151530221878,66.52616273362136,65.17257616453956,66.50109100341797,2400700
2015-12-07,66.13345464665679,66.21700795588647,65.33133140357577,66.0916748046875,2699500
2015-12-08,65.22266377932877,66.300517976356,64.76311769125665,66.21696472167969,3388600
2015-12-09,66.13344499732366,67.303210279989,65.73238024694689,66.2086410522461,3911600
2015-12-10,66.17521529311624,66.31726290346613,65.32296150455502,65.67388916015625,2817800
2015-12-11,64.96367966887085,65.16420885656393,64.02786616845657,64.47071075439453,3965500
2015-12-14,64.47069956344338,65.99974311941214,64.02785505437522,65.95796966552734,5027300
2015-12-15,66.3089080241352,66.65147845022467,64.11977597007838,64.54590606689453,6291300
2015-12-16,64.7129906237662,65.66551189839865,64.28686704675559,65.331298828125,2912100
2015-12-17,65.45667315702295,65.61542894318004,64.1281580245831,64.26184844970703,3403200
2015-12-18,63.894156702340474,64.44561334238286,62.62412414548794,62.640838623046875,5292900
2015-12-21,63.19231009692123,63.526529604795655,62.35676451458862,63.2591552734375,3778300
2015-12-22,63.48474894336837,65.0973519891871,63.48474894336837,64.82997131347656,2583600
2015-12-23,65.38144477732223,66.33396627432518,65.29789149024792,66.19192504882812,3375900
2015-12-24,65.9078376491442,66.3089023603686,65.60704070940274,65.8326416015625,750200
2015-12-28,65.73237082522337,65.81592411028596,64.33701120308612,65.14749145507812,2726300
2015-12-29,65.30749146410346,65.78744571082906,64.94542026575647,65.3748550415039,1746500
2015-12-30,65.19801649625504,65.94741846783268,64.9875101801008,65.2569580078125,1643800
2015-12-31,64.84437105627006,65.00435149708423,64.21285207246105,64.22126770019531,2162600
2016-01-04,63.808653966472555,64.10336143392752,62.84874597296728,64.06126403808594,3586900
2016-01-05,63.95182375412777,64.44862205888307,63.168739909523836,64.43177795410156,2578300
2016-01-06,63.286621344038316,64.17074400862487,63.16873189795056,63.70763397216797,3157600
2016-01-07,62.638260690642035,64.01918164969756,62.52037766419655,63.14347457885742,3720500
2016-01-08,63.45502338711622,63.6150102404256,61.89727795863014,62.107784271240234,3530800
2016-01-11,62.21722131747531,62.62139610889711,61.6446441103763,62.43614959716797,3753000
2016-01-12,63.15189375770733,63.219257319509836,61.55204449768351,62.747718811035156,2915900
2016-01-13,62.99190463173761,63.55606641130028,61.59414610755191,61.6530876159668,3004300
2016-01-14,61.7877835882504,62.92452231936224,61.19836873993614,61.97303009033203,3143800
2016-01-15,60.625826522057366,61.855182788968506,60.55004732249379,61.56889724731445,4708600
2016-01-19,61.9477939361658,62.090936678901066,60.26374352993687,61.013145446777344,3913800
2016-01-20,60.09535032752319,61.476271359680034,59.07650044551377,60.625823974609375,4230200
2016-01-21,60.61738847502089,62.023575351496,59.94377221255898,61.49309539794922,2731200
2016-01-22,62.46984115996622,64.18757305059161,62.01514685737644,62.823490142822266,3177400
2016-01-25,62.141485027577204,62.22568629350423,60.37322632238561,60.440589904785156,2633300
2016-01-26,60.642654192736515,61.95621791897359,60.322686918266584,61.94779586791992,2338800
2016-01-27,61.97304654908357,63.17714270825704,61.61097549634912,61.99830627441406,2665700
2016-01-28,62.8993009688883,63.35399550030526,61.77098990600312,62.99192428588867,2208700
2016-01-29,63.47183280481427,64.8443374633789,63.438151038896244,64.8443374633789,4369100
2016-02-01,64.18757222480403,64.9453896285628,63.758137651637114,64.66752624511719,2248300
2016-02-02,63.657088067471236,63.741289281786315,62.45299207275708,62.79822540283203,2647800
2016-02-03,63.15189788894128,63.76657918835001,61.34996424977495,63.49713134765625,2818900
2016-02-04,63.21082336189575,66.55366400301111,63.19398568668808,66.26737213134766,4976300
2016-02-05,66.01477853316015,67.22729048154928,65.76216839750185,66.0316162109375,4154200
2016-02-08,65.34117757789728,66.39370945390769,63.934996533342115,64.89490509033203,3622300
2016-02-09,63.909700738673806,66.18316573852175,63.909700738673806,65.74531555175781,2978700
2016-02-10,66.15792114460358,66.37684950012064,64.89488331715857,65.1811752319336,2314100
2016-02-11,63.96867149734488,64.9538396863558,63.30347065180114,64.33916473388672,3681900
2016-02-12,65.09698321038887,66.08215783483328,64.6254510305824,65.90532684326172,3154100
2016-02-16,66.5115584378023,67.31148610827317,65.45902710097862,67.20201873779297,3703300
2016-02-17,67.75777286427582,69.23973910235588,67.36201996909453,68.56611633300781,4992800
2016-02-18,68.54928915823952,68.77663318384761,66.67156973726087,67.63990020751953,5238200
2016-02-19,64.54123757272588,65.98109999885813,64.41493249868418,64.83594512939453,8955200
2016-02-22,65.08858929733438,66.34320579384169,65.00438158786513,66.01481628417969,3372600
2016-02-23,65.87161455057029,66.09053641180837,64.76855749957294,64.95380401611328,2911600
2016-02-24,64.57491290963054,66.77259913654527,63.766569510234895,66.51998901367188,2922300
2016-02-25,66.69681059931636,67.06730371681297,66.14949297323511,67.02519989013672,1955200
2016-02-26,67.25253698241767,67.85878956738652,66.6967974160203,66.91572570800781,2603000
2016-02-29,67.0167821171752,68.49874825760291,66.56209416559061,67.51358032226562,4582600
2016-03-01,67.9009213202182,69.17238135272792,66.94101296893476,68.24615478515625,3424900
2016-03-02,67.90091114282191,69.0965853767295,67.4967426471467,68.91133880615234,2508200
2016-03-03,68.85239098327318,70.57854504259954,68.58294320282701,70.45223999023438,2860100
2016-03-04,70.45225760756941,72.47311967832462,70.27543305969805,71.47110748291016,4250300
2016-03-07,71.23532566117252,72.3720583169718,70.94904019675076,72.14471435546875,3512800
2016-03-08,71.43739317916473,71.68158118386873,69.6775641294524,70.60379028320312,3212300
2016-03-09,70.8564475305357,71.31955770379854,69.5765651654154,69.92179870605469,2677200
2016-03-10,69.73652094461121,69.80388449674247,68.53242475286825,69.36602783203125,2774200
2016-03-11,70.0565146626572,70.25018334220658,69.35763842357876,69.84600830078125,2779500
2016-03-14,69.5597180119412,70.15755526820271,68.64190699588909,68.9197769165039,2822300
2016-03-15,68.17877241724585,68.22086981716954,67.41252650342028,67.9093246459961,3149700
2016-03-16,67.88407754502197,68.68399895788426,67.57252589177038,68.54927825927734,2592000
2016-03-17,68.72609442573771,70.32593705675966,68.43138048662544,69.93860626220703,3513100
2016-03-18,70.11544137395215,70.61223962357747,69.43340296129234,69.57654571533203,7184800
2016-03-21,69.70285558453098,69.91336191641184,68.9871353409647,69.65233612060547,2373000
2016-03-22,69.3744603602881,69.51760311208061,69.03764897290232,69.26499938964844,1548300
2016-03-23,68.97026297565834,69.05446418123694,67.81668654439704,68.06929016113281,1911600
2016-03-24,67.78303052984454,67.85039408955663,67.36201791785793,67.56410217285156,3263800
2016-03-28,67.63146253315259,67.84196882918756,66.94100213912354,67.50515747070312,3158600
2016-03-29,67.14035389931895,68.46381597884682,67.14035389931895,68.29414367675781,2301300
2016-03-30,68.71833851370982,68.79468911632911,67.87844952197693,67.97177124023438,2566300
2016-03-31,68.02266170374362,68.17536935925547,65.24848017995875,65.31634521484375,6598000
2016-04-01,64.6970495597674,64.97700826185482,63.551745130981814,64.9006576538086,6396600
2016-04-04,64.71400442357513,65.19757761920427,64.28981718275718,64.3916244506836,2930800
2016-04-05,63.967441140697304,65.01093819258608,63.85714830885356,64.53585052490234,2494200
2016-04-06,64.57830130886775,64.9261316606906,63.925048995127774,64.76493835449219,2564100
2016-04-07,64.47647321274323,64.71401707843975,64.05228588897518,64.62918090820312,2444600
2016-04-08,65.07882261084902,65.53694572661912,64.40012673283005,64.73947143554688,2076200
2016-04-11,64.86672664914516,65.46059280313958,64.2643814086914,64.2643814086914,1668900
2016-04-12,64.40009973521492,65.27392427630078,64.29829248352802,64.9854736328125,2011500
2016-04-13,65.11275663757817,66.62286253114878,64.75644082568547,66.5634765625,3187100
2016-04-14,66.55500660042621,66.85194298584176,65.73208840561088,65.88479614257812,2356000
2016-04-15,65.88475588254417,66.35135789683949,65.63024098559568,65.69811248779297,2536900
2016-04-18,65.69811970125541,66.58042990894721,65.16363965349575,66.44468688964844,2243100
2016-04-19,66.80950587257726,70.10119729210503,66.74163434493707,69.87213897705078,7015500
2016-04-20,69.79576934120938,72.06093424268778,69.31219612074221,71.48403930664062,6474400
2016-04-21,71.67914773965265,72.06092008453957,69.90604843717018,70.24539947509766,4038200
2016-04-22,70.37265045081061,70.8053231859827,70.16055686117876,70.24539947509766,2087400
2016-04-25,70.08422310466482,70.20299502557204,69.02375490186161,69.91455078125,2153500
2016-04-26,70.3556911672659,71.25496598453397,70.2029835122031,70.77139282226562,2096200
2016-04-27,71.32283981949273,72.3154363735037,70.89016703726357,71.86579895019531,2876700
2016-04-28,71.37376629623178,72.40029898009321,70.83929252705673,71.20409393310547,2167000
2016-04-29,70.8647298103068,71.80642614086314,70.75444344164676,71.3567886352539,2111900
2016-05-02,71.40769131009532,72.05245784353431,70.82231721465095,71.5094985961914,1829300
2016-05-03,70.8816901442928,71.13619860384951,70.01634455308267,70.75443267822266,1957400
2016-05-04,70.60171625124205,70.83077448367357,69.36309044522166,69.71940612792969,1697300
2016-05-05,69.76185475856538,69.82124072894257,68.52322199483773,68.88802337646484,2868500
2016-05-06,68.49776012507998,69.31219892552998,68.37050264663186,69.10010528564453,1258800
2016-05-09,68.75230460574232,68.82017615307143,67.88695855876374,68.36205291748047,1649200
2016-05-10,68.64199827595289,71.58585297044621,68.38748328362217,71.10227966308594,5948000
2016-05-11,70.96654858707785,72.0694318700576,70.43206835622719,71.17864227294922,3344400
2016-05-12,71.48405354569236,72.0524630373865,70.05029824126554,71.39073181152344,3936300
2016-05-13,71.09380162225558,71.50950340809733,69.80426846860432,69.96546173095703,2425200
2016-05-16,70.1690665769882,71.38224258629408,70.1690665769882,70.94956970214844,2302900
2016-05-17,70.97501290492714,71.47555074693793,70.05876690276291,70.58475494384766,2537400
2016-05-18,70.28783063841617,70.50840983520037,69.49884204278827,70.07573699951172,2672600
2016-05-19,69.71943025547505,70.70354150151013,69.29524292281155,69.77881622314453,5062000
2016-05-20,68.54865935332013,68.67591034498902,65.74902103010176,65.95262908935547,12350200
2016-05-23,65.7490463011591,67.16583064867956,65.53695260341341,66.07142639160156,4604000
2016-05-24,67.01309995809078,67.6409017484955,66.52104766714126,67.56454467773438,3377600
2016-05-25,68.02267337360448,68.61653298437483,67.82754437430319,68.2856674194336,2923600
2016-05-26,68.58257977645567,68.7861942819897,67.9717556776016,68.09900665283203,2501000
2016-05-27,68.03962875104087,68.29414367675781,67.71724878803839,68.29414367675781,1743800
2016-05-31,69.65153567754375,70.51688117443744,69.44792763757349,69.81272888183594,6380000
2016-06-01,69.53276309781761,70.4235587818758,69.01525421052024,70.2708511352539,2452000
2016-06-02,70.1860283562184,71.38223308870602,69.92302784815791,71.31436157226562,2830800
2016-06-03,72.00153845170664,73.12987149697966,71.94215250195542,72.59539794921875,4244400
2016-06-06,72.74812178058619,74.49577138128926,72.70570046165118,74.21581268310547,4967700
2016-06-07,74.04614403246454,74.52971736073808,73.8510214728129,74.07159423828125,2455800
2016-06-08,74.63151277589344,74.82663530448325,73.31652958895775,73.96129608154297,3511300
2016-06-09,73.20621254747522,73.94430045230118,72.9262475002052,73.7661361694336,1802200
2016-06-10,73.01110999475834,73.37591130163258,72.19667122251019,72.68024444580078,3538300
2016-06-13,72.65481861001167,73.69832247998622,72.3663742798673,72.38333892822266,2771500
2016-06-14,72.11187057608244,72.4427362879775,70.95808012905815,72.23912811279297,3168100
2016-06-15,72.58693839503363,72.7735818675638,71.89127138906638,71.9676284790039,1466000
2016-06-16,71.52647324362178,72.37484799531019,70.5423618974078,72.21366119384766,2075500
2016-06-17,72.65479734582085,73.41833575006756,72.49360410698425,72.96021270751953,3526100
2016-06-20,73.6049687435898,73.80009124151331,72.50207937481179,72.61236572265625,3069700
2016-06-21,72.44270274309952,72.4511883009742,71.29739838821685,71.33981323242188,3536100
2016-06-22,71.73855401309704,71.98458342349278,71.1701445852437,71.19559478759766,2177600
2016-06-23,72.05245784353431,72.06942248825794,70.8647320627524,71.5094985961914,2285000
2016-06-24,69.21042115517605,70.55085495879013,69.05771342473157,69.32919311523438,4897600
2016-06-27,68.99833411037008,69.03226988403463,67.68335038936343,68.36205291748047,3361800
2016-06-28,69.17404762009356,69.96040616339079,68.41333021086035,69.55867767333984,2537900
2016-06-29,70.11423832210194,70.32792306965004,68.84922826845609,69.6697769165039,2821400
2016-06-30,69.99455488391465,70.04583712154063,68.23379516660603,69.26802825927734,4921400
2016-07-01,69.42189264468291,69.55864747403243,68.66971825927014,69.14837646484375,2734300
2016-07-05,68.60136973774775,68.8321464515025,67.19104875927906,67.6697006225586,2990700
2016-07-06,67.56709014305969,67.94317069939072,66.88329664241364,67.92607879638672,2387300
2016-07-07,68.07995542885433,68.52441679238127,67.55856417249868,67.84062957763672,2167500
2016-07-08,68.56714447637421,69.31076302519243,68.3791009055018,69.20819854736328,1974900
2016-07-11,69.20820411320814,69.57574207097882,68.79792660547862,69.22529602050781,2314700
2016-07-12,69.48173334753719,70.63562968093663,68.70391773572942,70.44758605957031,3866600
2016-07-13,70.66983849211366,71.38781630190549,70.45615368856,70.90916442871094,2772600
2016-07-14,71.43908944924138,72.35365994738184,71.27668694732911,71.49037170410156,3588100
2016-07-15,71.7638722861499,71.7638722861499,70.84075277307512,71.29376983642578,2774600
2016-07-18,71.1228271642394,71.72969103549667,70.05440347798209,71.64421844482422,2489100
2016-07-19,70.7894858619678,71.21685537490437,70.49032850714046,71.16557312011719,2487600
2016-07-20,70.97750708984698,71.33649580233946,70.72963206803861,70.78091430664062,2297600
2016-07-21,70.99462718516658,71.47328551302098,70.1826276529017,70.27664947509766,3083900
2016-07-22,70.2595415761826,70.2595415761826,68.24235706086908,68.481689453125,4753500
2016-07-25,67.55001807906086,67.60984954463015,65.70378534067936,66.60125732421875,7436300
2016-07-26,67.25087159297237,68.37057770962703,67.14830055497174,67.51583862304688,4139800
2016-07-27,67.83209889216155,67.95176185045841,67.00300088028895,67.05428314208984,2496500
2016-07-28,67.07992257180167,67.14829673877452,66.50724246027204,66.81494903564453,4712400
2016-07-29,66.04566576206605,66.82348121853047,65.92600284893916,66.4217529296875,3753900
2016-08-01,66.455945329974,66.65253813401374,65.96874444820757,66.4046630859375,1898600
2016-08-02,66.12259992033387,66.61835003312224,66.12259992033387,66.4132080078125,3483400
2016-08-03,66.46452107759815,67.19104808309092,66.42178150974578,66.93462371826172,1865300
2016-08-04,67.01153378112083,67.3192403192876,66.16534406173248,66.44740295410156,2235500
2016-08-05,66.72945898509674,67.37906231001566,66.42175249019512,66.96023559570312,2460100
2016-08-08,67.13974442710975,67.5158251155886,67.02008150062005,67.45599365234375,2698600
2016-08-09,67.52436541792429,67.95173481930355,67.00297422655042,67.43034362792969,3067900
2016-08-10,67.50728647004807,67.68678087054684,66.66109019765858,66.7978515625,1780500
2016-08-11,66.91751132247867,67.07136459005811,66.6012555721375,66.66108703613281,2773000
2016-08-12,66.66107759171834,66.86621960018711,65.66958396867759,65.81488800048828,3812300
2016-08-15,65.9431359260083,67.22524482986663,65.78073337808712,66.90898895263672,2667300
2016-08-16,66.83204190371035,67.0286282142439,66.44740545594945,66.7978515625,1947400
2016-08-17,66.66961962891564,66.93458654324047,66.02001638097143,66.18241882324219,2764600
2016-08-18,65.95166973731844,66.38758196757158,65.58413167656242,65.76362609863281,4041200
2016-08-19,65.76362218555414,75.29395702714777,65.76362218555414,74.63581085205078,23735600
2016-08-22,74.27680968802717,75.58455912597056,74.02038541656606,75.18283081054688,7998100
2016-08-23,75.55893411393461,75.75552044565003,74.58453210844193,75.29396057128906,5280000
2016-08-24,75.09736254371298,75.58456347058136,74.66144386562848,74.72127532958984,3796000
2016-08-25,74.61016082763672,74.96060039252056,74.30245429590727,74.61016082763672,3044600
2016-08-26,74.6443751978368,75.20849967352794,74.01186350057314,74.14007568359375,3031600
2016-08-29,74.07169066743154,74.40503838183,73.80671712231724,74.3024673461914,2007600
2016-08-30,74.36229147775637,74.4050310353379,73.08873221974645,73.26822662353516,2918900
2016-08-31,73.0716387401878,73.0716387401878,71.729698707563,72.2681884765625,4440300
2016-09-01,72.22545165922661,72.49896790170583,71.26814154997854,71.4134521484375,2996600
2016-09-02,71.75532594929707,71.96046797452223,71.57583156808012,71.84080505371094,2071200
2016-09-06,71.73823877845798,72.3451026372592,71.64421697430592,72.19979858398438,2906700
2016-09-07,71.96900828254604,72.13995996456727,71.60147031762526,71.81515502929688,2186600
2016-09-08,71.68695434979254,71.78097615108601,71.15701388078756,71.43907928466797,2234600
2016-09-09,71.11427035239751,71.2510316997771,70.26808070919117,70.2851791381836,3112100
2016-09-12,70.10569316032729,71.50747118475408,69.8920084004223,71.020263671875,3635300
2016-09-13,70.43049592686438,70.6954629339465,69.10564784917143,69.31078338623047,3166300
2016-09-14,69.18258884070858,69.59285998058989,68.67828935155765,68.8663330078125,2452900
2016-09-15,69.04579899786371,69.90053779510617,68.74664172305675,69.75523376464844,2149400
2016-09-16,69.40478334489286,70.14840839914596,68.96887128104642,70.04583740234375,3596000
2016-09-19,70.33647046259293,70.69545926409616,69.99457357114855,70.1826171875,2073700
2016-09-20,70.60145493226257,71.25105853469255,70.31084674134064,70.49034118652344,1918200
2016-09-21,70.80657542689087,71.10573929294618,70.37066323336194,70.98607635498047,2020100
2016-09-22,71.27667710014248,72.00320386856771,71.10573192679784,71.93482971191406,2790600
2016-09-23,71.6015088045682,71.92631391442647,71.09721574410483,71.23397064208984,2561300
2016-09-26,71.17410578959532,71.6527640110367,71.11427432705769,71.43907928466797,3409600
2016-09-27,71.13138041949011,71.41344585375545,70.77239160559299,70.98607635498047,2797900
2016-09-28,71.2185386241801,72.46692670613632,71.2013157635674,72.3980484008789,3389500
2016-09-29,72.3980367213501,73.10402938345008,71.86424636321004,72.20001983642578,2725500
2016-09-30,72.50995276186799,73.60336757143509,72.47551362088866,73.48283386230469,3157800
2016-10-03,72.84572617567333,73.87026927187627,72.5271690480604,73.48283386230469,2679600
2016-10-04,73.65504581503737,74.2491030643412,72.88018139355852,72.92322540283203,2126300
2016-10-05,73.18151836598308,73.85306536589555,72.75965027578611,73.28483581542969,1782800
2016-10-06,73.29344151927093,74.05969454783855,73.22456978744405,73.43119812011719,2029200
2016-10-07,73.42260673079429,74.61933961075508,73.284856660946,74.30078887939453,2922700
2016-10-10,75.26505050250529,76.91809056401516,75.16173960403424,75.3253173828125,3719800
2016-10-11,75.05840209702374,75.58358758602263,74.53321660802484,74.94647979736328,2008100
2016-10-12,75.01536150932463,75.4372361836041,74.55905425256185,74.8517837524414,2167700
2016-10-13,74.4299187431376,74.70542541895455,74.14580720488067,74.33521270751953,2437100
2016-10-14,74.80010503316045,75.15310132643042,74.33518645032913,74.38684844970703,1800700
2016-10-17,74.41268914650352,74.67097948266728,74.30076683741717,74.44712829589844,1118700
2016-10-18,75.00676373650957,75.00676373650957,73.87890277999814,74.56767272949219,1882000
2016-10-19,74.47293411397132,74.84314665034523,73.99940415979741,74.52458953857422,1915300
2016-10-20,74.37823631710731,74.4298917474009,73.46562201608106,74.13716888427734,1951800
2016-10-21,73.56890875515519,74.47291790045914,73.41393594649145,74.41265106201172,1394900
2016-10-24,74.73986289384,75.06703157992625,74.19746098544029,74.64515686035156,1323400
2016-10-25,74.32660320133388,75.3253123755494,74.23189717163281,74.49018096923828,2039000
2016-10-26,73.93915822485496,75.30808648143528,73.71531360918958,74.93787384033203,2192600
2016-10-27,75.32529516172215,75.42000116978039,74.63653195691134,74.90342712402344,1998000
2016-10-28,75.05840085734123,75.42000203666784,74.61930995753293,75.04978942871094,2483100
2016-10-31,75.6954983735099,76.49619034409577,75.59218751833403,76.02266693115234,2536400
2016-11-01,75.8677303518687,76.13462561346742,75.23061578690746,75.8418960571289,2998300
2016-11-02,75.64385506921768,76.35845258548596,75.63524364037471,75.90214538574219,3101700
2016-11-03,75.87629893866226,76.26373435135547,75.65245437338481,76.02266693115234,2201100
2016-11-04,75.99684827077499,76.22069945066212,75.48888561215729,75.81604766845703,1974200
2016-11-07,76.62532806396484,77.29687483197738,75.96239272258153,76.62532806396484,2572300
2016-11-08,76.4445481981167,77.10748371885488,76.28957531983308,76.61673736572266,1915300
2016-11-09,77.09027016994999,80.06057611261357,76.7717129730996,77.58101654052734,7834700
2016-11-10,77.99428322948708,79.06187726359242,77.45188135065702,78.0889892578125,3479300
2016-11-11,77.89094790072608,78.4764001791417,77.21940105137178,78.433349609375,3176800
2016-11-14,78.32140283268238,79.20818911638008,78.32140283268238,78.88102722167969,2727800
2016-11-15,78.6399907853633,78.82940281363689,78.2095112915036,78.56250762939453,2368400
2016-11-16,78.22673414967164,78.79496366589662,78.13202813553484,78.56250762939453,1725500
2016-11-17,78.57972861032269,79.24267074885914,78.3386611303444,79.01020812988281,1954200
2016-11-18,78.94131111391944,79.37179049559667,78.80355455885757,79.17376708984375,2398500
2016-11-21,79.42345638672879,79.55260153197092,78.63137579651634,79.46650695800781,2756100
2016-11-22,79.85395049807482,80.18972399624481,79.07047462328076,79.21684265136719,5414000
2016-11-23,85.69123387971958,88.2482827328063,84.86471416625832,87.96416473388672,20485400
2016-11-25,87.54230197006314,90.25432384218162,86.78466049622041,89.4708480834961,6584700
2016-11-28,89.10064964283863,89.29006168353332,87.55092730447484,87.55953216552734,4903500
2016-11-29,86.70718546973474,87.05157040477448,85.95814872866801,86.3972396850586,5902400
2016-11-30,86.57799677633125,87.88665755791543,86.26805114746094,86.26805114746094,5146400
2016-12-01,86.9138232027649,88.7132312344346,86.2250598267942,88.42050170898438,6152300
2016-12-02,87.85225536977687,88.20524513696118,87.04295182420948,87.38733673095703,3282400
2016-12-05,88.093314325383,88.29994262203593,86.99128798510722,87.20652770996094,3462100
2016-12-06,86.81909922928043,88.67877375413777,86.66413292080462,88.26551055908203,3039300
2016-12-07,88.20523885780607,88.87679233402532,87.84363768733088,88.55823516845703,4921100
2016-12-08,88.30855487218679,90.20266184109119,88.07609885736301,89.4708480834961,4334100
2016-12-09,88.87680432072689,89.38476699986525,88.47215252217467,89.21257781982422,3164300
2016-12-12,88.68739737750842,89.23841066761639,88.10194493569414,88.17942810058594,1712500
2016-12-13,87.98139966951928,88.17081169480582,87.1204406953773,87.24097442626953,2605900
2016-12-14,87.20650454981472,87.37008879920957,86.39720129734764,86.56939697265625,2140800
2016-12-15,86.56941008758601,87.67143630214039,86.13893068698856,87.30122375488281,2751000
2016-12-16,86.87075039114029,88.2396718272445,86.87075039114029,87.61117553710938,3717800
2016-12-19,87.38733891344887,88.67877741955895,87.30124432676071,88.0330581665039,1849000
2016-12-20,88.47214061821794,89.62582242017615,88.05887744568952,89.22978210449219,2093100
2016-12-21,89.14370690237487,89.14370690237487,88.42049783540189,88.75627136230469,1907500
2016-12-22,88.6873996257427,88.9629062777808,88.45493698798124,88.75627136230469,1858600
2016-12-23,88.67878703580051,88.94568225405443,88.46354726144178,88.7821044921875,1003800
2016-12-27,88.7734853824615,89.64305583485377,88.7734853824615,89.45364379882812,1752700
2016-12-28,89.58355226105056,90.34560122900612,89.32376824567932,89.54891967773438,2745300
2016-12-29,89.40168727042803,90.00786309019436,89.2198365065228,89.3757095336914,2130300
2016-12-30,89.20251500159881,89.60951713800391,89.00334135368301,89.2284927368164,1793900
2017-01-03,89.78269619085526,90.7265890319618,89.5835225656849,90.10310363769531,3379100
2017-01-04,90.35424086801667,92.224717176354,90.14641236933993,91.6358642578125,4439000
2017-01-05,91.48000337052606,92.0082394384302,90.96042875151781,91.22887420654297,2328300
2017-01-06,91.61853389717466,92.44119292452989,91.28081016116586,92.2160415649414,2633300
2017-01-09,91.73978664596342,92.06018755523849,90.7958869942969,91.09031677246094,2195000
2017-01-10,90.92575382186189,91.22883834658533,90.60534640615589,90.83049774169922,1745100
2017-01-11,91.01235249519904,91.64450590917153,90.89978012580555,91.54058837890625,1235300
2017-01-12,91.06430506167722,91.29811122194351,90.05112741586528,91.07295989990234,2166000
2017-01-13,91.41067444848424,91.7916987082243,90.89110011676804,91.60984802246094,1360500
2017-01-17,91.54061542596432,91.54061542596432,90.14641953168578,90.354248046875,2438800
2017-01-18,90.89113066512591,91.48864498113346,90.4494893616965,91.13359832763672,1941200
2017-01-19,91.2981390239419,91.5319452554066,90.85649769034333,90.9430923461914,1526100
2017-01-20,91.33274477510489,92.68363941073386,90.96038194518839,92.43251037597656,2843900
2017-01-23,92.47584363184478,92.91748495966219,92.18141387771696,92.76161193847656,2073100
2017-01-24,92.11214081265123,93.52365282406645,92.11214081265123,93.23788452148438,2277800
2017-01-25,93.3677940371949,93.93066928078514,93.15996551579605,93.57562255859375,2181200
2017-01-26,93.48033862651381,93.59291760578178,92.5970627183406,93.20323181152344,1560000
2017-01-27,93.35045628400606,93.51498413085938,92.74428054306561,93.51498413085938,1220700
2017-01-30,93.28984618227007,93.28984618227007,92.18141215963755,92.70964813232422,2420700
2017-01-31,92.06018140965558,92.78759105492888,91.47998994701119,92.70099639892578,1645800
2017-02-01,92.91748531279528,93.40242066643862,92.35461014488858,92.78759002685547,1375100
2017-02-02,92.78758452262029,93.15994746329291,92.32862693204092,93.0300521850586,1167600
2017-02-03,93.09932718362691,93.592923937683,92.9001535499648,93.51498413085938,1895100
2017-02-06,93.31583855853258,93.6535623833368,93.04738650302825,93.57562255859375,2022300
2017-02-07,93.94794991656885,94.30299650401399,93.58424849046438,94.1817626953125,1755900
2017-02-08,93.7661212598239,93.99993409356661,93.30716364653097,93.87870025634766,1605900
2017-02-09,93.87869206415675,94.55413955736279,93.60157862412551,94.49352264404297,2715500
2017-02-10,94.60609592372045,95.59328943960203,94.51950127626118,95.46339416503906,2757800
2017-02-13,95.22961214326878,97.14338274720771,94.83992622060487,95.90505981445312,2704100
2017-02-14,95.15164810393836,95.61926712809577,94.44156142431001,95.29886627197266,3521100
2017-02-15,94.45888346403906,94.96979650391357,93.79209081077296,94.49352264404297,5231900
2017-02-16,94.51949554287104,94.73598545176138,93.48900146239377,94.53681182861328,4757900
2017-02-17,96.78832725673196,97.1260576685177,93.3331493861854,95.48938751220703,6717800
2017-02-21,95.46339893199634,95.48937666685651,93.99993147863655,94.9178466796875,3355000
2017-02-22,94.21642726424783,95.18629799526803,94.12982600033631,94.9524917602539,4206300
2017-02-23,94.86591035117844,94.99579905168709,92.41524223141889,93.28986358642578,4170700
2017-02-24,92.89149597120353,94.10384089681759,92.72696811749937,94.060546875,2166400
2017-02-27,94.08654228519232,95.03043538317102,94.00860246048103,94.83126831054688,1835200
2017-02-28,94.31169026460196,95.79248081262071,94.31169026460196,94.8139419555664,2812500
2017-03-01,95.8790471810975,96.79696223539445,95.87038573527941,96.31202697753906,2859800
2017-03-02,95.92236564042337,96.32071296859746,94.71868202812303,94.85723876953125,2348400
2017-03-03,94.75332058712272,96.13020011708167,94.26838520889768,95.97432708740234,1886800
2017-03-06,95.17765013345478,96.17349867397239,95.00445419968045,95.98298645019531,1688700
2017-03-07,95.97431381652058,96.07822475077246,95.2728819765798,95.46339416503906,1640000
2017-03-08,95.63661228725674,96.38999316261855,95.38548312655293,95.66259002685547,1892600
2017-03-09,95.72321222617953,96.03495833203102,94.22509862824037,94.89189147949219,2125600
2017-03-10,95.10836134905846,95.25557292159034,94.28569561886829,95.18629455566406,1876800
2017-03-13,95.40277093142328,95.83575074678609,94.69268429849816,95.15164184570312,1450700
2017-03-14,94.64935853834237,94.90048093309564,94.0778222025014,94.57141876220703,1504100
2017-03-15,94.9005338840042,96.39864728559535,94.53683234376213,95.93968963623047,2580000
2017-03-16,96.29471370030672,96.35533061359085,95.61926620749841,95.8877182006836,1378900
2017-03-17,95.89639282350092,96.2168003493856,95.45475805278754,95.645263671875,4122200
2017-03-20,95.6539071561484,96.28606064072704,95.1689718409088,96.01760864257812,1360200
2017-03-21,96.3466815577327,96.5458485961596,94.51084454888236,94.9178466796875,2261800
2017-03-22,94.99581006577107,95.46342926206859,94.47623538324622,95.05642700195312,1650600
2017-03-23,95.13434008473244,95.87040456187864,94.61476554832034,94.84857177734375,1046500
2017-03-24,94.8485424349835,95.46337288365446,93.81804852172337,94.37226867675781,1844700
2017-03-27,93.1859209705321,93.51498326795038,92.59706812842967,92.7962417602539,3473100
2017-03-28,92.9261351135244,93.99126847236255,92.9261351135244,93.80941772460938,1864900
2017-03-29,93.739749705382,94.33188214851474,93.48722195015173,94.20126342773438,1615000
2017-03-30,94.33186986317112,95.28972928490641,94.26220566868845,95.06332397460938,1091300
2017-03-31,94.74115116513023,95.6728882973963,94.37541741775325,94.79339599609375,2257900
2017-04-03,94.88917517503815,95.14170291080151,94.01839262835492,94.72372436523438,1642000
2017-04-04,94.85437730164054,95.46392264683969,94.47994040571935,95.35072326660156,1266700
2017-04-05,95.7861055771328,96.69172046345113,94.8543682704425,95.13301849365234,1322800
2017-04-06,95.45517102450223,96.56106177187523,95.08943735995841,96.1692123413086,1616300
2017-04-07,96.116989609952,96.51754884462326,95.16783967979401,95.19396209716797,1334700
2017-04-10,95.30714894846118,95.96894555712731,95.07204057939943,95.4638900756836,1040200
2017-04-11,95.80352792290087,96.98779315126369,95.23752437525869,96.79622650146484,2846700
2017-04-12,96.64818370161565,96.83104729729025,95.15914587094049,95.22010040283203,2088200
2017-04-13,95.00237701494405,95.41164588562431,94.00968541708049,94.04451751708984,2341200
2017-04-17,94.38415624864264,94.90662465024133,93.82685573446454,94.74118041992188,1981400
2017-04-18,94.06193260504628,94.81080616517502,93.89648843028105,94.45378875732422,1690500
2017-04-19,94.74114710324375,94.9065912753831,93.94873176870207,94.23609161376953,1458200
2017-04-20,94.04455145542617,95.04595310055893,93.40017398157266,94.74118041992188,2014000
2017-04-21,94.95016385300728,95.32460074855457,93.20859813298195,93.64398956298828,2025100
2017-04-24,94.92401558742806,96.29984708258759,94.86306106956367,96.0037841796875,2711400
2017-04-25,97.24898618605334,99.38240057291233,97.15319958319425,98.52903747558594,3326100
2017-04-26,98.4768162565841,99.07765846932888,97.96305763212612,98.00659942626953,2208100
2017-04-27,97.96303126727345,98.11977238304281,96.25629836419769,96.8135986328125,2635100
2017-04-28,96.65690173441067,97.40577555861142,95.64679038323894,97.18807983398438,2297700
2017-05-01,97.74535923361823,98.21558269441736,97.46670903205707,97.50154113769531,1808400
2017-05-02,97.7714796840051,98.34619945015098,96.15182334392367,96.5959243774414,2653300
2017-05-03,96.08216568701147,96.65688549235418,95.60323915943772,96.4740219116211,2013100
2017-05-04,96.67428726188272,97.60602443532304,96.15181899852689,97.55377960205078,3691000
2017-05-05,97.17933337945797,98.5203393330504,96.98776015129566,98.49421691894531,1505800
2017-05-08,98.34619839996664,98.51164259222051,97.71923380488242,98.0849609375,1460400
2017-05-09,98.3636233249878,99.30407033420491,98.25912699833741,98.90351104736328,2059700
2017-05-10,98.83383095170362,99.41725373379606,98.6857994953896,98.87737274169922,2164900
2017-05-11,98.79027411068321,99.38240648927032,97.78016984341306,98.80769348144531,1627000
2017-05-12,98.43326240485219,98.55517143303844,97.84983967802607,98.49421691894531,1421400
2017-05-15,98.93830588790911,99.24307842140507,98.63352671087017,99.09504699707031,2527900
2017-05-16,99.35629898924014,100.10517259936906,99.12119059701101,99.96585083007812,3202000
2017-05-17,99.96585288748214,99.96585288748214,98.44198321934093,98.59872436523438,2769900
2017-05-18,97.69311961089271,98.85125562833721,96.76138232686264,98.11109161376953,3278700
2017-05-19,104.8161046899284,106.4444639114982,103.62313012787283,105.27761840820312,11097700
2017-05-22,106.30514025341598,106.67086734701233,104.59840717308906,105.98294830322266,4423500
2017-05-23,106.11357020551104,106.80148926994855,105.39081903917925,106.34867858886719,3719400
2017-05-24,106.20063905533196,106.94951258020015,106.05260761620639,106.91468048095703,1990100
2017-05-25,107.10626251585562,107.48069930909185,106.28772472516617,106.60991668701172,2792200
2017-05-26,106.93210293545954,107.6200153238287,106.54895647628172,106.92339324951172,2132000
2017-05-30,106.23547059341475,106.80148057692445,106.10485188282888,106.46187591552734,3261600
2017-05-31,107.14980493859794,107.28912670431244,106.33126714306356,106.63603973388672,2341900
2017-06-01,109.06554973123362,109.70122412188917,108.08156752254048,108.58661651611328,4198000
2017-06-02,109.62281047245955,109.71859708075957,108.36017848093165,108.76944732666016,2428400
2017-06-05,108.5256258466166,110.10174676566497,108.5256258466166,109.13517761230469,2098400
2017-06-06,108.67365417645675,109.50089485992969,108.53432579330094,108.89134979248047,2051300
2017-06-07,108.89138631317132,109.4312673701114,108.66498093638134,109.10037231445312,2144800
2017-06-08,109.1003653799532,109.97114808074917,108.98716602052585,109.71862030029297,2267000
2017-06-09,109.95372954634482,110.62423595146515,109.1264886316868,109.67507934570312,2395400
2017-06-12,109.62283367172184,110.06693470932032,108.31665962052787,109.71862030029297,1997300
2017-06-13,109.71862343560295,110.28463353600355,109.71862343560295,110.0843505859375,1171200
2017-06-14,110.08433840921714,110.19754440290222,109.66636646750919,110.09304809570312,1836700
2017-06-15,109.45737259787907,110.19754313918219,109.2048514845795,110.04080200195312,3859900
2017-06-16,110.22369012093333,111.6430703587258,110.18014832284258,111.37312316894531,4207100
2017-06-19,111.78239700862964,111.78239700862964,110.15403723185447,110.58071899414062,2089800
2017-06-20,110.26719940744238,110.65905556769503,109.7534408569336,109.7534408569336,2204300
2017-06-21,109.97984325088395,110.06692018076065,108.09023999048557,108.65625,1850600
2017-06-22,108.83041965588893,109.08294078070512,107.5503680840635,107.85514068603516,1979900
2017-06-23,107.8115943273603,108.38631404690663,107.41103511837838,107.62873077392578,7209800
2017-06-26,108.12508278504572,108.42985539152907,106.44447196238659,107.41104125976562,1714400
2017-06-27,107.92479394602238,108.21214714528016,106.18322880450086,106.2354736328125,1465800
2017-06-28,106.98805946028449,108.22192774714065,106.33174469508596,108.04691314697266,2375100
2017-06-29,107.96816469694791,107.99442289882568,105.81545281318,106.68179321289062,1817800
2017-06-30,107.27683017241853,108.80823125252205,106.98805675707551,108.15191650390625,2305600
2017-07-03,108.67700291971413,109.82336418633284,108.32696695754927,109.3420639038086,1681900
2017-07-05,109.16703599780423,110.14713523751374,108.6069811969359,109.91085815429688,2293000
2017-07-06,109.63958275924801,109.7970985882192,109.11453222147065,109.46456146240234,1851900
2017-07-07,109.49956335177544,110.97846156530804,109.42956151093209,110.8209457397461,1584600
2017-07-10,110.8821864796919,112.44859178904719,110.84718222582946,112.13356018066406,3103800
2017-07-11,112.01979586956047,112.71112154517114,111.41599084409832,112.06355285644531,1834800
2017-07-12,112.71112311828604,112.88613771551046,108.0381585969502,108.0556640625,4848200
2017-07-13,108.15192679548869,109.42955883625181,107.85440061913255,108.87825012207031,2894800
2017-07-14,108.96575256033654,110.06836326306201,108.74698096642003,109.79708862304688,1777000
2017-07-17,109.78832625767564,110.27837244861333,109.39454009372622,110.1558609008789,1573400
2017-07-18,110.16461553470565,110.64591567795433,109.68331539145697,110.33963012695312,1869400
2017-07-19,110.56717741773865,110.90846061701704,110.12963416980428,110.53217315673828,1474300
2017-07-20,110.4796656891606,110.89095739400636,109.69208653907081,109.91085815429688,2074100
2017-07-21,109.15825999254791,110.34837785976889,109.04450118037914,110.04209899902344,1455800
2017-07-24,110.19088638200273,110.82970244086596,109.99836629093765,110.74219512939453,1291200
2017-07-25,111.94982025331277,112.66739094216102,110.96972093443547,111.92356872558594,2128000
2017-07-26,112.05481131403131,112.16856346120495,111.13596796346677,111.8535385131836,1959300
2017-07-27,112.13357430642317,112.47485747910076,111.416003702796,112.39610290527344,1472900
2017-07-28,112.39609663937131,112.90364834145085,112.06355954251543,112.80738830566406,1261200
2017-07-31,112.8161660507007,113.35871548511496,112.14234561092795,112.25611114501953,1273300
2017-08-01,112.45733817809797,113.288680864318,112.16855809016221,112.90364074707031,1592200
2017-08-02,112.92989190709504,113.24492351540259,112.2735771691841,112.8686294555664,1513000
2017-08-03,112.83363570422341,113.46369894220366,112.74612172843139,113.33242797851562,1657600
2017-08-04,113.41993840055645,113.71746454451427,112.9736491846197,113.54244995117188,1214800
2017-08-07,113.91871059028969,114.1987445725103,113.46367539831401,113.72620391845703,1535200
2017-08-08,113.54247294835926,115.70393766345828,113.54247294835926,115.52892303466797,3955100
2017-08-09,114.89883191201872,115.94893278365895,114.79381247792477,115.87017822265625,1394200
2017-08-10,115.73894172514825,115.73894172514825,111.7835534762648,111.81855773925781,2991500
2017-08-11,111.94977199339745,112.4573168888751,110.68964579468873,110.8734130859375,2305700
2017-08-14,112.10730398389951,113.03489330524293,111.90603120167935,112.50984954833984,2146500
2017-08-15,110.95220439022033,112.08106663653044,110.3746441671122,111.29348754882812,2158300
2017-08-16,111.8447817018944,111.99355145204372,110.68092195703156,110.81217956542969,1919400
2017-08-17,110.689656227535,111.17095632834403,108.16065753719982,108.49319458007812,4123300
2017-08-18,101.01121222413958,103.61897234473251,98.77099342486096,102.6563720703125,11364600
2017-08-21,102.79637801846486,103.6014557282498,101.53625174132117,101.96504211425781,4809100
2017-08-22,102.35886455732827,102.84015810573656,101.85131280689347,102.80516052246094,3052600
2017-08-23,102.42887344347746,102.49887528665927,101.4662729904537,101.90381622314453,2778200
2017-08-24,102.0700901568124,102.0700901568124,100.84496770556161,101.01998901367188,2738700
2017-08-25,101.58003592933869,101.73755175617042,100.68744401849895,101.37001037597656,1861100
2017-08-28,101.8950581242627,101.97381269217806,100.73119166051123,101.47501373291016,1471500
2017-08-29,100.63493100101687,101.45751431259691,100.22363934522684,101.41375732421875,2578300
2017-08-30,101.00244967613293,101.19496971230751,100.59991081703063,101.06370544433594,1809800
2017-08-31,101.46626740646012,101.89506455789267,100.66118950494601,101.44876861572266,2067700
2017-09-01,101.49252748416914,102.0875865259412,100.99372848418226,101.63253784179688,1815500
2017-09-05,101.52750714312651,102.51635891119257,100.89745063045933,101.09871673583984,3225100
2017-09-06,101.3787607859557,102.20134416015252,100.74869749307129,101.70254516601562,3147900
2017-09-07,101.67628605143753,102.17508500833924,100.42491229270112,101.79879760742188,2881400
2017-09-08,101.6500460164265,103.19019337324762,101.4225216682948,102.64764404296875,3000600
2017-09-11,103.67148390602937,103.77648999813813,102.35885434363624,103.19893646240234,2759600
2017-09-12,103.70649845811796,104.35406057046868,102.16634441595151,102.61264038085938,3726300
2017-09-13,102.525125480056,103.225190591848,102.1400853289238,102.70889282226562,2562100
2017-09-14,102.70889036947884,103.8990083751214,102.51637029851031,103.58397674560547,1802800
2017-09-15,104.18778565395043,104.52906881913667,103.58398057205602,104.14403533935547,6627100
2017-09-18,104.13526676662707,105.06285608205677,104.03025401008885,104.91409301757812,2009700
2017-09-19,105.01037481104728,107.95941857382093,104.92286750064737,107.70564270019531,3947000
2017-09-20,107.72313498424994,108.60697412157054,107.55687310744781,108.46695709228516,2173300
2017-09-21,108.3444481802903,109.24578613013138,108.08192625852723,109.19328308105469,1742400
2017-09-22,109.01826207448418,109.22828093485653,107.88064711774051,108.29193878173828,1864300
2017-09-25,108.23067841773721,108.43195121283631,107.73187947274606,108.30943298339844,1605200
2017-09-26,108.51070900147266,108.88699640458132,107.79313845093745,107.88064575195312,1057900
2017-09-27,108.07317286610655,108.42320876936984,107.37310105957994,107.91565704345703,2517800
2017-09-28,108.07394460961345,109.2435015049388,107.62546664429667,108.74226379394531,2861100
2017-09-29,109.04121318979533,110.48337063397105,108.86534294890352,110.43939971923828,3093400
2017-10-02,110.53615550360568,111.95193340453912,109.99095360743435,111.9343490600586,2628100
2017-10-03,111.85520058703723,112.81370500479679,111.66174596538579,112.64663696289062,1590000
2017-10-04,112.47955298261373,113.05113472622091,111.69691215087872,112.84888458251953,1400300
2017-10-05,112.7609433219706,112.93681359645163,112.22453697209716,112.5674819946289,1415700
2017-10-06,112.2245642666335,112.83132155747931,111.91678114790327,112.67304229736328,1496400
2017-10-09,112.75215125793304,113.19183364049617,112.33005321870331,113.1214828491211,988100
2017-10-10,113.42045880020024,113.42045880020024,112.52350973008522,112.77852630615234,1123200
2017-10-11,112.5674910005661,112.76095234338563,111.61778204975795,112.3564453125,1868000
2017-10-12,112.20696801807213,113.6843014253405,111.9783312490007,112.99839782714844,2751500
2017-10-13,113.45567176059785,113.45567176059785,112.0135070429105,112.47957611083984,2023200
2017-10-16,112.82250265911684,113.1038924080966,112.30367395619727,112.31246948242188,1249300
2017-10-17,112.3652410633419,113.63152861230242,112.3652410633419,113.16546630859375,1777100
2017-10-18,113.02474442591344,113.71945005675535,112.78731219858412,113.19182586669922,1701000
2017-10-19,112.76974725117395,113.07751688162787,112.14539233664061,113.0159683227539,1637600
2017-10-20,113.43807743265752,113.58756786251975,112.67303422746721,113.56997680664062,1384900
2017-10-23,113.68427011595107,114.50208628428321,113.13026604766286,113.95687103271484,1337400
2017-10-24,115.6364926704359,116.3927470755727,114.56366634179895,115.21440124511719,3153800
2017-10-25,115.54854643856943,115.75959885227218,113.7370568295971,114.80988311767578,1498300
2017-10-26,115.1176571341566,116.762065129886,114.79228301142957,116.19927215576172,1786900
2017-10-27,115.9882062133856,117.22811374249981,115.48697527870536,117.17535400390625,1658300
2017-10-30,116.84120444161178,117.62383862886458,116.33997344970703,116.33997344970703,2708100
2017-10-31,117.21053549597463,117.38641920122427,116.2432422073157,116.85000610351562,1319800
2017-11-01,117.72055744261253,118.47681168138313,117.17535557909473,118.07231140136719,1558000
2017-11-02,117.89645630366762,118.74942789557201,117.11380867648143,118.22181701660156,1641000
2017-11-03,118.35370843409414,118.74063110351562,118.00196787173408,118.74063110351562,1056500
2017-11-06,118.72302719221337,119.4441127104126,118.41525758799051,118.9868392944336,2432000
2017-11-07,119.18909633826364,120.20037388575777,119.18909633826364,119.3386001586914,1234200
2017-11-08,119.3738084737505,119.48813022683714,118.29219319269872,118.39771270751953,1271200
2017-11-09,117.83489729723698,118.01076759466892,114.99455241048265,115.44302368164062,2879200
2017-11-10,115.73319475769888,116.55099753081853,115.39024304348077,116.27839660644531,2990800
2017-11-13,115.6364588979756,117.11378516414958,115.31109825036263,115.99700164794922,1820300
2017-11-14,116.12013166446664,116.95552559223115,115.69804029156171,116.85000610351562,1591300
2017-11-15,116.3311991613961,116.97314532324118,115.51339608727433,116.3136215209961,1764800
2017-11-16,116.75324158399802,118.95165308183162,116.6301310768409,118.37126922607422,2065800
2017-11-17,117.84365179315398,120.04206341586215,117.62381063088317,119.39134216308594,1965000
2017-11-20,119.75187608293405,121.19404704428416,119.7167073995539,120.4026107788086,2564500
2017-11-21,121.8447719571624,123.42763111729539,121.30835894784066,122.43394470214844,5917200
2017-11-22,127.97395849775158,128.38726102792867,125.18637368696776,127.72773742675781,8094200
2017-11-24,128.50159787293845,130.0668663305352,127.93880487040975,127.94759368896484,1964900
2017-11-27,128.1674493073749,130.8758951293188,127.78932879639216,130.82313537597656,3880800
2017-11-28,130.1899404635431,131.7376174330669,129.46006618632433,131.3594970703125,3992800
2017-11-29,130.95500455543825,131.20122562627617,129.41611615368024,130.5329132080078,2421800
2017-11-30,130.98137581550975,132.56423503687168,130.1459819930813,131.78160095214844,3726400
2017-12-01,132.1245754578349,132.33562786310512,129.2050775661257,131.8519744873047,2022500
2017-12-04,133.6546615466566,134.26141199097037,132.71373476461676,132.75770568847656,1893800
2017-12-05,132.49392700195312,134.13833530859446,132.13338412056848,132.49392700195312,1802600
2017-12-06,132.3708433517378,133.11830914386508,131.39474743660656,131.42112731933594,1411100
2017-12-07,131.1660398844399,133.2061589801398,131.0253383142426,132.88079833984375,1434300
2017-12-08,133.4963632987917,134.0679584488834,132.82805090552856,133.2941131591797,1084000
2017-12-11,132.60826312017025,133.29416684208803,132.39721066033138,133.07432556152344,1537200
2017-12-12,132.99516304232404,133.40846565213073,132.24769744976862,132.84567260742188,1699200
2017-12-13,133.38205930117297,134.84180823043957,133.0127276596796,133.61949157714844,1608200
2017-12-14,133.98880963252614,134.17348214356917,131.2979555044606,131.4122772216797,1420300
2017-12-15,132.4323504409957,133.66345585135693,132.3883795153308,132.66976928710938,2555900
2017-12-18,134.10313575855372,136.011355817871,134.03278496241694,135.4573516845703,1985100
2017-12-19,135.72120400001586,136.2839971177,133.68108398017822,135.8443145751953,1841200
2017-12-20,136.24877240923846,136.51258450990295,135.42216742224215,135.74752807617188,1430000
2017-12-21,136.28393979110754,137.44470765571577,135.6420073061267,137.0577850341797,2315600
2017-12-22,137.23366933301918,139.02758104947446,136.39827545180694,138.52633666992188,1714700
2017-12-26,138.89567232196637,139.60795568792867,137.89319695171525,139.5991668701172,2407200
2017-12-27,139.4848299403368,139.90693467403074,139.13308941363286,139.4496612548828,1781500
2017-12-28,139.8910231684248,140.04991700250068,138.84943819116322,139.2025146484375,1237600
2017-12-29,139.42321185671392,139.4585275891767,138.1168126047068,138.15211486816406,1258200
2018-01-02,138.29332956840366,139.52028843697556,138.1874093253338,139.4761505126953,1897600
2018-01-03,139.3702408986826,140.4383194841066,139.14956472945488,140.11170959472656,1392300
2018-01-04,140.52660102032414,141.32104341920726,138.89360522690924,140.9149932861328,1747000
2018-01-05,141.05621804220814,141.6476285929077,138.222729942702,141.51522827148438,1574400
2018-01-08,141.2768901035242,142.27433725683454,140.26177161586588,142.21255493164062,2711800
2018-01-09,143.00699814726144,146.51133724030277,142.57448142042156,146.17591857910156,4345200
2018-01-10,147.18214771232692,148.68274261279277,144.85180845763847,145.59327697753906,5473700
2018-01-11,145.76103021439434,147.89717395442963,144.56055129357236,147.81773376464844,1958200
2018-01-12,148.69160540047724,150.70417105762562,148.25908871362824,149.44190979003906,2316500
2018-01-16,150.1921804390287,150.59823047635246,146.84673597289566,147.88832092285156,2046100
2018-01-17,148.82400551446187,148.8593077731837,146.87322236223807,147.79122924804688,1960400
2018-01-18,147.37638460753385,148.6916060079441,146.75848053407384,148.20611572265625,2185900
2018-01-19,148.76220585465697,150.34225463867188,148.37381367380408,150.34225463867188,1613900
2018-01-22,150.05977060411118,150.41284702969642,148.9299098794357,150.39520263671875,1401000
2018-01-23,149.97155963432414,150.13927572317453,148.67398233206993,148.87701416015625,1365000
2018-01-24,149.80380886360646,150.43934380648642,148.3473381409547,149.7067108154297,1448700
2018-01-25,150.94249296109095,151.29556942836913,147.33223422750646,149.29183959960938,1651300
2018-01-26,149.61844335442788,151.7899027949603,149.30066913066713,151.37503051757812,1554500
2018-01-29,151.37504256469555,151.78107920742352,148.965248897309,149.3359832763672,1487600
2018-01-30,148.07373232111536,149.53018987437616,147.2528233104791,148.7445831298828,1712700
2018-01-31,149.5478178888019,150.57175849962923,146.67020562286007,146.8997039794922,1969800
2018-02-01,146.52015604584523,148.6386419099622,144.99306723754788,148.1619873046875,1721300
2018-02-02,147.11157250959752,148.23259781120478,145.39912319028542,145.61097717285156,2568700
2018-02-05,143.96914108149633,146.5819394349538,138.55815699334264,138.602294921875,3549600
2018-02-06,135.892372582475,143.22764576712817,133.6856110482711,142.89222717285156,3377400
2018-02-07,142.26554164726252,144.90483404563668,142.0360432309285,142.50387573242188,2378800
2018-02-08,142.2919693720703,142.309627234218,135.59224513577257,135.63638305664062,3051300
2018-02-09,137.1811389787655,138.71703651778398,131.16992220045796,136.75743103027344,3895300
2018-02-12,138.35514907127595,141.55053599562825,137.62250250345372,140.53543090820312,2343100
2018-02-13,139.48494923084647,142.6538547073088,139.0788992916313,142.38021850585938,1795900
2018-02-14,141.19740381685688,145.5403079121375,141.02085215907277,144.1279754638672,2854000
2018-02-15,145.64626429053627,147.78240788385034,143.8720328289293,147.24395751953125,3026200
2018-02-16,146.3171303315638,154.70282521702381,143.00698761361903,149.56549072265625,6626900
2018-02-20,149.2123448522345,150.02444474752627,144.45456870679774,145.44320678710938,3750400
2018-02-21,145.46974194162152,147.21749353262217,142.9716859438401,143.07760620117188,2753300
2018-02-22,143.88084462452096,146.35242010941758,143.66899067930026,144.90478515625,1908800
2018-02-23,145.66391354400398,146.75845860289994,143.76609061584867,146.74081420898438,2038800
2018-02-26,147.45582160808337,148.56802467203423,146.20238256074057,147.81773376464844,1770000
2018-02-27,147.87950279449768,147.87950279449768,144.392822265625,144.392822265625,2281800
2018-02-28,144.6929539544344,145.57565866142994,142.00070190429688,142.00070190429688,2781400
2018-03-01,141.8947431325231,143.74842790163711,137.47239859975272,138.41688537597656,3697000
2018-03-02,137.30470148225413,137.9314141976632,133.9769014111424,135.3274383544922,4169500
2018-03-05,134.64778576529685,139.6792139565402,133.32372855054996,139.06130981445312,3093400
2018-03-06,139.9969493748188,140.8531738802558,138.9906667096355,139.91749572753906,2394000
2018-03-07,137.73719749214956,139.74977604483414,136.8015329231214,139.3790283203125,2589100
2018-03-08,139.19373072158658,142.4244337230211,137.45480107994592,142.16844177246094,3508000
2018-03-09,142.99817217999066,148.3032229780729,142.7598381217024,148.23260498046875,3828000
2018-03-12,148.25904400589064,148.33848417311108,143.70428585257326,144.79000854492188,2260900
2018-03-13,145.6109474424104,146.8025904949,141.8241374076264,142.3979034423828,2732300
2018-03-14,143.3689375269543,143.4395555398088,140.26181230640032,141.4181671142578,2243000
2018-03-15,142.04481695232676,142.71566757273845,140.4824261012991,140.87965393066406,1320700
2018-03-16,140.9855543268562,144.74587039488398,140.6766023850531,144.65760803222656,3818700
2018-03-19,143.57190527908878,143.8190615024395,139.31727588940524,140.81787109375,2798600
2018-03-20,141.40928316456683,143.04229216538934,140.50892064433472,141.2239227294922,1499400
2018-03-21,140.25294329335358,141.62113821410247,137.46359332714363,139.511474609375,2901100
2018-03-22,135.70702996987384,138.02853424966702,133.47378808163253,133.80038452148438,3768800
2018-03-23,133.95922267702534,135.698151523562,130.28718239615193,130.6402587890625,2940600
2018-03-26,133.63265624097255,135.65404396033102,131.4347168166536,135.3539276123047,2463800
2018-03-27,136.1483592963829,138.5757968918882,133.20011576212687,134.3123321533203,2691400
2018-03-28,134.24143981933594,136.1467760536186,131.85756200683971,134.24143981933594,2655000
2018-03-29,135.0567266325218,138.09639633409208,134.27688068205595,137.64443969726562,3526700
2018-04-02,136.8114537130346,137.25455336773695,132.30068895119544,134.54278564453125,2150600
2018-04-03,135.31378547400223,135.77461293778032,132.7172142594087,135.6239471435547,1957400
2018-04-04,128.78246570578384,132.18546716305337,127.23161720849257,131.66261291503906,4478100
2018-04-05,132.85898460246727,135.79230183860972,132.31840254078085,134.1173858642578,2963400
2018-04-06,132.3361716151831,132.75268645774423,126.75311211735472,128.84454345703125,3294000
2018-04-09,129.9788235792336,130.6612006893101,126.48719687556785,126.69103240966797,3629600
2018-04-10,129.4293932353559,132.47792058500318,128.88881119344373,131.1663360595703,2597400
2018-04-11,128.7381295883645,129.54456038305793,127.83420284267187,127.97599792480469,2309000
2018-04-12,129.0748849407338,133.9755645567415,129.0748849407338,133.16026306152344,3258100
2018-04-13,134.4452586675464,134.7022504323646,132.02592561778667,132.91212463378906,2634900
2018-04-16,133.9667026774873,134.06418510945002,131.41444520233497,132.0259246826172,2608100
2018-04-17,133.54132873195334,134.83517169226678,132.17657470703125,132.17657470703125,1957800
2018-04-18,133.45270459310763,134.44525667147437,132.40699626046558,132.7260284423828,2022000
2018-04-19,132.77926073689508,133.3907405003398,129.82821504526842,131.2461395263672,2290300
2018-04-20,131.4499130145544,132.81465366719542,129.6509299385469,130.23582458496094,1896700
2018-04-23,130.49282388123888,130.9979638837536,128.78246602498893,129.42051696777344,1245200
2018-04-24,131.4321878101739,132.1765918170439,121.77262292233489,122.39295959472656,5467900
2018-04-25,122.35750398351946,123.97923627458817,120.61169084943528,122.29546356201172,3067300
2018-04-26,122.33979245317359,122.50817245124227,118.4848208334003,120.8155288696289,4071600
2018-04-27,121.14339357082015,124.00581238858709,120.81550428697695,121.90552520751953,2602000
2018-04-30,122.06504875410802,122.68538531725089,119.83182360447078,119.92930603027344,2533400
2018-05-01,119.42418546589116,120.7180420975748,117.13779017252696,119.96476745605469,2378800
2018-05-02,120.0002236320967,122.18913649554763,119.27353387783197,119.41532897949219,2585000
2018-05-03,120.52307090638125,121.78147193581307,116.32248253763677,121.29405975341797,3716900
2018-05-04,120.62938058141512,122.5169884191017,119.76976663332543,121.67510223388672,1934700
2018-05-07,124.06785253276091,125.63642845460406,123.42093108794761,124.2628173828125,1840900
2018-05-08,124.64389105159417,126.46060180969626,124.26283195057133,125.90230560302734,2189300
2018-05-09,126.91257009906948,128.96854483428064,125.92001798197607,128.64065551757812,2332600
2018-05-10,128.91537753966327,130.714360538509,128.1000760322037,129.92564392089844,2413800
2018-05-11,130.102869954276,132.0436478820197,129.51797538272962,130.55484008789062,2487000
2018-05-14,131.46762162631336,131.70688561035328,129.19894092130986,130.04969787597656,3483900
2018-05-15,128.79129928555614,129.78383781523797,127.0011735611028,128.96853637695312,3135000
2018-05-16,129.04830205607286,130.80298592096648,129.04830205607286,130.58143615722656,1887400
2018-05-17,130.53713244938626,131.24609444642388,128.8622166615766,130.10289001464844,4095700
2018-05-18,129.82819925452583,139.22191737402358,129.48258206361513,137.5824432373047,7788800
2018-05-21,141.34877160147894,143.02368753912378,138.33569974743136,140.31192016601562,4922000
2018-05-22,140.32080655371766,141.2690463808322,137.27227852359937,137.44065856933594,2462000
2018-05-23,136.2353447271973,138.8584992595972,135.6327360029948,138.76101684570312,2005000
2018-05-24,140.49800256106633,140.59548500517744,138.19389296203374,140.17897033691406,2426800
2018-05-25,139.75362365711743,141.25130260287807,139.6384269459782,140.9056854248047,2096700
2018-05-29,139.16871904595567,140.8081930058428,136.04043689267365,137.36973571777344,3350500
2018-05-30,138.05209938181233,138.3799887327496,136.66077377940024,137.4317626953125,2870600
2018-05-31,137.28994522619385,137.42288318742763,132.4513063373288,132.49560546875,4754600
2018-06-01,133.55023422506684,136.51013669533268,133.39958196401685,135.93411254882812,2655900
2018-06-04,136.2353795719616,136.58099666919847,133.97556923357067,134.2946014404297,1737000
2018-06-05,134.99470590299413,136.97979668705483,134.62250391641862,136.87344360351562,1872200
2018-06-06,137.48492435516582,140.51572357781703,137.16589214634334,140.50686645507812,2468100
2018-06-07,140.40939525326883,142.06658333383555,139.72701812266598,140.59548950195312,2192300
2018-06-08,140.13466322055535,140.56003498776573,138.29136753287736,139.23959350585938,1390300
2018-06-11,139.0180351277549,139.7978945879406,137.70646437207117,138.8496551513672,1925100
2018-06-12,138.73448671648023,140.5511977711508,138.73448671648023,139.6561279296875,2548600
2018-06-13,139.93972271111178,139.93972271111178,135.5264408393929,135.88978576660156,2386100
2018-06-14,135.59726909602725,136.38598546140213,132.93867278276545,133.08932495117188,3072100
2018-06-15,131.6625884532365,133.10708359001407,129.11033107330945,131.8220977783203,5991000
2018-06-18,130.6168698037901,131.28151905244002,129.96107767708568,130.97134399414062,2947200
2018-06-19,128.4988876570037,128.4988876570037,125.43263238791612,126.08842468261719,3752500
2018-06-20,126.41630220317025,128.36595113352033,124.84773945783283,127.9228515625,2609600
2018-06-21,127.14297764496841,127.44428207390823,124.68820251223393,125.84912109375,2784400
2018-06-22,127.32909294869303,128.8179146174006,126.61127376937884,126.87713623046875,2315000
2018-06-25,125.6010015401754,125.7693815419753,122.87150653990938,123.75770568847656,3705200
2018-06-26,124.09446569207637,125.06929016443063,122.9335469710255,123.75770568847656,1832500
2018-06-27,124.89199180791691,127.02773418546504,123.29684476770538,123.51839447021484,2433700
2018-06-28,123.42936516722698,125.11261382149492,122.29830273942594,124.16857147216797,1619900
2018-06-29,124.78308244944378,127.10756978036837,124.3110613154276,124.50699615478516,1906200
2018-07-02,122.95731852138562,125.86961001787525,122.79701563018675,125.71820831298828,1867400
2018-07-03,126.28821098427922,126.46632985770832,124.5604293738592,124.89886474609375,1580700
2018-07-05,125.18386935299223,125.56683789338054,122.97516512316459,124.4179458618164,3014900
2018-07-06,124.6227947544213,124.95232901838125,122.81486125577383,124.66732788085938,2059600
2018-07-09,125.45996614698657,129.82395424984074,125.01466207054851,128.6216278076172,2149800
2018-07-10,129.4409859619166,130.28706099108751,128.06054060400513,128.73741149902344,1531900
2018-07-11,126.61778535279456,126.96512205985103,125.29077404142252,125.9498291015625,2396600
2018-07-12,126.29709969238428,127.169891598667,125.20165581891534,125.39759063720703,1681700
2018-07-13,125.3085231054013,125.4243064757998,122.44076471083413,122.52983093261719,5103500
2018-07-16,122.57439434089115,122.85048067122396,120.60614450560104,121.36316680908203,3726400
2018-07-17,119.991615721319,123.00187520247268,119.67099628788488,122.9039077758789,2704800
2018-07-18,122.72579906916151,124.23092893459783,122.35174529739173,123.98155975341797,2397700
2018-07-19,123.23343562398155,125.84292436376813,123.03750075930402,124.95231628417969,2303400
2018-07-20,123.046402537643,123.96372767553602,121.65705625460501,122.1646957397461,2832100
2018-07-23,121.56800009659884,121.85300119858812,120.49035836540256,120.70410919189453,2789900
2018-07-24,121.89749605123907,126.45741763268971,120.52596589698881,124.5426025390625,5146300
2018-07-25,124.31108524226079,126.88494221148127,121.25629226946734,125.86074829101562,4371300
2018-07-26,126.42181239062276,128.4345953193536,125.86073854935054,127.11648559570312,3585300
2018-07-27,128.11394735479863,128.11394735479863,124.36448224795947,125.39759063720703,2321400
2018-07-30,126.1902739176972,127.01853299368119,122.77034180271428,123.08204650878906,2994500
2018-07-31,124.80981911098915,129.80613111641247,124.68513452005315,128.95114135742188,4856500
2018-08-01,127.89132982902115,129.10255740028433,125.77167818191022,126.38619995117188,2198500
2018-08-02,125.48666778508641,128.22974218745273,124.99684423326407,126.54649353027344,1343200
2018-08-03,126.59990214769185,128.24753212823384,126.47521759059552,127.67754364013672,1873700
2018-08-06,127.30348759446805,129.01345302686633,127.16098707770222,128.1851806640625,1472900
2018-08-07,128.7017559660041,131.25781014266772,128.7017559660041,130.13563537597656,1549900
2018-08-08,129.96642502244455,130.3137752047777,128.39895976106536,128.9689483642578,2329000
2018-08-09,127.84679270054656,128.21194527513245,123.4828049514195,124.53372955322266,3782500
2018-08-10,123.79452919260687,124.0795303151957,121.00692141679153,122.05784606933594,2413100
2018-08-13,122.01332561124873,122.30722795332744,120.77538073439754,121.93317413330078,2155200
2018-08-14,122.5388063922186,124.35565513688138,122.44083892471615,123.48284912109375,2808800
2018-08-15,122.24486868299466,122.38736924722414,118.29948113680372,120.85552215576172,2563100
2018-08-16,122.405163664198,123.01077057114595,121.44330540939885,122.32501220703125,2996000
2018-08-17,119.50178550074406,126.81368380775082,117.8452675200491,125.21058654785156,8811200
2018-08-20,126.11901629739083,126.61775466978246,124.4535834632399,125.15715789794922,3509600
2018-08-21,125.33528535389352,128.59491455387513,125.30856819566436,128.09617614746094,1945200
2018-08-22,128.02491334878152,128.43459905092206,126.97400232221392,127.0096206665039,1277900
2018-08-23,126.6533616335195,126.74241427411654,124.59604586862599,125.73602294921875,1414700
2018-08-24,126.30606177698814,129.00460354286997,125.82512573755419,128.9244384765625,1945400
2018-08-27,129.36972018130595,131.16875224364722,129.36972018130595,130.20689392089844,1902500
2018-08-28,131.04406390829115,132.25529136267133,129.8239352659405,130.4740753173828,1535200
2018-08-29,130.79466085602792,130.91044421764047,129.73483540938003,130.01983642578125,1687800
2018-08-30,129.69926269245718,130.17128390098506,127.28570874824753,127.64196014404297,1491800
2018-08-31,127.02744807605313,128.39007749370788,126.63557830555855,128.0694580078125,1181300
2018-09-04,127.68649468255012,127.9625810532348,125.56685638428556,126.19918060302734,1698900
2018-09-05,125.6024642772355,129.21833113345642,125.6024642772355,129.03131103515625,2232100
2018-09-06,129.1292512101133,130.16234610119685,128.39004498288014,129.2272186279297,1446700
2018-09-07,129.22724650258124,132.1217229565227,128.26538808098078,131.48048400878906,3136300
2018-09-10,132.255334543892,134.17013698191803,131.81003038717856,132.35330200195312,1872100
2018-09-11,131.36470121628767,133.2973192576666,130.81252851577992,132.34437561035156,1152200
2018-09-12,132.2197106602126,133.5021751626359,130.53646156182793,131.6140899658203,1949800
2018-09-13,132.55810645254437,133.73371566852887,132.1217171805268,132.58482360839844,1502100
2018-09-14,132.61151441334067,133.6357216794339,130.7857790412933,131.59622192382812,2002200
2018-09-17,132.05934888879824,133.9830653681877,131.85451286050005,132.7362060546875,2131000
2018-09-18,133.13699051342635,134.36602027281475,131.7120123235973,132.7362060546875,1529700
2018-09-19,133.00336996523447,136.93095375392346,132.96775163148538,135.7197265625,2373000
2018-09-20,137.36742044748615,139.62065821764884,136.45899623351278,137.2160186767578,2762200
2018-09-21,137.48318821822662,138.10662485137073,135.9602557539767,136.09384155273438,2514000
2018-09-24,135.45258683809408,135.68415364856878,133.3240339571398,134.97166442871094,1713500
2018-09-25,135.10520373767122,135.6930081610775,133.73367367265345,134.74005126953125,1400000
2018-09-26,134.50854805971412,136.65491696674587,134.25027767515436,135.65744018554688,1784900
2018-09-27,136.3462968006752,137.77775950283916,135.09377717486177,135.2906036376953,1494500
2018-09-28,134.69119598929984,136.1316005283632,134.23491021111465,134.49436950683594,1737000
2018-10-01,135.73797594555845,136.40897173477597,134.360190280223,134.96856689453125,2670300
2018-10-02,135.21014230467648,138.63669610519827,134.5570298441698,138.51144409179688,2149200
2018-10-03,139.25393805519144,142.16158544630125,138.77976895737177,141.54428100585938,2973700
2018-10-04,141.31169531339413,142.51949306494288,139.28976646673138,141.63377380371094,3882500
2018-10-05,141.80371967144822,141.98264907954714,138.43084504045635,139.9249267578125,1948300
2018-10-08,137.60777439147603,139.0392371208977,136.05107334852832,137.61672973632812,2863700
2018-10-09,136.84732244045645,137.53620142976428,134.2975336912009,134.60171508789062,2107400
2018-10-10,134.1991293612263,134.83434458017032,131.12149381031156,131.92669677734375,2861400
2018-10-11,131.31831251532415,135.093782223214,130.17314777137506,131.0409698486328,3309500
2018-10-12,133.38497407038713,134.19911866664378,130.4862818441094,132.78555297851562,1881000
2018-10-15,132.45454954629966,134.29754882401411,132.0161607888907,132.81240844726562,1678300
2018-10-16,134.1812138843384,136.27473038980833,132.5976742045008,135.95265197753906,2124500
2018-10-17,135.20115433351097,136.41789373501257,133.68917518920654,135.6663818359375,1516000
2018-10-18,134.6285162854583,135.1474210447269,130.3609952737531,131.69403076171875,2491800
2018-10-19,131.9803980808079,133.3044925739028,130.05686868837185,130.5399932861328,1901500
2018-10-22,131.38096680099207,131.47042470569357,129.12641737029494,130.11949157714844,1702300
2018-10-23,124.91253818523272,126.42451714152841,122.2732915204958,124.92149353027344,5166900
2018-10-24,124.93939792920119,125.57461321909238,119.49091594494062,119.7861557006836,3731500
2018-10-25,121.3428571992355,123.74054175902961,120.17979534721893,122.37171173095703,1854400
2018-10-26,120.3318977355957,121.05657092062756,117.7373864420224,118.98990631103516,4771000
2018-10-29,121.13706249339522,121.4859796467619,114.80287627095987,116.8069076538086,3274800
2018-10-30,116.75323326926465,118.95410482258337,115.67068770511514,118.77516174316406,2347600
2018-10-31,120.43923837696718,122.60431597994665,120.43923837696718,121.17286682128906,2018200
2018-11-01,121.86173307597527,126.27240352535426,121.31598953371851,125.83401489257812,2954000
2018-11-02,127.51599381386973,128.8043074600001,126.29925466490651,126.79132080078125,2938000
2018-11-05,127.14916773763784,128.40170084370297,126.92550257420886,127.62333679199219,1576800
2018-11-06,127.42653986635455,130.18209695612242,127.12235844999194,130.1463165283203,1729500
2018-11-07,131.1214682519802,134.00227675951967,130.40573697127644,132.7944793701172,2161700
2018-11-08,132.21299916537075,132.57085809850705,129.7616231539131,131.2199249267578,1899400
2018-11-09,130.2089458248626,130.3341978090812,127.97229349850048,129.55584716796875,2581600
2018-11-12,129.72582310064658,130.56680648290893,128.42856759992833,129.34112548828125,1562800
2018-11-13,129.9047412162798,134.2617484539407,129.7615922165771,131.7209014892578,3540500
2018-11-14,132.75872668313824,134.41385476231457,129.86897587955426,131.71197509765625,1824100
2018-11-15,127.58756044616707,132.18611580703447,127.48914722505862,131.24671936035156,3015400
2018-11-16,130.36995726088864,132.6155506855391,129.91368522202976,132.29347229003906,2327300
2018-11-19,131.7656721803782,132.56191993152657,127.13133471112981,127.55182647705078,2912400
2018-11-20,125.67299915821906,125.67299915821906,121.55755416532958,123.92841339111328,3701400
2018-11-21,122.17488409111934,131.0499181284844,122.17488409111934,126.93448638916016,4987600
2018-11-23,125.03780067841912,128.33015984200864,125.01991728971349,127.7933578491211,1192500
2018-11-26,129.70791403629235,133.43864779245507,129.15322872981596,133.23287963867188,4361700
2018-11-27,132.39188254632953,133.25076279890098,131.2019822132629,132.2397918701172,1753800
2018-11-28,132.6513679086072,136.006346092483,131.5509252352583,135.9973907470703,2421700
2018-11-29,135.85423828138937,136.42682060662133,133.38496591203184,134.17227172851562,2236700
2018-11-30,134.1007308846823,138.9587470011717,134.01125932801418,138.56509399414062,2534900
2018-12-03,144.9261135876457,147.05539709213446,144.1567047234271,145.12294006347656,5132000
2018-12-04,143.98671177360305,144.04038923753563,135.3711238749715,135.6216278076172,3549300
2018-12-06,132.14141021045756,138.2161652748158,131.130452691657,138.12669372558594,4595900
2018-12-07,137.41986959455454,138.4218850687383,130.89778636682854,131.74771118164062,3005600
2018-12-10,130.42362066550908,132.54396191075176,128.6969322669559,131.5419464111328,1791400
2018-12-11,134.45853352380385,135.8720988884923,130.56676816381514,131.51510620117188,1818800
2018-12-12,134.32438649074913,135.6216420607363,132.40981271777946,132.53506469726562,1863500
2018-12-13,133.61760398064575,134.61961976847834,132.2040381934155,132.68714904785156,1733900
2018-12-14,130.8978488147789,133.76076128643697,130.8978488147789,133.3134307861328,1967900
2018-12-17,132.67821061436499,134.24386714704963,129.72582699387132,130.6920623779297,2504000
2018-12-18,132.71397584642378,134.9595831245221,132.25770376651985,133.51022338867188,2846200
2018-12-19,133.5460327560255,135.98845312460992,129.108508805325,130.6920623779297,3173200
2018-12-20,129.8331656439254,132.72292973936237,127.57863034871174,129.4037322998047,2822800
2018-12-21,129.3142645728022,131.58671062408285,127.46232383635373,127.92755126953125,3931500
2018-12-24,126.81819534725794,127.34604205507297,122.90853118896484,122.90853118896484,1444700
2018-12-26,123.83891504641348,128.22276005099096,121.79014833806453,128.1780242919922,2267400
2018-12-27,126.32610175872033,131.26463317871094,125.40460223027127,131.26463317871094,2457300
2018-12-28,131.65132090971676,133.06325846647002,129.9426201293665,130.653076171875,1597100
2018-12-31,131.49845458468113,134.21440241228598,131.49845458468113,134.1514434814453,1954600
2019-01-02,131.5074723705709,134.5921450565142,131.5074723705709,133.189208984375,1987700
2019-01-03,132.57769987020342,132.79354152422,128.33291006557843,129.5469970703125,2047200
2019-01-04,132.20891793399272,136.4806843692827,132.06503728318444,136.4087371826172,2549100
2019-01-07,136.62457336495225,140.23984044808822,135.69827567219318,138.63905334472656,2947400
2019-01-08,139.42145727080106,141.99351078322,138.51314980071564,141.1211700439453,3124800
2019-01-09,141.96657359379026,142.0025403350615,138.04554011396485,138.79197692871094,3134300
2019-01-10,138.18039316125177,143.37845717375595,136.23787406817831,143.09967041015625,2693600
2019-01-11,141.885620860195,143.70223610754357,140.84240709749358,142.34426879882812,2039000
2019-01-14,140.48264839365453,142.39818882367265,140.1498909817332,141.56182861328125,1364900
2019-01-15,141.42690167445423,142.76689193095237,140.07792316802002,141.23805236816406,1369100
2019-01-16,141.4179342579921,142.71295601055257,141.12115729615357,141.56182861328125,1457300
2019-01-17,140.9593057450005,145.36596462975663,140.51863436751574,143.95404052734375,2155100
2019-01-18,145.68976279957113,149.4579137984483,145.54586838241198,148.0369873046875,3879800
2019-01-22,146.49010002135364,146.58902567960885,141.53485630198506,142.8478546142578,2076500
2019-01-23,143.4774095738023,144.5206233605616,140.51865481590946,141.74172973632812,1780800
2019-01-24,141.86762592956012,143.07271055213286,141.25609536497961,142.47915649414062,1602100
2019-01-25,144.45764795420894,146.42715920417947,143.77415657758527,145.24005126953125,1826400
2019-01-28,141.27408047382303,142.4701769159326,139.5743673660937,140.7344970703125,2199400
2019-01-29,141.62482601905242,144.73647741713853,141.0222836220223,144.32278442382812,2199700
2019-01-30,145.60879833146615,147.20058369068647,143.95405403133213,146.50811767578125,1988800
2019-01-31,146.07640461671372,148.2797475374054,144.05293650609417,147.48834228515625,3118800
2019-02-01,147.56027794362498,147.81208619103995,146.5530449539651,147.3804168701172,1704300
2019-02-04,147.54231530390268,148.27976368243372,145.99548508200508,147.94700622558594,1907900
2019-02-05,148.0548974073161,148.37865280943802,146.59799123650762,147.67718505859375,1574600
2019-02-06,147.5962641709503,148.3067340305816,146.58903104820652,147.2005615234375,1660500
2019-02-07,146.31022007469755,147.30846478025083,143.98997525307314,145.50982666015625,2488100
2019-02-08,144.1159138481738,146.40017876923,144.1159138481738,146.3642120361328,1628300
2019-02-11,147.15559371363506,147.7041789321361,145.6267402137817,145.6357421875,1843900
2019-02-12,146.98475439523784,149.2060742518081,146.50811624520688,148.55856323242188,1894400
2019-02-13,147.3893904143884,147.9379755534875,145.75263696950645,146.31919860839844,2777700
2019-02-14,145.11413723559784,146.9577442203582,144.39467917782295,146.06741333007812,2029700
2019-02-15,143.41444222583695,146.9487602996718,141.47190934795444,142.98277282714844,7578600
2019-02-19,141.08523937666504,142.81193106991654,140.3477908425804,141.42697143554688,2971500
2019-02-20,141.99349214085294,144.44862944138734,138.34225879069396,143.78314208984375,3349200
2019-02-21,143.86416342826203,147.7582191031638,143.86416342826203,146.45420837402344,2838500
2019-02-22,146.58906059661615,149.28701876710602,146.58906059661615,149.26004028320312,1967200
2019-02-25,150.16830139271022,150.92373987546952,148.1898020919572,148.26174926757812,2502700
2019-02-26,147.00272170547188,148.4326359326308,146.41815599499853,147.30848693847656,1623700
2019-02-27,147.04768172145836,147.27251152798635,146.0044818482855,147.11962890625,1850500
2019-02-28,146.79587611890486,148.41465349999692,146.13937691415072,147.52432250976562,1778000
2019-03-01,148.25280313771177,149.25104818397435,146.35523872445677,146.8678436279297,1668900
2019-03-04,148.02795150628305,150.20430240734342,147.62324687268926,149.1251220703125,2663100
2019-03-05,148.72943087715797,149.07116288133997,145.15013016725132,145.19509887695312,1965900
2019-03-06,145.01526577957281,145.0692227526308,141.93060655786485,142.30831909179688,2229700
2019-03-07,141.98455420431642,142.38924519819432,139.8801363356059,142.11045837402344,2051300
2019-03-08,140.18590274392824,143.87310379477455,140.18590274392824,143.00076293945312,1757300
2019-03-11,143.09963560143183,144.4845945529395,142.65897807164944,144.2687530517578,1340300
2019-03-12,144.39473835655986,144.79044113663693,142.73999375126184,143.11770629882812,1553100
2019-03-13,143.67524919404113,144.7724198589666,142.8208985870972,143.60330200195312,1661800
2019-03-14,143.04568919170185,143.20757376014024,141.15712737672058,141.87657165527344,1596800
2019-03-15,141.75068736310322,143.29751747890657,141.5528360420687,142.22732543945312,2386300
2019-03-18,142.07440112632975,144.3317004295114,141.70569079308646,144.16082763671875,1962400
2019-03-19,145.17707631987713,146.73290824945425,143.95401551249518,144.76339721679688,1685400
2019-03-20,144.35874231913056,145.2400714179358,142.11044399996746,143.5853271484375,2017100
2019-03-21,142.5601161152056,144.50263560350677,142.54212588477432,143.64828491210938,1082200
2019-03-22,142.3802527079249,142.9468145934871,139.62832384187686,140.2398681640625,2177400
2019-03-25,140.61757307955068,142.31728608963493,140.2848293137084,141.4899139404297,1137200
2019-03-26,142.48816730886276,142.87486806236066,140.75247373873555,141.7327423095703,1036700
2019-03-27,142.20937720842838,142.59607795299834,140.36576974454508,142.3352813720703,1068200
2019-03-28,142.77807796210226,143.2299073227418,141.63042752523117,142.85037231445312,1123300
2019-03-29,143.60036962906972,145.66974144178442,143.21178931993433,144.44076538085938,1862600
2019-04-01,146.06740962742242,147.36868052118393,145.19989110200171,146.3114013671875,1371400
2019-04-02,146.30230791540336,147.034282894352,145.3354004754709,146.50111389160156,1184300
2019-04-03,147.33251763058587,148.25425342329953,146.54633892462505,147.6488037109375,1356100
2019-04-04,147.72103405637748,148.90482430854448,147.60355405651185,148.41685485839844,1197200
2019-04-05,148.95905525216708,149.51028745697104,148.38975980629215,149.13075256347656,1294600
2019-04-08,148.18194774937194,149.13982375214357,147.4680634531277,149.1036834716797,1133300
2019-04-09,146.55532376737926,146.76317514297256,143.19372695100554,143.528076171875,2451000
2019-04-10,143.6817003040407,144.26004118767742,140.75384182446686,143.34735107421875,2746800
2019-04-11,143.35638515816055,144.856461590743,142.68767289829336,144.72994995117188,1162200
2019-04-12,146.11254645843232,146.68185573123253,144.4949900063835,145.9047088623047,1220200
2019-04-15,146.23903140266515,146.92580677987277,145.83238790578258,146.83544921875,1062500
2019-04-16,146.8354433843063,149.32050373051834,146.72699501104324,148.7060089111328,1310200
2019-04-17,148.97712925964495,149.81752498060487,148.064439209667,149.51028442382812,1350700
2019-04-18,149.99826570031385,153.61289937068847,149.7542740667183,152.76345825195312,2215500
2019-04-22,152.0315476235161,153.58584172099495,151.72429318007008,152.85386657714844,1376600
2019-04-23,152.47431301407812,152.98940503905268,151.34473975447014,151.59776306152344,1891200
2019-04-24,151.18208993969967,151.56162490559177,149.33861863252508,149.38380432128906,1463400
2019-04-25,148.19999207874483,148.67892997443715,145.70589961502247,146.22097778320312,1256600
2019-04-26,147.14271721891868,149.13076318831907,146.0402527307655,149.11268615722656,988500
2019-04-29,149.4741836689433,150.57664834763486,149.15789761946704,150.26939392089844,889700
2019-04-30,150.61277248027247,150.61277248027247,147.60358778206938,149.6729736328125,1573700
2019-05-01,149.6549250138636,151.2001875317903,148.68800354003906,148.68800354003906,1327400
2019-05-02,149.094633500001,150.5946962575451,146.52823266331364,148.30844116210938,1702400
2019-05-03,149.2120339829645,151.11875329065592,148.60658465817352,150.82958984375,1050800
2019-05-06,145.71490687927744,145.9408214635864,142.89549727949586,144.74798583984375,2913100
2019-05-07,143.0852654861409,143.57324873612183,140.33815006058427,142.56114196777344,2182200
2019-05-08,142.00994016227392,142.58828110123528,140.3833657512008,140.60023498535156,1806400
2019-05-09,138.93752876112035,141.2418612641743,137.16635159572255,140.5008544921875,2026000
2019-05-10,139.90443393586366,141.27798510810436,137.3290013576239,141.01593017578125,1753700
2019-05-13,135.54879067732625,136.03676025672078,131.1931495849682,132.1871795654297,3172500
2019-05-14,132.13298485654957,134.58189237197718,131.43716375120715,132.93724060058594,2325400
2019-05-15,131.75339764877012,132.48535874752298,130.14488679778083,130.88587951660156,2330500
2019-05-16,132.10586936558312,133.79570674529356,131.03051329168096,131.92514038085938,2893400
2019-05-17,126.51218982738396,127.75019755829977,120.34020062615703,121.83124542236328,7817500
2019-05-20,121.06317598526259,122.8976023286872,119.89744835912717,122.32829284667969,3715300
2019-05-21,123.85539798023959,126.06032632429513,123.40356885362921,125.50909423828125,3567300
2019-05-22,124.63253662811303,126.58444163905234,124.45180774681786,125.40968322753906,2626800
2019-05-23,123.50302511347368,124.53319541518873,122.4005604656531,123.32229614257812,2584400
2019-05-24,124.86754112538445,125.97000574163759,124.18979716237979,125.56336212158203,2597200
2019-05-28,126.93693458578512,126.93693458578512,124.29825292179298,124.31632995605469,2054400
2019-05-29,123.96385576644545,127.75018676250505,123.38551492765782,127.53331756591797,3013000
2019-05-30,127.69597000854579,129.8557130957569,127.69597000854579,128.0303192138672,3110600
2019-05-31,126.06041324463344,127.19901846483205,124.52419591266192,126.66586303710938,2206600
2019-06-03,126.0965395980967,129.94613481054532,126.0965395980967,129.48526000976562,2213600
2019-06-04,131.03051055855425,132.45829294894423,130.0274488572117,131.5907745361328,1872000
2019-06-05,132.19619875532675,132.79261668751437,130.27141548506273,132.13294982910156,1634100
2019-06-06,131.87993813782705,132.99143435369677,130.88590816348113,132.376953125,1391300
2019-06-07,133.099894823169,134.82588639168486,132.44022777866002,134.3831024169922,1555800
2019-06-10,135.25057880371224,136.66028399054616,135.2325017711607,135.37709045410156,1708500
2019-06-11,136.8590536743418,137.8621149894409,134.5095502491761,135.5487518310547,2019800
2019-06-12,134.87101118119892,135.4132117165158,133.47938336402646,134.455322265625,1344100
2019-06-13,135.19635843576066,137.5729848736588,134.64512615966495,136.93138122558594,1192500
2019-06-14,137.04884134002893,137.44645325698403,135.11501284380185,136.9132843017578,1013500
2019-06-17,138.5308495419844,140.2477951608028,137.5910369888802,139.4977569580078,1742200
2019-06-18,140.87132747908842,144.55825593061263,140.52793282580777,144.0251007080078,2617000
2019-06-19,144.01609683635522,145.90475418540765,143.74501023056004,144.53118896484375,1671100
2019-06-20,146.61860685451154,147.41383082950776,145.3534903385956,147.0794677734375,1945100
2019-06-21,147.71205574932017,148.83258370175832,146.4921110005506,148.4530487060547,2380800
2019-06-24,149.22116382156776,152.15805456267964,149.0133123950751,150.8025665283203,2582200
2019-06-25,151.26342863265808,151.26342863265808,149.92601762288726,150.2874755859375,2084800
2019-06-26,150.1067215523173,150.53144217182307,149.6729693113007,150.11575317382812,2025700
2019-06-27,149.99772633451448,150.21560613366287,148.60877551369893,149.6255340576172,2072100
2019-06-28,149.63462336612318,151.65903983819473,149.63462336612318,150.43350219726562,6514900
2019-07-01,152.7847193199801,153.30216481108033,147.9279209476447,149.91603088378906,2409200
2019-07-02,150.1793149082651,150.39719474948734,148.9628502953554,149.906982421875,1371000
2019-07-03,150.53335329605238,150.54242642692984,147.78267090827896,150.0522003173828,918600
2019-07-05,148.51804287324364,148.8811621180529,146.66609870922701,148.35462951660156,1291700
2019-07-08,148.009604560622,149.4893419751934,147.07455967409464,148.78125,1384000
2019-07-09,147.06552507700388,148.5271027630264,146.25757305504794,148.29107666015625,1486000
2019-07-10,147.25617446405894,148.09135975020348,145.8127430147677,145.9852294921875,1753200
2019-07-11,145.90352547600915,146.43005802510496,144.67797390544527,146.39373779296875,2012800
2019-07-12,147.17441390083047,150.16112185735116,147.16534077148117,150.1248016357422,2268500
2019-07-15,151.5137564988936,152.33986841211185,150.0521792109329,150.6967315673828,1983700
2019-07-16,149.97961519807558,151.24147322793507,149.5620156149352,150.83294677734375,1345100
2019-07-17,150.7603063764253,151.22328538955182,148.0459442138672,148.0459442138672,1368200
2019-07-18,147.74637510297393,148.75404678679286,147.0927494782206,148.1912078857422,1404400
2019-07-19,148.92651309891986,151.21420247600315,148.45444713333913,150.3426971435547,2690300
2019-07-22,150.33363038105045,151.22328201178033,149.38949840989773,149.91603088378906,970300
2019-07-23,150.76938721209424,153.3657295452763,150.20654832202766,152.8301239013672,2176800
2019-07-24,150.5151736838348,152.94810224621065,149.8524750608155,151.7679443359375,1775600
2019-07-25,151.60454212937765,151.91319475890802,150.10665848151666,151.52284240722656,1180600
2019-07-26,151.62274622481573,155.23583367982548,151.4593328810028,154.68206787109375,1950000
2019-07-29,154.5912743851223,155.43554661168776,153.53822316302296,154.5640411376953,1459600
2019-07-30,153.56550875451128,154.99076664673643,152.21286364543573,154.3553009033203,1400700
2019-07-31,154.4188021589102,154.63666813887656,149.4530702012363,150.3790283203125,2000300
2019-08-01,150.59689536954468,151.7498202067402,145.84904364695004,146.3483428955078,2193800
2019-08-02,145.10463758387542,145.10463758387542,142.61724206928923,144.06973266601562,2270200
2019-08-05,140.34770999508473,141.09210846891233,134.09288723940372,137.13404846191406,3243300
2019-08-06,138.36866755719973,140.12075146672262,136.54397089633306,138.6954803466797,1824800
2019-08-07,136.5712178375273,137.6061227993174,134.90084734693798,137.29747009277344,1747100
2019-08-08,138.07817425388947,140.892382398972,137.48808829855173,140.76528930664062,1661300
2019-08-09,139.7303818749678,141.62770509407412,139.30370924742226,140.56556701660156,1742900
2019-08-12,139.75762454863136,140.11167059834324,133.28493580122645,133.4937286376953,3738300
2019-08-13,132.54050785008044,136.22622112601266,132.07752887106136,133.60264587402344,2890500
2019-08-14,130.82471956247284,131.43295162262416,128.77307050052494,129.97137451171875,3001000
2019-08-15,130.56151452649118,131.93230551313567,128.22843128698233,130.46165466308594,2402700
2019-08-16,130.52516167968992,137.0704899592077,130.26190238855156,135.4727325439453,3493000
2019-08-19,136.34426264268444,139.122164660348,135.59077715225453,138.34144592285156,1993600
2019-08-20,138.03282318040135,138.5230355861058,137.18855078176668,138.07821655273438,1582900
2019-08-21,140.1207459803289,140.9377709959843,139.44896031378252,140.58372497558594,1855200
2019-08-22,141.17381551676394,141.8183680238682,138.94060612753236,141.04672241210938,1716400
2019-08-23,137.07959437486033,139.63963053471494,132.81288129387943,133.4665069580078,2983000
2019-08-26,136.4804165982662,137.89660072674417,134.6103265900398,136.90708923339844,1864100
2019-08-27,137.61521953309722,138.6047313013721,135.85406201401008,136.26258850097656,1240700
2019-08-28,135.70876356757887,139.32184992346419,135.23669764830402,138.6409912109375,1477800
2019-08-29,140.93776258345503,143.22545188368943,140.7108096646411,142.0543670654297,1611800
2019-08-30,143.63399009890986,143.8791031737304,140.49295504488703,140.62913513183594,1629100
2019-09-03,139.58507632532482,139.58507632532482,136.22617690496295,136.91612243652344,2030600
2019-09-04,137.4608385486991,137.98737096859517,137.12495267046276,137.73318481445312,1562300
2019-09-05,138.69548970400007,142.70801631370526,138.2869771526162,141.8909912109375,1672900
2019-09-06,142.5537078625112,143.27088705245671,141.72759567241636,142.09072875976562,1083200
2019-09-09,142.25412206007732,144.50549169507698,142.23596194347363,143.76109313964844,1725700
2019-09-10,144.24220967936938,148.9174346923828,143.7247641803883,148.9174346923828,2702900
2019-09-11,148.97191857636776,149.96143009164675,147.77360037825827,149.92510986328125,2213300
2019-09-12,147.16537254899958,148.59971686594372,144.92307627811766,148.2093505859375,2732800
2019-09-13,149.72537906619,151.23234983316976,148.10947532640455,150.1702117919922,1789300
2019-09-16,149.00826592172754,150.22473071637248,147.88257401873705,149.41677856445312,1164700
2019-09-17,147.96427362797223,149.1081116897915,147.33788117074585,148.87208557128906,1347800
2019-09-18,148.39998737175281,150.3608640695342,147.8099152771196,150.1339111328125,1215900
2019-09-19,149.9250866020504,150.6967320358476,148.60876249625494,149.28054809570312,986000
2019-09-20,149.63458820367956,151.33219146883053,147.86435834802666,148.9446563720703,2942700
2019-09-23,147.87342376427392,150.7693448434971,147.75540382935102,149.97955322265625,1412300
2019-09-24,150.34270650934232,150.97817197253386,148.83573565941077,150.6604461669922,3124800
2019-09-25,150.40624467512845,150.91463089287362,149.2714799832213,149.96142578125,2814000
2019-09-26,149.94330836248008,151.53197938350863,149.56202897968666,151.06900024414062,1808800
2019-09-27,151.84416940505312,152.58286854322003,150.4762039149175,151.6252899169922,1591200
2019-09-30,152.0994642899654,154.15141174863692,151.99003154518056,153.83221435546875,1828700
2019-10-01,154.67126984590962,155.22757624693813,150.15697358257708,150.93215942382812,2299500
2019-10-02,149.56418580410127,150.45791911557004,146.9012153852734,148.8802032470703,2646300
2019-10-03,148.84373852281814,150.6494486767476,146.4725932945242,150.32113647460938,1367500
2019-10-04,150.29378508828782,153.01147215834274,149.70099179654616,152.9293975830078,1217300
2019-10-07,153.1574333537577,153.83228748830652,151.76210953176806,151.88978576660156,1221600
2019-10-08,149.82867052748944,151.56143489146916,148.52455031182177,150.44882202148438,1848600
2019-10-09,151.75291525012483,152.85641316500937,150.15695604682747,151.7802734375,2089100
2019-10-10,151.85323586343787,154.99043794943168,151.41549094221972,153.02969360351562,1996800
2019-10-11,155.03609045092557,158.00913046993344,154.56185851316016,155.9024658203125,5006800
2019-10-14,155.76566328919742,155.90245426318901,153.73195862042795,154.0602569580078,1769000
2019-10-15,154.63483445521942,157.79939609740399,153.34894340773818,157.4437255859375,1898500
2019-10-16,156.9147080188446,158.77514827064314,155.94801494801166,156.0027313232422,1824100
2019-10-17,156.88736815236885,157.7719867636608,156.23074374160242,156.98768615722656,1203400
2019-10-18,156.88737204828095,158.91196171247623,156.40402544441704,158.6110076904297,1616200
2019-10-21,159.28589942602858,160.25259277865575,158.68399129171442,158.7113494873047,1375200
2019-10-22,159.36792668201693,160.86356789797142,158.31003038116475,159.7327117919922,1486600
2019-10-23,158.39211601160997,160.3437596248995,158.22796687534876,159.59593200683594,1227100
2019-10-24,159.5959395361509,159.5959395361509,155.86595777475048,156.9603271484375,2478700
2019-10-25,157.04236663681309,158.7751305140705,156.98765026770172,157.8722686767578,2102400
2019-10-28,159.08523791251233,159.95161310405152,157.76287431325127,158.0911865234375,1433100
2019-10-29,157.1335955623272,159.2676178006494,156.6320055706718,158.78427124023438,1586500
2019-10-30,159.24940683620866,159.24940683620866,157.41633821916486,158.51983642578125,1624700
2019-10-31,158.17327970382718,159.03054023769428,155.35527435236799,158.81166076660156,2181800
2019-11-01,160.41673982614074,160.74505208453687,159.4044448557247,160.60826110839844,3090800
2019-11-04,162.10390851610794,163.5357190570631,162.10390851610794,163.3350830078125,1990200
2019-11-05,163.44450956353683,163.8822546017349,162.50517442132852,163.17091369628906,1314300
2019-11-06,162.8608358175873,162.91555220486137,159.81483632358373,160.48057556152344,1929200
2019-11-07,162.16772098427424,163.38976655447144,161.9032399199461,162.23155212402344,1652800
2019-11-08,162.77873293771313,163.1617614977055,161.6661202043569,162.66017150878906,1713600
2019-11-11,161.6752790633143,164.59360263715914,161.03689795585828,163.9734649658203,1410200
2019-11-12,163.97339953111265,163.97339953111265,160.55348719626875,160.86355590820312,1436200
2019-11-13,159.62330559240596,160.31640298290637,157.49839787999557,160.20697021484375,1835500
2019-11-14,157.9726211587405,161.1554251751836,157.77198515107582,159.030517578125,1307500
2019-11-15,160.0792671496108,160.35286293951577,158.73866030317046,159.12168884277344,1611100
2019-11-18,158.68398316586848,159.52300025755554,157.20658501699162,159.51388549804688,1418100
2019-11-19,160.80888183904162,160.80888183904162,158.12766763670996,158.36477661132812,1192800
2019-11-20,157.6899311675611,158.14591962348558,154.79896602687953,156.9238739013672,2013300
2019-11-21,157.52578198023193,160.78154652219243,157.06979348409166,160.53530883789062,1627600
2019-11-22,160.66292981852527,161.4016287017751,159.24024842624266,159.94247436523438,1292800
2019-11-25,160.5808928622985,161.3560648713375,159.77834874408114,161.06423950195312,1556800
2019-11-26,161.38341724020407,162.64193573495658,161.05510504251617,161.10069274902344,2786900
2019-11-27,153.66811289410114,157.19745916453195,152.3457491271066,154.17881774902344,7626000
2019-11-29,153.485699890954,154.41592013344732,152.93850823874342,153.25770568847656,1394400
2019-12-02,150.74975977705182,152.51899690112685,150.26641321210278,150.74063110351562,2694400
2019-12-03,148.95316569411568,149.8377842634606,147.77670788241903,149.1082000732422,1966500
2019-12-04,149.62801241852708,152.17242109427085,149.2905716026551,150.72238159179688,1756400
2019-12-05,150.97775823549767,151.27871224182692,149.42740049752442,150.0931396484375,1234000
2019-12-06,152.36394064473333,152.73784048318427,149.97455243671587,150.66766357421875,1523400
2019-12-09,150.84098350502393,153.35804881876814,150.57651630971372,153.1209259033203,1730800
2019-12-10,152.79258890416241,155.03605798375978,151.999173531022,154.94485473632812,1643100
2019-12-11,155.6014527676648,155.65616914058046,153.540390532438,154.76243591308594,1245800
2019-12-12,154.58008941428795,158.82990524177927,153.77754526402148,158.51983642578125,2168500
2019-12-13,158.44688121441996,160.8727293394749,156.07573556450964,157.31602478027344,1775600
2019-12-16,158.8936806106618,159.58679173917866,157.47099932783473,157.63516235351562,1408700
2019-12-17,157.27955194218222,158.92109933032089,156.54083891872304,158.53807067871094,1247000
2019-12-18,157.5166388084642,158.31005419562624,156.14867356678508,157.41632080078125,2209000
2019-12-19,158.04559113727382,158.34654516812773,156.78705862927794,157.55311584472656,1249000
2019-12-20,159.9425017660146,161.03687118481855,158.06383171252975,159.27674865722656,2593600
2019-12-23,160.18870294310176,160.18870294310176,158.18235697177548,159.6415252685547,1005700
2019-12-24,159.55035569347885,160.05194577105067,158.7022238569454,159.1399688720703,332300
2019-12-26,159.41355895996094,159.7145129956205,158.29183131116628,159.41355895996094,518100
2019-12-27,159.60507146222997,160.38025738962364,158.95757565923518,160.33465576171875,719500
2019-12-30,160.1880844813687,160.3987458980418,158.924088029175,159.5194549560547,953000
2019-12-31,159.4828505611391,159.98661840499085,157.99903798114042,158.6951446533203,748200
2020-01-02,159.5927591030378,162.0108305753832,159.12562260682836,161.9925079345703,1591100
2020-01-03,159.56528167122272,160.98497186834348,158.96076031085394,160.79263305664062,1301100
2020-01-06,159.81258277122254,162.01083856656177,159.1347987645928,161.94671630859375,1234200
2020-01-07,161.21393080423795,161.60779065068206,158.90578156750948,159.134765625,1234200
2020-01-08,159.8309147414481,161.9192487844533,159.36379217101427,161.11322021484375,1713900
2020-01-09,161.69024472969312,163.3938869206225,161.30555313510646,162.67030334472656,1459100
2020-01-10,163.1282493435919,163.4030190337344,158.83250615737833,158.85081481933594,2560900
2020-01-13,159.44619887946374,160.3254899344898,158.97907637998608,160.05072021484375,1300900
2020-01-14,160.17892184951975,160.33462932125903,158.85080322242715,159.0706329345703,1039800
2020-01-15,158.56689724426832,160.42624692611682,157.67843786217364,158.3837127685547,1139200
2020-01-16,159.37290247088552,160.80176073962448,158.50276585605886,160.71932983398438,1410400
2020-01-17,160.939170137554,162.12987612238751,160.77429433935828,161.38796997070312,1653400
2020-01-21,160.38044095050003,160.68268761025408,157.8982475947106,158.053955078125,1655100
2020-01-22,158.5210629588516,159.06146188799156,156.27700839777913,156.77162170410156,1285700
2020-01-23,155.96562759263028,157.70590092250876,154.48181530134275,157.5959930419922,1245100
2020-01-24,157.5868562699362,157.5868562699362,154.82987883376634,155.819091796875,1103300
2020-01-27,152.21028681384212,153.86814324790802,149.23349385471545,149.5540771484375,1586800
2020-01-28,150.94627682034215,151.7431367800479,148.74802172559265,149.27926635742188,1750700
2020-01-29,150.13112657964834,150.13112657964834,146.54981218999632,146.6963653564453,1959200
2020-01-30,145.633871651337,148.2351273882089,145.21253480400313,147.56649780273438,2496400
2020-01-31,146.29334281883214,147.66724722999618,144.10425568275392,145.24917602539062,1693300
2020-02-03,146.0368707881914,147.85957489178665,144.05844523076954,144.98353576660156,1813400
2020-02-04,147.76798238793288,151.23937428528208,147.1451385314971,150.6073760986328,1412200
2020-02-05,153.35521748826764,154.58258282802223,152.5125577172634,154.19789123535156,1476900
2020-02-06,154.56427023888236,154.9306392149423,152.09124471027636,154.66502380371094,1805100
2020-02-07,153.3461039526935,154.70168620790133,152.64999716782103,153.3735809326172,1711100
2020-02-10,152.46675675943146,154.1429078247516,152.16449611497487,154.0971221923828,807700
2020-02-11,154.88483590159672,156.68006324595572,154.42686774573875,155.9473114013672,1315700
2020-02-12,157.54105296210807,158.64017379220917,155.90153303715186,157.38534545898438,1008200
2020-02-13,156.49687265551916,157.4586085404065,155.58093637964137,156.4052734375,831100
2020-02-14,156.46944720760413,157.82502942896753,153.1262703141616,153.94146728515625,1152400
2020-02-18,153.3277732868706,153.3644185755742,150.4059474245184,152.32025146484375,1177400
2020-02-19,152.50339536520622,153.18119326488443,150.99210604661323,151.06536865234375,1244600
2020-02-20,150.90966614046857,152.73238448596248,150.67152772378307,151.8897247314453,2048500
2020-02-21,162.95421633335437,166.69123778989297,161.20477479804873,162.51455688476562,5917100
2020-02-24,158.00816427706607,161.5345245822245,157.0830736560195,157.41281127929688,2292900
2020-02-25,157.70590416843092,158.41117902711133,151.86224012474352,152.64077758789062,2358500
2020-02-26,154.13376602119874,155.1413015846113,151.68821767300207,152.88809204101562,2545200
2020-02-27,150.57990207859112,152.54917324701344,146.5131571880185,146.54063415527344,2957500
2020-02-28,142.23570220579668,145.56055451978938,139.82679991241022,143.32566833496094,3048300
2020-03-02,144.6446857424956,150.21358116019857,143.3898572502717,150.1403045654297,2532100
2020-03-03,150.52492615338545,153.7581792714074,143.801958943045,144.51638793945312,2443100
2020-03-04,147.68555990781854,149.56321796223742,147.02608471685323,149.36172485351562,2513800
2020-03-05,145.47816829730453,148.55571491089523,144.64466288660554,145.697998046875,1878400
2020-03-06,141.23735900804533,151.07451881094428,140.7519139409452,150.2501678466797,2973400
2020-03-09,139.2314687845297,144.94691619873046,134.76170924529433,137.39044189453125,2886400
2020-03-10,142.53796772434941,143.18828848800877,135.5676936245222,141.9609375,2797700
2020-03-11,138.1689952615663,138.45293327596085,131.75744121650203,133.61679077148438,2397300
2020-03-12,123.6514069413389,125.0619427673429,117.3222834243787,119.42893981933594,3288700
2020-03-13,126.33507625235971,127.58075007194651,119.55715380747942,127.27850341796875,2525500
2020-03-16,113.48449816326568,121.70044012211017,109.76579238743993,109.95814514160156,2617700
2020-03-17,112.47698864305328,118.57712820046062,109.060542920006,116.05829620361328,2909600
2020-03-18,107.9156078492273,110.41611686685602,97.21747225359823,104.60907745361328,2635000
2020-03-19,103.40920577789775,110.59014274552977,97.31822821440039,109.60093688964844,2455700
2020-03-20,109.60095457841734,110.47109137590515,101.06442049726662,102.24597930908203,4155200
2020-03-23,101.00029178162313,105.85475692143585,97.5655306887479,101.80632019042969,3130900
2020-03-24,107.50344645950504,116.01249555774433,103.22601861116986,115.40797424316406,3488000
2020-03-25,115.29802849139008,125.23593332532735,111.59764597766973,117.68862915039062,3962200
2020-03-26,118.47633646700584,128.36843486068767,116.45211159903843,127.39754486083984,2227500
2020-03-27,123.65139793930118,127.47085055407462,121.05014225542953,123.75215148925781,2302600
2020-03-30,125.93518176922584,130.52234283972055,123.94556465847975,130.08941650390625,2251100
2020-03-31,130.78951758208595,133.56207701756506,126.42341428041934,127.26163482666016,2240100
2020-04-01,121.75330802259658,124.1021605284427,119.45051420414707,123.12577819824219,2040600
2020-04-02,122.79422916387493,128.87361313207174,122.37972890584884,128.3854217529297,2863800
2020-04-03,127.55635700562038,128.35773884805636,121.70726887619836,124.8298568725586,2053100
2020-04-06,130.41183505839214,133.44230586094486,128.69855571336765,132.17117309570312,2079300
2020-04-07,136.3253983075801,139.68747176540757,131.29609026683679,131.55401611328125,2067500
2020-04-08,133.6357678255384,136.1596355764609,131.36060580808092,135.1924591064453,1210100
2020-04-09,135.66220806767177,138.36109012466622,132.7606930558667,134.25289916992188,1596100
2020-04-13,130.59605628399817,131.4895415083258,126.07336535345553,128.77224731445312,1655900
2020-04-14,129.2419923884534,131.01053627737375,124.49824295112583,127.23396301269531,2479800
2020-04-15,122.61918640648805,124.65486275224448,117.48856801401938,124.63643646240234,2938200
2020-04-16,123.66003477348359,124.80222562937915,118.37281481903551,119.69922637939453,3642700
2020-04-17,123.00605238122901,127.62086108756532,122.51786112103859,127.5379638671875,2468300
2020-04-20,125.12459889971522,129.19593659801058,123.20867279666957,126.46943664550781,1974900
2020-04-21,123.42058307670045,124.52592166144936,122.04811245042544,123.48505401611328,1958500
2020-04-22,126.5339169196518,127.00369587870871,123.54028479760031,125.4654312133789,1280400
2020-04-23,126.81947097359757,129.03936787752082,126.11942662128023,126.29444122314453,1377000
2020-04-24,127.98008614849451,128.42221867679402,124.74695426211653,127.69454193115234,1498500
2020-04-27,127.69454145018372,129.67493873116445,127.21555634749858,128.6801300048828,1528900
2020-04-28,131.7750784666809,133.2120196396131,129.74862260600375,130.39340209960938,1752100
2020-04-29,133.5621065882905,136.72153450111637,132.2172681583791,135.4964599609375,1563200
2020-04-30,133.15676600145122,134.29895695387452,131.47111900563408,133.61732482910156,2054600
2020-05-01,131.62769381657486,131.76586988377832,126.32206172620424,127.28923797607422,1603100
2020-05-04,125.6036207723991,125.7325766991156,119.92953188658957,122.45339965820312,2277200
2020-05-05,124.46139652909227,127.5287195998047,124.09295513804291,124.48902893066406,1125500
2020-05-06,124.91276076652761,125.29962847955555,121.0256432933056,121.707275390625,1150800
2020-05-07,124.03770886873141,126.16548843852327,123.48503264443785,125.27200317382812,1059000
2020-05-08,127.11424054890654,127.9892995387586,125.93521103634241,126.19312286376953,1727400
2020-05-11,124.4982708372171,125.98127088608308,122.10335921185843,124.24956512451172,1356000
2020-05-12,125.08776975623235,126.02731362012561,119.69002019329852,119.79134368896484,1392500
2020-05-13,120.62033454622222,120.78614300590037,114.67912944618249,115.89500427246094,2027400
2020-05-14,113.29746455009136,116.94508939473718,108.5537075150411,116.79771423339844,2720600
2020-05-15,116.05160392504773,117.62671417052923,114.85415526707087,116.07003021240234,1649600
2020-05-18,121.56908093773434,127.91557980556493,120.2150371192518,127.0220947265625,2450900
2020-05-19,128.11822866818574,128.4406254126399,124.75615544236398,125.41014099121094,1859400
2020-05-20,127.55634682178601,131.79349292248943,127.21553784614743,131.084228515625,2399400
2020-05-21,129.9421094238785,133.10153708716004,129.9421094238785,131.5448455810547,2100200
2020-05-22,136.32541526817937,136.7030768864127,127.81428293077498,129.6104736328125,3427600
2020-05-26,133.0646301674112,139.08873197740425,133.0646301674112,136.35301208496094,2500300
2020-05-27,140.00988319006993,142.1008241968345,138.65583911638635,141.26260375976562,1936400
2020-05-28,143.86935422850954,144.00751624072618,140.12961917636795,141.078369140625,1914700
2020-05-29,139.33746556477925,140.8665101238643,136.20565724050928,140.1204071044922,2249000
2020-06-01,137.5596937243535,139.04269356556745,135.77272340020443,137.37547302246094,1464600
2020-06-02,138.75715407412696,141.94422713997147,138.27816898885467,140.8849334716797,1335400
2020-06-03,142.89296351254788,146.31030159632357,142.82847854052227,145.8589630126953,1678800
2020-06-04,144.42201189144814,148.64073188144343,143.76802631354846,148.4288787841797,1469900
2020-06-05,154.6556529614428,156.69132921997218,152.5831381799486,153.56874084472656,2061200
2020-06-08,153.8266603887579,156.96767521064842,153.65164577182836,155.49388122558594,1373000
2020-06-09,150.63960936016682,152.78581567084245,150.26196171767052,151.80943298339844,1977400
2020-06-10,151.45017828369188,152.06732548759985,148.26311874977077,148.29995727539062,1311700
2020-06-11,142.98510353556026,144.50495624698783,138.8032351600187,139.1716766357422,1576200
2020-06-12,144.10884027108025,144.86416342104522,138.64661985566184,142.74559020996094,1598000
2020-06-15,136.67544076435195,143.33511740721372,136.4359411811844,143.20616149902344,1321200
2020-06-16,148.95389505285274,150.8974532522651,143.2890148335996,145.81288146972656,2105600
2020-06-17,146.39324798249552,146.39324798249552,142.64430577410624,143.24302673339844,1131600
2020-06-18,142.34950241709709,144.5049282027114,141.49286982747418,142.65347290039062,883800
2020-06-19,146.2274135529028,146.32873704733396,141.4283848514095,142.65347290039062,2046200
2020-06-22,140.9309637520826,142.52449293619412,139.77956698940216,142.36790466308594,1188500
2020-06-23,144.1917637410386,144.2654548462963,141.56658663504635,141.81529235839844,940400
2020-06-24,139.90854701182553,140.62701759133006,137.3570474099171,138.61898803710938,1985600
2020-06-25,137.4491902370749,142.6350876090285,136.5925434305139,142.26663208007812,1671100
2020-06-26,141.09676618740613,141.73233948547974,136.50039904390275,137.28334045410156,2302800
2020-06-29,139.66278474469337,142.5421438976611,139.17209132452143,142.31068420410156,1094100
2020-06-30,141.5051967816883,146.51398800871777,140.83859172502883,145.4955596923828,1836600
2020-07-01,147.81018757490622,148.30088110436,143.81982382959848,145.2178497314453,1111100
2020-07-02,147.08799082319806,149.9118017042695,145.83811704537064,146.18992614746094,1044900
2020-07-06,149.17109384354148,149.6062390665108,146.66207943247085,148.3378448486328,947500
2020-07-07,146.63434198108246,148.67118435335396,145.95846953936615,146.93060302734375,1118600
2020-07-08,147.45831891538805,147.95826554728822,145.2177911813614,146.6343231201172,1042600
2020-07-09,146.11590113776253,147.86573608360038,144.52345710875684,145.95849609375,1283400
2020-07-10,146.53249138382114,147.61572094079347,145.3936996393927,147.2916717529297,982700
2020-07-13,150.59691575600905,154.91132718552788,149.67107712103126,151.68014526367188,1829700
2020-07-14,151.36542457470432,157.2259871933551,150.2636738943184,156.98526000976562,1651500
2020-07-15,158.03142357951202,161.09594768020645,157.23520166382156,159.6053466796875,1992300
2020-07-16,159.20721298909308,162.28098981652988,158.22581219937896,160.55892944335938,1142400
2020-07-17,162.02175806048518,163.80861981119338,160.5033832928911,163.41976928710938,1140400
2020-07-20,162.82726966484793,163.0679968007912,159.89236228426833,160.9200439453125,1314500
2020-07-21,161.97546619665917,163.69752662102655,160.51263945964374,162.62355041503906,1079300
2020-07-22,161.27188568995146,162.97542593287696,161.19781688019197,162.47547912597656,1246300
2020-07-23,162.6698461934495,165.16960769556678,162.4013592038552,163.6234588623047,943800
2020-07-24,163.97529625665265,164.58635320234686,161.84586437531624,162.3458251953125,910800
2020-07-27,161.73473981004315,163.58641692435646,160.08674830847832,162.9475860595703,887100
2020-07-28,161.9291931572088,164.00307706134691,161.69773346766038,162.75318908691406,850000
2020-07-29,163.6049681430574,167.35460369664162,162.95686973051792,166.88243103027344,1886900
2020-07-30,164.99372398354345,165.95659003332955,163.20684791348174,164.83631896972656,1235700
2020-07-31,163.6975690953268,163.7994119365812,160.50342780460943,163.23464965820312,1409600
2020-08-03,164.22525650634918,165.60474698834486,162.7902038411476,164.44744873046875,840600
2020-08-04,163.7994182600063,165.61406873954436,163.53093119206892,164.9011688232422,672800
2020-08-05,166.65096886045345,169.97472645998096,166.60467409922336,169.2618408203125,1366100
2020-08-06,168.50269183870265,169.65073724250993,166.88247364794591,167.81756591796875,968100
2020-08-07,167.9563886008558,170.08582026694904,166.52133590454233,169.89138793945312,1254600
2020-08-10,171.28017790859062,177.15925993632462,170.7246689780155,175.8260498046875,2631100
2020-08-11,178.03876363993007,181.32549345908055,177.95544155737213,178.89053344726562,1909900
2020-08-12,177.10370561247097,178.52025203567462,175.5297824087975,178.04806518554688,1629000
2020-08-13,174.5669128530128,176.99260604789353,174.4743233198671,175.4464569091797,1324700
2020-08-14,175.18722609356223,178.88132814374765,174.4558055001671,176.95558166503906,900600
2020-08-17,178.9183252761964,179.83491065705616,177.02035315287637,178.6776123046875,1025900
2020-08-18,179.4368110552457,180.37191726112457,177.66845560119265,177.88140869140625,1120900
2020-08-19,178.686908000687,180.16825589405195,177.70552102538446,177.75181579589844,1512700
2020-08-20,176.10375390298492,177.80729341632778,175.33530622391532,176.92774963378906,1558700
2020-08-21,182.16803067745198,187.8989749045338,181.4643983004386,184.704833984375,6446300
2020-08-24,189.21366927951544,191.16718969447513,187.63049285742656,190.1672821044922,3177900
2020-08-25,190.7228079258423,193.8706544446201,190.12101830898715,190.35247802734375,2706800
2020-08-26,191.26901590630325,196.54629373332867,189.5747293699887,195.36122131347656,2039900
2020-08-27,195.50015103637725,196.6944770351513,193.33369133970945,194.26878356933594,1875400
2020-08-28,194.73165986624497,195.16680519525133,193.26883299193094,194.3335418701172,1261400
2020-08-31,194.42611087850122,195.7500533286769,192.36149470430556,194.48165893554688,1944500
2020-09-01,193.05586862685522,201.57358091256268,192.8244089770959,201.54580688476562,1873400
2020-09-02,202.05499104532117,203.41597471472033,199.67557941678868,201.0087890625,1983000
2020-09-03,201.15698018198034,202.50869678537637,193.5651055965619,195.17605590820312,1975200
2020-09-04,197.3795245130981,198.1294514850064,192.74106429441676,195.66671752929688,1662300
2020-09-08,194.29650746663344,197.42584675015883,192.54667291286069,194.64833068847656,1918500
2020-09-09,195.22234673696272,201.18475016086452,195.22234673696272,199.53675842285156,1569200
2020-09-10,199.90707730605317,202.04576230252707,197.76839230957927,199.1571502685547,1840300
2020-09-11,198.24985100863546,202.30501502386645,197.20364872708595,199.9441375732422,1902400
2020-09-14,201.74026393760673,202.8697883761699,200.62926023020088,202.1383819580078,1249300
2020-09-15,203.50860110258202,204.57332407717044,199.23123085626756,199.76821899414062,1740200
2020-09-16,201.05514440539798,202.68461550393044,198.9257124754578,199.4256591796875,1572700
2020-09-17,197.94433302745892,205.16587830179913,196.2870737080929,203.6289825439453,2094000
2020-09-18,203.19384112674817,208.6655517865095,203.17532039526927,205.50843811035156,3063600
2020-09-21,200.21261830084438,201.32362191222285,194.59277062691544,198.32391357421875,2134000
2020-09-22,199.1386717169838,202.8142530237205,198.62020422950508,201.4440155029297,1622400
2020-09-23,201.44397714066602,204.30481520674024,198.48129625700452,198.63868713378906,1683500
2020-09-24,197.85172877435886,203.11049997396253,195.70379032118595,200.4626007080078,1025900
2020-09-25,199.009033432927,204.54554511734977,198.89793730532898,202.99014282226562,1225400
2020-09-28,205.5917105597444,207.72114209582622,205.0732432209785,205.44357299804688,1191500
2020-09-29,205.9174039273748,206.60488425329578,202.59152275726262,204.55174255371094,892800
2020-09-30,205.66660956830887,210.01441969209108,204.607526524639,205.89886474609375,1883900
2020-10-01,207.63614523296928,207.89626991844193,203.0560795720029,203.49270629882812,1383800
2020-10-02,199.97165421393137,210.4417187777506,199.75798347712242,208.83450317382812,1403600
2020-10-05,211.12921974610757,214.71523988507448,208.8902908387372,210.85052490234375,2071500
2020-10-06,211.13849623251448,214.26929082915146,209.96792131215054,210.0701141357422,1385800
2020-10-07,212.99657023617033,216.02517247809132,211.9189028706781,214.2042999267578,1029200
2020-10-08,214.59451305976685,218.14336503465162,214.33438837786878,217.61383056640625,1148300
2020-10-09,218.33841109743238,220.1871528980203,217.00061925283447,218.143310546875,1091500
2020-10-12,220.30795236762,220.74459319923798,218.38488702847104,219.73196411132812,1234800
2020-10-13,219.3789040665046,220.7166958775714,217.8460258854986,220.3822479248047,1311300
2020-10-14,220.5402349917654,223.57813680956227,220.26152593197762,221.5435791015625,1062500
2020-10-15,218.0039992372639,222.36110855586477,217.73457529786523,221.32989501953125,1225200
2020-10-16,222.96493669312304,226.12360095931737,222.69552696527288,223.0206756591797,1652600
2020-10-19,223.19719606535045,225.65909495103455,220.2800719886951,221.26483154296875,905500
2020-10-20,222.77912708399188,224.86012400951327,220.8839172545596,221.91513061523438,968100
2020-10-21,222.51900664336495,224.7486502984659,219.30458929527032,219.62045288085938,1506500
2020-10-22,219.30458734080807,221.1068894642212,218.20834990327631,220.06639099121094,1246400
2020-10-23,220.28934688145893,222.96493058470855,220.28934688145893,222.52828979492188,820500
2020-10-26,220.27079179528764,220.63310926532614,215.30052587291348,217.62307739257812,1010500
2020-10-27,217.57661078467436,217.93892823349375,211.81668618838165,212.2904815673828,1395700
2020-10-28,209.02961251678417,211.35216376697068,206.71634636833642,207.5153045654297,1375200
2020-10-29,206.30761163223568,213.4982220102477,205.99173385439676,211.8352813720703,1190700
2020-10-30,211.47296233198105,212.3648141637432,206.80927498126013,209.8750457763672,1306200
2020-11-02,212.2719108075009,215.75573787385343,211.3521753587215,215.25405883789062,1435900
2020-11-03,218.8865050746225,224.46991278104903,217.78096848977927,222.92774963378906,1571800
2020-11-04,220.5494849915976,222.96494422431948,216.6476013028179,216.74050903320312,1992600
2020-11-05,220.93965226234127,229.55166170679567,220.48442713437836,228.5576171875,2031800
2020-11-06,229.07789305523104,232.59887476596862,228.64125225479086,230.06265258789062,1481600
2020-11-09,242.09344342265814,246.99867042181734,230.7222418226653,231.205322265625,2219500
2020-11-10,231.781351118668,238.66538288779753,231.781351118668,235.943359375,1852800
2020-11-11,235.93409194184042,236.22208607696976,228.5019266967776,231.65130615234375,1659000
2020-11-12,233.04483196490034,234.29900131673855,229.34731963099773,230.40640258789062,1275700
2020-11-13,233.0169538792761,234.6613101360418,231.4004529307445,233.9180908203125,976700
2020-11-16,236.90023861659617,241.86120491721593,235.60890062802898,240.709228515625,1927500
2020-11-17,238.29379838731123,241.28524603523763,235.50673641786898,239.88241577148438,1411100
2020-11-18,240.09610807409445,242.10279615565733,238.99057119094462,239.06488037109375,1618400
2020-11-19,239.02769520827064,241.10869208039836,236.9002302997204,237.44834899902344,1700400
2020-11-20,238.42386162322822,241.2294936431832,237.36476452506193,240.2075653076172,1614900
2020-11-23,242.19564938135125,244.10942929338054,241.69397038601247,242.57652282714844,2094900
2020-11-24,244.93627045245552,245.41937929939454,241.55465028117317,242.94818115234375,2345300
2020-11-25,244.34171590222547,246.99870119673477,236.44502666451012,238.22874450683594,3037900
2020-11-27,240.2632794229738,243.58918872092423,239.826638649828,243.35693359375,1072200
2020-11-30,244.27666794560406,245.47511240460224,239.7894827707645,243.05035400390625,2342200
2020-12-01,244.53679974890744,246.51561813306125,237.01172733300268,237.02102661132812,2086400
2020-12-02,237.02096773462523,241.95406355212612,236.33348756858499,240.61627197265625,2773200
2020-12-03,240.14251064113134,241.36882455996107,234.04813815849855,234.74490356445312,2079900
2020-12-04,235.8411512792916,237.59699950626774,234.84709251219834,235.40451049804688,1655000
2020-12-07,235.16297971134964,235.5067127835184,232.7568056789819,234.12246704101562,1598400
2020-12-08,235.15364315392154,236.7515594034469,233.43496388981424,234.67056274414062,1303600
2020-12-09,234.5777050968235,237.36476693955805,233.741592214295,236.74232482910156,1373800
2020-12-10,235.5903436962978,236.19421562542772,232.8311512262937,235.4602813720703,1158900
2020-12-11,233.5929397248607,237.82927135271427,233.01695149453673,237.6156005859375,1403600
2020-12-14,239.68733248811844,240.3840979895374,234.5870039144688,234.7821044921875,972900
2020-12-15,238.1358737326079,245.3636539534139,237.81072497915187,243.39413452148438,2051100
2020-12-16,243.2547112879164,243.75639026945163,241.2108833082672,242.5858154296875,1210700
2020-12-17,244.36029898930167,245.85603696970915,242.97606730146094,245.7538299560547,1525000
2020-12-18,246.19048677958733,252.18268166631677,245.78171540134576,251.4859161376953,3274100
2020-12-21,247.04515936933666,252.69359188988093,246.72926743019173,248.74525451660156,2147000
2020-12-22,248.58729528706522,251.37435681365582,246.40411977240066,250.1480712890625,1531700
2020-12-23,251.46730625014303,252.11763205481088,248.81959169036773,248.9217987060547,938600
2020-12-24,248.9124783214334,250.4453566150784,248.34578937376892,250.10162353515625,289900
2020-12-28,254.02203882884268,254.1428160159631,248.42004700247895,248.51295471191406,691900
2020-12-29,250.06441991847097,250.40815291151108,244.1930045060125,246.50625610351562,892800
2020-12-30,247.82935324404212,250.0281263393171,247.36350859508715,247.96910095214844,792800
2020-12-31,248.53741174795883,250.8014096040685,247.31690121155913,250.67095947265625,805300
2021-01-04,253.24245866277892,255.0499381244849,245.82622002135753,249.35733032226562,2800000
2021-01-05,249.36659750379158,255.99092220365048,249.18027673189098,255.543701171875,1829200
2021-01-06,256.2145646714977,272.8358988367841,255.88846772079,270.5252990722656,2778300
2021-01-07,273.69297293835814,280.0284468392715,273.44139870836614,279.2551574707031,2227300
2021-01-08,277.2241283153388,279.95399945984025,270.55325822565493,273.8327941894531,1781000
2021-01-11,269.7053220967699,275.01593194600144,269.25810117385885,274.7737121582031,1303700
2021-01-12,275.8917640650809,282.8235330508117,273.8234131833242,281.4539489746094,1952300
2021-01-13,281.0253980565225,283.2334967549872,280.0750569427254,280.6434020996094,1203800
2021-01-14,282.208590898859,285.4229293047649,281.32350341334416,282.1620178222656,1370800
2021-01-15,279.6557963643288,280.55953590504214,272.9942251598845,275.220947265625,1766300
2021-01-19,277.87630516213557,279.29246251672464,274.2892960392635,274.8389892578125,1509600
2021-01-20,276.59055613999124,281.5471492907866,275.78931711087677,280.3825378417969,1327500
2021-01-21,281.37019070939033,285.23669592163077,279.5068119629705,284.631103515625,1931000
2021-01-22,282.19929756025414,285.99125021756976,280.7272130037374,284.32354736328125,1429900
2021-01-25,282.43228954674504,284.6310625029039,276.13406119283394,277.8297424316406,1539600
2021-01-26,280.38249617132215,281.51915791392116,275.22093103530113,275.7892761230469,1364200
2021-01-27,269.9942333601454,270.7861749023072,259.8947253903188,261.5531311035156,1769900
2021-01-28,267.6557044030475,276.9725975226647,263.4258269655289,272.94769287109375,1504200
2021-01-29,272.14646076540095,272.938402387678,265.9973054604699,269.0718688964844,1734300
2021-02-01,272.16514427314837,273.9353487151529,269.86386996867003,272.2489929199219,1163400
2021-02-02,275.99427399853425,283.4384608540432,275.5191034561332,281.87322998046875,1637100
2021-02-03,281.6123654498592,281.6775620799393,279.00361882688566,280.5688781738281,1185300
2021-02-04,282.16206522205727,288.4136914674933,281.32355067227553,288.14349365234375,1459000
2021-02-05,290.7056034217127,291.63729245977936,286.03786067536606,288.1155090332031,1228100
2021-02-08,290.6870900078903,295.5225602220769,290.6870900078903,295.3828125,962300
2021-02-09,294.4323574523588,296.5286577729032,291.77706645931676,293.78948974609375,1066500
2021-02-10,295.8578449665472,296.09076722787586,290.1000134903963,292.2149658203125,1070000
2021-02-11,293.1932721372367,294.246085466394,287.93853148183496,292.9789733886719,995400
2021-02-12,292.59697564487783,294.21813415266433,290.9478960319009,291.61871337890625,1721600
2021-02-16,295.16844945366944,299.6964736936531,294.4790085528944,295.4293212890625,3099600
2021-02-17,292.6994342661314,295.8112722695553,290.1186658431173,290.7615051269531,1999600
2021-02-18,289.60636515379707,290.18400810327967,278.14659550341526,279.7397766113281,3110900
2021-02-19,298.1405066287879,312.31148962327705,294.29262616584697,307.4573974609375,4870100
2021-02-22,306.9915379300093,315.423312348253,306.07847243719846,314.4543762207031,2312500
2021-02-23,308.8736038671647,315.6283507972046,305.59406800732006,314.36126708984375,2222700
2021-02-24,316.24329486972067,322.9141937244002,315.1066327770789,322.0477294921875,1941300
2021-02-25,322.09424220980003,328.9048874974318,318.9265048441636,324.2557678222656,2883000
2021-02-26,322.5508454841768,330.200006639231,320.55701674395925,325.2713623046875,2537800
2021-03-01,330.8055405971699,338.49197592836003,330.1347232854956,334.9515686035156,2098800
2021-03-02,335.28699461867546,335.28699461867546,326.06327703917964,327.432861328125,1882000
2021-03-03,326.0354250203962,327.36773417788515,319.39247435414734,319.6253967285156,1929100
2021-03-04,317.39857567124915,320.05386717334756,308.18415573684615,314.8643798828125,2499400
2021-03-05,319.8489012761472,327.80553526131774,311.3146529505568,325.9328308105469,1979700
2021-03-08,330.2186281681082,335.3242957121831,325.36453492934197,329.53851318359375,1764200
2021-03-09,330.4888318162861,332.976454774194,327.83351160716677,328.5975036621094,1456800
2021-03-10,327.22790708924066,336.9826948996295,327.0322603034283,336.5447998046875,1403200
2021-03-11,340.06659674903966,341.76227811015036,336.134866739721,339.5634765625,1675700
2021-03-12,338.7155510104264,345.43304969634653,338.51990426636775,344.2497863769531,1941500
2021-03-15,343.87716047487515,349.1319011657224,341.0541433603363,348.7964782714844,2004400
2021-03-16,350.846216299068,350.846216299068,345.65670052125483,348.0045471191406,2047000
2021-03-17,350.3897450934085,354.77802273994115,346.80276356730366,353.3525390625,1753000
2021-03-18,354.9735823718289,365.613485461533,353.2313281309736,354.42388916015625,2753100
2021-03-19,351.712621846433,353.8927708454014,346.5044833878596,347.0355529785156,3042100
2021-03-22,348.190954333868,348.190954333868,343.47660837138545,346.2064514160156,1398500
2021-03-23,342.1814370788433,346.1504416454462,331.58813682246483,333.06951904296875,2911200
2021-03-24,336.81497013156053,342.86162391125066,336.1627763216137,336.2559509277344,1860600
2021-03-25,332.86456453813355,342.6659523621419,329.3148312349422,341.7435607910156,1970600
2021-03-26,345.68467446228686,347.4269288769105,342.6101111932923,346.8586120605469,1586100
2021-03-29,345.1816179485849,347.04499686324993,342.39587556969065,342.8337707519531,1413400
2021-03-30,342.76827510479194,350.52959262327755,342.25460107992933,349.23138427734375,1278200
2021-03-31,350.21201400978754,354.442912457116,344.0010964748943,349.43682861328125,2053300
2021-04-01,350.82851901157244,351.1740846940714,344.90712962082114,347.5502624511719,1561900
2021-04-05,350.80046915148614,352.9859638261549,349.22205158045693,350.0626220703125,1419500
2021-04-06,350.97789030073244,356.6284182648561,350.25871250349684,350.80975341796875,1309700
2021-04-07,350.94058251125165,353.8639244589224,347.8211140870207,350.0439758300781,1299300
2021-04-08,347.7090490825005,349.8011408831716,344.29070219222405,349.37152099609375,1250700
2021-04-09,350.8379330882995,353.1168029455231,347.92391088034026,352.1081237792969,1224500
2021-04-12,352.8831293292027,354.11598096052415,350.98716461694784,353.2847595214844,1165100
2021-04-13,358.2162632974528,359.01946695877615,351.76250192689,353.6678161621094,985100
2021-04-14,352.9018548417734,357.6931429435285,352.9018548417734,356.31085205078125,1077100
2021-04-15,358.9073494352526,360.4670977822221,353.6770919307803,356.9086608886719,1127000
2021-04-16,360.5698239718706,360.5698239718706,355.67581172410814,357.7772521972656,1092000
2021-04-19,357.5437782271591,358.34698183704063,353.54637238347397,355.5824279785156,1145100
2021-04-20,353.36894137739176,355.6011236123762,342.42276889822836,345.8224182128906,1807400
2021-04-21,346.2333015481882,351.0152412158414,343.095164329769,350.8004455566406,1819900
2021-04-22,351.0526642762918,352.3322035909004,341.4607653426892,344.03851318359375,1880200
2021-04-23,344.5335377328972,352.7524940773981,344.5335377328972,351.4262390136719,1301300
2021-04-26,352.12667993475657,358.45901914669406,352.12667993475657,355.3302307128906,1235700
2021-04-27,356.31090167011837,358.1788487299879,353.53699914610763,357.1141052246094,925700
2021-04-28,356.01206322509887,359.1222113900328,354.4896816401592,354.7231750488281,891000
2021-04-29,357.56244257819407,357.56244257819407,347.50355736477445,351.538330078125,1104500
2021-04-30,347.9518431970372,348.86714755945667,344.27198503945226,346.3641052246094,1196700
2021-05-03,351.6410360888314,352.80850300811704,347.3260829155694,349.0912780761719,924600
2021-05-04,347.2980723349384,355.8439246677762,343.59019617926685,354.5176696777344,1692300
2021-05-05,357.39433152931895,358.0294267195136,351.0339737655663,353.84521484375,1460800
2021-05-06,354.76052843130776,365.18367721668045,353.6210795003993,364.1656494140625,2010900
2021-05-07,362.2043564546868,370.6941743925126,358.9541175549849,368.1911315917969,1597200
2021-05-10,371.7214512301571,373.90694578943834,365.4451481999355,365.5572204589844,1601300
2021-05-11,360.71927154702195,363.4838253197072,352.5843697736123,357.898681640625,1588500
2021-05-12,359.3742772588121,362.8766774459215,347.83037992335045,348.9604797363281,1631600
2021-05-13,344.14122443409497,354.76049880779055,342.27327739203463,353.14471435546875,1483400
2021-05-14,356.60046949293854,361.1769345807358,355.4983874498479,358.6458740234375,1143600
2021-05-17,356.7685589144687,360.1869056396048,353.770511701626,358.2255554199219,1170200
2021-05-18,359.79462653308474,360.81265424154304,345.2806701660156,345.2806701660156,1664800
2021-05-19,337.9302954293496,338.266512204932,327.8433646227424,334.7547912597656,2800600
2021-05-20,334.3064919382792,335.29650161269274,327.3857445710298,331.7660827636719,2947000
2021-05-21,334.1756886157872,344.0664925219451,328.9174420406642,335.9969482421875,3614400
2021-05-24,337.66883564914315,338.5560934999594,332.7841432819187,335.63275146484375,1914700
2021-05-25,337.89290554560506,343.51541531962687,336.57599959218686,336.8748779296875,1682300
2021-05-26,335.9316622817312,337.3980078693622,331.2711425187811,334.1197509765625,1949800
2021-05-27,339.3872866557966,339.49935891262686,335.0256179767617,338.2945251464844,3337100
2021-05-28,338.65880329444207,339.53674068148564,333.970237992867,337.2578430175781,1348100
2021-06-01,340.3493246755677,344.8697535015576,338.0984448681486,340.5361022949219,1483500
2021-06-02,340.4426948397358,341.18986225017886,332.27042658909687,333.1576843261719,1882700
2021-06-03,331.7754172162534,339.43398282739105,331.14964242906734,335.2124328613281,1336800
2021-06-04,336.4826462930998,337.5754079062454,331.85014538741785,333.09234619140625,1279300
2021-06-07,333.49404154994187,335.9503972775985,329.6460739396315,331.9623107910156,1537000
2021-06-08,333.35383095205145,335.7354519530806,329.1602705956473,333.0362548828125,1521700
2021-06-09,332.2797371459223,332.4105071153297,326.15287335257506,326.4517517089844,2000800
2021-06-10,328.6466527697182,331.00025610854823,318.2701906890509,318.8959655761719,2232000
2021-06-11,322.5758632991566,323.62190935483426,316.2621915311656,319.0174255371094,2028400
2021-06-14,318.5223216376509,319.82052994549673,309.9204054179654,313.3854675292969,2775000
2021-06-15,314.646358740551,316.645047289513,313.5909640827217,315.7764587402344,1722400
2021-06-16,315.7764313518265,317.55097521870357,313.0025290458412,314.3381042480469,2264600
2021-06-17,313.5723051092875,314.66506682434976,300.64611317323937,306.6982727050781,3387800
2021-06-18,302.71014148556156,309.93911585481305,302.09374404954605,307.249267578125,2930600
2021-06-21,310.9851403162634,316.3928545643148,310.58353857399663,315.5709533691406,2010700
2021-06-22,316.4208792027082,320.0260031079164,313.49753768746695,319.5123291015625,1677400
2021-06-23,320.05405383402285,326.1155616416724,318.9426230134765,324.789306640625,3352700
2021-06-24,326.47980838233457,331.31778477557873,323.6498695227037,327.4698181152344,2140200
2021-06-25,330.71067524812673,332.39184466013097,324.2195764843879,326.8813781738281,6604800
2021-06-28,327.2456628291469,327.77803460274123,322.31428353755183,326.78802490234375,1304200
2021-06-29,328.4829029060532,330.2620521558872,325.94531484735575,326.73187255859375,1213400
2021-06-30,326.02011725870784,330.90803219804957,326.02011725870784,330.2712707519531,1643600
2021-07-01,333.03366288625347,333.5299442588482,329.53160295798546,331.7508239746094,1467900
2021-07-02,332.0130249350629,333.2677735837216,328.86676605952545,330.07470703125,1131800
2021-07-06,330.0747040943419,330.54289516397927,322.35892441107495,327.21875,1924000
2021-07-07,326.2168032480963,330.1308735999596,326.06697868173273,329.494140625,1309100
2021-07-08,323.05178191379986,325.252285273942,317.9016810427103,321.72210693359375,1621000
2021-07-09,326.98470131351456,328.407992081731,325.4396477014535,327.24688720703125,1325400
2021-07-12,325.6080737856338,332.18146414171633,323.81020804469915,331.7413635253906,1608000
2021-07-13,333.35206212685523,333.35206212685523,328.2768580457021,328.45477294921875,950100
2021-07-14,330.90808621761613,330.9642668578975,322.6117258973289,323.5855712890625,1409400
2021-07-15,321.08544425151246,325.59881322363185,320.5329821936812,324.0818786621094,1516200
2021-07-16,325.505214431926,326.29177214416274,320.2427504154076,320.7015686035156,1153900
2021-07-19,313.6879819877507,315.8791125223526,308.0041361722729,313.64117431640625,1848600
2021-07-20,315.9727557769595,327.06888859290143,313.6879813283595,325.8890380859375,2053900
2021-07-21,329.60646467776206,332.04106359799044,328.5858117247966,330.5428466796875,1478900
2021-07-22,330.15900724902184,331.71340518090915,328.75443390316053,328.9791564941406,810600
2021-07-23,329.88742556628677,333.0430574688304,329.18513894196786,332.134765625,796800
2021-07-26,333.0149755412307,334.18545327793316,328.7263291113275,332.8464050292969,865500
2021-07-27,329.981041790838,334.89704774829204,328.239384825303,331.02978515625,986900
2021-07-28,331.7695167513178,334.1760254411054,328.77308280691716,331.0672302246094,1250400
2021-07-29,335.7210833048137,339.07331875052193,333.4831448778333,336.9102783203125,1392600
2021-07-30,336.82593165087246,338.79233939347614,334.41007887643366,338.5863342285156,1053900
2021-08-02,340.7494577429898,344.03616822490744,332.6497578827429,333.30523681640625,1148300
2021-08-03,334.83153436232203,343.5118156414027,331.8163825365397,342.58477783203125,991500
2021-08-04,341.152201721376,343.2778081484573,337.6126772419506,337.7250671386719,825500
2021-08-05,340.7026604646888,341.77949425190303,338.3429590923722,341.14276123046875,794400
2021-08-06,343.6522782875686,345.2347665417943,342.313258557414,343.5399169921875,665400
2021-08-09,341.69525778882957,347.32292437941214,340.1595771485306,345.82470703125,923300
2021-08-10,347.3977845868321,353.40937068336206,346.0119286897578,352.6602478027344,1184000
2021-08-11,353.3906120262501,361.7337802780562,351.57402839829956,361.5184020996094,1651500
2021-08-12,361.5090603962713,363.8031794983503,359.2710933605042,361.0876770019531,1314000
2021-08-13,361.58398630903923,362.604639493414,358.2973041688577,359.5707702636719,814300
2021-08-16,356.7615601371893,358.9620636642815,354.5235933268814,358.66241455078125,910400
2021-08-17,357.22974908894486,358.26911943922295,350.3098720807536,352.3886413574219,1206300
2021-08-18,350.4409955279317,352.089037142907,347.79104679923313,347.96893310546875,1374500
2021-08-19,345.11295265411076,345.11295265411076,332.30325356604055,336.1424255371094,2281000
2021-08-20,339.90667011819903,343.8113956789962,322.82707137562363,329.0727233886719,3498300
2021-08-23,331.61975156151163,340.13146235981094,329.84063109058286,339.7194519042969,1946800
2021-08-24,341.77948666147677,349.27054390337213,341.7701136955674,344.5699157714844,1638700
2021-08-25,345.5249557038203,355.17905177357534,344.3731955640744,352.42608642578125,1657500
2021-08-26,351.41487124470086,358.6062794246947,351.20886602503936,355.6473083496094,1490400
2021-08-27,355.9001794245306,358.53144003237475,354.05550511205803,355.34771728515625,1115600
2021-08-30,356.76165771484375,359.23372071318505,352.78203292406135,356.76165771484375,1378500
2021-08-31,356.76161656704977,357.2298076649068,350.0196533274619,353.9805603027344,1589800
2021-09-01,354.1397356518573,355.51621853632304,345.7029234529396,352.7445068359375,1895400
2021-09-02,354.97305267611824,360.4977008188743,353.7651118821305,360.46026611328125,1333700
2021-09-03,360.25430650935584,367.99817642301906,359.57073726829344,364.5710144042969,1902000
2021-09-07,360.93786273957494,362.5578141787998,346.7048709212496,348.0906982421875,3627000
2021-09-08,347.85657983573424,348.7180639477899,339.06396670930303,346.6767578125,2427100
2021-09-09,345.3564496816803,347.6224783394131,339.93478937315206,341.629638671875,1725300
2021-09-10,344.14851573059445,345.01934423459,339.71941806308206,339.9722595214844,1235500
2021-09-13,342.7159382513694,343.38076171496925,334.27912417901916,338.52093505859375,1832900
2021-09-14,339.4573246325897,339.4666976005976,332.43445689591323,333.3334045410156,1410800
2021-09-15,332.49056749632524,337.8747649599995,331.49800468476326,336.8822021484375,1403500
2021-09-16,337.64073883590356,338.3243082461896,330.7208880542549,332.7247314453125,1681800
2021-09-17,329.1476795592299,331.78825535089936,325.83287893958953,326.8816223144531,7677100
2021-09-20,318.969268272188,320.7109255674919,313.37906501049235,318.1171569824219,2410000
2021-09-21,320.9450131362795,322.97697517295376,312.4988556089796,315.5140075683594,1503800
2021-09-22,319.91502258946264,323.54819066178015,318.28572645283174,319.15655517578125,1336800
2021-09-23,323.05191191975797,329.8968646369536,323.0144486243083,329.1383972167969,1497600
2021-09-24,327.60264301405647,330.88935348215534,326.3478943708785,327.0314636230469,1193200
2021-09-27,326.5913418771357,333.1647338146378,326.5913418771357,329.9997863769531,1291500
2021-09-28,328.4174077684668,333.8765045591976,328.1739392013461,331.4231872558594,2018700
2021-09-29,333.2262957822755,334.01519369967355,329.46022180058253,329.5259704589844,1320600
2021-09-30,331.0098515684526,331.0098515684526,314.56500681674606,314.6871032714844,2079500
2021-10-01,317.5327665562914,323.6937075080198,313.3534567018122,321.38336181640625,1740800
2021-10-04,320.0122795493901,321.7215731730097,316.3307549182163,317.8522033691406,1464500
2021-10-05,316.31189284445765,320.3879087571808,312.5176732981534,317.7112731933594,1401400
2021-10-06,313.2125656220378,318.0023287295946,309.6155643608766,317.8144836425781,1534700
2021-10-07,320.4724091687217,326.60517701824693,319.72105733240767,323.1584167480469,1139200
2021-10-08,323.1301561820574,324.3322901366059,320.6601396309527,322.2943115234375,1168200
2021-10-11,322.15348935978324,323.1114593374286,312.2452755848929,312.35797119140625,1052100
2021-10-12,313.0435830993702,314.11422005232555,309.7940401612852,310.4890441894531,1410000
2021-10-13,311.85081038134325,312.6303360901637,307.10802211587554,308.9863586425781,1771800
2021-10-14,301.9708254832213,312.63039294296186,301.0034831425009,309.7095642089844,2403800
2021-10-15,312.6960834223282,315.56053514895615,311.49394919677775,312.51763916015625,1435000
2021-10-18,310.5735267816752,313.015369774391,308.64824348305325,311.653564453125,1154000
2021-10-19,314.536878502102,322.92364506796633,313.77615442432426,322.2192687988281,1433600
2021-10-20,322.74518801293175,325.00858710751646,321.1486190627622,323.120849609375,1001900
2021-10-21,323.0081686083048,324.078834300801,320.031020944145,322.0690002441406,876400
2021-10-22,324.0506852025919,325.0649745026303,319.0167274815248,319.98406982421875,825700
2021-10-25,319.5896026566497,332.2308004963519,318.49076308721453,331.2634582519531,1564800
2021-10-26,331.86448378501,332.32469572363425,320.2563778071767,320.3972473144531,1386300
2021-10-27,321.8905677318167,325.0273867434838,317.45769174443035,317.6549377441406,2003100
2021-10-28,318.64103819304114,328.51170677116806,317.6549228851971,328.42718505859375,1897900
2021-10-29,327.30014833088967,328.1078193011301,319.8337489776796,321.4866943359375,1562500
2021-11-01,326.0040740360055,343.3880872848038,324.74559203701205,336.9266052246094,2391200
2021-11-02,338.1569432985509,338.1569432985509,329.16909558970923,333.6864929199219,1371300
2021-11-03,325.093129373689,325.91960213481,315.0440448929719,322.18170166015625,2948400
2021-11-04,323.8533906674257,329.51657434181436,323.3744343263843,329.5072021484375,1334000
2021-11-05,331.3385634918504,336.8608776602382,329.6574728773856,333.59259033203125,1422900
2021-11-08,337.1613337719647,343.2189792275862,336.22216571131855,338.9081726074219,1540500
2021-11-09,339.9788892565533,341.0777286642229,330.5872072328916,334.1654357910156,1394500
2021-11-10,332.37166088366354,333.958857628606,328.84040750950555,331.1601257324219,1067800
2021-11-11,331.5921450198078,336.7857443602924,330.8314210207617,334.3533020019531,782400
2021-11-12,335.489655809497,337.30224350419513,332.02412295922767,337.0298767089844,1011100
2021-11-15,340.0821659109584,341.6224154382528,337.76244808920364,339.1805725097656,975400
2021-11-16,337.98781810729145,343.9233673374588,336.41002258873124,339.9882507324219,1162200
2021-11-17,338.10056039536113,338.48562280625924,327.95755504795613,332.0147399902344,1647600
2021-11-18,342.30807761033776,343.47263714883167,335.18916573570203,335.3863830566406,2228000
2021-11-19,332.21202106629994,333.26388500181326,324.51082935663896,325.0931091308594,1742000
2021-11-22,326.61452531197847,333.12298293398186,322.2379979170511,327.91998291015625,1707000
2021-11-23,327.75100629912487,331.60157390124897,323.91918308628675,328.0327453613281,1680300
2021-11-24,337.41496997240824,351.8500101834408,337.0017336457046,345.482421875,4482900
2021-11-26,333.4047035293202,339.3214515922866,327.5724771631232,337.443115234375,2308700
2021-11-29,343.73557621622535,344.67474445725327,325.29029820508936,326.9150695800781,2902000
2021-11-30,325.14005711629306,330.8032404738352,321.0546695279544,324.52020263671875,3681500
2021-12-01,332.1086868654531,332.2120102813774,320.6320491895857,320.7729187011719,1755200
2021-12-02,323.9003516133519,332.57825709771,322.56672008346624,329.2911682128906,1969800
2021-12-03,331.1695105234075,331.563973807402,324.0130528973699,327.9951171875,1379600
2021-12-06,331.2916346147886,336.1283458726837,329.1879066877376,332.944580078125,1543500
2021-12-07,337.8094782408524,344.64662292804434,337.3023192885115,339.3591003417969,1478900
2021-12-08,340.2418250702048,341.85719538164045,335.9967954895189,339.0960388183594,1182900
2021-12-09,337.9596929633219,342.1483752398581,336.22222600731317,339.9037780761719,897900
2021-12-10,340.78659053943454,341.8572561429445,335.6023919181349,336.5603332519531,1200600
2021-12-13,337.2741203247387,339.4811715947811,328.12663011830114,330.04254150390625,1375000
2021-12-14,328.59621685119674,332.79430039396806,324.9616400334493,327.34710693359375,1799800
2021-12-15,328.2299202113946,328.8779486317123,317.45765865686127,323.0175476074219,1982700
2021-12-16,328.49279459249243,330.3711306699748,325.89130944318765,327.10284423828125,1945200
2021-12-17,328.05148798429525,329.06580583643813,320.7823342422242,325.9195861816406,2976500
2021-12-20,322.07841649984863,322.604348516037,315.861126217579,318.05877685546875,1784700
2021-12-21,321.91870377011617,331.0755945784111,321.34582487176567,328.53045654296875,1518500
2021-12-22,327.84484531965796,330.2115676904752,322.6418737678276,325.8913879394531,1582400
2021-12-23,326.83056242545274,330.1082505609703,325.23396488018216,327.9763488769531,997800
2021-12-27,328.70886239169414,330.3618075569995,327.2531631798434,329.4132385253906,953100
2021-12-28,328.0325842047503,331.65778743725957,327.66632360382346,328.4927673339844,718700
2021-12-29,327.16869166296107,328.0609131117724,324.48268378320523,324.6799011230469,1417300
2021-12-30,325.7631708581813,327.87330742621884,322.0233131470173,322.2023010253906,1538800
2021-12-31,322.4849492332998,324.00163169230206,321.28858210606785,323.01251220703125,1004700
2022-01-03,324.05814788251877,329.9929222309837,324.04871838801535,329.8139343261719,1570700
2022-01-04,333.58205501533286,352.0835283371105,332.2632194548656,349.7661437988281,3034100
2022-01-05,351.4146537971125,364.1414513831866,350.22768755910704,350.4820251464844,3310100
2022-01-06,352.7994135139689,356.4921523877667,346.8928712169273,354.5421447753906,1600700
2022-01-07,355.02259078954216,359.85520587659033,354.8436029160623,356.69940185546875,1791700
2022-01-10,359.16755941294144,363.5197596371361,352.30958614089485,357.83929443359375,2120000
2022-01-11,360.6842330026015,361.29654638282517,353.95812906858373,358.4892883300781,1249900
2022-01-12,360.13780357991146,361.6073670438952,350.9247578256501,354.43853759765625,1458900
2022-01-13,356.727671107402,361.92769157306236,356.63346242172105,358.33856201171875,1325100
2022-01-14,354.8247916752202,358.04651607343266,351.83854587484973,357.5566711425781,1309400
2022-01-18,358.5740847086883,365.5074072952361,357.5001573931497,361.6545104980469,2685500
2022-01-19,364.79152934028093,365.60168973712126,352.8936910152985,354.1089172363281,1919100
2022-01-20,353.8262520469465,358.0653843907634,344.6697250343636,345.7059631347656,2014300
2022-01-21,346.2805290730458,349.59646168853834,338.9986326102659,343.16241455078125,1493300
2022-01-24,335.89941006187814,344.3588151712866,326.89361183386063,342.92694091796875,2251800
2022-01-25,337.4161304511849,348.7958632826856,330.4639479139446,346.8741149902344,2511900
2022-01-26,347.9668507706268,358.7154104898924,345.2914905214725,350.6610412597656,2296100
2022-01-27,353.9110066647603,360.6841999502458,348.9747821000664,354.16534423828125,2030000
2022-01-28,350.54801390167586,355.27702040365955,343.4074429214137,352.1212158203125,2100300
2022-01-31,352.3189996655552,354.94726977145154,345.74362402823516,354.5798645019531,2191600
2022-02-01,353.26104118015513,357.5472636470915,349.521183140923,355.9740905761719,1622500
2022-02-02,356.624075985987,357.67914431165536,345.6023205335435,352.77117919921875,1642900
2022-02-03,349.82266879232947,355.06035063549047,348.3907655196791,349.38934326171875,893700
2022-02-04,346.7986874702079,351.1791180560687,342.46534685093945,348.0704040527344,1102400
2022-02-07,348.852301826348,352.79940694471355,347.326218940193,350.6233215332031,1087300
2022-02-08,354.57990465443197,369.23788164756314,352.5357167004955,367.2784729003906,2647500
2022-02-09,369.74648393732645,376.4631571497491,369.74648393732645,372.4783630371094,1630400
2022-02-10,370.02914015850644,376.0675521167913,367.47624851104547,370.3588562011719,1402300
2022-02-11,371.4139318481647,376.55743321867175,364.8668445793362,369.9067077636719,2390200
2022-02-14,371.2632119723405,374.63569349550113,361.69221807877904,364.8103332519531,1799900
2022-02-15,368.0980185023099,373.043673261458,366.49655689044056,370.5943908691406,1590800
2022-02-16,368.7667658964105,371.1972174851991,363.0675003754745,367.9189453125,2174900
2022-02-17,364.12263558229336,368.0320519794955,357.12336379483406,358.470458984375,2570300
2022-02-18,357.75443895710737,370.1798071003976,344.78270649655644,347.7030029296875,3729400
2022-02-22,344.05742795056017,348.993653091688,331.7921860563073,333.27117919921875,2359000
2022-02-23,334.4204508106119,335.35305075561973,317.70885776397654,317.9537658691406,3068300
2022-02-24,309.993629530858,323.8603038054557,307.80811436701583,322.8900146484375,3599900
2022-02-25,322.8334418085645,328.1182122054982,318.4058927473128,326.8653259277344,3424600
2022-02-28,327.8262605285097,341.38207860652045,325.94220155995504,339.1494445800781,3265400
2022-03-01,340.1857008183526,340.8922229690603,330.2849612135942,337.85888671875,2863200
2022-03-02,339.865434384622,359.1205215071787,339.49805779366324,354.1842956542969,2564200
2022-03-03,356.3132156151611,363.7081526645437,353.86396200511246,359.789306640625,2961400
2022-03-04,356.90665718393467,368.12623025352303,352.79942299476176,367.4573974609375,2404400
2022-03-07,371.46104803037775,381.98350055933724,346.7045160069643,347.6088562011719,5456700
2022-03-08,352.1870958725216,366.4494347143918,343.0117387632403,343.7747802734375,3512000
2022-03-09,347.8443034031163,352.28125315728363,343.1247276225703,347.4768981933594,1744600
2022-03-10,343.3696986551525,357.6037483584441,341.29722258226917,356.2283935546875,1768800
2022-03-11,360.76905091228474,369.5958630247363,360.2697764104122,366.90167236328125,2144300
2022-03-14,370.21745661941526,376.3877360636929,364.0471771751377,371.027587890625,2466500
2022-03-15,369.7371126606625,372.101615671142,359.61029653796686,365.9501647949219,2197700
2022-03-16,367.3914727506022,377.6407574106797,359.86466690580744,365.6958312988281,2271500
2022-03-17,362.24801252452784,383.6226630314488,361.7581388118235,382.6052551269531,2783800
2022-03-18,384.0276400552193,390.8761822204248,380.65515930650804,389.1993713378906,2941700
2022-03-21,390.94219849845337,402.05813384794277,390.38640460582445,397.8096008300781,2750200
2022-03-22,400.36248502672174,410.98857524408095,398.6762443931594,402.7646484375,2234400
2022-03-23,398.6197051925713,409.7827585014392,396.1704231851708,406.5044860839844,2633500
2022-03-24,405.48709888862504,410.2349346651859,401.14432881612737,407.1639099121094,1878500
2022-03-25,407.2770171270522,411.6197879278008,403.3016516184277,411.1487731933594,1457500
2022-03-28,412.5900328893224,412.5900328893224,402.58565685383667,407.53131103515625,1656000
2022-03-29,399.8820776441821,399.8820776441821,385.61033702603964,388.9828186035156,3572900
2022-03-30,390.8054978655466,401.0525789728813,390.54105836440385,392.458251953125,1693800
2022-03-31,391.18329714204583,397.3031910350346,390.3332862598025,392.3732604980469,1953700
2022-04-01,393.8749627458893,398.47436622655084,390.82446886257475,393.63885498046875,1480900
2022-04-04,395.3009899976464,395.45210239826764,385.17668972997285,394.252685546875,1072400
2022-04-05,395.4333118273253,398.9938066870479,388.3689568462083,390.7205810546875,1399000
2022-04-06,387.76449633308187,391.7027865795379,383.47680002368963,388.39727783203125,1237000
2022-04-07,386.9995279319446,389.60616703442116,379.4913178546485,386.7067565917969,1637300
2022-04-08,390.18224229619943,396.59490811871814,385.006749972434,395.05548095703125,1341900
2022-04-11,393.3460456908883,401.91204151076664,393.3460456908883,395.2538146972656,1437700
2022-04-12,399.3242939835549,403.74422383250254,394.309368035375,396.406005859375,1119700
2022-04-13,398.86156061957473,404.1787121485964,397.8038024339592,403.54595947265625,1153200
2022-04-14,404.1503066665311,414.99238373537275,404.1503066665311,412.4801940917969,1522700
2022-04-18,408.46634870708345,420.7722817129497,408.2207874594695,414.0857238769531,1525700
2022-04-19,415.36073860900063,416.9851610675477,410.58192009687593,413.49078369140625,1207800
2022-04-20,419.979052033364,421.9340312524933,412.27249109476264,413.084716796875,1718200
2022-04-21,416.35237180443045,416.53181598279696,399.9948215508974,400.7786865234375,1641300
2022-04-22,396.40602034377963,397.4259931070579,379.2929070033121,381.1440124511719,2148800
2022-04-25,370.15081601956143,370.15081601956143,351.5077582540984,364.08758544921875,4496300
2022-04-26,363.63427426826064,368.93254727471725,358.9687827264084,360.555419921875,1559000
2022-04-27,360.68764028209324,368.39420056424666,354.63383422067534,364.1064758300781,1599200
2022-04-28,366.2881148419288,368.384752810566,354.16162428501934,363.4359436035156,1515200
2022-04-29,364.6919969971464,368.2997300584773,355.36101481922015,356.56988525390625,1526800
2022-05-02,354.12380983948594,361.2353735171557,350.95053578141165,360.04541015625,1563400
2022-05-03,364.389783592598,369.00806480847507,362.17981861100964,367.7991943359375,1468200
2022-05-04,369.49913839611264,376.27072067288685,363.3697910398667,374.3251953125,1750100
2022-05-05,372.0019656209056,374.145813760284,358.04324682657557,361.7548828125,1465800
2022-05-06,362.2554128290725,362.2554128290725,350.9883576910519,356.48492431640625,1516100
2022-05-09,351.3283383503898,353.7366259152218,342.2523701107768,344.2734375,1818100
2022-05-10,347.5411483349254,350.84665677660206,340.4673694926962,344.481201171875,1344100
2022-05-11,345.5578344326915,353.67991708232597,342.0634285881791,343.8011779785156,1380900
2022-05-12,342.6773361397755,347.14450508770307,334.61188743422673,342.8095703125,1889400
2022-05-13,344.2923192955277,349.43947992035083,343.0456922446644,346.31341552734375,1750300
2022-05-16,348.4195094532829,361.1787531131571,345.690089932868,353.6422119140625,1896400
2022-05-17,360.30982806405535,364.55976695106995,356.37153868052167,362.9070129394531,1229300
2022-05-18,362.6615896473174,363.6910162218204,346.93681554805397,348.1834716796875,1543400
2022-05-19,344.1506224816277,349.8644468572434,336.50072624309547,344.3583984375,2253600
2022-05-20,320.7570546065014,325.23364761825934,290.5447208993857,295.8996276855469,8814300
2022-05-23,299.3373582628532,318.528170513995,298.61012808958344,316.72430419921875,4286400
2022-05-24,313.85331282399994,319.1515568318132,309.0178307773104,318.30157470703125,1900600
2022-05-25,318.8210321715376,326.5181685518615,317.5366197336856,323.9115295410156,2005800
2022-05-26,324.37425599183035,329.5308698890594,321.48429950170015,328.19921875,1349900
2022-05-27,334.2246963278664,340.82625971399244,332.75135746991793,340.6846008300781,1968000
2022-05-31,338.389561683253,342.02562621641533,335.0651754704504,337.8984680175781,2705000
2022-06-01,342.9040463635096,342.9040463635096,329.1909165571913,332.5814208984375,1714800
2022-06-02,334.20573738414345,341.3267540015706,331.5046790109681,341.01507568359375,1161600
2022-06-03,337.55852505361395,343.43288675417034,337.1807296137297,340.9395751953125,1082200
2022-06-06,342.98903052952943,343.59345140262394,338.6540667300609,342.74346923828125,1011000
2022-06-07,340.70346316108316,348.0322565119141,338.10627806422116,347.39947509765625,987000
2022-06-08,340.89242968709834,344.49071000549867,334.3569535517085,335.29193115234375,1772700
2022-06-09,331.5896426720518,334.02626132976843,326.1119270193823,326.1402587890625,1415500
2022-06-10,318.1598982974641,322.0509491418929,314.8543900218142,316.6015930175781,1327900
2022-06-13,306.9401214860755,315.137776890391,304.390145871183,306.8456726074219,1816700
2022-06-14,308.0450901244358,312.0494685777118,304.6545572712769,308.4322814941406,1630400
2022-06-15,310.13223020597786,316.6393442592521,307.38393276941616,312.2099609375,1442500
2022-06-16,304.61670408995377,305.89169137481633,297.15570688240064,299.9228820800781,1799600
2022-06-17,297.24080897144637,308.33787434017034,297.24080897144637,304.78680419921875,2329100
2022-06-21,312.5122360974051,316.2616286077582,309.6317328552424,310.9728088378906,1425400
2022-06-22,303.1623187139864,305.863377251892,299.9795911944182,300.2629089355469,1636100
2022-06-23,297.29739450440877,299.479027456026,279.164310706774,280.9776306152344,4232900
2022-06-24,284.1509063078595,296.4190538730237,282.7153817862314,293.59521484375,2297000
2022-06-27,299.9795505970371,302.8695064524156,293.9162923617541,297.8073425292969,1708300
2022-06-28,300.69729969192144,302.3878098667598,291.33798814308494,291.9801940917969,1818100
2022-06-29,291.2029949782525,291.7053784819109,282.17903941023616,284.98480224609375,1800800
2022-06-30,282.2738751375414,288.71955447577113,278.95624011073573,283.8663330078125,2082100
2022-07-01,284.92790737828204,288.9848989968449,278.9846129549302,285.9137268066406,1373600
2022-07-05,278.55811226480006,279.43964834704764,272.71907112357303,276.9087829589844,2147900
2022-07-06,274.73800284035536,276.73807720267126,269.0221946610643,274.0744934082031,2083200
2022-07-07,282.30228359587977,288.7195265999671,280.14108271560906,288.1318359375,2051800
2022-07-08,288.8237476320178,291.9707384588308,285.5629850551028,288.7668762207031,1516100
2022-07-11,284.89951159103197,288.1413274118694,282.3401817889246,282.8615417480469,993900
2022-07-12,278.6813172218609,285.5725080875702,277.86614085939516,280.5391845703125,1210200
2022-07-13,276.81393295956474,283.5819209898513,276.11249951784555,281.3164367675781,1199900
2022-07-14,274.93711793820023,279.49649363792787,273.3162244986401,278.9941101074219,1366800
2022-07-15,282.5392237930941,284.03688598238597,277.91348904012847,282.1885070800781,1184500
2022-07-18,285.44923419208095,290.51099214882055,281.477550158132,282.4254455566406,1056200
2022-07-19,285.8473757685215,295.9329981654495,285.1459423280688,295.3547668457031,1282200
2022-07-20,295.231587785077,299.5255541658896,294.0467181554104,298.9283752441406,1152500
2022-07-21,298.4165541487684,300.25547426228087,292.53010057163056,300.04693603515625,1223300
2022-07-22,301.27917463188606,303.7721450242253,294.2836995328072,295.98992919921875,1110700
2022-07-25,298.4828294776903,306.53994127081256,295.6580904586811,306.13232421875,1433100
2022-07-26,306.90012349660594,308.7864552606949,301.6677506162267,302.80523681640625,1122600
2022-07-27,304.27449443050205,310.02822779425935,302.04693393500105,308.73907470703125,1148200
2022-07-28,312.4737727890172,317.0615839341332,306.9949374827136,314.3506164550781,1295600
2022-07-29,318.540237738902,326.74901537780363,315.64916833862117,325.2987365722656,1880300
2022-08-01,321.213379207818,324.1329138721497,318.4834352355778,320.5688171386719,1238900
2022-08-02,317.5450690906593,321.40301164877434,313.60181938826554,315.84832763671875,1271500
2022-08-03,319.649377216794,320.9764253619177,316.151639899748,318.97637939453125,1142800
2022-08-04,321.43140044717455,326.7964929594188,319.17540431392763,324.5404968261719,1333900
2022-08-05,319.90529839819305,326.6258751848997,319.744172334696,325.42205810546875,917100
2022-08-08,328.8060812589425,331.0431013360667,324.938650412837,325.8012390136719,953200
2022-08-09,328.2088648469424,329.3368629710118,325.2229993710148,325.77276611328125,1146300
2022-08-10,330.7113182354259,338.63571176910153,330.42693219165875,334.00048828125,1136200
2022-08-11,341.71641428588896,344.56010150602117,338.5978292014489,343.06243896484375,1718800
2022-08-12,343.56478836685665,349.3753643761162,342.86332591832837,348.9772644042969,1256500
2022-08-15,343.5742311184425,347.20468746627546,340.38931578724134,346.9771728515625,1196100
2022-08-16,345.3278723870534,353.9158049217291,344.09561957575676,350.70245361328125,1431500
2022-08-17,345.47951112692215,348.30425043402926,343.4036174448914,345.68804931640625,1722500
2022-08-18,345.46063184437213,350.6645704687705,343.8491974322077,348.816162109375,1983500
2022-08-19,339.9437914341464,350.6455404730724,334.6545179769279,350.3990783691406,4242200
2022-08-22,344.4178558104781,353.6787849720484,342.3988336492534,350.380126953125,2353600
2022-08-23,349.2995283809891,365.87821315780127,349.29004016820204,355.34710693359375,2389800
2022-08-24,359.02488043129154,362.427821535759,354.62663177408626,361.50836181640625,1566300
2022-08-25,362.09613725213165,368.1910993213984,361.7169847787248,367.9256896972656,1325400
2022-08-26,370.79779698393907,372.45661429789027,358.9491018842876,359.6126403808594,1452800
2022-08-29,356.5604459918328,365.347428618575,355.04380710331435,360.778564453125,1323400
2022-08-30,359.47991167922305,359.98229518116864,346.4747831219496,349.5270080566406,1622700
2022-08-31,350.7497810188306,350.7497810188306,345.53635561557246,346.2188415527344,1500200
2022-09-01,340.27554969970606,345.75438473702457,338.63568000963085,344.8159484863281,1349900
2022-09-02,350.6740463626497,351.08163459497047,342.0197534854409,343.3468017578125,1141700
2022-09-06,344.26621469443245,345.94397953842997,336.9579475182335,342.2471923828125,1092600
2022-09-07,339.2328884369342,347.84925613423974,338.6072738576854,346.8729248046875,913100
2022-09-08,344.80648012939287,351.13841519644524,343.9912749481393,349.2805480957031,1227200
2022-09-09,353.583964570959,355.7072701350685,352.7119169212587,352.8540954589844,1240300
2022-09-12,355.7357395208543,356.4087372814527,350.5602088378665,354.5413818359375,1129200
2022-09-13,346.50318723075196,352.07681737947144,343.09078658477875,344.37042236328125,1085700
2022-09-14,345.3657714465141,346.21887171040754,338.94849965030113,342.09552001953125,1121700
2022-09-15,342.09546850780214,345.6026933092855,339.6404227177534,340.0764465332031,970000
2022-09-16,336.78732719805686,337.53617289310057,330.9388269882003,336.0290222167969,2422600
2022-09-19,332.02884918451036,344.275672311177,331.3274157404555,343.792236328125,1008700
2022-09-20,341.12870595648957,341.6690134430358,334.17115505480683,337.0622253417969,1434000
2022-09-21,341.5267901054903,342.27563576645133,331.5833740234375,331.5833740234375,1007100
2022-09-22,334.142671037073,335.60240936262346,327.90550209162427,328.0950927734375,1006400
2022-09-23,323.6969169249443,325.2230441554478,311.4975030053344,316.80572509765625,1717600
2022-09-26,313.80083490052823,321.1754617015877,313.5259659972248,314.9288330078125,1331600
2022-09-27,318.39811337597666,323.8864367776795,315.0236074906665,318.1895751953125,1180100
2022-09-28,320.57823691247205,329.93395991305476,319.50711047852985,327.87701416015625,1292600
2022-09-29,324.2918701171875,327.7154851076344,321.857305906713,324.2918701171875,1589500
2022-09-30,322.1615895508552,324.34888351109277,317.3114713974037,317.53021240234375,1697200
2022-10-03,322.96989946962753,330.7396015668416,322.56097541774494,327.1923522949219,1536900
2022-10-04,332.9174121708288,343.02657217570646,332.8508350384716,342.63665771484375,1639000
2022-10-05,337.88161120625375,342.0374865634187,337.88161120625375,338.33807373046875,1073700
2022-10-06,336.88305211005917,341.73316974018763,335.7418667409209,338.05279541015625,915100
2022-10-07,334.8003778276062,338.93724400430915,332.5655454420411,338.6994934082031,1351700
2022-10-10,340.7061418661927,347.3821685160995,338.3191164656965,342.0565490722656,1366900
2022-10-11,339.336643758951,352.1181168461227,338.6519209499137,345.52764892578125,1457200
2022-10-12,345.1378011497753,346.4121408733971,340.8868192932526,343.5115661621094,1179400
2022-10-13,336.7594179014529,350.33975890442395,331.96638710047347,349.1795349121094,1596600
2022-10-14,350.33027975293385,354.1532990729195,338.96578910727027,339.6410217285156,1231700
2022-10-17,343.68272825042663,349.1890105611964,343.2832945226133,344.82391357421875,1077100
2022-10-18,353.63973893042134,355.61784017712506,347.8291281905955,353.11669921875,1214800
2022-10-19,351.870829742458,356.1978783371336,349.49332413609005,353.12615966796875,817800
2022-10-20,353.6111427320045,355.7508977272418,345.8985286576459,347.6103210449219,788300
2022-10-21,346.6974112732221,364.8330328898132,345.28042707161023,364.29095458984375,1387500
2022-10-24,362.96912921442436,368.4564030745329,361.48553864551167,366.98236083984375,1059700
2022-10-25,365.18488775597035,373.26840740681865,364.3670396984648,372.4410400390625,1402500
2022-10-26,375.427186992394,376.37818934171236,369.198133213274,372.0130920410156,1157500
2022-10-27,378.4988718805407,385.5458015959655,374.39053545156463,375.2559509277344,2043100
2022-10-28,374.5046686886041,378.2421295306328,371.0525549528492,377.4052429199219,1712300
2022-10-31,376.5208567702601,386.1259571238698,375.6554411638221,376.4257507324219,1638400
2022-11-01,378.49891244176825,378.49891244176825,366.83012475999124,369.6640930175781,2269000
2022-11-02,369.6641451558906,377.8617814304686,366.75408005197517,367.0393981933594,1719300
2022-11-03,362.503116700189,378.4799757043642,361.62821067508133,374.3431091308594,1627400
2022-11-04,380.9905790061827,384.1954524688008,374.21944652332957,375.7315368652344,1548500
2022-11-07,379.05047789840546,379.26921887192833,374.5997941709768,379.2311706542969,1186300
2022-11-08,380.22022902102213,388.7412015426683,379.02195683028117,384.74700927734375,1360800
2022-11-09,380.7337605410068,385.0703285242037,376.99632862508986,377.63348388671875,2182800
2022-11-10,386.4017396329593,388.0279454289523,375.9026661842304,387.6380310058594,2370900
2022-11-11,386.6871277838886,393.23954919697724,385.2986722055903,386.13555908203125,1519200
2022-11-14,384.7565651323573,390.3675029026226,382.6168095827012,387.0009460449219,2035700
2022-11-15,391.5847282268898,392.73543291859437,382.11272413519464,387.0294189453125,1701100
2022-11-16,387.2957235590976,388.56054396874646,382.3504995192245,386.48736572265625,1101600
2022-11-17,382.92100538120906,393.3630193131958,381.89393584111497,392.7543640136719,1284100
2022-11-18,394.7611188407517,395.63602483349473,391.12828255283216,393.9622802734375,1590800
2022-11-21,393.0016908457498,394.93222430655675,386.59194478793194,391.52764892578125,1326000
2022-11-22,393.71500277146146,396.40632685634733,391.28995820388684,396.1495666503906,2195200
2022-11-23,408.4745010639018,426.42942929040953,407.8658746781033,416.08251953125,5080300
2022-11-25,414.41826450383127,420.73293374737835,411.3560359171304,419.8389892578125,1135500
2022-11-28,415.9493793814626,421.9026629057775,415.51192646152,419.5917053222656,1974800
2022-11-29,422.04532838502786,422.74906081580633,414.8462338459187,419.3634948730469,1643100
2022-11-30,419.5917006401522,420.0481921747504,411.7079127701379,419.3919982910156,2397200
2022-12-01,418.75485956419595,422.7300715158876,414.9888983164613,420.162353515625,1747400
2022-12-02,420.56178992196106,425.76377406393135,417.157185173636,423.7761535644531,1471200
2022-12-05,419.45864260633687,420.49523175714126,413.6860509756488,415.48345947265625,1467600
2022-12-06,417.6135894377964,417.7372243640189,412.4116063835604,416.7767028808594,1015900
2022-12-07,414.8557897225129,420.19089928568127,414.3707692086648,419.0592041015625,1433800
2022-12-08,421.58886357601295,421.7600370393964,416.15864810189214,421.22747802734375,1200200
2022-12-09,421.6553756615449,422.7585417369857,413.09635554525227,413.5052795410156,1340400
2022-12-12,414.75113387544906,415.9874543248549,410.4906619870766,415.63555908203125,1591700
2022-12-13,417.3379165669807,418.1177455504711,411.55583437301664,415.7687683105469,1675500
2022-12-14,418.1176518820884,420.5807442219918,413.08684186340224,416.9574279785156,1767500
2022-12-15,413.6860066550885,415.4168378321898,405.1935629550813,408.7312927246094,1561900
2022-12-16,403.94775836211517,411.7840082622367,400.9996453391519,409.96759033203125,3097300
2022-12-19,410.87104822426465,413.3436600472733,408.645706290243,411.4701843261719,1327700
2022-12-20,410.8996347071024,415.6261180349497,408.67429246127114,414.0284118652344,985200
2022-12-21,416.39639478471304,422.7300740709929,414.6845731000949,420.0007019042969,1220500
2022-12-22,418.7643459326142,418.94503868994445,409.2733326068951,414.50384521484375,1223600
2022-12-23,414.5324322998601,416.42491770761546,411.993243230882,415.5214538574219,735600
2022-12-27,416.58656172007153,420.58078314061044,414.39926795595477,414.7796630859375,713800
2022-12-28,415.58798466643844,416.4438808898985,408.7597954535146,409.1021423339844,821700
2022-12-29,409.81747344663756,411.75340752050346,406.6513063681206,408.7779846191406,835300
2022-12-30,407.0994438665316,409.8269045879752,405.1349014872273,408.892333984375,760200
2023-01-03,408.1675967326794,408.3201862425663,400.7290400223983,404.6295166015625,1166300
2023-01-04,404.2861252797658,406.60351810481455,400.73849971531496,403.85699462890625,1050800
2023-01-05,402.98922371850006,403.86657703835766,393.49072298865445,395.51251220703125,1485000
2023-01-06,396.9143915267368,408.68258468925796,396.733193301827,406.70849609375,1042200
2023-01-09,408.08182809289144,414.1566551128676,406.7085514138744,408.3583984375,1200300
2023-01-10,407.10903140800394,417.6565371798644,407.10903140800394,417.1606140136719,1079200
2023-01-11,419.363553920291,419.49708064488647,410.1607162762052,413.3936462402344,1130000
2023-01-12,414.8433235265693,419.5925748110916,411.31475947816995,415.8828125,1205500
2023-01-13,413.78468344645273,419.85950961007524,413.1361707536026,419.2586975097656,985700
2023-01-17,419.68785036652463,424.5134101985533,417.3990658045325,417.8949890136719,1767700
2023-01-18,418.7437815455944,422.5870413386695,405.90748883002647,406.25079345703125,1390800
2023-01-19,402.65544558887404,403.65677973083416,388.9799266686845,389.66656494140625,2241000
2023-01-20,391.3259214588691,392.35589340078633,387.25379249189785,391.5738830566406,2781500
2023-01-23,392.3845273550654,394.40628761116693,388.4649585462472,390.3722839355469,1390500
2023-01-24,389.571233424419,399.74682777373994,386.2429597396096,397.3626708984375,1319700
2023-01-25,394.0248303456256,396.16102547932655,390.2769138180661,394.4730529785156,1002000
2023-01-26,398.3830151077609,401.7875976591731,392.5847591612452,401.6827087402344,1191100
2023-01-27,401.6827226719277,403.2753230107839,398.26859406275366,398.8026428222656,1324500
2023-01-30,399.3271900878525,406.0218917183232,398.6310058444136,401.11053466796875,1376100
2023-01-31,402.2644327540616,403.43744826948404,396.78087261626627,403.2467041015625,1269800
2023-02-01,402.4837940697905,409.91280517936616,399.10782013046673,407.20440673828125,1112100
2023-02-02,406.85156467288294,406.9659995370234,383.24841352923374,387.7115478515625,2551300
2023-02-03,387.6639071503845,394.53980741605847,386.15713281373104,387.2442932128906,2295500
2023-02-06,386.71017384745613,393.77681701486574,386.2524053345791,391.22100830078125,1378100
2023-02-07,389.2851022257344,394.2536764431125,386.02356318356084,390.5439147949219,1313100
2023-02-08,387.24429215792776,392.4322198223754,387.20613749912934,388.79876708984375,1061500
2023-02-09,392.0316038624053,393.4144262563692,388.2646541019571,389.1038818359375,1262700
2023-02-10,389.7238103321266,399.05063056203727,389.24697897251264,398.4307556152344,1357000
2023-02-13,399.94706819797227,403.7712649420567,394.94988495789414,396.084716796875,1428400
2023-02-14,396.1324287100536,396.1324287100536,385.41326895782527,390.34368896484375,1503000
2023-02-15,387.8260173614335,394.8163520450104,386.72928198963916,391.03985595703125,1424800
2023-02-16,386.20471277960826,390.30544998368146,384.1638610124337,384.287841796875,2122500
2023-02-17,399.584656963714,416.1593187516049,396.2468376334682,413.2315673828125,4888700
2023-02-21,411.90602720652305,417.58984903955974,405.94563502740147,407.3761291503906,1936300
2023-02-22,409.4836547409387,411.0190375681318,402.19765845573596,406.6512756347656,1356300
2023-02-23,410.05588819671163,411.38146418349163,400.8244113677947,405.35430908203125,1086900
2023-02-24,403.9715400903875,404.0764290214968,395.97029577954123,398.0779113769531,1031200
2023-02-27,399.1936309359101,403.3802237897847,397.4198324398311,402.0927734375,920200
2023-02-28,402.2453642206343,402.6268234475431,397.8489644131982,399.8135070800781,1465200
2023-03-01,398.95525883006826,404.20994973087716,397.4961560324695,400.2999267578125,1354000
2023-03-02,398.40215387302874,403.64729892061473,398.40215387302874,401.8162536621094,959800
2023-03-03,403.17996388480566,411.66758508565573,402.45520003272713,410.34197998046875,1097400
2023-03-06,410.36101152296624,411.98224960957845,405.8883315311029,405.98370361328125,1007500
2023-03-07,405.8311148765436,407.14717394408456,398.5356016798204,398.7740173339844,1181500
2023-03-08,399.37482631182246,406.37470637084925,398.87893223229474,404.6295166015625,1365900
2023-03-09,406.27937274210757,412.8310599342435,401.377561600746,401.8925476074219,2082000
2023-03-10,398.9648104960134,400.3189952800287,376.77306005481347,377.58367919921875,2354300
2023-03-13,370.85079586928254,384.04948366001315,368.3426584038625,379.7675476074219,2000700
2023-03-14,385.62298357300307,387.51124594246414,378.84245665700246,383.801513671875,1636600
2023-03-15,376.4011732292901,378.12730057070405,364.6806492568256,372.3862609863281,1964100
2023-03-16,369.639663270992,375.11367778080216,366.85495541965554,372.98699951171875,1621800
2023-03-17,369.25820108691545,371.8998362314724,363.7174232481519,367.636962890625,3124500
2023-03-20,371.12735468731347,378.29888722832175,369.53472528065566,376.21990966796875,1325100
2023-03-21,382.2184773943963,385.7947124792795,381.2171141085436,383.93505859375,1341700
2023-03-22,384.9363889524079,385.4799545201725,376.5155318282376,376.6681213378906,1202400
2023-03-23,376.69668853324896,382.1420932742137,371.02238500129687,373.6926574707031,1566800
2023-03-24,369.4298344608517,370.58375809478775,363.82229353693754,368.5906066894531,1361500
2023-03-27,372.6818787356853,376.72539953155075,368.66693755504946,374.79901123046875,1392700
2023-03-28,376.1436183382604,378.53729169197646,374.20768440977866,377.030517578125,982000
2023-03-29,381.1312554813892,383.1053440648598,378.2321130039835,382.21844482421875,1455000
2023-03-30,384.85879195152023,388.8767180594661,384.55268732563695,386.1981201171875,1267900
2023-03-31,388.39831174702044,395.63055383709286,388.39831174702044,394.98004150390625,1779200
2023-04-03,395.1427609823674,401.2174711098392,395.1427609823674,396.9986572265625,1632200
2023-04-04,395.55403965528944,396.89333835542766,378.5735713924269,380.4198913574219,1801600
2023-04-05,376.3159488003051,377.10998157495015,354.045224196383,357.613525390625,3265700
2023-04-06,356.0541264117065,357.02034834783575,350.2281549677811,353.6242370605469,1848500
2023-04-10,353.27989871460017,362.19581949795895,352.53371581397613,360.9713134765625,1486500
2023-04-11,361.4592473987894,369.4281277113473,361.4592473987894,364.3196105957031,1543800
2023-04-12,366.8642453005297,371.89621370147825,366.20415708084164,367.7252502441406,2166100
2023-04-13,368.997612997884,370.57607355823086,362.626345119376,368.0600891113281,1627000
2023-04-14,369.9064221864564,372.94855028646026,368.500151016526,370.9587097167969,1113200
2023-04-17,372.44150710363715,376.2106954825106,372.13537331170755,374.4504699707031,1116600
2023-04-18,376.17250123047967,382.2854565884633,375.005391446462,379.4920654296875,1402000
2023-04-19,378.1048608040037,379.2050273654451,373.2164123984734,375.741943359375,860000
2023-04-20,373.7807786389966,375.368814724757,369.2749835223865,373.4363708496094,1336300
2023-04-21,373.0059459424734,373.59906195128104,368.5957915121481,369.93511962890625,2556900
2023-04-24,370.52822404608645,375.63671140040725,369.51418137993994,371.2170104980469,1132800
2023-04-25,368.32789874836925,368.997562746788,362.2340673019512,363.0185241699219,1688400
2023-04-26,358.7423687722094,361.79407285812727,356.24553589892855,358.3692626953125,1416500
2023-04-27,356.2742077203293,357.7856959431606,350.0273089027926,355.7289123535156,2741600
2023-04-28,355.70021939618414,362.01409055102386,354.91576245630586,361.63140869140625,1999300
2023-05-01,363.47777429254774,367.9452961760394,362.9802995307772,365.5536804199219,1184100
2023-05-02,367.36168330540886,370.10725297941764,358.01523209410504,367.1607666015625,1547800
2023-05-03,368.557535217956,373.1016048018983,365.5728036571012,365.6493225097656,1235400
2023-05-04,365.5345319301319,367.37127635087836,357.1447257716229,357.3934631347656,1382900
2023-05-05,361.7079355324392,366.1372121276073,359.73724668797297,364.56829833984375,1862900
2023-05-08,369.2558182182279,372.403192056763,362.42538025608087,363.7646789550781,1106500
2023-05-09,361.3635345082886,366.08936917990627,360.0529338554459,364.90313720703125,1478700
2023-05-10,368.97840901362804,369.5141284890802,359.85199713010377,363.89862060546875,1014600
2023-05-11,359.6032989644761,360.65561561818214,354.1217349500538,356.6281433105469,1825100
2023-05-12,359.81371743123884,361.13389368723216,355.20267633826904,357.7665100097656,1332000
2023-05-15,358.1683229632152,358.54142898575583,353.8251411435517,354.15997314453125,1466300
2023-05-16,352.0458164209615,352.84939575944884,346.55467634403516,346.9564514160156,2181300
2023-05-17,349.1759122315565,356.570798910217,348.31493636906947,352.1128234863281,1843900
2023-05-18,351.41441502978535,355.06881055608966,349.845530427647,354.45654296875,2034300
2023-05-19,373.8765211075629,375.96200307467444,345.79894582783857,347.78875732421875,7522100
2023-05-22,344.0961210050061,349.9890659051184,340.44172501525793,344.8710021972656,2936200
2023-05-23,341.7905576006932,347.30084912640086,339.083261665175,344.8518371582031,2111400
2023-05-24,342.7949940895574,343.1394018766777,337.6960830745599,338.729248046875,1717000
2023-05-25,338.32754971570006,341.8958510908896,335.6011017948363,339.4946594238281,1540000
2023-05-26,341.2261567498465,343.99084925956487,339.88685782500744,341.7236022949219,1412900
2023-05-30,339.60943366798256,341.5896984991558,331.4205437438323,335.42889404296875,2094800
2023-05-31,333.10425523344514,335.036670260412,330.5691191683956,330.9804992675781,3384700
2023-06-01,334.0896251569102,340.24085436182963,331.79365049368755,337.2848205566406,2116800
2023-06-02,344.45958880476456,356.00631492801875,342.1636438665555,354.9826965332031,2855600
2023-06-05,355.1070648931992,355.1070648931992,347.40604581833867,347.8843688964844,1476800
2023-06-06,346.5164317830637,358.2257734173786,346.1146274823928,357.4891662597656,1927600
2023-06-07,357.76652993003603,367.294717202982,354.0355866703104,365.2666320800781,1928800
2023-06-08,365.2188533467194,367.35218514024643,362.1384510431268,364.26220703125,1317100
2023-06-09,365.1805729373943,366.7494575607647,360.7225980382701,362.4445495605469,1254800
2023-06-12,362.25321714316686,371.2456852800119,361.5931289519382,370.346435546875,1527000
2023-06-13,372.91987729318316,383.41428864269653,372.3267612430066,380.9748229980469,2141700
2023-06-14,382.65852048818954,387.55654487931383,381.04178590356463,381.74969482421875,1900100
2023-06-15,382.85943773013497,390.3117211690818,382.1898027840632,388.8958740234375,1471200
2023-06-16,390.09161792612736,392.1771288698607,387.9104657161846,389.95770263671875,2119900
2023-06-20,384.41871960705305,391.2300361298021,382.65849403782227,390.29254150390625,1700700
2023-06-21,389.2785132698522,399.8781411022824,387.47043780508363,398.5292663574219,1868200
2023-06-22,396.84548207744666,400.2415931914809,394.1190640943694,397.668212890625,1518000
2023-06-23,393.2581285075702,393.49729007061944,386.5520581319471,386.91558837890625,2033400
2023-06-26,387.39389100961506,397.82132876798545,387.39389100961506,392.4067077636719,1360400
2023-06-27,392.9329124294348,393.65997299763376,383.2612318449814,391.7562561035156,1404900
2023-06-28,392.33019473604315,394.90357558355566,387.28867931373935,387.6330871582031,1676100
2023-06-29,385.46437336900016,389.41794783308376,379.0446029409575,385.40679931640625,1871600
2023-06-30,389.09168672171813,392.09526004559973,387.02853840222224,388.822998046875,1848800
2023-07-03,385.9825547143206,390.85734312274735,383.57393289289524,390.0608825683594,652600
2023-07-05,389.6002919780912,392.3255712944924,387.46035864954985,388.3144226074219,1398600
2023-07-06,386.673430339078,388.38152864690596,383.60267798832746,384.96533203125,1390700
2023-07-07,383.29562823280804,391.9320869798991,383.29562823280804,388.9093322753906,1013900
2023-07-10,386.85578158219136,392.22955459757475,385.69463662273654,390.6462097167969,1005500
2023-07-11,393.83215388546193,397.7569414217357,393.83215388546193,397.085205078125,1131200
2023-07-12,400.1559361579503,401.1347243081582,391.03967382341665,391.20281982421875,1376000
2023-07-13,391.72099714116695,394.59981690555975,388.73663470881684,393.0068664550781,999400
2023-07-14,396.4902269385122,398.18874927277636,392.55583423013195,397.8624572753906,984200
2023-07-17,398.2079449200837,406.31663226040524,398.15037086789306,403.61053466796875,1509100
2023-07-18,404.3013861575854,414.51158329519916,403.7447980313575,414.12774658203125,1575400
2023-07-19,414.78987414586715,420.12528348671253,414.194922852335,418.5515441894531,1664800
2023-07-20,421.0561547591766,422.2364813411897,417.4768118367961,421.871826171875,1284900
2023-07-21,421.27697380557004,422.45727138008687,417.72641707349476,419.2809753417969,1195600
2023-07-24,419.3000841655284,428.94411805894714,418.6283478819143,424.7122497558594,1301700
2023-07-25,423.2248502653252,431.82291612892993,422.687472979154,428.3011474609375,1160700
2023-07-26,425.6142943938258,428.66583621197833,414.07983413915156,415.461669921875,1759500
2023-07-27,415.9798590847072,416.4692678258913,407.31461258682134,411.30657958984375,1977000
2023-07-28,411.4408875623523,412.7555437666001,407.8615448161128,409.8575134277344,1194700
2023-07-31,412.1510122480195,415.4040925015449,409.68481639199723,412.2469787597656,1169600
2023-08-01,413.92628012638284,421.07533116171527,412.64041089796575,415.9318542480469,1115800
2023-08-02,413.2449762448666,417.3904542592494,409.7903868288246,413.139404296875,1077900
2023-08-03,409.96309042649193,411.96866449889836,404.2246330093895,406.8155822753906,1083400
2023-08-04,411.1626099464001,412.63080676185575,406.2398237754997,406.91156005859375,961200
2023-08-07,407.6120436893166,415.33689360848734,407.00751619178476,413.88787841796875,1009400
2023-08-08,409.75194403697384,413.66712537100335,407.2569614715792,413.0721740722656,1354400
2023-08-09,415.5095816266669,421.6318752978759,415.0105968286963,418.4747619628906,1361300
2023-08-10,419.04099116334373,423.63751484661503,416.6227931425477,417.0162353515625,1283900
2023-08-11,417.697511360193,419.7318724312928,415.0969859747675,417.4960021972656,1217200
2023-08-14,417.91828299634017,420.6819547114721,416.6515952460931,419.9622497558594,1058500
2023-08-15,416.0182284223429,417.620784253782,412.23737625462934,414.2429504394531,1576800
2023-08-16,410.7115823256908,418.13892727042344,406.1054828359848,406.8155822753906,1870300
2023-08-17,404.7428632916372,408.2358453095043,398.97561835828367,402.22869873046875,2149200
2023-08-18,391.2411986036074,396.26955710025663,379.40926211344885,380.9830017089844,4233700
2023-08-21,380.02336200937077,381.9233934540308,369.9187065650093,375.004638671875,2549100
2023-08-22,376.875860436879,377.211728580436,368.7288103420534,369.6500244140625,1663900
2023-08-23,369.6116666256918,379.6779299334454,369.6116666256918,378.3536682128906,1582200
2023-08-24,374.62086389832547,376.26178311276027,370.2546359562884,371.0223388671875,1379900
2023-08-25,372.5193002142851,376.20418610721384,370.6192685711893,374.4480895996094,1099900
2023-08-28,377.0389720109257,380.0041524133003,375.6667418222452,378.7470703125,1247000
2023-08-29,378.2769389525965,389.235630084945,377.3844825450758,387.77703857421875,1875600
2023-08-30,387.5563031636646,398.8028934057829,387.1628609533202,396.57659912109375,1815500
2023-08-31,397.3250604064258,400.4342053863589,394.0911911805308,394.3406982421875,1515500
2023-09-01,397.9200699559096,402.4589902975491,397.83367959377586,401.97918701171875,1249700
2023-09-05,403.8983522187973,406.249399754282,397.142714556328,397.689697265625,1474000
2023-09-06,395.4730607490602,399.608962783693,394.052861746925,397.555419921875,1002600
2023-09-07,394.5518026800185,398.6493117951138,389.0244600001855,395.0987854003906,1028800
2023-09-08,394.87812688534774,396.49025898982796,382.94061810646156,383.5163879394531,1837500
2023-09-11,387.0093024626067,387.68103874864283,381.63552931378666,384.1976623535156,1428200
2023-09-12,383.27643762562224,389.3219468923773,383.1708656819556,386.0113220214844,1127800
2023-09-13,385.60831383098747,390.46392089932317,383.5355600543465,385.9825744628906,1104200
2023-09-14,389.878547765943,395.5018280109561,388.76540066984256,395.0508117675781,1272400
2023-09-15,395.15635760904934,398.1119326597453,392.45986576344137,395.4634094238281,1986200
2023-09-18,394.3406564383983,396.89321297709716,391.049213514101,394.24468994140625,969300
2023-09-19,386.32790804064166,387.63298787473224,382.31676061832854,382.58544921875,1957300
2023-09-20,385.5027507075869,392.62301492445636,383.4107861675641,386.0784912109375,1289700
2023-09-21,382.9118380424477,383.56436353209847,370.4465571061412,371.98193359375,2209100
2023-09-22,366.3105978587068,368.0666648591189,362.3186313255429,365.4853210449219,2410500
2023-09-25,363.7292585116947,369.6500142587097,363.07670383061793,368.8631591796875,1383600
2023-09-26,362.7312469191419,366.4449192853546,362.0019366282533,364.29541015625,1270400
2023-09-27,366.34891257182426,370.7535022867971,364.90950301981246,368.83428955078125,1403900
2023-09-28,369.787730193618,374.7182285607721,368.8247413129055,370.49072265625,1309200
2023-09-29,369.5277355435401,372.65744942082995,361.81418516793883,363.4127502441406,2124300
2023-10-02,365.15574996600407,366.54245628225465,356.8355120685005,360.0037536621094,1989800
2023-10-03,358.6266700300531,360.01337628208285,356.7873578570402,358.98297119140625,1212200
2023-10-04,358.59780996529986,364.56832349048904,356.4599734396385,363.04681396484375,1219000
2023-10-05,361.8045275173303,364.8283265700932,359.38744552171755,361.7852783203125,997200
2023-10-06,359.6185665511893,367.74619497831065,358.54002371712187,364.5298156738281,1203400
2023-10-09,364.4238784766942,369.69142887888637,363.55719435358037,368.7669677734375,831200
2023-10-10,372.0025648188308,377.4434750951384,371.83887317877986,376.3745422363281,1317400
2023-10-11,376.89462786610983,377.9635315167683,373.04267198523684,374.9493713378906,942500
2023-10-12,375.3729815451574,376.52857973435783,363.87489417613574,368.1313171386719,1375200
2023-10-13,368.82470984209925,371.5403453071321,364.74164674046295,366.5713195800781,1074200
2023-10-16,370.7025287716314,378.05010820263016,369.8454546831595,376.08563232421875,1202600
2023-10-17,374.50635912704064,380.6791212025437,373.6589242341415,376.6441955566406,899800
2023-10-18,373.9863491299332,375.94124477830394,364.03868688242943,368.083251953125,1495000
2023-10-19,367.5151222641604,372.07004125472037,366.1765534981465,367.2550964355469,1348000
2023-10-20,366.31137125712974,368.25659830575864,360.94751589217606,361.2652893066406,1468100
2023-10-23,359.3970875176535,366.1476492681933,357.73113549019814,359.4548645019531,1308100
2023-10-24,361.77563621935775,363.8556956165324,357.8370154353859,359.7437438964844,899100
2023-10-25,358.4630065852295,362.0742152408289,357.31704735413865,358.1452331542969,773900
2023-10-26,357.2689011979186,360.92824746034296,355.7955292768578,355.8629455566406,1124900
2023-10-27,355.342916267082,356.1999905237113,345.52041739552016,347.783447265625,1436400
2023-10-30,351.7124576780117,355.6703280762161,348.284219436364,354.18731689453125,1277500
2023-10-31,348.6019570809371,352.35760764700933,346.0885703364419,351.83758544921875,1233200
2023-11-01,351.37543980390785,358.588218189985,347.98569963081025,356.758544921875,1073000
2023-11-02,361.6022703228723,364.4045710708526,358.1355049960882,359.73406982421875,1259300
2023-11-03,365.454270145234,370.3944076690541,363.50904323958747,368.0543518066406,1173200
2023-11-06,369.0943513564391,370.31733657018344,361.2845261832533,364.2505187988281,925900
2023-11-07,353.32058434710405,358.72296678933577,349.57457320215985,355.573974609375,1711400
2023-11-08,357.0762858759647,359.25265027650335,355.48736000846003,355.69921875,1178000
2023-11-09,359.8015670275733,360.32158929059284,354.15843648407065,355.9399719238281,1094900
2023-11-10,358.5688461476015,360.6681544477276,355.3620773387268,360.14813232421875,1311800
2023-11-13,359.0600407768262,359.8015610663496,353.54213297875583,356.0747985839844,1418100
2023-11-14,359.8592901835948,364.4238477314966,356.88365829203093,361.082275390625,2115800
2023-11-15,363.0082696302542,367.87138096850657,359.62819874168764,366.7735595703125,1515500
2023-11-16,367.26470799168214,368.7284405264496,361.50602384316284,364.549072265625,1736200
2023-11-17,368.2469289428245,371.0492300120924,365.3772409892629,369.9321594238281,1342600
2023-11-20,368.35293947293184,370.58705166455456,365.3965561281605,366.25360107421875,2197300
2023-11-21,365.9357563697919,369.30621728372415,365.05943300559903,368.4876708984375,2163100
2023-11-22,347.61972060346295,359.5222485102943,342.4966129427362,357.0377502441406,6304700
2023-11-24,356.80663448830154,357.64445951222433,353.2628424108958,356.4888610839844,1275300
2023-11-27,354.7266060775462,355.3525724241565,348.39979082261686,348.8042297363281,2322200
2023-11-28,348.6019493716059,350.3834845484979,345.4818750300366,346.6952209472656,1904600
2023-11-29,349.3145250513946,354.7265170511823,346.33889338066706,350.4701232910156,2263500
2023-11-30,351.1346492620456,353.5517608186777,348.0145746128808,350.92279052734375,1950200
2023-12-01,351.4042917018428,357.18222524450164,350.1138900705531,355.1599426269531,1764900
2023-12-04,351.95318815838647,356.66218852274363,350.55684252034195,355.2754821777344,1405900
2023-12-05,354.168034325391,354.32211606632916,347.417473154219,347.7738037109375,1572700
2023-12-06,349.58420507705625,356.19032393278457,349.08346144999814,352.0109558105469,3218300
2023-12-07,351.5005043360734,351.8279169577648,346.84925259609486,347.85076904296875,2753800
2023-12-08,348.4093606913712,350.6916689945527,347.5137880972615,350.2101745605469,2060500
2023-12-11,350.99981052240474,352.3865168727229,347.5812117238818,347.6678771972656,2057900
2023-12-12,347.5908835021031,347.9953224156922,342.43888659014283,346.088623046875,1832000
2023-12-13,346.0500989699496,363.82686747283935,345.25080165199034,363.0564880371094,3406900
2023-12-14,367.12984639197174,380.6983552674785,366.0705822060402,374.04412841796875,3576000
2023-12-15,371.64629537876345,373.46635848770535,368.29511284891043,371.7811279296875,3891400
2023-12-18,372.5129702812251,375.21899603301324,368.5262116558943,368.5936279296875,1404400
2023-12-19,370.66407437655903,379.5909712213858,369.11364690990774,379.35986328125,2078500
2023-12-20,379.5716179021565,380.80424222490996,372.5995893317151,372.927001953125,1592100
2023-12-21,376.47081535426304,378.8879264636682,374.69891962282435,378.781982421875,923300
2023-12-22,378.74350021023645,383.03845160959315,378.5509200744819,382.13323974609375,1077300
2023-12-26,382.1621540673977,388.4119426769465,382.0273215139772,386.4185485839844,966100
2023-12-27,385.3110491010543,387.6511046809784,384.5213912828472,386.7748107910156,823500
2023-12-28,387.43215936121123,387.635121670428,385.02548828201884,385.8953857421875,1125200
2023-12-29,386.1079638534987,387.3354417214763,384.44553732178935,386.4848937988281,1104300
2024-01-02,385.75996098365937,392.9702387143063,384.6774562783231,387.49005126953125,1414600
2024-01-03,383.34363568045995,384.29084202187204,380.0961216459734,380.18310546875,1397600
2024-01-04,381.30437199943356,385.20911775106356,378.97503963739064,379.2553405761719,1332100
2024-01-05,377.36092037911635,383.93331803401094,375.0702573780836,382.705810546875,1100300
2024-01-08,380.35708831683763,385.00607739485673,377.4575094575638,384.65814208984375,1233300
2024-01-09,382.4641363063565,383.5659905109672,376.9549537714338,380.0574951171875,1012400
2024-01-10,379.9801388390467,380.975659682966,377.57346845245337,380.5310363769531,1003900
2024-01-11,381.62327566190294,382.6381460673645,376.8873022578827,377.1579284667969,1190600
2024-01-12,378.90735888193393,382.0195751968392,372.8375740219626,373.5721435546875,1221800
2024-01-16,372.8375323677578,376.3170330602882,371.1461112876707,372.450927734375,1292900
2024-01-17,368.43991406736467,369.2324433813769,364.85407951064616,365.93658447265625,1466300
2024-01-18,366.41012066879057,368.98108412730016,363.62652024766606,368.62347412109375,1125900
2024-01-19,369.802663336755,371.5134339958451,364.6994049646436,369.90899658203125,1223100
2024-01-22,369.17443088905253,374.1713855638122,368.8168208254983,371.7164001464844,1113600
2024-01-23,374.2196692090365,376.8293021810111,371.7453640856437,374.49029541015625,955000
2024-01-24,376.8873230945475,380.0092141202986,373.46581123150673,375.4085388183594,1447800
2024-01-25,379.98023690279473,381.7779620088348,375.59219839701507,379.8545837402344,1103500
2024-01-26,380.59873955021703,383.44032933878555,379.9125141102967,380.444091796875,884900
2024-01-29,380.76310037721,384.86116301760734,379.5839369481839,384.36822509765625,969400
2024-01-30,381.91327993651254,385.4217462130691,381.20770500144477,383.6433410644531,1098300
2024-01-31,384.02025461431657,384.67748545010556,379.60322213700744,380.4054260253906,1342400
2024-02-01,381.8552061462973,383.90426672469437,376.4813221580701,380.5020751953125,1485600
2024-02-02,377.1772344229072,381.85521843025145,373.68808844790914,379.458251953125,1666900
2024-02-05,378.8783176097012,380.4634349333116,370.3342284765994,373.108154296875,2164000
2024-02-06,376.1817008777447,380.9756926637448,375.14754013198115,375.882080078125,1740600
2024-02-07,377.3608415317857,378.713972399873,372.71185256954664,373.03082275390625,1671500
2024-02-08,372.9632304946399,374.59666255153576,371.40710757532804,372.9148864746094,1142000
2024-02-09,371.310456191066,372.76024577593523,367.7149768407486,368.52685546875,1426300
2024-02-12,371.4650623803041,378.40474405125735,371.4650623803041,376.355712890625,1698100
2024-02-13,371.75509076313733,372.49930554625445,362.94037384165745,366.5744934082031,1765200
2024-02-14,370.1796086139231,372.653913820954,364.50610340492545,371.9000244140625,2409000
2024-02-15,354.8118177902179,359.54779085659356,348.693689669955,352.4534912109375,4933800
2024-02-16,348.90640186982614,351.81565615755693,346.2678033261157,348.6067810058594,2274300
2024-02-20,347.46623703698896,348.6164058002164,343.194177416995,345.4172058105469,1973600
2024-02-21,344.6536199668932,346.5963473260618,342.5949141676624,345.3302001953125,1364300
2024-02-22,342.27599126864055,346.15177148664384,341.3287847987719,344.8372802734375,2197900
2024-02-23,345.9971024756811,353.22670046812607,345.4365006925833,352.4534912109375,1704300
2024-02-26,351.834916465996,354.08693941229285,349.5152590912007,351.0520324707031,1592500
2024-02-27,350.9747543717441,351.921931414907,346.2484258749749,348.5874328613281,1559700
2024-02-28,349.31226625554507,353.1010327538567,349.04164007709426,352.59844970703125,1675600
2024-02-29,354.1062356126926,355.5367051544641,350.7040736571791,352.8304138183594,2491200
2024-03-01,352.7917511557429,356.474213758504,349.23491218710024,355.53668212890625,1967100
2024-03-04,356.261661688375,357.5954729324008,350.78144364140957,352.2215881347656,1335000
2024-03-05,351.757637107232,357.31516417157883,351.4000270415892,354.4542541503906,1710000
2024-03-06,353.7873274333172,355.51738843122746,352.16354068397436,354.3575744628906,1068700
2024-03-07,355.1211906955838,363.59761774665105,354.96654291122974,362.7567443847656,1844600
2024-03-08,363.5492673519448,364.0615251825585,359.74115083906355,361.5775451660156,1064700
2024-03-11,360.90093443768325,362.85333654889644,358.21399235524177,362.4956970214844,855700
2024-03-12,363.5588674931727,365.19229932522916,360.1277108732912,360.176025390625,1140800
2024-03-13,360.8429483741649,367.7826005728245,360.29202126888947,366.16851806640625,1250700
2024-03-14,367.7632708280679,369.64800898158296,364.3321141338711,367.5023193359375,1436300
2024-03-15,365.3469579215794,371.1267960755281,365.3469579215794,370.5565490722656,3448500
2024-03-18,370.17955814101214,374.42262258694205,368.7200940474673,372.4122314453125,1145200
2024-03-19,372.62488618316405,379.19725327632096,372.6055662755875,378.40472412109375,1490600
2024-03-20,377.68956585349565,382.0582846968135,377.5155981551465,380.8597717285156,1763400
2024-03-21,380.69541074189925,385.9823111574048,378.87833644976297,384.3295593261719,1411800
2024-03-22,385.13170658428254,387.30639059351785,384.5227903423303,385.5086364746094,1514600
2024-03-25,385.4506966045625,388.18598269300986,383.7496302857706,384.70648193359375,1106300
2024-03-26,384.98679664919405,386.600879193927,382.9860799537289,385.1800842285156,1053200
2024-03-27,386.10176911544227,397.18038064250345,385.39358184585683,396.90875244140625,1543800
2024-03-28,396.36541597473683,400.9637329721957,396.36541597473683,398.4608459472656,1426700
2024-04-01,397.90786626722473,399.60554952824236,391.6118664990831,392.0581359863281,1319500
2024-04-02,392.89243754774037,397.45194187496173,390.2149388700318,391.9223327636719,1164500
2024-04-03,392.1454249826981,396.43327108420414,391.2335242161751,393.8916015625,1077300
2024-04-04,398.39293120582374,401.545771647257,393.20286486579937,394.9393310546875,1218600
2024-04-05,396.43330947338677,400.79878095087355,393.87224826799024,400.20703125,994400
2024-04-08,400.65325567392915,402.39943235534867,397.4033988896651,398.47052001953125,1269800
2024-04-09,401.118920426562,401.5263478403265,397.2190804061891,399.1787109375,1114500
2024-04-10,394.7259638004026,400.3816618658105,392.3103826708265,399.6540832519531,1407700
2024-04-11,400.4010304776333,401.68157587027883,394.75504325596484,400.498046875,1472900
2024-04-12,398.9555999646022,400.1585204458309,384.9472842503127,385.3935241699219,1886000
2024-04-15,390.2633995961275,392.13569442534873,380.8339814154706,382.0271911621094,1353300
2024-04-16,380.5332857201465,383.88012923026207,375.0813019480757,381.2608642578125,1865400
2024-04-17,384.16150079308176,385.73306583221364,380.6594366756644,385.01519775390625,1442200
2024-04-18,386.56734510288686,390.25373125037595,384.85995129718816,388.62396240234375,1562900
2024-04-19,388.98285701411754,390.93277680581974,386.83893405839524,388.352294921875,1125200
2024-04-22,386.9262537655507,390.8454849239971,380.4556425867474,387.66351318359375,1005500
2024-04-23,388.88582194488754,393.4938187436956,384.85989382066157,385.3352355957031,1278300
2024-04-24,385.665153883308,385.8688972084003,380.6400180921834,382.82275390625,986600
2024-04-25,374.2372733419202,383.1040443654568,372.6560275751819,382.2794494628906,1316900
2024-04-26,380.882522978077,384.11298838104574,379.4079744129855,381.5712890625,998300
2024-04-29,383.5211913320531,390.5544504581571,383.5211913320531,388.9731750488281,847100
2024-04-30,385.8882103060899,386.47027899272297,378.4669159659369,379.7086486816406,1016600
2024-05-01,377.3319636485341,379.53412054401014,372.29711724895867,375.9156188964844,2017800
2024-05-02,377.0021151265849,386.46063673810363,374.1791066622095,384.1226806640625,1790100
2024-05-03,387.69265933551077,389.34181957434606,383.04584949927795,388.9731750488281,1627000
2024-05-06,392.8923774631967,394.8325867346199,387.25607189813184,389.82684326171875,1042800
2024-05-07,391.5924396163591,394.41544765034763,390.69993032790387,393.4453430175781,942000
2024-05-08,392.1357282251001,394.7938056647161,389.4582297438688,393.29986572265625,640300
2024-05-09,393.2998955567643,398.21830432417556,393.2998955567643,396.7728576660156,995100
2024-05-10,398.22794271024276,399.38236956544705,393.54235046665826,395.69598388671875,1426800
2024-05-13,396.77284506204495,404.116545167597,395.37589184548494,395.79302978515625,1402800
2024-05-14,397.74292943761907,404.9896127752412,397.74292943761907,400.4398193359375,1765800
2024-05-15,402.2830033571213,404.0777029440221,399.9353666001878,401.6427307128906,1861200
2024-05-16,394.7258603682784,397.7428713526569,382.3958100405719,382.6383361816406,3623800
2024-05-17,382.6772152317969,385.7039372620841,379.8348154692096,385.1509704589844,1612100
2024-05-20,383.9189787283569,384.9666788973134,379.2527769586002,379.7766418457031,1158500
2024-05-21,379.24302476893723,379.48555094489853,373.7037351994502,375.17828369140625,1370900
2024-05-22,374.460412770374,376.94387842447287,372.76272955185544,374.4701232910156,1318800
2024-05-23,375.556636618584,375.98348505428845,367.3980525526244,367.9024963378906,1736600
2024-05-24,368.523386015555,369.95912205475213,362.5572479046361,363.7504577636719,1511800
2024-05-28,363.78933300408363,363.78933300408363,356.0091024601269,358.2306213378906,1448000
2024-05-29,354.07849805391527,356.85301283637654,351.8375586091654,354.0688171386719,1673500
2024-05-30,354.4180188288056,357.5611483284562,354.03969342118717,357.3380432128906,1340300
2024-05-31,358.5507436653224,363.8668990762924,355.3688010730139,363.5564880371094,2332100
2024-06-03,364.1384775917172,364.2645959366508,353.65164839475386,357.11492919921875,1284200
2024-06-04,356.90152056100766,358.54099990620006,353.1666114680205,358.32757568359375,1328700
2024-06-05,358.8902822466535,360.43274532449595,354.5442020890682,359.899169921875,1394800
2024-06-06,360.3939111154037,362.7124756558438,358.30819184426434,360.1707763671875,1305400
2024-06-07,357.96867530870503,361.858805075035,355.69863360327975,357.56121826171875,1080000
2024-06-10,356.82391947050485,361.5386141232761,356.0769199007743,357.28955078125,1033700
2024-06-11,355.71803665055916,356.45532580476294,352.90473852750574,354.2143859863281,948400
2024-06-12,358.1529432177185,361.79083570718154,356.5910593141816,359.0260314941406,1055500
2024-06-13,357.1731504219603,366.9615035412022,357.1731504219603,366.6510925292969,1583900
2024-06-14,363.7989510392977,367.7278629948075,361.8005378464651,366.6995544433594,1485200
2024-06-17,364.71091611426294,369.8718512169543,363.46918313842934,367.8831481933594,1227900
2024-06-18,368.84350646622136,371.79263309781,368.06743453407796,371.3172912597656,1211900
2024-06-20,370.33747817844784,373.0052661679455,368.64950543331736,370.1240539550781,1352600
2024-06-21,366.6607837793456,368.63980576291056,362.82888777206387,363.8280944824219,2450600
2024-06-24,365.4966507938985,371.48218012468004,364.76907227975113,366.864501953125,1323100
2024-06-25,364.2937127616824,364.7205612056896,356.1642600995824,358.4245910644531,1644700
2024-06-26,359.65660573798556,365.11829991659454,356.3776471266913,365.00189208984375,2442500
2024-06-27,363.78932188515836,366.83546535093046,363.4885917474867,365.52581787109375,1709400
2024-06-28,368.32088421913704,371.43738999136036,359.85765313840244,363.8798828125,6689500
2024-07-01,365.28229127399027,365.51601879414386,351.15093043442886,351.5697021484375,1458100
2024-07-02,350.1478171376197,355.9230625917313,349.8751251183032,355.4263916015625,1290000
2024-07-03,355.9035943905178,358.0266986589947,351.6865720728944,353.32275390625,668900
2024-07-05,353.6830600711499,353.6830600711499,347.4890137774627,350.6347351074219,1273500
2024-07-08,350.70294077244756,352.20276170098026,345.4925468767193,345.73602294921875,1671600
2024-07-09,345.5022816146603,346.04766561755457,336.9124389872773,339.73675537109375,2112700
2024-07-10,340.18471983368124,343.3499084340163,338.7238635566036,342.3565368652344,1475800
2024-07-11,343.6908088556712,353.3032391869189,343.3012530942722,352.1637878417969,1764900
2024-07-12,354.98812025561824,358.5428650354741,353.9850000072556,355.79644775390625,1034900
2024-07-15,355.53351568139027,362.46770982092124,353.65388743987165,361.9710388183594,1158600
2024-07-16,362.29237797011024,370.6971763327119,356.38077208896186,367.6585998535156,1732900
2024-07-17,368.1650463803163,377.41713735697704,367.8241739264097,375.07977294921875,1528000
2024-07-18,372.81051609831337,380.1537620927158,370.59976426259965,370.7069091796875,1736000
2024-07-19,373.2390304132741,374.11556795688364,367.3371734288475,368.1942138671875,1152100
2024-07-22,369.2363466871319,370.71667054223343,362.56509620346617,369.35321044921875,1071200
2024-07-23,366.51914658886534,368.4182718928824,361.0847735848121,361.8249206542969,1335900
2024-07-24,360.7438598699736,365.8763243268422,358.3285667437544,359.75048828125,1256300
2024-07-25,358.56237712823133,376.1803032291799,358.56237712823133,371.72955322265625,1241600
2024-07-26,375.21614158036255,379.81297158734236,374.04747412033953,376.4627380371094,1380800
2024-07-29,375.1187162758295,376.4529603544121,361.3184798573206,366.9378967285156,1491000
2024-07-30,356.4197568569525,365.21411147235887,354.67645984292164,362.0683898925781,2266900
2024-07-31,363.4805504773441,366.9476472783284,361.30873326971874,362.2729187011719,1659500
2024-08-01,356.80928986657904,361.52298279802994,346.72937508881745,348.570068359375,2991300
2024-08-02,346.8657284450773,350.9853539701696,341.92802694672093,344.51861572265625,2820600
2024-08-05,336.74687987382197,342.23971440443495,331.32225549865205,335.8411560058594,2509200
2024-08-06,338.4220034403587,340.42824396657164,333.7570231358739,337.0293273925781,1570900
2024-08-07,340.8665005508918,344.8010821934724,336.8345225353423,336.951416015625,1384500
2024-08-08,337.82795827539405,341.69435987785613,337.36047347033656,340.02899169921875,1557700
2024-08-09,339.53224858540045,339.80494059069065,334.41925119530913,337.0000915527344,1335200
2024-08-12,337.70129774668277,339.07450630190095,334.92566469767576,336.0067138671875,1581300
2024-08-13,338.74336661717416,343.23305072148304,336.97085383673743,341.4410705566406,1696600
2024-08-14,340.8665322473102,346.5151657503559,339.2595959680992,342.1131286621094,2040500
2024-08-15,349.826439067193,368.59356436904676,348.560345634995,363.51953125,3184500
2024-08-16,362.4287267049543,368.6519591471846,361.47428988023574,368.0578918457031,2103100
2024-08-19,369.1000058834432,371.0673117228612,362.10737967388275,363.1786804199219,1676500
2024-08-20,365.1556547641387,366.7723393542103,362.0586464425166,362.8669738769531,932300
2024-08-21,364.0844076056496,367.97027654708234,362.4092908935397,367.21063232421875,1249100
2024-08-22,367.2398378963382,368.2429581843727,363.80195674208386,366.76263427734375,1072700
2024-08-23,368.91492170988687,372.8592517946482,366.76260161774564,371.2328186035156,1197500
2024-08-26,371.5250154359149,375.24530719742177,370.745874179191,373.0929870605469,1108500
2024-08-27,371.5444896081716,372.06065769715406,365.1556797923431,366.1685485839844,1107200
2024-08-28,365.20434967096566,369.47005509361816,364.6881816009898,368.0871276855469,1096600
2024-08-29,369.8791156328388,374.46619647974444,367.11323103812805,371.85614013671875,1075000
2024-08-30,372.2261981294133,375.81990701477275,368.57405736959254,375.6737976074219,1413200
2024-09-03,374.81676492151564,378.24492680734653,370.04464017402404,375.6251220703125,1929700
2024-09-04,376.45297593538606,388.1787622922813,376.0244556662689,381.7218017578125,2370300
2024-09-05,381.7704798805417,384.6921927367703,372.8397645060081,373.6773376464844,1397300
2024-09-06,374.79734082187974,378.84878642318085,371.3692082613334,371.6029357910156,1670300
2024-09-09,374.11557851429296,381.7704513595623,373.47279816739893,377.12493896484375,1215300
2024-09-10,378.38124902947243,379.2967213550354,371.7197478689826,377.1930847167969,1041600
2024-09-11,376.5795833055726,378.7124063481855,368.7786004647442,378.449462890625,1160000
2024-09-12,376.55034868205473,378.9071802931142,373.1027193591047,376.90093994140625,1068500
2024-09-13,379.8129103545146,384.8869729150852,376.3360947572388,384.3805236816406,1126000
2024-09-16,385.66611221167847,389.1721737214794,382.8612630038377,384.361083984375,940200
2024-09-17,386.15304713273747,389.6785758719748,385.1304595269189,387.4970397949219,983200
2024-09-18,387.61389705972994,395.3953826180597,386.53287759289987,390.6037902832031,1163500
2024-09-19,395.9115268632513,401.6868013891454,392.8145186232945,399.03778076171875,1751000
2024-09-20,396.00893522026576,399.2130884748655,391.9769871430003,395.2980041503906,2709400
2024-09-23,394.45067108669963,399.55394934007586,393.5254799230798,398.27813720703125,1184500
2024-09-24,400.9953363600406,404.90070201048064,396.7393794370542,400.16754150390625,1253600
2024-09-25,402.0666297744939,403.06974997005943,395.4733086561845,396.31085205078125,923600
2024-09-26,399.2618168038195,402.36857404089506,397.71331246239725,400.732421875,1062100
2024-09-27,403.29378955008053,408.67947931351523,401.803717111986,407.0920104980469,1410800
2024-09-30,406.5739590783783,408.4700034851674,403.19236671234836,407.8738098144531,1176700
2024-10-01,405.77253826745107,410.94268189815756,401.804535127192,407.0039978027344,1089200
2024-10-02,406.6912754376566,408.11818544909835,404.75615866454694,407.0528869628906,863800
2024-10-03,403.33896447333,404.4531179932523,398.48157724821976,399.47845458984375,1103800
2024-10-04,402.66460089508456,402.8014429886102,395.89163309168816,398.7454528808594,877900
2024-10-07,398.6281820587741,399.8205396102989,395.22705350196696,396.83966064453125,942000
2024-10-08,394.3962859783164,396.7125799075749,389.74413220661916,391.21014404296875,981500
2024-10-09,392.40249909515245,397.1621460554652,392.40249909515245,396.2923278808594,760300
2024-10-10,395.59842136716554,397.33808766219204,392.75435464742594,396.5660095214844,578100
2024-10-11,395.87210521510826,403.02625111551407,395.30526035082295,401.7654724121094,653400
2024-10-14,398.7846018595075,399.5176078940869,390.4087790794521,398.48162841796875,996200
2024-10-15,395.84275155481765,399.7716825599992,392.3829849240402,392.88140869140625,834600
2024-10-16,394.0933175630654,401.1497224842079,393.9857945174762,400.09417724609375,867600
2024-10-17,398.8725410991018,399.97694158046613,387.54515859902045,395.9600830078125,1398500
2024-10-18,397.76812534210364,400.2994357248784,395.0413645953759,399.4687194824219,749900
2024-10-21,398.755243334122,401.423395773235,396.7223865896232,397.7388000488281,838600
2024-10-22,397.8267826236337,398.6575287322518,392.7055235192582,397.43585205078125,610200
2024-10-23,398.02224908284467,402.40074889547617,397.05469072887047,399.3807678222656,1112700
2024-10-24,399.72282012262366,402.43007468939555,397.9440815738116,401.7557067871094,718300
2024-10-25,403.6419561533772,405.3523034252135,398.18840483294406,398.68682861328125,591000
2024-10-28,399.73258409170893,403.9644587166824,398.99957813066055,403.0066833496094,828300
2024-10-29,400.90540393782754,401.687265029347,396.0284506816433,396.83966064453125,758600
2024-10-30,393.5362619728033,398.89210317758096,392.236381306393,395.520263671875,785100
2024-10-31,395.1000140598856,398.08089317425333,392.8912131184034,395.520263671875,746300
2024-11-01,396.60508650631766,397.85608217379416,389.2848097340293,391.3470153808594,1522500
2024-11-04,391.34706131356995,397.64111256679706,390.4576770495255,392.5784912109375,801900
2024-11-05,389.2848055559989,394.8556628211484,387.79925753746727,391.2981262207031,902200
2024-11-06,403.27058318861015,406.08533104964874,392.9987160526081,396.51715087890625,1664000
2024-11-07,398.3740788851512,402.6353025259201,397.1035471067425,401.8436584472656,1073500
2024-11-08,392.98893578067344,397.2794485026164,384.7988110586024,385.131103515625,1623200
2024-11-11,388.1804007685026,393.7512579710629,384.2612825342393,393.5264587402344,1143200
2024-11-12,393.0768565318272,393.0768565318272,384.21236475907625,384.8280944824219,1144900
2024-11-13,382.18933269039076,383.2448780778007,378.2604311010334,380.6256103515625,1474700
2024-11-14,381.5735862365222,386.55800278054005,379.00317396143504,385.6979675292969,1225000
2024-11-15,383.77263693595637,390.5162862138332,381.16312243580063,389.91033935546875,1168100
2024-11-18,387.23240448371524,397.7583898181748,387.16401325765344,395.3638916015625,1457300
2024-11-19,390.4576302700932,393.4971473807112,388.73750004671956,391.02447509765625,1076500
2024-11-20,395.0023184689078,399.6740093413162,391.56208735057106,395.7841796875,1487000
2024-11-21,403.39761664512963,432.03370445473587,401.64816738820434,427.62591552734375,4148700
2024-11-22,426.0524099733426,437.36025661549564,422.41669893759587,436.5295104980469,2202200
2024-11-25,437.8489379560999,458.754284377269,436.57840609336046,452.2060852050781,3266900
2024-11-26,446.2931188095046,452.84128723152674,444.09410101625565,450.5934143066406,1747300
2024-11-27,451.44377825121785,456.4770805918624,450.6521340882278,455.44110107421875,1258700
2024-11-29,455.4410628527838,458.46104400372826,453.6525413302967,455.34332275390625,732200
2024-12-02,453.1931805481753,453.77956147740605,448.4530691962934,452.4601745605469,1318600
2024-12-03,453.49614829490156,454.9914792979062,448.55080367967884,448.843994140625,1166100
2024-12-04,448.59965855843274,451.7564817079029,443.02880119491834,445.9217529296875,1056400
2024-12-05,447.6028186147584,447.98396624565993,437.7805197916227,437.9662170410156,1159700
2024-12-06,436.3828979698387,438.78714925796424,432.93288431443096,433.9395446777344,1129900
2024-12-09,434.9169107147113,442.9799770369504,434.05684553483115,439.22698974609375,1209100
2024-12-10,436.9986368221899,438.52328692195243,431.0075296536953,433.90045166015625,1215300
2024-12-11,437.8098138119232,439.56904610148274,435.97240733944767,437.87823486328125,1677400
2024-12-12,437.487298423167,437.487298423167,428.5250654243895,429.52197265625,867000
2024-12-13,430.0301725195183,432.10213130584714,427.11768470460754,430.460205078125,900700
2024-12-16,430.3526574457422,431.3984197365381,426.1207829768135,428.4859619140625,956800
2024-12-17,426.6778932550927,434.8582350633763,425.14346027469054,433.538818359375,1357100
2024-12-18,433.15766338931894,435.21983915532854,414.8911526418453,416.3473815917969,1423600
2024-12-19,418.3704780408453,421.2927188479324,412.4086904221977,416.9631042480469,1757200
2024-12-20,416.3571854669819,426.60948637409757,416.0932842217641,422.6903381347656,2446400
2024-12-23,422.8271294902402,422.8271294902402,417.3246937443412,422.5827941894531,1093900
2024-12-24,420.85292780604766,423.7654156515547,418.9959852795146,423.03240966796875,383200
2024-12-26,422.00628854451617,425.5833619620115,420.68687157334324,424.00982666015625,444900
2024-12-27,422.53395319449805,425.3096287471795,417.41269430152755,420.3153991699219,735300
2024-12-30,417.5593131873649,418.20436206422767,412.1741825744067,415.01824951171875,792500
2024-12-31,417.4513338997488,419.70781562037854,413.4877452838992,415.6853942871094,772700
2025-01-02,418.02030333393947,420.72810505143576,409.97543161693244,410.2697448730469,1005300
2025-01-03,411.8885319895247,414.9397191647504,408.79812300661234,414.23333740234375,875100
2025-01-06,415.979705956564,420.9832414266515,409.97547536858457,410.09320068359375,1077900
2025-01-07,409.946049757273,412.15348926542356,404.5500865151271,405.4526672363281,1223400
2025-01-08,403.3040951562205,404.1772744989,400.48838818519624,402.2445373535156,878000
2025-01-10,398.212254434893,403.608217184282,395.38672733203583,400.841552734375,1699200
2025-01-13,400.2921560397188,424.0932373030385,398.3986408641468,421.77789306640625,1988700
2025-01-14,422.55291532863123,425.2410760639288,419.27606823075877,424.1324462890625,1224700
2025-01-15,429.6952671964688,429.7148781018875,418.383367607518,420.76739501953125,1432100
2025-01-16,423.72046442902047,431.549497089351,420.4043950823293,430.8038635253906,1181300
2025-01-17,439.33930459965524,448.57131033362816,435.24820033237995,446.8249816894531,2315500
2025-01-21,449.79766288559466,456.78297742076774,444.9707155711174,454.3891296386719,1733700
2025-01-22,454.0849826986465,455.5369980137404,449.8957641722919,451.0534362792969,1132200
2025-01-23,452.43676632786094,466.9175778386093,451.93640383475093,465.7402648925781,1934700
2025-01-24,465.4852134633897,470.4102754394858,463.424930600821,469.71368408203125,1400800
2025-01-27,470.92038911472673,475.2273628781883,465.14178913528167,474.99188232421875,1418500
2025-01-28,473.2847897014801,476.64990101739676,467.30999105679825,470.9105529785156,1642400
2025-01-29,471.9015099678351,473.70670134036294,468.30091770556885,469.115234375,977000
2025-01-30,466.75076592771046,474.4326413450697,465.4459372334834,470.9105529785156,1122300
2025-01-31,469.9393189692723,470.5181550386307,465.0927607583725,467.54547119140625,1400700
2025-02-03,455.3701637074497,460.78576691905766,450.45495289121766,458.2153015136719,1397700
2025-02-04,459.8047298368836,465.65198309038175,456.2041377693535,463.33660888671875,1045500
2025-02-05,463.57208834167545,465.0240737439395,455.9196138912039,458.83343505859375,1084600
2025-02-06,462.4340413269684,462.4438318095057,454.69327265663844,456.1845397949219,809300
2025-02-07,459.55945012967186,460.58957650973105,454.24196086972734,456.79278564453125,898000
2025-02-10,458.7451601971003,462.9540198232694,455.22307149111657,461.0899658203125,1348800
2025-02-11,460.6386353502458,467.6828425468767,460.0107570413709,465.3282165527344,1489000
2025-02-12,459.94206884900154,468.7423950803393,455.1936250434857,467.54547119140625,2038900
2025-02-13,445.9027841153329,465.4067434673076,442.68482902714067,457.4010925292969,3058400
2025-02-14,461.0114647435132,472.03887163415243,458.2644409289421,471.1362609863281,1919300
2025-02-18,471.90151205485716,492.6023951829564,470.9204278302109,492.0726013183594,2367600
2025-02-19,486.7747198000886,505.30738398998403,486.61774274185046,499.63671875,2095200
2025-02-20,498.5280764482343,499.6268858222396,483.7823540521822,486.41168212890625,1514500
2025-02-21,487.86372155085513,489.33534782731266,478.0430892253747,480.7116394042969,1104300
2025-02-24,480.7116483534969,483.0368131231363,473.0297422808023,475.38433837890625,1245800
2025-02-25,477.47403111191744,481.467050823012,473.7164919582945,478.3668212890625,1214700
2025-02-26,480.7312720298533,481.4474742952682,468.38924560739673,469.4684143066406,1557700
2025-02-27,473.1964989881913,478.2392557858428,470.0962695824166,471.4599609375,1328600
2025-02-28,470.8517171352138,476.0318403399397,463.6211316140664,471.6954650878906,1995800
2025-03-03,474.9133967942632,475.50205325387947,454.7815315053166,457.0184020996094,1487700
2025-03-04,445.2159986937752,454.52650812603423,439.1823368422172,449.7093811035156,2325900
2025-03-05,451.6813360553454,459.9714789726498,449.974229313236,458.6568298339844,1291500
2025-03-06,459.1473799182528,475.71790550075485,456.4984407502919,473.7066650390625,1695800
2025-03-07,469.22306901516464,490.8069186303629,469.22306901516464,490.1692199707031,2615900
2025-03-10,488.20708190843015,495.42787670271224,471.459968557509,479.5343017578125,2174100
2025-03-11,474.79566584941153,479.2988383104608,463.76826012056995,466.5054931640625,1492200
2025-03-12,466.0051329777628,467.60430487145817,454.4479633310605,462.45361328125,1679800
2025-03-13,464.5825821815787,470.92037720821884,456.6946574800539,458.25457763671875,1314500
2025-03-14,462.9441733267529,472.2154305255187,461.5510505995552,468.4676818847656,1018000
2025-03-17,468.30092068691704,476.88540766925786,466.5153701492292,473.2259826660156,893000
2025-03-18,473.0101002113926,476.8461427835424,469.880439416166,472.0682678222656,931700
2025-03-19,469.7038540292896,473.6870532558803,468.153724316294,470.341552734375,841700
2025-03-20,466.99607005083686,471.4502006148615,459.23569058803685,467.99676513671875,1153400
2025-03-21,464.64144237813167,466.70172500559244,459.4416786097487,463.4935607910156,1685000
2025-03-24,467.6239574528481,474.0892983231424,465.1908580144624,470.8811340332031,903800
2025-03-25,472.5980180960792,473.03951792156465,468.12427695111205,469.87060546875,808200
2025-03-26,472.36259884035957,475.717919891926,468.153739347164,474.471923828125,811200
2025-03-27,472.7942676075479,481.3002504446491,469.75290074619875,470.64569091796875,1193200
2025-03-28,468.5559826081093,470.47889918755936,453.99669719736204,456.5082702636719,1183600
2025-03-31,453.6236445774579,465.57560162632194,451.28050179993534,462.0805969238281,1496300
2025-04-01,462.0904343376775,472.1226117729237,458.79234391276196,471.0396728515625,1253600
2025-04-02,466.10726627034603,467.14099163633574,457.5813905268055,463.6065979003906,1394700
2025-04-03,449.47880788993035,456.50823590067347,439.682934430549,440.519775390625,2287700
2025-04-04,419.85487550760035,431.9939222974285,413.53432685236146,423.20220947265625,3609600
2025-04-07,410.6694260126897,434.209107562662,405.91421703060064,416.7930908203125,3007400
2025-04-08,426.7464629723259,428.8434778474536,399.79052593028825,406.593505859375,1816400
2025-04-09,401.40515971971,448.6125134205323,398.1562827376051,445.5802001953125,2914700
2025-04-10,437.4776529167103,442.2722506630755,421.8928442038854,437.310302734375,1956600
2025-04-11,437.36935054582415,456.2030653720124,434.66194319860745,452.0188903808594,1245100
2025-04-14,457.1383399691046,465.45747649861613,454.32265070983306,460.4266357421875,1283600
2025-04-15,457.4829191685917,459.89498500774516,453.5153379624756,454.11590576171875,1143600
2025-04-16,450.93593857357723,454.4407981781501,441.7307472341577,445.412841796875,1015600
2025-04-17,448.2580765200591,451.7629362125502,444.53662302432787,445.0682678222656,1044800
2025-04-21,443.4437980767791,444.86146736320103,429.19791177467386,434.72100830078125,969300
2025-04-22,439.33841574799914,451.15255802021426,439.33841574799914,447.6181640625,751600
2025-04-23,455.7797564770443,464.6501874939066,447.3326282846618,449.3705749511719,1025500
2025-04-24,451.4183362087164,459.28460586007566,449.89235494855177,457.3155822753906,828400
2025-04-25,456.961167763679,458.7431318031073,450.25664448938414,452.186279296875,983400
2025-04-28,452.18624203496336,457.9751760253224,450.0006247129893,453.07232666015625,755100
2025-04-29,450.33542483207805,455.7305305555313,445.40301083622205,453.50555419921875,799600
2025-04-30,453.3184320058336,458.0834651096226,444.9992959811412,456.3802490234375,1325900
2025-05-01,457.79803036309005,477.95099001979526,457.0596464431496,472.58538818359375,1855300
2025-05-02,479.58520346098385,484.684967007552,473.2350907895645,474.20977783203125,1108800
2025-05-05,473.12679398633446,477.68508795591265,469.85820793772774,473.8848571777344,805200
2025-05-06,470.6458227980141,474.3082076532265,467.6529287565928,467.93841552734375,887700
2025-05-07,467.73174389291455,470.01581865762375,461.99205287155553,465.0834045410156,1011200
2025-05-08,470.5080503047157,486.5359016280075,469.12973975748747,482.40093994140625,1568800
2025-05-09,483.11963302326666,486.2799074973607,481.54440812996177,484.97052001953125,653500
2025-05-12,499.87603486486466,506.0390886326238,486.3094628344482,487.9437561035156,1597200
2025-05-13,488.3375602351189,493.89022152722737,485.33481109082135,490.84808349609375,1500100
2025-05-14,491.0449664548283,493.260118125658,488.37694774387245,489.7946472167969,1601200
2025-05-15,509.33719714214845,523.3074231245898,500.32894949298765,508.32318115234375,3211700
2025-05-16,507.8112130629031,525.5127774349534,507.8112130629031,523.2483520507812,2322000
2025-05-19,517.8629985029855,524.2229054994256,513.4720547770703,521.6238403320312,1273000
2025-05-20,519.5170221815437,521.545114039245,515.6971116783266,518.1781005859375,1250500
2025-05-21,511.52279880321197,514.9095217701133,506.1276934136649,506.6888122558594,1060100
2025-05-22,504.8773584271627,511.11912971174945,503.4301248508719,507.6635437011719,949200
2025-05-23,503.03632515395134,508.7661911424031,500.8113188320973,502.16009521484375,850800
2025-05-27,504.8477555247312,506.9644798100583,497.96602804920747,501.7367248535156,1103500
2025-05-28,502.4652435393052,503.7943403750759,498.01526136504333,500.1221008300781,739800
2025-05-29,502.59326182559914,502.59326182559914,494.3036594489873,495.6524658203125,994200
2025-05-30,497.3556862132504,505.8913870768144,495.3177394850948,498.4189758300781,1686500
2025-06-02,498.3204537973594,501.3921255442252,493.2600491553436,499.97442626953125,993700
2025-06-03,498.7536698547388,506.6986570230418,498.1826362016541,505.2022399902344,1107700
2025-06-04,506.472257528095,508.72676793882187,499.5905295961648,499.9154052734375,992700
2025-06-05,502.1994593454998,506.9251338633628,499.1966804232826,502.8393859863281,1126000
2025-06-06,511.58186947179894,517.8532048064702,509.9968199014603,511.936279296875,1473800
2025-06-09,511.9461250783151,517.4593670047649,509.58327277279074,513.60009765625,1101000
2025-06-10,511.87723132116724,512.5466921583969,501.07713528603637,507.8309020996094,1294000
2025-06-11,510.1839223111175,513.5312266449115,504.69032920262725,512.773193359375,1037000
2025-06-12,510.4693806583521,512.0544302731663,507.02358927493026,508.8547668457031,797000
2025-06-13,505.05454597174736,508.40191007844754,499.86617967822656,501.6973571777344,824500
2025-06-16,507.2993409232403,518.286467726247,504.90692403169334,516.3174438476562,1278800
2025-06-17,514.7914037741033,516.8588545754022,511.8477230249889,515.017822265625,862500
2025-06-18,513.9151730116197,523.1498987438043,513.265421646189,516.8489990234375,959700
2025-06-20,520.265253920313,521.7912351371822,510.9025374264032,513.3047485351562,1389700
2025-06-23,510.42999473593386,514.8208787797776,497.8282260325084,506.1178283691406,1261400
2025-06-24,510.5677846961916,510.5677846961916,500.01384726547985,506.1374816894531,1215600
2025-06-25,505.16284549544275,506.03907543672767,495.1405223794797,498.8915100097656,1189200
2025-06-26,501.3134447513206,501.5398632474924,495.55404443461896,500.65380859375,1199400
2025-06-27,500.67346277498154,506.40332864920634,499.2360839627075,505.3893127441406,1835500
2025-06-30,505.6658352438454,506.0312529976906,498.2191072778031,502.1992492675781,1408600
2025-07-01,498.4363654967541,508.45093338293924,488.8069872092828,502.0708312988281,1375200
2025-07-02,502.5843992434084,514.1396648262357,501.1128424134356,513.8729858398438,1096800
2025-07-03,513.5668705038163,517.102597759934,513.0039149698484,514.5248413085938,470300
2025-07-07,512.5792261229363,513.0335569644463,500.6881697405287,503.97698974609375,1017000
2025-07-08,501.0931182230225,508.36205025562793,501.0634905706082,502.61407470703125,1285000
2025-07-09,504.65845034057674,505.7349618496962,493.33034959888363,503.0288391113281,1152400
2025-07-10,505.3793753784582,522.4357088608357,504.18435332301266,512.7767333984375,1268800
2025-07-11,507.83860287888103,509.4978115779504,503.35476090731953,506.0707092285156,1046900
2025-07-14,506.1596574811926,506.43622242361397,495.91795372197845,501.33013916015625,1087100
2025-07-15,501.3696745366535,505.2905614545403,496.88583205870947,497.24139404296875,1173100
2025-07-16,496.77717540295157,502.3770427093665,492.93528576214266,501.44866943359375,1150600
2025-07-17,499.54257685729004,506.594260135976,485.97256836910657,492.9649963378906,1778500
2025-07-18,496.15494585319834,496.97469442152715,490.75261652251885,493.6365051269531,1064500
2025-07-21,498.5252391460221,499.9869402117683,489.89337549216356,490.10076904296875,1111000
2025-07-22,490.95020304136494,501.9030010437082,490.04157143082153,499.4339294433594,975800
2025-07-23,503.5621507030973,509.4187806167358,499.64126425726573,508.79656982421875,995100
2025-07-24,506.3867613512078,511.0977687703632,505.083114586565,508.2928771972656,850000
2025-07-25,508.3027834169544,512.5792320385846,502.4757808341176,510.9792785644531,858400
2025-07-28,510.0311087818007,510.12002187276227,502.75229133528535,504.2337341308594,824700
2025-07-29,505.34980526639197,508.4312017397183,499.70056835194913,506.15966796875,1139100
2025-07-30,504.12515737803216,506.3769192957079,498.49566216374166,501.5869445800781,1121000
2025-07-31,505.6658513436534,520.0457215800359,505.6658513436534,517.8828125,1549300
2025-08-01,512.5792528962246,513.7347615012135,493.8143091485786,494.7821960449219,1623100
2025-08-04,495.29573969682065,505.8337199122509,487.1873173824687,504.24365234375,1087400
2025-08-05,504.6979632007051,505.7744747725742,497.7648211846171,502.28814697265625,1027900
2025-08-06,503.53252959600184,507.6707257165152,501.1029718346309,503.33502197265625,966700
2025-08-07,506.86085800315,507.69043220893116,495.42410278296046,500.37213134765625,958500
2025-08-08,502.4659321897052,509.8929184923335,501.0536003964983,504.0559997558594,883700
2025-08-11,506.1299878797923,508.9151077003146,496.1549633649255,500.70794677734375,1098000
2025-08-12,502.8905640383996,507.12746865070386,495.5623472235472,499.5918884277344,1285800
2025-08-13,500.7869535645416,508.1645705235919,494.3574817586415,507.186767578125,1853600
2025-08-14,478.9998724716517,479.3554043015282,464.67925772765386,472.91607666015625,5100700
2025-08-15,470.2593426183504,486.2984512623004,468.11620547689535,482.7528381347656,2674700
2025-08-18,480.3331830555587,486.1601858575357,474.0617353207052,485.0540466308594,1391600
2025-08-19,485.261406423245,493.02418247159505,481.02447151952725,483.3849182128906,1493700
2025-08-20,483.3355995054524,490.1502311626533,481.38008392798037,486.6243896484375,1438800
2025-08-21,485.1231714591334,487.15768392653507,478.6245585121637,480.73809814453125,844800
2025-08-22,484.2935281979583,492.92542234293444,483.246644331273,489.8538818359375,1133400
2025-08-25,490.1106568710181,490.2192815418503,481.62693143488065,481.86395263671875,729600
2025-08-26,481.9726456768999,484.31332065080215,474.0716168286043,481.7257385253906,1502800
2025-08-27,480.08626068961496,487.552730373129,479.45416392866673,486.9798889160156,912400
2025-08-28,488.87618509907094,488.87618509907094,483.5528521718866,485.3602294921875,1120400
2025-08-29,478.8220734885784,481.7553314426167,468.74825037732757,472.7185363769531,1535100
2025-09-02,467.069329362034,475.9283590828615,465.0249309326047,470.8815612792969,1600700
2025-09-03,469.3309429472217,471.9284107904938,460.98549999461346,463.7113342285156,1515400
2025-09-04,464.2644337594131,469.0248107910156,461.1830373847761,469.0248107910156,1486800
2025-09-05,469.45937507585774,472.47166038967646,464.4224631881874,467.4051208496094,1262400
2025-09-08,468.00754285374387,475.7801748309068,465.22242306933805,475.55303955078125,1271500
2025-09-09,473.9827494755912,477.39993612577234,463.98792233581423,469.7161865234375,1204300
2025-09-10,467.8001880715573,473.5580498160039,465.39037176416406,465.5187683105469,1347400
2025-09-11,465.6668917513699,472.69880266442533,465.2619604026082,470.5655212402344,1368700
2025-09-12,468.09641783578263,468.5013491569765,463.4940651885935,464.6891174316406,1764500
2025-09-15,466.41748112959976,467.1976860041227,457.10412074784057,463.3064270019531,1787700
2025-09-16,466.14094025811784,469.61738195127845,461.1040285561861,462.9015197753906,1659200
2025-09-17,465.74587256522403,469.37048271598644,458.5855653591411,463.3163146972656,1522500
2025-09-18,461.4694752427651,472.21487951009567,460.23493946094925,470.229736328125,1785000
2025-09-19,470.111227385879,471.8198357643953,463.05954450787453,463.8200378417969,2754900
2025-09-22,462.15090549090587,466.3582127531872,459.00036800934333,463.2274169921875,1678800
2025-09-23,465.5187599549604,469.02482952924424,462.4373634572171,465.8348083496094,997200
2025-09-24,465.4199694186458,471.3161132607019,462.50645304478667,463.1385498046875,976900
2025-09-25,463.5138515838933,464.91626728660833,458.26954624452054,460.92626953125,1343700
2025-09-26,461.2818134251838,465.1928142582567,457.58809209061684,458.2497863769531,1106200
2025-09-29,460.0670217998047,463.4348389742573,457.51895324947407,459.7312316894531,1055900
2025-09-30,458.8689827127127,459.51317717934177,449.6321311366019,453.1802062988281,1954800
2025-10-01,450.9403677363684,452.7540266766982,443.447822507449,447.6995544433594,2141700
2025-10-02,450.464638359117,458.21487345639866,449.30509435390485,457.69952392578125,1511900
2025-10-03,456.8868300775888,460.6132919927237,455.40021349382226,458.75006103515625,989400
2025-10-06,460.56373620186946,461.3169649760349,452.06030235076724,453.2297668457031,1150200
2025-10-07,455.65791739904205,461.8224222325309,454.4091497517649,457.3923034667969,1237600
2025-10-08,458.25453015860336,462.46661055266725,451.5251038368171,456.6390686035156,915300
2025-10-09,457.768899034106,458.4725557411299,450.9502795345017,452.14947509765625,992700
2025-10-10,452.79368061002555,456.51022212169136,437.9473554750781,442.3675537109375,1581100
2025-10-13,445.36060612114477,445.98498994631643,433.55686642446375,435.192138671875,1758500
2025-10-14,432.18915962382874,445.81647829886924,429.13665354854805,443.9532775878906,1258400
2025-10-15,445.4300073634359,448.3239375924025,442.3279290205529,444.458740234375,1019900
2025-10-16,446.33184848407205,453.65589696345916,441.5746573743392,453.0810852050781,1574500
2025-10-17,458.39327084358615,461.55481129124024,450.5538421979371,454.4091491699219,1136300
2025-10-20,453.5270427111003,459.7510395781325,451.8224181366633,458.31396484375,813800
2025-10-21,456.99584522551163,462.61526935676716,454.6569162612324,455.7173767089844,953900
2025-10-22,456.0245962168095,468.0067222241179,456.0245962168095,458.23468017578125,1293400
2025-10-23,461.4061442164837,465.7966112887373,456.5994111909129,465.2317199707031,1161800
2025-10-24,469.2257772258655,473.33874387778934,466.35162752773977,468.54193115234375,1187200
2025-10-27,476.27233240486476,478.69056459178415,469.9294407036389,473.83428955078125,1273100
2025-10-28,471.2078984825665,472.2485179560217,463.7054331315098,464.0126647949219,1064700
2025-10-29,467.63010866731423,473.62614703192605,464.84518268842567,469.265380859375,1134800
2025-10-30,467.9274715866802,475.5290211247656,461.0692001288019,461.25750732421875,1035000
2025-10-31,459.43389309392217,460.3952396652973,454.6271602370464,457.5111999511719,1116400
2025-11-03,455.69753005893693,459.6618409954924,450.4448301661178,457.8184509277344,957500
2025-11-04,453.20995850274466,465.4795060422949,451.93145972037996,464.1217041015625,1576900
2025-11-05,463.8243580639812,472.0404005675994,462.2386277138496,469.4635925292969,891600
2025-11-06,470.90070082107576,476.98590253238876,465.33081841072624,471.1385498046875,1258600
2025-11-07,459.7807756308702,467.04536179661693,453.56669915247335,463.6162414550781,1912500
2025-11-10,464.7163418424439,472.2980804326902,459.54291487875366,470.1573791503906,922900
2025-11-11,470.3258399248928,475.93534344405714,467.7986038394742,473.68560791015625,1179100
2025-11-12,474.72623927119366,480.603323032946,473.5072027580375,476.4903564453125,1068200
2025-11-13,477.02555543201544,478.4824409512565,468.67077716130126,469.1861267089844,1005300
2025-11-14,469.06718609292716,475.3704259217614,466.79760962838765,471.98095703125,1180100
2025-11-17,471.02949785550857,475.47945739228135,468.8887663474222,471.7331848144531,1318400
2025-11-18,467.2634225262093,472.86300569902636,465.8065370409716,469.6221923828125,1117500
2025-11-19,470.1276205630577,472.14942761417655,463.9829567440029,470.5339660644531,1202100
2025-11-20,473.73516074473065,479.8897450547617,469.4834287622519,472.0800476074219,1543200
2025-11-21,473.37834833209826,486.6587829352311,472.2584257363612,482.8926696777344,1835800
2025-11-24,484.2603642102942,489.8995985481604,479.78070404930895,482.8827819824219,2182900
2025-11-25,485.6875424583027,496.0542068856401,483.86396309264444,493.685546875,2188500
2025-11-26,472.87293809832187,483.4675618088713,465.22181655493216,465.6777038574219,5473600
2025-11-28,462.7441246332874,469.44382002848477,458.87892738424785,460.345703125,1682600
2025-12-01,459.58256463429984,470.26638131829475,457.2931775052504,463.9333801269531,1824400
2025-12-02,467.51118835499966,469.5428856049021,462.26837869069755,464.964111328125,1303600
2025-12-03,466.7976191577068,478.1454714667702,464.3793870337419,477.5210876464844,1157700
2025-12-04,476.6984688360966,479.1860836229533,470.970040752546,478.72027587890625,1379800
2025-12-05,477.09493854527744,481.10879138476076,469.4636276769073,470.8709411621094,1224900
2025-12-08,474.74605565931864,484.62710209371346,460.7718834998235,462.1891174316406,1896600
2025-12-09,460.7421414412259,465.1326085360116,457.679684632864,458.730224609375,1173700
2025-12-10,458.52213344211316,465.77683012295574,451.8422788167695,464.71636962890625,1677800
2025-12-11,467.66976927155275,476.45070353924564,465.93538322476854,471.69354248046875,1186500
2025-12-12,473.95317883005237,482.8233363417884,473.3387154953946,480.4744567871094,1852100
2025-12-15,480.47447197778735,484.62709009105356,480.47447197778735,483.6558532714844,1473200
2025-12-16,482.6548434521929,484.78565447381675,479.88972818016094,481.1087646484375,1632200
2025-12-17,480.62314303921005,486.0443392716999,475.41006465517995,476.7083740234375,1641500
2025-12-18,478.7301940127349,482.783698289219,465.5884936661516,470.81146240234375,1927500
2025-12-19,470.8610409190081,472.2485437077057,464.73618773692624,466.3714599609375,2990700
2025-12-22,467.29314697192274,468.5220736714679,463.47749168459944,464.5874938964844,1173200
2025-12-23,466.1930820269764,466.97601168073663,461.25750389405266,462.05035400390625,1083700
2025-12-24,461.87198585246915,464.2208353988574,460.25652419947295,463.2694091796875,343300
2025-12-26,463.556818567232,465.22182197028326,461.971088078248,464.74609375,503200
2025-12-29,465.30109474517917,467.5409401943977,461.6341251261247,466.0444030761719,981500
2025-12-30,465.68760806839276,468.9779933870244,464.1910710193451,465.7470703125,826700
2025-12-31,464.42435807068915,467.64657822385846,463.0121765136719,463.0121765136719,812100
2026-01-02,463.43981989659846,467.8952179323038,456.3987304074974,464.23541259765625,1175500
2026-01-05,459.7700594249365,465.3194198163143,456.4384583057285,463.53924560546875,1320200
2026-01-06,462.5447675216573,484.78190811615616,461.75909924826306,483.31005859375,1621000
2026-01-07,484.4636679984828,486.4128912628826,471.0875501422125,472.5892639160156,1286900
2026-01-08,471.3163175435366,501.11171011223735,470.1228981512334,498.0486145019531,1796900
2026-01-09,497.9491590477067,500.78347682626764,482.19615753047805,485.3984680175781,1725600
2026-01-12,483.6481845772197,494.2893809935198,481.6690969200025,488.04388427734375,1547500
2026-01-13,489.6251340742538,496.8452574708058,487.30794840823444,496.775634765625,849100
2026-01-14,500.46529598614575,513.2546597121316,498.4663290916298,509.2865295410156,1890900
2026-01-15,510.9772103597562,516.3276579114388,505.35825709318175,512.2103881835938,1203700
2026-01-16,513.4237108046497,513.9706770004072,507.1980931260701,511.5739440917969,1323300
2026-01-20,511.73301519466656,512.4291815485938,504.3040540116843,505.88531494140625,1377100
2026-01-21,509.8732926125729,527.2871026934471,508.3218656530455,526.6008911132812,1620600
2026-01-22,526.3522772221038,529.6838481811064,518.2967418662714,519.5100708007812,1159300
2026-01-23,515.4127350801059,518.7642157419878,503.6377866355782,511.603759765625,1590500
2026-01-26,512.8865852300916,515.8104351843316,509.7539278718659,513.7020874023438,750600
2026-01-27,514.487818811031,518.6249371663162,511.02689656880665,516.3375854492188,1043300
2026-01-28,517.083457593701,525.864962663495,516.2381517645995,522.1256103515625,1106700
2026-01-29,527.0882142055648,534.3083379460898,518.6746710476267,527.1578369140625,1493500
2026-01-30,522.0460413427755,527.0782394101843,515.850288220011,525.0991821289062,1517800
2026-02-02,524.3533362464314,531.7624187610515,519.5200512142824,529.3258666992188,1557900
2026-02-03,530.3303070013403,542.3240475604636,530.0717257158472,542.0057983398438,1605300
2026-02-04,544.9892980279294,568.419857391064,544.9892980279294,564.1434936523438,3209200
2026-02-05,560.7323621354083,571.7813097626126,558.1168063727357,562.6218872070312,1913100
2026-02-06,564.879460613791,580.851226033434,564.4319207321406,579.9064331054688,1440400
2026-02-09,576.8134993299545,584.5109663159365,571.1448028000215,582.4523315429688,1101800
2026-02-10,582.8898985946879,590.4978937942324,580.3837847441112,590.1497802734375,1609100
2026-02-11,589.2448340174291,610.9648728349596,587.2558219194799,609.3239135742188,1826300
2026-02-12,609.5028930175031,622.8093882769148,593.5013253209836,594.823974609375,2767800
2026-02-13,595.5698519902672,607.6034110788263,593.9189987287725,599.6075439453125,1565100
2026-02-17,589.7918212540962,603.7049516638375,589.7918212540962,597.5390625,1863200
2026-02-18,600.4926919684638,600.4926919684638,587.6734944940098,590.0106201171875,2558200
2026-02-19,630.128935991536,670.4860067172342,625.2657870534819,658.3629760742188,6653300
2026-02-20,660.6006210616758,663.2559351281768,642.8487129577901,658.8502807617188,2989900
2026-02-23,648.5969441986213,666.1201358299901,640.8994771335155,643.2863159179688,2074700
2026-02-24,639.7657235891805,644.2509555429357,631.2726638569027,640.9989013671875,1399200
2026-02-25,641.7249338097099,643.3757871332133,620.0645630566042,620.1838989257812,2100500
2026-02-26,621.5265461755026,623.5553167416691,611.223416979125,616.0567626953125,1421700
2026-02-27,611.6212213835016,628.0405259979815,610.1195075344731,626.2504272460938,2015300
2026-03-02,622.3220746444466,632.9533460479706,616.3848423523865,627.4139404296875,996900
2026-03-03,616.5937370013701,620.1242212587505,605.8630388174305,615.8179931640625,1071400
2026-03-04,615.8279314431696,619.2987476739423,609.5824653221406,610.6664428710938,1073200
2026-03-05,604.271788040364,607.0066795944413,583.0788671893075,587.4447631835938,1642100
2026-03-06,582.0246441313478,586.6093019272365,574.4564685281834,586.52978515625,1412700
2026-03-09,583.2479290889828,597.5191272060314,575.1427412697341,596.1864624023438,1499500
2026-03-10,593.799654265541,599.7169770535841,588.1806711349142,589.4635620117188,1092800
2026-03-11,587.5144188240528,594.714633098083,582.0843938003476,590.7763671875,998400
2026-03-12,588.2105236700318,590.4083430188385,579.1107697521953,582.6114501953125,1622500
2026-03-13,581.7860044008726,586.4303303802233,568.4595998491947,574.3272094726562,1381700
2026-03-16,578.7726300994451,579.7373324873822,567.5943923247681,569.3347778320312,1150900
2026-03-17,573.2034346555878,573.6807781252095,559.101346458758,571.1050415039062,1462300
2026-03-18,570.5978556728426,575.232227234956,566.0032425014505,567.8828735351562,1226400
2026-03-19,560.0958350608205,566.8783732465488,554.8746785748702,564.4617309570312,1449100
2026-03-20,565.4463062905023,570.5580819026492,548.251318715594,556.6548461914062,2726900
2026-03-23,567.1170768427461,568.7977945006636,560.9312783277022,565.90380859375,1244200
2026-03-24,557.470313648858,581.2887439542723,556.9233475010992,579.81689453125,1144900
2026-03-25,585.3463594251597,587.4447525206035,573.9393440227508,574.8145141601562,930100
2026-03-26,570.8066892404261,584.620331536366,570.8066892404261,577.9969482421875,1516500
2026-03-27,577.5295178290727,578.7229372158326,560.9511191549842,563.5269165039062,1455800
2026-03-30,569.1558098997568,570.140361193933,551.9906254745114,552.4481201171875,1262900
2026-03-31,558.5522933042167,565.055457342731,548.2589651651833,561.84375,1445400
2026-04-01,563.9781980553864,577.8721782023357,562.6915549451517,569.224609375,1573400
2026-04-02,559.2504742354741,579.1887857659701,555.0114614590251,574.2216796875,1248600
2026-04-06,570.9102395021145,573.7229563833764,565.1950116266571,573.603271484375,1055700
2026-04-07,571.8278770435718,574.6405940872695,567.8382178401484,574.5109252929688,876100
2026-04-08,590.7088903316335,608.1038056690242,588.4746910753865,607.7447509765625,1449900
2026-04-09,606.1189996413043,617.3498999814,605.8796298307122,616.40234375,1205800
2026-04-10,616.8511534118333,617.6390891345573,599.5060966052915,603.4359130859375,1263800
2026-04-13,602.8973297799473,606.3583296728788,597.3017868762888,601.48095703125,1178300
2026-04-14,597.9102868572239,600.8825634254528,592.1452001987923,594.4990844726562,868100
2026-04-15,589.2527520490936,592.3247458393624,570.6209897826959,575.1492919921875,1553900
2026-04-16,571.359115020964,584.0163111396373,563.3598289253679,582.6797485351562,1443900
2026-04-17,584.4850410327703,592.165146750824,580.5253337131203,588.9335327148438,1238700
2026-04-20,588.454730333834,594.1001318680387,586.0310198147009,592.9830322265625,919900
2026-04-21,591.0280886318961,597.1122943260232,585.0934586255728,585.7816772460938,632000
2026-04-22,587.9660411937066,591.5666940140904,578.3110732270744,578.4906005859375,796500
2026-04-23,582.8592568286966,593.4318289046857,578.5005592096682,590.419677734375,919200
2026-04-24,583.85670509263,586.6594382862753,560.1681032482975,561.1854858398438,1102600
2026-04-27,565.1651548529925,576.49577240769,562.7015086326581,566.222412109375,1035200
2026-04-28,572.9649320112178,572.9749158993872,558.3129064716107,562.4022827148438,894800
2026-04-29,556.8267896942253,562.4023044332016,556.3180983968776,558.572265625,872400
2026-04-30,561.0059203185508,592.8732727722365,561.0059203185508,588.3450317382812,1562300
2026-05-01,586.7790759090218,588.5445194691758,574.2116746100191,575.7676391601562,802600
2026-05-04,575.2090810440297,580.4654152204022,571.5186344055544,576.8947143554688,799100
2026-05-05,580.8744430332813,589.2427679158171,574.3014526367188,574.3014526367188,906100
2026-05-06,578.4506928426878,592.0155090074313,578.4506928426878,590.1104736328125,983200
2026-05-07,590.5991870039006,592.2748364395094,576.5855222689337,579.0391235351562,828800
2026-05-08,578.2811743533323,581.4728529694263,570.8204703509257,573.3539428710938,896900
2026-05-11,574.2216738657546,587.6468375848361,572.2467512427285,587.2179565429688,907400
2026-05-12,589.8411659690967,592.4444039007452,578.6601245136869,587.6668090820312,1264800
2026-05-13,586.8190479993449,589.4821284596129,578.6601413941088,579.14892578125,961500
2026-05-14,578.6800746711405,585.6320870426232,572.5160589032154,573.1544189453125,1056300
2026-05-15,570.5611294294514,571.1396470481166,554.1237533186933,560.3775634765625,971200
2026-05-18,562.6516171751592,566.5315751436649,555.968926208379,563.0306396484375,848400
2026-05-19,561.1156246875781,562.133007216009,552.6176315144859,556.6272583007812,1027900
2026-05-20,554.562616572668,566.1326036466187,548.8374654872786,559.0111083984375,1441200
2026-05-21,545.765411353291,546.5832987771832,513.8182476448627,529.976318359375,3212500
2026-05-22,530.1459115629007,531.4026638981458,520.1517962086806,527.7820434570312,1763900
2026-05-26,528.6298050247881,530.3752807960963,522.4558054328945,527.7520751953125,1419100
2026-05-27,526.0864362376137,532.3901049327408,524.6701243001155,528.0214233398438,1332700
2026-05-28,526.0465032758678,538.314753793733,521.1292557069455,537.6065673828125,1880200
2026-05-29,534.8836259427969,545.5658989234178,533.6168897331409,540.7783203125,2271300
2026-06-01,536.8285716804094,543.1621922723148,527.083870349496,541.0277099609375,2214300
2026-06-02,560.5470977506609,579.2386407004021,551.2212940518409,577.7525024414062,2045600
2026-06-03,576.3461685213632,592.254885153609,574.1218922222389,586.7691040039062,1840000
2026-06-04,592.6140347428598,602.9472375818582,585.8515330981644,590.22021484375,1769000
2026-06-05,589.1330073978922,596.2745315592372,577.7225794877962,581.9317016601562,1751600
2026-06-08,584.2855710637436,591.077963339914,564.2275742729109,572.1769409179688,1476300
2026-06-09,576.1366756225698,581.2733858353555,566.7110942443028,575.8374633789062,1037300
2026-06-10,575.9671364955325,575.9671364955325,558.4924108057986,558.6021118164062,1112100
2026-06-11,560.2677681701451,570.2419153856845,555.1809774411654,567.169921875,1266000
2026-06-12,568.067584856569,577.0343947548097,565.7835269544821,575.987060546875,854100
2026-06-15,582.400421721145,591.8160194259007,573.2441615925845,573.9822387695312,1541300
2026-06-16,576.6453765527389,588.9634243296267,575.5282769060719,583.77685546875,747800
2026-06-17,583.7669746026197,596.9328015141667,581.69233473302,586.9486694335938,1517200
2026-06-18,593.970484951553,596.6635170310922,586.3203306401106,587.7166748046875,1436100
2026-06-22,587.9760143440105,602.3288276762246,585.8913906623303,597.0425415039062,934200
2026-06-23,588.5345842784114,599.8253273081931,581.8718606084624,590.4097290039062,1384000
2026-06-24,591.157739120439,611.3952620886685,590.4695205212234,599.1968994140625,1239400
2026-06-25,604.8921673989053,630.2962917005967,602.4484891012916,629.1293334960938,1262300
2026-06-26,621.1599936918002,628.4211413028065,610.577377091848,611.6546020507812,2319500
2026-06-29,612.5223576128116,626.5559904529066,607.0465603747881,625.010009765625,1207600
2026-06-30,626.1699829101562,636.2899780273438,617.5800170898438,634.3300170898438,1758400
2026-07-01,629.3200073242188,633.7999877929688,619.2999877929688,627.6300048828125,1636900
2026-07-02,638.0399780273438,638.989990234375,615.1199951171875,621.27001953125,1288800
2026-07-06,619.1500244140625,637.7000122070312,617.6799926757812,635.239990234375,1081700
2026-07-07,630.3400268554688,634.9400024414062,592.5,603.6099853515625,1433100
2026-07-08,599.97998046875,601.5,590.77001953125,596.739990234375,1001100
2026-07-09,602.8499755859375,606.0,591.3699951171875,592.9000244140625,840800
2026-07-10,596.219970703125,599.4400024414062,586.6799926757812,586.8599853515625,782100
2026-07-13,585.7899780273438,587.8300170898438,582.010009765625,585.6400146484375,996000
2026-07-14,594.8300170898438,601.0,579.6199951171875,584.4000244140625,951000
2026-07-15,583.9199829101562,590.1799926757812,576.4500122070312,589.47998046875,1013700
2026-07-16,585.0,599.75,583.9000244140625,598.969970703125,807800
2026-07-17,596.0499877929688,614.9199829101562,595.739990234375,597.239990234375,938800
2026-07-20,597.47998046875,599.760009765625,582.5,586.0,1105900
2026-07-21,592.0,596.0,580.02001953125,586.8800048828125,950700
2026-07-22,589.9000244140625,609.3699951171875,589.9000244140625,607.3300170898438,990100
2026-07-23,610.0,615.9500122070312,606.739990234375,610.02001953125,1695300
2026-07-24,612.2100219726562,629.3400268554688,611.2899780273438,628.1599731445312,960300
2026-07-27,627.7100219726562,628.030029296875,612.3800048828125,625.02001953125,876500
2026-07-28,630.219970703125,643.989990234375,628.0,639.8400268554688,1360000
2026-07-29,631.4299926757812,634.010009765625,608.2100219726562,610.9500122070312,1346500
2026-07-30,600.6699829101562,604.77001953125,590.0599975585938,599.469970703125,1368800
2026-07-31,600.0599975585938,602.989990234375,590.6300048828125,592.6699829101562,1123900
2026-08-03,602.9099731445312,616.22998046875,600.5499877929688,605.0599975585938,1053200
2026-08-04,610.6599731445312,622.0,597.22998046875,617.3699951171875,966300
2026-08-05,619.0,624.72998046875,611.6199951171875,612.0,814700
2026-08-06,614.5700073242188,618.1400146484375,611.1900024414062,614.8400268554688,817900
2026-08-07,612.3499755859375,627.8800048828125,611.2100219726562,620.8300170898438,942000
2026-08-10,621.1199951171875,623.5499877929688,603.1099853515625,609.280029296875,1022900
2026-08-11,608.469970703125,621.2999877929688,606.3200073242188,617.9500122070312,674700
2026-08-12,618.97998046875,623.280029296875,610.989990234375,619.77001953125,859000
2026-08-13,619.5499877929688,622.010009765625,611.1099853515625,612.3800048828125,517500
2026-08-14,608.8300170898438,616.0,607.0,608.8499755859375,802300
2026-08-17,606.3699951171875,610.6400146484375,599.47998046875,599.9199829101562,1245700
2026-08-18,603.9299926757812,604.0399780273438,588.0,588.719970703125,1218300
2026-08-19,589.5800170898438,596.0599975585938,579.3099975585938,580.6300048828125,1596700
2026-08-20,611.1199951171875,639.0,586.47998046875,620.9400024414062,3200600
2026-08-21,623.260009765625,654.280029296875,607.9000244140625,647.469970703125,2392500
2026-08-24,653.0399780273438,660.7000122070312,645.77001953125,648.6400146484375,1228900
2026-08-25,652.0700073242188,653.1799926757812,627.1400146484375,630.6599731445312,1206900
2026-08-26,632.1500244140625,639.6500244140625,630.4099731445312,634.5399780273438,830700
2026-08-27,628.8200073242188,629.3499755859375,617.8099975585938,622.6599731445312,807500
2026-08-28,626.5,632.02001953125,617.2100219726562,630.3300170898438,630600
2026-08-31,648.0,657.1699829101562,641.1300048828125,654.9099731445312,1786500
2026-09-01,655.3400268554688,677.8900146484375,654.0499877929688,676.0800170898438,2309600
2026-09-02,678.0599975585938,700.6400146484375,677.6599731445312,698.3699951171875,2027900
2026-09-03,703.25,705.8800048828125,685.47998046875,694.4099731445312,1692900
2026-09-04,692.030029296875,702.4500122070312,690.8300170898438,693.530029296875,1053800
2026-09-08,687.2100219726562,690.5800170898438,680.260009765625,680.72998046875,883500
2026-09-09,681.3200073242188,688.5900268554688,672.6199951171875,677.2100219726562,1035800
2026-09-10,675.030029296875,682.0,671.4000244140625,677.9400024414062,1175900
2026-09-11,685.9199829101562,692.6900024414062,675.4299926757812,675.739990234375,1322300
2026-09-14,673.0800170898438,687.969970703125,668.0,681.4600219726562,1029700
2026-09-15,681.4000244140625,689.3699951171875,680.5900268554688,684.0399780273438,1526500
2026-09-16,681.72998046875,684.530029296875,665.4500122070312,669.469970703125,871600
