Date,Open,High,Low,Close,Volume
2010-01-04,52.66232536676646,54.115557405969305,52.42011910884629,53.45814514160156,13997032
2010-01-05,53.492759942934,54.219378948360514,53.458162185525076,53.73496627807617,13469263
2010-01-06,53.73494914589995,54.04635640489471,53.42354188690518,53.45814514160156,11573422
2010-01-07,53.56192055572808,57.021996643726276,53.388920882564996,56.22617721557617,38701038
2010-01-08,56.43384184209638,57.748667107554866,56.295434254076476,57.437259674072266,24019636
2010-01-11,58.233028016235764,58.406027707576655,57.229605569866685,57.990821838378906,15999249
2010-01-12,57.368011174790865,58.267629456916794,57.33341343764886,58.025428771972656,13484329
2010-01-13,57.99083742768668,58.54445091042441,57.33342520390412,58.2330436706543,13634482
2010-01-14,58.09464854857651,58.37145256852729,57.71404026698496,57.783241271972656,11969170
2010-01-15,57.714042632727825,57.95624340595351,56.5722177411489,56.88362503051758,15463551
2010-01-19,56.572236048848296,57.95626216154636,56.537632779578615,57.22964859008789,12665246
2010-01-20,57.09122848510743,57.714043068547895,56.50301715999976,57.09122848510742,13457787
2010-01-21,56.98740063678687,57.022003880800696,55.18816414766317,55.43037033081055,20689097
2010-01-22,57.264235461065695,57.990848824449834,55.67259569685492,55.74180221557617,33944669
2010-01-25,56.95280656644495,57.195007256863356,56.122389248150476,56.64139938354492,15683126
2010-01-26,56.50301121816857,57.78323800043548,56.26080496026549,56.57221221923828,16279190
2010-01-27,56.36460481347487,56.710615333929645,55.46498627360168,56.399208068847656,16035807
2010-01-28,56.849016706734254,56.91821770839217,55.39578465528149,55.914794921875,16512683
2010-01-29,56.12241309155262,57.09123278977621,55.60339722733937,55.63800048828125,16934723
2010-02-01,56.05317754241308,56.5375843389118,55.70716717945538,56.22617721557617,11881324
2010-02-02,56.29540061242933,58.648251086227035,56.191601868845204,58.30224609375,24152512
2010-02-03,58.09462024213743,58.925037405689814,57.50640372387116,57.714012145996094,14768727
2010-02-04,57.02203279915837,57.0912338139644,55.39579518041843,55.49959945678711,22973529
2010-02-05,55.499615155864355,56.01862566788082,52.76615501869962,54.63459396362305,29943678
2010-02-08,54.77296027874509,54.80756352750825,53.527336964663775,53.97714614868164,14707965
2010-02-09,54.53075957067178,54.98056875468965,53.38893498624554,53.97714614868164,20361309
2010-02-10,53.87334747351549,54.91137343547023,53.63114123211545,54.28855895996094,14267709
2010-02-11,54.04634325759045,54.63455437779546,53.561930859588195,54.56535339355469,13958805
2010-02-12,53.94256310202873,54.49617673135354,53.11214541220114,53.804161071777344,15963297
2010-02-16,54.32317118844602,55.77640351601124,54.253970173639985,55.49959945678711,14490497
2010-02-17,56.018612913715465,56.122417195813206,55.56880353849118,55.880210876464844,12635303
2010-02-18,55.70718074736916,56.36459288546452,55.63797975958634,56.191593170166016,9876707
2010-02-19,55.84560139961753,56.22620971387006,55.36119432313544,55.949405670166016,13605102
2010-02-22,56.15697624464779,56.5375843389118,55.914770092240545,56.22617721557617,9387290
2010-02-23,56.01860424888394,56.46841355453273,54.87677935570193,55.18818664550781,13223146
2010-02-24,55.29199443347007,55.84560253210473,54.94598386350435,55.77640151977539,11820833
2010-02-25,54.87118537006041,55.5327016284339,54.69710010212357,55.42824935913086,13221769
2010-02-26,55.706750554442365,56.229000474843225,55.53266540007507,55.9156494140625,12637494
2010-03-01,56.05494367282118,56.229028915240036,55.11489001500398,55.35860824584961,13103625
2010-03-02,55.42824123427638,55.532693488268464,55.11489001500398,55.35860824584961,10973039
2010-03-03,55.63712337320387,56.71643703122978,55.532671161207084,55.81120300292969,17489514
2010-03-04,55.950480704378556,56.26383186364458,55.60231582891785,56.089752197265625,9834703
2010-03-05,56.36826954549135,56.994971702232746,56.229003631260234,56.92533874511719,13601409
2010-03-08,56.994994349684326,57.34315927360846,56.54237717723118,56.64682388305664,11200334
2010-03-09,56.75126853812093,57.86540168830784,56.57718332810013,57.412784576416016,17462012
2010-03-10,57.41279270437154,57.83059615902952,57.169074484379685,57.482425689697266,14156346
2010-03-11,57.41279300005481,57.62169749981149,56.82090985038604,57.37797927856445,13543317
2010-03-12,57.76094769001285,59.39733072056581,57.44759656869375,59.32769775390625,23552817
2010-03-15,59.25807047765639,60.40702285192352,58.97953858427138,60.198123931884766,24611923
2010-03-16,60.89447346241228,63.22719247231826,60.75520194041603,62.913841247558594,47694123
2010-03-17,63.78422912853907,64.0627609438773,62.565644122382736,62.809356689453125,33490224
2010-03-18,62.983460292935845,63.575348887942454,62.35675798216574,63.33163070678711,18469808
2010-03-19,62.913841247558594,63.85389492183757,62.42641032003553,62.913841247558594,23953698
2010-03-22,62.182692084922024,63.12274021649706,61.97378757327962,62.913841247558594,13550662
2010-03-23,63.22716689132987,64.23685314674749,63.1923476392423,63.81904983520508,22447889
2010-03-24,63.92348067184669,65.94284696467548,63.61012967865432,64.23683166503906,25924408
2010-03-25,65.14208745414962,65.31617262989374,63.57533750055766,63.714603424072266,20379692
2010-03-26,63.78423742894963,64.86355666789152,63.296801145975294,63.8538703918457,17607011
2010-03-29,64.48058569250513,64.61985164657331,63.540532188490516,64.06278228759766,17510255
2010-03-30,64.30648637036022,64.34130007988801,63.54051824832814,63.714603424072266,11094292
2010-03-31,63.401255258479324,63.92350526717522,63.12271785586006,63.36643600463867,12356239
2010-04-01,63.610150950784714,64.06276797171301,63.296799852803325,63.81904983520508,9489535
2010-04-05,64.13242716087254,64.93321485936104,63.81907593474259,64.51541137695312,11659912
2010-04-06,64.2368670311817,64.93320233912685,64.09760107813325,64.75911712646484,11289975
2010-04-07,64.65466234391602,65.28136465065441,64.02796003717764,64.41094970703125,12616586
2010-04-08,64.02795399396284,64.93319365309074,63.54052322349629,64.61984252929688,12643441
2010-04-09,64.72427285503832,65.00281019620117,64.0627570623405,64.48056030273438,11395600
2010-04-12,64.61983984006172,66.08214317601009,64.55020687575006,65.14208984375,14961176
2010-04-13,65.281371555013,66.60440928220005,65.17692485464511,65.97770690917969,19319000
2010-04-14,66.88291746105935,67.54443331844047,66.18658235411546,67.37035369873047,17101736
2010-04-15,67.71852346734795,68.55412454867037,67.43999162114105,67.89260864257812,21517631
2010-04-16,67.68372150079912,67.71853521626419,64.93319964284456,66.04733276367188,35968107
2010-04-19,64.89839362169724,66.04734623503875,64.89839362169724,65.9428939819336,16308236
2010-04-20,66.29109862801043,66.8481683604932,66.08219955684439,66.1518325805664,12032812
2010-04-21,66.4999514000289,66.77848330099518,65.76880238864106,66.25623321533203,12187327
2010-04-22,65.838440946887,66.18660585261873,64.79394068698859,65.97770690917969,15241639
2010-04-23,65.66435322422795,66.49995450889382,65.45545428873726,66.3955078125,12055974
2010-04-26,66.81327457018361,67.43997662751904,66.4999235415159,67.19625854492188,13711791
2010-04-27,66.9873837637079,67.85779867352977,64.72429280422558,65.1072769165039,22875437
2010-04-28,65.00283963042762,66.46514331990736,64.93320664928127,65.97770690917969,17737613
2010-04-29,66.29106052681524,67.8578109741211,66.2562412636135,67.8578109741211,14620201
2010-04-30,67.75335837432746,68.58895964872097,65.42063422389762,65.66435241699219,23397927
2010-05-03,66.0473431338593,67.33556166238495,66.01252941292809,67.0570297241211,12552631
2010-05-04,66.36067049847001,66.3954897495974,63.88868103487443,64.68946838378906,19640048
2010-05-05,63.43610091777088,64.37615473248147,62.42641964571667,63.01830291748047,22326760
2010-05-06,62.67010093981246,63.192350949572266,52.74733412627019,60.26774978637695,38002124
2010-05-07,60.96407987033836,61.590776503899804,57.51722344359355,58.77062225341797,34526461
2010-05-10,62.809356689453125,63.95830874177491,62.252293058776694,62.809356689453125,28831112
2010-05-11,62.14787385157772,63.85389598302058,62.043427136724674,62.67012405395508,17424077
2010-05-12,62.98346382397951,64.41095373247477,62.913830845845965,64.2020492553711,14169721
2010-05-13,64.09758930817297,64.16722227191079,62.53083376731711,62.84418487548828,13419602
2010-05-14,62.56561565304764,62.80932810922115,60.61587720476953,61.416664123535156,17468293
2010-05-17,61.31226118080643,61.695245331376725,59.501792666366136,61.13817596435547,16433079
2010-05-18,61.69524137485207,62.217491448009945,59.36252290335949,59.989219665527344,16587071
2010-05-19,59.432153893132046,60.51147326155936,58.31801526772855,60.09366989135742,28157488
2010-05-20,58.52693192100253,58.596564906763724,56.57719169157813,56.61201095581055,32225001
2010-05-21,54.66227088922528,57.203894276543174,54.488191195655524,57.16907501220703,30542976
2010-05-24,56.82090037531761,57.06461855592386,55.60231501498911,55.741580963134766,15468058
2010-05-25,53.965917367085005,55.60230584466855,53.095502563378226,55.53267288208008,25505372
2010-05-26,56.92535260777821,57.41278342628798,55.60231501498911,55.741580963134766,17377275
2010-05-27,57.16908125466618,58.07432125651152,56.19421380195304,58.00468826293945,14631031
2010-05-28,58.0046578944604,58.10910455878306,56.263817338467334,56.92533874511719,14686326
2010-06-01,56.54236488542109,57.482412747009924,55.46304554183543,55.63713073730469,15259041
2010-06-02,56.263817338467334,57.064604659348305,55.53266851740327,56.92533874511719,13114183
2010-06-03,57.1342516601796,57.37796984134117,56.5075493493935,57.27351760864258,10816417
2010-06-04,55.98528137150825,55.98528137150825,54.174813534932866,54.69706344604492,23875137
2010-06-07,54.76670948699807,54.836342455608225,53.513304966610605,53.6525764465332,15277424
2010-06-08,53.826660665615975,54.14001182231068,52.39917637388669,53.89629364013672,18649508
2010-06-09,54.24447154967117,54.66226945451712,52.9910667497263,53.339237213134766,13949812
2010-06-10,54.27925836087843,55.25413074095613,54.03554580855977,54.59260940551758,16404158
2010-06-11,54.070375349309415,54.34891277207309,53.51330604648445,54.174827575683594,14784064
2010-06-14,54.90596884911587,55.288952901959775,53.44366559801174,53.58293151855469,15802898
2010-06-15,54.0355647201621,55.184511562351396,53.478495385537975,54.97561264038086,16502751
2010-06-16,54.69706335558335,56.0200949834922,54.38371230089417,55.18449401855469,18080111
2010-06-17,55.60497462920579,55.815199910738905,54.83414301902278,55.74512481689453,11902315
2010-06-18,56.06046732360284,56.235652274877005,55.56993607308697,55.885276794433594,12379671
2010-06-21,56.79625103204716,57.63715765063978,56.16556967362911,56.41083526611328,14861227
2010-06-22,56.37579309944827,56.65609901512145,55.25458617043806,55.32466125488281,13559426
2010-06-23,55.21954822623869,55.67503903775562,53.85307021379407,53.92314529418945,20360016
2010-06-24,53.888126261572026,54.13339190344436,52.55668818990471,52.83699417114258,20093951
2010-06-25,52.97714133533388,53.082251191613004,51.92600930517179,52.2413444519043,28008629
2010-06-28,52.41653239994058,53.29247943384128,52.24134187758146,52.55668258666992,12612768
2010-06-29,51.68073655149986,51.820886725811214,49.998923303974834,50.73471450805664,23976297
2010-06-30,50.69967146131148,51.47050295665165,50.27922096088634,50.52448654174805,17020191
2010-07-01,50.20912793100201,50.5595032227867,48.59739043300824,49.473331451416016,22343057
2010-07-02,49.61350479616216,49.96388021259387,48.176951644056984,48.632442474365234,16389280
2010-07-06,49.43830403883254,50.13906030415874,48.3871724297897,48.94777297973633,16099261
2010-07-07,49.01785797949025,51.365392780627154,48.91274814402648,51.225242614746094,19136692
2010-07-08,52.10119068083861,53.152328216721486,51.050058722850515,51.96104049682617,18451383
2010-07-09,52.38149261474609,52.52164278802413,51.68073617046156,52.381492614746094,9618112
2010-07-12,52.206310582602505,52.52165131260698,51.78585441663146,52.31142044067383,8010705
2010-07-13,53.32751522716525,53.783006131828415,53.11728994298878,53.29248046875,12073355
2010-07-14,53.46764478925502,53.6078005025301,52.76689411234377,53.25741958618164,9541116
2010-07-15,53.11728792833995,53.537738480745894,52.13623106149796,53.4326286315918,16552955
2010-07-16,52.55665864454858,52.7668894067671,50.804770952712346,50.97996139526367,26169356
2010-07-19,51.29531769768663,51.645693112389274,50.699671125851054,51.225242614746094,10239675
2010-07-20,50.31425119486618,52.59170489321601,50.31425119486618,52.346439361572266,14038660
2010-07-21,52.94207555914879,53.25741613225434,51.29530320836699,51.99605941772461,13567606
2010-07-22,52.836989564086835,53.57278084765195,52.45157375414916,53.29248046875,13417118
2010-07-23,53.292483921174714,55.53489825344968,52.66180244989316,55.04437255859375,23523583
2010-07-26,55.74512093166059,56.62106233261274,55.00932413073469,56.550987243652344,16891259
2010-07-27,57.11159150320596,58.05761353738679,56.41083506061582,56.69113540649414,14594265
2010-07-28,56.410824321868326,56.69112461438679,55.88525848444959,56.235633850097656,10950399
2010-07-29,56.58604049682617,56.90138125809392,55.85024352790283,56.58604049682617,14561213
2010-07-30,55.7801736353906,56.90138657531479,55.74513886858465,56.48093032836914,12546935
2010-08-02,57.18165720693482,57.70722305816556,57.14662245839593,57.49699783325195,14066329
2010-08-03,57.426921276535,57.88241204104183,57.3218058778437,57.46195602416992,11495800
2010-08-04,57.49699444236666,57.84736979655929,57.35684430068961,57.74225997924805,9624330
2010-08-05,57.28677859770508,57.95249466847923,57.0064726906207,57.88241958618164,9723007
2010-08-06,57.18164388188549,57.63713455200195,56.375772340668924,57.63713455200195,12301507
2010-08-09,57.532041651528814,57.67219740145973,57.11159113541894,57.39189147949219,8329540
2010-08-10,56.726187508252906,57.25175355476662,55.920321057703994,56.9364128112793,11108418
2010-08-11,55.9904087997102,56.165593802836106,54.4487450736631,55.00934600830078,16101202
2010-08-12,54.028251514422955,54.939232982514014,53.747951240515825,54.30855178833008,12153169
2010-08-13,53.74796475700083,54.37864610978789,53.74796475700083,53.88811492919922,8690943
2010-08-16,53.57276273278167,54.27351902098073,53.0822316576744,54.16840362548828,11774718
2010-08-17,54.869175179000095,55.14947554110566,54.30856887689432,54.58887481689453,12709232
2010-08-18,54.58889530732252,55.14949624196019,54.34362960947016,55.00934600830078,8826991
2010-08-19,54.51880092548266,54.79910129375329,52.73187213302044,53.4326286315918,17180569
2010-08-20,53.18734713350503,53.18734713350503,52.17125023518695,52.661781311035156,13647106
2010-08-23,53.32749641150012,53.502686875448475,52.031099249646964,52.17124938964844,11597648
2010-08-24,51.64569750208841,51.680737835483995,50.48945016845172,51.05005645751953,18709916
2010-08-25,50.664640679640634,51.43547223539842,49.92884945727844,51.05005645751953,16021722
2010-08-26,51.36540063870545,51.890966630109574,50.59456903054077,50.80479431152344,12161933
2010-08-27,51.19019598533242,51.7157618316621,50.34928951562627,51.54057693481445,9697153
2010-08-30,51.40043244683883,51.57562295988473,50.839831729723265,50.8748664855957,7633548
2010-08-31,50.31426398512258,51.08508994383503,50.13907347828619,50.73471450805664,12357950
2010-09-01,51.61065999619138,52.907057438534764,51.15516915368949,52.59171676635742,16284553
2010-09-02,52.90704853447946,53.25742390132398,52.34644236963494,53.08223342895508,11358229
2010-09-03,53.92314529418945,54.518791844391,53.25742924148637,53.92314529418945,13425548
2010-09-07,53.537744151090784,54.30857582337092,53.29248409182513,54.098350524902344,11552744
2010-09-08,53.92317333059516,55.32468682298284,53.67791321063955,55.00934600830078,15664242
2010-09-09,55.74512481689453,56.06046552814166,55.4297841056474,55.74512481689453,12625350
2010-09-10,55.920296633699074,56.340747056114004,55.39472523884084,55.99037170410156,9731541
2010-09-13,56.726187508252906,57.146643692201174,56.23565622329584,56.9364128112793,11749867
2010-09-14,56.6911306836591,57.04151166471173,56.44587069039489,56.621055603027344,10049083
2010-09-15,56.305706248707644,57.70721880051465,55.95533089970239,57.25172805786133,14305038
2010-09-16,57.1105502884361,57.569416591289524,56.86347578118704,57.28703689575195,9822142
2010-09-17,57.56943567899693,57.95769735316623,56.757601511501214,57.498836517333984,15128127
2010-09-20,57.4282365885894,58.59303833905525,57.287049519289695,58.41655731201172,9617507
2010-09-21,58.3106575012207,58.94600485923734,57.95768424936188,58.3106575012207,11300200
2010-09-22,58.2753719345838,58.84012590179696,57.8871046357178,58.24007797241211,9898909
2010-09-23,57.428228702753074,57.85179547165173,56.6516943090734,56.96936798095703,11096608
2010-09-24,57.640008116804225,58.80480957031249,57.53411503224501,58.8048095703125,17742517
2010-09-27,58.76953079286805,58.76953079286805,57.88710309380007,57.99299621582031,8465004
2010-09-28,57.99297496867135,58.31064859918178,56.9693605613778,58.02827453613281,11242067
2010-09-29,57.675282819160536,58.09884939689136,57.32231535368391,57.74587631225586,9206985
2010-09-30,58.09887207897268,58.910700376090055,57.00466408007273,57.35763168334961,12311585
2010-10-01,57.887063298446506,58.34592381314555,57.392908846779235,57.74587631225586,10106214
2010-10-04,57.56944586478624,57.78122652975708,56.475237333691176,56.82820510864258,9563943
2010-10-05,57.35764611817835,58.52244793087184,57.14586550291476,58.275367736816406,13064730
2010-10-06,58.20474703776886,60.00489547539549,58.09885958912957,59.65192794799805,15441016
2010-10-07,60.00490226174179,60.42846896168252,59.47544810118627,60.18138885498047,12227265
2010-10-08,60.463764559687334,61.02851830197437,60.11079698273335,60.428470611572266,10756197
2010-10-11,60.852038703191816,60.92263222670237,59.722536707861714,59.86372375488281,10907873
2010-10-12,59.89902175263684,61.063823397973565,59.793134269800035,60.67555618286133,13515774
2010-10-13,61.06379952484956,61.73444621004536,60.640238520771724,60.99320602416992,12688095
2010-10-14,61.38148459161893,61.38148459161893,59.899009561181735,60.56965637207031,12078614
2010-10-15,59.22839795912191,59.263697543292494,57.00468711211196,57.534141540527344,42809302
2010-10-18,57.56941786447682,57.675305335879344,56.828177468853745,57.35763168334961,14082417
2010-10-19,56.828167852918796,57.392921541760515,56.404606800657604,56.72227478027344,15474923
2010-10-20,57.14587094542811,57.18117052758185,56.05166256694454,56.651710510253906,14534274
2010-10-21,56.79290552156553,57.78122652975708,56.54583088868146,56.82820510864258,12397595
2010-10-22,56.863483089960965,57.18115677629635,56.51050982996091,56.68699645996094,6535046
2010-10-25,57.39293736079937,57.6047179453024,56.68699645996094,56.68699645996094,11184664
2010-10-26,56.686991344868716,57.604712747400534,56.58109825259152,57.03995895385742,10306384
2010-10-27,56.687008206475795,56.969382377659244,56.43992799710886,56.863494873046875,10563101
2010-10-28,57.25174772694928,57.5341218269073,56.58110081080685,56.75758743286133,9236094
2010-10-29,56.72227258133039,56.93405871841083,56.40460461402954,56.54579162597656,7965550
2010-11-01,56.792883637388904,57.110557322016895,56.051648786031365,56.298728942871094,11028918
2010-11-02,56.47518329829483,56.72225769477838,56.051616754457356,56.263397216796875,10546909
2010-11-03,56.33402881912256,56.82818351629629,56.05164908729018,56.68699645996094,13721703
2010-11-04,57.18116508170661,58.557747509663685,57.110565924122916,58.275367736816406,18195585
2010-11-05,58.310664034997565,59.510759739801934,58.2753644581917,59.05189895629883,14570331
2010-11-08,58.66363804914918,59.44017263120452,58.66363804914918,58.9813117980957,9977825
2010-11-09,59.36960328445882,59.36960328445882,58.38128767338445,58.66366195678711,10418018
2010-11-10,58.73422540835495,58.84011851991083,57.781209881000855,58.41655731201172,10370026
2010-11-11,58.028294620588994,58.31066878137186,57.25176005927347,57.71062088012695,9727326
2010-11-12,57.35763168334961,57.85179194709833,56.86347703876198,57.35763168334961,10082344
2010-11-15,57.28706274878023,57.993003877466265,57.11057606181785,57.181175231933594,8176612
2010-11-16,56.969371238438576,57.039964767431286,55.62808856841536,55.981056213378906,15430374
2010-11-17,56.01634013254761,56.19282109612731,55.628073022016004,55.8045539855957,7573704
2010-11-18,56.47522603472175,57.181167062551104,56.47522603472175,56.61641311645508,10451988
2010-11-19,56.686981986942676,57.28702963274779,56.29871487156991,57.25173568725586,10279216
2010-11-22,56.96935229501248,56.96935229501248,55.69866357651087,56.581085205078125,13710497
2010-11-23,55.87513379949105,56.086919894532784,55.16919326072249,55.62805938720703,11674435
2010-11-24,55.80453673881537,56.40458981084832,55.698649317224834,56.263397216796875,8848128
2010-11-26,55.698670706635575,56.05163827941475,55.59277762522152,55.769264221191406,3639088
2010-11-29,55.5221882441767,56.651690180319726,55.34570163506775,56.36931610107422,11791036
2010-11-30,55.59279750219192,56.298738519317105,55.48690438291623,55.87517166137695,11243715
2010-12-01,56.581120197881646,57.534141540527344,56.581120197881646,57.534141540527344,14386250
2010-12-02,57.49881670556702,58.875404357910156,57.463522756059234,58.875404357910156,16857414
2010-12-03,58.204752497595344,59.298960363908066,58.09886503902341,59.22836685180664,10487231
2010-12-06,58.946022033691406,59.510770410551565,58.698941809233496,58.946022033691406,12264406
2010-12-07,59.72253452209871,60.993223517944436,59.581341861083764,60.110801696777344,20127524
2010-12-08,60.0402078047236,60.463768927666976,59.510747972302774,60.146095275878906,9922133
2010-12-09,60.7461420830261,60.816735602439856,60.216687877842475,60.463768005371094,8156538
2010-12-10,60.78142357894442,63.11102588437342,60.71083008052166,62.54627227783203,26268617
2010-12-13,63.14635588402455,63.18165546297357,61.94626010635807,62.19334030151367,14163065
2010-12-14,62.33449265689583,63.18162026901046,62.0521130400847,62.44038009643555,15934814
2010-12-15,62.26392079187672,62.511000935252845,61.31089978992369,61.734466552734375,14762759
2010-12-16,61.875631641010976,63.07572674126611,61.663851144347014,62.72275924682617,11250079
2010-12-17,62.58157436642606,62.72276136897894,62.01682073705503,62.47568130493164,13615327
2010-12-20,62.72276136897894,62.828648811313826,62.29919474216077,62.47568130493164,8460956
2010-12-21,62.75807387289739,63.5346082357845,62.61688682858359,63.181640625,8729796
2010-12-22,63.43068288610841,64.3200666472532,63.395110707199024,64.24891662597656,8967712
2010-12-23,64.03546484126363,64.56909286542209,63.964314815606386,64.17776489257812,6459949
2010-12-27,63.750846439042476,64.85368001535029,63.750846439042476,64.71138000488281,6952204
2010-12-28,64.78253077742922,65.49403650165057,64.60465293050972,65.17385864257812,9958190
2010-12-29,65.35172933132772,65.77863502147909,64.96040713858574,64.99597930908203,7213302
2010-12-30,65.03155786016293,65.2805800467527,64.60465216530392,64.71138000488281,6029145
2010-12-31,64.56906019265493,65.28056575265474,64.49791020300049,65.0671157836914,5649338
2011-01-03,65.77860988050439,65.81418770085916,64.8180766923777,65.03153228759766,11023243
2011-01-04,65.2449873659878,66.20552062988281,64.46233189098922,66.20552062988281,16488374
2011-01-05,65.88536345819794,66.59686917260717,65.52960776926504,66.31226348876953,10709039
2011-01-06,66.49013437160104,66.59686219979764,65.52960090819965,66.02765655517578,8271386
2011-01-07,66.09882879933525,66.38342888570445,64.74696706216578,65.56520080566406,11963954
2011-01-10,66.20554053583179,66.70359056565326,65.67190700869543,65.84978485107422,13144981
2011-01-11,66.56127230226869,66.917022226003,66.0987945696866,66.27667236328125,9722255
2011-01-12,66.06322022415648,66.63242579555796,65.7430424442091,66.41897583007812,12772895
2011-01-13,66.63245322809753,66.88148112207627,66.02767524519034,66.16997528076172,9348667
2011-01-14,66.20554354949365,67.02377146745988,65.99208786354005,66.95262145996094,8812989
2011-01-18,67.52183694560512,67.55740912276917,66.02767524519034,66.16997528076172,14711908
2011-01-19,66.20554597771041,66.31226816114469,64.71138443851778,65.20943450927734,17149958
2011-01-20,65.67192300632357,66.13440097840245,64.64024486150629,65.56520080566406,14133268
2011-01-21,68.69579167193123,71.04375259245003,68.48233604542072,70.22552490234375,47800353
2011-01-24,70.90148061419416,71.5774142592937,70.22555263255205,71.29280853271484,20563086
2011-01-25,71.07933807373047,72.14659366741263,70.43898245213884,71.07933807373047,21072179
2011-01-26,71.79085386641415,71.86200387184749,70.86589813232422,70.86589813232422,14137608
2011-01-27,71.00817812762912,72.32446135230091,70.79472817149572,72.1465835571289,14155761
2011-01-28,72.53793505520868,73.7830687021226,71.57740710643246,71.86200714111328,21323116
2011-01-31,71.61297410742372,72.18217979913639,71.50624627039745,71.64855194091797,10792713
2011-02-01,72.50234460498991,74.35225569097229,72.2177389786004,73.99650573730469,14252518
2011-02-02,74.13883138619882,74.56573147839597,73.46289774503386,73.67635345458984,8821461
2011-02-03,73.46285560878265,73.88976111957608,72.64462806965525,73.81861114501953,8579705
2011-02-04,73.96093563533303,73.99651346614357,72.57350217593066,73.14270782470703,8995026
2011-02-07,73.88977921490014,74.70800695440836,73.74747923093832,74.24552917480469,9470525
2011-02-08,74.56572067228352,75.81085425593247,74.38784849137409,75.70413208007812,11463958
2011-02-09,75.77525700357276,76.23773471507933,74.92145156206415,75.81082916259766,12740198
2011-02-10,75.31279858532763,75.81084858344707,74.49456509323288,75.66854858398438,10478050
2011-02-11,74.85035598830189,76.27336231621108,74.8147781399612,75.88203430175781,8483241
2011-02-14,76.52235805858261,77.02041374498451,76.30890804874885,76.48678588867188,9056602
2011-02-15,76.30887974757901,76.45117970135915,75.56179649505178,76.34445190429688,8266983
2011-02-16,76.20218068475732,76.45120852950289,75.59740282141556,76.27333068847656,8139804
2011-02-17,75.70412435567542,76.77137998606187,75.63297435788004,76.55792999267578,7649114
2011-02-18,76.62908637052924,76.84253638168695,75.77528066244189,76.27333068847656,9490828
2011-02-22,74.28111509930685,75.45509859014159,73.49845943875033,74.06766510009766,15132237
2011-02-23,73.00040180213027,73.60517961525558,71.4350905233664,72.4667739868164,17723821
2011-02-24,72.07272646541236,73.97125783524724,72.00107839235417,73.72051239013672,13631936
2011-02-25,74.1861948022529,74.79515783615248,73.43394131686345,74.58023071289062,9533187
2011-02-28,75.0459048225033,75.47575904511058,74.58022656335463,74.93843841552734,8900002
2011-03-01,75.65491725801331,75.83402615245966,72.50262808848743,72.5384521484375,12935610
2011-03-02,72.28767258677108,73.9354589448284,72.21603019752075,72.78916931152344,10246352
2011-03-03,74.7951690162875,74.97427783043595,74.15038184747264,74.3294906616211,9643819
2011-03-04,74.68772912507137,74.72355318168972,72.32351246780402,72.96829986572266,12758518
2011-03-07,73.07575464277673,73.7563602857837,71.6787193058753,73.00411224365234,13850322
2011-03-08,73.18321327118505,74.47278782338672,72.57425004493444,73.89964294433594,10504383
2011-03-09,73.72053980303602,74.18621823518653,72.71753483903454,73.89964294433594,10374637
2011-03-10,72.57424345985858,73.541424286252,71.7503531172141,72.0010986328125,16852093
2011-03-11,71.463758839282,73.3622959403593,71.42794050486171,72.93244171142578,11713685
2011-03-14,71.49958510144081,71.96526338193505,69.67269031499886,71.3563003540039,19024641
2011-03-15,67.4876123482299,70.78318575078613,66.6278977955044,70.24586486816406,27860374
2011-03-16,69.42193416320666,69.8876124102118,67.02190055961462,67.8816146850586,27553558
2011-03-17,69.02790374343473,70.31747788490316,68.2756559626772,68.84880065917969,17433843
2011-03-18,70.3532877347404,70.74732359681097,68.84879235469633,68.95625305175781,16685894
2011-03-21,70.49661540066448,70.92646982122963,70.0309369270601,70.63990020751953,11060844
2011-03-22,70.81899143688798,70.81899143688798,69.74434424770877,69.81598663330078,9702182
2011-03-23,69.67271233593897,70.0667483672548,68.95628266966925,69.95928192138672,9240371
2011-03-24,70.49659308891009,70.92644737342891,69.78016357872961,70.85480499267578,9137876
2011-03-25,71.10558561359989,71.39215525524925,70.53244062764969,70.74736785888672,8361403
2011-03-28,70.96230079277521,71.21305208054413,70.42497986335692,70.74736785888672,7396299
2011-03-29,70.42497154930204,71.32050442505945,69.95928738262121,71.14139556884766,7519910
2011-03-30,71.57121753612722,72.64585869531811,71.3921087753795,72.03689575195312,9797082
2011-03-31,71.92946697612139,72.18021823178866,71.49961256867812,71.82200622558594,8542668
2011-04-01,72.14435523951175,73.43392336650656,72.07271288260355,72.86077880859375,10099245
2011-04-04,74.25783414169486,74.3294765131874,73.21901120108048,73.5414047241211,9477057
2011-04-05,73.3623100597521,73.89963080065654,72.71752288960698,72.82498931884766,8673415
2011-04-06,73.68471001842737,73.86381884843794,72.968280401035,73.61306762695312,10616998
2011-04-07,73.39817780806956,73.43399617071123,72.32352998372082,72.89667510986328,10880372
2011-04-08,73.39810253276413,73.50556321313294,71.89360168377759,72.32345581054688,10122281
2011-04-11,72.50257816576487,72.9682564085541,71.92943351977502,72.28765106201172,6111963
2011-04-12,71.71453691476216,72.21603940611315,70.92646482986805,71.67871856689453,10172548
2011-04-13,71.82198393389666,72.03691107091046,71.17719682020629,71.42794799804688,8356708
2011-04-14,71.10556254567946,71.92945284946231,70.21002415207673,71.64288330078125,9178837
2011-04-15,71.82196447301443,72.71749681924294,71.60703169158985,71.78614044189453,10462046
2011-04-18,70.81900289378984,71.64289331270946,69.88764032512141,71.57125091552734,13270095
2011-04-19,71.60706437748068,72.86081479660774,71.39213720059749,72.61006927490234,13249229
2011-04-20,73.50557594192883,73.57721830879653,72.64586183686848,73.07572174072266,11598983
2011-04-21,74.43692292235293,74.50857098273273,70.6756734794824,71.4637451171875,25392111
2011-04-25,72.14438636309045,72.18020470567322,71.24884796142578,71.24884796142578,11633350
2011-04-26,71.78617146116393,72.82499467810686,71.64288668006488,72.0010986328125,10956471
2011-04-27,72.32348155571908,74.68769720248703,72.18019679579055,73.97126770019531,18430705
2011-04-28,74.11455553546621,74.4011307698636,73.3264893231589,73.79216766357422,8786865
2011-04-29,74.22201770428518,74.29366008311325,73.07573394038712,73.25483703613281,8656952
2011-05-02,74.15036114778806,74.18618518167696,73.18318066456217,73.36228942871094,7537417
2011-05-03,72.9324411674641,73.97125839762968,72.89661713066265,73.93544006347656,8360610
2011-05-04,73.6488925171462,74.0071044786182,72.18020921848591,72.61006927490234,12079594
2011-05-05,72.46677585471521,72.71752134654018,70.96227439051863,71.28466796875,11950808
2011-05-06,72.32350015236656,72.53843305017442,71.46378566908668,71.67871856689453,9107683
2011-05-09,71.53542854327236,72.03693103795896,71.28468299857961,71.89364624023438,7969556
2011-05-10,72.14439773341815,73.14739702355864,72.07275533431172,72.71753692626953,7966886
2011-05-11,72.39513295884996,73.11156255043585,71.64288502414215,71.96527862548828,8031195
2011-05-12,71.64289145100514,72.2876787115393,71.28467947440298,72.14439392089844,7997893
2011-05-13,72.07274397527523,72.14438636309045,70.78316958930206,71.24884796142578,8805540
2011-05-16,71.1055432252301,71.60703979915776,70.49658024842248,70.78314971923828,9556035
2011-05-17,70.28163212456441,70.67566791237887,69.70849330785018,70.1741714477539,9917459
2011-05-18,70.17418674243066,71.17718559293405,69.52939973044703,70.78314971923828,9623725
2011-05-19,71.17719446651107,71.82198155887956,71.0697280502334,71.49958801269531,8933930
2011-05-20,71.39213522043715,71.42795926691574,70.13838483608461,70.28166961669922,9500510
2011-05-23,69.20702011266185,69.78016487195809,68.52641463156891,69.45777130126953,8142120
2011-05-24,69.60106088200781,69.92345447500685,68.23984412297293,68.41895294189453,9536817
2011-05-25,68.060728839982,69.35029727880183,67.95326242731011,68.84880065917969,8978354
2011-05-26,68.52643838656104,69.81600741370085,68.52643838656104,69.56526184082031,8681929
2011-05-27,69.81597441921238,70.13836794929945,69.56522896483222,69.63687133789062,6306520
2011-05-31,70.49659246484003,70.63987722507788,69.78016296100174,70.35330200195312,11095607
2011-06-01,69.74434689724356,70.21002527260718,68.41895415946638,68.52642059326172,13565540
2011-06-02,68.63387077440558,69.06373074086163,67.8457989214435,68.38312530517578,8400527
2011-06-03,67.4517652989989,68.02491003963499,67.16519578000536,67.41594696044922,10246477
2011-06-06,67.02191159958146,67.3443051625592,65.87562210840527,66.12637329101562,12617859
2011-06-07,66.41294614173421,66.98608516419095,66.16219496808495,66.19801330566406,11036889
2011-06-08,66.2338461990426,66.87863338814084,65.91145260449349,66.30548858642578,10894915
2011-06-09,66.4487926916111,67.20104653194483,66.23386546693774,66.55625915527344,8219116
2011-06-10,66.30549882503777,66.34132287558599,64.98010589981304,65.62489318847656,11651336
2011-06-13,65.5890864584698,66.34134039478006,65.26669272900139,65.87565612792969,8858040
2011-06-14,66.37714029813714,67.16521237270612,66.26967955329164,66.62789154052734,10299331
2011-06-15,66.16223150004161,66.87866137634337,65.62491051847829,65.87565612792969,12199116
2011-06-16,65.76728803758355,67.2119306393375,65.7311693852437,66.59795379638672,11493901
2011-06-17,67.28417593305647,67.5008706427019,66.23680954544844,66.77854919433594,11778579
2011-06-20,66.23676521349466,67.03131769995221,66.09230217041947,66.74238586425781,8116392
2011-06-21,67.17579300043964,68.40373484018247,67.03132993100462,67.9342269897461,12267098
2011-06-22,67.50083411890662,67.93422330369641,67.03132629394531,67.03132629394531,10031931
2011-06-23,66.23679299983814,66.41736900466178,65.04496377017931,66.38125610351562,14471655
2011-06-24,66.52572371677807,66.56184236991905,64.90050506591797,64.90050506591797,16864967
2011-06-27,65.04496880496718,66.52572435659846,65.00885015147885,66.02010345458984,9691269
2011-06-28,66.20067736838172,66.59795379638672,65.58670627497764,66.59795379638672,8074889
2011-06-29,66.95909476314701,67.21190799571343,66.45346829801417,67.03132629394531,8093606
2011-06-30,67.13968032858463,68.25927784058193,67.03133589164656,68.11481475830078,9398015
2011-07-01,68.11484053314905,69.55948340170869,67.71756403177254,69.34278869628906,11657638
2011-07-05,69.41502059398755,69.52336507243733,68.29542265302113,68.76493072509766,8743734
2011-07-06,68.51210678933228,68.98161478897251,68.47599388526983,68.80103302001953,6589987
2011-07-07,69.45110519445205,70.24565787710355,69.12606039249957,69.70391845703125,9383555
2011-07-08,68.90937253158003,68.98160407803627,68.07870687256016,68.5843276977539,11403842
2011-07-11,67.60920164612479,67.8258962941483,66.8146488538257,67.2841567993164,9713408
2011-07-12,66.56183785788569,67.3925035788044,66.38125610351562,66.38125610351562,9839273
2011-07-13,66.9230082378239,68.00648746928046,66.81466376440675,66.85077667236328,11924183
2011-07-14,67.35637622982337,67.8981156271849,66.70628665317146,66.92298126220703,9128027
2011-07-15,66.99523733362841,67.46474536658853,66.05622126770815,66.48961639404297,10545928
2011-07-18,66.20066119508988,66.41735580754893,65.58669025168327,66.05619812011719,8253942
2011-07-19,66.45349450643414,67.32027896740732,66.27291273344684,67.10358428955078,9531204
2011-07-20,67.71755927310768,68.29541752983368,67.17581967285402,67.86202239990234,10131609
2011-07-21,68.54821926222539,69.63169827915654,68.11482420572511,69.19830322265625,14009927
2011-07-22,70.17345494132722,70.53461278540617,68.43988579065271,68.76493072509766,17142717
2011-07-25,68.5121337312519,69.1261050876757,68.07874421479362,68.47602081298828,9143135
2011-07-26,68.62043147059737,68.76489453219396,66.81463170155043,67.03132629394531,14262722
2011-07-27,66.7062919269949,66.85075501110659,65.18941804473091,65.40611267089844,16305336
2011-07-28,65.51446285875502,66.67017328119415,65.33388112884259,65.40611267089844,10157671
2011-07-29,64.97270870781949,65.40609786202909,64.21426906363618,64.68377685546875,14638981
2011-08-01,66.41737350690201,66.52572371677807,63.8531388689387,64.90050506591797,14418676
2011-08-02,64.06984006171774,64.57546675988519,61.97511320405421,62.15568923950195,20213076
2011-08-03,62.300162112926785,63.20305959671617,61.613953585753336,63.0947151184082,17981226
2011-08-04,62.08343439850933,62.372366296081985,59.302500100337205,59.48308181762695,26733057
2011-08-05,60.16930494792914,61.21666536874068,58.14680416211191,59.627559661865234,25935926
2011-08-08,56.593823848743845,58.25516130841194,55.25753129961378,55.7270393371582,36230792
2011-08-09,56.304876384657426,57.64117431640626,53.52394757952009,57.64117431640625,41409180
2011-08-10,57.24388877218666,57.38835760041556,54.210146871197516,54.49907302856445,28127900
2011-08-11,54.715781743968954,57.496716848535456,54.17404218455543,56.62993240356445,27504397
2011-08-12,57.93009960618754,58.21902577645183,57.027196699793116,57.35224151611328,15608404
2011-08-15,58.39960774048534,59.266392004279844,58.074562922869184,59.19416046142578,13622066
2011-08-16,58.65244515893717,58.76078964304433,57.60507873209677,58.32740020751953,12379755
2011-08-17,58.869111934369016,59.735896143546015,58.07455926349466,58.61629867553711,10598490
2011-08-18,56.84661411832145,56.99108295083839,54.89635099911722,55.4019775390625,24704339
2011-08-19,54.535191673008036,56.37711030008585,54.28237841053925,54.49907302856445,16630556
2011-08-22,56.16040967871664,56.16040967871664,54.35460970424314,54.57130432128906,14487555
2011-08-23,54.78799479675682,56.12428665161133,54.57129446928737,56.12428665161133,14631073
2011-08-24,55.90761806505646,56.88275284365754,55.69092336410544,56.7744026184082,13646563
2011-08-25,57.56895255144424,57.966229023557595,55.401994157769465,55.79927062988281,14152506
2011-08-26,55.618660220241786,56.6299073334365,54.535181581072045,56.12428665161133,13013170
2011-08-29,57.02719282752207,58.00232721026882,56.88272975219929,57.93009567260742,9965847
2011-08-30,57.60509142809077,58.65245808576773,56.88276979347044,58.21906280517578,10132026
2011-08-31,58.65241821314606,59.55531533045911,58.36348630598771,58.90523147583008,13118878
2011-09-01,58.90522997516833,59.41085073810979,58.32737192511851,58.50795364379883,12773605
2011-09-02,57.24388132565644,57.4966945552382,56.160402626928565,56.91884231567383,12883611
2011-09-06,55.07693099975587,55.22139407819517,54.17402813519207,55.07693099975586,20337584
2011-09-07,55.979846657721176,57.243907637094914,55.763151968283566,57.063331604003906,12569679
2011-09-08,56.6660417146242,57.171662536925126,55.94372050464833,56.30487823486328,24605601
2011-09-09,55.54643897333775,55.83536513070469,54.28237841053925,54.49907302856445,30139361
2011-09-12,54.21015548706055,55.221402948112356,53.16278937582466,54.21015548706055,35430239
2011-09-13,54.2462818935537,55.83538790637078,53.668429343109516,55.65481185913086,17381698
2011-09-14,55.90760121634535,57.93010173101607,54.89635383378293,57.027198791503906,19059320
2011-09-15,57.975247891887705,58.704497059700856,57.75647488295113,58.63157272338867,14048467
2011-09-16,59.14204226013215,59.798361213453845,58.59510109199483,59.543128967285156,18613702
2011-09-19,58.26691567931319,59.324320816440526,57.86582917067215,58.996158599853516,11299803
2011-09-20,59.251414530956474,59.980663477804086,58.4857063293457,58.4857063293457,11734217
2011-09-21,58.23045138211561,58.59507284708939,56.006245934056025,56.07917022705078,15516280
2011-09-22,54.54775363654633,55.49577534004945,54.03728353718454,54.83945083618164,23724546
2011-09-23,54.32898463170542,55.60516867863303,54.18313602143177,55.459320068359375,13670184
2011-09-26,56.152097966615145,56.954271043481995,54.94883835131486,56.77195739746094,19593516
2011-09-27,57.6470447481097,58.595066255075814,57.13657475457488,57.46473693847656,16774679
2011-09-28,57.42830133185266,58.3398640660399,56.22504130897676,56.33443069458008,11977851
2011-09-29,57.68353141115869,58.1575423422889,56.51673080784637,57.82938003540039,12664391
2011-09-30,57.06366021799008,57.35535740698357,55.38638977190121,55.49577331542969,15812330
2011-10-03,55.05821764697004,56.115622669572545,53.52679607032425,53.563255310058594,19343310
2011-10-04,52.83402391542279,54.36544001917526,51.12028835474919,54.18313217163086,23370154
2011-10-05,54.47482201856715,55.896854382788014,53.78203836015669,55.67808151245117,16596315
2011-10-06,55.67807713126303,56.66256367734307,54.54774201643493,56.6260986328125,13551184
2011-10-07,57.24596087437153,57.3918094505642,55.568690638780865,56.5167121887207,13681785
2011-10-10,57.57412743391927,58.850311279296875,57.464743895833564,58.850311279296875,11730232
2011-10-11,58.26691693033879,59.142014258463774,58.19399263671903,58.850311279296875,9598352
2011-10-12,59.25143491421196,60.45469521974412,59.25143491421196,59.798370361328125,12885948
2011-10-13,59.178484244980496,59.470187277097196,58.4127761206381,59.142024993896484,9626855
2011-10-14,59.87124828227021,60.709886241090196,59.798323999505904,60.52757263183594,9417797
2011-10-17,60.126515441843836,60.52760209462643,59.03264486323307,59.17849349975586,9779658
2011-10-18,59.25138746166481,61.913144030918424,59.214928223558246,60.92865753173828,13657643
2011-10-19,60.928680900818236,61.51208117646708,59.834810463079606,60.235897064208984,10829396
2011-10-20,60.41819003896843,61.256822205995476,59.54309282765509,60.636962890625,11495487
2011-10-21,59.68898786573026,60.27238259101095,58.813889973117625,59.47021484375,23732058
2011-10-24,59.68897363585548,60.85576861294409,59.50665992532313,59.98067092895508,13989583
2011-10-25,60.01712248086876,60.126506038809715,58.522159678579065,59.142024993896484,17185577
2011-10-26,59.83483518129331,60.19945687627108,59.1420510584898,59.61606216430664,13897020
2011-10-27,61.8402181341301,63.809185276354306,61.29328313932819,63.335174560546875,23052988
2011-10-28,62.67883493715177,63.225769798378344,62.387137892413676,62.897613525390625,12054764
2011-10-31,61.913144030918424,62.02253335461184,60.892198293631715,60.92865753173828,10414951
2011-11-01,58.813832815628835,59.6160055879998,58.23043285262651,58.41274642944336,18728528
2011-11-02,59.6889131478544,60.23584792050437,58.92319982239698,59.25136184692383,10047747
2011-11-03,60.23587519091935,60.855734493570814,59.652475127119,60.78281021118164,11450896
2011-11-04,60.345290728584594,60.381749983272236,59.17849009416931,59.76189041137695,8696723
2011-11-07,59.68896609731218,59.90773903950649,58.74094420978069,59.76189041137695,8600071
2011-11-08,59.94422395539406,60.1265318986007,59.28789910671419,60.09007263183594,11246574
2011-11-09,58.88677998168072,59.032628577968424,57.42828240942722,57.792903900146484,16407538
2011-11-10,58.631552393301575,59.032639006290225,58.230465780312926,58.55862808227539,12368258
2011-11-11,59.214950524614565,60.05358297314686,59.17848546808797,59.43372344970703,10478718
2011-11-14,59.1420193777178,59.360792277513774,58.41277057370954,58.7044677734375,8378075
2011-11-15,58.449215250851466,59.50662604330181,58.449215250851466,59.0690803527832,8299827
2011-11-16,58.59506600103661,59.25139036599446,58.0481309651341,58.15752029418945,11046655
2011-11-17,58.26693912339851,58.52217134593811,56.51673799583362,57.02721405029297,14079036
2011-11-18,57.50120929118874,57.79290649687055,56.954274128191095,57.063663482666016,9773461
2011-11-21,56.44380789904489,56.480272958356586,55.42286169928061,55.56871032714844,14036761
2011-11-22,55.751012935484404,55.751012935484404,54.6206775870948,54.657142639160156,15638118
2011-11-23,54.36542882446216,54.51128319902764,53.6726452151966,53.709110260009766,13965816
2011-11-25,53.81850817331561,54.76652993566298,53.599735260009766,53.599735260009766,4833386
2011-11-28,55.532246413199566,55.6051707210149,53.52681343655522,53.964359283447266,16198355
2011-11-29,54.36543238321976,55.240529664460595,54.037275981856055,54.40189743041992,16789494
2011-11-30,55.82395267411339,58.01169967651367,55.641638972740886,58.01169967651367,20578214
2011-12-01,57.93877535690266,58.33986201710821,57.355374995324595,58.01169967651367,12144718
2011-12-02,58.48569143082406,59.43371307882207,58.48569143082406,58.667999267578125,14280061
2011-12-05,59.61605329543201,60.162988658878724,58.99618779914783,59.543128967285156,12850455
2011-12-06,60.16297944897131,61.694401715002314,60.05359007115134,60.965152740478516,17322563
2011-12-07,60.81929775062346,61.36623297318671,60.272356723371104,61.03807067871094,13628931
2011-12-08,60.454696345006965,60.70993443966307,59.25143601707814,59.47021484375,16635606
2011-12-09,59.72542390978162,61.913170692964606,59.652499597477785,61.40269470214844,17890270
2011-12-12,60.92864995874061,61.47558489985383,59.50661795090898,60.017093658447266,37435127
2011-12-13,60.38173364701624,60.96513380638518,59.43371201597165,59.87125778198242,15413117
2011-12-14,59.579580825886254,61.14746819795056,59.43373218771513,60.56406784057617,18589330
2011-12-15,61.32977389218182,61.512087585697394,60.4911413504516,61.22039031982422,12817987
2011-12-16,61.767333520987485,62.31426886702127,61.65794412990456,62.0225715637207,20133388
2011-12-19,61.87668770005341,62.35069849498512,61.22036907954712,61.47560119628906,13834902
2011-12-20,62.168409427345104,63.408128555935654,62.13194436841506,63.007041931152344,12826730
2011-12-21,63.15289787377583,64.79370962192765,62.53303823766963,64.50200653076172,16751935
2011-12-22,65.16466511957724,66.78457820213941,64.98058248901037,66.45323181152344,19954898
2011-12-23,66.34278507139167,67.30001129159696,66.08507640623272,67.11592864990234,9825940
2011-12-27,66.93186626442723,67.00549817118674,66.30599212646484,66.30599212646484,8817538
2011-12-28,66.26916168752295,66.3427935814436,65.23830931162182,65.6432876586914,8194703
2011-12-29,65.56966536420997,66.71096867858557,65.49603345950956,66.52688598632812,9028183
2011-12-30,66.37964073548787,66.56372347921157,65.82739836533129,65.9378433227539,6553617
2012-01-03,67.11593324466851,68.10997254465804,67.11593324466851,67.59454345703125,12249842
2012-01-04,67.41045659955293,68.47812772248741,67.30001170267056,68.33086395263672,8921285
2012-01-05,67.96272086193325,68.47815008574834,67.33684670516722,68.2940673828125,9560730
2012-01-06,68.9567897239206,69.17768554469308,68.33091530122407,68.66226196289062,10656248
2012-01-09,68.99357994105195,69.50900330857142,68.33088689322793,69.43537139892578,9804489
2012-01-10,69.98760258533825,70.13486638134418,68.55177178276189,68.91993713378906,12382927
2012-01-11,68.29407489180538,69.7667249551849,68.10999802964334,69.5090103149414,9988300
2012-01-12,69.80348966080305,69.95075338062802,69.06716520066895,69.69303894042969,8129016
2012-01-13,69.14085959157816,69.36175537109375,68.47816639201677,69.36175537109375,8771591
2012-01-17,69.91398553014471,70.31896398564453,68.77268207728035,68.99358367919922,10267594
2012-01-18,68.40450820855213,70.13486660875093,68.33087631031042,70.02442169189453,11040854
2012-01-19,70.06119373060767,70.6502544330028,69.6930344547413,70.50299072265625,11248472
2012-01-20,69.25123746269271,70.6870732910939,68.77262747356197,70.50299072265625,19287117
2012-01-23,70.28215232935334,70.83439462288828,69.58264034466386,69.72990417480469,10555088
2012-01-24,69.36175537109375,69.43538729759895,69.03040877131306,69.36175537109375,8291543
2012-01-25,69.32490742624499,70.53984249597559,69.17764363494652,70.42939758300781,10693974
2012-01-26,70.90800968052207,70.94482269879862,69.87715725359405,70.20850372314453,8866783
2012-01-27,69.95078860552734,70.42939886647538,69.65625515655083,70.06123352050781,6804846
2012-01-30,69.32488895796706,69.6930541991455,68.84627883324357,69.58260345458984,7873050
2012-01-31,69.87714934249868,69.9875942458367,68.80947815715749,68.88311004638672,9648660
2012-02-01,69.72987787883078,70.17167506365993,69.03037201894705,69.10400390625,10853955
2012-02-02,69.39853792035878,69.69306547213345,68.84628996926396,69.0303726196289,7890140
2012-02-03,69.95078979365282,70.31894928486138,69.6562563396736,70.02442169189453,9364296
2012-02-06,69.91398432880834,70.50304548878083,69.76672050406859,70.13488006591797,8917300
2012-02-07,70.02443953699768,70.68713265106688,69.61946106295693,70.61349487304688,7520370
2012-02-08,70.65029842046656,71.09209568758179,70.24532003436617,70.83438110351562,7027906
2012-02-09,71.09209050486308,71.23935429616155,70.35576568735858,70.42939758300781,9219421
2012-02-10,69.91398878932007,69.98762070638767,69.10403184056273,69.5090103149414,22857847
2012-02-13,70.06123406700141,70.24531674142109,69.5826238023201,70.20850372314453,21763268
2012-02-14,69.69309114777633,70.28215232935334,69.21448076931179,69.72990417480469,8185689
2012-02-15,69.98758588414937,70.02440475487091,68.84628294593483,69.06718444824219,8646707
2012-02-16,69.43536007113146,70.06123413151994,69.21446437823181,69.98760223388672,8453047
2012-02-17,70.61347072721053,71.12889983101965,70.3557620363178,70.98163604736328,12118426
2012-02-21,71.49706973327184,71.79159731946024,71.12890438952412,71.46025085449219,8747991
2012-02-22,71.53387571709027,71.68113949570397,70.61346830923715,71.38661193847656,8529856
2012-02-23,70.8295125904051,71.94376630924378,70.5695184792483,71.72091674804688,9520917
2012-02-24,71.90661368415812,71.94375822994668,71.08949280534479,71.4609146118164,4992199
2012-02-27,70.64378740441663,71.16376960889963,70.49522106027864,70.82949829101562,7829398
2012-02-28,71.01521384612775,71.27520794353522,70.53237019930837,71.16378021240234,7307910
2012-02-29,71.23806982565588,71.49806394653105,70.60665975556937,70.7552261352539,9318452
2012-03-01,71.12668659071393,71.27525305101075,70.68098129696585,71.0152587890625,7790274
2012-03-02,71.08948639569844,71.08948639569844,70.19808241853322,70.45807647705078,7559932
2012-03-05,70.38379839431052,70.49522611683311,69.56667753008725,70.01238250732422,7422653
2012-03-06,69.08383774960896,69.12098229679306,68.04386729555266,68.415283203125,11737034
2012-03-07,69.00954737129592,70.01237908643955,68.89811965421781,69.71524047851562,11361901
2012-03-08,70.49521088557665,70.90377122941439,70.2723554886818,70.68091583251953,7508684
2012-03-09,70.64381067553133,71.23807624784318,70.27238877998148,70.71809387207031,7820613
2012-03-12,70.9037789370338,71.27519478414656,70.71806805705103,71.0523452758789,7376080
2012-03-13,71.31234865409138,73.0208736000183,70.90378821239464,72.76087951660156,13338766
2012-03-14,72.90945175066533,73.87513907016368,72.7237408314221,73.50372314453125,14888583
2012-03-15,73.80084530586484,75.02652655403446,73.76370076219916,74.87796020507812,15926802
2012-03-16,75.24937693074665,75.39794328138763,74.32083428281383,75.02652740478516,16533841
2012-03-19,74.5808312735587,75.62080767692966,74.50654808943992,75.06367492675781,8915547
2012-03-20,74.3579674027282,75.06366047239445,74.20940106309877,74.5436782836914,9918878
2012-03-21,74.87795550428405,75.4722208628018,74.43225057254293,74.5436782836914,10662967
2012-03-22,74.09797837424784,74.13512291809923,73.13229118835024,73.7265625,10591458
2012-03-23,73.50372780329765,73.94942694230559,73.1694504926145,73.46658325195312,7138810
2012-03-26,74.2094272442148,74.69227097478434,73.98657765614921,74.46942138671875,8964875
2012-03-27,74.72940488999024,74.8036880754364,74.32084441360935,74.43226623535156,7996140
2012-03-28,74.35797756177762,77.997877031406,73.42943485580643,74.32083892822266,11566390
2012-03-29,73.61511794327349,74.17224458364,73.20655761862449,74.09796142578125,8484847
2012-03-30,74.5436782836914,74.76652779313557,74.09797335195029,74.5436782836914,8548197
2012-04-02,74.39509283501552,74.69222543795323,73.9122493988161,74.35794830322266,9216417
2012-04-03,74.17225520497007,74.35796608263631,73.5408453163281,74.13511657714844,9138940
2012-04-04,72.98373115069172,73.5780025137374,72.87230342235388,73.31800842285156,9117094
2012-04-05,72.83513966118979,73.20655543942728,72.27801303740772,72.38943481445312,8338930
2012-04-09,70.94091043070908,71.57232026372556,70.82948864420746,71.31233215332031,7587225
2012-04-10,71.01522262653843,71.0523671791266,69.45526376207218,69.60383605957031,11361734
2012-04-11,70.64378821964745,71.12663180009447,70.49522187379499,70.60664367675781,7893290
2012-04-12,70.60663164473108,71.75802949815831,70.42092670048788,71.68374633789062,5887505
2012-04-13,71.23805572499488,71.23805572499488,70.04951900991972,70.1238021850586,8411732
2012-04-16,70.49520524589687,71.05233186785912,70.01236177933947,70.19806671142578,6272362
2012-04-17,70.68088564166537,71.90656614963758,70.27232547234131,71.83228302001953,7411719
2012-04-18,71.42377689181346,71.8323373702652,70.71808367007105,70.94093322753906,6955000
2012-04-19,71.20093580505814,71.49806858369844,70.45809794560259,71.08950805664062,10885693
2012-04-20,72.16660264505276,72.94657892272907,71.49804817112845,71.90660858154297,14174478
2012-04-23,70.79235374855463,71.01520326476162,70.34664880328765,70.82949829101562,10859380
2012-04-24,71.27520035906889,72.79801432062013,70.97806765813789,72.57516479492188,10342608
2012-04-25,73.42945644569532,73.57802284930425,72.12949154483427,72.24091339111328,10088499
2012-04-26,72.16656827919161,73.20653812514205,72.0551406156486,72.87226104736328,7216599
2012-04-27,73.13230594126998,73.80086056263627,72.79802863058683,73.46658325195312,7803044
2012-04-30,73.09513845126298,73.24370477229141,72.20373461224035,72.72371673583984,6859808
2012-05-01,72.72374207390354,74.09798989150352,72.27804295552987,73.54086303710938,7303424
2012-05-02,73.24370199113699,73.46655146421776,72.50086450134926,73.42941284179688,7024693
2012-05-03,73.54082931718544,73.54082931718544,72.68657010890358,72.83513641357422,5049852
2012-05-04,72.64940335866767,72.76083100951955,71.49800598031351,71.83228302001953,7261232
2012-05-07,71.12663902083061,72.35232036782345,71.08949447417008,71.75804901123047,7459878
2012-05-08,71.42375608142632,71.79517781517443,70.64377990111905,71.49803924560547,8408122
2012-05-09,70.5695220661898,70.71808844787247,69.60383467239798,70.23524475097656,12875202
2012-05-10,71.01519987252651,71.4237602558165,70.60663948923653,70.90377807617188,7372971
2012-05-11,70.27236644216325,71.57233083765185,70.23522781212667,70.60664367675781,5484725
2012-05-14,69.90095262609806,69.97523580120128,68.8981208929247,69.08383178710938,9802590
2012-05-15,68.89814564662295,69.34385077022829,68.04388586959116,68.34101867675781,9924929
2012-05-16,70.16092062829533,71.5351677264068,69.49236638790299,70.5694808959961,17739095
2012-05-17,70.38379625447126,71.05235074357432,70.08666355391577,70.1238021850586,10883418
2012-05-18,70.3837661743164,71.16374213636011,70.01235045735528,70.3837661743164,12757016
2012-05-21,70.53241483666902,71.27525305101075,70.3838483763722,71.0152587890625,8055734
2012-05-22,71.16376919652551,71.64661276860257,70.79235333833276,71.23805236816406,9846284
2012-05-23,71.01520285324841,71.34948008204836,69.64095530865582,71.23805236816406,13250043
2012-05-24,71.1266234247097,72.01802730771189,70.64377990111905,71.49803924560547,8739060
2012-05-25,71.64660342567737,72.1294528476424,71.01519359266089,71.31233215332031,5602076
2012-05-29,71.64663607687989,72.16662436036668,71.3123646521868,71.86949157714844,7435027
2012-05-30,71.27522080254015,71.3123653572371,70.53238292429539,70.71809387207031,8729963
2012-05-31,70.60663948923653,71.38662162798252,70.0866573095919,70.90377807617188,10231245
2012-06-01,69.90093971567711,70.53234954386228,68.37812603803872,68.86096954345703,12715763
2012-06-04,68.48954446610445,68.74953847462675,67.04101402086123,67.41242980957031,13895330
2012-06-05,67.15244642731116,67.96956713267649,66.9295910255917,67.74671173095703,8021325
2012-06-06,68.3038496120232,70.1238021850586,68.0067169114677,70.1238021850586,8948515
2012-06-07,70.90375801619227,71.31231828389302,70.19805924562212,70.5694808959961,29077584
2012-06-08,70.49521145899823,71.49803710177375,70.19807289833881,71.31233215332031,22521630
2012-06-11,71.86947720435968,72.16660992815595,70.82950675821905,70.97807312011719,10735852
2012-06-12,71.16379014702001,72.35233306884766,70.9038019261715,72.35233306884766,9828256
2012-06-13,71.49804354936502,72.57515836407721,71.31233858416499,71.9437484741211,8391868
2012-06-14,71.90658952659675,73.42940896096204,71.46089060399095,73.24369812011719,13007703
2012-06-15,74.00722310947477,74.49141693115234,73.56027177364041,74.49141693115234,12476783
2012-06-18,74.04450268923506,74.41695735136919,73.560302734375,73.560302734375,8757548
2012-06-19,74.00722310947477,75.01285916806111,73.93273220840037,74.49141693115234,9010488
2012-06-20,74.49143699586762,75.05012186910471,73.93275212263052,74.8638916015625,9752386
2012-06-21,75.08927600621251,75.38978727377939,73.09841950591134,73.36135864257812,12713635
2012-06-22,73.92481525939152,74.7887709539439,73.28623255128173,74.41313934326172,10721997
2012-06-25,73.17355410190542,73.62431208427509,72.45984499320235,73.32380676269531,9319642
2012-06-26,73.39892404981819,74.75120979025073,73.28623157812659,74.37557220458984,12255977
2012-06-27,74.78880037941637,75.84057528311149,74.71367402772165,75.61519622802734,11224330
2012-06-28,74.82637590468806,75.8781509399414,74.63855701197396,75.8781509399414,11866613
2012-06-29,76.70452335673603,78.28218841552734,76.70452335673603,78.28218841552734,15236965
2012-07-02,77.90655047394023,78.2070618050242,76.17863274508728,76.96746826171875,12876934
2012-07-03,76.554267840327,77.0050258518473,76.36644901220967,76.74208068847656,4433527
2012-07-05,76.40397709301635,76.92986719883463,76.21616432376577,76.36641693115234,6061091
2012-07-06,75.72785521146449,76.1034868035995,74.9390198980313,75.12683868408203,11737430
2012-07-09,75.08926558192647,75.27708435058594,74.78876033604402,75.27708435058594,6881300
2012-07-10,75.27709714194404,75.38978961828202,73.24867442762877,73.69943237304688,11390989
2012-07-11,73.92481994628906,74.33801773421993,73.39892967802538,73.92481994628906,8923372
2012-07-12,73.24867915816287,73.7745634617799,72.72278887457855,73.02330017089844,10472375
2012-07-13,73.28621685010987,74.63850231877939,73.09840407499,74.26287078857422,6765117
2012-07-16,73.28623493752302,73.6618725404029,72.98572963919266,73.58674621582031,7463989
2012-07-17,73.77457714890392,74.56341272063014,72.9857475571461,74.07508850097656,10840830
2012-07-18,73.81213000975742,74.60095945937141,73.58675102129162,74.52583312988281,8197311
2012-07-19,74.90146243252842,74.90146243252842,73.77455565551242,74.37557220458984,8751079
2012-07-20,74.71366088437722,76.5167049678039,73.06086947790808,74.63853454589844,24217844
2012-07-23,73.47407967792736,75.61519563433865,73.32382697571764,75.4649429321289,12831341
2012-07-24,75.3522393057566,75.46493180578334,74.15021188533338,75.01416778564453,11453692
2012-07-25,75.35221763936303,75.72785521146449,75.05171236565502,75.12683868408203,8886438
2012-07-26,75.87812177502562,77.75629204035383,75.72786911059417,77.23040771484375,11951246
2012-07-27,77.4933616422306,78.8832080227974,77.2304224193961,78.58270263671875,16748951
2012-07-30,78.09436896092255,78.54513296555903,77.71873129373083,78.1319351196289,9388459
2012-07-31,77.94410705566406,78.4699913555006,77.94410705566406,77.94410705566406,7997684
2012-08-01,78.35729685401873,78.69536828795866,77.79384645744106,77.86897277832031,7456394
2012-08-02,77.08013916015625,77.75628204313279,75.87811201928322,77.08013916015625,9181215
2012-08-03,78.20704876764728,78.88318569494398,78.0192299645258,78.7329330444336,7906520
2012-08-06,78.77049255371094,79.55932189234575,78.50754744751052,78.77049255371094,7127793
2012-08-07,79.40908018668364,79.59689899982172,79.22126137354556,79.33395385742188,6492584
2012-08-08,79.07102142045969,79.22127410312642,78.50757087047535,78.92076873779297,6749363
2012-08-09,78.6578175494059,79.33396054976627,78.6578175494059,79.10858154296875,6501848
2012-08-10,78.883174398235,79.2588119506836,78.65779545474552,79.2588119506836,5095340
2012-08-13,79.0334303421566,79.10855665411981,78.43241386648504,78.84561157226562,5607502
2012-08-14,79.18369665108021,79.29638314851721,78.5075537465904,78.65780639648438,6279686
2012-08-15,78.35730141815766,78.99587817281025,78.094356289781,78.7329330444336,6024095
2012-08-16,78.39488654063402,79.40910122431191,78.20707365770652,79.07102966308594,7010629
2012-08-17,78.9583186461689,79.07100514499015,78.65780736272251,78.88318634033203,6266644
2012-08-20,78.695357939418,78.95830301790107,78.24459409345191,78.62023162841797,5714316
2012-08-21,78.7705272757723,79.07103268391192,78.13195029349104,78.31976318359375,6351424
2012-08-22,78.01925591593654,78.39488766715823,77.79387686520353,78.05681610107422,5846044
2012-08-23,77.90653064112128,78.09434942773937,77.49333289854135,77.53089904785156,7624262
2012-08-24,77.34309960650705,78.50756680685268,77.19284693161754,78.1319351196289,6121770
2012-08-27,78.20707664552596,78.6954009237374,78.09438412748904,78.31976318359375,6004377
2012-08-28,77.98165296372905,78.58266946212892,77.98165296372905,78.16947174072266,5406936
2012-08-29,78.20707702636719,78.6954013069566,78.16951086018224,78.20707702636719,4157759
2012-08-30,77.83140432246734,78.05678327842917,77.45577272919762,77.53089904785156,4431524
2012-08-31,77.98168953305107,78.24463474815641,77.4182389178076,77.79387664794922,6192882
2012-09-04,77.49334526412437,77.71872425604984,76.929894794327,77.04258728027344,7965383
2012-09-05,77.19283455950418,78.01923011891354,77.04258190869648,77.56846618652344,6892839
2012-09-06,78.394832185074,80.08518881918418,78.31970588799851,80.04762268066406,11096358
2012-09-07,80.08521790073776,81.09942626953125,80.01009157638146,81.09942626953125,7591085
2012-09-10,80.68621826171875,81.32480090770278,80.49840546463277,80.68621826171875,7026132
2012-09-11,80.72379464774976,81.47506387127966,80.38572319816295,81.09942626953125,7009606
2012-09-12,81.3999456177352,82.37659391116875,81.3623794618489,82.2263412475586,8973722
2012-09-13,81.77556503816658,83.54104852128114,81.70043871760495,82.71465301513672,23327211
2012-09-14,83.39081350837098,84.02939035811856,82.56441782753251,83.05274200439453,20897174
2012-09-17,82.37659642655785,82.82735443115234,82.26390393542539,82.82735443115234,16543398
2012-09-18,82.60195064871483,83.5410385131836,82.4892641713554,83.5410385131836,8102599
2012-09-19,83.76644420049185,84.48014737824647,83.57862537162092,84.25476837158203,8443011
2012-09-20,83.98979428380125,85.04960110199168,83.72484107284481,84.89820098876953,9113734
2012-09-21,85.35241056971698,85.88231098595848,85.01175728931537,85.2767105102539,13886817
2012-09-24,84.78467806016164,84.9739312818494,84.40617764242357,84.6332778930664,7678723
2012-09-25,84.74683109614122,85.80663829225732,84.40617770709721,84.44403076171875,9815298
2012-09-26,83.87627782029223,84.21693123664525,83.53563042957717,83.64917755126953,8580874
2012-09-27,84.1790686602264,86.52578908369901,83.76271523108245,86.03372955322266,14043042
2012-09-28,86.18513695663874,86.90429069879823,85.61738336802473,85.9580307006836,14799588
2012-10-01,86.03370346798103,87.05566321847013,85.95800341523757,86.33650970458984,8878718
2012-10-02,86.79073425741355,87.01784050469847,85.95802741906671,86.26083374023438,9451850
2012-10-03,86.52577969957304,86.97998010448617,85.99587320153817,86.71502685546875,6871117
2012-10-04,86.8664321899414,87.2449385756612,86.18513154179156,86.8664321899414,8418389
2012-10-05,87.20708139595288,87.73698790060502,87.0556812590912,87.5098876953125,7994366
2012-10-08,86.56363833360582,87.01784482509008,86.48793825596461,86.75289154052734,5050082
2012-10-09,86.82858541624651,86.94213853741606,85.54167213699255,85.61737823486328,8174546
2012-10-10,85.57950752390457,86.07156090469424,84.82250093215845,84.89820098876953,6840799
2012-10-11,85.50384857294564,85.95804913096732,85.08749504860667,85.20104217529297,5041652
2012-10-12,85.4659790297116,85.95803255215132,84.82252535046538,85.08747863769531,6876376
2012-10-15,85.314576705004,85.92018334247825,85.12532350098637,85.69307708740234,6171932
2012-10-16,86.26083669945523,86.60149005643218,85.42812983254196,85.69307708740234,7442726
2012-10-17,86.18512638307008,86.7528799020296,85.99587320153817,86.71502685546875,5899399
2012-10-18,86.33650970458984,87.35846342944393,86.29865666540061,86.33650970458984,9001829
2012-10-19,85.2009991570645,85.27670523748212,82.77858535275611,83.38418579101562,22510445
2012-10-22,82.7407229726816,83.08137619356684,80.43185649835671,82.13511657714844,18098327
2012-10-23,80.81040323410177,80.99965647142331,80.24264954777513,80.54545593261719,11747112
2012-10-24,81.11323393730173,81.22678109322656,80.39407383012546,80.46977996826172,8825467
2012-10-25,81.37818734385931,81.64313472477711,79.59921963609249,80.46977996826172,9550380
2012-10-26,80.20476087852337,80.99961442161607,79.75055454987408,79.9019546508789,8936455
2012-10-31,80.46974485741406,80.69684509581433,79.37208466669041,79.71273803710938,8175235
2012-11-01,79.59916203952392,80.96177512977705,79.561315023481,80.77252197265625,9646720
2012-11-02,81.4916804041835,82.05943388384235,80.46972655105189,80.65897369384766,9906274
2012-11-05,80.2426310466258,81.26459106176824,80.2426310466258,81.03749084472656,6259884
2012-11-06,81.41597266774342,82.43793245018182,81.18887250241329,81.7187728881836,6830178
2012-11-07,80.84822853448956,81.45383507061499,79.75056857077345,79.97766876220703,9442669
2012-11-08,80.09125815339708,80.20481131337327,79.03145075429437,79.06929779052734,8507299
2012-11-09,78.57721930492056,80.62113938465889,78.3501190823841,79.48562622070312,8410501
2012-11-12,79.63705756476962,80.0155580552925,79.03145075429437,79.06929779052734,4552256
2012-11-13,77.97162138479754,79.29638176680226,77.85806825681772,78.27442169189453,8570441
2012-11-14,78.4636460472758,78.53934609621679,75.51132003603841,75.7384262084961,13675609
2012-11-15,75.32211835939599,76.57117895878434,75.32211835939599,75.92771911621094,10800412
2012-11-16,76.07908028280679,76.41973354660594,75.20852662859194,76.2683334350586,9449784
2012-11-19,77.25244021518755,78.42580011857943,77.17674015938503,78.19869995117188,7988294
2012-11-20,78.23659364372656,78.31228771322455,77.10108016540403,78.0473403930664,5601722
2012-11-21,78.35012176866879,78.50152192221728,77.85806825681772,78.27442169189453,8559402
2012-11-23,78.76645658085543,79.63701629638672,78.46365634535003,79.63701629638672,7398427
2012-11-26,79.03143129627144,79.75058506402418,78.9935782437195,79.71273803710938,9961799
2012-11-27,79.63702805431534,80.24262861473943,78.91786835035715,78.99356842041016,6886204
2012-11-28,78.53937294974773,80.05338649749588,77.59311297599595,80.01553344726562,7257831
2012-11-29,80.39402212598652,80.84822853448956,79.29636818790632,79.97766876220703,5765918
2012-11-30,80.01552180693058,80.46972821543362,79.63702148787462,79.97766876220703,7899321
2012-12-03,80.16692081487398,80.35617398457663,78.72861359691407,78.80431365966797,6256086
2012-12-04,78.99355074909327,79.52345714655759,78.38795032414552,78.95570373535156,7682354
2012-12-05,79.14498621798637,80.84824708295969,78.95573300222135,80.35619354248047,9695797
2012-12-06,80.2426561729397,80.96181612388317,79.7884555966329,80.88611602783203,6833934
2012-12-07,81.15103028147696,81.30243041188243,80.39402360381364,81.22673034667969,7000321
2012-12-10,81.11319213916302,81.37814540918852,80.84823886913753,80.9617919921875,5759971
2012-12-11,81.30244723209645,82.32440736221503,80.84824674691305,81.41600036621094,9547793
2012-12-12,81.7945040848393,83.08141144250445,81.64309790249307,82.43795776367188,8850110
2012-12-13,82.28655051177628,82.96785115822223,81.56739079096187,81.83234405517578,7087417
2012-12-14,81.79449703208039,82.36225058360361,81.56739079096187,81.83234405517578,9919086
2012-12-17,82.0972923254088,83.08139922493734,82.0972923254088,83.00569915771484,10116710
2012-12-18,82.70290427128715,82.93000448773473,81.03749063273173,82.09729766845703,16926502
2012-12-19,81.90805865537455,81.98375874062911,79.3720907352526,79.52349090576172,19265917
2012-12-20,79.86726398225898,81.12771721432797,79.71447606020679,80.4020004272461,10606586
2012-12-21,79.59987322528855,80.17280803063268,78.53039451660442,79.75265502929688,16866950
2012-12-24,79.4088938816747,80.05821959680512,79.25611207583529,79.52348327636719,3150213
2012-12-26,79.48528608079181,79.98182999818017,79.10333155996462,79.33250427246094,5958784
2012-12-27,79.4470524918042,79.71441747749562,77.99561390368603,79.02689361572266,7998164
2012-12-28,78.11021388452713,79.10330749784463,78.03382300359873,78.072021484375,6761361
2012-12-31,77.49908392408116,80.2109752966658,77.38449456668366,80.17278289794922,12266201
2013-01-02,82.15895376712137,82.27354311877043,80.97488609570097,81.50962829589844,9617131
2013-01-03,82.04438968082937,82.08258817001672,80.40197625828297,80.59295654296875,10122010
2013-01-04,81.01312067462221,81.20410098560177,80.66935854710952,80.97492218017578,6218673
2013-01-07,80.82213181001929,81.051304510565,80.05821672757455,80.7075424194336,6832995
2013-01-08,80.59297098110498,80.66936189253954,78.98874967972608,79.82905578613281,8355978
2013-01-09,80.36379692615871,80.47838025111429,79.94364387985985,80.02003479003906,5955320
2013-01-10,80.36378479280671,81.08950137025346,80.05821511759845,80.8603286743164,6958505
2013-01-11,81.051304510565,81.12769541074692,80.28739550874593,80.7075424194336,8730359
2013-01-14,80.89853002106092,81.12770274231715,80.47837699177805,80.66935729980469,6617906
2013-01-15,80.36379491404328,81.01312067462221,80.24920551133029,80.97492218017578,5540187
2013-01-16,80.78394670074591,80.97492092814633,80.44018457854845,80.66935729980469,8123653
2013-01-17,81.05131048411425,82.27357713835818,80.66935595505434,81.35688018798828,13323429
2013-01-18,83.80138905565833,84.75628435932477,82.46453927890046,84.183349609375,23595384
2013-01-22,84.71811855014914,84.79450946875087,83.64863352847067,84.06878662109375,11511011
2013-01-23,83.95416418945692,84.14513835671876,83.07565991368014,83.80137634277344,9854798
2013-01-24,83.87780156804202,84.75630005919398,83.83960307334455,84.2215576171875,9805261
2013-01-25,85.10004459333742,85.21463397311051,84.4507189627484,85.13823699951172,8747073
2013-01-28,85.71118831595824,86.09314282760987,85.02366411435946,85.94036102294922,10340959
2013-01-29,85.90216253147113,86.24592463227053,85.55840043067175,85.94036102294922,7125393
2013-01-30,86.01675005664174,86.1313394479608,84.90907287597656,84.90907287597656,7553651
2013-01-31,84.83269590211742,85.55841261794234,84.71811257261317,85.10006713867188,7183756
2013-02-01,85.67297433752482,86.47508170731061,85.25282141034543,86.39869689941406,9147809
2013-02-04,85.59663055613107,85.9021942783797,85.10008646716304,85.21467590332031,7477740
2013-02-05,85.86398977716638,86.39873229652126,85.74940035712541,86.0931625366211,6451352
2013-02-06,85.82574202610189,85.9403313803861,85.21461501824938,85.7111587524414,8969507
2013-02-07,85.94035879585851,85.97855120572103,85.06185432088691,85.86396789550781,7997162
2013-02-08,85.94036102294922,86.1695337299402,85.74938072681049,85.94036102294922,5096488
2013-02-11,85.90217146899404,85.9785623792723,85.36743509704615,85.7493896484375,4118718
2013-02-12,85.8639789816461,86.51330475877619,85.8639789816461,86.24593353271484,7156588
2013-02-13,88.27027378641931,89.68351420086339,88.00290266355171,89.33975219726562,17721024
2013-02-14,88.80506372701257,89.72176086873242,88.27032119408125,89.41619110107422,11267023
2013-02-15,89.68355671710908,89.95092796672927,88.728667214986,88.95783996582031,8196873
2013-02-19,89.45437696867617,90.71483612060547,89.41617847287839,90.71483612060547,8600843
2013-02-20,90.56206708869458,90.71484893220999,89.1870183358011,89.41619110107422,7951570
2013-02-21,89.26215696866326,89.91679598838452,89.03110898471148,89.57022094726562,9976385
2013-02-22,89.91676883845801,90.3018548258186,89.45467301008202,90.07080078125,5808381
2013-02-25,90.49436096935652,90.60988795242332,87.83729553222656,87.83729553222656,10771095
2013-02-26,88.45347171553796,89.14661555577288,88.22241763841151,88.76153564453125,8621146
2013-02-27,88.64599338988702,90.10930906219005,88.56897742085849,89.99378204345703,6192340
2013-02-28,89.99381413998924,90.34038918941476,89.33917510457772,89.41619110107422,8286931
2013-03-01,88.64600503298296,89.87827296005102,88.56898905383886,89.30064392089844,8602491
2013-03-04,89.1465940713822,89.64720090054044,88.68449828925765,89.60869598388672,5312078
2013-03-05,90.34035839919672,91.30306722286196,90.26334242894916,90.8409652709961,7455079
2013-03-06,91.8036637015617,91.8036637015617,91.1490249633789,91.1490249633789,6581015
2013-03-07,91.26456938716076,91.7651763314453,91.14904848025289,91.18755340576172,4789984
2013-03-08,91.88071657181594,92.03474855674814,91.18756650923875,91.53414154052734,6041206
2013-03-11,91.22605616796362,91.45710409115537,90.30185834481573,90.95649719238281,7292156
2013-03-12,90.8409771013157,90.87948815664507,89.83976322732777,90.1478271484375,7635572
2013-03-13,90.26334384698632,90.57140773281623,90.10931190407136,90.45588684082031,5039690
2013-03-14,90.68692582368517,91.49559650953523,90.53289389594039,91.22604370117188,7225926
2013-03-15,90.2633285522461,91.34155810032995,89.95526471861629,90.2633285522461,12281266
2013-03-18,89.223599667367,89.91674939039042,89.06956775789052,89.53166961669922,7031912
2013-03-19,89.72423978810949,89.95529386858435,89.22363283104984,89.80126190185547,7543176
2013-03-20,91.38007195609684,91.64963088400587,89.83974047979933,90.34034729003906,8190822
2013-03-21,90.18629087840156,90.87944046754868,89.68568420410156,89.68568420410156,8042651
2013-03-22,89.8012451860759,90.10930906219005,89.64720711763842,89.99378204345703,6386333
2013-03-25,90.30187162575486,90.41739253915028,88.76153965050734,89.49319458007812,8697954
2013-03-26,89.60868964652593,89.72421051869715,88.60747605901787,89.03106689453125,6750949
2013-03-27,88.64599951811628,89.1081014946137,87.99136067092736,88.95406341552734,5736643
2013-03-28,89.1080828527719,89.33913072749387,88.53046010077722,89.03106689453125,6500033
2013-04-01,88.68451542589615,88.95406828569824,88.45346749018815,88.8770523071289,5727712
2013-04-02,89.22362041776714,89.99378627464336,88.95406144830335,89.87826538085938,6088781
2013-04-03,90.03230853807894,90.10932452031946,88.26092868578401,88.5689926147461,10969429
2013-04-04,88.60749944732682,89.06959531874283,88.4149564357129,88.8770523071289,6358372
2013-04-05,87.79882391308723,88.33794190227323,87.64479195342874,88.29943084716797,6552449
2013-04-08,88.76150797549919,89.03106689453125,87.91432630447243,89.03106689453125,6362858
2013-04-09,89.53169453858196,89.53169453858196,88.18390575992578,88.80003356933594,6607953
2013-04-10,88.95405057853695,91.07200489354734,88.80001865205982,90.80245208740234,8298971
2013-04-11,90.68693333050098,91.34157214279547,90.22483137863513,90.8409652709961,5651488
2013-04-12,90.45587429639428,90.8409541002788,89.83974047979933,90.34034729003906,5682766
2013-04-15,89.6471794412093,89.72419538646099,87.83729553222656,87.83729553222656,9693147
2013-04-16,88.83854251918861,88.95406341552734,88.18390367199969,88.95406341552734,7515320
2013-04-17,88.4149411737555,88.68450011740818,87.22118451642223,87.644775390625,8904217
2013-04-18,87.64478509133033,87.99136003861769,86.91313027504634,87.29821014404297,8590806
2013-04-19,84.48711756601219,84.83369256220475,83.21635075381501,83.75546264648438,22710344
2013-04-22,83.4474017270128,83.48590665554865,81.29093568716767,82.21513366699219,18326562
2013-04-23,82.98528436548861,83.52440230860645,82.25362955444075,82.7927474975586,13665197
2013-04-24,83.52442285898321,84.83370085671781,83.37039087458882,84.56414794921875,10747496
2013-04-25,85.52680245083941,85.60381839939348,84.37155709214969,84.52558898925781,8651735
2013-04-26,84.64115334537921,86.2584951094312,84.60264228891059,85.52684020996094,9809727
2013-04-29,85.91190396128593,85.95040887738206,84.71814734584758,85.75786590576172,7622802
2013-04-30,85.83489227294922,86.18146721172454,85.52682838531811,85.83489227294922,7105946
2013-05-01,85.1032181571438,86.06592678303774,85.1032181571438,85.29576110839844,8179888
2013-05-02,85.68088802850751,85.95044708251953,85.29580804447792,85.95044708251953,5769820
2013-05-03,86.91310119628906,87.9913305991142,86.83608524825718,86.91310119628906,9498987
2013-05-06,86.8745984245217,87.18266224596618,85.95040082980887,86.95161437988281,5960203
2013-05-07,87.37522061752755,87.76030659266361,87.1056677913888,87.33671569824219,5886712
2013-05-08,87.33672534531357,88.64600309248388,87.105677412939,88.60749816894531,8341747
2013-05-09,88.53046328520765,88.95404800557776,87.37521160928446,87.72178649902344,6254500
2013-05-10,87.68331481249221,88.22242674387238,86.99016477033562,88.18392181396484,7327649
2013-05-13,88.02984404807202,88.10685999821217,87.10564651601142,87.9913330078125,6319081
2013-05-14,87.99136421889872,88.83854610131989,87.83733226398235,88.60749816894531,8261412
2013-05-15,88.72302859245437,89.5317056381311,88.2224216200562,89.49319458007812,8378409
2013-05-16,88.95405109697364,89.91675983863642,88.95405109697364,89.60869598388672,6890711
2013-05-17,89.60869259746863,90.41736325081597,89.3391336695596,90.34034729003906,8563012
2013-05-20,90.34036323835582,90.80246521497456,90.22483621160593,90.76395416259766,6861811
2013-05-21,90.84098328285867,91.57264434085428,90.84098328285867,91.11054229736328,7055909
2013-05-22,91.57258962335258,92.9203777601481,91.45706264891541,91.88065338134766,14296358
2013-05-23,90.57142426835406,91.45711729738609,90.30187138423118,91.11054229736328,9261175
2013-05-24,90.49440490664271,91.14904995469641,90.45589998051102,90.60993194580078,8558317
2013-05-28,91.53413265095497,91.80369166359854,90.80247772839242,90.8794937133789,9874516
2013-05-29,90.18633405570827,91.26456386038119,90.10931807897313,91.03351593017578,8187170
2013-05-30,90.80247772839242,91.49562159327088,90.49440765806474,90.8794937133789,6123627
2013-05-31,90.84098074246619,91.61114670649215,89.76275084498248,89.80126190185547,10276107
2013-06-03,89.99379104867991,91.57263389770276,89.80125417203259,91.03351593017578,9435366
2013-06-04,90.84098328285867,91.49562222495435,90.14783328281304,91.11054229736328,8075494
2013-06-05,90.6869487757373,90.80247581597474,89.37767092816027,89.80126190185547,9338922
2013-06-06,89.53167317736445,90.07078488197254,88.95404429828652,90.03227996826172,8905176
2013-06-07,90.64838608861126,92.22722817428114,90.3788333655546,91.88065338134766,10233039
2013-06-10,91.95774235685326,92.11177435818833,91.03354421846,91.57266235351562,8685872
2013-06-11,90.45587718763883,91.22604295040442,90.41736614082957,90.80245208740234,7550020
2013-06-12,91.26457363401902,91.38010067668417,90.1863437138771,90.4944076538086,7061542
2013-06-13,90.30186655448192,91.6111443686472,89.87827559159642,91.18755340576172,7288671
2013-06-14,91.18755273927756,91.45711173739475,90.34037081969859,90.57141876220703,5810405
2013-06-17,91.45712554806124,91.84220551039175,91.07203945534846,91.53414154052734,8195892
2013-06-18,91.76517807251503,94.15269193232838,91.53413012393418,93.69058990478516,15183693
2013-06-19,93.19000132272755,93.76762437324459,92.34281921386719,92.34281921386719,9615608
2013-06-20,91.72174644937459,91.9546458485223,90.05266910508726,90.24674987792969,13090041
2013-06-21,91.52766157344384,91.76055476708581,90.09147761030647,90.67371368408203,13568294
2013-06-24,89.74215081567228,89.8585943436941,88.3447790446712,89.00464630126953,10174530
2013-06-25,89.93621657673832,90.24674703938744,89.04345617255882,89.70332336425781,7630585
2013-06-26,90.94542953734687,90.98424816365214,89.3539832663281,90.24674987792969,6788133
2013-06-27,90.8677845625705,91.13949636711338,90.28554851245921,90.51844787597656,6440961
2013-06-28,90.5184662509636,90.98425271386951,89.89741145441342,90.01385498046875,9582431
2013-07-01,90.09149474829701,91.76057222258282,90.01385748963956,90.59609985351562,7466931
2013-07-02,90.32435199909563,90.59606375811354,88.81053728657581,88.88816833496094,9926306
2013-07-03,88.61645487735302,89.19869081875117,88.34474312354324,88.9269790649414,4475489
2013-07-05,89.93618924598238,90.20790100097656,89.08224154705202,90.20790100097656,4734313
2013-07-08,90.67370999876076,91.33357711026414,90.32436713282578,90.51844787597656,7403560
2013-07-09,91.2947684639671,92.38161580087805,91.25595601870126,91.68292999267578,6581494
2013-07-10,92.07108417581715,92.10990279993301,90.67371875645416,91.37239837646484,5937918
2013-07-11,92.80859005384666,93.0026646394427,91.7217427136685,92.92503356933594,6806224
2013-07-12,93.1191231662635,93.15793561532723,91.56648925818344,92.22635650634766,6939621
2013-07-15,92.10989458242422,92.14870702373582,91.45002746605726,91.72173309326172,7481266
2013-07-16,91.83818582274314,91.87700444468368,90.59608261076495,90.94541931152344,7969306
2013-07-17,91.37239837646484,91.64411020725092,90.94542440789861,91.37239837646484,5604351
2013-07-18,91.60528958998583,92.92502382271974,91.45002746605726,91.72173309326172,8646581
2013-07-19,93.9730446137157,96.84541220555944,93.54607071874754,95.95265197753906,21640116
2013-07-22,96.14673561871602,96.72897785910163,95.99147349301631,96.49607849121094,8672163
2013-07-23,96.53491127963275,96.57372372708316,95.60333220937615,95.91385650634766,6792577
2013-07-24,96.22432761035455,96.41840827834467,95.33156766040958,95.56446075439453,5735078
2013-07-25,95.52568790424111,95.83621215820312,95.17634502886325,95.83621215820312,6249784
2013-07-26,95.68094635009766,95.71975879067908,95.09871030664861,95.68094635009766,6492563
2013-07-29,95.21518343396592,95.48689531994297,94.94347154798888,95.05992126464844,5339371
2013-07-30,95.37042435996415,95.64213618541865,94.71055719767574,95.02108764648438,6510570
2013-07-31,95.37041921331735,95.83621177172314,94.55528996028366,94.59410858154297,8128411
2013-08-01,95.48682972306621,96.53485791500647,95.17630559775293,95.56446075439453,6664187
2013-08-02,95.17635847683796,95.87503814697266,94.71056585073944,95.87503814697266,5367081
2013-08-05,95.37042039587477,95.48687008175544,95.05989613931463,95.17634582519531,3749992
2013-08-06,95.0598840933573,95.09870271017886,94.12830526238501,94.36119842529297,4780761
2013-08-07,93.97304094325577,94.47764587402344,93.5072484490562,94.47764587402344,5836613
2013-08-08,94.9822510628007,95.25396283687682,94.01185363519748,94.43882751464844,4668293
2013-08-09,94.4776616708464,94.86581699812932,93.97305665570792,94.1283187866211,4332555
2013-08-12,93.70133528289446,94.32238992256406,93.39081105273003,94.20594024658203,5710226
2013-08-13,94.32238078981416,94.32238078981416,93.5460641102291,93.93421936035156,5953901
2013-08-14,93.93423144458829,94.28357430431004,93.35199540483235,93.42962646484375,5839158
2013-08-15,93.04149256905684,94.16715246719245,92.84741178470944,93.1579360961914,8338617
2013-08-16,92.69214770153754,93.35201493938666,92.6145166252813,92.96385955810547,7577668
2013-08-19,92.76977963464336,93.00267286556313,92.22635591648825,92.57569885253906,6722884
2013-08-20,92.26516382841022,92.5756881002371,91.72174017337164,92.07108306884766,6354074
2013-08-21,92.0710702786306,92.34278206840457,91.45002182125091,91.64409637451172,6655695
2013-08-22,91.83817781096873,92.3816013946815,91.64409707687977,92.30397033691406,6475411
2013-08-23,92.49804489166227,92.5756759494297,91.7605467532013,92.30397033691406,4317302
2013-08-26,92.14870133580307,92.34278206840457,91.45002182125091,91.64409637451172,5414552
2013-08-27,90.67373013753746,90.79017366581738,89.70333238559778,89.97504425048828,10723750
2013-08-28,89.89741118600534,90.82899028837804,89.89741118600534,90.05267333984375,6022530
2013-08-29,89.8974041309958,90.44082162678365,89.62569229343099,89.70332336425781,4612392
2013-08-30,90.98424302559893,91.21713623225274,89.43160928922364,89.81977081298828,9655963
2013-09-03,90.47964452636413,91.02306822716652,88.96582930471155,89.50924682617188,10860820
2013-09-04,89.23753104106255,89.97502925484278,89.12108135284825,89.93621063232422,6599940
2013-09-05,90.59607799757136,90.63489043819428,89.62568047122494,89.89739227294922,6322941
2013-09-06,89.85857365298533,90.75134011874496,89.12107548774027,89.89739227294922,7664472
2013-09-09,90.24674365738923,91.0618729601949,89.97503183000681,90.7901611328125,5880473
2013-09-10,91.87700962334507,92.92503214337505,91.68292886138552,92.6533203125,7452951
2013-09-11,92.96384573062821,93.50726318359375,92.07107921745859,93.50726318359375,7220459
2013-09-12,93.77898981463802,93.93425196858453,92.26517454464602,92.57569885253906,6401252
2013-09-13,92.26515171835997,92.76975668351865,92.18752066059254,92.30397033691406,3979499
2013-09-16,93.39080787269432,94.0506749289951,92.88620292618899,93.70133209228516,7666496
2013-09-17,93.66254444074261,94.98227890258991,93.58490718595897,94.90464782714844,7472231
2013-09-18,94.98226349662708,96.69015923800613,94.71055168698203,96.49607849121094,10660964
2013-09-19,97.00456424702286,97.35659761276517,95.43997289415297,95.6746597290039,10373260
2013-09-20,96.02671470656541,96.06583230131032,93.87540266892697,93.91452026367188,14179215
2013-09-23,94.65770473335961,95.36177166950644,94.46213542760057,94.97062683105469,8641657
2013-09-24,94.73589377718885,95.9875691866173,94.73589377718885,95.12704467773438,6890919
2013-09-25,95.0488211853412,95.75288786509195,94.65767026239905,94.77501678466797,6144723
2013-09-26,95.04883170871024,95.87023877474093,93.71892714116997,94.85325622558594,7148659
2013-09-27,94.2665211921419,94.2665211921419,93.64068348063401,94.0709457397461,5373842
2013-09-30,93.40603328367042,94.18832917293715,93.17134638497048,93.44514465332031,7374869
2013-10-01,93.64072463163556,94.73593643787369,93.48426669173494,94.54036712646484,6048112
2013-10-02,94.42301283387448,95.24442006462506,94.070979384429,95.16619110107422,7141377
2013-10-03,94.73593723919939,94.85328380858435,93.24958057063736,94.26656341552734,7819028
2013-10-04,94.57943693443028,94.57943693443028,93.48422560948983,94.0709457397461,6949971
2013-10-07,93.24957173672907,94.38390104354443,93.09311381032695,93.64071655273438,6047361
2013-10-08,93.56249042727914,93.56249042727914,92.58462524414062,92.58462524414062,8845353
2013-10-09,93.2495741872861,93.2495741872861,91.91966932405214,92.19347381591797,7323100
2013-10-10,93.48424029758007,94.85325622558594,93.17132450612688,94.85325622558594,7965780
2013-10-11,95.12705614720826,95.79200528599137,94.65767625534667,95.43997192382812,7131736
2013-10-14,94.69681372210178,95.36176300048828,94.50123820718818,95.36176300048828,4596179
2013-10-15,94.93149951793511,95.6355663820239,94.46212575983128,94.61858367919922,5919159
2013-10-16,95.24440597011693,95.43998146351898,94.3838874983993,95.28352355957031,6307980
2013-10-17,95.3617237270447,96.53516387939453,94.77500365086979,96.53516387939453,9482106
2013-10-18,98.60826686990013,100.72046706244761,98.13889320062194,99.93817138671875,20554739
2013-10-21,101.18985616356538,103.06736358086894,100.87694033632572,102.24595642089844,12682983
2013-10-22,102.44152240612597,102.63709790532972,101.62011527256239,101.77657318115234,9046107
2013-10-23,101.65925465274098,101.69836602480527,100.29023831874605,100.5249252319336,8251709
2013-10-24,101.07249498071052,101.77656171699152,100.40754583063709,101.4636459350586,7223694
2013-10-25,101.97215158913984,102.01126918086948,100.91605133563317,101.22897338867188,5711791
2013-10-28,101.22896976450316,102.32418134359627,100.75958981521609,102.05037689208984,6667171
2013-10-29,102.4415249486666,102.87178732143416,101.97215121124712,102.51976013183594,8020136
2013-10-30,102.83267591103275,103.57585410841598,102.44152490309112,103.14559173583984,8313181
2013-10-31,103.06736358086894,103.41939699997997,102.16772746408851,102.24595642089844,8941692
2013-11-01,101.89393686386835,104.20170697105162,101.81570789641583,103.81056213378906,11608811
2013-11-04,104.00611883418412,104.00611883418412,102.9109071956468,103.38028717041016,5877197
2013-11-05,102.95001126737084,103.73230074434791,102.71531819734564,103.34115600585938,5195164
2013-11-06,103.53672680741121,105.53157422390873,103.45849786325044,105.21865844726562,12239868
2013-11-07,105.37510998956655,106.35297484615207,104.04521179199219,104.04521179199219,12424075
2013-11-08,103.34114831163582,105.84448690544151,103.26291936976261,105.80538177490234,7868418
2013-11-11,105.68806144136276,105.76629663416611,105.1795700497421,105.64895629882812,4984583
2013-11-12,105.29689053926072,106.15741512679756,104.86662201856068,105.80538177490234,7837390
2013-11-13,105.4924891499444,106.1965560913086,104.63196427204011,106.1965560913086,7176640
2013-11-14,106.19654855968564,106.3921240799571,105.06222548675095,105.57071685791016,6772045
2013-11-15,105.64894077881026,107.29175504767787,105.49247041618932,106.3921127319336,10787517
2013-11-18,106.7050175260192,107.56554216220961,106.04006836903532,106.4703369140625,8155370
2013-11-19,106.11829325447678,106.90058264159886,105.29688628453292,105.72714233398438,7453827
2013-11-20,105.57070946302196,106.27477630513502,105.140453311656,105.453369140625,6319624
2013-11-21,105.68805340732165,105.68805340732165,104.67107070138785,105.25779724121094,6335294
2013-11-22,105.10133757198916,105.96186234375355,105.06221997921216,105.92274475097656,4600540
2013-11-25,106.15744312436964,106.27478345466054,104.5537338256836,104.5537338256836,6747172
2013-11-26,104.51462023106143,105.41426267470115,104.51462023106143,104.74931335449219,7626808
2013-11-27,104.94486999511719,105.21866821162266,104.63194173557055,104.94486999511719,4738236
2013-11-29,104.63194968000602,105.10133587803288,104.16257593584484,104.27992248535156,4466600
2013-12-02,104.24080489320504,104.59284454172519,103.88877769855058,104.27992248535156,7230287
2013-12-03,104.04522132096272,104.04522132096272,103.02823878804647,103.88876342773438,6832807
2013-12-04,103.02826520558989,104.2799348992901,102.48065621194591,104.20170593261719,9378756
2013-12-05,104.16256426046955,104.20168184823146,103.06735275325404,103.45850372314453,5937563
2013-12-06,104.71018805779359,105.53159524859367,104.35815462546982,105.37513732910156,5289021
2013-12-09,105.33597639401697,106.9005673990345,105.14041341551811,106.35295867919922,6411268
2013-12-10,105.96184944055437,107.1352899039106,105.88361426452725,106.15742492675781,6440293
2013-12-11,106.04007172205701,106.11830689775903,103.81053734171812,103.96699523925781,8380162
2013-12-12,103.65409797195038,104.43639387340917,103.57586900449786,103.81056213378906,6460220
2013-12-13,104.00611323600516,105.3751292672221,103.69319742096103,104.98397827148438,8311783
2013-12-16,105.37513540611698,105.96186193390481,105.10133716546883,105.5315933227539,8379870
2013-12-17,106.00094050601142,106.15741083729857,105.37510899631376,105.72714233398438,7643835
2013-12-18,105.7271599255783,107.44820931746936,104.98397554375929,107.21351623535156,11532503
2013-12-19,107.1346966902369,108.0416184783321,105.79403734109191,107.72615814208984,10586659
2013-12-20,107.52895314244307,108.3175721597028,106.54316367758224,107.88383483886719,16307944
2013-12-23,108.15985466223455,108.39644665852083,107.52895941164404,108.04156494140625,6239706
2013-12-24,107.96270747750464,109.06678683029298,107.883851840666,108.86962890625,3152822
2013-12-26,109.145625016287,110.24970419254866,108.83017741010622,109.73709869384766,5167579
2013-12-27,109.77653278327749,110.17083601368901,109.46107262246778,109.73709869384766,3962639
2013-12-30,109.77655609729034,110.32858324803011,109.61881970607145,109.97370147705078,4972898
2013-12-31,110.01312837374083,110.76232596446408,109.73711481643792,110.5257339477539,6323859
2014-01-02,109.85540189569868,110.17084954061053,108.08099319978137,108.43587493896484,8649816
2014-01-03,108.5147566179429,108.83020430207087,108.08100663629293,108.3570327758789,5752981
2014-01-06,109.0667909980824,109.34280456951137,107.05579013970194,107.48954010009766,6125610
2014-01-07,108.35703151939511,108.39646561811183,107.29238618183457,107.60783386230469,5159796
2014-01-08,107.84440564227448,107.88383973358384,106.93748431530685,107.29236602783203,5397859
2014-01-09,107.76552439731576,107.88382665690432,106.18827392778682,107.331787109375,6533502
2014-01-10,107.2135421426514,107.37127857306082,105.91231702885133,106.30663299560547,8102057
2014-01-13,106.38545817108165,106.858629662817,105.20252316442776,105.3996810913086,7181982
2014-01-14,105.83342556663555,106.46433348578603,105.43912224112745,106.34603118896484,5205264
2014-01-15,107.05579501261326,108.04158471536903,106.50376784462841,107.80499267578125,6648663
2014-01-16,107.3317978684649,107.5289557662479,106.77975826559835,107.2529296875,6812463
2014-01-17,105.99117669599933,106.14890055905381,103.62529364091473,104.80823516845703,20290427
2014-01-21,105.39966249523731,105.43909658458219,102.67890492718848,103.66468811035156,12506934
2014-01-22,103.70413622575569,103.74357032282104,102.48177337646484,102.48177337646484,10156273
2014-01-23,102.44232578409482,102.44232578409482,100.66792347353507,101.8114242553711,12112292
2014-01-24,100.82565861602193,100.90452053130964,98.38092041015625,98.38092041015625,19949139
2014-01-27,99.60329445947542,99.72159047693945,98.18376735917057,98.8541030883789,12634072
2014-01-28,99.87931637302546,101.02282364101629,99.76102035312435,100.39192199707031,10521953
2014-01-29,99.91873978948732,100.62850332296944,99.2089762560052,99.72158813476562,8269216
2014-01-30,100.54966735839844,100.90454921673772,99.87933774923195,100.54966735839844,6279519
2014-01-31,99.40612298786944,100.0764523484912,98.89351744418045,99.0906753540039,8416177
2014-02-03,99.0906692574467,99.40611687190432,95.89674019046227,96.01502990722656,15743847
2014-02-04,96.72482161781414,97.71060511739677,96.21221595567978,96.8825454711914,9568409
2014-02-05,96.4488098392434,97.15857351639096,95.89677630604184,96.6854019165039,8400673
2014-02-06,97.78945290684064,98.97238791347185,97.0796893919357,98.38092041015625,9332287
2014-02-07,99.36668170717591,99.68212929829534,98.5780564520632,99.3272476196289,7244936
2014-02-10,100.11591872679519,100.11591872679519,98.3020816925116,98.77525329589844,6886767
2014-02-11,99.4061408088993,100.62851002524091,99.20898286373036,100.27362823486328,6799755
2014-02-12,100.82567703568367,101.06226282476824,99.95818953172358,100.11591339111328,5264106
2014-02-13,99.4849898205502,100.31304931640625,99.0118183463313,100.31304931640625,6751721
2014-02-14,100.43133412825146,101.92972294453355,100.07645240130793,101.49597930908203,5201612
2014-02-18,102.56064040936292,102.67893015182834,101.14111328125,101.14111328125,6096272
2014-02-19,101.25936768767603,101.6142493238628,100.03699900243575,100.15528869628906,7072205
2014-02-20,100.67240750093319,100.71217980217689,99.51890945029463,99.91666412353516,6734548
2014-02-21,99.91667258378345,100.1951040447078,99.20071411132812,99.20071411132812,7750962
2014-02-24,99.51894042813365,101.22929555370112,99.28028754990247,100.59288787841797,7934021
2014-02-25,100.95083263868788,101.34859364421742,100.11554465853298,100.5133056640625,6904712
2014-02-26,100.7519742400915,100.87129749470103,99.83712884988958,100.63264465332031,6214875
2014-02-27,100.2746709188983,101.66682211256,100.03601805682658,101.42816925048828,4760292
2014-02-28,101.58725409021969,102.18388931123566,100.67241510657153,101.30882263183594,6142344
2014-03-03,100.27464649553197,100.27464649553197,99.1211547770541,99.91666412353516,7138455
2014-03-04,101.5077036200773,102.34299799910038,101.26905079699692,102.02478790283203,7645045
2014-03-05,102.54186882409746,103.25783360202928,102.02478455829359,103.13850402832031,6286718
2014-03-06,103.65558599151899,104.53065262685004,103.49648411821532,104.29199981689453,7284623
2014-03-07,104.72952903423273,104.80907996777003,103.29760589840089,103.93401336669922,5693136
2014-03-10,103.89425992877064,103.93403223667993,102.7805339927223,103.5760498046875,4645548
2014-03-11,103.65558780218308,103.81469601042691,102.46231739940055,103.01918029785156,5188112
2014-03-12,102.14411466507359,102.74074987241016,101.94523415190773,102.46231842041016,4896068
2014-03-13,103.41692485327407,103.41692485327407,100.27464094601545,100.7917251586914,7901011
2014-03-14,100.43375630580388,100.95084058798112,99.79734877830033,99.87689971923828,6147456
2014-03-17,100.47353308671656,101.94523496512956,100.43375445090166,101.14971923828125,9517913
2014-03-18,101.5077036200773,102.34299799910038,101.30882310142972,102.02478790283203,4963049
2014-03-19,101.98499170631048,102.22364447348153,99.87687643256706,100.55306243896484,7354671
2014-03-20,100.91106033743135,100.91106033743135,99.91666415576822,100.5133056640625,7451803
2014-03-21,102.183878262079,102.74074111863287,100.79172745285484,101.03038024902344,11509571
2014-03-24,101.38837895040903,101.54748717232583,100.23488708360237,101.07017517089844,6499115
2014-03-25,101.7463589693001,102.26344326489291,100.99062184470166,102.22367095947266,6500763
2014-03-26,102.62143032119333,103.09874233297865,101.82591452299224,101.90547180175781,6641735
2014-03-27,101.74635615955094,102.8203033586609,101.46793103281384,102.66120147705078,6183993
2014-03-28,103.01915663265791,103.49646215126162,102.5418447818947,102.93960571289062,6195470
2014-03-31,103.49646188984306,103.73512098070158,102.66117406831664,102.97937774658203,6695737
2014-04-01,102.7407622998642,103.37717621967856,102.4225585060379,102.89986419677734,5946035
2014-04-02,103.09874411680542,103.65560075266785,102.8998635807737,103.5760498046875,5509451
2014-04-03,104.01358461032484,104.45111799629468,103.61582986497127,104.33179473876953,4644693
2014-04-04,104.88862598967971,105.00795555047809,103.37715199108848,103.49647521972656,6915229
2014-04-07,103.2180595804796,103.57604198544696,102.3827715236633,102.82030487060547,6351444
2014-04-08,102.46228816073143,103.0987018156167,102.10430587561842,102.42251586914062,5616328
2014-04-09,102.86007966566262,103.2578343606799,101.78613249087445,103.21805572509766,5253590
2014-04-10,103.77492569183664,103.85447663625328,101.70658847268099,101.7463607788086,7573119
2014-04-11,101.46792932831721,102.4623192377568,101.14971923828125,101.14971923828125,7787248
2014-04-14,101.74634351731059,102.42253592837667,101.14970836932555,102.263427734375,5230533
2014-04-15,102.10430036483585,102.97936671851426,101.74631809904388,102.70093536376953,6319811
2014-04-16,103.45673082314181,104.21246802625947,102.97941878337771,103.8942642211914,6989471
2014-04-17,105.28640388376394,106.43989571741348,105.20685294117298,105.6443862915039,14535109
2014-04-21,105.92279662613757,106.24100035204552,105.64437153204832,105.7636947631836,5243950
2014-04-22,106.20124364723188,106.47967511436708,105.68415935062134,105.72393798828125,5800097
2014-04-23,105.68414431013198,106.0421266694792,104.96817959143755,105.08750915527344,6169533
2014-04-24,105.16707686309033,105.96259264052048,104.33178877947746,105.24662780761719,5337180
2014-04-25,105.68414486181072,106.59898374879323,105.60459392955835,105.80347442626953,7042387
2014-04-28,106.28076534251754,106.79784949682939,105.52502842440627,106.51942443847656,7212822
2014-04-29,106.71834107631655,106.91722161296639,105.76371703326195,106.43990325927734,5774974
2014-04-30,106.59899544374818,106.99675648080881,106.00236022031842,106.95697784423828,6085651
2014-05-01,106.32055055240093,106.7183115155215,105.96256821845641,106.47965240478516,5379246
2014-05-02,106.47967124004168,106.87743227352246,106.0421379025095,106.12168884277344,4898030
2014-05-05,106.16147134173333,106.16147134173333,105.40572788348614,105.72393798828125,3461621
2014-05-06,105.44552697638129,105.5250779349717,104.17269897460938,104.17269897460938,5223688
2014-05-07,104.49087880861543,105.5250473022461,104.49087880861543,105.5250473022461,5074599
2014-05-08,105.3261856396922,105.80349767022753,104.61022075997013,105.16708374023438,4358304
2014-05-09,105.64437201029365,105.68414431013198,104.64997586408911,105.08750915527344,3638629
2014-05-12,105.72393359657484,106.83765308669112,105.4455021410055,106.7978744506836,4947545
2014-05-13,106.95698854124396,107.19564772021366,106.47968284762823,107.07632446289062,4274005
2014-05-14,107.03654486922689,107.23542540587674,106.08192715833407,106.43990325927734,4327986
2014-05-15,106.28078001978375,106.59898374879323,104.68975504257585,105.80347442626953,7049252
2014-05-16,105.36594443481837,106.12168148097984,104.88863249418539,106.0819091796875,6018002
2014-05-19,105.60462411257222,106.16148712965715,105.32619260402976,105.84327697753906,3782981
2014-05-20,105.84324021754163,105.88301884730191,104.01355622393159,104.61019134521484,4898781
2014-05-21,104.88863956527487,105.48527478216788,104.80908862516655,105.36595153808594,3639881
2014-05-22,105.08751323223329,105.6841484102388,104.64997992407449,105.44549560546875,3261117
2014-05-23,105.60459747531546,105.72392704378085,105.12729186577532,105.44549560546875,3095106
2014-05-27,105.60460738280874,105.92281115235504,105.20685267087586,105.68415832519531,3822230
2014-05-28,105.64438244751406,106.24101132915656,105.5250528718889,106.0421371459961,3798839
2014-05-29,106.1614405785761,106.36032104492188,105.60457780567178,106.36032104492188,3135085
2014-05-30,105.96260062140362,106.55924224853516,105.80349872036666,106.55924224853516,3950725
2014-06-02,106.24098929162652,106.7978520861526,105.84323467565058,106.71830749511719,3573025
2014-06-03,106.4001276831743,106.63878686689169,106.08193021326231,106.55924224853516,3889753
2014-06-04,106.36032702195428,106.36032702195428,105.56481144402589,105.60458374023438,4166940
2014-06-05,105.56481358749585,106.51943103396123,105.20683125355133,106.47965240478516,5225191
2014-06-06,106.55923594994103,108.34913539688894,106.4399000329742,108.11048889160156,7039591
2014-06-09,107.63315136399027,109.50262041995805,107.43428353314516,109.14463806152344,5901444
2014-06-10,108.62755075754055,109.22417956178843,108.34911300648041,109.02529907226562,4557681
2014-06-11,108.66732841146013,108.82644295164802,107.63315988617029,107.99114227294922,5158544
2014-06-12,107.79227817460193,108.03093735690035,106.95699003304318,107.23542785644531,5371505
2014-06-13,106.91719668851465,107.67292735442052,106.91719668851465,107.55360412597656,3992019
2014-06-16,107.19563499298658,107.27517960031648,106.4001129337549,106.67855072021484,5567334
2014-06-17,106.55923001132392,107.31496078838076,106.12169033547619,106.87743377685547,4444210
2014-06-18,106.9172118719901,107.15585836276858,106.16146843443939,106.95697784423828,5474730
2014-06-19,106.91684955332191,108.20017007381361,106.91684955332191,107.99964904785156,6594807
2014-06-20,108.36062394348495,108.44083749070016,107.75907341453629,108.16010284423828,10382650
2014-06-23,108.48095710830893,108.52105111787226,106.67627977020882,106.99710845947266,6519522
2014-06-24,106.9168597535977,107.79915107512596,106.31530300271413,106.59603118896484,5512623
2014-06-25,106.15490492580132,106.31531923260629,105.63355523648771,105.95438385009766,5479717
2014-06-26,106.11479313868232,106.11479313868232,105.07209380936486,105.43302917480469,4832405
2014-06-27,105.43303511386077,105.99449157714844,105.19241365147818,105.99449157714844,7335558
2014-06-30,106.03456967148993,106.07467643231996,105.15228477716555,105.39290618896484,6189147
2014-07-01,105.35282633938267,106.27521178986024,105.31271957073828,105.87417602539062,5855997
2014-07-02,105.67367010733985,106.87678395770173,105.63356971733887,106.71636962890625,4441185
2014-07-03,107.51841968384129,107.83924825796116,107.3981121607434,107.71894073486328,4280473
2014-07-07,107.47832258272172,107.63873688420371,106.99707967827574,107.27780151367188,5271430
2014-07-08,106.75647484939384,106.87678240204139,105.6736685691916,105.75387573242188,6073235
2014-07-09,105.994471925885,105.994471925885,105.31270166560802,105.55332946777344,7891705
2014-07-10,104.79134672485412,105.43301019058671,104.67103921429977,105.07207489013672,6935615
2014-07-11,105.0319818758596,106.47572326660156,104.75126005823249,106.47572326660156,7395026
2014-07-14,106.79654858078187,107.71894030428068,106.75644820137425,106.91686248779297,5273684
2014-07-15,107.27781977969042,107.47834088288266,106.47574813571303,106.71636962890625,8646999
2014-07-16,107.0371897417394,108.88196064998134,106.91687581972585,108.36061096191406,9803717
2014-07-17,107.9595966380607,108.20021174685812,106.67626923890528,106.71636962890625,7835032
2014-07-18,107.35798909445619,107.39809585232801,105.27259091055669,106.1147689819336,11560506
2014-07-21,105.5934309763823,105.5934309763823,103.14709724184641,104.1897964477539,12382634
2014-07-22,104.55073314228702,104.67104704623725,103.66844820503592,104.35021209716797,7206062
2014-07-23,104.55075176279061,104.63095891824435,103.90908813476562,103.90908813476562,6689874
2014-07-24,104.06949644034425,104.59085249730133,103.86898175547815,104.0293960571289,4592820
2014-07-25,104.14966584611436,104.22987296295504,103.18717405963422,103.42779541015625,5140203
2014-07-28,102.94661450748808,103.18724240177285,102.02422886071729,102.62578582763672,6881717
2014-07-29,102.5455344751437,103.14709118287782,102.06428527832031,102.06428527832031,4700927
2014-07-30,102.58566608144821,103.42785083618234,101.8637952586462,102.8262939453125,5391453
2014-07-31,102.38515491278609,102.50546246448094,100.8612060546875,100.8612060546875,7928158
2014-08-01,100.5403700932906,101.70337705854703,99.25704281629737,101.66327667236328,8387966
2014-08-04,101.58305154246086,101.94398687623004,100.6606598262965,101.3424301147461,5928153
2014-08-05,100.66066470644597,101.42264217440874,100.05910791579784,100.33983612060547,5778751
2014-08-06,100.7809951476157,102.54556542793776,100.62058082838558,102.02421569824219,9853566
2014-08-07,102.70597408874522,103.06690947932552,101.94400292218407,102.26483154296875,7546786
2014-08-08,102.10440107242472,102.94657926088978,101.46273754801695,102.90647888183594,4784517
2014-08-11,103.62831001006194,104.26997332917938,103.14706730901787,103.42779541015625,5816059
2014-08-12,103.66844757796915,103.70855434050794,102.62574836468742,102.7059555053711,4544723
2014-08-13,103.14713709085638,103.94921518628279,103.06692991975338,103.5882797241211,4146137
2014-08-14,103.82885006841526,104.06947146314106,103.18719301581312,103.78874969482422,4866438
2014-08-15,104.06950811476597,104.14972165898435,102.30494421426559,102.8262939453125,5877573
2014-08-18,103.74868037225843,104.5507583618164,103.6684732117422,104.5507583618164,5594210
2014-08-19,104.8314782935822,104.91168544773105,104.47054290771484,104.47054290771484,3367222
2014-08-20,104.59085386533893,105.87417467972553,104.31012564158083,105.71376037597656,6021028
2014-08-21,105.95438480788718,106.07469873127597,105.47313549872703,105.99449157714844,4629168
2014-08-22,105.63353654213245,105.75384405874745,104.71114486465055,104.8715591430664,4754241
2014-08-25,104.8715538600215,105.43301019058671,104.35020428923674,105.07207489013672,4560560
2014-08-26,105.15232094021871,105.39294243477042,104.31014251708984,104.31014251708984,5490651
2014-08-27,104.47054558173564,105.07210244544696,104.35023165523532,104.79137420654297,4418733
2014-08-28,104.3903496819404,104.63097117649211,104.1096214127655,104.31014251708984,2804189
2014-08-29,104.39031749024193,104.63093891059123,103.86896788728818,104.1897964477539,4572621
2014-09-02,103.82889425084542,104.39035079518273,103.34765125660994,103.6684799194336,5086910
2014-09-03,104.18981007289045,104.27001722349576,103.54814648365333,104.06949615478516,4165354
2014-09-04,104.22991016283872,104.79136018110621,103.8288680511105,104.1095962524414,5611299
2014-09-05,103.86900348254343,104.67108154296875,103.46796126013275,104.67108154296875,4390584
2014-09-08,104.83147227871868,105.35282194297051,104.51063729613666,104.59085083007812,4252471
2014-09-09,104.55074437308168,104.71115867265098,103.66845934105591,103.86898040771484,4520956
2014-09-10,104.22991684039046,104.39033114160107,103.66846040175864,104.06949615478516,3987533
2014-09-11,103.90906962854241,104.63094028345586,103.58824106386707,104.35021209716797,4711799
2014-09-12,104.1497223007274,104.1497223007274,103.46795186143827,103.7486801147461,5134131
2014-09-15,103.58824526094662,104.0694881274581,103.26741668327229,103.94918060302734,3202379
2014-09-16,103.94919220490522,105.35282696548285,103.78877789816406,105.1122055053711,5734639
2014-09-17,105.55335770286521,105.87418634571439,104.67107255063445,105.35283660888672,6178651
2014-09-18,105.91901748300039,106.60654561106402,105.67636390514363,105.99990844726562,6593346
2014-09-19,106.56609411592281,106.76830863854995,106.16167150898116,106.32344055175781,7980532
2014-09-22,105.91900560562935,106.24255011147024,105.27192947057208,105.4741439819336,4800417
2014-09-23,105.11015990392063,105.71679699661743,105.06971442652846,105.23148345947266,4524796
2014-09-24,105.19106011644303,105.19106011644303,103.89689478315664,104.86751556396484,7106968
2014-09-25,104.6653081221729,104.6653081221729,103.24981920629996,103.33070373535156,6403193
2014-09-26,103.45202130978612,103.93733489426187,102.84538415792605,103.65423583984375,6036991
2014-09-29,102.56225643826295,103.20933889060584,102.31960293300101,102.80491638183594,6415858
2014-09-30,102.56227321857638,103.93732284998936,102.44094966525107,103.61378479003906,8513580
2014-10-01,102.84538396179245,103.00715301020492,101.42989513071413,101.75343322753906,8780751
2014-10-02,101.87475858686554,102.11741214841769,101.14679146389656,101.59165954589844,5946682
2014-10-03,102.27919077183482,102.84538243286126,101.71299267249563,102.72405242919922,4519224
2014-10-06,103.53290615593865,103.65423616201291,101.38945659625445,101.99609375,6362650
2014-10-07,101.51075612922659,101.87473962295581,100.29748210900341,100.33792114257812,6674099
2014-10-08,100.9041345467163,102.1174087524414,99.73129938074881,102.1174087524414,7703408
2014-10-09,102.03654062932202,102.36008519092991,100.01441448210456,100.21662902832031,7097161
2014-10-10,100.25706331252648,100.58060785876651,97.91139915342977,98.154052734375,9981831
2014-10-13,98.03272265842654,98.39670624875468,96.65767926235404,96.85989379882812,8149256
2014-10-14,97.79008325960956,99.65044052535477,97.26433053918029,97.46654510498047,8815222
2014-10-15,96.49592324205489,98.67981864068607,95.80840145115613,98.19451141357422,13695870
2014-10-16,97.02166817688199,99.12467886901644,96.90033816067677,98.07317352294922,10787392
2014-10-17,101.10634690501826,102.11740657546424,99.89306628684601,100.37837982177734,10983513
2014-10-20,100.74239963781545,101.5916905818601,99.93354774722724,101.22770690917969,7067072
2014-10-21,102.19827850426302,103.24978345616458,101.63208055863403,102.92623901367188,6611375
2014-10-22,102.48137761651905,103.04757559848939,101.71297158811197,101.87474060058594,6265851
2014-10-23,102.80494921264987,103.89689355419713,102.72405824675226,102.88583374023438,6460283
2014-10-24,102.88584273417773,103.73513356721371,102.76451271303816,103.69469451904297,4290906
2014-10-27,103.7755562719348,103.9373253057321,102.64316015872926,103.20935821533203,4128275
2014-10-28,103.4519875976771,104.66526794433594,103.37110309967461,104.66526794433594,5964981
2014-10-29,104.66530230954325,104.74618683410291,102.68361536204962,103.77556610107422,6015665
2014-10-30,102.80495725779426,104.01823170482128,102.4005281499095,103.8160171508789,5461480
2014-10-31,104.58442432102507,104.86751695551938,103.81601163221684,104.38220977783203,8336363
2014-11-03,103.08803501246284,104.5035238089126,103.04759597050545,103.93733215332031,7325500
2014-11-04,104.05866215581786,104.34175476445766,103.49246406191288,103.93733215332031,4706144
2014-11-05,104.7461518503672,104.7461518503672,103.81597047112935,104.422607421875,6590738
2014-11-06,104.70573456551271,106.72786042505307,104.6248500461961,106.60653686523438,8392139
2014-11-07,106.32343921565916,107.2131753780627,105.99990113417154,106.80874633789062,5506759
2014-11-10,106.80876969603926,107.29408336271712,106.68744610810525,107.05142974853516,3396560
2014-11-11,107.05139961463233,107.17272316841496,106.12121803130076,106.68741607666016,3957089
2014-11-12,106.24254903368691,107.57715320617197,106.24254903368691,107.25360870361328,5864156
2014-11-13,107.05141191832358,107.86026360252377,106.64698285706704,106.84919738769531,5305463
2014-11-14,106.88962463412308,107.21316267728346,106.68741013799195,107.01094818115234,3535550
2014-11-17,107.05143060453634,107.90072148012125,106.84921603861079,107.61762237548828,5135904
2014-11-18,107.98157964657929,109.39707482403894,107.94114060625897,109.23530578613281,7673361
2014-11-19,109.15443052852166,109.19487601297166,108.264694253755,108.871337890625,7039299
2014-11-20,108.38600416882988,109.07352581131369,108.18378964869493,108.58821868896484,4423094
2014-11-21,109.55885565130438,109.59928825766313,108.62867392578096,109.15442657470703,7549707
2014-11-24,109.23532310955864,109.55886123668019,108.42646491512785,109.19487762451172,5008620
2014-11-25,109.23531333028293,109.31619141650928,108.54777877591745,108.62866973876953,5848381
2014-11-26,108.75000651401768,109.07354465146797,108.30514479418036,108.66912841796875,4025029
2014-11-28,108.3859915820138,108.79042057531755,106.93006394573094,107.13227844238281,6507169
2014-12-01,105.79768151308951,106.04033506250579,104.54396185030376,105.23148345947266,10217577
2014-12-02,105.43370587263249,105.95945848826517,105.27193682756284,105.35282135009766,5265108
2014-12-03,105.79767997013087,107.05139961463233,105.51458094745118,106.68741607666016,7169817
2014-12-04,106.20212440175887,106.28300893369644,104.82708092050677,105.51460266113281,6173706
2014-12-05,105.71681559596942,105.75725464216401,104.8675183661225,105.1910629272461,4671777
2014-12-08,104.66531673841648,105.51460758253016,103.57336584885853,103.89690399169922,7851516
2014-12-09,102.96671919729965,103.89689449207461,102.19831295915397,103.4520263671875,6783438
2014-12-10,103.6137919907777,103.65423103192579,101.71298966069138,102.19830322265625,9454521
2014-12-11,102.40051228423324,103.89688558727258,102.36007324269845,102.76449584960938,8534363
2014-12-12,102.52182506173382,102.60270956952735,100.5401385250133,100.66146850585938,10651052
2014-12-15,101.18723733414946,101.22767637540808,98.72024335305915,99.44820404052734,13265484
2014-12-16,99.24599962391576,101.8343237010239,98.67980151887832,99.04378509521484,10096741
2014-12-17,99.52910750446941,99.97397564408266,97.30476680640315,99.73131561279297,16189945
2014-12-18,102.58894097957516,102.67058700372719,100.75188918883603,102.6297607421875,10859756
2014-12-19,102.54810170386793,104.91585560057219,102.05822562112488,104.58927154541016,18093862
2014-12-22,104.71175746813142,105.2016401440776,104.34434708590373,104.95669555664062,7352856
2014-12-23,104.87503363088871,106.14055664475849,104.50762330435059,105.65068054199219,6551927
2014-12-24,105.69154765820268,105.89566604194448,104.91590689848536,105.44660949707031,3727769
2014-12-26,105.48740789909716,105.73235250952504,105.07917771326466,105.24246978759766,3125445
2014-12-29,104.9158706665039,105.52821910732928,104.834224640989,104.9158706665039,4352316
2014-12-30,104.54847731930762,104.91588774339078,103.77283670120346,104.38518524169922,4629064
2014-12-31,103.77280980758164,104.18103989580628,103.16046142578125,103.16046142578125,5885627
2015-01-02,103.44623543419561,103.93611811569077,101.5275439707485,102.30318450927734,8538620
2015-01-05,102.09905376675094,102.09905376675094,100.09871651615119,100.42530059814453,8770735
2015-01-06,99.85377250104102,100.30282886569772,97.6901431976288,98.26166534423828,13304295
2015-01-07,98.83318494199774,99.56800556215288,97.89424603870474,98.30248260498047,9106535
2015-01-08,99.28226320252276,99.52720129705276,98.50662265371376,99.48638153076172,9019294
2015-01-09,100.09871717579486,100.13953693684951,97.77178932894044,98.09837341308594,9000055
2015-01-12,98.26165928345294,98.54742358859527,97.03696254590207,97.89424896240234,8945573
2015-01-13,99.03732976191903,99.32308763616831,96.46545690224971,97.4043960571289,8591202
2015-01-14,96.54708803978104,97.36355476619022,95.56732926787548,97.07779693603516,8732675
2015-01-15,97.40440362161434,97.85346010035921,96.17970649737514,96.2613525390625,6568703
2015-01-16,95.97557043452663,96.54709262088238,95.73063235465987,96.30215454101562,10390099
2015-01-20,97.32272851961795,97.44519429611667,96.1388515202606,97.3635482788086,9298421
2015-01-21,97.28189778316822,98.3024827009272,96.79202170187098,98.13919067382812,7849930
2015-01-22,99.20060353982224,99.44554160069522,97.81260819702129,99.11895751953125,9834098
2015-01-23,99.73131411711654,101.60918573598732,99.15978542918421,99.93543243408203,13299850
2015-01-26,100.9151922666075,100.996838294425,99.60884282367233,100.38448333740234,8174317
2015-01-27,99.56801742317096,99.85377525489304,98.79237045441889,99.52719116210938,8012228
2015-01-28,99.89460470762242,99.97625073342695,97.2002663592904,97.32273864746094,10360866
2015-01-29,97.32272394441578,98.79235868579957,97.07778590400623,98.30248260498047,8437544
2015-01-30,97.48603570321612,98.4249682976292,97.24109761322937,97.52685546875,11416362
2015-02-02,97.97592066595746,98.87403357534541,97.56769047938495,98.83321380615234,8263540
2015-02-03,99.15977921864015,100.13953798021194,99.03731343527316,99.89459991455078,7871527
2015-02-04,99.64968221543081,99.7313282540048,98.30251283056735,98.62909698486328,6935093
2015-02-05,98.99648953861346,100.01707458496094,98.95566327723154,100.01707458496094,5351640
2015-02-06,100.18037802775234,101.0376646250124,99.8946136623563,100.0987319946289,5732365
2015-02-09,99.89460568311215,101.0376565544652,99.81295965651033,100.5886001586914,5693136
2015-02-10,101.11929582439838,101.24176810558143,100.22118309286161,100.9151840209961,5649693
2015-02-11,100.87437037760559,101.32342679953874,100.42531395567242,101.11930847167969,5102894
2015-02-12,101.28257084831726,102.01739141409045,100.87434081117992,101.60916137695312,5534199
2015-02-13,102.0173957871903,102.75221638446247,101.81328400933513,102.67057037353516,6901749
2015-02-17,102.5481247122553,102.91553510621051,101.97660248749118,102.75224304199219,7509644
2015-02-18,103.24210254257827,103.24210254257827,102.6705739472671,103.07880401611328,6414440
2015-02-19,103.12000947745362,103.86158509785406,102.79042322779534,103.03761291503906,6934446
2015-02-20,102.50203437480592,103.90278908591861,102.17244811744739,103.86158752441406,8323489
2015-02-23,103.90280257826147,104.23238887841858,103.40841656935551,103.69680786132812,6421471
2015-02-24,103.49081629672237,104.85036966428785,103.367224709734,104.60317993164062,8860648
2015-02-25,104.85034936438161,107.36346088974518,104.80915436291802,106.7454833984375,14234844
2015-02-26,106.86906533083095,107.15745653206531,106.33348448225351,106.66307067871094,7980741
2015-02-27,106.41590179140367,108.22863934289201,106.08631553064926,107.07508087158203,10752733
2015-03-02,106.62188668648359,107.61065193656113,106.49828857072305,107.56945037841797,6762530
2015-03-03,107.32226800543052,107.44586612959797,106.20990456393152,106.53949737548828,6373020
2015-03-04,106.12749025454355,106.16869180859962,104.9327304496051,105.71550750732422,6581995
2015-03-05,105.5507065033067,106.37467193603516,105.38590685809322,106.37467193603516,5920536
2015-03-06,105.92149117238456,106.20988236271286,104.35595023974757,104.72673797607422,6737031
2015-03-09,105.13873938269587,105.88031498708116,105.0151412624086,105.63312530517578,6591865
2015-03-10,105.05636118748166,105.63314377142689,103.69680786132812,103.69680786132812,7812747
2015-03-11,104.14996256582975,105.0151296360494,103.57318014657103,103.7791748046875,7553171
2015-03-12,104.10878898763734,104.68556496688734,103.69679958664612,104.64436340332031,6128301
2015-03-13,104.14998980061559,104.47957609285261,102.21365393704771,103.16122436523438,9453853
2015-03-16,103.24357658626522,104.97391699451931,102.83159389795107,104.8503189086914,7221878
2015-03-17,104.23238089479712,104.60316873340872,103.36721364381657,104.2735824584961,7148555
2015-03-18,103.7379912932296,106.49829247117917,103.44960005167208,105.63312530517578,7992342
2015-03-19,104.80914134306833,105.50951530896891,104.06756582215316,104.35595703125,7994846
2015-03-20,104.39717369792746,105.17995093634285,104.23238056099888,104.64436340332031,10565104
2015-03-23,104.97395608010747,106.04511802722381,104.85035794825951,104.93275451660156,6673953
2015-03-24,104.56195771491889,104.97394707997623,104.10877990722656,104.10877990722656,5383753
2015-03-25,103.94397710994087,104.35596646264747,102.62562561035156,102.62562561035156,7281764
2015-03-26,102.1724624633789,102.6668484775024,101.63688144063616,102.1724624633789,6782436
2015-03-27,102.66682819557089,102.66682819557089,101.80165448143828,102.41963195800781,5909436
2015-03-30,102.91401541715332,103.8203841101254,102.8728138589869,103.49079132080078,5692594
2015-03-31,103.36718783842387,103.36718783842387,102.213623046875,102.213623046875,7290841
2015-04-01,101.84285514363643,102.66682729136193,101.22487111384052,102.33723449707031,8085552
2015-04-02,102.21365711042291,102.99643441679355,101.76047266519214,102.7492446899414,6095667
2015-04-06,102.58442636633542,104.68555506000968,102.13124200333388,103.73799133300781,6978724
2015-04-07,103.69679680111913,104.14998119483406,102.99642270865141,103.07881927490234,4436490
2015-04-08,103.2024060398682,103.49079728765385,102.46083697813707,103.03761291503906,4682210
2015-04-09,103.36719680423666,106.41588902652455,102.66682280481055,106.00390625,12551004
2015-04-10,111.77171204920846,118.15748159084255,111.23613112409066,117.45710754394531,73595516
2015-04-13,115.60318356539065,116.13876449940736,113.29605358746767,113.83163452148438,32130811
2015-04-14,113.21366153722192,114.6968127484064,112.80167217470661,114.24362182617188,11638587
2015-04-15,114.07884175757593,114.73801431915254,113.00767978634404,113.13127136230469,11772736
2015-04-16,112.5132989055642,113.29606303294692,111.97771792689616,112.38969421386719,13012815
2015-04-17,112.8840821035118,114.1200371482744,110.90655140842381,112.26609802246094,18319384
2015-04-20,112.55449768957621,113.04889026709189,111.2773540301265,111.31854248046875,12871738
2015-04-21,111.35973275062386,111.4833243237939,109.38220199320573,109.67059326171875,16040335
2015-04-22,110.00017504568878,111.31852664393912,109.58819222081976,110.86534881591797,9818824
2015-04-23,110.32977172494068,111.52452523820268,110.04137389943644,110.61815643310547,7963756
2015-04-24,110.74175452048415,110.98893765064852,110.00017233664434,110.41215515136719,5782861
2015-04-27,111.07136947905087,111.2361626475314,110.45338525924238,110.74178314208984,7557261
2015-04-28,111.03014803573497,111.89531529474803,109.75299137058627,111.73052215576172,8018175
2015-04-29,111.03014344309152,112.26609849303475,110.82414874854445,111.60692596435547,7752631
2015-04-30,111.48330885952171,112.67807533134638,111.11252107410547,111.56571197509766,8969340
2015-05-01,111.60694435847334,112.55450174528343,111.19495490147857,112.51331329345703,5905826
2015-05-04,112.71929094444387,113.74925131354554,112.26609998694194,112.34850311279297,5467301
2015-05-05,112.26611728183921,112.71930830915645,110.61817256700262,110.90657043457031,6332331
2015-05-06,111.23613104775491,111.9777066539227,109.62938171483498,110.45335388183594,5792668
2015-05-07,110.32977038421713,111.73051857943477,109.8353844244129,111.40093231201172,6476496
2015-05-08,112.2660855290836,113.25485732526303,112.14249397356278,112.71927642822266,7766716
2015-05-11,112.26611728183921,112.47211201086147,110.65937413627533,110.90657043457031,6771794
2015-05-12,110.49458146845987,111.60694513972756,110.2061835996082,111.35974884033203,6216002
2015-05-13,111.31851832443766,112.22488703008062,110.90654208902761,112.1012954711914,7756053
2015-05-14,112.55445944390905,113.00765029974872,111.85408550064447,112.92524719238281,5628889
2015-05-15,112.80168095295554,113.04887721316926,112.26609998694194,112.34850311279297,7463572
2015-05-18,112.10132383646226,112.84289961211631,112.10132383646226,112.51331329345703,4692706
2015-05-19,112.34849907028219,112.84287845558157,112.10130281896305,112.67808532714844,6082667
2015-05-20,112.63689338329134,114.12004478316837,112.06011082585695,113.87284851074219,8382707
2015-05-21,114.03765282523823,114.49084384952756,113.50207178029528,114.20244598388672,8411398
2015-05-22,114.07882210176805,114.44960988310302,113.79043743510199,114.0376205444336,4859594
2015-05-26,113.37846374511719,113.6256600059048,112.80168121483901,113.37846374511719,9904188
2015-05-27,113.58445844288363,113.79045314065009,113.13126748432957,113.37846374511719,5284743
2015-05-28,113.29605358746767,113.83163452148438,112.47208796487986,113.83163452148438,5512498
2015-05-29,113.29606035604361,113.29606035604361,112.34850311279297,112.34850311279297,8693071
2015-06-01,112.30730420340885,112.63689047992155,111.52452695868647,112.38969421386719,6953122
2015-06-02,112.14246442744086,112.96642977605258,111.8540667174261,112.59564208984375,5493092
2015-06-03,113.0076730903421,113.54325404422346,112.71928839107484,113.41966247558594,5489128
2015-06-04,112.96647693639972,113.79045574633378,112.10130967984071,112.30730438232422,6961072
2015-06-05,112.30732423611666,112.80170373907015,111.89533475831776,112.43091583251953,6395013
2015-06-08,112.55447791146585,112.71928415323852,112.10130009860671,112.22489166259766,6220801
2015-06-09,112.38964747335726,113.17242439253906,111.93646981095438,112.59564208984375,6492291
2015-06-10,112.71928421032548,114.03762920646597,112.55447796846936,113.83163452148438,6922511
2015-06-11,113.5844536355793,113.8728383298432,112.71928643544871,113.3372573852539,6549569
2015-06-12,113.0488749421735,113.21366807322572,112.38968930062549,112.84288024902344,4626164
2015-06-15,112.84287105920274,112.84287105920274,111.68930611844333,112.1012954711914,5946598
2015-06-16,111.93649953048138,112.22488419972906,111.23612551887615,112.14249420166016,5752709
2015-06-17,112.01890372672823,112.88408407880657,111.68931745800283,112.34850311279297,7626245
2015-06-18,112.51471122570128,113.88582225588017,112.30696432408587,113.7196273803711,7862534
2015-06-19,113.3041222989151,113.76115480048202,112.93018060267244,113.1794662475586,12575563
2015-06-22,113.42875318028649,114.2597272906163,113.38720116754199,113.92733764648438,5739188
2015-06-23,113.92736977741431,114.67525330209273,113.80272693293985,114.4675064086914,6783792
2015-06-24,114.46750458884907,114.63369945514474,113.22103647717374,113.26258850097656,6772483
2015-06-25,113.3456645512459,113.63651545105347,112.26539144662088,112.34849548339844,4870611
2015-06-26,112.34848941528055,112.72243110275464,111.80835289214167,112.55623626708984,5378766
2015-06-29,111.76682725633292,112.05766498016449,110.22951474189662,110.68655395507812,6963534
2015-06-30,111.43441093060946,112.01609946846224,110.22948845331814,110.39568328857422,7419565
2015-07-01,110.81117481796176,111.6421555924016,109.98019404352192,110.76962280273438,6349045
2015-07-02,110.9358379137181,111.47598113812973,110.52035075777565,111.26823425292969,5425694
2015-07-06,110.22950805844043,110.68654724391064,108.85839050202978,109.3154296875,5812929
2015-07-07,109.60626001586596,110.31259140838876,107.73655148923868,109.9802017211914,6812212
2015-07-08,108.40131605642003,109.02454990398346,107.52878999272234,107.5703353881836,6683593
2015-07-09,108.73373051089573,109.68936081267704,108.06895111604656,108.1104965209961,6345706
2015-07-10,109.64780786957341,109.8555547359422,108.19359303390586,109.14922332763672,5291629
2015-07-13,110.06329914299074,110.22949398658942,109.02457144881372,109.9802017211914,5075622
2015-07-14,109.48160293307545,111.06046706595679,109.48160293307545,110.76962280273438,4652038
2015-07-15,110.5619060761546,111.30979625280202,110.52036066406532,111.22669219970703,5826910
2015-07-16,112.09919660197964,112.34849548339844,111.51750803127837,112.34849548339844,6392447
2015-07-17,113.26257028179627,113.55340794380126,112.30694003263017,113.1794662475586,8595000
2015-07-20,112.68091114182369,113.0548529356759,112.22387852095814,112.7640151977539,5151158
2015-07-21,112.22386709486054,112.80554251148111,111.35132751209859,111.55907440185547,6110106
2015-07-22,111.68371569562149,112.0161053836861,110.39568911822889,110.64498138427734,5035726
2015-07-23,110.43727657036438,110.52037401904242,108.85841181656353,109.10770416259766,4841211
2015-07-24,109.31541908926172,109.35697110866585,106.65628166665398,106.98867797851562,6494441
2015-07-27,106.11612665905778,107.94428290597895,106.03302924914827,107.81963348388672,7569635
2015-07-28,108.44290161132812,109.02458362890829,107.81966095652008,108.44290161132812,5792105
2015-07-29,108.40137254160479,109.1908016112757,108.23517764424871,109.10770416259766,5005365
2015-07-30,108.98305548594143,109.02460090083578,108.0689769847617,108.52601623535156,4615376
2015-07-31,108.98303822059566,109.2323305138443,108.23515472639211,108.44290161132812,4840439
2015-08-03,108.52600200853377,108.56754741798187,106.36544889795596,107.48727416992188,6798273
2015-08-04,107.570363567577,108.27669500555082,107.32107128613754,107.6119155883789,4587478
2015-08-05,108.40134958855786,109.39852537601006,108.15205729530923,108.44290161132812,5314916
2015-08-06,108.65063073897748,108.77528018004699,107.86120191742236,108.15204620361328,3609479
2015-08-07,107.81961774424254,108.2766567392537,106.4069553675471,107.15483856201172,5407728
2015-08-10,107.61192651913439,109.27388184533572,107.61192651913439,109.02458953857422,4899219
2015-08-11,108.15205902494611,108.15205902494611,106.53164917122886,106.8224868774414,5891637
2015-08-12,106.11614484261692,107.52881428205885,105.32671600597578,107.44571685791016,6567598
2015-08-13,107.07174116423288,107.65342294868483,106.44850737366401,107.15483856201172,3425960
2015-08-14,106.57318346995476,108.44289204044814,106.44854064155989,108.35979461669922,4337313
2015-08-17,107.81963799955955,109.02456041539563,107.19640409190811,108.89991760253906,4011257
2015-08-18,108.73375503776704,108.89995653842618,107.7781311348845,108.31826782226562,4246023
2015-08-19,107.61192537427573,108.15206200707492,106.44855467397423,106.90559387207031,6082479
2015-08-20,105.99149823745573,106.5316347824073,104.62038086616558,104.66192626953125,7229265
2015-08-21,103.45699567982479,104.41262587071668,102.04433301523575,102.16897583007812,13584299
2015-08-24,94.89791263401467,99.88379773946625,80.48041372195308,99.17745971679688,19037599
2015-08-25,102.75068430458056,102.79223632723611,96.68453216552734,96.68453216552734,12682065
2015-08-26,99.09435406622147,100.00843226488738,96.6845157516655,99.75914001464844,16477190
2015-08-27,101.50420869633844,103.91404724121094,101.29646182738935,103.91404724121094,13540959
2015-08-28,103.54010816369036,104.57882923965768,102.95841959873972,104.53727722167969,6873851
2015-08-31,103.78938918592583,103.78938918592583,102.12742770705026,103.12460327148438,7721916
2015-09-01,100.71478509308186,101.2133763143467,98.38804369906698,99.21902465820312,13634816
2015-09-02,100.29928715269611,102.12744374363469,99.01126713503874,102.08589172363281,10533429
2015-09-03,102.87535213844903,103.66478117983073,101.33803947130636,101.83662414550781,7003701
2015-09-04,100.46551214777745,100.46551214777745,99.09439429317901,99.7176284790039,7434296
2015-09-08,101.83661285912295,103.78941915279928,100.83943700677662,103.7063217163086,9642859
2015-09-09,104.70347395651011,104.78657137426113,101.7119470741036,102.0027847290039,7222045
2015-09-10,102.04436123565047,103.29082941552346,101.7950689225675,102.5429458618164,7312166
2015-09-11,102.79221536287321,103.70629353029435,101.79503978154615,103.66474151611328,6656947
2015-09-14,103.74785096711531,103.78940298611737,102.21053870980882,102.9168701171875,5474792
2015-09-15,103.45701851765527,105.74221446287275,102.62603757262549,105.11898040771484,9668295
2015-09-16,106.07460938298001,108.15205841038635,105.61757020008316,107.73656463623047,12841086
2015-09-17,106.89814447965206,108.70073816043721,105.93396848196436,106.26933288574219,10191912
2015-09-18,105.43089785888507,105.68242112034198,103.58638059423096,103.96366882324219,16248371
2015-09-21,104.34098742318609,105.6405346627886,104.1313813074686,105.17940521240234,6180342
2015-09-22,103.79601518981801,105.47284406759486,103.12527963451511,105.26324462890625,9223908
2015-09-23,104.84402181146372,106.18549278653603,104.71826349568708,105.38899230957031,8594791
2015-09-24,104.25713773696762,106.6885431194347,103.33487891204659,104.42481994628906,11109065
2015-09-25,104.80210788670553,104.96979009543914,104.21521348248471,104.46674346923828,8127409
2015-09-28,103.50255540510827,103.71216149201047,101.90956115722656,101.90956115722656,8897623
2015-09-29,101.9934117510828,103.12527671732843,101.69997121048883,102.99951171875,8677797
2015-09-30,103.67024152189407,105.80820633757288,103.50255931549829,105.724365234375,9130698
2015-10-01,105.43091246798775,106.10164793179881,103.92175934282605,105.59859466552734,8288809
2015-10-02,104.25714559621387,106.85623338393016,104.089463374252,106.77239227294922,8904905
2015-10-05,110.54526763105304,114.02469705266711,109.91645596943832,112.43170928955078,21997846
2015-10-06,113.14436939312553,114.90503949028037,113.01861105684534,114.40199279785156,15004766
2015-10-07,115.28230447256689,116.41416931152344,114.52772791326251,116.41416931152344,13703048
2015-10-08,115.8272693794683,118.21675725326503,114.9888584357259,117.50410461425781,10665700
2015-10-09,117.29455603597548,118.09105683343147,116.91726758952908,117.67184448242188,9875476
2015-10-12,117.29450207911383,118.09100251017018,117.00106157677995,117.7556381225586,5266548
2015-10-13,117.25257850560418,118.552125373601,116.83336639404297,116.83336639404297,9014870
2015-10-14,116.28842488912896,116.7076371048771,115.19848380602937,115.70153045654297,8160336
2015-10-15,116.53992201847552,118.09099894852983,115.8691932634816,117.50410461425781,16062516
2015-10-16,119.93550313614006,122.36691462562261,118.30059196579055,121.48657989501953,29634440
2015-10-19,120.7320390991744,123.91801462170051,120.52243298766216,121.52852630615234,27342329
2015-10-20,120.81588322196204,121.57045994498242,120.31283652238453,120.64820098876953,15681999
2015-10-21,120.69011276304863,122.5765543811452,120.64818887213384,120.94164276123047,13647356
2015-10-22,121.36080593667172,124.67255209344309,121.1931237696342,124.00182342529297,17001036
2015-10-23,124.50488203419519,125.04985246688992,123.33110675078576,123.70838165283203,16039271
2015-10-26,123.75028885480664,124.33718309105419,123.28916624959231,123.87606048583984,10173821
2015-10-27,123.2892265623451,124.25340946876295,122.53464979621889,123.49883270263672,14106851
2015-10-28,122.9538209181063,124.00183792143253,122.19924440457397,123.20533752441406,14831180
2015-10-29,122.28308251689049,123.16341736016065,121.8219598265318,122.99573516845703,8841827
2015-10-30,122.4926924256781,122.95382847776891,121.19314538883857,121.23506927490234,14819474
2015-11-02,121.31888837566477,123.24725341796875,121.06737178566244,123.24725341796875,12416375
2015-11-03,122.4507764706622,124.88218850487232,122.32501815163096,124.04377746582031,19996067
2015-11-04,123.87606847199902,124.88216150131157,123.49878024918097,123.83414459228516,21937459
2015-11-05,123.54074411844701,124.67260927556687,122.8700151426615,124.25341033935547,25580616
2015-11-06,123.4149472647953,125.55290521851492,122.61844684408959,125.4271469116211,26314334
2015-11-09,124.7564395779705,125.55292678820588,123.16343846288534,124.71451568603516,30352447
2015-11-10,124.21145556182094,126.89438414527974,124.12760778703827,126.26557922363281,49967267
2015-11-11,126.60092195995605,129.20001567109387,126.60092195995605,128.57119750976562,41231379
2015-11-12,127.4812751296613,129.53539873673395,126.2236519725754,126.43325805664062,61094507
2015-11-13,125.1756115979142,127.81662936088682,124.96601887782182,126.93629455566406,51571608
2015-11-16,125.2594903107305,128.2777970712671,124.79836752637499,127.27169036865234,59427840
2015-11-17,128.15199804301884,128.90657457212214,125.76251014996002,127.1039810180664,90002762
2015-11-18,126.68477491189783,128.1520041557385,126.18172831760243,127.94239807128906,37094987
2015-11-19,127.3555300231163,127.90050055926946,126.81055948696314,126.89439392089844,20642961
2015-11-20,126.85243136939128,129.91266089515076,126.64282532747463,128.52926635742188,43977100
2015-11-23,128.2358856201172,129.2000685229842,126.85249043821081,128.2358856201172,28251073
2015-11-24,127.1458851669957,129.40960105562968,126.93627912507904,128.52926635742188,30438937
2015-11-25,128.4454792971516,128.48738984314198,127.02016035617174,127.27169036865234,11301076
2015-11-27,126.89440202358526,127.35553815524841,126.55903757181623,127.27169036865234,6915875
2015-11-30,127.14590532693371,127.6489518989139,125.51099395751953,125.51099395751953,16633832
2015-12-01,125.72061828571893,126.8105593569074,125.21755829339595,126.47518157958984,11318854
2015-12-02,126.13982646733172,126.72672093685699,125.2594914366977,125.63677978515625,9206923
2015-12-03,126.13982996787078,126.81057224335979,125.63678327173513,125.88831329345703,13139431
2015-12-04,126.05600306339524,127.94243162353557,125.59486688721478,127.8166732788086,12144801
2015-12-07,127.52319708430824,127.60703150828122,126.26557394627189,127.31359100341797,13913859
2015-12-08,126.05594398804845,127.35549076556563,125.38520198678955,126.55899047851562,11114491
2015-12-09,125.84638451152401,128.2358729095106,125.59485449956999,127.73282623291016,10550039
2015-12-10,127.60706117368389,129.6611852271739,127.31362060060317,128.48739624023438,9824333
2015-12-11,127.10396217248515,128.31966120728725,126.39130963339741,126.85243225097656,13126452
2015-12-14,126.85243225097655,127.69085642447,124.79832238998381,126.85243225097656,13575410
2015-12-15,127.4393453982668,128.31968023311904,126.6847688691635,127.1039810180664,12383177
2015-12-16,127.69093623392688,130.91883661639335,127.52325396388389,129.87081909179688,15405835
2015-12-17,130.67320185556497,131.1377735538685,128.94158709540687,129.02606201171875,12107430
2015-12-18,128.35032158237618,129.15277961482715,127.88574981689453,127.88574981689453,17349168
2015-12-21,128.47706833490807,129.23728910640796,127.33673717765826,128.39259338378906,8496553
2015-12-22,128.77268981933594,129.3639740716856,127.37896085400016,128.77268981933594,8817309
2015-12-23,128.89937926642992,130.92662980539467,128.89937926642992,130.71546936035156,7464970
2015-12-24,130.50425163388277,130.63095054778057,129.61733234232648,130.20860290527344,2820882
2015-12-28,129.8285134356552,130.92660672370872,129.2794667916284,130.5042724609375,5541585
2015-12-29,130.9688761267277,132.9539027791554,130.9266386560077,132.1092071533203,6969397
2015-12-30,132.10921200937273,132.78495777716677,130.96888094086398,131.1378173828125,6077847
2015-12-31,130.33537283755504,132.9961318875243,130.03972397835284,131.56016540527344,10914634
2016-01-04,129.0260823544432,129.91300187986656,127.75905253996135,129.7018280029297,13120985
2016-01-05,129.5751390731017,130.25088477383022,128.60374454294913,129.8285369873047,11513181
2016-01-06,127.84350230727085,129.74405357840274,126.9143454021773,127.75904083251953,13073243
2016-01-07,125.22496714380107,126.53423429428804,121.84622578664127,122.35303497314453,19252709
2016-01-08,123.324441615176,123.74677592242223,119.69227513231041,120.1568603515625,15544512
2016-01-11,120.53698855036616,126.3653292594446,119.31218257009505,120.70592498779297,12192835
2016-01-12,121.46614281583123,121.972952116162,119.69229009396189,120.95932006835938,9949593
2016-01-13,122.09965205253314,122.73317376835128,119.10100680251476,119.26994323730469,11626172
2016-01-14,119.56552108717057,123.53554511809975,119.48104619636504,122.73310089111328,13612468
2016-01-15,118.84760939718078,121.4661443186658,118.67867296164702,120.32581329345703,14486324
2016-01-19,121.29720788313205,122.01519109593579,119.10100732691077,120.32581329345703,10847674
2016-01-20,117.96068936862058,120.07240152955642,116.06013766606536,118.2563247680664,18375368
2016-01-21,118.80533281748149,122.43748515651598,118.80533281748149,120.74810791015625,11692923
2016-01-22,120.57921069228256,120.62144816276535,117.0315321145528,119.26994323730469,18335013
2016-01-25,119.607838661281,120.32582192559263,118.25633363291321,118.4252700805664,9358244
2016-01-26,118.55195030265966,120.5369767811036,118.4674888157638,119.56558227539062,8854138
2016-01-27,119.10100694301251,120.70592324612188,117.49610408704433,118.2563247680664,9622744
2016-01-28,119.18547935195949,119.73452611579513,117.9606868625233,119.14324188232422,8361069
2016-01-29,120.19907506824488,122.94432181218403,119.69226587048283,122.90208435058594,10761998
2016-02-01,122.52199888663895,122.6064603797902,120.62144720147218,120.95932006835938,9065575
2016-02-02,119.39665564875304,119.4811171425774,117.91845175898524,119.26994323730469,8361466
2016-02-03,119.90345305006508,121.17048290877955,117.70726616867466,121.08602142333984,9235718
2016-02-04,121.0015430619414,124.42253568595575,120.3257974090129,123.2399673461914,11267398
2016-02-05,123.11328475774859,123.3244586641351,119.52335524346054,120.5369873046875,10847236
2016-02-08,119.18545516922337,119.39662902741158,117.24266643160243,118.97428131103516,10035895
2016-02-09,117.20046406554808,120.53698205749954,117.20046406554808,119.43888854980469,7727091
2016-02-10,119.81898132492827,121.21272361982129,119.31217205730364,119.52334594726562,6779974
2016-02-11,117.20044620521267,118.38300102328948,114.45519940718674,115.93340301513672,16807731
2016-02-12,116.44024564028572,119.35441589355469,115.55332601283095,119.35441589355469,12028451
2016-02-16,120.70592606757047,122.60646436740875,120.03016686467681,121.88848114013672,9852773
2016-02-17,123.07102082305164,125.05603360082098,122.9865458998052,123.91570281982422,7982327
2016-02-18,123.7468070665199,123.95798099686013,122.43753945612475,122.8176498413086,6479855
2016-02-19,122.22635317925423,123.02881134405929,121.12825961012175,122.56423950195312,7525419
2016-02-22,122.56419447986852,124.5492069799607,122.56419447986852,124.21133422851562,8036224
2016-02-23,123.36669044411931,124.00021220311018,122.81764363185076,123.40892791748047,6500074
2016-02-24,122.05739493943987,122.69091655330583,119.94568312083142,122.31080627441406,9374875
2016-02-25,122.60878502667961,124.65226409938491,122.52363385270604,124.43939971923828,7487067
2016-02-26,124.7374409665931,125.84432524780135,124.69486536621011,125.16316986083984,6123210
2016-02-29,125.3334859667603,125.8017905632431,123.97116134174937,124.05631256103516,7129232
2016-03-01,125.20573815238774,127.58979542237623,124.78000928299275,127.2066421508789,6746609
2016-03-02,126.78096879156878,128.48387145996094,126.69583111328738,128.48387145996094,7765401
2016-03-03,128.5689608733974,129.42040502079638,127.97294319282302,128.6540985107422,5866096
2016-03-04,128.65412605233527,130.22931500571923,128.65412605233527,129.67587280273438,6893131
2016-03-07,128.82440637163916,129.6332885972582,128.27096420537146,128.95213317871094,5476796
2016-03-08,128.05812961313683,128.65414752076063,127.58983854237232,127.97299194335938,6499386
2016-03-09,128.39867095931956,128.5689597873609,127.5897888600306,127.93036651611328,5179181
2016-03-10,128.44125470598024,128.95213483122984,126.82350378880298,127.46209716796875,6916710
2016-03-11,128.31350517042324,130.18669562056616,128.31350517042324,129.1649627685547,6710489
2016-03-14,128.65409419974952,129.29268745499317,128.05807653914673,128.86695861816406,4624015
2016-03-15,127.84523726467509,129.29269917535854,127.84523726467509,128.9095458984375,6030126
2016-03-16,128.73929991360149,129.03730209271995,128.01556871734616,128.4412841796875,6853924
2016-03-17,128.6541099200119,132.44306721022656,128.4838210754306,131.80447387695312,12653958
2016-03-18,132.35794745872028,132.6133875636804,131.54907864347015,131.63421630859375,10928447
2016-03-21,131.3361922749535,132.8262299370059,131.0807522125359,132.35792541503906,5710727
2016-03-22,131.8896012054875,132.99648527232293,131.84702561335024,132.2301788330078,5432726
2016-03-23,132.1450071482044,132.99645099757805,132.01728040470923,132.27272033691406,5682933
2016-03-24,131.5916116658592,132.4430694580078,131.2084719251423,132.4430694580078,5759700
2016-03-28,132.57073867029735,134.95479529780167,132.400449879389,134.06077575683594,8239398
2016-03-29,133.93312881432146,134.44399543979233,133.16682209871826,134.01828002929688,8043882
2016-03-30,135.21030034640617,136.019182658675,135.08258708044562,135.50831604003906,7322787
2016-03-31,135.76364981129197,136.4448048374066,135.21020796387774,135.33792114257812,7685922
2016-04-01,134.10339053396586,136.31715901751897,133.89052609442558,135.9340057373047,8221203
2016-04-04,134.9122602767347,134.9973979118406,132.35790079213064,132.95391845703125,9374979
2016-04-05,131.76196565816767,132.52827254922434,131.0382343843468,131.88967895507812,6527388
2016-04-06,131.50643564232772,134.10335675190305,130.44212726752806,131.54901123046875,7646047
2016-04-07,130.78271987807386,131.0381598814591,129.8887001984094,130.39956665039062,7003430
2016-04-08,131.54902339743003,132.3153298356935,130.655003737719,131.08071899414062,5594001
2016-04-11,131.25102458694374,131.97475552565092,130.7401580810547,130.7401580810547,5242948
2016-04-12,130.61243622898883,131.6767447680943,130.1867073914307,131.16587829589844,5749746
2016-04-13,131.88967895507812,132.40054569751692,131.71939004093187,131.88967895507812,4943768
2016-04-14,131.9322232568411,132.31537661142403,131.3787810285317,132.0599365234375,4485692
2016-04-15,132.27276685710888,132.4004800907352,131.67674917553578,132.10247802734375,5099722
2016-04-18,131.54902357796723,132.7836208664255,131.54902357796723,132.2301788330078,4397428
2016-04-19,132.57079719751428,132.86881287926192,132.0173549940322,132.61337280273438,4772603
2016-04-20,132.8262372740418,133.46481713317098,132.18764386011952,132.61337280273438,5540166
2016-04-21,132.48569693198854,133.16685258857362,131.33623659540353,131.88967895507812,8273744
2016-04-22,132.10247795485316,132.74105767742444,129.03725191118224,130.95301818847656,11788886
2016-04-25,131.16594540181453,131.37880992949738,129.42046711865257,130.6125030517578,7402601
2016-04-26,131.29357125641025,131.88958882602162,130.8678424845753,131.54901123046875,5985451
2016-04-27,131.71934867515424,132.01735079262494,131.20848209315042,131.67677307128906,4787522
2016-04-28,130.8678424845753,132.91132161268027,130.69755368679887,131.54901123046875,6015060
2016-04-29,130.91043090820312,131.84702616519854,130.27185124262704,130.91043090820312,6030877
2016-05-02,130.44216107591217,131.9321986087391,130.39958547673626,131.5064697265625,3587131
2016-05-03,130.4421422434197,130.74014428504478,129.20753137431186,130.39956665039062,5783174
2016-05-04,129.42049697125876,129.50564822389188,127.24930268671218,128.01560974121094,8303624
2016-05-05,128.3135150679404,128.73924389984487,126.86605330521263,127.24920654296875,6614421
2016-05-06,126.35517265279665,128.73922944516156,125.2057130685882,128.22836303710938,5905429
2016-05-09,127.93038436931131,128.10067322111715,126.14234464795405,127.16407775878906,5666073
2016-05-10,127.674959733137,130.1015792954984,127.63238413086592,129.76100158691406,5661086
2016-05-11,129.84611800322898,130.91042644610474,129.1649627685547,129.1649627685547,4926616
2016-05-12,127.03636874228047,128.56898201440126,127.03636874228047,128.10067749023438,9863374
2016-05-13,127.58983854939281,128.1858564570494,125.75922276892966,126.18495178222656,7358865
2016-05-16,125.80173932743388,128.270933913959,125.674012550525,127.54720306396484,5362261
2016-05-17,127.24923204412161,128.10067632377314,125.92948324456748,126.48292541503906,6994374
2016-05-18,126.44031262568228,127.078905813702,125.2908530201198,126.05715942382812,5801954
2016-05-19,124.86515328456942,125.37601976553488,123.71569353630458,124.99286651611328,7103859
2016-05-20,125.71658609636538,126.35517930614738,125.29085728984403,125.84429931640625,7304112
2016-05-23,125.6740542068349,126.31264763868232,125.20576320064826,125.54634094238281,4927639
2016-05-24,126.52547639426648,127.58978492540112,126.39774961108175,127.07891845703125,5053858
2016-05-25,127.71752417220418,129.07984858684404,127.54723531472325,128.10067749023438,5771239
2016-05-26,128.0154995864886,128.6966548022341,127.71748401350882,127.8026351928711,4725654
2016-05-27,128.31350066105736,128.52636505310946,127.88777187695317,128.22836303710938,4068723
2016-05-31,128.22837965286158,129.16497496638138,128.01551523322667,128.69667053222656,6321689
2016-06-01,127.8877906598563,128.31351950648735,127.24921094469978,128.18580627441406,4408341
2016-06-02,127.76007768807195,127.93036651611328,127.07892237590657,127.93036651611328,3971111
2016-06-03,127.80267488160688,127.93038813552307,126.90865499460871,127.46209716796875,4966679
2016-06-06,127.71748307426911,128.6966538557935,127.50461868221701,128.22836303710938,3894073
2016-06-07,128.3135223388672,129.46298211727006,128.27094674230625,128.3135223388672,5352370
2016-06-08,128.6966994955324,129.8461594873741,128.39869737385177,129.0372772216797,6080685
2016-06-09,128.39868013208655,129.1224110916629,127.80266241396744,128.7392578125,5535221
2016-06-10,127.80268735288577,128.9095718076182,127.4195339989558,127.88782501220703,6140925
2016-06-13,127.63241370810562,128.27099367098623,126.82353129667516,126.99382019042969,6877502
2016-06-14,126.95123085960869,129.6758799748389,126.82351759179265,129.59072875976562,9118638
2016-06-15,129.76097414808166,131.5915891107207,129.71841210960278,130.22927856445312,9132138
2016-06-16,129.28563206505484,131.85932994615956,129.02825681395151,131.43038940429688,14109334
2016-06-17,131.47326775345576,131.77354114195583,130.61537305234447,131.25880432128906,11609103
2016-06-20,132.3311576149844,134.3472201239047,132.245361328125,132.245361328125,9993057
2016-06-21,132.45986412677226,133.01749912727658,132.4169659750068,132.7172393798828,7518992
2016-06-22,132.97462236999516,133.40357664170043,131.98804666555134,132.03094482421875,7514297
2016-06-23,133.2319616182637,133.8753928517396,132.84590560967433,133.7895965576172,8394267
2016-06-24,129.15692809055713,131.04430983999822,127.61270417601811,127.9129638671875,17875914
2016-06-27,126.71194060359863,127.05509851746717,125.12481818010313,125.76824951171875,11276120
2016-06-28,127.87006900657812,128.68506538397833,127.2695360154821,128.42770385742188,7972665
2016-06-29,130.87270212616144,131.34454063096157,129.97189593590147,131.04428100585938,7484334
2016-06-30,131.51616689124367,135.11935197795253,131.47326874149533,135.0335693359375,11375110
2016-07-01,135.03350102747382,135.67691831829123,134.34717195113396,135.07638549804688,6823313
2016-07-05,134.04698198983746,135.24803459664312,133.48934700802153,134.90487670898438,6752410
2016-07-06,134.13275784002886,136.40619580248506,134.13275784002886,136.14883422851562,6699284
2016-07-07,136.4490757345248,137.6930262625911,136.14881605248513,136.49197387695312,7828563
2016-07-08,137.22121638523237,138.42226902222015,137.22121638523237,138.12200927734375,8040105
2016-07-11,138.37933297667723,139.40880628200551,138.03617520823445,138.16485595703125,7924798
2016-07-12,138.59381051654478,139.36590866970062,137.82169870591187,138.37933349609375,7948148
2016-07-13,138.37937856865852,139.3230695715334,138.3364804191002,138.80831909179688,6774090
2016-07-14,139.40884151142336,140.35253244185563,139.36594336515816,139.9664764404297,7069013
2016-07-15,140.52411368703108,141.33912384958975,140.43833105056638,141.0388641357422,8828243
2016-07-18,141.0817757110672,141.2962528296268,140.09520008616965,141.16757202148438,7984476
2016-07-19,140.48124323952334,141.339137977326,140.3525487857414,141.2533416748047,7002220
2016-07-20,141.38203641071038,141.5536153586133,140.26676642060042,140.60992431640625,7419565
2016-07-21,140.39542440625084,140.91016116632713,139.36593722861835,139.79489135742188,8848608
2016-07-22,136.10592435014337,137.56435200188,135.93434542979082,137.52145385742188,12053115
2016-07-25,137.5643320015448,137.60723013976602,134.60457898392886,135.7198486328125,9541846
2016-07-26,135.848556267864,136.1059314906354,134.3043322461969,134.99066162109375,7700445
2016-07-27,135.0764366637395,135.37671001633979,133.48932824206332,134.17564392089844,8191343
2016-07-28,133.83251995202636,134.3043586862692,133.3177830626296,134.0469970703125,6321940
2016-07-29,134.17560612072506,134.81903713147446,133.44639250302805,133.5750732421875,10443997
2016-08-01,133.48934594092552,133.91828646832917,133.06039175604016,133.61802673339844,6500847
2016-08-02,133.44649276080057,133.66096992551945,132.97464026692174,133.18911743164062,5634002
2016-08-03,133.10327243392229,134.00406517795156,133.10327243392229,133.5322265625,4174494
2016-08-04,133.8324771535461,134.04695420324433,133.3606249127142,133.70379638671875,4234526
2016-08-05,134.13274577660127,134.90485774403072,133.91826871259534,134.17564392089844,4502365
2016-08-08,134.26140008290528,134.69034042524027,133.87534421457073,134.13270568847656,4263822
2016-08-09,133.96115550585085,134.47589222136156,133.61799769551035,134.2614288330078,4195944
2016-08-10,134.04692308299988,134.43297895133443,133.83244608309448,134.13270568847656,3868199
2016-08-11,134.30433427297342,134.56170949962885,133.83249562449947,134.2185516357422,7926280
2016-08-12,133.83251040457674,134.17566830636076,133.74671410038954,134.00408935546875,4450136
2016-08-15,134.26146461054796,134.47592805605123,133.91829305128155,134.00408935546875,4080032
2016-08-16,133.57511947979188,134.21855071326777,133.31775791238613,133.7895965576172,4670609
2016-08-17,134.0898708511549,134.3901305676855,133.74669932978736,134.2185516357422,3672056
2016-08-18,134.0469645624945,134.81907653808594,133.78958935147068,134.81907653808594,5851135
2016-08-19,134.3472568414231,134.69041476768763,133.74672364171855,134.0469970703125,5162884
2016-08-22,133.7037962541395,134.81906598548122,133.31774029656128,134.3472137451172,4269331
2016-08-23,134.90481116678833,135.4195477481967,133.96112060546875,133.96112060546875,6701538
2016-08-24,134.1327662813632,134.475924173239,133.7038257452594,133.9182891845703,4599977
2016-08-25,133.7895699338883,134.2614221427029,133.53220841769672,133.8753662109375,3553077
2016-08-26,134.1326994659382,134.9477092962745,133.57506475504368,133.96112060546875,4645987
2016-08-29,133.74671721993886,134.90488540858524,133.70383272432738,134.51882934570312,4433840
2016-08-30,134.43304100540604,134.99067599957314,134.26146205777633,134.5617218017578,3784692
2016-08-31,134.21856645845438,134.47592805605123,133.78961225248312,134.00408935546875,6972715
2016-09-01,133.61795100762424,134.21848379462534,132.8029412497318,133.83242797851562,8608480
2016-09-02,134.04697270379884,134.90486736351554,133.96117640908676,134.2185516357422,4341736
2016-09-06,134.30438776218986,134.43308225551297,132.11674526553244,133.18911743164062,8545902
2016-09-07,132.9316739424408,133.23193359375,132.11666394963314,133.23193359375,5689568
2016-09-08,132.97461708894195,133.1890942162767,132.54567649175644,133.14620971679688,6313322
2016-09-09,132.2024552953913,132.2024552953913,129.1569061279297,129.1569061279297,9310440
2016-09-12,128.68508260691522,131.1300993813088,127.99876690093822,130.7869415283203,8640134
2016-09-13,129.628749424643,129.75744383869102,127.48400641357708,128.04164123535156,9403607
2016-09-14,127.87007613106091,128.68507255386993,127.26954310650525,127.39822387695312,10657959
2016-09-15,127.74409812168022,129.04099035293456,127.18211102933425,128.6086883544922,7324018
2016-09-16,128.089925066022,128.60867916865735,127.70085604802757,128.3060760498047,13549410
2016-09-19,128.73833884428632,129.51647672669458,127.0956109614628,127.22529602050781,6364465
2016-09-20,128.2628173828125,128.82480432233714,128.04666644236931,128.2628173828125,6186101
2016-09-21,128.60862229587104,129.3435270573024,127.91695046489227,129.04092407226562,6057794
2016-09-22,129.5165295813572,130.16498266934897,129.3868444693887,129.86236572265625,6130471
2016-09-23,129.77590007606486,129.90558517454946,128.86807685852602,129.2139129638672,4762024
2016-09-26,128.82479471810564,128.86802765578494,127.61435504749292,127.70082092285156,5405558
2016-09-27,127.96021440505878,129.55972327895375,127.39822740473065,129.170654296875,5319193
2016-09-28,129.34359325436628,129.4300591595241,127.96023512035087,129.25714111328125,5581836
2016-09-29,128.8680632963957,130.12172248734004,127.2685542724343,127.65762329101562,8111467
2016-09-30,127.96022599553932,129.04098091257958,127.87377386061917,128.04669189453125,7536875
2016-10-03,127.35501021701978,128.39251834275873,127.09562630354966,128.13314819335938,4130278
2016-10-04,128.43575428559893,128.60867231058984,127.3117802411225,127.5279312133789,6495171
2016-10-05,127.61438334383882,128.39252133833344,127.0956292688661,127.5279312133789,5203386
2016-10-06,127.09566332026644,127.52796538060139,125.97168897465542,126.53367614746094,5860880
2016-10-07,125.62585100925334,126.27429032627246,125.0206308863808,125.7123031616211,7895794
2016-10-10,125.36643517909879,126.7065601950215,124.5450642378352,124.76121520996094,7090734
2016-10-11,124.28571707070341,125.49614346879119,124.02633310336208,125.02062225341797,6456464
2016-10-12,125.02054789029113,125.45284965736592,124.54501319369577,124.93408203125,4748043
2016-10-13,124.41537192177486,124.93412596625319,123.89661787729655,124.37213897705078,5924459
2016-10-14,125.19350272586199,125.49610579352087,124.58828282647477,124.89089965820312,5880390
2016-10-17,124.93413953829563,125.32320855493788,124.06954937024157,124.71800231933594,8290687
2016-10-18,125.4961360144905,125.71228701375694,124.9341489220269,125.27999877929688,5751228
2016-10-19,125.62576293945312,126.31743472979768,125.49606415571483,125.62576293945312,6090429
2016-10-20,125.79873720175127,126.23103914627217,125.19351723223623,125.66905212402344,5932952
2016-10-21,122.94558450410679,125.36645092055976,122.47004955290608,125.27999877929688,13386341
2016-10-24,125.36645836715732,126.27428160674157,124.93415634294631,125.02062225341797,6497675
2016-10-25,125.10705269046842,125.40966956053364,123.7237084755574,123.8533935546875,5525518
2016-10-26,123.59401857843069,125.66906257913709,123.42110053905053,124.80445861816406,5082424
2016-10-27,124.89085738390469,125.1934603491355,123.68041799485181,123.76688385009766,5306882
2016-10-28,124.84764938628788,127.9169676353702,124.80441645003206,126.31745910644531,14162063
2016-10-31,127.44145695450335,128.17636195349857,125.7554959984431,125.7987289428711,9090093
2016-11-01,125.36644852686352,126.23105250742084,124.11278927194246,124.84769439697266,6679440
2016-11-02,124.76119999322108,124.76119999322108,122.77263606753128,123.16170501708984,6442087
2016-11-03,123.63722740695933,123.63722740695933,121.86481440810259,122.2538833618164,4799374
2016-11-04,121.9944401548232,124.54498982097186,121.9944401548232,122.94549560546875,7483645
2016-11-07,124.717934012933,126.79296304386787,124.63146816144794,126.70649719238281,8608188
2016-11-08,126.96593217807784,128.04667317303293,126.62008239674802,127.18208312988281,7476237
2016-11-09,126.74979500829306,128.86805804942543,125.6690538958246,128.0899200439453,11277456
2016-11-10,129.04095672469998,133.32070134893976,128.95449084191551,131.46182250976562,16969403
2016-11-11,131.8076871889372,133.01812722684878,131.28893307157745,132.7587432861328,8912459
2016-11-14,132.8884096654243,133.36394452910884,131.80766863206162,131.89413452148438,7875012
2016-11-15,131.7644337196451,133.0181065131315,130.72692564648747,132.931640625,8385295
2016-11-16,132.4993891354403,133.06139009402577,132.0238678619665,132.88845825195312,5272015
2016-11-17,132.71552991259287,133.45043512827857,132.5426118479653,133.10459899902344,3721301
2016-11-18,132.93166678090986,133.5801197772769,131.93737769210952,132.58583068847656,5964376
2016-11-21,132.6722998493028,133.4936571479692,132.1967648874831,133.45042419433594,4619007
2016-11-22,133.7097559913801,135.04988068271172,133.4936050716082,134.79049682617188,5784384
2016-11-23,135.04987591010857,135.65509571126813,134.79049206273524,135.482177734375,5064876
2016-11-25,135.95772268895257,136.13064069631815,135.2660506594902,135.91448974609375,2746306
2016-11-28,135.4389909789304,135.8712929505962,134.92023687137464,135.09315490722656,4609909
2016-11-29,135.2228658797021,135.52546905935432,133.92597348050404,134.22857666015625,6556935
2016-11-30,134.7905456532753,135.17961469698923,132.93166633956338,132.9748992919922,9522691
2016-12-01,132.4561123588775,136.0009520629551,132.36964647542885,135.69834899902344,9327613
2016-12-02,135.56862984078793,136.13061670670743,135.13634178058874,135.482177734375,4465577
2016-12-05,135.871272885661,135.95772500878408,134.27176408514993,134.4879150390625,4619424
2016-12-06,134.8337513176244,135.04990227195046,134.05561338767856,134.74729919433594,3666882
2016-12-07,134.05563599753256,136.606201171875,133.70979991791006,136.606201171875,6864357
2016-12-08,136.60619047743145,137.03847866108106,135.74158658198988,136.30357360839844,5872815
2016-12-09,135.9577322538999,137.9895293064396,135.52543032303763,137.3843231201172,6515975
2016-12-12,136.90882296764767,138.29218123882683,136.8655900107821,137.73019409179688,6477017
2016-12-13,137.90308262791532,138.3353845758599,136.64942349576145,137.21141052246094,7198926
2016-12-14,136.64942405766493,138.24891924912313,135.91450523750868,136.17388916015625,9113379
2016-12-15,136.1306275443374,138.1192050830239,134.57436562840212,135.1363525390625,9051219
2016-12-16,136.26034824809904,137.7733912324632,136.0009643384104,137.25462341308594,15018704
2016-12-19,137.29786037671911,138.33538228176607,137.08170940633138,137.98953247070312,7293116
2016-12-20,137.98956175244453,139.97814009073642,137.94634256045254,139.41615295410156,8308549
2016-12-21,139.19992660895642,139.37284457557047,138.55147391110393,138.89732360839844,5835173
2016-12-22,138.98444999681016,139.15866934212875,138.4182336576111,138.5924530029297,5048329
2016-12-23,138.81023058884506,139.11511097610133,138.37467529191784,138.85377502441406,3127553
2016-12-27,138.89739016528014,139.59426783140648,138.72317074874857,138.94094848632812,3266793
2016-12-28,138.67961437780437,139.2458309564092,137.93917838021812,138.06983947753906,3940730
2016-12-29,138.24404774406563,138.85380866631274,138.0698144889573,138.11337280273438,3357811
2016-12-30,137.76493842159044,138.50537430878367,137.24228024257025,137.63427734375,5311535
2017-01-03,137.9391285053654,138.67956423523125,136.7631374517001,138.0262451171875,6708382
2017-01-04,138.287617218181,138.6360699238044,137.7214006395762,138.06983947753906,4474320
2017-01-05,137.50359145991033,138.2875855999035,136.37115856162183,137.28582763671875,5395334
2017-01-06,137.5471357471653,138.37468811448164,136.58892232572487,137.6778106689453,4615772
2017-01-09,137.80849983522108,137.89560259985365,136.89384453445618,137.02450561523438,4436678
2017-01-10,137.0245350359565,137.72141277327944,136.63253784179688,136.63253784179688,5676131
2017-01-11,136.06623689548346,137.2857860477275,136.06623689548346,137.06800842285156,5922894
2017-01-12,136.98091132632865,137.06802793574215,135.58715651695385,136.71958923339844,6242356
2017-01-13,136.5889892578125,136.9809864799293,136.10988924614904,136.5889892578125,5075455
2017-01-17,135.76140365717646,136.9809393650066,135.71784534355376,136.1969451904297,6015165
2017-01-18,135.93561758082723,136.50183403219262,135.58717882116503,136.02272033691406,5154246
2017-01-19,136.1098272775931,136.50182432124015,135.23871657275242,135.93560791015625,7866123
2017-01-20,133.97560279146094,134.58537742074347,131.97205956205468,132.9738311767578,17434281
2017-01-23,132.84319077482212,132.8867490838922,128.8361175611612,129.57655334472656,12330552
2017-01-24,130.05566103001829,130.92677179363088,129.8814416508272,130.66543579101562,7029095
2017-01-25,132.49473993807976,132.71251759588608,131.62362930685447,132.27696228027344,7956640
2017-01-26,132.58186223679803,132.79963992672717,131.23165165336326,132.0592041015625,5585279
2017-01-27,132.40760268226342,132.5818220078123,130.40407350462456,130.70895385742188,6261031
2017-01-30,130.49122619628906,131.1010010030084,129.6636875499956,130.49122619628906,5469409
2017-01-31,130.0121129617236,130.22989064655593,128.48768303555417,129.35877990722656,8075932
2017-02-01,129.48945071068067,129.83790335321564,128.7490148471526,129.3152313232422,5358922
2017-02-02,128.83612735077435,129.40234380873983,128.48768858705057,129.2716827392578,4529950
2017-02-03,129.7507769663934,129.79433527689125,128.66190240988863,129.35877990722656,6490288
2017-02-06,129.27170220916963,129.5765827064323,128.79258843614585,129.18458557128906,4950529
2017-02-07,129.5765452700578,129.83788124053643,128.61833186851038,128.74899291992188,4961630
2017-02-08,128.53123907307003,128.66191401635166,127.44236441833898,128.18280029296875,6715038
2017-02-09,128.5748053548058,129.358799592444,128.31348318736576,128.87969970703125,4520873
2017-02-10,129.53293400827474,129.576492296823,128.70539586410715,129.44583129882812,4754804
2017-02-13,130.14278309860973,130.9267772716004,129.48944999856485,130.83966064453125,7724671
2017-02-14,131.23167657178197,131.885009765625,130.31702119452964,131.885009765625,7309078
2017-02-15,131.92852775000213,132.18984985351562,131.4494141141346,132.18984985351562,5315103
2017-02-16,132.1898718442393,132.71254387352784,131.97209414331206,132.62542724609375,5411130
2017-02-17,132.45118163298744,132.58184268060916,131.53652656432507,132.27696228027344,4559141
2017-02-21,132.45115242778604,133.23514627595773,132.14627209467582,132.9302520751953,6310150
2017-02-22,132.9302451420255,133.06092002167338,131.79781272431947,132.1027069091797,6285841
2017-02-23,131.8831770892905,132.0587859687877,131.0490384062438,131.79537963867188,6040329
2017-02-24,131.0052198800852,132.54180908203125,130.74179939639444,132.54180908203125,5701420
2017-02-27,131.92716561193853,132.36619507538205,131.26863539504194,131.44424438476562,4918541
2017-02-28,131.66375203908407,132.05886176102223,130.25886621854372,130.87350463867188,8161171
2017-03-01,131.61985835651745,133.24424506751427,130.9174083927652,132.54180908203125,7696084
2017-03-02,132.717418078402,132.717418078402,131.70765586556823,132.54180908203125,5767504
2017-03-03,132.54179402569525,132.67349726344492,131.927155619084,132.23448181152344,4164269
2017-03-06,131.70765686035156,132.0588748557458,131.3564388649573,131.70765686035156,4886991
2017-03-07,131.40029792223638,131.6637183143231,130.78565965954363,131.0929718017578,6256295
2017-03-08,131.2246829068624,131.4441975603864,130.52223321993273,130.82955932617188,6741538
2017-03-09,130.61007423163628,130.96129216545506,129.77592115511655,130.21495056152344,5412736
2017-03-10,131.00519237445806,133.59543501078574,130.08324184251543,132.93690490722656,12355279
2017-03-13,132.71737192614123,132.8490751330524,130.78565965954363,131.0929718017578,6299049
2017-03-14,130.65395118714727,130.7856543887507,129.38076898468043,129.68809509277344,4757830
2017-03-15,129.73201074336376,130.96127333497796,129.38077888178054,130.65396118164062,5246349
2017-03-16,130.82959161199224,130.9173891081101,130.0393442555958,130.61007690429688,4425097
2017-03-17,131.04909816648512,131.88323722991103,130.69788024733037,131.18080139160156,9105805
2017-03-20,131.26859658004093,131.35639405980746,130.34663218377278,130.56614685058594,3938998
2017-03-21,131.092925238648,131.092925238648,128.80999591232174,129.02951049804688,5599405
2017-03-22,129.77591403882303,130.43445811232198,128.67835456125758,129.6442108154297,5425360
2017-03-23,129.51254066939077,130.52228893707178,128.98569968473058,130.03936767578125,5148737
2017-03-24,129.90758485878828,130.873440768115,129.64416452778605,130.4783172607422,5817541
2017-03-27,129.29297494165502,129.5563813518537,128.41491629895498,129.2490692138672,6048425
2017-03-28,128.6783874255702,130.52228893707178,128.41496693324012,130.03936767578125,5810759
2017-03-29,129.60031503126396,130.43446812608263,129.33690856425497,130.30276489257812,5750477
2017-03-30,130.214905825005,131.66369677709568,130.0832026396375,131.13685607910156,7503760
2017-03-31,131.09296572778973,131.88321288917078,130.5661389462903,130.82955932617188,10599304
2017-04-03,130.65397451286947,131.70762827033366,130.61006877840856,131.18080139160156,6241563
2017-04-04,131.26855300018028,132.102691683227,130.39049462443438,131.79537963867188,5228488
2017-04-05,132.10273930398952,133.55153055493062,131.48810101505285,131.57591247558594,5391307
2017-04-06,131.70762651164497,132.4978738083241,131.35640859718004,131.4003143310547,4496668
2017-04-07,131.35644633585665,132.54181762143224,131.35644633585665,131.6637725830078,3959509
2017-04-10,132.01491571256463,132.71735134484572,131.53198073167474,131.75149536132812,3861334
2017-04-11,131.7076460216372,132.14667546888532,131.0052100886548,131.8832550048828,4598954
2017-04-12,131.18079710505344,131.2686085711059,130.1710351367795,130.6978759765625,5642494
2017-04-13,130.39057840369725,130.8296078736578,129.73204817702532,129.77593994140625,4172824
2017-04-17,130.03932476924226,130.39054265761808,129.7320126114797,130.12713623046875,4543951
2017-04-18,129.95153542435497,131.268623697316,129.8637379264514,131.0052032470703,5363993
2017-04-19,131.2247356112518,131.9710773460319,131.13692412326856,131.70765686035156,5549243
2017-04-20,131.92713391177134,134.07836099181364,131.8393364271403,132.8929901123047,7737524
2017-04-21,132.89300042555243,133.37593555243026,129.29299575446205,129.73202514648438,15096994
2017-04-24,131.04909934428494,131.40031726659623,129.4686047156177,129.73202514648438,10137889
2017-04-25,129.2930145263672,129.9515447317455,128.72228182518072,129.2930145263672,8316040
2017-04-26,129.60034310986603,129.73206035017498,128.45887756347656,128.45887756347656,7797368
2017-04-27,128.5906063694607,128.67841788044333,127.40524881910585,127.66865539550781,6873288
2017-04-28,127.75641844704305,128.01982492353198,127.01007679987828,127.27348327636719,5024416
2017-05-01,127.36122770416415,128.06366324269126,127.0100099349006,127.05390167236328,5011187
2017-05-02,127.36129475404196,127.53690373112381,126.9222653222035,127.27348327636719,7044432
2017-05-03,126.96616840983381,128.59055490848868,126.65885620092456,128.3271484375,5611612
2017-05-04,128.50276204910298,128.67837102885633,127.53690567132553,128.19544982910156,4092740
2017-05-05,127.88814040930536,128.37107565068746,127.8003428970439,128.28326416015625,3532044
2017-05-08,128.01981212885823,128.41493578236953,127.31737629073434,127.62470245361328,4513424
2017-05-09,127.66859327021483,127.71249900434103,126.70273701076957,127.01006317138672,4974233
2017-05-10,126.96613840223982,127.01004412978358,125.5612529686883,126.00028228759766,5435063
2017-05-11,125.91252792487481,126.83449270828268,125.1222803838226,126.7466812133789,5845752
2017-05-12,124.50761907624354,124.90274273012379,122.26858037816666,124.11249542236328,14279415
2017-05-15,123.23443396722514,123.98077552427422,122.7954185666625,123.71736907958984,8297970
2017-05-16,124.02468030319439,124.15639750278876,122.92712084283669,123.10272979736328,6157451
2017-05-17,122.13686211543236,126.3515045857361,120.33685302734375,120.33685302734375,10946789
2017-05-18,119.67833170845942,121.39052946290866,118.9758819268092,120.6441879272461,10109177
2017-05-19,120.95148905158186,123.67344850853112,120.73197438850346,123.14662170410156,10117753
2017-05-22,123.93688376900417,124.24419594722461,123.19054221195509,123.71736907958984,5803039
2017-05-23,123.84906120016367,124.15638732910156,123.4100318606894,124.15638732910156,4982246
2017-05-24,124.33200565532486,125.12223895646427,121.25882800353381,122.18077850341797,11205008
2017-05-25,122.00516922889354,122.48809035488907,120.38076894144376,120.68809509277344,8190905
2017-05-26,120.55640269007195,120.95152641000247,119.81006099204066,120.51249694824219,6390068
2017-05-30,119.89782544311997,120.512449674562,119.239281508808,120.11734008789062,7602749
2017-05-31,119.98565497430927,120.4685901174979,119.37101660037233,120.20516967773438,7430561
2017-06-01,120.77591765827468,122.40031828301845,120.73201191635864,121.69786834716797,6758085
2017-06-02,122.35640859055624,122.66372081750886,121.25884894770464,122.40031433105469,7722083
2017-06-05,122.48806135210297,123.23440271990974,122.09293780699792,122.83927917480469,9078783
2017-06-06,122.83934329937233,123.10276379304057,122.0930015419604,122.61984252929688,7036336
2017-06-07,122.70755672858434,122.75146244409727,120.29292409275676,121.52218627929688,9084960
2017-06-08,121.52224464454729,122.13688302214877,120.8637145086126,121.12712097167969,8538411
2017-06-09,121.30272399838161,122.79542112180602,121.12711503884925,122.66370391845703,5292255
2017-06-12,128.37098927449213,129.38073686655977,126.13195153348136,127.05390167236328,29022706
2017-06-13,127.84420879314752,128.01981776040347,124.41981296425611,124.90274810791016,12274276
2017-06-14,125.03442474549738,126.43931016301,124.55148970455768,125.95637512207031,8580248
2017-06-15,126.08918661604942,128.17000852761024,125.86782018355463,128.125732421875,9988258
2017-06-16,128.3028803117469,128.4356945777665,126.7090527347666,128.39141845703125,17019649
2017-06-19,128.21435841879136,128.3914488474638,127.24035401299814,127.50599670410156,6365174
2017-06-20,127.10748114006928,127.15175725088083,124.3182835055042,124.5396499633789,9920401
2017-06-21,124.7610455436687,124.80532166481542,122.4145802771281,122.99012756347656,7044036
2017-06-22,122.94585172068122,123.21149435197665,121.92757141293274,121.97184753417969,7592087
2017-06-23,123.03436766870693,123.03436766870693,121.75044510841317,122.06036376953125,6622204
2017-06-26,122.14894317606112,122.54740009204698,121.75048626007528,122.23749542236328,5947203
2017-06-27,121.83905217974686,122.14895688420955,120.4223147532277,120.46659088134766,8623879
2017-06-28,120.68790478474921,121.30772801951193,119.75817698069633,119.8909912109375,6471822
2017-06-29,120.24521254344354,121.35203106075618,118.60712282936329,119.6253890991211,7664597
2017-06-30,119.93530413887933,120.37802307432167,119.13839032042175,119.58112335205078,5478256
2017-07-03,120.24521248333244,122.14894484293838,119.80247943815385,121.52912139892578,4312002
2017-07-05,121.92754803697869,122.01610026249537,120.55510131093904,121.08637237548828,4438284
2017-07-06,118.91701255768218,119.75820241898202,115.55227425676091,116.48200225830078,15993094
2017-07-07,116.21635354513631,116.43771296687821,115.02098306574416,115.77362060546875,8459808
2017-07-10,115.68507027306718,115.9507057961778,114.44543078379273,115.28661346435547,9756038
2017-07-11,115.24234944335298,117.10181228266651,114.71107132579544,116.79190063476562,8607645
2017-07-12,117.50028541239656,118.6956490086012,116.74764072075025,117.67737579345703,10638908
2017-07-13,117.67737401119855,118.78419944820261,117.32318620634902,118.60710906982422,5794045
2017-07-14,118.38573007488725,119.09409151361947,118.34145396092049,118.56282043457031,4394069
2017-07-17,118.47428657042693,119.00557182801056,118.29719618329446,118.73992919921875,5779022
2017-07-18,118.47427273129237,119.1826482932622,118.38573459616148,119.04981994628906,5455700
2017-07-19,118.87275279044546,119.66966664314828,118.82847666614256,119.27120971679688,5173234
2017-07-20,119.62536671759062,119.75819506407112,117.76591082870878,118.16436767578125,11509404
2017-07-21,112.36461738706886,115.15381544077654,111.83334626604338,114.7110824584961,18915198
2017-07-24,114.13555007868024,114.44546179700373,112.2318177416971,112.58599853515625,11867093
2017-07-25,113.20579620585927,113.91416467964447,112.27606126249896,112.6302490234375,9636328
2017-07-26,113.29434967041016,113.73707559384943,112.32034559075139,113.29434967041016,8499516
2017-07-27,113.2943355270905,114.22406337429476,112.98442389532524,114.17979431152344,8323113
2017-07-28,114.48970774228422,114.5782529173097,112.45314757242359,113.02870178222656,5902383
2017-07-31,113.0729771400587,113.73706951376316,112.85161066612655,113.38288879394531,6388461
2017-08-01,113.47143174049427,113.60425303185771,112.1432470192274,112.6302490234375,8745299
2017-08-02,112.63022488065164,113.20577193970234,112.4088584585274,112.98440551757812,5714629
2017-08-03,113.29434425361536,114.13552699197778,112.32034022052537,114.04698181152344,6451143
2017-08-04,114.00271431598779,114.44544022435913,113.42716711105898,114.13552856445312,4864539
2017-08-07,113.95842990528278,114.17979636739973,113.11724721656665,113.47142791748047,3937537
2017-08-08,113.47142591410037,114.6225202198389,112.98442393489626,113.16151428222656,5663840
2017-08-09,113.11726107001326,113.86989867567628,112.71880420864046,113.82562255859375,6191213
2017-08-10,113.82561616702361,113.82561616702361,111.87761513471945,112.01042938232422,6192861
2017-08-11,112.45317812608697,112.674544647842,111.52345001166549,111.5677261352539,4009922
2017-08-14,111.92188890183584,113.1172594690358,111.7890676005606,112.27606964111328,5068840
2017-08-15,111.61195935075851,112.0989613132938,111.12495738822322,111.30204772949219,5703757
2017-08-16,111.2135146626931,111.7890618585021,110.90360300769778,111.12496948242188,5732741
2017-08-17,110.99218443575685,111.1249987170583,109.44263280121808,109.57544708251953,6514785
2017-08-18,109.04416738805745,109.5311694938736,108.2029774474065,108.68997955322266,7151497
2017-08-21,108.42433166503906,108.91133371561658,107.67169405453541,108.42433166503906,9609933
2017-08-22,108.77851749593492,109.53116218970986,108.38006766146837,108.91133880615234,6253415
2017-08-23,108.5571604359874,108.73425082145238,107.76024665330195,107.98161315917969,7205853
2017-08-24,108.15870002909642,108.64570209734232,107.5831527709961,107.5831527709961,5330878
2017-08-25,107.98160573182884,108.91133371561658,107.8045083104522,108.42433166503906,4771643
2017-08-28,108.6013975238904,109.22122073856548,107.80448397590557,108.33576202392578,4994870
2017-08-29,107.71596273390018,108.29150996903638,107.49460329214263,108.20296478271484,4989131
2017-08-30,108.42433402206541,108.42433402206541,106.91905876833508,107.4946060180664,7068637
2017-08-31,108.07016317642513,109.35407205240953,107.4946158739236,108.68997955322266,11535738
2017-09-01,108.91131402617864,112.01041614265931,108.42431206364336,111.30204772949219,12279368
2017-09-05,110.94790830992712,110.94790830992712,108.77853320233527,109.57544708251953,9293476
2017-09-06,110.19525790948015,110.77080519065322,109.88534620851931,110.32807922363281,11481632
2017-09-07,108.51287343595743,108.68996380366714,105.50231604061538,106.343505859375,16715628
2017-09-08,106.03360084407808,106.25496029355651,104.39550426785533,105.45805358886719,9307268
2017-09-11,105.36953059273502,105.76798050495613,104.5726166721043,105.01534271240234,9036446
2017-09-12,105.45804948676437,105.85650634765625,104.97104743990678,105.85650634765625,10362702
2017-09-13,105.94502165166337,107.05183968810108,105.90074554712243,106.74192810058594,8060554
2017-09-14,106.69769829790286,107.45033596726816,105.98932970127447,107.40606689453125,8781440
2017-09-15,107.7637663380568,108.07677451650824,106.19873256431357,107.00360870361328,13888549
2017-09-18,107.13775820877774,109.77595799801595,107.00361692093576,109.37351989746094,10955699
2017-09-19,109.37353343729761,109.41825195112386,107.40606831776617,108.2109375,9460843
2017-09-20,108.2109338913337,109.14995858373128,108.16622249751391,108.74752044677734,8298554
2017-09-21,108.79220808280728,111.07268798803528,108.07676898980526,110.67024993896484,10874529
2017-09-22,111.07269212095049,111.96699813899296,110.75968394685854,111.20684051513672,8287537
2017-09-25,111.43041132249358,112.59300693238653,111.11740316940391,112.27999877929688,8865635
2017-09-26,112.45886406407548,112.72715372909374,111.4304167889153,111.47512817382812,8503648
2017-09-27,111.78814406840095,112.01171524544452,108.56864651012819,108.97108459472656,11787113
2017-09-28,109.06052836802567,109.3288180857284,108.03207377239245,108.3897933959961,7544053
2017-09-29,108.30036555251263,108.61337378838417,107.36134796341331,108.12150573730469,7026425
2017-10-02,108.30034556154055,110.0442462342026,107.76376621496298,109.8653793334961,8868389
2017-10-03,110.04424942578582,111.0279853748897,108.79221667709784,110.89383697509766,7075210
2017-10-04,111.25154114603161,111.29625964594199,109.23935813884168,109.46293640136719,6708361
2017-10-05,109.06051915141043,109.86538823649981,107.9873532527767,109.73124694824219,7252865
2017-10-06,109.14993861782341,109.73123646075476,107.89791304216465,109.06050872802734,8498765
2017-10-09,107.7637794167479,107.98735773113538,103.9629836647349,104.76785278320312,29275875
2017-10-10,105.97515692058037,106.69060318652826,104.27598182691109,104.45484161376953,16812134
2017-10-11,103.4264012892006,104.05241774723065,102.39795381502566,103.15811157226562,16937707
2017-10-12,103.06866455078125,103.24752433236932,102.08492863353287,103.06866455078125,12509021
2017-10-13,103.5158186760517,103.87354537388474,102.6662311159125,102.75566101074219,8428237
2017-10-16,102.80037790755777,104.99142097434483,102.53208110875596,104.45484161376953,10382567
2017-10-17,103.82883530204805,103.96298371444766,102.84509926049053,103.69468688964844,12235757
2017-10-18,103.73941826112616,104.09713791385387,103.15812026618576,103.38169860839844,7297059
2017-10-19,103.47110388603252,106.33288178203763,103.0686658132729,105.4385757446289,15769450
2017-10-20,98.99958503045217,106.601183659246,98.82072522620099,106.55646514892578,40147504
2017-10-23,104.81256859679968,104.81256859679968,99.17844931990628,99.80445861816406,39090944
2017-10-24,98.9101690753015,99.75976394306525,97.25570497491567,97.88172149658203,27880573
2017-10-25,97.65813289213753,97.88171121474949,95.24351121087979,96.1378173828125,23060959
2017-10-26,96.4508010631846,96.80852773842403,94.79633743555792,95.33292388916016,18004137
2017-10-27,95.06465626281448,95.24351608264679,92.29230769986718,92.9630355834961,20560436
2017-10-30,92.20284890056439,92.64999831004243,90.59309678941695,91.26382446289062,20529324
2017-10-31,90.59312274314686,91.2191392142748,89.65410515497025,90.1459732055664,20450366
2017-11-01,89.74350623474486,91.755689185269,89.25163834214834,89.51992797851562,19137318
2017-11-02,89.65408412172519,89.78822539227156,87.77604226745362,89.16221618652344,17012575
2017-11-03,89.07276008561662,90.90608289781146,88.80446338645717,90.0564956665039,14160018
2017-11-06,91.75571167369708,91.8004301833082,89.78823962110282,90.0118179321289,12661511
2017-11-07,90.19067755245976,90.54840427308622,89.9671063603973,90.36953735351562,8693113
2017-11-08,90.36954068814379,90.86140871845467,89.74353136134856,89.96710968017578,8280233
2017-11-09,89.60938153796953,89.74352995086045,88.75979390569994,89.38580322265625,10610572
2017-11-10,89.34107915847532,92.47114665482965,88.9833595995253,91.6215591430664,21019137
2017-11-13,90.59308865088707,92.78413835677722,83.84108690400605,85.04840087890625,54577114
2017-11-14,84.01998510236345,84.42242327816736,78.07285661712459,80.04032897949219,65218755
2017-11-15,78.29640931104268,82.18663424456872,78.25169080904192,81.65005493164062,30124129
2017-11-16,82.63380177678015,82.63380177678015,80.71104813974905,81.60535430908203,18649508
2017-11-17,82.00779638331807,82.58909435355021,81.42649841308594,81.42649841308594,12615126
2017-11-20,80.26389185502124,81.06876093297635,79.72730535120334,80.39803314208984,13340623
2017-11-21,80.2638890362431,80.80046840270244,79.14600467834813,79.72730255126953,16258721
2017-11-22,81.15821075439453,81.60536747043622,79.7720434428075,81.15821075439453,11444448
2017-11-24,82.1866466203208,82.1866466203208,81.15819210457256,81.3370590209961,5195206
2017-11-27,82.00777610056626,82.72322231717784,80.88989183201778,81.02404022216797,16453507
2017-11-28,81.24763480028035,82.45494207979927,80.7557667623978,82.32080078125,11709157
2017-11-29,82.49966301879336,82.90210116331107,81.87364654542908,82.63380432128906,11509697
2017-11-30,82.99153228569435,83.12567359015314,81.29234977492109,81.78421783447266,14200582
2017-12-01,81.73950190817357,81.73950190817357,79.86145968321529,79.95088958740234,17116050
2017-12-04,80.48744901431316,80.75574577872734,79.9508697225113,80.26387786865234,14261616
2017-12-05,79.50370599691801,80.53216022420509,79.01183813137042,79.41427612304688,13733075
2017-12-06,78.74358473913648,79.77203943960846,78.69887334088581,78.9671630859375,9163104
2017-12-07,79.63788440127304,80.75576892402545,78.83300811437252,79.19073486328125,11598420
2017-12-08,79.23544625782277,79.68260291432986,78.9671565350277,79.19073486328125,11360294
2017-12-11,78.74357975647857,79.54845605921936,78.38586011904506,78.92243957519531,12138124
2017-12-12,80.26389652607578,80.66632752921605,78.92243374772025,80.08502960205078,13945388
2017-12-13,80.12972223252864,80.44273035033395,79.41427612304688,79.41427612304688,8785613
2017-12-14,79.45899857401474,79.68257682907668,78.87770080566406,78.87770080566406,10129668
2017-12-15,79.50372738494289,79.7273056890239,78.9671479973659,79.6825942993164,18441952
2017-12-18,79.90614398859447,80.71101997194738,79.3695647453676,79.41427612304688,11249683
2017-12-19,79.45902824042092,79.59316954873002,78.47529209308138,78.6541519165039,13666553
2017-12-20,78.83299813323642,78.92242802951195,77.62569097425947,78.02812194824219,15725818
2017-12-21,78.07281233146789,79.10125932741629,77.98338246740767,78.1175308227539,14163503
2017-12-22,78.29642749676243,78.51999870315404,77.80455945307659,78.251708984375,9675745
2017-12-26,78.56686926687334,79.51237737669223,78.34175443205734,78.47682189941406,11546922
2017-12-27,78.61189846304875,79.37730468906271,77.9365396067032,78.251708984375,12546163
2017-12-28,78.11664722342256,78.34176926853688,77.66641030085968,78.16167449951172,12714804
2017-12-29,77.75643021002936,78.92705296271741,77.75643021002936,78.56685638427734,15889514
2018-01-02,79.15217116277407,80.99815989150862,78.92705635519413,80.95313262939453,16185981
2018-01-03,82.39391766801657,82.57401240955721,81.17826741112025,81.71855163574219,17000180
2018-01-04,82.75411494870686,83.83469066743395,82.39392543168626,83.42947387695312,17225995
2018-01-05,84.91525230145874,84.9602795674504,83.2943925760491,83.4744873046875,16667865
2018-01-08,84.05979786243287,84.19486532364286,81.4934300874745,82.30386352539062,17130657
2018-01-09,82.52900418223427,84.01479689425811,81.53847570755173,83.56455993652344,13855205
2018-01-10,83.69961840601817,85.81574979813536,83.65459829893702,85.23043823242188,17177522
2018-01-11,86.58112853832175,87.30151453105782,85.54558039344792,85.63562774658203,20808952
2018-01-12,86.08590235077395,86.22097702367795,84.19489276844982,84.46504211425781,18169606
2018-01-16,82.48396498947221,83.33941859511114,80.86309798124618,81.98870086669922,42912819
2018-01-17,79.46737148526947,79.692493548306,77.71143659598356,78.11665344238281,39131904
2018-01-18,78.34175127382105,78.7019407291376,75.46021412829636,75.50524139404297,35944841
2018-01-19,74.96495703182971,75.32514652072406,72.12844688762488,73.20902252197266,44851332
2018-01-22,71.58815226836848,73.5241886033028,71.13791542749097,72.80380249023438,28005019
2018-01-23,73.38913156793191,76.67588638141703,73.25405689944184,76.04554748535156,25714786
2018-01-24,76.54079567673386,78.16166268835951,73.16399418095688,74.01945495605469,34850262
2018-01-25,74.28961913328087,74.82990351918104,72.6237315252552,72.84884643554688,19834813
2018-01-26,72.62370300292969,72.75877046252478,71.7232222124186,72.62370300292969,18965005
2018-01-29,72.12844171363146,73.97442346329419,71.9033197153888,73.29906463623047,15469060
2018-01-30,72.4886370803085,73.25404333547264,71.81327819824219,71.81327819824219,14242064
2018-01-31,72.3085383814369,73.25403933111188,71.99336900899044,72.80380249023438,16018822
2018-02-01,72.30854323476703,72.53366525414813,71.67820444756593,72.12844848632812,11022366
2018-02-02,71.54309804435331,71.72319269480495,70.23740107708743,70.41749572753906,17171805
2018-02-05,69.69715921215719,70.37251821244885,67.13079071044922,67.13079071044922,25715850
2018-02-06,66.72556384130961,69.06680968341473,66.23029974642859,68.75164031982422,26462505
2018-02-07,68.93174798257485,69.87725625072186,68.66160583496094,68.66160583496094,15859821
2018-02-08,68.39144266570395,68.48149002056384,65.05966186523438,65.05966186523438,28928098
2018-02-09,66.14022845675719,67.6710476202281,64.06912523629354,67.26583099365234,26929053
2018-02-12,67.80616185074021,68.16635143259809,66.54548397890446,66.7255859375,15771182
2018-02-13,66.36540145983179,66.59052357395436,65.41990004878562,66.05023193359375,15378459
2018-02-14,66.14024628838821,67.67106586457318,65.91513145444739,67.08575439453125,17926577
2018-02-15,67.22083099687983,68.16633923152033,66.50045196210456,66.86064147949219,11452419
2018-02-16,66.86061256789621,68.57152637099166,66.68051788707821,67.76109313964844,13505612
2018-02-20,67.17580521744068,67.40092723062703,65.82508747365195,66.36537170410156,12867294
2018-02-21,66.23028938737298,66.32033673893396,65.059659481754,65.23976135253906,20472151
2018-02-22,65.41987173798283,67.8511651482804,65.23977699168891,65.82508850097656,16379390
2018-02-23,65.96126349153505,66.59681150536478,65.77967834472656,65.77967834472656,11040854
2018-02-26,65.32571639332141,66.64221971225287,63.32826507548963,66.50602722167969,30302034
2018-02-27,66.5968137556919,68.91204252318721,65.8250732421875,65.8250732421875,19410582
2018-02-28,66.27903174888446,66.36982430946269,63.963803386687395,64.05459594726562,18490403
2018-03-01,64.28162029824668,64.73558337893283,63.32828698832783,63.64606475830078,19170976
2018-03-02,63.509865803549516,64.64478423107037,63.41907319658599,64.10002136230469,15572368
2018-03-05,64.37240323508692,66.50604023396741,64.10001820064687,65.46192169189453,18247395
2018-03-06,66.27904716083806,66.596817583263,65.8704769297402,66.46063232421875,12124707
2018-03-07,65.73432135351675,66.23368444669718,64.37242463647432,65.87051391601562,17318787
2018-03-08,65.82507808335433,66.46063339238405,65.41650784568988,65.9158706665039,10348638
2018-03-09,66.36982909406268,67.86791729207197,65.87046636139293,67.82251739501953,13386967
2018-03-12,68.1856963595741,69.59299216993934,67.91331862346601,68.54887390136719,14653629
2018-03-13,66.68761215474095,66.91459722923075,65.09873108727787,65.5073013305664,24772029
2018-03-14,65.64349324067238,66.23364864754542,64.6447675941207,64.78096008300781,11907699
2018-03-15,64.96255195243732,66.05207029499262,64.73556685653479,65.18953704833984,9895779
2018-03-16,65.09872492306381,65.46190245325468,64.37238431664625,64.96253967285156,23889514
2018-03-19,64.73554163867875,64.82633419627466,63.555231162951365,63.873008728027344,13810133
2018-03-20,64.00920699145617,64.0546068929937,61.83017071126054,61.920963287353516,18554546
2018-03-21,62.01176067526291,63.37365649059804,61.60319048526601,63.01047897338867,13592791
2018-03-22,62.420331829208266,62.60191699815003,60.46828042261008,60.604469299316406,14862500
2018-03-23,60.83145127752826,61.05843635412611,59.10638131744512,59.33336639404297,17536442
2018-03-26,60.0597125598326,60.1051088538676,57.789883404116416,58.51622772216797,22000434
2018-03-27,58.65242788167079,62.28416101069475,58.19846485403502,61.0130500793457,32336072
2018-03-28,61.376206103590874,63.32825727512979,59.424151318561,62.10254669189453,29025877
2018-03-29,61.64859644450888,62.01177403998999,60.60447440809453,61.19463348388672,15548310
2018-04-02,61.05844093480459,61.46701121253902,58.834007975516215,59.56035232543945,15041824
2018-04-03,59.56034330435467,59.65113588265705,58.107651211043084,59.60573959350586,12474884
2018-04-04,58.19845322274352,60.37748977387128,58.06226072817941,60.28669357299805,11929712
2018-04-05,60.33209580285894,61.55780300668298,59.787336644104734,60.967647552490234,11168889
2018-04-06,60.46827846885267,61.14922644387396,58.69780867490955,59.287967681884766,13242927
2018-04-09,59.46955788972026,59.74193927092946,58.198454413388205,58.24385070800781,14258423
2018-04-10,59.060980200582605,59.65113556994545,58.788602467103345,59.24256896972656,11982984
2018-04-11,58.60702078075622,59.37876501253014,58.334643014359465,58.87940216064453,10479010
2018-04-12,59.15177395072631,60.15049955359272,58.87939621184885,59.832725524902344,13277419
2018-04-13,60.87684662348986,62.10255004594126,60.649861563894966,61.24001693725586,14850168
2018-04-16,61.28541600826168,61.64858631709909,60.059705375462144,60.513671875,12160618
2018-04-17,60.74065473544965,62.96509099644304,60.649862156121586,62.60191345214844,15050609
2018-04-18,63.01047901038203,63.19207138258423,61.83016833946772,62.01176071166992,8969027
2018-04-19,62.057153526867395,63.827619537301,61.87556838123039,63.50984191894531,18316838
2018-04-20,67.822510823114,68.32187350739622,65.09871239239807,66.00664520263672,39371615
2018-04-23,66.95999621319808,67.09618147443113,65.3257152625403,65.9158706665039,15298437
2018-04-24,66.5514269589658,67.05078978715893,66.00666422503568,66.64221954345703,15495602
2018-04-25,66.82380779480242,66.86920770263356,63.14668265885437,63.7822380065918,23216120
2018-04-26,64.05463102259289,65.82509776381997,63.82764588336332,65.28034210205078,13533448
2018-04-27,64.55399399270705,65.7343051535251,64.41780146377235,65.28034210205078,10188469
2018-04-30,65.23490431894655,65.32569687654245,63.873008728027344,63.873008728027344,10127373
2018-05-01,63.91842327611903,63.963823183950176,62.7835123041376,63.7822380065918,10719493
2018-05-02,64.0092055942493,65.28031608576909,63.91841302013816,64.37238311767578,10783239
2018-05-03,64.41777170565545,64.41777170565545,62.87429081667678,63.23746109008789,12665163
2018-05-04,62.965097918052315,64.14540880604835,62.51112774452575,64.00921630859375,8744820
2018-05-07,63.963801285623255,64.37237140829514,63.555231162951365,63.873008728027344,6858410
2018-05-08,64.37238984332915,65.7796857295595,63.96381960365048,64.78096008300781,12381195
2018-05-09,65.14414676152909,66.64223560721484,64.91716163209608,66.36985778808594,10614202
2018-05-10,67.00541510795078,67.00541510795078,65.82510383821267,66.68763732910156,7820843
2018-05-11,66.91460085965196,67.05079335713144,65.91587515009074,66.279052734375,5970052
2018-05-14,66.73300433540429,67.18696720485028,66.4606266137367,66.77840423583984,8562032
2018-05-15,66.73300433540429,66.82379690929349,66.14284899163353,66.77840423583984,7357154
2018-05-16,66.77840591462245,68.54887199044353,66.68760611146865,68.23109436035156,11397833
2018-05-17,68.63966456661521,69.18442002364534,67.73173157791622,68.23109436035156,10585136
2018-05-18,68.45808013387585,68.54887271100192,67.73173228988516,67.9587173461914,7170422
2018-05-21,69.72920063225301,70.59173394109801,69.00285260918231,69.27523040771484,16258282
2018-05-22,69.86537036721312,70.77330338721544,69.41140747070312,69.41140747070312,13717258
2018-05-23,69.00283330527148,69.04823320581802,64.05460549479584,64.37238311767578,30743980
2018-05-24,65.09873461918008,66.82380827032668,64.64477167255369,66.279052734375,21995906
2018-05-25,66.32443721925803,66.59681495357377,65.41650421122327,66.41522979736328,10370235
2018-05-29,65.73427895632476,65.91586410454704,63.64603529780475,64.37238311767578,15867583
2018-05-30,64.19079534870468,64.6447582007262,63.646032699297216,64.32698059082031,10893914
2018-05-31,64.00921528683399,64.1454077821146,63.32826726439706,63.91842269897461,11571648
2018-06-01,64.00921630859375,64.23620139535703,63.32826827528705,64.00921630859375,11870536
2018-06-04,64.14540930195258,64.50857966199496,62.102557959256174,62.23875045776367,17197157
2018-06-05,62.23874574142533,63.23747138284348,61.376212588194264,62.647315979003906,14699910
2018-06-06,62.738103699172406,63.05588132898887,61.87557061279808,61.920963287353516,12967368
2018-06-07,61.875581939934456,62.64732259149305,61.78478934722071,62.5565299987793,14811336
2018-06-08,62.55651321395133,63.8730162955388,62.23873561122588,63.23746109008789,10484206
2018-06-11,63.50983969281161,63.69143205906532,62.87429170535917,63.464447021484375,9098022
2018-06-12,63.69143205906532,64.19079480555446,63.14666941426736,63.464447021484375,8663462
2018-06-13,63.646063812741986,63.82764904231872,62.7835303587599,63.055908203125,7407462
2018-06-14,62.965088752895895,63.14667390508185,61.55779298298162,61.920963287353516,12659759
2018-06-15,61.87517071784763,61.920973581906566,60.91338348388672,60.91338348388672,20069141
2018-06-18,60.50118633356612,60.592784769741336,59.99739128903864,60.455387115478516,14260009
2018-06-19,59.81419698264357,59.85999620269591,59.08140217067826,59.310401916503906,16249456
2018-06-20,58.44020525273953,60.04318877628871,58.39440603597216,58.98979949951172,20120367
2018-06-21,58.66921966586499,58.715018894094996,57.7532278101358,58.44021987915039,14750782
2018-06-22,58.44020995509531,59.90579594626985,58.44020995509531,59.76839828491211,14178026
2018-06-25,59.67679071086883,59.76839278891472,58.34860614874912,58.394405364990234,16029380
2018-06-26,61.646180523161874,63.84455767349906,61.32558233641937,62.928565979003906,44618882
2018-06-27,63.478142576295625,66.13451863171322,63.20334731608473,63.93614196777344,28252972
2018-06-28,63.84456585339877,64.11936120961629,62.65377139419843,63.34077072143555,13444307
2018-06-29,63.340758092822554,63.661356256721255,62.14997116216516,62.333168029785156,15015178
2018-07-02,61.73777713870684,62.058375315973365,60.40958885638991,61.23398208618164,13098533
2018-07-03,61.14238000298844,61.78357271195764,60.91338390891511,61.23398208618164,6721507
2018-07-05,61.27978927943936,61.55458464443466,59.722604607772354,61.5087890625,11172227
2018-07-06,61.23398443316411,63.66136135119753,61.004984684749786,63.4323616027832,12524399
2018-07-09,63.84453570946092,64.76052708883326,63.707134450661165,63.89033126831055,13993109
2018-07-10,64.11935876031075,64.94375208860106,64.02776031173723,64.89794921875,12585475
2018-07-11,64.39415320375527,65.44754628428377,64.07355499267578,64.07355499267578,9862643
2018-07-12,64.34835762567448,64.76055428404403,63.798759650805586,64.07355499267578,8309863
2018-07-13,63.98197540963791,64.43997507225197,63.569778629737506,63.61558151245117,10121259
2018-07-16,63.61555120404963,63.89034649601877,63.20335462053234,63.661354064941406,8943299
2018-07-17,63.43236455652017,63.61556144733101,62.5163728113376,62.69956970214844,12334350
2018-07-18,62.928546785554836,63.24914487451368,62.74534996075713,62.974342346191406,8562449
2018-07-19,62.83697877023739,63.56976642391066,62.37897919556235,62.882774353027344,15641895
2018-07-20,62.83696818422672,63.111763508060015,59.447800338001414,60.088993072509766,35732423
2018-07-23,59.63098512795017,60.088980887025734,59.08139094617215,59.493587493896484,18849031
2018-07-24,59.17300136860412,60.13479229314865,58.85240682413195,60.088993072509766,11824171
2018-07-25,60.134784617329956,60.22638669247931,59.356194320287,60.04318618774414,11132811
2018-07-26,59.997391103330024,60.77598509953699,59.814194231546644,60.22639083862305,11374588
2018-07-27,60.0889928631591,60.363791831598995,59.44780013088467,59.8141975402832,8206805
2018-07-30,59.72259218717514,60.501186183865556,59.58519453325229,60.27219009399414,8255716
2018-07-31,60.409604869730025,62.51638407592387,60.27220717686473,62.42478561401367,14959799
2018-08-01,62.058382291454734,62.058382291454734,60.63859176635742,60.63859176635742,9291368
2018-08-02,60.317989349365234,60.501186221375946,59.81419430577196,60.317989349365234,7631879
2018-08-03,60.22639063190712,60.684382809793604,59.997390897400095,60.18058776855469,7354316
2018-08-06,60.08899300293929,60.363791972018426,59.814197679424154,59.99739456176758,6779285
2018-08-07,60.08898957653321,60.684383055762694,59.630993751226576,60.27219009399414,11811088
2018-08-08,60.40959101681222,60.40959101681222,59.40200087572748,59.76839828491211,8429823
2018-08-09,59.58519720130811,59.6767956413582,59.127201355493725,59.26460266113281,6778847
2018-08-10,59.12720040604818,59.12720040604818,58.211212374692,58.48600769042969,10110158
2018-08-13,58.25701379335636,58.302813014375026,56.745628563048136,57.020423889160156,14001101
2018-08-14,57.157820995787986,57.7074152531723,56.42502622223304,56.56242752075195,10349974
2018-08-15,56.19602547165926,56.60822204189047,54.68464047785382,55.96702575683594,13501919
2018-08-16,56.15022295517205,56.6082187123169,55.92122325381799,56.33341979980469,10847153
2018-08-17,56.15022295517205,56.51661664443732,55.92122325381799,56.33341979980469,9795746
2018-08-20,56.1960221663302,56.745616345791376,55.600628775710874,56.33341979980469,7878350
2018-08-21,56.51662229282166,58.11960578025239,56.47082307708624,57.844810485839844,12091467
2018-08-22,57.75322667214443,57.799025899471985,56.88303406179183,57.11203384399414,9065575
2018-08-23,56.83722747843202,57.52421944499745,56.745629035631836,57.432621002197266,7940552
2018-08-24,57.341014781694184,57.52421164244583,57.11201870575463,57.24941635131836,8068963
2018-08-27,57.15782303990309,58.5318069097193,57.02042173647035,58.48600769042969,9324212
2018-08-28,58.486019107380386,59.035613491704986,58.257022966230394,58.44021987915039,12325524
2018-08-29,58.485997466360764,59.44778819443765,58.028001707963995,59.4019889831543,9971648
2018-08-30,58.94400352888972,59.40199936734977,58.39440925185046,58.48600769042969,9320414
2018-08-31,58.30281174947899,59.31040188115785,58.16541408940387,59.26460266113281,10517216
2018-09-04,58.98979445359883,58.98979445359883,57.84480684122789,58.02800369262695,9355782
2018-09-05,57.02042821266764,57.615821776619406,56.058640852785125,57.52422332763672,11491355
2018-09-06,57.249416391469424,58.62340013919752,57.249416391469424,57.29521560668945,8475812
2018-09-07,56.74563982628729,56.97463597683327,56.19604541941219,56.791439056396484,9570746
2018-09-10,56.6082237328254,58.16540798699721,56.56242451760537,57.29521560668945,9050656
2018-09-11,56.97463947651045,57.112040820842694,56.01284829400963,56.47084426879883,8378597
2018-09-12,56.333429073475365,57.84481422719028,56.012830897027776,57.75321578979492,8385211
2018-09-13,58.02801543885386,58.39441286138279,56.92882681683122,58.21121597290039,11408558
2018-09-14,57.93380221821985,58.95099618970787,57.24026221231861,58.627342224121094,14600045
2018-09-17,58.30368505927536,59.598293408241304,58.25744930969166,58.719810485839844,10573242
2018-09-18,58.581098266876175,58.950987935712334,58.072501352343124,58.53486251831055,8950101
2018-09-19,58.34991424202654,60.06064782502711,58.072496095434424,59.45957946777344,12958354
2018-09-20,58.2112178527687,58.67357538270124,57.14778817330091,57.61014938354492,18430204
2018-09-21,57.33272429034755,58.072499929584474,56.22305899133666,56.26929473876953,19910349
2018-09-24,55.945641146516174,55.945641146516174,53.633839040401895,54.28114318847656,31005079
2018-09-25,54.23489862558793,54.37360584613504,51.87686115504517,52.10803985595703,27896911
2018-09-26,52.01557204067685,53.44889112825525,51.830629066916046,52.66287612915039,19483739
2018-09-27,52.57040884427482,54.327378276370936,52.524173097138956,53.310184478759766,17151231
2018-09-28,52.89407086516827,53.217721144747,52.01558417425997,52.20052719116211,15978112
2018-10-01,60.199360491012726,60.43054291408827,55.205866524501076,55.89940643310547,64290209
2018-10-02,56.962833404541016,57.70261270816641,54.41984894891174,56.962833404541016,31029263
2018-10-03,57.05530977912936,58.396157581480416,56.77789527676717,57.70261764526367,17311880
2018-10-04,57.37896144354756,58.627334015441804,57.05530752327703,58.53486251831055,15631315
2018-10-05,59.55205308325252,61.493969137814545,59.45958159118974,60.93913650512695,31541445
2018-10-08,62.51117782036747,63.06600690507376,61.30904077621358,62.927303314208984,36025406
2018-10-09,63.38964759875971,63.71330151064785,62.002567817092846,62.64987564086914,23046331
2018-10-10,61.910101324670855,63.158477645412624,61.17032194638433,61.4015007019043,19185019
2018-10-11,60.6617314740022,61.44774668722771,58.53487197512618,58.81229019165039,24238585
2018-10-12,57.93379144035501,59.32087487441942,56.408000766977445,56.962833404541016,25708943
2018-10-15,56.639183812206795,57.79508484668451,56.130586915399284,56.176822662353516,13070635
2018-10-16,56.546712813764884,56.824130996287614,55.48328687497632,55.94564437866211,18046308
2018-10-17,56.63917348253548,58.07248873733512,56.03810152113011,56.36175537109375,17409325
2018-10-18,56.130591877561386,57.47143601839184,55.76070218891687,57.240257263183594,17010175
2018-10-19,56.777897527951765,58.85852109940782,56.68542602349797,58.072505950927734,18108844
2018-10-22,58.21121539568085,58.39615839984745,57.00907482766403,57.240257263183594,10483914
2018-10-23,56.17682727835544,58.9047549743614,55.853173342770475,58.6735725402832,17086295
2018-10-24,58.76604350169955,59.22840465633926,56.13058749647092,56.26929473876953,17394134
2018-10-25,56.40801213291122,56.777901859254854,54.18868113547277,54.558570861816406,18412572
2018-10-26,53.58760919383502,53.86502371056864,51.645692855453845,52.246761322021484,24541312
2018-10-29,52.84782165142271,54.23490506245104,50.53601964668639,51.599449157714844,25007880
2018-10-30,48.825290775692324,52.709119552750636,45.635001931602325,47.068321228027344,71983559
2018-10-31,47.068318770078406,48.03927315340546,45.31134563385286,46.698429107666016,42124411
2018-11-01,46.28230714393772,47.2995010310846,44.109212116027024,44.29415512084961,49320916
2018-11-02,44.47910278445124,44.664045793342275,41.93611801064253,42.953311920166016,54985507
2018-11-05,43.415674763287136,44.062978999177346,42.86084203533673,42.90707778930664,25955269
2018-11-06,43.276964008094744,44.109211192686224,43.276964008094744,43.554378509521484,23563834
2018-11-07,43.693078976658455,43.73931471971791,42.259763581194065,42.53717803955078,25878418
2018-11-08,42.259768144688245,43.18448678604532,41.84364273190647,42.07482147216797,33760858
2018-11-09,40.641497729965025,41.42750896873176,37.682388369208326,39.67053985595703,57077908
2018-11-12,38.93077953751567,39.069490501229446,35.69425417627102,36.942630767822266,51161628
2018-11-13,37.08133335876728,41.84364927571931,36.85015090204072,39.809261322021484,42945997
2018-11-14,40.50279026014721,40.9189156242579,37.86733452786033,38.46840286254883,35507986
2018-11-15,38.09851808548834,39.76301591247898,37.26626733183764,37.774864196777344,26807841
2018-11-16,37.35873231767045,37.913568510408936,35.7404705163952,37.08131790161133,36851582
2018-11-19,36.94262431443867,38.09852550148951,36.01790189267341,36.249080657958984,30898119
2018-11-20,35.46306169657308,36.341544499699125,34.81575392966669,35.37059020996094,29903260
2018-11-21,36.017895332018504,36.66519943722324,35.74047718389601,36.11036682128906,17620011
2018-11-23,35.971671672557896,36.341557753908425,34.90824182805104,35.00071334838867,9070771
2018-11-26,35.18563177453664,35.78669991655892,33.567370259766044,35.04692459106445,33103782
2018-11-27,34.63081789247063,35.27812210871155,34.0759851813625,34.39963912963867,23037755
2018-11-28,34.16843962947705,35.925412071158185,34.07596817050638,35.78670120239258,25938200
2018-11-29,35.37059687103084,36.9888592324302,34.630817478195404,36.71144104003906,25745417
2018-11-30,35.41683090105637,35.50930240058693,34.21469404653664,34.67705154418945,39037109
2018-12-03,34.861994355514874,36.7576709264938,34.81575493056879,36.11036682128906,27268484
2018-12-04,35.83294928770653,36.11036373178338,33.65985107421875,33.65985107421875,27820875
2018-12-06,33.289969189046076,34.168452048884355,33.05878677728058,33.9835090637207,23571659
2018-12-07,33.75232752166634,34.122213461192764,32.319008465069565,32.41147994995117,23887657
2018-12-10,32.22653446523046,32.920074228029314,31.209340850293287,32.041587829589844,23545806
2018-12-11,32.550185155973566,32.966310492410884,30.793216011395362,31.255577087402344,25995248
2018-12-12,31.625472802366144,32.50395570444668,30.978164962545392,31.02440071105957,22080622
2018-12-13,34.63081048135485,34.67704622402663,32.92007696156707,33.28996658325195,43251895
2018-12-14,32.73513471378622,33.521146036874995,32.365245083932884,32.827606201171875,26875823
2018-12-17,32.78137759172682,33.42868182461066,32.41148788137397,33.05879211425781,27069962
2018-12-18,33.197489987113514,35.27811303893185,33.10501850575456,33.65985107421875,30626065
2018-12-19,35.37294315834736,36.80823008850313,34.95624540733928,35.46554183959961,45795945
2018-12-20,35.419242529869614,36.20633500657327,34.076550594421896,34.44694900512695,38050283
2018-12-21,33.89135961600922,34.49325484342828,32.87276655872353,33.10426330566406,38738388
2018-12-24,32.68756607925219,33.0116652163259,31.946772789992806,32.039371490478516,14608516
2018-12-26,32.36346551366954,34.3080526580922,31.344872598531303,34.215450286865234,27092394
2018-12-27,33.2431608796899,33.65985870361328,32.178272173577994,33.65985870361328,24993253
2018-12-28,33.28944840109793,35.41923219160186,33.28944840109793,34.771034240722656,25388083
2018-12-31,34.81735436844341,35.280351601944204,34.030261651253944,35.04885482788086,22610937
2019-01-02,34.53954914846639,37.87312392979811,34.308052435334936,37.2712287902832,26991297
2019-01-03,37.13233040228701,37.96572593222406,36.02113881928635,37.317527770996094,25654795
2019-01-04,37.919420843193265,38.24351990618768,36.94712733958292,38.10462188720703,25056937
2019-01-07,39.58621306899963,40.69740462686212,38.38241914350444,40.465904235839844,37493322
2019-01-08,41.25301099461875,41.85490626917436,39.447321485577966,39.63252258300781,30669237
2019-01-09,39.44730830032099,40.55849977198868,37.87311976789632,39.35470962524414,24268716
2019-01-10,39.35471332422817,41.43819845077686,39.30841398233803,41.39189910888672,23441412
2019-01-11,41.06780003028265,41.43819845077686,40.373306216557445,41.39189910888672,16832625
2019-01-14,40.79001296128457,41.66970433628662,40.55851251548222,41.20671081542969,17043123
2019-01-15,41.25300466699258,41.3456033588172,40.28071103208729,40.41960906982422,19626381
2019-01-16,40.32700547339605,41.669693712300976,40.09550508661638,41.57709503173828,17583057
2019-01-17,41.20670610290571,42.54939453058466,40.5122085302974,42.31789779663086,22074822
2019-01-18,42.73458311074628,42.8271854706172,41.808592680391335,41.94749069213867,19350175
2019-01-22,41.577090738166405,41.62339007366652,39.63250759104373,40.09550094604492,22571396
2019-01-23,40.23441168617498,40.92890556023302,39.86401323350311,40.41960906982422,15104193
2019-01-24,39.956602631474425,41.53079108245897,39.86400396118813,40.65109634399414,18848780
2019-01-25,40.97521234739524,42.64200015905339,40.928912993074796,42.41050338745117,23434130
2019-01-28,41.57709300359079,41.66969167963648,40.512200858319815,41.34559631347656,19120938
2019-01-29,41.20671081542969,42.271599598774515,40.049215957165714,41.20671081542969,23885070
2019-01-30,41.57709090143449,42.966082028010135,41.11409385924261,42.132686614990234,18035624
2019-01-31,46.02186567505719,49.8647367834844,45.188470164616106,47.04045486450195,72747847
2019-02-01,47.225654961497995,48.290547155926276,46.114463426909616,47.17935562133789,33002372
2019-02-04,47.54974578238516,47.873844817796275,46.762653389776126,47.271949768066406,21543088
2019-02-05,47.45715517775152,49.30914366283599,47.086756743659976,49.2165412902832,21455283
2019-02-06,49.40175202272604,50.51294385719538,48.290560188256705,48.47575759887695,25140965
2019-02-07,48.24425647305291,48.336855169989676,46.160771050481266,46.57746887207031,22682446
2019-02-08,46.34595796745592,46.76265569484689,44.16987433986976,45.41996383666992,24736786
2019-02-11,45.69777859267498,46.99416785421763,45.51257749433034,46.43857192993164,14749801
2019-02-12,46.62376720952582,46.994161989241064,45.8829702793483,46.207069396972656,14005879
2019-02-13,46.20706334743398,48.24424911064868,46.06816532322562,48.01274871826172,20644401
2019-02-14,47.64236578855699,47.68866514142861,46.068176734799906,46.48487091064453,19486347
2019-02-15,46.85526003029468,47.596053213177015,46.57746396872876,46.71636199951172,16347527
2019-02-19,46.438560815375865,46.99415660668615,46.0681660780844,46.90155792236328,13264315
2019-02-20,46.716365447909936,46.901562835957684,46.34596698644097,46.762664794921875,10151119
2019-02-21,46.43857192993164,47.225668305804945,46.29967387020364,46.43857192993164,10335701
2019-02-22,46.53116552602345,47.13306068977611,46.253365773705845,47.08675765991211,10587786
2019-02-25,53.5687178974386,54.40210984741437,49.91104360518062,50.09624099731445,60560499
2019-02-26,51.95563403945981,52.48529958002489,50.703690606536284,51.32966232299805,20864323
2019-02-27,52.148241856874854,52.62975802105483,51.233362619082314,52.388999938964844,21835966
2019-02-28,52.10008792824901,52.24454351225406,49.74066023586923,50.02956771850586,18230265
2019-03-01,50.31848157393163,50.65554216436287,48.39241684532603,49.451751708984375,17856700
2019-03-04,49.69249985460696,50.65553202616857,49.210983768826146,49.98141098022461,13996993
2019-03-05,49.981409732410825,50.89628879840472,46.12927745696207,47.621978759765625,35870538
2019-03-06,44.58843566098968,46.41819799493493,43.57725383183822,43.86616134643555,41286543
2019-03-07,43.72169852720385,45.50331115722656,43.673549125408236,45.50331115722656,25577378
2019-03-08,44.973084609507886,46.66017640399958,44.73207149600908,46.17815017700195,17559457
2019-03-11,45.55150182398302,48.2990534537951,44.97307126112437,47.720619201660156,21277594
2019-03-12,47.86523536084398,48.8774917734476,46.56376546555139,47.04579162597656,19937161
2019-03-13,46.901182751337394,48.44366940662613,46.75657416624447,48.2990608215332,14880115
2019-03-14,49.648738861083984,50.61279125485166,49.16671266420015,49.648738861083984,26859385
2019-03-15,49.60053286010273,50.37177622119766,47.72062855091272,48.00984573364258,37959266
2019-03-18,48.1544572038068,49.69694401821055,48.05805270022588,49.16671371459961,18387845
2019-03-19,49.26312363054608,49.84155440485902,48.877501884578244,49.11851501464844,10970991
2019-03-20,48.82928915813295,49.7933451974101,48.781088754199146,49.26311492919922,9704794
2019-03-21,49.16672128739136,49.79335619109924,48.829299938971715,49.5041389465332,10135942
2019-03-22,49.26312363023008,49.35952814440201,47.817044849818195,48.106258392333984,16364625
2019-03-25,48.00984730966134,48.82929110192644,47.28680801837852,47.62422561645508,9977198
2019-03-26,47.96165682644151,48.92571317770281,47.86525229809884,48.68470001220703,9555279
2019-03-27,48.588280099102285,49.07030627746736,47.72062855091272,48.00984573364258,11064769
2019-03-28,48.00984187629662,48.250854946114984,47.23859857716715,47.67242431640625,9068655
2019-03-29,48.106256806846346,48.34726992897168,47.81704327386247,48.15446090698242,9734708
2019-04-01,48.29907820955815,48.82930496008195,48.20267368121548,48.68470001220703,10301888
2019-04-02,48.49187209628632,49.55233264414106,48.39546759810235,49.359519958496094,10382584
2019-04-03,49.455939928226606,49.55234814584747,48.20267368121548,48.68470001220703,11263640
2019-04-04,48.68469229520824,48.78109680826985,48.05805742639132,48.34727096557617,8232943
2019-04-05,48.54006781139669,48.877485341436625,48.106242110537,48.250850677490234,8678979
2019-04-08,45.84073957143906,45.98534819952477,44.10544341296642,45.74433135986328,35313691
2019-04-09,45.069490689780146,45.35870422250458,43.960829591142705,44.44285583496094,16687089
2019-04-10,44.58745889668551,44.63565930150189,43.76801143275948,44.15363311767578,10808576
2019-04-11,43.9608268737793,44.63566209770003,43.86441867955294,43.9608268737793,10997856
2019-04-12,44.10543602808512,44.39464954655355,43.334192600281305,43.38239669799805,13735824
2019-04-15,43.43060028315139,43.62341299884423,42.37014325931244,43.28599166870117,16642146
2019-04-16,43.575205683316725,44.298245012955896,43.334192573437,44.05723190307617,12085548
2019-04-17,44.15363588367742,44.25004038862648,43.67160966965481,43.9608268737793,9643619
2019-04-18,44.00903533837442,45.069496154785156,43.86442670983859,45.069496154785156,10334612
2019-04-22,44.58745957082362,45.0694857619377,44.25003828562207,44.92487716674805,13467232
2019-04-23,44.82847489371911,45.165892506408404,44.4428531838125,44.97308349609375,8126706
2019-04-24,44.876673071925794,45.0694857619377,44.39464688081171,44.92487716674805,5775345
2019-04-25,44.4428530878019,44.49105718491508,43.28598796058127,43.9608268737793,12515311
2019-04-26,43.960840472361454,46.22636364121557,43.91263636033711,46.12995910644531,14905235
2019-04-29,46.129944484473306,46.94939199347344,45.98533957279306,46.901187896728516,13243923
2019-04-30,49.3113157024989,50.757394130141115,48.00984216619952,49.022098541259766,35549901
2019-05-01,48.92571317770281,50.22718353352437,48.6364959033966,48.68470001220703,19938144
2019-05-02,48.9257038633148,50.13076946137546,48.58828623371332,49.40773010253906,15895597
2019-05-03,49.64874054233667,50.61279296875,49.359523338701756,50.61279296875,13806910
2019-05-06,49.359515856978625,50.56458120733618,49.21490727708038,50.275367736816406,8754137
2019-05-07,49.84154826773235,49.93795277003435,48.49187416767282,48.732887268066406,11415060
2019-05-08,48.588274266930306,49.40771793393566,48.588274266930306,48.97389221191406,9500004
2019-05-09,48.73288342693034,49.214909589724115,48.29906135612671,48.39546585083008,11937839
2019-05-10,48.29907323088978,49.07031675668776,47.09400752762907,48.82929992675781,12666230
2019-05-13,47.47962252975479,48.5400832314444,47.33501391686279,47.57603073120117,12065484
2019-05-14,47.91344725916692,49.88975631462223,47.768838649622815,49.745147705078125,14148995
2019-05-15,48.92570594504677,50.08256749269712,48.78109732927107,49.4559326171875,10777477
2019-05-16,49.263125793498354,49.60054345255579,48.49188226770037,48.82929992675781,10935800
2019-05-17,48.25086764941578,48.97390704922988,48.10625903159742,48.202667236328125,7436095
2019-05-20,47.768834212567064,48.49187350384988,47.14219942226653,47.62422561645508,10474656
2019-05-21,48.00984573364258,48.00984573364258,47.238602372547646,48.00984573364258,12121141
2019-05-22,47.96163224362429,48.78107953772336,47.62421472272977,47.720619201660156,10361698
2019-05-23,47.28680678710108,47.38321128557313,45.64791555596801,46.08174133300781,11404487
2019-05-24,46.37095360651276,46.66017078358486,45.5033057645734,45.551509857177734,9536881
2019-05-28,45.35870032654979,45.98533881682321,44.683865118878295,45.1176872253418,14488312
2019-05-29,44.87668392376577,45.262305707761456,44.1054440450524,45.16590118408203,8945986
2019-05-30,45.16588493749153,45.84072373905767,44.78026329220755,45.647911071777344,10138450
2019-05-31,45.02128493116551,45.64791976290036,44.82847591645204,45.50331115722656,9297080
2019-06-03,44.82847280813884,45.985337884037186,44.58745971181966,45.9371337890625,9484896
2019-06-04,46.32276258324484,48.202667236328125,46.22635437851414,48.202667236328125,12320032
2019-06-05,48.54007210560771,48.63647659567972,47.33500306723916,47.67242431640625,8258886
2019-06-06,47.67242708689851,48.20265734702404,47.09399642357416,47.81703567504883,7730128
2019-06-07,47.720636646368625,48.44367972585221,47.33501490040326,48.106258392333984,8243075
2019-06-10,48.443668365478516,49.88974680677505,48.20265529192909,48.443668365478516,10486695
2019-06-11,48.68469289785441,49.16671915840689,48.009853919514356,48.781097412109375,7816341
2019-06-12,48.588285188768864,50.082564284661466,48.29906797574324,49.552337646484375,11029015
2019-06-13,49.93795461042815,50.709198035821615,49.407727983587804,49.69694519042969,12462684
2019-06-14,49.55233435697425,49.841547861523146,49.070308160115594,49.31132125854492,6892891
2019-06-17,49.16670758612678,49.35951656925561,48.299059783493504,48.443668365478516,9239377
2019-06-18,48.73289376877913,50.275380768479536,48.63648925361727,50.227176666259766,14759552
2019-06-19,50.46818758941081,51.14302654455611,49.793352323543026,49.841552734375,12161930
2019-06-20,50.46819354615509,51.57685477603067,50.46819354615509,51.239437103271484,13234293
2019-06-21,51.43224014318232,51.625052854589455,50.37178314291442,50.51639175415039,13156947
2019-06-24,50.419985596283816,50.75740321862877,49.50413354788763,49.552337646484375,7343060
2019-06-25,49.45592392348845,49.55233210991006,48.68468425705453,49.26311492919922,7121838
2019-06-26,49.26312580582077,50.08256974638747,49.16672128739136,49.5041389465332,6847327
2019-06-27,49.359531901032014,50.32358449467823,49.359531901032014,50.130775451660156,6677849
2019-06-28,50.1307660077494,50.66150665283203,50.03426871577841,50.66150665283203,8832104
2019-07-01,51.24049919762213,51.72299309115754,50.806259494117306,51.28874969482422,8010518
2019-07-02,51.2887328116413,51.722976065030785,50.99923730938164,51.240482330322266,6043516
2019-07-03,51.433494383863156,51.433494383863156,50.85450691658693,51.1922492980957,4449238
2019-07-05,50.854504929602136,50.902751729173566,50.03426871577841,50.66150665283203,6072809
2019-07-08,50.27550870950932,50.32375919703099,48.92453568000792,49.21403121948242,9659269
2019-07-09,48.82804991179945,49.64828254329029,48.442056999089445,49.45528793334961,7113732
2019-07-10,49.64827083586641,50.32375919703099,49.11753393726684,49.21403121948242,7845233
2019-07-11,49.31053728632004,49.74478067289181,48.73154979705277,48.7797966003418,6755455
2019-07-12,49.11755636023155,50.13078382529162,48.924558014865745,50.03428649902344,7864053
2019-07-15,49.45529101908688,49.8895307649619,49.214045895194346,49.551788330078125,8445819
2019-07-16,49.3587805379851,50.17901300179618,49.26227955991378,50.082515716552734,7931808
2019-07-17,50.03427128066944,50.03427128066944,48.152557373046875,48.152557373046875,10770776
2019-07-18,48.29729864502991,49.16578158570653,48.05605358888795,48.538543701171875,9059787
2019-07-19,48.635049212442595,49.16578616974216,48.39380044097967,48.44205093383789,6952842
2019-07-22,48.490305046332416,49.358788132812485,48.490305046332416,49.26228713989258,8692963
2019-07-23,49.60003697997185,51.529997899049285,49.55178647986342,51.385250091552734,14906960
2019-07-24,51.04750098332719,51.62648844465173,50.85450639382843,51.529991149902344,9008083
2019-07-25,51.28874511629576,51.48173970221856,49.986018736418224,50.32376480102539,9253562
2019-07-26,50.51676047563464,50.90275334862695,50.17901809657696,50.70975875854492,5420359
2019-07-29,50.661503120841274,51.04749595464292,50.082515716552734,50.082515716552734,7497670
2019-07-30,50.13076907414014,51.04750263600946,49.6000320894216,50.75800704956055,9091748
2019-07-31,51.915978399906635,52.060726172770536,48.49029711104825,50.420257568359375,34604621
2019-08-01,50.034275703042304,50.61326322855171,48.15256162910093,48.63505554199219,17640313
2019-08-02,48.29730838973887,48.63505449074523,47.38057477573792,48.249061584472656,12900213
2019-08-05,47.23581940450353,47.33231668485634,46.36733649567289,46.60858154296875,14093359
2019-08-06,46.84983926946112,47.042833882397794,45.740111013003535,46.17435073852539,13321830
2019-08-07,45.54710329920031,45.6918510754186,44.5338762513281,45.64360427856445,15406967
2019-08-08,45.88485395537662,45.98135125161635,44.96812040902845,45.788352966308594,9912773
2019-08-09,45.69185996162708,45.740110460692975,44.00314419392199,44.147891998291016,15393002
2019-08-12,43.61715096002818,43.85839606793124,43.18290755010549,43.665401458740234,13156727
2019-08-13,44.53387801304857,46.270840317897,44.43737702986693,45.11286544799805,14852407
2019-08-14,44.58212029607205,44.871615830637715,43.23114728947844,43.56888961791992,17895704
2019-08-15,41.204694017393365,41.63893740443892,36.910529107250014,38.64749526977539,80465058
2019-08-16,40.57744855758651,42.45916216921122,40.38445399410959,42.41091537475586,49935166
2019-08-19,42.84516294637571,42.89341344262009,41.54244016889008,41.831932067871094,22398591
2019-08-20,41.39769685639749,41.494194166508585,40.19147124793676,40.432716369628906,20525588
2019-08-21,40.3362073491513,40.91519473455566,39.27472616761093,39.37122344970703,17105978
2019-08-22,39.46771402878935,40.09495179512848,39.129971752399705,39.51596450805664,13672704
2019-08-23,39.03348187295129,39.08172866852114,37.44126376258986,38.45449447631836,25801529
2019-08-26,38.88874286968153,39.081737481135285,38.213254343936086,38.84049606323242,11634356
2019-08-27,39.03349485581509,39.12999217187842,38.16501162558706,38.26150894165039,13255982
2019-08-28,38.21324861917285,38.550994677861844,37.441266596180554,38.309749603271484,11576392
2019-08-29,38.79224341160707,39.56422920024656,38.59924511803297,39.12998580932617,11785596
2019-08-30,39.27473264927629,39.85372013023325,39.12998485582995,39.80547332763672,9494847
2019-09-03,39.08172427528716,40.4809476604248,38.98522700216704,40.19145584106445,13572847
2019-09-04,40.57745727909542,42.796913700257086,40.529210474270144,42.459171295166016,18790362
2019-09-05,43.37589875642934,44.53387730063197,42.45916528066543,42.507415771484375,17433537
2019-09-06,42.55566971741832,42.55566971741832,41.34944058446243,42.02492904663086,8596517
2019-09-09,42.217913351499774,43.665387219734725,42.121416078371425,43.231143951416016,10023906
2019-09-10,42.98990053383891,44.726866286576396,42.94165004905216,44.09962844848633,12563304
2019-09-11,44.14787543024509,45.161102294921875,43.713632180103104,45.161102294921875,11455328
2019-09-12,45.35410776181285,45.93309516154772,44.48562481579662,44.678619384765625,13666384
2019-09-13,44.968426583440504,45.6446452200789,44.14730738599825,45.11333084106445,9146903
2019-09-16,44.92012750782381,45.499740839938795,44.29221152435753,45.30653762817383,9178805
2019-09-17,44.92013319497795,45.35484232489591,44.67862730128563,45.209938049316406,7614962
2019-09-18,44.968426462355,45.35483658270502,44.340510478888724,45.30653762817383,8079777
2019-09-19,45.16163313336583,45.88615071890324,45.113330482268644,45.49974060058594,6808664
2019-09-20,45.69295256360469,46.079362724674255,45.1133354735901,45.25823974609375,11542705
2019-09-23,44.53371750738875,45.354836704831,44.43711590124615,45.11333084106445,6723554
2019-09-24,44.96842944798339,45.1616363693962,43.277888293928044,43.32619094848633,10702559
2019-09-25,43.27788449662491,44.437114832927186,43.18128289280472,44.2439079284668,8799802
2019-09-26,44.34051995613034,44.485424244335626,43.27789467065975,43.56770324707031,7469661
2019-09-27,43.66429138183594,44.29220730549277,43.42278554172329,43.66429138183594,6121624
2019-09-30,43.85749695371764,43.954098555637735,43.18128204345703,43.18128204345703,7040620
2019-10-01,43.2778901651377,43.664300327850235,41.104337158802736,41.58734893798828,13799506
2019-10-02,41.345841666432676,41.63564650616513,40.6213203250506,41.10433578491211,9534413
2019-10-03,41.05602839747373,42.07035446166992,39.8484991290592,42.07035446166992,11762643
2019-10-04,41.587360578818306,42.02206982303773,41.24924928129038,41.3941535949707,10487838
2019-10-07,41.2975339902449,41.78054569455912,40.959426536588936,41.3458366394043,6454560
2019-10-08,40.95943173434185,41.056033348099454,39.945105547836,39.993408203125,9129448
2019-10-09,40.138305542398186,40.428114057148676,39.800198073069346,40.331512451171875,6589067
2019-10-10,40.28321497261571,41.15263693169116,40.13831069663304,40.81452941894531,6128666
2019-10-11,41.49076211168313,43.08470229054969,41.44245943781797,42.50508499145508,11202546
2019-10-14,42.69827320250566,42.74657215829707,41.73224602801507,42.118656158447266,6832219
2019-10-15,42.215256044326765,43.08467780198297,41.58734012508508,42.93977355957031,7791583
2019-10-16,42.794872051997125,43.80919811688727,42.69827044982186,42.988075256347656,11605123
2019-10-17,43.08467810492954,43.90579722194858,42.891471214747575,43.66429138183594,6552993
2019-10-18,43.51938746423526,43.9540965009648,43.22957897520238,43.27788162231445,7827417
2019-10-21,43.422791529549976,44.05070753979387,42.31186377247543,42.45676803588867,12155530
2019-10-22,42.360158627129564,43.760894775390625,41.587342125128195,43.760894775390625,11459381
2019-10-23,43.37449183787901,44.19561482101606,43.13298594797294,44.14731216430664,9547274
2019-10-24,44.050710537885585,44.19561481116102,42.891480048502636,43.22958755493164,6848069
2019-10-25,43.08468210470445,43.90580129795226,43.08468210470445,43.471092224121094,8458780
2019-10-28,43.567698214722796,44.050709988402204,43.42279394325488,43.8092041015625,6371196
2019-10-29,43.51939555862668,44.14731160377399,43.13298540031906,43.8092041015625,9180931
2019-10-30,47.23858393035416,50.08835529685579,46.90047646566957,48.832523345947266,43326155
2019-10-31,48.54272008958995,49.31553664840639,47.62499557391895,48.20460891723633,17381933
2019-11-01,48.687626265808255,50.18496048690658,48.591020957436484,50.136661529541016,16462897
2019-11-04,50.329859357030394,52.88982581803472,50.329859357030394,52.79322052001953,19618249
2019-11-05,52.74492905086235,52.98643493652344,51.77890550821801,52.98643493652344,14321783
2019-11-06,52.79323437045083,53.61435743808409,52.117019287857325,53.22794723510742,15650118
2019-11-07,53.61435305232935,54.6769782509748,53.56605039460069,54.532073974609375,14261713
2019-11-08,54.242276288359925,55.787913481309666,53.80756340180398,55.643009185791016,12535897
2019-11-11,55.06338239444295,55.54639413157103,54.29056213630995,54.821876525878906,9144135
2019-11-12,54.676969065068945,55.932800986824695,54.5320648130479,55.15998077392578,9819738
2019-11-13,54.532073974609375,54.870185185068884,54.00076322369694,54.532073974609375,10830626
2019-11-14,54.00076322369694,54.821882527340215,54.00076322369694,54.532073974609375,6177722
2019-11-15,54.773587109500205,55.787913481309666,54.725288142208036,55.643009185791016,7671582
2019-11-18,55.11169882635803,55.54640801973475,54.72528860067811,55.25659942626953,10226930
2019-11-19,55.208283078723206,55.7878963863673,54.387163918159075,55.546390533447266,9396375
2019-11-20,55.25658919722828,55.49809877828869,54.38717097142062,55.01508331298828,9367744
2019-11-21,54.72527594606946,56.126008531331664,54.62867063937255,55.69129943847656,8364300
2019-11-22,55.49809799313549,56.60902578428683,55.49809799313549,55.78790283203125,7720858
2019-11-25,56.319210394624726,57.188632199145694,55.8845013407742,55.93280029296875,11378143
2019-11-26,56.126007476760684,56.36751334532472,54.62866961293557,54.821876525878906,12879647
2019-11-27,55.01508576461372,55.401495935981316,54.387173395064536,54.532073974609375,9128706
2019-11-29,54.4837732372084,54.870183395976746,54.193964693927036,54.43547058105469,4562336
2019-12-02,54.62865792306629,55.6429838327099,53.8075388850221,53.90414047241211,13785963
2019-12-03,53.131333351220135,53.66264402302191,52.2136088687661,53.083030700683594,12850515
2019-12-04,53.95246169145262,54.000764350188916,52.50342629121174,52.6483268737793,8777551
2019-12-05,52.60003148622298,52.938139029890664,51.97211536408533,52.11701965332031,9484775
2019-12-06,52.64833339273077,53.66265977722222,52.4068274627872,53.61436080932617,10151591
2019-12-09,53.03472805014705,53.75924562727496,52.98642909643055,53.083030700683594,5356135
2019-12-10,53.08304391003837,53.276247166621786,52.74493636260692,53.17964553833008,4971956
2019-12-11,52.98643493652344,53.56604832274596,52.88983332162309,52.98643493652344,7365872
2019-12-12,54.82189023289281,55.884519277717864,54.29057571048029,55.25659942626953,20039606
2019-12-13,55.546395100718364,56.0294068462738,54.725275872638164,54.77357482910156,10560930
2019-12-16,54.48377569707289,54.8701858732871,53.75925430615837,53.95246124267578,11137921
2019-12-17,53.85586673926974,54.24227696654368,53.51775547989185,53.61436080932617,8376439
2019-12-18,53.22794945767952,53.80756293793627,52.74493760799539,52.938140869140625,15133639
2019-12-19,53.03473066072562,53.85585357934551,53.03473066072562,53.32453918457031,9090163
2019-12-20,53.566260183689685,53.85633144033831,52.696050113915454,53.32453536987305,14775102
2019-12-23,53.17950855932326,54.001372265355585,53.17950855932326,53.953025817871094,8834673
2019-12-24,53.66296495612458,54.146414690845795,53.61461850258347,54.09806823730469,4167022
2019-12-26,54.049718037037664,54.29144287109375,53.80798950280962,54.29144287109375,6092672
2019-12-27,54.001374314840795,54.19475271177394,53.8079922177355,54.049720764160156,6013441
2019-12-30,53.51792235909834,53.953025583883765,53.32454027017105,53.56626510620117,9659851
2019-12-31,53.17950855932326,53.953025817871094,52.98612646955729,53.953025817871094,11367670
2020-01-02,54.29144643114051,57.82062997981243,54.29144643114051,57.675594329833984,17540015
2020-01-03,55.935177788312046,58.01401224340494,55.74179568773816,57.86897659301758,17231837
2020-01-06,57.240499979272805,59.02926340664749,57.240499979272805,58.69084930419922,22461009
2020-01-07,58.739183161257905,59.174286385330014,57.62724817730786,58.255733489990234,14160793
2020-01-08,57.965651334482715,58.25572256290315,57.385512577813145,57.72392654418945,11115771
2020-01-09,58.35242030611796,58.44910949639663,57.1921389222584,57.57889938354492,7900488
2020-01-10,57.240488475658346,57.57890251009559,56.03186428111674,56.41862106323242,11767739
2020-01-13,56.75704095756927,58.73918619211121,56.46696965977262,58.59415054321289,13274420
2020-01-14,58.78753166181281,58.932567317422134,57.96566788025642,58.15904998779297,9034667
2020-01-15,58.110691548644795,58.110691548644795,57.19213505271612,57.38551712036133,9239517
2020-01-16,57.72394734389964,57.917325765745915,57.14380837818819,57.24049758911133,7358067
2020-01-17,57.28882208580003,57.67558250639967,56.85371892523259,57.09544372558594,9345794
2020-01-21,56.75703788082403,57.047109162896184,56.12855256978236,56.370277404785156,8775485
2020-01-22,56.6120003926346,56.6120003926346,54.871580157332616,54.96826934814453,12428998
2020-01-23,56.70869450807716,57.288833403500284,56.0802091629637,56.90207290649414,14679157
2020-01-24,57.43385930101211,57.48220574249397,56.17688882419947,56.611995697021484,11912960
2020-01-27,55.35502903148049,56.03186075796948,55.0166150183219,55.30668258666992,9602991
2020-01-28,55.693444870381185,57.14379756035396,55.45172003874771,56.70869064331055,12625782
2020-01-29,60.769670616078464,62.84850862821539,60.382913841903374,62.55843734741211,44278356
2020-01-30,62.31672251942869,62.800172264945225,60.43126629181065,61.5432014465332,19154638
2020-01-31,61.301472122318316,61.5915434286335,59.65774088681944,60.189537048339844,15646447
2020-02-03,60.23788020286722,61.301468767529705,59.222634386496786,59.27098083496094,10105766
2020-02-04,60.382916625850015,61.01139826294659,59.89946323549767,60.81801986694336,8905297
2020-02-05,61.68822708333155,62.17168045043945,60.76967049605007,62.17168045043945,10046658
2020-02-06,62.55843456115478,62.848505829038736,62.02663847009147,62.606781005859375,12763278
2020-02-07,62.945190872516285,63.28360858270918,61.92994884245294,62.02663803100586,13369743
2020-02-10,62.07498863917735,62.70347025701395,61.73657460645641,62.41340637207031,6720424
2020-02-11,62.60678263624347,62.75181457379052,61.784915255893424,62.12333297729492,8202487
2020-02-12,62.60676757245806,64.10546263466699,62.268349932483076,63.622013092041016,13184414
2020-02-13,63.23526540239049,63.622029576909505,62.36505896032456,62.55843734741211,10234936
2020-02-14,62.703466051048096,63.18692309432802,61.63988127679416,62.02663803100586,7416954
2020-02-18,61.44649525447401,62.60677654313099,61.25311688978361,61.63987731933594,8820688
2020-02-19,61.39816173388224,62.558443266709574,60.86636926898716,60.96305847167969,11010597
2020-02-20,61.15643282318431,61.30146846769528,59.9961550674407,60.5762939453125,7937566
2020-02-21,60.189521082059265,60.23786752034452,59.07758630304015,59.22262191772461,8611565
2020-02-24,56.515317330031124,58.30408050461673,56.08021037393911,57.337181091308594,14240786
2020-02-25,57.86896981634237,58.01400544974551,54.04971540419474,54.72654342651367,16269102
2020-02-26,54.96828200703748,55.79014586846731,52.212615383165826,52.93779373168945,18682881
2020-02-27,51.342384430463284,52.93777245585168,49.84369297963661,50.23044967651367,18910102
2020-02-28,48.10329284361448,54.09807637634725,47.66818949697319,52.59938049316406,30359552
2020-03-02,54.19475173950195,54.823237068517656,52.01922816225903,54.19475173950195,25039892
2020-03-03,54.38814774089014,55.01663323061771,51.58413441743699,52.59938049316406,21919391
2020-03-04,53.469586253709835,53.759657593119286,51.72916561759855,52.93779373168945,16665500
2020-03-05,51.245707177121744,51.87419250600331,48.10328053271393,48.73176956176758,21686251
2020-03-06,47.134804557194975,47.23158978212665,44.4247923321795,45.48944091796875,29787216
2020-03-09,40.31138195843179,41.90835086263503,39.246733553065404,39.73066329956055,24558063
2020-03-10,42.48906592687343,42.827816009521484,39.48869852781435,42.827816009521484,19850767
2020-03-11,41.714776741729175,41.90835086263503,39.48869842631298,39.73066329956055,20746329
2020-03-12,34.988155364990234,37.6497732850905,33.05243593498799,34.988155364990234,31583435
2020-03-13,37.74655665907964,38.90799048225872,34.794583191994015,37.988521575927734,22099041
2020-03-16,33.82671663911803,34.6010019931167,32.18135331715915,32.2297477722168,23255932
2020-03-17,33.43956180792536,35.47206903261911,30.487587999258157,34.26224136352539,24121739
2020-03-18,31.50385681890169,32.907255600832265,28.551885115598086,31.939395904541016,27873844
2020-03-19,30.97152860374991,33.43957370434631,29.761704208095686,31.358675003051758,19861762
2020-03-20,33.92350008042797,34.117070482895066,31.213492222812288,31.552242279052734,25306037
2020-03-23,31.21349985381935,32.08457428557173,29.18099161178146,29.56813621520996,21193467
2020-03-24,32.22975332542441,34.16547259971615,31.31028444782771,33.92350769042969,23974833
2020-03-25,36.05279693453331,38.714410628099614,33.6815388761391,36.585121154785156,27665082
2020-03-26,36.923866312502895,40.16619825073658,36.34315141593055,39.29512405395508,24714600
2020-03-27,37.16583233181402,38.08529730502201,36.48832851127218,36.87547302246094,18719196
2020-03-30,36.488336503548254,38.42405948348596,35.56887132894387,38.18209457397461,17425331
2020-03-31,38.08530697334332,39.58549094609361,37.843345759253005,38.4240608215332,24307107
2020-04-01,36.39153908875441,36.53671872659306,33.875101909806304,34.06867599487305,19974760
2020-04-02,33.97189678468802,35.76243608965012,32.76206872561783,33.391178131103516,19561750
2020-04-03,34.02029382825677,34.11707905380475,31.842609586115756,32.568504333496094,19622924
2020-04-06,34.21386981529765,35.32690922831837,33.58476025977748,34.988155364990234,19672140
2020-04-07,37.214228420541986,37.504587771557674,33.87511069924802,34.02029037475586,19278732
2020-04-08,34.7461893378514,35.71404902225676,34.165474267977594,35.326908111572266,18589124
2020-04-09,36.05281193274851,36.4883474186156,34.31066258158418,34.55262756347656,25701070
2020-04-13,34.504233122456895,34.504233122456895,32.71369299530812,33.9719123840332,18874790
2020-04-14,34.359045314632475,35.036545550803666,33.10082635734685,33.53636169433594,21481602
2020-04-15,32.56850073242671,32.56850073242671,30.72956498303308,31.455461502075195,27732155
2020-04-16,31.35868039328818,31.64903607584651,30.003674244551252,30.197246551513672,33241115
2020-04-17,31.310283051483214,33.584756060418854,30.68117357462541,33.100826263427734,33287181
2020-04-20,31.98778633517586,32.665286555564506,31.261887950692813,31.50385284423828,20001786
2020-04-21,30.923135998308382,31.84260476131345,30.48759884548822,31.358675003051758,15539929
2020-04-22,31.890992157543362,32.132960715047666,30.971525343257348,31.11670684814453,15398901
2020-04-23,31.261882971506033,32.61688690031388,31.116707021578737,31.552242279052734,16611930
2020-04-24,31.890998319309322,31.939392780929843,30.245636626142694,30.294029235839844,31222349
2020-04-27,30.874740142563248,31.31027724953273,30.63277528890498,31.11670684814453,21475783
2020-04-28,31.79420289585743,33.48795665512648,31.79420289585743,32.90724182128906,28223273
2020-04-29,32.32652568001013,33.39117011629361,31.552236796979194,31.84259605407715,45188986
2020-04-30,31.745812153614224,33.00402700962104,31.019915833433277,32.90724182128906,35254082
2020-05-01,32.27814138404055,32.61689148792669,31.01992433141924,31.455461502075195,24151935
2020-05-04,30.487602094869786,30.535994705469015,29.761707380111083,30.052064895629883,27457604
2020-05-05,30.390814294555184,31.261886767188024,29.810097460876705,30.00366973876953,23474184
2020-05-06,30.003666649696992,30.245631509170355,28.890627555350292,28.93902015686035,23525367
2020-05-07,29.326171301048017,30.29403095769579,29.326171301048017,29.56813621520996,20196745
2020-05-08,30.052062519002508,30.6327793560383,29.81009763321841,30.439207077026367,18787072
2020-05-11,30.197235600183078,30.24562819639274,29.664913338031088,29.955270767211914,14414337
2020-05-12,30.100455105621467,30.390812580119153,29.035808563232422,29.035808563232422,19191335
2020-05-13,29.0358120122222,29.13259723124358,26.519374094585878,28.01955795288086,47299141
2020-05-14,27.19687603678038,28.551882059233126,26.51937395151569,27.584020614624023,28130338
2020-05-15,27.14848109918784,27.390445976607573,26.519371677127253,26.567764282226562,25779038
2020-05-18,27.77759205078124,31.40706726385223,27.77759205078124,30.342422485351562,51073738
2020-05-19,30.439209484270553,30.826354072911222,29.471348012668873,30.052064895629883,21766084
2020-05-20,30.63278023602243,31.31028230606507,30.439207951449774,31.068317413330078,18315596
2020-05-21,31.068315666556174,31.697425093065657,30.63277851373601,31.358675003051758,19827132
2020-05-22,31.35867418961974,31.35867418961974,30.34242024209286,31.019922256469727,13961540
2020-05-26,32.858851079045856,33.58474554730402,32.858851079045856,32.90724182128906,25984590
2020-05-27,35.08494060627852,35.956014998853504,34.310651434245926,35.27851104736328,29644242
2020-05-28,36.246365577979866,36.246365577979866,32.61688883387176,32.810462951660156,27831269
2020-05-29,31.74581777579812,32.520103123425415,31.165099135269877,31.794208526611328,25942336
2020-06-01,31.842602216608388,33.00403206208208,31.407063246671157,32.71367645263672,15083601
2020-06-02,33.39118963984956,34.746194125491044,33.19761915783545,34.11708450317383,22787385
2020-06-03,34.939748527871345,35.907607797618624,34.74617445161461,35.61724853515625,24642090
2020-06-04,35.37530059343183,37.50459422495815,34.69780026294683,37.45620346069336,25118482
2020-06-05,40.89210025314588,41.4244244993044,37.89173261675659,38.133697509765625,33669153
2020-06-08,39.77906072588724,41.4728149650859,39.24673648345759,40.94049072265625,31792699
2020-06-09,39.633879036122146,39.730664246959805,38.230480515513634,38.81119918823242,23603936
2020-06-10,38.56924008855372,38.61763084930037,36.39155214723935,36.827091217041016,23465356
2020-06-11,34.165468598285734,35.56886713009054,33.10082386288493,33.63314437866211,24979842
2020-06-12,35.52048108604289,35.95602019722217,34.262261925543626,35.08494567871094,20261430
2020-06-15,33.63314619232193,35.56886904813378,33.14921640433063,35.03654479980469,20497800
2020-06-16,37.40780076487973,37.45619522234759,35.27850760168323,36.14958190917969,19694772
2020-06-17,36.29476373012073,36.43994340728745,34.84297436614683,35.03654479980469,15090141
2020-06-18,34.504208118635795,35.42367660681681,33.971887765963395,35.2301025390625,15729550
2020-06-19,35.907614978018955,36.05279463828153,34.31064612282301,34.60100173950195,17792356
2020-06-22,34.697785289610074,34.74617603299252,33.68153152858521,34.06867599487305,15707761
2020-06-23,34.31064578806172,34.50421619729239,33.729930856523524,33.87510681152344,16168082
2020-06-24,33.39117867752463,33.39117867752463,31.552244886722306,31.60063934326172,29025298
2020-06-25,31.45545626038555,32.42331565526136,31.068311761666035,32.32653045654297,14836396
2020-06-26,32.08420320756451,32.22960052640952,31.260290013308307,31.40568733215332,17938840
2020-06-29,31.84187336141876,32.956581115722656,31.502615447343377,32.956581115722656,15103383
2020-06-30,32.520392778681206,33.29584261604146,32.27806516818099,33.10197830200195,13947676
2020-07-01,33.58664566571361,33.974370724569496,32.5204045359101,32.66579818725586,24202957
2020-07-02,33.24738456891429,34.11976494366365,33.00505689311724,33.05352020263672,14877567
2020-07-06,33.82896157264212,34.31361679993395,33.39277335183905,33.9258918762207,15133900
2020-07-07,33.39277068777743,33.39277068777743,32.71425119806151,32.762718200683594,12526487
2020-07-08,33.05351117495254,33.29584249396314,32.56885595572908,33.24737548828125,12928884
2020-07-09,33.10197095939752,33.10197095939752,31.89033317565918,31.89033317565918,14997186
2020-07-10,31.696479011999102,32.568859236355024,31.648015710834425,32.4234619140625,12725057
2020-07-13,32.76272227592843,33.053513199635496,32.1811367191152,32.471927642822266,13742084
2020-07-14,32.278069861153966,33.39277777340436,31.84187787319542,33.34431076049805,13946091
2020-07-15,34.362092036565585,34.9436777067329,34.07129734678201,34.60441970825195,18022606
2020-07-16,34.216695168186234,34.7982808464529,33.87743716498067,34.16822814941406,10502384
2020-07-17,34.21669259181079,34.65288089031764,33.828967599027145,34.265159606933594,12029771
2020-07-20,33.97435701417269,34.216684614490966,33.24737421321787,33.295841217041016,9844356
2020-07-21,33.635103344387105,34.65287716804444,33.44123901411961,34.11975860595703,14019625
2020-07-22,33.877435887758715,34.3620912196088,33.4412438634538,34.21669387817383,13143364
2020-07-23,34.21668891639118,34.50748355709282,33.78050066473792,34.11975860595703,13769391
2020-07-24,34.02282532279834,34.45901353633991,33.05351117495254,33.24737548828125,13131567
2020-07-27,33.15044202364579,33.19890531530524,32.42345555476882,32.520389556884766,14185812
2020-07-28,32.47193666425027,33.73204214526358,32.42346964213432,33.392784118652344,15255125
2020-07-29,33.877439401055305,33.92590271362641,31.599556137609774,31.938814163208008,29782982
2020-07-30,31.502624005156925,31.551087314962146,30.339448928833008,30.339448928833008,25586567
2020-07-31,30.29098429219012,30.4848468082891,29.07934588494651,29.418603897094727,28609840
2020-08-03,29.757860331414367,30.000187984910923,29.176272850202764,29.612462997436523,18011050
2020-08-04,29.563999585863723,30.04865492151561,29.563999585863723,29.757862091064453,14253587
2020-08-05,29.903253635207,31.017961502075195,29.757858166506562,31.017961502075195,21286984
2020-08-06,30.67870330810547,31.1148934201136,30.436375674178688,30.67870330810547,14027650
2020-08-07,30.484841074107656,31.308754294175703,30.290978594474105,31.017961502075195,16665861
2020-08-10,31.16335933822901,32.47192777368199,30.92102985809745,32.32653045654297,18929062
2020-08-11,33.29584440050623,33.92589325405467,32.42346050467205,32.61732482910156,18687596
2020-08-12,33.29585350846267,33.34431682077769,31.89035068212521,32.56886672973633,14073295
2020-08-13,31.938812871956014,32.76272995575608,31.938812871956014,31.987279891967773,10719714
2020-08-14,31.696471757035006,32.568851781713,31.35721388893756,32.27806091308594,10111524
2020-08-17,32.32653608869893,32.423466413879794,31.26029509290996,31.35722541809082,11843460
2020-08-18,31.454148212047304,31.841873129335582,31.066425149458464,31.211820602416992,8564375
2020-08-19,31.357222078158273,31.841877361840538,30.775634624919743,30.921031951904297,10907008
2020-08-20,30.678703635773573,30.92103127228857,30.0971161953178,30.387910842895508,12793394
2020-08-21,30.29098283249775,30.921035515782812,30.194052506469234,30.581775665283203,12008403
2020-08-24,30.775630339574334,32.18113454688311,30.533302731476052,32.132667541503906,20622516
2020-08-25,32.22960887623513,32.47193656729103,31.405695468525106,31.938814163208008,13934033
2020-08-26,32.08420320756451,32.08420320756451,31.21182300389358,31.40568733215332,11497281
2020-08-27,31.5995479510139,32.13267021697923,31.260290013308307,31.40568733215332,14724301
2020-08-28,31.551088446837767,32.084210839619985,31.357227781862438,32.03574752807617,11870004
2020-08-31,31.551084224190436,32.423464518624264,30.33944595675444,30.727170944213867,28464920
2020-09-01,30.387904165882087,31.01795476956277,29.80631685321618,30.000179290771484,18695642
2020-09-02,30.048647705251597,31.2602876081026,29.903250397593634,31.211820602416992,16816680
2020-09-03,30.96950125080876,32.22960664065323,30.436380738405294,30.63024139404297,18884902
2020-09-04,31.16336379006178,31.793416448070786,30.339446778373272,31.114896774291992,17992270
2020-09-08,30.630240582417926,30.824104942318538,29.70939692843924,29.757862091064453,24206006
2020-09-09,30.04865030193504,30.04865030193504,29.17627008999855,29.854787826538086,21878280
2020-09-10,29.903255150238895,30.048652481005444,29.079341888427734,29.079341888427734,19526919
2020-09-11,29.27319755857065,29.32166270596943,28.740075373086146,28.837007522583008,14429505
2020-09-14,29.03087035338657,29.85478534157002,28.88547489996557,29.806320190429688,14847532
2020-09-15,29.903257164398713,30.145586683565185,29.176274170998862,29.56399917602539,17325133
2020-09-16,29.563998663198014,33.00505477739396,29.321671002934895,32.71426010131836,51360267
2020-09-17,33.00505679288074,34.7982808464529,32.32653707706974,34.16822814941406,52374245
2020-09-18,33.538171393324454,34.60441600206796,33.29584745699116,33.34431076049805,29148649
2020-09-21,32.13267216271924,32.229602478018975,30.194049164427167,30.775634765625,32651524
2020-09-22,31.017962311958698,31.890344420437525,30.097116900680646,30.290979385375977,28269901
2020-09-23,30.436378132144686,31.114895932875,29.563997837677164,29.612462997436523,17785373
2020-09-24,29.56399684083824,29.95172181523933,29.07934155018673,29.370134353637695,19154738
2020-09-25,29.41868496514388,29.952686694322068,29.224502011506633,29.661413192749023,16006529
2020-09-28,30.243959582442216,30.632323600218037,30.00123137467027,30.09832191467285,16711586
2020-09-29,30.146864413485922,30.243956802328977,29.41867985710694,29.70995330810547,14761158
2020-09-30,29.807042644200653,30.535227126001164,29.807042644200653,30.243953704833984,19417934
2020-10-01,30.438137184475742,30.535227707458574,29.66140556955243,30.292499542236328,15885525
2020-10-02,29.370135045104732,31.06923236955999,29.370135045104732,31.020687103271484,18072625
2020-10-05,31.020684488568993,31.31195977727944,30.68086393766187,31.11777687072754,11693825
2020-10-06,31.214868470243303,31.943052958231448,29.66140525677769,29.952678680419922,34121508
2020-10-07,30.195411161862573,31.06923150400819,30.14686403916118,30.632320404052734,16710242
2020-10-08,30.87505484531702,32.379969419444286,30.777962443839595,32.28287887573242,20699139
2020-10-09,34.321800376868886,34.321800376868886,32.525608519519075,33.20524978637695,34410686
2020-10-12,33.5936094247005,33.5936094247005,32.71978712832318,33.156700134277344,17863963
2020-10-13,32.96251838128923,33.10815233144146,32.33142430701618,32.62269592285156,15105450
2020-10-14,32.62269785946645,33.4479767754859,32.62269785946645,33.108154296875,19652097
2020-10-15,32.52559347494435,33.39941543356112,32.08868435340075,33.35087203979492,17907361
2020-10-16,33.787794106725144,35.68107636170471,33.69070356646411,35.389801025390625,33937143
2020-10-19,35.875257442226776,36.26362331880189,35.098525689076546,35.389801025390625,26250714
2020-10-20,35.68106970184252,36.02088838709455,35.29270389775577,35.63252258300781,19746677
2020-10-21,35.341246154693394,35.97234010142222,35.29270275296359,35.535430908203125,14809210
2020-10-22,35.58398586265558,37.62290207262259,35.53543873470334,37.477264404296875,19214348
2020-10-23,38.496717027511814,38.98217335235624,36.700529368693466,37.040348052978516,26597033
2020-10-26,36.2150640495959,36.70052401920977,35.34124204913853,35.826698303222656,20917251
2020-10-27,35.92380312121223,35.92380312121223,34.418886803505394,34.46743392944336,19696497
2020-10-28,36.4577944940707,38.15689131820754,35.97233454307342,36.02088165283203,50860201
2020-10-29,37.18599359512279,37.57435948062756,35.48689238159803,35.778167724609375,24738095
2020-10-30,35.632515921351974,36.60342839228731,35.38978780361814,36.02088165283203,20539191
2020-11-02,36.40925712628401,36.79762296167855,35.58398204827724,36.50634765625,21844975
2020-11-03,37.13744369235024,38.44817520694186,36.60344017522401,38.10835647583008,19636808
2020-11-04,37.33162476283389,38.93363531421258,36.5548967653685,38.10835647583008,25465824
2020-11-05,38.593813410715605,39.07927352481839,38.39963233749917,38.78799819946289,17215987
2020-11-06,38.933626475429,39.5161732701599,38.64235122029858,39.27344512939453,16878656
2020-11-09,45.39021281675484,45.68148444194816,41.79783304845559,42.33183288574219,38779589
2020-11-10,42.81728905151808,44.17656394065915,42.47746661370212,43.594017028808594,33051594
2020-11-11,44.22510770195892,44.27365482239279,42.86582920064511,43.1571044921875,17543666
2020-11-12,42.52602005004883,43.060019917036705,42.08910701466102,42.52602005004883,15954303
2020-11-13,43.011465121251064,44.904747009277344,42.96291800276439,44.904747009277344,26078809
2020-11-16,46.65239859511119,46.798032542416756,45.73002920750109,46.458213806152344,23830013
2020-11-17,45.875671264294446,47.28349718584649,45.29312427268345,46.99222183227539,18127238
2020-11-18,48.40004092424235,48.7884067690256,47.23494338989258,47.23494338989258,29867932
2020-11-19,46.70093395788329,47.38057502882264,46.16693424021331,46.895118713378906,17490999
2020-11-20,46.79802651113518,47.720395779871275,46.55529834286732,47.380577087402344,16078116
2020-11-23,47.86603815321285,49.85641081587486,47.86603815321285,48.885498046875,21708341
2020-11-24,51.992416394862595,52.672053784961754,50.48750025396108,50.730228424072266,35369990
2020-11-25,51.11859525916222,51.264232907240455,50.19622596502038,50.972957611083984,22044528
2020-11-27,51.21568760244418,51.264234725368844,50.05059380755824,50.48750305175781,10865436
2020-11-30,50.4389506641405,50.4389506641405,48.35148776028434,49.41949462890625,25100464
2020-12-01,50.147683114000216,50.875867646914905,49.07967615996759,49.273860931396484,17408658
2020-12-02,48.93404328376276,50.875868746850855,48.59422085529786,50.633140563964844,15496290
2020-12-03,50.48749950438041,51.94386850342502,50.43895238486679,51.458412170410156,18348801
2020-12-04,51.79823947723883,53.0604276392592,51.021511444521735,52.81769943237305,27090138
2020-12-07,52.86624159643529,53.88570145585404,52.23514757467752,52.720603942871094,19542810
2020-12-08,52.5264286784217,53.5458887224571,52.38079471401489,53.20606994628906,18735107
2020-12-09,53.40024358464932,55.77898195116388,53.40024358464932,55.293521881103516,25307401
2020-12-10,53.78860731864361,55.73043651087822,53.69151678791453,54.953704833984375,19195227
2020-12-11,54.75951432103989,55.390608235148065,53.497326492823525,54.176963806152344,17853791
2020-12-14,54.71097271609681,55.099338526623214,52.38078156846878,52.5749626159668,15913996
2020-12-15,53.15752560568184,54.12843850101165,51.7011525471559,53.93425369262695,17377921
2020-12-16,54.031329811365325,54.12842404739675,52.91477953677607,53.06041717529297,11800604
2020-12-17,53.10897476684882,53.351702973734966,52.42933355824901,52.81769943237305,12528955
2020-12-18,52.38039334168604,54.03246603450414,52.18603359850724,52.52616500854492,23023775
2020-12-21,50.874089499226905,52.817705418159996,50.339594656651634,52.33180236816406,17218374
2020-12-22,52.040243265155226,52.283194716458425,50.971253904262554,51.55434036254883,17858164
2020-12-23,51.89447417812874,53.352182956946336,51.60293093478585,52.769100189208984,12139419
2020-12-24,52.720520522863346,52.720520522863346,51.60294279185535,51.748714447021484,6029070
2020-12-28,51.99166240466511,52.380385552165016,51.40857954288977,51.70012283325195,10793588
2020-12-29,51.79729668610527,52.33179141682824,51.214213891920224,51.31139373779297,10640944
2020-12-30,51.40857428562864,52.7205115201961,51.26280265535478,52.04024887084961,10156427
2020-12-31,51.748699968332694,52.62332593566998,51.408568680742704,52.47755432128906,9570828
2021-01-04,52.914876088437104,52.96346415362308,50.5339493258622,50.874080657958984,16040798
2021-01-05,50.679729766808286,52.86629349178996,50.63113797422894,52.33180236816406,16793346
2021-01-06,52.62333344647758,56.46196915129639,52.62333344647758,55.19862365722656,26400690
2021-01-07,56.17042364686291,56.219015426424875,54.61553132826052,54.76130294799805,15105891
2021-01-08,54.85848894251871,55.58734340402508,54.2268143320901,55.1014404296875,14590235
2021-01-11,53.983856944131304,56.02465218843586,53.7409054835187,55.635929107666016,13493535
2021-01-12,55.92746950877657,57.87108109500832,55.44156661221863,57.23940658569336,18346073
2021-01-13,57.23941095815828,57.43377436299762,55.9760618430223,56.219017028808594,10776915
2021-01-14,56.413378633541036,56.996461429995016,56.26760700469039,56.65633010864258,11879594
2021-01-15,56.36478211269264,56.36478211269264,54.66412192994613,55.0528450012207,14768762
2021-01-19,55.78170115730739,56.607735385960495,55.39297807354463,55.53874969482422,12740305
2021-01-20,55.878877915296776,55.878877915296776,54.907072118985155,55.344383239746094,11840751
2021-01-21,55.39298954791131,55.538761199386734,53.78950881958008,53.78950881958008,13162304
2021-01-22,53.303608674907814,54.32400657143689,52.96347356343186,53.98387145996094,10617570
2021-01-25,54.12963031483267,54.178222096106,52.33179019194723,53.40077590942383,18462763
2021-01-26,58.45416988986126,59.425975721943445,54.4211712239822,54.858482360839844,42495519
2021-01-27,53.838083020420534,56.170421405246515,51.70011174608574,55.29579544067383,29983117
2021-01-28,55.44158087661959,55.73312045819479,53.78950837189681,53.886688232421875,18879766
2021-01-29,53.449370293315226,54.61553591117424,51.845886060598865,51.89447784423828,21921317
2021-02-01,52.769098835543424,53.449365146243416,51.70011316895582,52.18601608276367,13379614
2021-02-02,52.8662799034363,55.15002662657946,52.67192022097444,54.61553192138672,16946953
2021-02-03,54.61552895290381,54.90707217969896,53.78949476891518,54.42116928100586,10877474
2021-02-04,54.56694342476026,55.87888056827862,54.37258002490114,55.635929107666016,13396066
2021-02-05,55.9274772304991,56.1218369283776,55.004259368204444,55.392982482910156,10396669
2021-02-08,55.733113295047495,56.60773936525934,55.44157375094267,56.41337966918945,8517928
2021-02-09,56.17042575026314,56.364785437892394,55.441571343230684,56.0732421875,10581235
2021-02-10,56.31620034520481,56.31620034520481,55.29580263397091,55.392982482910156,9140985
2021-02-11,55.344389493828885,55.733112600070065,54.37258358770027,55.68452453613281,10398836
2021-02-12,55.44157130415389,57.045051742284826,55.29579967906044,56.9964599609375,11725144
2021-02-16,57.43377001381013,58.21121241744998,57.239406623689014,58.16262435913086,12100796
2021-02-17,57.53095583545439,58.06545056521603,57.14223273371398,57.628135681152344,8615357
2021-02-18,57.53095677591166,57.628136623198216,55.92747627936329,56.51055908203125,9802022
2021-02-19,56.94787357210241,58.45417421075384,56.75351015994975,58.405582427978516,12248665
2021-02-22,58.64853536451456,61.70972478187859,58.45417566647028,60.737918853759766,19388781
2021-02-23,61.22382381491265,61.46677530486732,59.18303204308316,61.175235748291016,14454364
2021-02-24,62.19562274476019,64.86809255114119,61.46676835727858,63.750518798828125,21426186
2021-02-25,63.65333874687213,64.47937674003641,61.51536352772432,62.00126647949219,18526244
2021-02-26,61.61254414757403,62.389990367739635,60.30060690512465,60.932281494140625,17802448
2021-03-01,62.77870191544264,64.57654561008844,62.147031124294884,63.70192337036133,15657201
2021-03-02,63.89628944799205,64.38219239386818,63.021659682676706,63.07025146484375,15490231
2021-03-03,63.60475926187073,66.18004986690212,63.410399531164266,65.305419921875,23589309
2021-03-04,67.4433730986098,68.65813024145206,64.0420456607557,65.93707275390625,33418377
2021-03-05,67.10409895623913,67.15272656582304,63.89477348765734,66.13157653808594,21061930
2021-03-08,69.09778519931939,69.72992936337191,67.15273997463356,68.90328216552734,28835014
2021-03-09,68.56287553899867,70.11891422552159,67.24997487541414,68.07661437988281,22966413
2021-03-10,66.37471737743839,66.81235104441309,62.825005537793864,64.42967224121094,44186284
2021-03-11,61.706610937436785,62.53325814290761,58.10827500555662,59.664310455322266,61355743
2021-03-12,59.518424288716645,61.366217795330655,59.46980039640817,61.171714782714844,26996039
2021-03-15,61.949721901991495,64.96454404715708,61.90109429770552,64.9159164428711,22351422
2021-03-16,64.8186530712789,64.9159082676029,63.55438017934384,63.94338607788086,14938641
2021-03-17,64.18652638857465,66.1801986694336,63.84614059304485,66.1801986694336,15895858
2021-03-18,66.08295911832779,66.56922040238466,64.13791398210034,64.42967224121094,12792812
2021-03-19,64.1865505993666,64.91594262772662,63.11677264708518,64.28380584716797,13737991
2021-03-22,63.99203610489447,64.38104213977594,62.87363072869158,63.846153259277344,10591427
2021-03-23,63.01951368592489,64.08928400543469,61.02583728432553,61.560726165771484,13172818
2021-03-24,62.04698800674523,63.3112650774439,60.78270721435547,60.78270721435547,12454218
2021-03-25,60.2964436006942,62.873628979380555,59.469800217033914,62.484622955322266,14725103
2021-03-26,62.970894599912704,63.84616202019046,61.80386517005642,63.16539764404297,12143472
2021-03-29,62.824995772503236,63.457139809548394,62.144231569315636,62.97087860107422,10786807
2021-03-30,63.11675918412382,64.96455639452623,62.72775316266113,64.67279815673828,10618713
2021-03-31,65.06180642250955,65.30493705515599,63.846153259277344,63.846153259277344,12557044
2021-04-01,64.33240802716303,64.96455207422811,63.94340203157016,64.5755386352539,11874438
2021-04-05,65.49945617387954,65.9857175034478,65.01319484431127,65.4508285522461,10180082
2021-04-06,65.45083117408142,65.64533422502353,65.01319744861583,65.15907287597656,8035938
2021-04-07,65.15907073721961,65.79121493626141,64.4783063595757,65.11044311523438,8379669
2021-04-08,64.47830378421864,65.64532944833597,63.65165657363651,65.4021987915039,11018763
2021-04-09,65.64531532900934,67.24998178499085,65.25630933910055,66.13157653808594,12689464
2021-04-12,66.18020963396849,66.52059548589237,65.49944537350255,66.08295440673828,8442187
2021-04-13,65.69397025479273,65.83984570081967,64.47831672662053,65.35358428955078,10277370
2021-04-14,65.30494621745707,67.05548850678942,65.25632603881203,66.5206069946289,12968951
2021-04-15,66.76372532721493,66.86097310992223,65.35356176583224,65.8884506225586,10208753
2021-04-16,66.27747626934752,66.52060693589057,64.91594007067656,65.11044311523438,10036727
2021-04-19,64.77006417952714,65.49945617387954,64.04066474179167,65.4508285522461,9003729
2021-04-20,65.20769381351676,65.20769381351676,62.72775969897949,63.50577926635742,12330465
2021-04-21,62.873616609903394,65.06179181234862,62.095600993159216,64.9159164428711,9953202
2021-04-22,64.91590635275966,66.52057238449542,64.5755206190456,65.2076644897461,10555051
2021-04-23,65.64532000071769,66.18020885744404,64.96455574823949,65.8884506225586,9357311
2021-04-26,66.27744540853611,68.07660703717998,65.8884320571739,65.98568725585938,18815482
2021-04-27,65.64533783133092,65.83984089295829,62.77639720302173,65.59671020507812,30050351
2021-04-28,64.81867535962108,64.91593058938696,63.94340806525643,64.18653869628906,13261158
2021-04-29,64.08930083164425,64.62418985352167,63.603039437825515,64.23518371582031,11066635
2021-04-30,63.99202648674163,64.91592126325811,63.6030130669477,63.797523498535156,10011667
2021-05-03,64.38104854413268,65.79121230846489,64.04066264721467,65.4021987915039,12734908
2021-05-04,64.86729365536125,65.1104242514646,63.554392902431815,63.797523498535156,15557003
2021-05-05,63.992053018910944,64.62418985352167,63.651667065884205,64.23518371582031,11168297
2021-05-06,64.283811343879,64.72144510963905,63.35990874091615,64.23518371582031,12595406
2021-05-07,63.992033897487644,64.86730116746963,63.55440026249665,64.67279815673828,10810442
2021-05-10,64.7214134691076,66.03432156792691,64.67278586482163,64.9159164428711,13154138
2021-05-11,64.13790689069378,64.62416812098719,62.92225381496029,63.65164566040039,13645738
2021-05-12,63.603022164753334,63.84615279563419,62.095614486306644,62.3387451171875,14215045
2021-05-13,62.241513482023734,63.40854318566461,61.85250730250254,63.06815719604492,13158312
2021-05-14,63.79753767031715,64.67280503336589,63.35989654541016,64.47830200195312,10167742
2021-05-17,64.33239197641788,64.8672806694409,63.79751072677435,63.94338607788086,15316179
2021-05-18,64.08930772151913,64.52694897771154,63.06815719604492,63.06815719604492,9816408
2021-05-19,62.72775081151925,63.700273272106045,62.192861969520195,63.65164566040039,11921066
2021-05-20,63.6516546787609,63.748909915951614,62.825007492787606,63.50577926635742,9324527
2021-05-21,63.74888100319192,64.57552037086738,63.457122867326774,64.33238983154297,10697965
2021-05-24,64.62417570900365,64.72143094383442,63.79753598647174,64.08928680419922,7827397
2021-05-25,64.1865294749481,64.62416305925792,63.700268282741426,63.797523498535156,9496071
2021-05-26,63.797544075998424,65.3049483033373,63.40853053073083,65.15907287597656,12092309
2021-05-27,66.1315894160786,70.02168728960244,66.08296179702529,69.77854919433594,37035234
2021-05-28,69.48681391812248,69.72994462441963,68.22253275670045,68.368408203125,14560581
2021-06-01,69.19504380332462,69.72993275480499,68.56289960852669,68.8060302734375,10087388
2021-06-02,68.95193130884101,68.95193130884101,68.12528385295036,68.51429748535156,8012785
2021-06-03,68.02803602738884,69.87582659029319,67.78490529840747,68.51429748535156,12672972
2021-06-04,68.85465611843586,69.0491591566691,67.39587216661215,67.88213348388672,12855029
2021-06-07,68.07664129591849,68.41702721923302,67.39587689267282,67.63900756835938,7493597
2021-06-08,67.93076372017013,68.0280189647233,66.7151103801713,67.59037780761719,8852489
2021-06-09,66.95822063780149,67.15272362423578,66.47195945002528,66.76371765136719,11189043
2021-06-10,67.15273310452316,67.44449134705404,66.08295536303729,66.2774658203125,9999489
2021-06-11,66.37471846843872,67.00686261413261,65.9857124121521,66.56922149658203,8500031
2021-06-14,67.00686997255619,67.25000064528058,65.20770001704234,65.49945831298828,9114079
2021-06-15,65.40217966677238,65.98569604989214,64.72141551538643,65.83981323242188,7629388
2021-06-16,65.64534262498897,66.3747347418923,64.62419217264747,65.35358428955078,14070907
2021-06-17,65.207692552175,65.69395384195741,62.77638610326295,63.214019775390625,15451709
2021-06-18,62.43599959260769,63.311266928024935,61.99836592489907,62.14424133300781,16465184
2021-06-21,62.67912519815755,64.13790893554688,62.53324980177133,64.13790893554688,10825169
2021-06-22,63.79752722267137,64.18653322179227,62.92225255957722,63.359886169433594,7678083
2021-06-23,63.31125698097741,64.137904012736,62.922250991550555,62.97087860107422,8763306
2021-06-24,63.50575258118184,64.18651662531137,62.82498109367282,63.94338607788086,9594524
2021-06-25,64.04073333740234,64.43003540157872,63.74875306474685,64.04073333740234,6844839
2021-06-28,64.04073321400614,64.08939038514961,62.24019441030531,62.72682571411133,12396856
2021-06-29,63.55409828308768,64.3813669829168,63.067467007054326,63.7000846862793,13883493
2021-06-30,63.99207456731794,65.84127816382723,63.50544321808609,65.5006332397461,13754002
2021-07-01,66.0845925854387,66.32790825544122,65.01400065780886,65.59795379638672,9368346
2021-07-02,65.88992562948476,65.88992562948476,64.77067667081118,65.01399230957031,6653090
2021-07-06,64.62469234016656,64.81935083909237,62.38619036846732,62.87281799316406,14172730
2021-07-07,62.67816738393081,63.651430089213726,61.9968849800422,63.164798736572266,12250973
2021-07-08,61.948211407886824,62.97013859064799,61.36425461396174,62.629493713378906,10798825
2021-07-09,63.31078638028683,64.18671974920687,62.97014148734768,64.04073333740234,8290767
2021-07-12,63.554104838594675,63.94340691995887,62.77549322681953,63.797420501708984,11187237
2021-07-13,63.70008832172336,63.70008832172336,62.678161093921446,62.72682571411133,7907410
2021-07-14,62.67815793526096,63.164789214543234,61.89955012312313,62.33751678466797,8970443
2021-07-15,61.75356657676981,62.87281565880181,61.16960599976809,62.094207763671875,10310877
2021-07-16,62.28885143837055,62.62949258497923,60.926283127412816,61.07227325439453,9141767
2021-07-19,59.32040722905859,59.56372289887017,57.519872017357606,58.395809173583984,19842400
2021-07-20,58.44447223275494,61.99688561271811,58.34714670613816,61.80223083496094,15072405
2021-07-21,62.2401913709477,63.79741444670209,62.14286585984381,63.65142059326172,13548149
2021-07-22,63.50544431111084,63.55410893668104,61.80223083496094,61.80223083496094,8712244
2021-07-23,62.288857814535646,62.678163618163644,61.46158530965325,61.85089111328125,7579911
2021-07-26,61.60757871990542,62.970147242626965,61.46158857023462,62.87281799316406,10800049
2021-07-27,64.86799879336795,65.54928854466426,62.28885226423814,63.65142059326172,23964901
2021-07-28,63.99207030132643,65.59795066711767,63.456774363047145,63.89474105834961,13757312
2021-07-29,64.186723767332,65.11132181441606,63.70009243212492,64.67335510253906,10889854
2021-07-30,64.04072593984989,64.3327061787778,62.87280498413827,63.018798828125,12050777
2021-08-02,63.55411037585686,65.21474141110674,61.090535347657834,61.19394302368164,39943542
2021-08-03,60.95062048828585,62.77549164003917,59.67929543574427,62.69032669067383,23177543
2021-08-04,61.92996489410834,62.92756355115186,61.717067420055095,62.599082946777344,22702917
2021-08-05,62.65383225877626,63.65142344798626,62.361851987846435,62.66599655151367,13050690
2021-08-06,62.87281935391586,64.02857628237513,62.87281935391586,63.57843780517578,17637083
2021-08-09,62.99446906468232,63.42635732034814,62.063788943970344,63.08571243286133,12768033
2021-08-10,63.14654430902302,64.67943892562008,62.775492397106,64.5273666381836,12930790
2021-08-11,64.60644398154436,64.60644398154436,63.15262848328629,64.5030288696289,13330458
2021-08-12,64.59426129911286,65.22688636012893,64.01638672025756,64.79499816894531,10270509
2021-08-13,64.78284127907241,64.85583448124714,63.61492769713852,63.82174301147461,9020462
2021-08-16,63.402021779363665,63.44460052336668,62.19152209156345,62.86672592163086,11101144
2021-08-17,62.37402044928134,62.81807303172254,61.04794857325637,61.814395904541016,13125487
2021-08-18,61.485920033314216,62.939731913933514,61.29126898612417,61.6866569519043,10427487
2021-08-19,60.82896352481679,61.3277628634001,59.977358713332606,60.47615432739258,17344153
2021-08-20,60.579566546287495,61.23652032822643,60.281504113286985,60.859378814697266,10203095
2021-08-23,61.19394472807776,61.72924073828645,60.99320779311855,61.41901397705078,9642436
2021-08-24,61.61365922565751,62.96405969396368,61.47375495119744,62.81807327270508,11007246
2021-08-25,62.87281153574121,63.9494892445474,62.38010181468822,63.687923431396484,12627427
2021-08-26,63.541929355238366,63.639258594372635,62.55650246745071,62.88498306274414,13107992
2021-08-27,63.20128201796995,64.5699323280563,63.20128201796995,64.53343200683594,12473178
2021-08-30,64.67944275817203,64.75852184213413,63.748758814104164,63.98598861694336,11469513
2021-08-31,63.83392535349157,64.69770207878192,63.541945013185554,64.11982727050781,17641256
2021-09-01,64.08939323279472,64.15630801965979,62.81198600354566,63.055301666259766,12789542
2021-09-02,63.262127175297955,64.68552088389842,63.249962881447374,64.6368637084961,13633178
2021-09-03,64.47869555903237,65.30597169945608,63.310781998292825,63.71833419799805,12225833
2021-09-07,63.566267367699254,63.833911610078,62.23411340421682,62.83023452758789,17639170
2021-09-08,62.623422806472476,63.70617902945716,61.084449701531916,62.398353576660156,19263203
2021-09-09,62.264527861261975,63.821747317069246,62.1124555760362,62.83023452758789,15066205
2021-09-10,62.83023367211665,63.231707479265005,61.91171782676377,62.0455436706543,15350467
2021-09-13,62.44093602846055,63.78525808636615,62.057712357963055,63.541934967041016,20038302
2021-09-14,63.590601948719645,63.596687820321044,60.87155072235361,61.06011962890625,25717763
2021-09-15,61.309513474483005,62.33144075099839,61.24868455860765,62.14287185668945,13007192
2021-09-16,62.28277325889473,62.47134214451561,61.32776081346184,61.64406967163086,9601506
2021-09-17,61.52849107453916,61.96037931649645,60.908037680424954,61.1148567199707,17203387
2021-09-20,59.916532274425556,60.74989068053254,59.16833509789115,60.7133903503418,16217539
2021-09-21,60.76813977837405,60.82288655153064,58.523551875142985,58.89460754394531,25342171
2021-09-22,59.41164696416983,60.23892317044801,59.405564817701986,59.940860748291016,18002884
2021-09-23,60.543064324982495,63.31078346791708,60.53698217885763,62.629493713378906,18620844
2021-09-24,62.49557792317461,63.433072442149346,62.459052937223845,63.18956756591797,10528608
2021-09-27,63.64613844672827,64.72973662395036,63.5487335154663,64.13314819335938,12971559
2021-09-28,64.09661923242706,64.9854149985257,63.75571688400792,64.3644790649414,20146646
2021-09-29,64.52884015080072,65.13760230143212,64.10878979396168,64.69929504394531,11876404
2021-09-30,64.74800487868221,65.19239533536688,62.6721227267493,62.7208251953125,14356273
2021-10-01,63.4208837134177,64.76624336400592,63.11041208760012,64.41925048828125,12992425
2021-10-04,64.16358442134349,65.18630635025201,63.67657468899078,63.85920333862305,12288913
2021-10-05,63.956600812190096,64.52884172060803,63.15912684836603,63.85920333862305,9208740
2021-10-06,63.11651543560299,63.56699645929002,62.130318484139345,63.512210845947266,11257962
2021-10-07,63.82267604953052,64.85148860496396,63.51221181113812,64.23055267333984,10684302
2021-10-08,64.14530238465031,64.66275008264778,63.71308583922526,63.74960708618164,6859525
2021-10-11,63.82268214053182,64.38274936254483,63.29306048521433,63.36002731323242,6615872
2021-10-12,63.04345407149909,63.33566138569063,61.82593353548604,62.53209686279297,13722903
2021-10-13,62.21554139175746,62.824307280970594,61.59460547769584,62.31294631958008,12065484
2021-10-14,62.787774410355595,63.09824607424077,62.319029067791384,62.54426956176758,9853826
2021-10-15,63.09825068333369,64.46796555669388,62.81821710506661,63.56090545654297,9069257
2021-10-18,63.11651651912724,63.65831187757936,62.726904250888545,63.384368896484375,6653913
2021-10-19,63.66441152059893,63.901825822654374,63.055649253953796,63.7557258605957,6767714
2021-10-20,63.7678864352968,64.54101286317686,63.23217426040298,64.52883911132812,9803748
2021-10-21,64.38274123886664,64.76625543598276,62.708637843209594,62.79386901855469,11588129
2021-10-22,62.73297764136774,63.62176570769835,62.428596634781094,63.341739654541016,8595273
2021-10-25,63.09218128039943,64.52277285107044,62.90346941844995,64.10272979736328,10427005
2021-10-26,64.38274957452364,67.55440382224413,64.05401349249799,65.40546417236328,18781193
2021-10-27,65.67331020410124,65.91681504848115,63.122592486318496,63.21999740600586,14420637
2021-10-28,62.939947802013734,64.15138856676387,62.76340981679461,64.07833862304688,9487384
2021-10-29,63.88963339678728,64.06617142058565,63.384359372168156,63.8409309387207,9018536
2021-11-01,64.38275984090981,64.99760532755343,64.09055242857204,64.66887664794922,7844250
2021-11-02,64.73582390827312,65.22283368601492,64.1027141791447,64.94889068603516,7192101
2021-11-03,64.62624361973572,64.73581484050773,63.81049788337855,64.51057434082031,6599661
2021-11-04,64.44970644575812,64.77235191093038,63.48786065433207,64.04792785644531,7505094
2021-11-05,65.09499115111133,66.75082272790237,65.04628868756238,66.19685363769531,12202399
2021-11-08,66.59864848761643,67.15262516824012,65.94118370589845,66.00205993652344,8305554
2021-11-09,69.84332994226843,70.71995184587924,67.2560909974712,67.74919128417969,40325875
2021-11-10,68.48581872262943,68.59539744005974,65.81335490363223,66.33080291748047,13952431
2021-11-11,66.08117737445596,66.72037757206184,65.00366996088799,65.1375961303711,8848557
2021-11-12,65.38112616460104,65.70377168917986,64.80889255862436,65.49678802490234,12240118
2021-11-15,65.76462601460224,66.15423079252469,64.65058983529083,64.93670654296875,9831034
2021-11-16,64.62015287611975,64.6566815861903,62.59297347365706,62.915618896484375,19257424
2021-11-17,63.12867837465666,63.238257037411536,61.74069937438335,62.08769226074219,13334471
2021-11-18,61.746800068354105,61.97204059202429,60.377085114473694,61.284141540527344,13692888
2021-11-19,60.75451606025944,61.32675327415596,60.45013496003999,60.8519172668457,10598911
2021-11-22,61.162383593107116,62.075526813474426,61.04671803971003,61.509376525878906,9962170
2021-11-23,61.95985413449777,62.221623318533226,61.57633253508191,62.14248275756836,9648856
2021-11-24,62.00856609808991,62.288595950912104,61.673746904463016,62.23380661010742,8943739
2021-11-26,58.84299570674062,59.719613927021854,58.14291925117329,59.561336517333984,13815999
2021-11-29,60.43186218284836,61.13802544792506,58.94647823945618,59.90223693847656,15692352
2021-11-30,58.83082404712676,59.311750654471275,57.50981157387122,57.82636642456055,18313148
2021-12-01,58.77604269199528,58.983022598950875,56.57840802502268,56.614933013916016,13895451
2021-12-02,57.34544278580378,58.30728853292551,56.49926259977943,57.972469329833984,9782400
2021-12-03,57.91159255382908,58.04552247022877,55.8418011364528,56.47491455078125,12973646
2021-12-06,57.132370771277564,58.98301212397223,56.761026616540136,58.44729995727539,10721861
2021-12-07,58.80647587807726,59.85963595537438,58.62384722148837,59.38479995727539,8104115
2021-12-08,59.38479904806806,60.23097922279178,59.03780236941002,59.82919692993164,7635106
2021-12-09,59.51873090114176,59.77441327723755,59.049985469429494,59.55525588989258,6527432
2021-12-10,59.713528475648445,59.99964519508583,58.715157804495405,59.01953887939453,6863859
2021-12-13,58.4229464097094,58.68471560684586,56.50534577149625,56.694061279296875,11843339
2021-12-14,56.46273244163892,57.26021381606514,55.835705955048695,56.073123931884766,11654259
2021-12-15,56.140098060487524,56.25575989863459,54.89821867721941,56.05487060546875,12350388
2021-12-16,56.3227323976635,57.430678242261195,56.12792623407891,56.328819274902344,11440140
2021-12-17,56.28009920968289,56.65753393697268,54.8555951923253,55.67133712768555,14550168
2021-12-20,54.83661670163386,54.89754622600434,53.721604913380666,54.82442855834961,9651745
2021-12-21,55.27530214836379,57.07272666469178,55.27530214836379,56.701053619384766,12227117
2021-12-22,56.615751419910694,57.09709532668559,56.15268412892748,56.70714569091797,7485993
2021-12-23,56.8472894228266,57.602816250118,56.8472894228266,57.27379608154297,6236589
2021-12-27,57.04835116294508,57.68201886517027,56.93867654365654,57.651554107666016,5503703
2021-12-28,57.53579077066101,58.54112782924209,57.42002393899079,58.065879821777344,6503676
2021-12-29,57.88308572940447,58.17554515279109,57.54187747276243,57.755130767822266,5602577
2021-12-30,57.67592575756743,58.4801938508253,57.59671589702225,57.70029830932617,5247049
2021-12-31,57.578438207226306,57.86480917490966,57.212861106026125,57.56016159057617,6092452
2022-01-03,58.017135135559165,59.3697726989667,57.73076415717224,58.63861846923828,7415209
2022-01-04,60.18622274689466,60.96002606733455,59.765808362354925,60.54570388793945,12237390
2022-01-05,60.76505311860914,62.02020033640082,60.496962516099536,60.54570388793945,9461542
2022-01-06,61.203745011129946,61.587602439716896,60.5761695277406,60.89909744262695,6864983
2022-01-07,60.80770901643899,62.29439003975839,60.789432398981965,61.7825813293457,10029103
2022-01-10,61.977558378046055,62.14816252603518,60.283716232594465,60.576175689697266,9259300
2022-01-11,61.1062636691231,62.37359915284257,60.911286970490664,62.020206451416016,9107137
2022-01-12,61.800859472717256,62.52592147571142,61.77039471402576,62.29438781738281,7316816
2022-01-13,62.32485385920337,63.15349829721845,62.02629847174352,62.428436279296875,7034320
2022-01-14,61.940991949513894,62.92195632388106,61.48401688940395,62.85493087768555,7030789
2022-01-18,62.48936071606068,63.20223826455414,62.24564266133121,62.690425872802734,13499795
2022-01-19,62.56856281552861,62.751351344802686,61.21592919117351,61.30732345581055,9147425
2022-01-20,61.06970628001118,62.02020602086063,59.692696179702715,59.86330032348633,9045502
2022-01-21,59.52818797066285,59.92422984022946,58.40708408606073,58.675174713134766,12964978
2022-01-24,57.63328485314995,59.36978009578636,56.23190573824077,59.046852111816406,15847565
2022-01-25,55.51902021471162,56.27454698591515,53.800809295139224,55.5129280090332,33629909
2022-01-26,55.75665195079256,56.00037004904947,53.64848741632335,54.42229461669922,17073695
2022-01-27,54.836621515803536,55.91507269956604,53.660680099942624,54.775691986083984,12527109
2022-01-28,54.41011172283248,56.1526954278742,54.13592885464007,56.11613845825195,10398756
2022-01-31,55.817574293696296,57.61499876776251,55.46418533510204,57.566253662109375,11238219
2022-02-01,57.883090690756426,59.966878717390635,57.730763164831444,59.680511474609375,13080224
2022-02-02,59.50991389695821,60.06437555735453,58.589878818333794,59.735355377197266,8926564
2022-02-03,59.193074776126224,60.41775733227742,58.82749767096568,59.905948638916016,9972924
2022-02-04,59.52817915385175,60.96002262405847,59.49162219436599,60.32635498046875,10278374
2022-02-07,60.54571673565359,61.28905918810655,60.01563135397855,60.86864471435547,7039456
2022-02-08,60.917373782701716,61.234205740834796,60.094825401839564,60.5091438293457,8279712
2022-02-09,61.08189424899347,61.21594143568308,60.39338915873882,60.472599029541016,10632457
2022-02-10,59.948618895466346,61.34390599691872,59.71099296217969,60.19233703613281,8848717
2022-02-11,60.33245360949789,61.06970373592981,58.59596240753627,58.99809646606445,11966771
2022-02-14,58.92498146740278,59.345395865313925,58.224292047778555,58.85795974731445,11172731
2022-02-15,59.70489839089856,61.77041029740373,59.68052583166005,61.490135192871094,10741924
2022-02-16,60.98441284975909,62.09333248012273,60.862553795698275,61.7886848449707,7850670
2022-02-17,61.1428254565153,61.191570567688665,59.6378639845691,59.99125671386719,6229366
2022-02-18,59.966879372429155,60.30199545630485,56.00646065288199,56.475616455078125,25110235
2022-02-22,56.44515733425022,58.0171405676222,56.28064537874834,57.36519241333008,12349746
2022-02-23,57.145841619846074,57.7977897142417,56.24408324265801,56.45124435424805,11839969
2022-02-24,55.196098285015296,56.719336301647324,53.435234391651996,56.38422393798828,18285861
2022-02-25,56.9143137540089,59.35758681865327,56.701056698194975,58.71782684326172,11191511
2022-02-28,57.736860996732894,58.3827131636252,57.353003527848,58.19383239746094,10142743
2022-03-01,57.85871921023508,58.528943921726636,55.97599631999942,56.25627136230469,10806289
2022-03-02,56.944773969930694,57.85262451345238,56.71324031456595,57.37127685546875,7131107
2022-03-03,57.84653350354944,58.065882766546956,56.043020404646455,56.32938766479492,7420184
2022-03-04,54.97065867731919,55.12907469026431,53.325561563777235,54.3126220703125,13545059
2022-03-07,54.07476829748637,54.404083936485016,52.013499515708794,52.06838607788086,11428423
2022-03-08,53.07463785407053,55.16030154316853,52.172069417754265,53.75766372680664,11006283
2022-03-09,55.776232820241844,56.70929323360965,55.55669029181235,55.64816665649414,10394261
2022-03-10,53.52591454969545,55.86161260055721,53.33076272746838,55.696956634521484,13026132
2022-03-11,56.593438069412294,57.09351124166535,55.89821675883879,56.27632141113281,11342229
2022-03-14,56.37388431664547,57.3191401591402,56.06896307713105,56.379981994628906,9700540
2022-03-15,56.86785849960521,57.05690892968057,55.654271165715514,56.319000244140625,8189827
2022-03-16,57.00202089339388,58.20340902718787,56.55683441094391,57.75212860107422,8954332
2022-03-17,57.44721627948787,58.28270286083626,56.904455632370365,58.25830841064453,6982315
2022-03-18,58.294898986816406,58.490050856885986,57.666763356805994,58.294898986816406,11872231
2022-03-21,57.59966960008294,58.37417182446783,57.11179559443619,57.825313568115234,8799280
2022-03-22,58.0814545909748,58.68519950982496,57.691154581432826,57.874107360839844,7730288
2022-03-23,57.67895496294196,57.727743860794305,57.02642492486654,57.14229202270508,7854202
2022-03-24,57.56307439435323,57.58137116146167,57.111790234674686,57.39841842651367,8561245
2022-03-25,57.59356902248211,57.880197226791005,56.96543351225377,57.33743667602539,9227359
2022-03-28,57.08130063620817,57.10569508208673,55.32495280943148,56.105552673339844,12069336
2022-03-29,56.72759301648562,57.91678582058073,56.72759301648562,57.72163772583008,13794811
2022-03-30,57.0934994209461,58.020458487101834,56.898347588995144,57.67894744873047,9042452
2022-03-31,57.17278589221223,57.294754406524326,55.78234333544042,55.80064010620117,13203013
2022-04-01,56.16653386911272,56.447064380421665,55.562789103086615,56.40437316894531,9054811
2022-04-04,56.21532604441437,56.30070100428972,55.4347261772895,56.11774826049805,8249536
2022-04-05,55.89821494509448,56.31290939311351,54.83099043008145,54.946861267089844,10787509
2022-04-06,54.50166651762138,54.989540508471315,53.556410660349634,54.83098220825195,10556215
2022-04-07,54.77609926527598,54.93466131003119,53.111227667623,54.556556701660156,11391666
2022-04-08,54.574845755283846,55.050520620194206,54.04428058968675,54.7273063659668,6447980
2022-04-11,54.605338810378,55.85551583933804,54.29431617204357,54.68461608886719,8655143
2022-04-12,54.8858642578125,55.7030538719771,54.458974550983804,54.8858642578125,7240254
2022-04-13,54.983442462010174,55.77014001379178,54.87977073326289,55.3432502746582,6362268
2022-04-14,55.520106349279416,56.19703077252314,55.270071672914455,55.39203643798828,6146543
2022-04-18,55.47741524811329,55.800633265027656,54.824885270157885,55.12980651855469,6291965
2022-04-19,55.373747937526566,56.26411730711281,55.373747937526566,56.04457473754883,7394824
2022-04-20,56.41047749338285,56.7824844150735,55.64817434899138,55.73965072631836,6424385
2022-04-21,56.68490312096013,57.191073871157116,55.75794404830085,55.93479537963867,7225326
2022-04-22,55.42862971902646,55.67866439423698,54.26382757069355,54.3187141418457,7967682
2022-04-25,53.971106503644094,54.885870261190384,52.80020665356419,54.812686920166016,11080599
2022-04-26,51.80615567596981,51.97691305055395,47.81778542363698,49.147239685058594,46154289
2022-04-27,48.78744252366833,49.85466693037152,47.48847646646721,47.695823669433594,20213257
2022-04-28,47.805590539099,47.99464096285093,46.25658987868134,47.40309524536133,19277327
2022-04-29,47.25674426075045,47.64704429715743,45.341837624343775,45.46380615234375,16677077
2022-05-02,45.18326959928209,46.24439257819174,44.280701191942384,46.073638916015625,18536095
2022-05-03,46.86642574207722,47.73240418979053,46.33586434812388,47.36039733886719,12595004
2022-05-04,47.68361951604575,49.257014539350614,47.092073829891774,49.04966735839844,12019739
2022-05-05,48.40933906107778,48.83622883380369,47.29942714560426,47.92756271362305,11491503
2022-05-06,47.769003508697935,47.805593313154716,46.46393976681966,47.7080192565918,8609237
2022-05-09,46.82375112253806,46.93352054416385,44.238014157930174,44.500247955322266,11266308
2022-05-10,45.12838024809887,45.55526997830738,43.38422779173386,44.70758819580078,10974181
2022-05-11,44.98201529366094,45.48208460446847,43.94528313815368,44.17702102661133,12465152
2022-05-12,43.7501347233534,45.256447918812846,43.402525996573566,44.689292907714844,13844409
2022-05-13,45.36622340086321,46.32977234737168,45.2198604484468,45.76871871948242,8309406
2022-05-16,45.31742896686946,45.98215798291239,44.963718852928345,45.512577056884766,10451563
2022-05-17,46.47613205050545,47.07987685324197,46.21999970220961,46.592002868652344,7218585
2022-05-18,46.13462429580047,46.66518579823748,45.628453507103664,45.86019515991211,11337253
2022-05-19,45.73822235844295,46.67738050428813,45.40280900164355,46.18950653076172,9992827
2022-05-20,46.41514212827407,46.61639161592867,44.683188947901826,45.89067840576172,11782667
2022-05-23,46.36026411540152,46.592005766106816,45.74432391836,46.01875305175781,8467508
2022-05-24,45.57357325058758,45.65895196261729,43.94529497888304,45.44550704956055,9837776
2022-05-25,44.80517062235712,45.48819655882676,44.286804424463035,45.45160675048828,11389740
2022-05-26,45.872389490600334,47.390898088686605,45.55527287872606,46.96400833129883,7528368
2022-05-27,47.134764042333614,48.043430097372124,46.951811295709796,48.03123474121094,7819853
2022-05-31,47.537255029183164,48.201984028470264,47.421384220017416,47.74460220336914,8332038
2022-06-01,48.22638563413461,48.44592819597796,46.768861254899534,47.27503204345703,9514991
2022-06-02,47.579948113007504,47.97024803259871,47.06158202415325,47.5677490234375,9897164
2022-06-03,46.79935569061731,47.04939039100113,46.14682191728396,46.93962097167969,8463013
2022-06-06,47.512868278298875,47.744606181906995,46.817643365371566,46.957908630371094,7614722
2022-06-07,46.90301999798228,47.659225392058836,46.451735832643514,47.5677490234375,8227386
2022-06-08,46.76886028499304,47.7385106248964,46.66518481763751,47.055484771728516,5418794
2022-06-09,46.89083198126297,46.98840604292341,45.58576817120472,45.60406494140625,8114548
2022-06-10,44.530740190562724,44.61611889694427,43.140297641019885,43.43912124633789,15384656
2022-06-13,42.36578925224779,42.68900726067312,40.9448585124588,41.29856491088867,15183217
2022-06-14,41.43883645191343,42.024284575331265,41.18270406480402,41.499820709228516,8634919
2022-06-15,42.0547770844159,42.701209470996446,41.34736043996862,42.14015579223633,10576600
2022-06-16,40.877777165958214,41.00584708766327,39.54831892396084,39.816650390625,14550650
2022-06-17,39.75565843595604,40.6948165203605,39.35926085839859,40.2496337890625,14449368
2022-06-21,41.14000546435733,41.50591094260983,40.07278115278753,40.09717559814453,12972362
2022-06-22,39.13972941409191,39.8837396261365,39.133631734901996,39.35927200317383,15573094
2022-06-23,39.25559220773552,39.688579617950246,38.468894668593684,39.07263946533203,10841280
2022-06-24,39.432446879736986,41.451024704024796,39.28608394046406,40.90826416015625,16044991
2022-06-27,41.19523412058753,41.457780996848854,40.38317365647096,40.731201171875,10911904
2022-06-28,41.183020538106334,41.79359113694509,39.90692723883485,40.224422454833984,11313819
2022-06-29,40.13284058044275,40.29769690048686,38.636942474799945,38.88727569580078,11088303
2022-06-30,38.19122348907804,38.93001695522277,37.7088719351589,38.875064849853516,13967359
2022-07-01,38.76516009753762,39.40625926140582,37.98362819285358,38.79568862915039,10997455
2022-07-05,37.556234500031124,37.9225769354704,36.59153125797704,37.87373352050781,12889860
2022-07-06,37.58675621708605,38.07521270905283,37.07998484976609,37.59286117553711,7852596
2022-07-07,38.203433606959955,38.54535238643612,37.8187726434915,38.46597671508789,10110160
2022-07-08,38.392715983362294,39.308572008649044,37.97752642316841,38.61862564086914,9940822
2022-07-11,38.0935285553197,38.23396128195445,37.50127659723544,37.800453186035156,7662393
2022-07-12,37.24483282780649,39.40014832823841,37.24483282780649,38.478187561035156,11678496
2022-07-13,37.88593480162812,38.2828056828674,37.37305476125117,37.86151123046875,6961770
2022-07-14,37.244837325805726,37.342527876252426,36.63426671239811,37.29978942871094,8179393
2022-07-15,37.904254230324035,38.45987272831751,37.23873152899448,38.38050079345703,9391720
2022-07-18,39.3146804711063,39.74818868583293,38.66747623659674,38.88117599487305,10607899
2022-07-19,39.381836613571615,40.7861528392419,39.36962669603676,40.74951934814453,10070675
2022-07-20,40.48087106874262,41.68980255050734,40.32822839369622,41.45167922973633,11004036
2022-07-21,41.33566253236897,41.726428457128016,40.969320178874696,41.598209381103516,9551106
2022-07-22,41.763064818489816,41.98286949801262,41.42114601273294,41.63484573364258,9009387
2022-07-25,41.14028665789021,42.0866750156258,40.92658690515807,41.7386474609375,9468604
2022-07-26,42.54459951911264,44.797606043966205,42.22099556791812,43.66194534301758,28957643
2022-07-27,43.96112330746148,44.20535156258667,42.80103535712407,43.704681396484375,11570152
2022-07-28,45.51807690320088,45.73177661924912,44.51674034316204,44.657169342041016,18063717
2022-07-29,44.571696951059685,45.49976288772436,44.22366942094067,45.127315521240234,12729511
2022-08-01,44.75487273730025,46.61711349889258,44.38242159418707,46.28129959106445,14685317
2022-08-02,45.93937660626133,46.4339381148578,45.377649331324164,45.40207290649414,9290599
2022-08-03,45.74398707820384,45.97600541091666,45.218897088819354,45.63408660888672,9678390
2022-08-04,45.481451796721956,45.579142365794056,44.913619522594544,44.98078155517578,6942669
2022-08-05,44.83424067238774,45.81726246890452,44.69381165752325,45.40207290649414,7447953
2022-08-08,46.330136007607024,46.87964954759854,45.70735175252112,45.902732849121094,9833442
2022-08-09,46.01874720947513,46.458360334226185,45.71346187499229,45.75009536743164,7581496
2022-08-10,46.53162083401534,47.50242881006832,46.34844965885412,47.09945297241211,16331500
2022-08-11,47.62455478857799,48.363348369865115,47.60013121144155,48.174068450927734,14557872
2022-08-12,48.412185842016065,48.82737538688206,47.966467764100884,48.80295181274414,8273452
2022-08-15,48.424397603815216,48.937273948181755,48.283964861886005,48.72968292236328,5467107
2022-08-16,48.43051314501288,49.6394447660233,48.32060891092336,49.4990119934082,9268610
2022-08-17,48.88233276126344,49.07771389843384,48.39387617984415,48.796852111816406,6485057
2022-08-18,48.70525726490229,48.778524242821355,48.241224348265476,48.363338470458984,6421014
2022-08-19,47.92984096139854,47.98479307625495,47.17884118667229,47.45359802246094,5801930
2022-08-22,46.48278637705052,46.50720621431155,45.40207399249663,45.65851593017578,8143279
2022-08-23,45.78673338842298,47.19715091037213,45.74399119776209,46.4644660949707,7642490
2022-08-24,46.49499478892572,47.184941154533234,46.33014220029038,46.85523223876953,7649392
2022-08-25,47.239884172692285,48.650305278183374,47.20325068364543,47.710025787353516,8349212
2022-08-26,47.862669993601465,48.00310273441283,45.92105388769407,45.95768737792969,8628819
2022-08-29,45.69514730602427,46.91628865218664,45.35322473830442,46.433937072753906,7868808
2022-08-30,46.867447159843934,47.12388911658636,45.38375874977827,45.87221908569336,6886330
2022-08-31,46.043165996537326,46.27518432201707,44.7914962553016,44.84033966064453,10274200
2022-09-01,44.72433605444595,44.72433605444595,43.61309526420323,44.62053680419922,8002191
2022-09-02,45.05405025041118,45.40207782265856,44.02829362864026,44.22367477416992,6479760
2022-09-06,44.266413699219676,44.351894353227195,43.436038214204196,44.05882263183594,6472859
2022-09-07,43.90005930482871,45.02350994420244,43.79015884112989,44.925819396972656,5494394
2022-09-08,44.290832339246265,45.23111195150883,44.009970568958245,45.04183578491211,5810597
2022-09-09,45.5058643693048,45.7745124346648,44.986875635969554,45.20668029785156,10795534
2022-09-12,45.43259786658295,46.70258629057912,45.34101227077052,45.988216400146484,11661482
2022-09-13,44.73044035493548,45.09678272772587,43.1185331669592,43.25285720825195,11574005
2022-09-14,43.167377799051714,43.35054899064697,41.934026604374054,42.758296966552734,9968109
2022-09-15,42.605657818430835,43.22233346659582,41.97676851339053,42.074459075927734,7908775
2022-09-16,39.93135048086304,40.6640351934214,39.797022707131845,40.53581237792969,22966955
2022-09-19,40.0473645612954,41.20745267882111,39.96799261003654,40.93880081176758,8045047
2022-09-20,40.57244783968448,41.03037576511623,40.26105759808935,40.657928466796875,8379870
2022-09-21,40.92048427140974,40.95101280924946,39.78482341147072,39.82145690917969,10164733
2022-09-22,39.68713571949922,40.120640240598455,39.39406023956222,39.90694046020508,11345279
2022-09-23,39.41236877441406,39.735972742301314,38.801798071602775,39.41236877441406,13124524
2022-09-26,39.44905275430065,40.44551953496508,39.25342916523974,39.339012145996094,16780605
2022-09-27,39.64467128891523,39.92588530914442,38.82549433892165,39.41236877441406,12596770
2022-09-28,39.73026324890109,39.7730584826074,39.241200530880285,39.4062614440918,10686228
2022-09-29,38.98443400335851,39.19228635330558,37.85347676087786,38.34865188598633,14124337
2022-09-30,38.29362979447344,38.690993131247346,37.82902110317944,37.84735870361328,12709126
2022-10-03,38.3669956850593,39.35734983838884,37.994086147547044,38.88051223754883,8721754
2022-10-04,39.66301753471144,41.35028689196434,39.65690499941494,41.289154052734375,12441557
2022-10-05,40.76951969367046,41.69874106205664,40.37827253133135,41.22801971435547,9327837
2022-10-06,40.79396583943943,41.25246577315774,40.21931653194445,40.4821891784668,7953396
2022-10-07,40.109282870768105,40.21320718495118,39.18617788252323,39.46738815307617,6856315
2022-10-10,39.76693920838786,40.115394838675705,39.16172344876996,39.724143981933594,5764210
2022-10-11,39.42458973964493,39.89531474045324,38.5626176513227,39.125038146972656,8500412
2022-10-12,38.935532161751134,39.99313167344513,38.55039381530874,39.57742691040039,8598323
2022-10-13,38.93553089252178,41.79043635599527,38.62986673646244,41.5336799621582,12818915
2022-10-14,41.75376252227439,42.04720164530129,41.075188761298655,41.307491302490234,9106174
2022-10-17,42.15111747415116,42.90916526983475,41.83322827425078,41.95549392700195,8251944
2022-10-18,42.909159199749105,43.48992096816049,42.75021462228379,43.2209358215332,9806637
2022-10-19,42.958075045904586,43.39211738493163,42.38953823665512,43.11701965332031,8408280
2022-10-20,43.25762352663302,43.77725253761878,42.68908675853715,42.77467346191406,9609852
2022-10-21,42.79302319360848,44.565879359108294,42.640191088231994,44.516971588134766,10352529
2022-10-24,44.62701038594401,45.433962372254,44.48640335746414,44.84708786010742,10913990
2022-10-25,45.84965146078932,46.00248350755424,43.453242721636585,44.62699508666992,15445168
2022-10-26,44.8042898875613,46.84612718555917,44.74315331360986,46.1308708190918,12975572
2022-10-27,46.64438557656345,47.45745369286173,46.393741728341176,46.46098709106445,10105505
2022-10-28,46.88280446755774,47.90983748604127,46.81555910467494,47.88538360595703,8648081
2022-10-31,47.54915583493174,48.2093919202389,47.402436288959926,47.5674934387207,10585428
2022-11-01,48.025988140341184,48.96132194067697,47.34741447300537,47.81202697753906,9174391
2022-11-02,47.738666038564226,48.698453733771494,47.24349085473472,47.31684875488281,10230221
2022-11-03,46.992845796695434,48.16048209357759,46.80944356474024,47.915950775146484,13947456
2022-11-04,48.900196273236745,49.61545273800788,48.55785312222278,49.56043243408203,11558435
2022-11-07,49.584878148781655,51.25380588180895,49.56042426849559,51.02149963378906,12864178
2022-11-08,51.229354057254206,51.785662076209555,50.52632649382673,51.351619720458984,10052376
2022-11-09,50.874780772051125,51.83456844834265,50.67915721342364,50.83198928833008,7961743
2022-11-10,52.10355603040568,52.372541243162416,51.443319939378405,52.195255279541016,13786304
2022-11-11,52.439784631975854,53.05111293647891,52.05464630288616,52.763790130615234,12490513
2022-11-14,52.56205142049425,53.246737638973535,52.3725403906591,52.47035217285156,7906367
2022-11-15,52.904393658778304,53.56462972818912,52.70877009761388,53.27119064331055,7913108
2022-11-16,53.0816825170789,53.14281535117469,51.74898523653788,51.901817321777344,7629328
2022-11-17,51.19877976254589,52.43366501675862,50.868661774067974,52.201358795166016,7466411
2022-11-18,52.873826638157745,53.27730256789827,51.87124747661967,52.256385803222656,6555521
2022-11-21,52.03018912778909,52.5742720329746,51.79788663266531,52.50702667236328,5247691
2022-11-22,52.75767882010222,53.54629315578412,52.57428031148467,53.36901092529297,6797569
2022-11-23,53.203944116563726,53.77248092742924,53.148923821458695,53.71746063232422,5867738
2022-11-25,53.61353730840376,54.029238310252744,53.39957240148486,53.88251876831055,3040207
2022-11-28,53.30787818422849,53.527959404921646,52.06076748720827,52.250282287597656,6876058
2022-11-29,52.42143722081856,52.52536526643953,51.93848716750849,52.366416931152344,7205262
2022-11-30,52.354198879270704,52.78824123478836,50.85644450581587,52.555938720703125,11654259
2022-12-01,52.70266061821228,52.947195715908585,51.88348357492919,52.12189865112305,6806718
2022-12-02,51.70007978706216,53.15503895247321,51.602264260705084,53.112247467041016,7191459
2022-12-05,52.476457620777865,52.60483580151455,51.730638671255065,51.755088806152344,7568656
2022-12-06,52.94718909060038,53.246736967952636,51.638942015626284,52.13412094116211,9444207
2022-12-07,51.962947845458984,52.62318392159045,51.85291099485839,51.962947845458984,7801715
2022-12-08,52.32974637719952,52.69043084159253,50.550781680265274,51.125431060791016,10334231
2022-12-09,51.11931317993995,51.22935377346747,49.71937059537386,49.79273223876953,8899117
2022-12-12,49.95779144523291,50.89923783412817,49.53597414349901,50.86867141723633,7480054
2022-12-13,51.70008441904364,51.901820538182236,50.086173007140665,50.666934967041016,12391318
2022-12-14,50.40992629132335,50.99737152994752,49.77352978064632,49.85308074951172,12271899
2022-12-15,48.99638943251189,49.69397777618349,48.035674444914264,48.225372314453125,15598294
2022-12-16,47.601218117006496,47.94389201406495,46.92810720441894,47.51554870605469,15978540
2022-12-19,47.27077630153318,47.943887145772074,47.24018035406778,47.76642990112305,7061125
2022-12-20,47.75419565469133,49.44309504533062,47.63793029856056,49.15549087524414,11196647
2022-12-21,49.58994947291182,51.15034652794005,49.547116645501525,50.777076721191406,12127441
2022-12-22,50.287537541164596,50.611852307705256,49.124887893057924,50.03664779663086,9730074
2022-12-23,49.99994177103131,50.416048188200726,49.54100252271887,50.04889678955078,5286213
2022-12-27,50.177393598180615,50.844385982877895,50.11620170502946,50.69140625,6804792
2022-12-28,50.783198151817786,50.893341320251125,49.74905432549355,50.15903854370117,6210907
2022-12-29,50.330366958212466,51.346151506553085,50.17738724470491,51.24824523925781,7088733
2022-12-30,50.73424159583634,51.41959308121105,50.654694378838705,51.27273178100586,6625342
2023-01-03,51.43182940029178,52.06822586306802,51.11975148248038,52.00091552734375,10280781
2023-01-04,53.62446066260036,55.027587890625,52.32324123894816,55.027587890625,21031104
2023-01-05,54.79242692744106,56.0858118992088,54.08694421556775,55.88200378417969,16001061
2023-01-06,56.44638876392008,56.69722605039518,55.45871226498937,56.391517639160156,13018044
2023-01-09,56.43855971630274,57.935749327144435,56.40720692170337,56.96375274658203,9488844
2023-01-10,56.59532414041498,59.0801862554135,56.59532414041498,59.001800537109375,11597142
2023-01-11,59.43293271588001,60.90660757649136,59.18993359617928,60.89876937866211,12729603
2023-01-12,61.04769544657884,62.09024307665083,60.58521185509205,61.815887451171875,14407871
2023-01-13,61.7531843410999,63.17982999035282,61.53369981863816,62.86627960205078,13843395
2023-01-17,62.64679399194512,63.22685807880983,62.521375337501134,63.09360122680664,10640727
2023-01-18,63.44634479131113,63.63446903273372,62.0353792599053,62.13728332519531,9816378
2023-01-19,61.09473144953923,61.72966664517519,60.09921669755402,60.24815368652344,13045860
2023-01-20,60.82038264973394,60.9458013064288,59.31535127589879,60.89093017578125,10351409
2023-01-23,60.836057385715165,62.72517912905697,60.781186256564325,62.529212951660156,13729748
2023-01-24,61.141768493293554,63.375793504138876,60.72631778113829,63.25821304321289,16767395
2023-01-25,62.53705541457096,63.76772743879067,62.26270349685254,63.328765869140625,10652380
2023-01-26,63.86963262083173,63.94802209590336,62.80357397669367,63.603118896484375,8158534
2023-01-27,63.49337865442286,65.83714984821529,63.41498917685036,65.24140930175781,9760244
2023-01-30,64.5986329814731,64.86514671807794,63.23470401087957,63.36012268066406,7175806
2023-01-31,63.06224743162289,63.42282699409033,62.29405162858565,63.08576202392578,8625026
2023-02-01,62.92114833044209,64.6456642627082,62.71734394576436,64.52808380126953,9112192
2023-02-02,64.42617613739363,65.86849438555613,64.1988534250749,65.79794311523438,10391129
2023-02-03,65.4608831093418,65.60197815103635,64.13613787374707,64.24588012695312,7240085
2023-02-06,63.86180632658524,64.62215665057026,63.68152024186143,64.5516128540039,5425114
2023-02-07,64.2615679107182,64.56728013315345,63.132799883606154,64.36347198486328,5891982
2023-02-08,64.03424131115945,64.74756221025062,63.728529142907675,64.24588012695312,4269472
2023-02-09,64.54376149731895,64.77108422691325,63.05440645792505,63.328765869140625,4838334
2023-02-10,63.3444433185613,63.767728499208935,63.023054713877094,63.720699310302734,4373095
2023-02-13,63.650144028468425,64.99840394757865,63.55608565657434,64.81027221679688,5114245
2023-02-14,64.37914465646058,65.69604435863512,64.24588779598129,65.48440551757812,6726731
2023-02-15,64.75539952833279,66.46423138670723,64.6221351920731,66.44855499267578,7305617
2023-02-16,65.5392673663352,66.2682646850954,65.0454309564329,65.88417053222656,5645893
2023-02-17,65.52359914624483,65.70389269582765,64.45753672598718,65.09246826171875,5543523
2023-02-21,64.3869902074964,65.35898671251617,64.12830719166296,64.48104858398438,5101965
2023-02-22,64.40267305024473,66.10366710429776,64.35563636379523,65.21005249023438,10829053
2023-02-23,65.44519955732754,66.16635865724031,64.19885127355305,65.01407623291016,10120732
2023-02-24,64.08910612571431,65.67251929645604,64.00287846732607,65.49223327636719,8704340
2023-02-27,65.84499265139785,66.5191152290741,65.44521453066744,65.71957397460938,8007297
2023-02-28,65.54710382743878,67.13836276552448,65.42168517893657,66.40151977539062,11441143
2023-03-01,66.36232059800733,66.91103180090944,65.6489997809823,65.9547119140625,7512988
2023-03-02,65.5314269741539,67.20106787242594,65.35897914373213,67.19322967529297,8546337
2023-03-03,67.33433057226236,68.22794507109656,66.74642826868643,67.71058654785156,9618780
2023-03-06,67.97736036922596,68.90318522721742,67.84397996602381,68.30689239501953,8084105
2023-03-07,68.22843337278289,68.71488221867673,67.55367836053574,67.78121185302734,8643445
2023-03-08,68.07934026049453,68.58147987625394,67.5301203679812,68.24410247802734,7598067
2023-03-09,70.58220579586444,74.48948654385538,70.43312699188112,71.83755493164062,35826152
2023-03-10,72.10431479339009,73.90888384151972,71.23341587244211,71.39817810058594,23152683
2023-03-13,70.37822213179956,71.18635751063015,68.77764980420841,69.80546569824219,14201502
2023-03-14,71.53157043457031,73.03014400904146,70.77050795132217,71.53157043457031,14218418
2023-03-15,69.8211471287395,70.42528533935547,67.82827933030302,70.42528533935547,15107797
2023-03-16,70.14283657759145,72.26124688545134,69.49162555726375,72.15924835205078,10183883
2023-03-17,72.01802006397838,72.04940191921206,70.10360688762928,70.84112548828125,12765689
2023-03-20,71.10790019757533,71.57865812013448,70.1506934217644,70.55083465576172,8705343
2023-03-21,71.3824895057937,72.99875998890221,71.36679857883345,72.32400512695312,8553980
2023-03-22,72.56722748951576,72.65353508585413,70.26051878171272,70.29190063476562,8784783
2023-03-23,71.10789722809609,72.92815761910273,71.02944257790911,71.8611068725586,10834691
2023-03-24,71.06081718166482,72.45739231727329,70.86466557533808,71.68849182128906,8342975
2023-03-27,72.40247411795889,73.46952475628197,72.26909372572398,73.21060943603516,7524516
2023-03-28,73.23414137786136,73.54797492859582,72.62215770344149,73.07721710205078,5023152
2023-03-29,73.72841746186168,74.08148574493198,73.49303860648148,73.79903411865234,6162254
2023-03-30,73.71275171490127,73.99520343765262,73.40675609821727,73.79120635986328,6623107
2023-03-31,74.16781468886379,75.06225009667935,73.99519947829559,75.00733184814453,9247391
2023-04-03,75.12502739319795,76.05869019700154,74.81903176810837,76.04299926757812,6199468
2023-04-04,76.0743868956723,76.78836917085587,74.27766301091364,74.5758056640625,8554983
2023-04-05,74.52087644604457,74.78763720180496,73.48520777607465,73.9481201171875,10642230
2023-04-06,73.84611982700955,74.05796233405373,73.39105296015693,73.4381332397461,8025340
2023-04-10,73.61859946219779,74.52873335746801,73.44599174091076,74.03443908691406,7499832
2023-04-11,74.1521163130471,74.50518469806752,73.65782207410724,73.68136596679688,6663078
2023-04-12,73.95597163131522,74.27765815748818,73.6029032490601,73.83043670654297,8768118
2023-04-13,74.05012930977728,74.29335371044245,73.33614703679964,73.98735809326172,11044694
2023-04-14,73.64213194720487,75.03871457431809,73.60290462636813,74.88179779052734,7211767
2023-04-17,75.02301976249868,75.98807180867779,74.91317576939798,75.92530059814453,7676003
2023-04-18,76.10575885668334,77.29834431507803,75.99591486705937,77.25910949707031,8909832
2023-04-19,77.34541796474936,77.91817430984004,77.21988304668979,77.698486328125,7038101
2023-04-20,77.91032641864399,78.82829813446315,77.72202029720043,78.271240234375,8661237
2023-04-21,78.44384011393309,78.52230224012519,77.77693829284809,78.07508087158203,5112741
2023-04-24,78.1300260110825,79.06368879244609,78.1300260110825,78.57723999023438,7833505
2023-04-25,79.98951090920035,80.03659119519386,76.53728912268603,77.23558044433594,11649768
2023-04-26,77.07082035627661,77.24342807524418,75.39178595169476,75.4859390258789,8032357
2023-04-27,76.12145816653907,77.03943750218733,75.79192616137765,76.93743896484375,9348633
2023-04-28,76.20775017924018,78.23985254453399,76.01159860907225,77.65140533447266,6279159
2023-05-01,78.0594174585812,80.02875676651706,77.96526437405474,79.38538360595703,7408237
2023-05-02,78.93815033119036,80.05228124811835,78.6086258350592,79.644287109375,7485046
2023-05-03,79.93457418890432,80.77409117365984,79.4873528277465,79.8482666015625,5917543
2023-05-04,79.62859612097913,79.83259319019696,76.4274517294887,77.926025390625,9055431
2023-05-05,78.91461080879235,79.8404355479739,78.26339980608681,78.6478500366211,6302841
2023-05-08,78.63215366172952,79.33044489967287,78.63215366172952,79.1813735961914,4282128
2023-05-09,79.06367996023862,79.95027735586555,79.06367996023862,79.244140625,6520737
2023-05-10,79.62074258283415,79.76981388732572,77.25126263593887,78.09862518310547,5053224
2023-05-11,77.98878078325718,78.44384011393309,77.53371395213905,78.07508087158203,5117628
2023-05-12,78.13002726289795,78.45955177903816,76.6628278677878,77.5180435180664,4332874
2023-05-15,77.78480222104672,80.27197195704274,77.6906491473533,80.02874755859375,7973716
2023-05-16,79.4246154101372,80.2092069169574,79.15784709739152,79.34615325927734,5523851
2023-05-17,79.92674907340812,81.26840599798501,79.67567921035537,81.18209838867188,6871703
2023-05-18,80.72703710190949,81.81762423979897,79.81691065972518,81.60578918457031,5772320
2023-05-19,82.00591508236111,82.99450349024856,81.47239356078477,81.80191802978516,7230687
2023-05-22,81.6763811115191,83.1200363703423,81.6763811115191,82.02944946289062,4996087
2023-05-23,81.48809852783667,81.70778654531685,79.46384108168988,79.79337310791016,5738239
2023-05-24,79.46381821054503,79.61288950077098,78.3889223275981,79.22843933105469,6275400
2023-05-25,79.55797693939839,80.0993439005908,78.88322210326007,79.6521224975586,6737506
2023-05-26,79.70705599642623,81.55869799373268,79.68351960459589,80.60933685302734,6796523
2023-05-30,80.82902383342615,80.86825115265277,78.97738185927764,80.34257507324219,7098370
2023-05-31,79.49522613381536,79.90321282520343,78.23203123323971,79.65998840332031,13358734
2023-06-01,79.40890833125738,82.51590716088084,79.29906433219443,82.12361145019531,7797043
2023-06-02,82.77482157655707,83.72418273638336,82.0216120201547,83.01020050048828,7477278
2023-06-05,83.01018753659801,83.01018753659801,81.67637634277344,81.67637634277344,5108732
2023-06-06,81.85684878484125,83.25342388291278,81.67638811180004,82.74343872070312,7794036
2023-06-07,83.66927257935893,84.21063965649029,82.88467359022818,83.22989654541016,9121088
2023-06-08,83.0415698788907,84.12431116839561,82.87680017151355,83.2220230102539,4477596
2023-06-09,83.39465850315925,83.5986480708767,82.445297340374,83.40250396728516,4365076
2023-06-12,83.41035117081472,83.86541810138233,82.89251302548709,83.34757995605469,4677449
2023-06-13,83.19066856690874,84.06941312745155,83.01805334045297,83.74773406982422,5411582
2023-06-14,83.73202940947098,83.7948006236327,81.5665462782145,82.14714813232422,6429268
2023-06-15,81.94314589012058,82.88466154001718,81.59008502185266,82.70420837402344,8733159
2023-06-16,83.12789266026866,85.44245465418967,83.12004719591258,83.39466094970703,13731752
2023-06-20,83.22988766732635,83.33188620007323,81.13502126555647,81.6136245727539,8068443
2023-06-21,81.31546746389957,82.92389245693354,81.26839468379715,82.42174530029297,5983576
2023-06-22,82.11575994264156,83.00234983363929,82.10006901542216,82.24129486083984,5292046
2023-06-23,80.88394127602271,81.8882205486575,80.53087293790404,81.42530822753906,7532911
2023-06-26,81.22917637963558,82.46884234588276,81.09579597512095,81.95101165771484,5326378
2023-06-27,82.09222211262069,82.54728149533466,81.88037959798648,82.31975555419922,5973427
2023-06-28,82.61005233838014,84.24201373957654,82.358982507495,83.9909439086914,6009012
2023-06-29,83.3397325663414,84.60293479265245,83.19850671194897,84.53231811523438,4070746
2023-06-30,85.5130503449281,86.5094916649707,85.20706228241855,86.18780517578125,9250648
2023-07-03,85.56796191767587,85.77979688724133,84.19491609398177,84.95597839355469,3723916
2023-07-05,84.90891468887274,85.51305286904862,84.54800087343725,85.24629211425781,4588235
2023-07-06,84.7441593503405,85.32476118768645,83.84187098814694,84.24201965332031,4594375
2023-07-07,84.06155326087553,85.41890094335794,83.90463649134475,84.94815063476562,4843847
2023-07-10,85.12089559607155,86.94250938557529,85.08949053238779,86.78546905517578,5805400
2023-07-11,86.9425130552927,87.5706518854325,86.54991971871348,87.3272476196289,4746113
2023-07-12,87.38220008738791,87.9161236834188,87.06813444830163,87.31153869628906,5403938
2023-07-13,87.35079007637165,87.79834221860503,87.0131631533884,87.37434387207031,3477075
2023-07-14,87.1544858051321,87.32722863711523,86.39286810826654,86.58916473388672,3405529
2023-07-17,86.69909084911917,88.05744219559037,86.48709169219322,87.26441192626953,4557412
2023-07-18,87.07597138493426,87.80618400873423,86.7776008203124,87.20159912109375,4476718
2023-07-19,86.62841422693151,87.00529741337841,85.45064957804216,86.2829360961914,5604920
2023-07-20,86.40072183454525,87.81403956490512,86.3379117163902,87.34293365478516,5158852
2023-07-21,87.49997625648129,87.8454544629967,86.22799616148238,86.62843322753906,10277106
2023-07-24,86.6834045492131,87.1388005008484,86.4164389839214,86.56562805175781,6687261
2023-07-25,89.90261621957522,92.619326849017,89.21951855877158,91.9911880493164,21329067
2023-07-26,91.9754818917142,92.17177103676298,89.07818475544654,90.07535552978516,9449750
2023-07-27,90.73489470063153,92.0696923434749,90.2402349716829,90.62496948242188,7752311
2023-07-28,90.71135823248659,90.96261377753405,89.52574190717392,89.8162612915039,5600785
2023-07-31,89.85551152723117,90.098915789103,89.29018283624187,89.69847869873047,5169252
2023-08-01,89.2666149755488,89.66705200283984,88.15166780745123,88.8975830078125,6595040
2023-08-02,88.70129402909335,89.11744112806723,87.88471737425824,87.91612243652344,5377375
2023-08-03,87.80618863370924,88.85832567070679,87.58633820735282,88.22232818603516,4347409
2023-08-04,88.58352725002166,89.40796276678667,87.78265303852835,88.77197265625,6118274
2023-08-07,89.14883798307318,90.27948767443989,89.14883798307318,90.08319854736328,4140914
2023-08-08,89.81624381176601,90.16171448947861,88.81906558631091,89.15669250488281,4735463
2023-08-09,89.43150981944808,89.45507112294231,87.92397670731148,88.07315826416016,3900213
2023-08-10,88.2930071286545,90.32661254502285,88.2930071286545,89.17240142822266,5853515
2023-08-11,89.14884581883477,90.60142001442702,89.07818442903255,89.98113250732422,4463437
2023-08-14,89.90260021078878,90.96258846865298,89.66704726459673,90.72703552246094,4916020
2023-08-15,90.0203734676532,90.02822473184649,89.09387175092348,89.3922348022461,4276614
2023-08-16,89.29802918530382,90.56216552779881,89.09388877129076,89.17240142822266,4614924
2023-08-17,89.4943171509034,89.81624153103999,87.10738249211079,87.12308502197266,5734981
2023-08-18,86.60485927475567,87.88469784353235,86.38500887577692,87.77477264404297,5651281
2023-08-21,87.97107057121053,88.31654873198156,87.17019654514006,87.95536804199219,3686075
2023-08-22,88.05745640962023,88.76411537611456,87.02887302345884,87.67272186279297,3308421
2023-08-23,87.54708293777259,89.3215813936051,87.54708293777259,89.09387969970703,3568043
2023-08-24,88.88188382012129,89.47861750404623,87.17020292617516,87.18590545654297,4211960
2023-08-25,87.50782660311586,88.2301880711554,86.54206089054104,87.91612243652344,3903596
2023-08-28,88.37151889565989,89.72987029742019,88.05744577980106,89.4786148071289,3524313
2023-08-29,89.25092851695912,90.82127935532698,88.66204601432234,90.5543212890625,5833091
2023-08-30,90.17743160180439,90.75060402525092,89.47077264868898,89.75343322753906,6086573
2023-08-31,89.96542324686857,90.24808379691451,89.3608383160557,89.87120056152344,5218620
2023-09-01,90.31091498647281,90.6563932139668,89.14100127386668,89.69847869873047,4435119
2023-09-05,89.26660515030427,89.65919086949616,88.18306316102289,88.630615234375,4406550
2023-09-06,88.60707355477427,89.56498794462037,87.8847121298408,88.47358703613281,5018014
2023-09-07,88.11239200034424,88.84260457167403,87.47640210086084,87.77477264404297,4139035
2023-09-08,87.54709039626059,87.96322998905109,87.32723994852635,87.7198257446289,3170967
2023-09-11,88.13597045017272,89.74557742467907,88.03389649463996,89.71417236328125,5272499
2023-09-12,89.70632172730771,91.72422453810262,89.51002508021443,90.29520416259766,5275255
2023-09-13,90.05180135980922,90.57786617426608,88.44218684233945,89.19595336914062,3508651
2023-09-14,89.80053537191905,92.03043732236944,89.76127904556967,90.8055648803711,6637768
2023-09-15,90.62496528107359,91.00970727996567,89.66705092821927,90.679931640625,8437076
2023-09-18,90.9076512716449,92.20318527830987,90.23239733011769,91.52793884277344,4700880
2023-09-19,91.09607309979704,91.61429411703536,90.46793437313333,91.2452621459961,3882045
2023-09-20,91.49650889336709,92.39160555507986,90.15385264181486,90.17741394042969,5134919
2023-09-21,89.4707692643291,89.77698362883532,87.98678251652461,88.71699523925781,5760292
2023-09-22,88.64632554542484,88.88187849881885,87.20945403091925,87.35078430175781,6249463
2023-09-25,86.9972147316029,87.97153235097035,86.92649498025881,87.78295135498047,4741101
2023-09-26,87.2172150083789,87.95581764247848,86.23504048325873,86.37647247314453,6022043
2023-09-27,86.92649588124128,87.69651868149947,86.5493413967439,87.13079071044922,5912656
2023-09-28,87.26437333440668,88.78084831917621,87.08364923646447,88.2701187133789,5518337
2023-09-29,88.49796802423226,88.59225851400811,86.36075197580391,86.8636245727539,4924165
2023-10-02,86.78507418309866,87.37438048234038,84.93857860834373,85.48074340820312,5389278
2023-10-03,85.1035853041443,86.42362985671808,84.10568933993613,84.67142486572266,8624900
2023-10-04,84.83642408273138,85.81074165997889,84.35712220931826,85.52787017822266,4876551
2023-10-05,85.15070556307856,85.76358243340219,84.21567267334997,85.42571258544922,4819539
2023-10-06,85.13500934557058,87.92438725182916,84.82071017542363,87.58651733398438,5284026
2023-10-09,87.2250714075489,87.32721881947053,86.07003723749214,86.63577270507812,5418473
2023-10-10,87.38222387318457,88.78083743035619,87.09935238649815,87.59437561035156,5707039
2023-10-11,88.00295716796627,89.10299291196476,87.85366826594598,88.99298858642578,3580573
2023-10-12,89.18156478133048,89.37013824969314,87.02863490086676,87.47650909423828,3861746
2023-10-13,87.45293084184365,87.58650590609507,85.37857762142325,85.9443130493164,4578337
2023-10-16,86.3450435131785,87.15435837435831,84.8521394592622,85.7557373046875,5616698
2023-10-17,85.44929346705649,86.97362501976654,84.90712880852838,86.44718170166016,4916647
2023-10-18,85.6614455563004,86.10146285524303,84.39640708892719,84.52212524414062,6080433
2023-10-19,84.6007009629738,85.7243074321057,83.81495686812279,84.03496551513672,5035055
2023-10-20,83.83853056723412,84.26283404590806,82.91921888242625,83.35137176513672,9714760
2023-10-23,83.66567809762746,85.09572696495201,83.44566942397876,83.83068084716797,7300229
2023-10-24,87.25650864177835,90.27375202118995,85.11143547492827,89.27586364746094,15904078
2023-10-25,89.83373933045007,89.83373933045007,87.28794080208208,87.37437438964844,8224191
2023-10-26,87.82223298225338,88.25439336856626,84.05068079168886,85.48858642578125,9738191
2023-10-27,85.83430574558251,86.3057506672048,83.07635595864838,83.56351470947266,6677237
2023-10-30,84.48283465365368,86.80862411522595,84.4042579954674,86.28218078613281,5611435
2023-10-31,86.04647997928869,86.23505349044926,84.93072270006886,85.35502624511719,6349452
2023-11-01,85.09571191312887,85.11928265726657,83.15493379687312,84.27068328857422,12703791
2023-11-02,85.55146232306348,85.82646942286055,84.3571359032575,84.68714141845703,9398127
2023-11-03,85.29214210549812,85.99930949642446,84.93070149533959,85.58287048339844,6941620
2023-11-06,85.8735862986888,87.90865477872227,85.28428017424744,87.830078125,6131806
2023-11-07,87.50008313487942,88.73369393044723,87.10720733082553,87.84580993652344,5237415
2023-11-08,88.1600923639423,89.61371165531756,87.99508965120866,89.4565658569336,6065021
2023-11-09,89.84945227572959,90.17946527931437,88.73370260996231,88.85942077636719,5786605
2023-11-10,89.36229411205852,90.80019987625423,88.9379981140325,90.57233428955078,4382618
2023-11-13,90.47017537701369,91.58593242079532,90.13231300927058,90.76876068115234,5753776
2023-11-14,91.53878372095667,92.37166929334153,90.80804555528755,92.12808990478516,6007634
2023-11-15,91.90023935393101,92.32454288013429,90.9259216405958,91.38165283203125,5245309
2023-11-16,91.60949842289486,93.47170736352449,91.38948979152869,93.45598602294922,5825072
2023-11-17,93.76244172975153,94.35174796599962,93.45599948234586,94.23388671875,5186418
2023-11-20,94.23389824291209,94.87034605133655,94.00603263627032,94.34390258789062,5190678
2023-11-21,94.13173386446066,94.4853175857811,93.53457074698998,94.20245361328125,3506019
2023-11-22,94.21031661231333,94.67390468874086,93.7860131147723,93.97459411621094,3773785
2023-11-24,94.27316911036581,94.56389751957929,94.03744662133501,94.26531219482422,1981995
2023-11-27,94.05316045241818,94.54031926156298,93.75458263905465,94.26531219482422,3984415
2023-11-28,94.26530383680509,94.37530815602538,93.15741124114804,93.3852767944336,4378107
2023-11-29,93.91173684720863,94.05316885097811,93.07099422944279,93.39315032958984,3792831
2023-11-30,93.54242214647951,95.7346365825664,93.42456091298912,95.70320892333984,10174611
2023-12-01,95.62465174115846,96.84255640955496,95.44393515240576,96.25325012207031,5668572
2023-12-04,95.71108228356864,96.1825272985356,95.20035268781847,95.49107360839844,4747116
2023-12-05,95.08248912386968,95.21606420667923,94.28103111562034,94.46961212158203,3688206
2023-12-06,95.13748340722063,96.31609586485656,94.05316144847389,94.13959503173828,3964241
2023-12-07,93.89600099921213,94.3045830822352,92.85096378136586,93.88028717041016,5064626
2023-12-08,93.58171638284998,94.93319600582227,93.48743339543557,94.75247192382812,4925418
2023-12-11,94.7524599914971,95.00389628238825,94.00600803345206,94.50888061523438,4643869
2023-12-12,95.06676384729683,96.23751178777911,94.76817854236806,96.11180114746094,4664543
2023-12-13,95.96251654015423,96.14324063061795,94.69747795247596,95.216064453125,5506309
2023-12-14,95.1767802288465,96.17466865394302,94.21031946781173,95.34963989257812,10454155
2023-12-15,96.18250819033688,97.17253952052504,95.72677709822149,96.82681274414062,13586279
2023-12-18,97.1725346708335,97.30610972368522,96.72466802705662,97.14896392822266,5206215
2023-12-19,97.19613013449622,98.98761956097769,97.19613013449622,98.95618438720703,5957138
2023-12-20,98.55547388596557,99.17620786767371,96.81898260914382,96.93684387207031,6231921
2023-12-21,97.61255037850663,99.82833535414551,97.58112272218582,99.7654800415039,5185165
2023-12-22,100.09551574733149,100.59838840847137,99.14476883612997,99.54549407958984,4030650
2023-12-26,99.63191238488692,100.34693668759115,99.50619423888347,100.15835571289062,2480063
2023-12-27,99.77311886488023,100.96033342350029,99.73380961330648,100.79522705078125,3314310
2023-12-28,100.63797030243437,101.58145235446027,100.48858013238413,100.88956451416016,3965494
2023-12-29,100.82667170720157,101.01537114183711,99.82029476543627,100.3470687866211,4441133
2024-01-02,99.8596004047276,100.75591141266958,98.46797031002497,99.02619171142578,5189425
2024-01-03,98.37361555981458,98.45223405395382,97.21784853488353,97.54020690917969,4531850
2024-01-04,97.72889850549487,98.88466552681031,97.6266944634336,98.01194763183594,4364199
2024-01-05,98.20063822536675,99.3328196834348,98.06697927141992,99.29351043701172,4190157
2024-01-08,99.23846986035446,100.97605129185635,97.65814044657841,100.85810852050781,6920068
2024-01-09,100.0640215026267,101.25123596191406,99.8124272813867,101.25123596191406,4815028
2024-01-10,101.1883260789921,102.3440930531926,101.03894343057604,101.97456359863281,4571320
2024-01-11,102.30479089757607,102.3676856944854,100.48858337908113,102.0767822265625,5014005
2024-01-12,102.6821811415344,102.83942564825355,101.56572334711362,102.04532623291016,5640380
2024-01-16,101.58144732171854,102.09249756921035,100.04042721416495,100.61437225341797,6314619
2024-01-17,100.18194753129578,101.17260062564795,99.21487998374094,99.75737762451172,5031171
2024-01-18,100.0089715460281,101.16473849698177,99.67089701065173,101.07038879394531,6508082
2024-01-19,101.18833261257693,102.24974995037742,100.19767943707322,102.0610580444336,6154611
2024-01-22,102.43058470727914,103.99519043940064,102.4148610085584,103.17750549316406,10052443
2024-01-23,100.34705792242158,103.68855430451221,99.45861634446446,102.1711196899414,13333800
2024-01-24,102.42271341324822,102.51706311990442,99.41929911143201,102.1553955078125,10785198
2024-01-25,102.71362438242916,104.1760185292215,101.96670361060833,102.1553955078125,6086573
2024-01-26,102.62714508645591,103.97160409111393,102.51707167219239,103.14606475830078,4696495
2024-01-29,103.31114971523014,103.89296406546667,101.9666909891484,103.07527923583984,6126544
2024-01-30,103.37405779174713,105.57551838779649,103.16964219513959,105.30033111572266,7871346
2024-01-31,105.17453077769086,105.72489778880748,103.87725053025173,104.11312103271484,6253472
2024-02-01,104.59273339395645,106.50328313435195,104.15243974504118,106.4639663696289,6190572
2024-02-02,106.47967639734655,108.03642015200494,106.17304926530757,107.35240173339844,6103864
2024-02-05,106.91212562259378,109.00350549616478,106.73128804040017,108.27230834960938,7158013
2024-02-06,108.24872336758516,108.80695230098387,107.38386725040094,108.17009735107422,6026178
2024-02-07,108.98776706173926,109.15288092161268,108.4452694207185,108.89341735839844,5807655
2024-02-08,109.01137014286572,109.6639488061737,108.69688110262184,109.32586669921875,4327110
2024-02-09,109.2944060171648,109.62461871768312,108.66541298089278,109.5066909790039,4324604
2024-02-12,109.71110957679048,110.71749395269181,109.20792114689405,110.20643615722656,4516313
2024-02-13,109.93911245016801,111.48013257260386,109.04280904615884,111.46440887451172,9054930
2024-02-14,112.43147617342863,115.4977851969379,111.92042592219511,115.18329620361328,13116028
2024-02-15,115.57640825999782,117.06238788168947,115.41130191851248,116.65354919433594,8627532
2024-02-16,117.10956711954225,118.21815545514254,116.76362322095127,117.27467346191406,8616756
2024-02-20,117.16460955692474,118.20244133680596,116.22112748723427,116.8501205444336,7166032
2024-02-21,116.73217745383643,117.45551265658742,116.09532258985861,117.20391845703125,5302571
2024-02-22,117.8171840448036,119.70414060212481,117.8171840448036,119.24813079833984,5753024
2024-02-23,119.50758995812967,120.92281304994687,119.43682579709544,120.55327606201172,7066168
2024-02-26,120.8127374380075,122.00781369159503,120.73411142897126,121.68545532226562,7705449
2024-02-27,121.85841932993131,121.87414302797588,120.37243967142318,121.07218933105469,7300354
2024-02-28,121.20585045679586,123.36799426669,120.93853255302243,122.34588623046875,7633025
2024-02-29,122.64466050392654,123.58028069435618,121.94491082341854,123.3522720336914,8177329
2024-03-01,123.43875797399586,125.26282734204352,123.3365539290216,124.73604583740234,8698201
2024-03-04,125.30213437279383,127.18909098824895,124.68101068378306,126.59156036376953,8402242
2024-03-05,126.99253861160294,127.48786516896882,123.10853712750955,124.11491394042969,8003663
2024-03-06,125.08985374255903,126.567979204392,124.59452714406865,125.40435028076172,8198755
2024-03-07,127.40139391758817,131.08884235636253,127.03187190798391,130.9080047607422,14393838
2024-03-08,133.27455478736144,138.22782065507246,131.57629005668664,132.05589294433594,21242234
2024-03-11,131.3718471886807,132.41753315196658,128.1404170538436,130.95513916015625,9338609
2024-03-12,131.6548883957834,131.93006812050177,128.8873373874554,131.66275024414062,6928589
2024-03-13,130.12959855666057,134.48533309080867,130.12959855666057,133.78558349609375,8462887
2024-03-14,133.85635043253865,134.24947294186995,130.2239507584287,131.1045379638672,9460777
2024-03-15,130.23968942608636,134.05292709536278,129.6421587767266,132.78709411621094,13263757
2024-03-18,132.84211427826514,134.24947545060024,132.54334898234256,133.5890350341797,6228788
2024-03-19,133.51041742261634,136.74969466925145,132.87356254913814,136.3801727294922,9360787
2024-03-20,135.71187061341857,137.41799709484093,135.24012960265188,136.74969482421875,7229434
2024-03-21,137.29221783197085,139.20276777519334,136.08927953557958,138.8804168701172,7890893
2024-03-22,138.61309626552307,139.55657844323733,137.6538903869948,137.70892333984375,6842132
2024-03-25,137.3236439594853,137.99193114462193,135.85337306842555,136.40374755859375,6288181
2024-03-26,136.40375664036094,137.63028024580666,135.54675497024138,136.450927734375,5056983
2024-03-27,137.60670187980108,141.80518501382267,137.3393839675554,141.61648559570312,12606433
2024-03-28,141.4828225506899,141.49854624822538,137.06417793111672,138.00765991210938,12122274
2024-04-01,138.06272286060886,138.4007974265069,136.0656777670508,137.8740234375,7399592
2024-04-02,138.44333123217157,142.36422977053758,132.00044740214872,134.44361877441406,20490400
2024-04-03,136.09865145044495,145.743291475913,135.9607308642934,143.45773315429688,16208500
2024-04-04,144.47242917452957,149.7331484333182,144.03897523846442,145.20144653320312,11880200
2024-04-05,146.3245119205181,154.14661514165158,146.3245119205181,153.97914123535156,14777900
2024-04-08,155.13178310289703,155.60465153826678,151.41775833272695,154.19589233398438,9588800
2024-04-09,153.81169261365935,155.5258464259348,148.68889331716605,152.196044921875,8807300
2024-04-10,149.63463055370747,155.44701721851206,149.3981888297969,154.2845458984375,8075400
2024-04-11,154.73771048793543,156.08736285903174,152.45215242512953,155.33863830566406,6063200
2024-04-12,153.85827625305336,154.92413402458445,151.0258675367429,152.60491943359375,6851300
2024-04-15,155.14128200065227,156.61177415640972,150.69035106433174,151.68711853027344,6423700
2024-04-16,150.70021917316078,154.9636511548267,150.00938947028658,154.70704650878906,6187200
2024-04-17,155.9308203527763,156.60190779434876,151.6180550137847,153.63133239746094,6519900
2024-04-18,154.6280834057534,155.93080367743394,150.87786093409483,150.93707275390625,6186600
2024-04-19,151.44039828117587,151.5193523991237,144.85775116922775,146.12098693847656,9566100
2024-04-22,146.88089373148858,149.9205592295343,146.88089373148858,148.22308349609375,7322800
2024-04-23,155.76303270823485,161.50680514650406,150.81864995981613,160.49029541015625,19250900
2024-04-24,159.75011967076597,160.21396568001788,153.52275885335305,157.105224609375,10416000
2024-04-25,156.0196335179053,159.36523712756335,155.0623355327592,159.1481170654297,5908200
2024-04-26,158.90138382873081,161.23047752238716,158.21055414395093,160.22384643554688,5898000
2024-04-29,160.86532331071464,163.89512527866992,160.86532331071464,162.3358154296875,5371700
2024-04-30,161.4180089127346,164.0826465867452,159.46394329298803,159.7008056640625,6723600
2024-05-01,160.4409599471682,161.16139551342934,156.7400706521214,157.60853576660156,4775800
2024-05-02,159.276395339014,160.68767552976885,157.33219375010702,160.51002502441406,5030400
2024-05-03,163.1352028558098,163.1352028558098,159.88828088687842,161.96078491210938,3968600
2024-05-06,162.95756628934274,165.78011203080885,162.86874855296136,165.77024841308594,4831600
2024-05-07,165.61232794253877,168.56317579122538,165.03005830177128,166.5696258544922,4781800
2024-05-08,165.89854855892602,167.96117405779728,165.89854855892602,166.64859008789062,4878200
2024-05-09,166.54988992625653,167.12229597190424,164.94124687518647,165.306396484375,4968800
2024-05-10,165.71104537997067,166.5301774631796,160.97390342186273,161.24037170410156,5711300
2024-05-13,160.94428090343314,160.97388681407642,156.77954547142545,157.41116333007812,7768600
2024-05-14,156.56242746008064,158.7138857015816,155.9604155042296,157.9046173095703,6103500
2024-05-15,157.90462020111693,161.59564611954295,157.1446999998908,161.3291778564453,7133300
2024-05-16,160.86534828528028,161.7732981372386,158.98035807465828,159.0099639892578,4283200
2024-05-17,159.700783226813,159.7599950465228,157.01640363428305,157.79605102539062,5946300
2024-05-20,157.8256638901745,159.30601968398312,156.74007867675624,157.1940460205078,5586800
2024-05-21,155.87157185644676,159.1086147683962,155.29916590679096,158.89149475097656,5071300
2024-05-22,158.3881933714398,159.62182309876093,157.6381368594963,158.70399475097656,4432200
2024-05-23,159.8685537642849,164.09250087062642,159.6316914284216,163.09571838378906,7411500
2024-05-24,163.65827029610287,166.9347833083777,161.70420485327156,165.1386260986328,5500300
2024-05-28,164.8129560844513,166.44134154313926,163.14508603560037,166.35252380371094,5749700
2024-05-29,164.41820080444367,165.23731781467336,161.25023256237594,161.45748901367188,4820800
2024-05-30,161.33903435895664,162.85887469438418,161.05283887340482,162.0496063232422,4384400
2024-05-31,162.13842065803786,163.18455134834954,157.9737004253687,162.977294921875,11704800
2024-06-03,163.94446532948658,164.605689112343,156.94732053675096,159.3455047607422,5220500
2024-06-04,158.8915274862427,159.85868908921583,156.27623818163636,159.2665557861328,5598600
2024-06-05,159.7106317261097,160.80609546391952,158.41779025496464,160.42120361328125,4279900
2024-06-06,160.17450108292556,161.0331026307989,157.6677568205765,158.51649475097656,3867300
2024-06-07,158.59544509687532,161.65485304414764,158.00331182443907,159.79946899414062,3341800
2024-06-10,159.87843231400046,161.75354370644547,159.44419218717107,160.70742797851562,4385200
2024-06-11,159.90803058658395,160.13501425696091,157.5197250620848,158.25990295410156,5106400
2024-06-12,159.14808301589244,160.8060890393704,157.09532154151532,158.9408416748047,5790700
2024-06-13,158.48690056685007,158.52638515758085,152.16084267908255,153.6510772705078,8080900
2024-06-14,152.20031326201794,154.54914924867313,151.21340941000585,153.8385772705078,6247400
2024-06-17,154.09518539399346,165.3064151043226,153.4142192447272,161.0923309326172,9564800
2024-06-18,161.2600783090437,163.02664458144412,160.23370496126438,162.8095245361328,5105300
2024-06-20,162.80953593372055,164.1221199144609,160.91468227204555,162.83914184570312,4957200
2024-06-21,162.34567036984632,162.76016814669455,159.18758131365277,162.08908081054688,17195200
2024-06-24,161.95092071930662,162.60226578698666,157.1150830306171,158.43753051757812,5519000
2024-06-25,157.49013876170812,161.50683012521728,156.34532653202095,157.63816833496094,6825500
2024-06-26,156.49337147309365,158.91128321440598,155.45711928139988,158.5362548828125,3998000
2024-06-27,158.69414546214207,159.73039753844154,157.5098638287818,158.3980712890625,3339700
2024-06-28,158.16120664896965,159.50339649640136,155.8321129448663,156.8881072998047,8641200
2024-07-01,158.56584084435488,159.286276443217,154.00634984539846,156.8881072998047,4435100
2024-07-02,156.74005527576435,160.80609376350702,156.1775129298038,159.33560180664062,5247300
2024-07-03,159.7599832918038,162.33580267235803,159.42442457320917,160.8653106689453,2577300
2024-07-05,161.1021933167175,161.1021933167175,157.5690756516061,158.3980712890625,4668300
2024-07-08,158.69410871312695,161.635077351035,158.54606413139106,161.3883514404297,3453300
2024-07-09,161.83246568309295,163.4115176381263,160.89491017308492,160.9936065673828,3829900
2024-07-10,161.01336038120385,163.8161788170606,160.4113484180921,163.52996826171875,3904600
2024-07-11,163.30258842207246,163.78698016728933,159.9414268050924,160.0699462890625,4553800
2024-07-12,160.0304255161034,160.44562494571153,156.98561461452928,157.19320678710938,5983400
2024-07-15,158.76503364610502,158.91331375268675,156.78788510796895,157.73690795898438,5383300
2024-07-16,158.05328214868777,161.99768440678386,157.82589917264855,160.98934936523438,6500700
2024-07-17,159.80303234111054,160.09960765315904,154.72176095409603,154.87005615234375,6041200
2024-07-18,155.5719342981032,158.60686466956568,154.63279172073146,156.9757080078125,5274800
2024-07-19,157.83577177029554,158.60685849512583,155.81907180962682,157.31182861328125,5459800
2024-07-22,158.14224423382367,161.07831133912543,157.9445323753903,160.90036010742188,6350500
2024-07-23,164.10334387490914,175.17537369777253,162.73910643013065,170.0347900390625,16428000
2024-07-24,169.54051466963782,170.89485681111222,160.19848932718017,160.4456329345703,7335200
2024-07-25,161.4341713443054,166.27817893455875,160.0699341088822,162.78851318359375,8791500
2024-07-26,165.33904899939506,170.6476880774649,164.21207491901023,167.8697967529297,7297700
2024-07-29,169.29334499577817,170.75643070260764,166.47590227155894,167.92910766601562,4886600
2024-07-30,168.5321444440488,172.73358526900012,165.35882935061113,165.56642150878906,5329500
2024-07-31,168.91768353811437,169.78763373741631,166.0409438280528,168.25534057617188,5568800
2024-08-01,168.7990754791844,172.70394126547362,166.2979835031447,167.8105010986328,6112900
2024-08-02,163.67826685320088,165.51700071349444,156.55063895731746,158.44869995117188,8210700
2024-08-05,150.74770227730644,158.07302646553399,148.48385865538563,156.55062866210938,7064800
2024-08-06,158.10266424358593,163.55959804012085,157.9346084400615,160.4159393310547,5056700
2024-08-07,162.5414013753795,164.37027005295639,159.72397338019812,160.27757263183594,4307500
2024-08-08,162.600694922071,164.42956339152312,161.69120838581563,163.71778869628906,3842700
2024-08-09,163.5596006846248,165.9618438684861,162.68966563375315,165.2204132080078,2770100
2024-08-12,165.71473564065252,166.8515901952861,162.73911696823743,164.96340942382812,3173700
2024-08-13,165.8432124115165,166.7032822750585,164.35047070945825,166.0409393310547,2942400
2024-08-14,166.57477052080034,167.24699380818365,163.72767169318445,166.0310516357422,4456000
2024-08-15,166.8219005327018,168.79904898345973,166.29795740000657,167.99830627441406,4162500
2024-08-16,168.10709018499745,168.3838898274451,166.9306841623703,167.48428344726562,3305600
2024-08-19,167.6720947176075,169.04621244934418,166.1002651343985,168.9770050048828,4506000
2024-08-20,168.9572312647146,168.9572312647146,167.2568823220251,168.04774475097656,2573900
2024-08-21,168.15650425927632,170.22262104636508,167.90936066987965,169.24392700195312,4102900
2024-08-22,169.7777321602961,170.01498030533838,166.8416656898408,167.7412567138672,2996600
2024-08-23,168.05761017171795,169.42184736366366,166.9207559013931,169.263671875,4058000
2024-08-26,168.5914335904018,169.96555109372218,167.64241082730945,169.263671875,3707300
2024-08-27,168.74963617197017,169.54049865781738,167.66221345282162,169.0363311767578,3206000
2024-08-28,169.24392226786674,171.19141490459313,168.34431600735917,169.90626525878906,4578700
2024-08-29,170.64770269158277,173.9594328603829,170.51919828108103,171.59674072265625,4262500
2024-08-30,171.9724150092713,172.82258962506597,169.8074345873959,172.62486267089844,5295600
2024-09-03,172.19976909649856,172.75336832109747,161.7307703103544,162.33380126953125,6099600
2024-09-04,161.6319052876437,164.71625241473333,161.53304181943804,164.459228515625,4112400
2024-09-05,162.89730282374336,164.1033649051031,160.65323451374456,161.97793579101562,3144200
2024-09-06,162.6303551892216,164.1428726849643,158.75514568315,159.38783264160156,3954900
2024-09-09,161.6220359040523,164.47901534880484,161.04866093547017,163.46078491210938,3716000
2024-09-10,165.53675941212944,165.81355900250796,162.37332474748476,165.07212829589844,3473200
2024-09-11,164.34059704394684,164.82498879684655,160.3764044473461,164.4493408203125,4258000
2024-09-12,164.60750806130898,169.0165562585705,164.3307084526322,167.7610626220703,5148500
2024-09-13,167.4743774330422,177.2711524628166,167.27666558798393,176.24302673339844,7360800
2024-09-16,176.67800472744545,179.44601585678973,174.24610524863195,179.36692810058594,6844600
2024-09-17,179.4361333505388,180.34561998555108,176.94493673115875,178.26962280273438,5936900
2024-09-18,179.12967919711528,183.6474714692068,178.36847268150075,181.4528350830078,5686500
2024-09-19,185.50597088935214,185.8420976327961,182.17448015425995,184.0330047607422,5021500
2024-09-20,182.88625424271368,185.69380176865874,182.21403092711304,185.28848266601562,9895700
2024-09-23,185.664123047267,187.6116154800369,185.25880399417477,186.51429748535156,3972500
2024-09-24,186.51430227614213,187.63139600769387,184.863385085777,187.4929962158203,3648900
2024-09-25,187.66106572643042,188.69907178347214,186.04968475136138,187.16677856445312,3214800
2024-09-26,187.5133039300134,187.6618187834006,182.69182080448616,182.751220703125,4781500
2024-09-27,182.33538723197105,184.33526921541727,181.30575384742963,183.53334045410156,4452800
2024-09-30,183.23634202409292,186.83018690023098,181.2661598133315,186.70147705078125,5628400
2024-10-01,185.6223469876351,186.34507095300233,183.07794047358072,184.44419860839844,3794000
2024-10-02,183.72145027649262,186.32524123875473,182.88980646176006,184.58277893066406,2879800
2024-10-03,184.64218288889728,184.8500976238558,181.87007202792066,182.0581817626953,3999500
2024-10-04,184.72138090783335,185.2956050374831,183.01851351833074,185.21640014648438,3978300
2024-10-07,184.0877542049433,185.3648971750714,182.95911096153193,184.10755920410156,2514200
2024-10-08,185.75102353999608,187.9885202786194,184.7015851188102,185.60252380371094,3627200
2024-10-09,184.77088949971804,187.5330902589191,184.6421796609563,187.3944854736328,2312600
2024-10-10,186.27573266049203,187.85980026007752,185.52330885942243,186.24603271484375,2300900
2024-10-11,187.52320040573437,189.8596919260138,187.1766808797125,189.25576782226562,2983900
2024-10-14,190.0676017253277,191.99817392853842,189.7507972363138,190.7111358642578,3132900
2024-10-15,191.9189712226999,192.39418547763984,187.8697022352926,188.67164611816406,3824300
2024-10-16,188.602321903771,190.3051892208415,188.02809779854607,190.2655792236328,2912800
2024-10-17,192.1565755053975,192.85950951176972,190.28540327975696,190.7012176513672,2633300
2024-10-18,191.1764542947761,191.51306378362455,189.2359720466802,190.6913299560547,3075900
2024-10-21,190.98832310286926,192.4535757949857,190.1071894770089,192.295166015625,4728800
2024-10-22,182.66208990817606,183.15710912201936,173.9992536659184,174.9001922607422,15636200
2024-10-23,177.90989930190213,183.13730089951835,177.83069441626705,179.8800811767578,9788600
2024-10-24,180.08801102872235,180.39493567715118,177.84063433688004,177.9495391845703,4366800
2024-10-25,178.2069159883989,179.61276873504843,176.52385369208815,177.31588745117188,3974900
2024-10-28,178.18713240561087,178.78116157301434,173.46465944123125,173.6131591796875,5687400
2024-10-29,172.82110679034156,173.15771623260048,171.0489446387414,172.31619262695312,5219300
2024-10-30,171.25684687816585,174.7714863975789,170.7915275980493,172.9003143310547,3694000
2024-10-31,170.286596266722,171.8904535601788,168.73222880535553,170.06878662109375,5177100
2024-11-01,171.03906251880002,173.52406906473703,169.8807191735344,169.9896240234375,3984900
2024-11-04,170.58362518579764,172.93990638591197,169.74208647425047,170.0489959716797,4197400
2024-11-05,170.6430392434167,173.72205963283412,170.0589201445328,173.51414489746094,3607300
2024-11-06,179.69198450113524,180.24640363402506,176.7218690548355,178.9593505859375,5939500
2024-11-07,179.21675615808743,179.21675615808743,175.00909294023973,177.06837463378906,5084200
2024-11-08,177.8604072078353,184.56297195934042,177.6624025328383,182.96900939941406,4676500
2024-11-11,184.7708680247734,185.60249663983524,181.87004771064454,182.7214813232422,3371900
2024-11-12,183.22643437036433,183.85014835929783,178.79105096689946,180.8206329345703,3158000
2024-11-13,181.12755170362976,184.44418692551318,180.93944195996377,181.73147583007812,3934800
2024-11-14,181.17704694866117,181.9690807763519,175.72194020848698,176.62286376953125,5085600
2024-11-15,174.98929605777658,176.14763923159626,174.13786238640643,175.16749572753906,5302100
2024-11-18,175.23682367237063,176.791191449989,173.38545641463742,175.75164794921875,2833800
2024-11-19,174.74179088136952,176.10804881138478,173.94975707981303,175.79122924804688,3216000
2024-11-20,176.3258461313218,176.76145034021118,174.24675943624268,176.20703125,3225400
2024-11-21,176.63277158196675,179.13756776667253,175.57342314067807,176.9198760986328,4532000
2024-11-22,177.51391202085125,179.92960845890104,176.99908775369576,179.34547424316406,3405200
2024-11-25,180.4246330299341,181.8700808710734,177.76142688029122,178.41485595703125,9740700
2024-11-26,179.06825401241213,183.08780780098274,178.62273972033492,182.7611083984375,3918900
2024-11-27,182.80071336509022,182.8502183128912,178.64255456522122,178.80096435546875,2726200
2024-11-29,179.64247923996533,181.14734196001328,179.32567478178007,180.3454132080078,2054700
2024-12-02,178.99896206820262,179.8305907744282,177.6327041174117,178.64254760742188,2817700
2024-12-03,179.19696359218506,180.42461673700623,178.11782528236958,178.9197540283203,2882300
2024-12-04,178.701943960602,181.07803024755677,176.22684778386235,180.8305206298828,3713400
2024-12-05,178.5336449084135,178.96926426645274,170.98955635608078,171.18756103515625,7547300
2024-12-06,171.57367654393494,174.07847276188994,170.72224282235572,173.83096313476562,6899600
2024-12-09,173.2567377544037,174.61308566722295,169.06887912315523,169.6134033203125,6500800
2024-12-10,169.30649935724472,171.4350914592158,168.9104899510499,169.5639190673828,5100300
2024-12-11,171.44497163043187,171.44497163043187,166.25716425838138,166.96009826660156,7606400
2024-12-12,166.96009362011532,167.59371766185663,162.8118298486637,163.18804931640625,7808600
2024-12-13,163.99984779424,166.19773415532165,163.8909429706986,164.35626220703125,4957100
2024-12-16,164.66320780517302,167.51450836465935,163.801864052026,164.1384735107422,7436000
2024-12-17,164.14837646484375,164.85129529783438,161.90098497489063,164.14837646484375,4855100
2024-12-18,164.3463791927924,164.97010823715394,158.01013929072505,158.3566436767578,8059100
2024-12-19,161.4059681583274,164.1186789642815,160.56442942861082,163.15834045410156,6257600
2024-12-20,162.33663098809598,167.39572885512,161.53470213652693,166.6927947998047,9281500
2024-12-23,166.44527521587756,167.6432285013407,164.89092255702198,167.33631896972656,4127700
2024-12-24,167.5541060806045,169.7816925048828,167.16799170466774,169.7816925048828,2235700
2024-12-26,169.31637125169843,170.94992856757304,168.43523768073078,170.4351043701172,3309700
2024-12-27,169.2947362770086,170.03847486241085,167.56925731157128,168.6600799560547,3188400
2024-12-30,165.804114141609,167.81716531058754,164.62404653260782,166.6966094970703,4117500
2024-12-31,167.09326785383143,167.1428534521749,164.76288091428916,165.3975372314453,2806900
2025-01-02,166.51810573593443,169.27489549132125,165.82395276360677,167.18251037597656,4148000
2025-01-03,167.80725322746986,171.18878817550402,167.58908870621607,170.52438354492188,3975500
2025-01-06,171.7044373918368,172.23001143414334,169.7508828831125,171.01028442382812,4980300
2025-01-07,170.78221496143433,172.2498548795102,169.35423444378196,170.8714599609375,6496400
2025-01-08,170.56405553885043,172.13086670201028,169.28483178012542,171.44662475585938,4527700
2025-01-10,170.96068629776502,172.01184943674403,169.31455656038014,170.25662231445312,5131200
2025-01-13,168.09484987835663,171.07973074722315,167.58911303189643,170.13766479492188,5610800
2025-01-14,171.66479078310297,176.41479478297174,170.9607115643353,175.38348388671875,6432700
2025-01-15,177.57501979450814,179.36990637042345,177.38660361137462,178.78482055664062,7397000
2025-01-16,180.1632166386398,181.35321040757506,177.1287658169334,178.2394256591797,6144700
2025-01-17,179.27074533437587,181.66062892593612,178.45759902543426,181.32347106933594,5899100
2025-01-21,183.35633174040913,187.73944409900903,182.96958831246198,185.93463134765625,7508400
2025-01-22,186.50979914266077,187.66011841062374,185.05207035840075,186.78746032714844,7457800
2025-01-23,199.71860853756206,205.91643048983747,196.44617065188166,199.12362670898438,14403500
2025-01-24,200.80940198110656,201.30522766501053,193.8876796705989,195.10740661621094,7835700
2025-01-27,192.71752413869822,194.98841425576137,191.13089102122,192.83653259277344,7674800
2025-01-28,193.66949432304824,194.90905839944844,190.18878871242208,192.80674743652344,4858800
2025-01-29,193.3025904701976,198.2707734197916,193.3025904701976,197.4377899169922,5595800
2025-01-30,198.14186840279473,204.21077026932878,197.81462161744633,203.85379028320312,6282100
2025-01-31,204.12152118893704,204.151269520519,201.37465769687205,201.8704833984375,5507800
2025-02-03,198.33028733187092,203.02079439047765,197.3088875626238,202.40597534179688,4678300
2025-02-04,201.23581926778044,202.83237868994215,198.7566906701008,200.49208068847656,5413800
2025-02-05,202.177886859791,203.5661927300528,200.10532398942988,202.87203979492188,3239400
2025-02-06,203.28852788746264,204.37935043112563,202.35637319222312,204.3396759033203,3113200
2025-02-07,204.7561712482033,206.10481772065992,202.79270576657055,203.56619262695312,3954400
2025-02-10,204.41900074039052,204.93466365914446,201.70187069966974,203.50668334960938,3787500
2025-02-11,203.288544407152,207.40389181454162,202.73322202394183,207.07666015625,4110900
2025-02-12,204.9743434584303,209.6549393250034,204.4190210897521,207.88980102539062,4595200
2025-02-13,209.35745123748737,209.53595636848289,204.54795073890367,206.62049865722656,3763300
2025-02-14,206.91799345700767,207.4138191778585,203.25879721610445,206.53125,4268500
2025-02-18,208.1178878921811,210.41852655156254,207.572491692142,208.32614135742188,4396000
2025-02-19,207.29479707863774,210.0119272974583,207.13614435826656,208.74261474609375,2699100
2025-02-20,207.9790549661237,208.52446629146257,205.4205924020434,206.99732971191406,2969100
2025-02-21,206.62048246166788,207.37413206432996,196.7833025726191,198.1616973876953,5419500
2025-02-24,200.9383275716839,201.55314659625196,195.78172819817314,197.05105590820312,4299100
2025-02-25,197.31881212624666,198.40963483374398,193.21337550292202,197.6063995361328,4121400
2025-02-26,200.0755910301188,202.8918926469333,198.32037885888127,199.92684936523438,3157400
2025-02-27,202.71337996319343,203.7546169727818,199.4211051414413,199.7483367919922,3480200
2025-02-28,200.26400854616037,205.58918715511652,199.35169102225697,205.25201416015625,6117400
2025-03-03,205.36110288071617,206.7394978428561,199.133532750763,200.27394104003906,5376400
2025-03-04,196.3469741239285,201.3448904438128,191.64654111426404,197.1105499267578,6164200
2025-03-05,197.20970314994085,202.76295687562936,197.03121316637615,200.8094024658203,6221200
2025-03-06,197.33862229442528,198.5484381742799,193.6496779937864,194.4132537841797,5621400
2025-03-07,193.44144432688566,194.11576001046586,186.11312601286306,192.23162841796875,7681300
2025-03-10,187.96953644683148,190.9599706406531,186.68793262058912,190.87054443359375,6195000
2025-03-11,188.6947924760834,192.42040453880392,187.09527758366082,190.47315979003906,5356700
2025-03-12,193.65232998674307,195.96717857947718,191.17851832062007,193.7318115234375,4735000
2025-03-13,193.28473132483163,194.34776461006504,190.4234567874032,191.1685791015625,3837200
2025-03-14,194.09940512591962,196.41425377542052,192.34092724692366,195.82809448242188,3263200
2025-03-17,195.71877907330668,202.27586098425314,195.05313834433548,200.716064453125,3733000
2025-03-18,200.48758723776007,200.6664093227062,198.22241653779218,199.48414611816406,3983100
2025-03-19,200.01073292005017,205.47496395044482,200.01073292005017,204.23309326171875,3564000
2025-03-20,203.66676241601417,204.82915138724226,201.78905482256081,202.6037139892578,3970800
2025-03-21,201.28239603280298,202.981266550595,199.51397348374698,202.8024444580078,7976300
2025-03-24,205.57427648250393,209.5085289582092,204.26286909697035,208.8627471923828,4043900
2025-03-25,209.39924101463652,211.3762891536402,208.88261864062483,210.75039672851562,4315200
2025-03-26,210.90936321692107,212.81688981835438,205.34579196799297,206.0213623046875,4791100
2025-03-27,205.01792017563778,206.33927222267275,201.48107537463702,204.54104614257812,3301900
2025-03-28,204.26287911326432,205.51467920077806,198.29195566101833,198.580078125,5178400
2025-03-31,196.245356477963,200.25909070553243,193.18538553165905,198.8483123779297,6923100
2025-04-01,198.2621594287554,203.1700345720639,197.17925188033163,202.4646453857422,3854000
2025-04-02,198.18265697454524,200.87503887987987,197.13948272607087,198.4707794189453,6026500
2025-04-03,188.60534749519906,192.88731443010775,185.5056436677026,186.40972900390625,12750500
2025-04-04,178.51143812711706,181.96881675128333,164.34418394822046,165.7251434326172,18167100
2025-04-07,162.1485404652361,174.19964047433098,158.32357358338456,166.6093292236328,18545500
2025-04-08,174.85536429740557,177.1900868731519,165.2780597229525,168.2684783935547,11903400
2025-04-09,164.7316519793253,187.88012342467968,164.62236675811576,186.05209350585938,12548600
2025-04-10,180.71697651244267,184.2041583357355,174.81562104139124,180.3295135498047,8150900
2025-04-11,177.84580576260444,183.05173296068975,173.9115680510084,180.48851013183594,6491100
2025-04-14,184.14456238827708,186.38985877757847,182.634443627211,184.7903289794922,5319100
2025-04-15,182.6841116029165,187.21445248165458,181.1044409031964,184.46246337890625,4999300
2025-04-16,182.8728869283516,184.67111296031067,180.10102352387014,181.26341247558594,5128000
2025-04-17,182.1973275584863,183.04180567062096,180.4090307772066,180.60772705078125,4932000
2025-04-21,178.12396790241826,179.61421254438898,174.8752454977998,177.19009399414062,8501600
2025-04-22,185.28708285947042,188.76432033940685,180.9157046627998,187.94964599609375,13041000
2025-04-23,194.6656912533653,195.7485987145029,191.31761316398206,192.42037963867188,7235700
2025-04-24,193.0661734214282,196.41425171913713,192.78799561886473,196.1261444091797,5906300
2025-04-25,197.40772885970586,198.68934768695212,195.9770916383853,197.1394805908203,4390600
2025-04-28,198.202539913022,200.1696586208675,197.30839918024296,199.55369567871094,3416900
2025-04-29,199.18611541448018,201.1134858582531,198.35156684716296,199.196044921875,3444200
2025-04-30,197.30839654316605,200.71608201252326,195.57970730207128,200.22926330566406,4436300
2025-05-01,200.93464144543697,203.905201058237,199.55368209330652,202.28579711914062,4687600
2025-05-02,204.97819783395883,207.3625832849578,204.22313081881853,206.34921264648438,3831700
2025-05-05,204.96826084839088,209.1508877909186,204.31254951894982,207.58116149902344,4466500
2025-05-06,204.6801398050402,208.46535879726247,204.58078409770866,207.2433624267578,3169600
2025-05-07,207.5414083994785,209.26016822302847,206.8658380703434,208.55477905273438,3968300
2025-05-08,209.62776914574616,215.3900520878244,209.14095038555115,213.09507751464844,5870300
2025-05-09,213.81035528766586,214.71442544124497,211.34647343476888,213.56198120117188,3778200
2025-05-12,217.91349447974375,218.5493315627733,209.77675662252622,217.52603149414062,5468000
2025-05-13,218.56919001365355,222.0961049753295,217.873745622793,220.138916015625,7188700
2025-05-14,221.49011025206912,221.89744745189813,219.0162985306661,221.7881622314453,4764700
2025-05-15,221.99677244636857,228.59358808154283,221.99677244636857,227.88821411132812,7207700
2025-05-16,227.58023146649927,230.8090948210076,226.1098458547994,230.27259826660156,4651700
2025-05-19,228.0074280324242,234.33599536684258,227.4311982905816,233.759765625,4734400
2025-05-20,232.63714341758586,234.54465487302195,232.27948407221947,233.72998046875,4311000
2025-05-21,233.3325712406803,235.75670494589738,231.14688213516655,232.02114868164062,4631000
2025-05-22,229.68644532931694,230.93824539140206,227.92795237864408,228.77243041992188,6909400
2025-05-23,227.35173855574394,232.17020271098772,226.52713463023036,231.2760467529297,4234200
2025-05-27,233.8889274149847,240.70431352194507,233.57101644078213,240.2075653076172,7162400
2025-05-28,240.20757366297906,244.40012995050398,240.02875157618607,242.0852813720703,9570500
2025-05-29,242.93968661513944,243.3470237994569,239.91946406603697,242.5720977783203,5243700
2025-05-30,241.80708433017583,245.2545179959161,240.72417690975243,244.31069946289062,9143000
2025-06-02,244.25110974263336,246.4864767683699,242.9198129704901,245.87049865722656,5450800
2025-06-03,245.89037951325892,248.87086896190448,242.5919639135056,247.25146484375,6456200
2025-06-04,248.35422670945223,251.41419745146715,248.09592310197348,249.24838256835938,5811500
2025-06-05,250.83797178039504,251.36452367002823,248.4833901169579,250.2816162109375,4188200
2025-06-06,251.3545983016263,255.7955285831979,250.43065389275495,253.96749877929688,5796700
2025-06-09,252.36795906443317,253.659507412719,249.50668458940638,249.77493286132812,5771600
2025-06-10,249.14904531721055,249.61598987421712,238.19078038743703,240.4261474609375,11230900
2025-06-11,241.06195863527503,245.3538702307023,236.95881377569543,243.92323303222656,6940800
2025-06-12,238.43914398443283,241.84682947395848,237.12772141593325,238.42921447753906,8946600
2025-06-13,233.47166366843723,236.4521529918641,232.18011526304173,235.06126403808594,7420300
2025-06-16,236.054766939676,238.37954503728182,234.53471855589117,235.00164794921875,4505600
2025-06-17,235.19040386563546,237.41584130958677,233.352444579649,234.21678161621094,5720500
2025-06-18,234.4254175031863,237.96226226601797,230.72960967786622,234.35586547851562,7761100
2025-06-20,238.16097751265224,239.2339555307135,234.97184714011843,237.81324768066406,9142100
2025-06-23,237.68407770753763,246.84411547834353,237.06809964785103,246.19833374023438,8052000
2025-06-24,246.76465908045594,247.76808506182707,243.97293641384897,247.1322479248047,5255700
2025-06-25,248.45360226453943,249.35768770227762,246.86400182806685,248.27476501464844,5197400
2025-06-26,249.5464368346648,253.81847470087106,248.37411827300173,249.36761474609375,6790300
2025-06-27,250.21207790597364,258.85547851549063,250.14252588041518,252.85476684570312,26988000
2025-06-30,254.64304092463044,256.21278209861146,252.21890746334722,255.71603393554688,8135800
2025-07-01,254.08670882411062,254.08670882411062,245.5029003816547,247.40048217773438,7178300
2025-07-02,246.38711226777963,247.50976807392746,242.07534144138606,243.1582489013672,6228600
2025-07-03,243.95306193449417,247.08256976007686,243.40663584252889,245.2744140625,3089500
2025-07-07,246.26935089730867,248.1796478213088,245.23459724158542,247.3936309814453,5336400
2025-07-08,246.74692416971774,248.19955387098332,242.11046622518103,245.80172729492188,5994500
2025-07-09,247.7319293144636,250.44813114458913,245.5728955334212,249.06515502929688,5589500
2025-07-10,249.34375031818618,251.403283391352,245.50325302729001,251.29385375976562,5462500
2025-07-11,250.22923364640076,255.58205471534734,250.12973284861675,254.12942504882812,7867200
2025-07-14,254.89554564348097,261.13385414728003,254.7065032315433,261.01446533203125,7502200
2025-07-15,262.58649219746377,263.7207162761735,260.41748411119335,263.33270263671875,9392400
2025-07-16,262.66607476611944,265.5116093349964,260.7060274633673,264.8350524902344,11912900
2025-07-17,268.4367613488622,271.42160315939833,256.8555909129402,258.9648742675781,16260200
2025-07-18,264.0590316203067,268.3373236216075,261.23338467217184,261.9397888183594,8619800
2025-07-21,262.35765308741713,264.9047157183996,258.2684039403268,261.5318298339844,5208500
2025-07-22,259.4125842166,260.17868259974887,253.37324766216003,257.6913146972656,4751300
2025-07-23,259.2136154884762,262.3974589524856,258.63655942185756,261.8502197265625,4689800
2025-07-24,262.22832534753803,268.4765935913313,261.85024049032575,266.6558532714844,5206700
2025-07-25,267.4717087680006,271.4514985552698,266.90461179948846,270.2177734375,4598400
2025-07-28,271.97875004381586,272.05836282273026,266.08867966605254,269.2426452636719,5006400
2025-07-29,271.35196900643115,272.41653946651047,267.76019371667445,268.9441833496094,4125300
2025-07-30,269.5511303222624,272.247428947963,268.14825101456046,272.1678161621094,4697000
2025-07-31,271.6902623749102,273.55080893953254,268.51637810700805,269.7102966308594,4524000
2025-08-01,264.18836754402076,269.18299228965344,260.3876613954459,268.0189208984375,4416300
2025-08-04,269.14319007137186,275.4511519870848,268.8546468673852,274.83428955078125,3744000
2025-08-05,274.8641525751554,275.6004038655899,267.26274058003486,270.74505615234375,4000600
2025-08-06,272.1180726985921,273.6602287897402,268.5462157170133,270.90423583984375,3576800
2025-08-07,270.575945608908,271.49128017293094,267.3722139080603,270.64556884765625,3050400
2025-08-08,272.19768559638135,275.7795021677882,271.20273823562303,273.6204833984375,4467300
2025-08-11,273.7597436942833,275.01338700935304,271.172874639982,273.80950927734375,3360100
2025-08-12,274.6452752225162,279.12253830121296,274.30699676684293,278.2171325683594,3630100
2025-08-13,279.5802010986601,280.07767476609547,262.7456788327597,267.50152587890625,7599600
2025-08-14,271.6106348009082,272.77473642075034,268.11839066814156,268.3372802734375,4481700
2025-08-15,267.56121333586907,268.33727093429417,263.86993737669474,266.4966125488281,5203300
2025-08-18,266.5463886698195,268.24774013451366,265.1634276439522,267.0936279296875,2697000
2025-08-19,264.96438850808204,267.60099253635417,262.4670612999594,264.5863037109375,3404900
2025-08-20,264.1186907557934,267.58111814640193,262.4770338518443,265.09375,3854700
2025-08-21,265.7902203133991,270.54606690687586,264.7952730732292,267.3522644042969,3266400
2025-08-22,268.36716279449956,270.97392002393775,265.02412387032336,265.1833190917969,5229300
2025-08-25,265.65095299186976,270.5461075080137,265.21317371142663,265.2629089355469,4301600
2025-08-26,266.62600002051096,273.3120473828287,266.0688319372664,272.5558776855469,4693500
2025-08-27,272.3171097255728,273.31205710438246,270.8545358641871,271.9688720703125,2705700
2025-08-28,271.1231530230978,275.27209683475286,270.7550273615381,274.60546875,3388100
2025-08-29,274.6054549724909,274.88403900213063,270.26749931618946,273.80950927734375,5037100
2025-09-02,272.5160431206954,274.1875471976494,266.65581966266893,273.99853515625,4081200
2025-09-03,274.51587858888655,275.91875774868504,272.2175530446191,274.5357666015625,4120400
2025-09-04,274.4362872655678,280.933291609109,274.4362872655678,280.84375,4591300
2025-09-05,280.8437708421132,282.9729726946539,270.48636553252715,277.81915283203125,4952600
2025-09-08,278.5852667029716,281.4905264156203,274.0980442980086,274.65521240234375,5008600
2025-09-09,273.98859815947515,275.67999038741937,271.91909072796585,274.84423828125,3073600
2025-09-10,276.1475902957098,282.05757924432584,275.4909518466455,281.9779968261719,3206400
2025-09-11,282.29640862203416,285.46033375176137,278.17731222178475,280.1373596191406,4016800
2025-09-12,280.13734511467027,282.0973924105422,279.2817050546007,280.2666931152344,3249700
2025-09-15,280.56518744708745,285.6593129108599,280.19706179368416,285.33099365234375,3716600
2025-09-16,288.40534263777107,293.2507306878482,287.3805482269542,291.48968505859375,5538400
2025-09-17,290.614141202202,291.23100364456576,285.05238966867716,288.0372314453125,4149600
2025-09-18,289.2411289013157,296.1460657790714,288.7436552378657,295.5888977050781,3977500
2025-09-19,296.28535925727823,301.4988732924955,293.8676142887146,299.6184387207031,9652600
2025-09-22,298.58368893073254,299.6283714438302,294.852636579124,299.4990234375,4192800
2025-09-23,300.1258531284885,304.22503123042947,299.6283794682843,304.08575439453125,3637400
2025-09-24,305.3493118802578,305.6975494983349,297.2803040741063,298.78265380859375,5645500
2025-09-25,296.99177402450647,298.7229726392212,293.38011040687127,295.6784362792969,4504500
2025-09-26,298.4145338633584,300.4740820440507,291.27081959733727,293.48956298828125,3817600
2025-09-29,295.22286256378715,296.786845825401,288.54858846723903,292.50335693359375,3860800
2025-09-30,293.5791995322827,300.3132713770274,292.78228126447715,299.665771484375,4112400
2025-10-01,295.2428215143738,301.07038167168326,293.8979952626124,299.7255554199219,3633300
2025-10-02,301.150037005904,302.27570607085073,295.66116909474846,298.301025390625,2508200
2025-10-03,298.3109958491034,301.58838098699397,294.326343416575,295.8604431152344,2817000
2025-10-06,294.66501668271434,298.14164638364946,293.6190576451895,297.07574462890625,2759800
2025-10-07,296.92631316409984,301.57837735700525,296.74701111993903,300.58221435546875,2578800
2025-10-08,302.2358516508586,303.5009981319476,298.4404730085566,301.3990783691406,2658600
2025-10-09,301.548509281697,302.8335681322886,294.96388609315807,298.201416015625,4292500
2025-10-10,297.85277689135916,298.84894002477506,290.37158203125,290.37158203125,3380000
2025-10-13,294.86423857396045,296.43816268743404,291.99528436159625,296.38836669921875,2604100
2025-10-14,293.7086743299514,301.13010031098236,290.88954661717275,298.9285583496094,2516500
2025-10-15,300.3830097083528,303.77992930148974,294.5853335558265,298.96844482421875,2773000
2025-10-16,300.5125094981572,301.8871889196472,296.6175084693959,298.68951416015625,2623100
2025-10-17,297.02593050697,301.7975293150592,296.1990982054472,298.9883728027344,3949300
2025-10-20,302.694050154078,304.25803323394786,300.51248132861946,301.5185852050781,5058700
2025-10-21,306.1209034527274,315.31549965921,301.8672980296153,305.4534912109375,6726600
2025-10-22,306.4197434500671,307.8143655634621,293.66883886928497,296.74700927734375,5212200
2025-10-23,298.00217523090294,305.9117124100897,297.5339773736796,305.21441650390625,3091000
2025-10-24,308.00366594045863,309.10939236990953,302.4052342803364,302.7040710449219,3586800
2025-10-27,306.310139983961,312.1277280439873,303.33162245061305,311.6396179199219,4244400
2025-10-28,310.9024522640393,315.45492408774373,308.2626266158833,308.601318359375,3058100
2025-10-29,308.8105504903855,313.91090052472987,307.8342997414351,313.0741271972656,3596800
2025-10-30,309.218986422297,313.6319815864425,307.3163112846,309.55767822265625,3782000
2025-10-31,310.54382963885854,313.71165093783196,306.00132899938365,307.7645568847656,4023800
2025-11-03,307.91399071945665,310.4940492526215,305.10480375112155,307.4358215332031,3297600
2025-11-04,304.6465549636273,308.0434742076113,301.9071069023963,303.03277587890625,3938200
2025-11-05,302.28566623721156,307.3561321203847,301.3392992529189,303.93927001953125,4711100
2025-11-06,302.56459422231546,306.84808289541553,300.2833724757061,304.0986633300781,3467800
2025-11-07,302.86344492750993,307.73469673857505,296.55774632106113,306.09100341796875,4766500
2025-11-10,308.75074661326164,312.5560963716996,307.73467135021764,310.7430725097656,3716400
2025-11-11,309.30861391836095,311.52009701167094,305.8718393812973,309.52777099609375,2682200
2025-11-12,309.5875462172283,311.25115185875245,300.841236002448,307.83428955078125,3884500
2025-11-13,308.79063460256515,310.1852567988789,301.4190036782936,303.0029296875,4153300
2025-11-14,299.8151874090832,305.6228044794453,295.1132967063002,303.6504211425781,2803300
2025-11-17,305.6427573759359,307.6350834960051,297.4044694131399,298.9784240722656,3076600
2025-11-18,294.6949046054144,299.92476066938207,292.6228988172364,294.8742370605469,4053600
2025-11-19,294.72478094243434,300.5125161442204,294.3661768420668,299.665771484375,2952600
2025-11-20,304.2281705644107,305.90171708873635,289.36543580238043,289.5048828125,3733900
2025-11-21,289.5048882341556,290.5907022637423,282.9501490242197,286.33709716796875,5604100
2025-11-24,288.36928053774665,293.6887873899985,286.26736076776274,292.9217224121094,11909200
2025-11-25,293.36004595311294,294.8443495653212,285.1118171408091,292.3140869140625,4693100
2025-11-26,294.07727904078337,297.46422725654367,292.3339937414452,295.48187255859375,4113700
2025-11-28,295.87039339989616,297.53396864770997,294.12710808483763,297.30487060546875,1376400
2025-12-01,294.6152089837737,295.2627088574877,286.92482936249746,287.3432312011719,3756300
2025-12-02,289.68420175481765,290.87960957078144,287.35318387412354,288.20989990234375,4255800
2025-12-03,286.93480152701676,288.23977263632486,283.40837596421966,287.383056640625,4059500
2025-12-04,287.74171261466086,293.40988298916693,286.55627611381084,290.7401428222656,4195300
2025-12-05,290.55090719172335,292.1547152039508,281.0674149438206,282.8505554199219,5220300
2025-12-08,283.90644389617626,287.73170601850916,282.2129547022172,286.0880432128906,4333200
2025-12-09,286.0980337106458,289.3355635506143,283.6773344490099,284.21527099609375,3553400
2025-12-10,284.35477921885854,284.78312207105233,280.23064924521725,282.5118713378906,5807400
2025-12-11,280.9976541294882,288.24971977195406,278.5670443047041,287.3133544921875,5971500
2025-12-12,289.8137048256359,302.84353436340643,289.58460678361917,298.6596374511719,9381900
2025-12-15,298.8489140648028,306.87798579063843,298.75926303864134,299.8251647949219,6808600
2025-12-16,296.5178690930542,300.24350881986334,295.72092048806775,297.5837707519531,5271300
2025-12-17,297.97230384121366,300.07422380621983,290.50108053521717,291.0589294433594,3802500
2025-12-18,294.8642698632318,301.15005642726396,294.28650865660484,300.5324401855469,4495100
2025-12-19,303.0626732689153,307.24653952970755,302.47494076086883,306.0312194824219,8856400
2025-12-22,308.4618747094605,315.1859751303535,304.75614703926016,313.52239990234375,6959900
2025-12-23,313.7913402539266,316.53078846249264,312.9545669946406,314.3193054199219,2724800
2025-12-24,314.77751338138484,315.9430373814707,313.9108564995035,315.53460693359375,878500
2025-12-26,315.385206091562,316.8395955327333,313.3331127812644,313.9308166503906,1882300
2025-12-29,312.49467203604894,313.15289514942083,310.4103140613288,310.7394104003906,2773200
2025-12-30,311.0984723099807,312.0857918172751,309.7221903087522,310.9488830566406,3155100
2025-12-31,311.2979331244195,312.5146126289133,307.03943311769603,307.1990051269531,2555700
2026-01-02,308.9143795688359,320.11409506970034,307.82732374171144,319.88470458984375,4340100
2026-01-05,322.9464172415671,328.5412681744522,322.54750243437053,323.445068359375,5628200
2026-01-06,325.04077773784167,331.8922396424385,320.59278758383573,326.6564025878906,4324700
2026-01-07,327.53401015681976,329.3690425987625,322.07876576814664,322.76690673828125,4656800
2026-01-08,329.2593143184022,329.2593143184022,309.43294176843426,313.5917053222656,5771700
2026-01-09,316.2545173715261,321.43051873724875,314.3397140015223,320.7224426269531,3508000
2026-01-12,319.3362103394308,323.6644986923148,318.5483329963531,323.2955017089844,4125300
2026-01-13,324.67173807884546,327.2048943372919,324.1232340107732,326.34722900390625,2783900
2026-01-14,323.9437226453613,325.41971048994856,315.5065237361564,318.0197448730469,3923600
2026-01-15,319.7251141333734,323.5747165177749,317.0922521065131,319.0768737792969,4044900
2026-01-16,320.85209817830525,324.6717526077579,317.84025617956263,324.242919921875,4109700
2026-01-20,320.8819931435597,323.0062517673434,308.82461281100126,311.49737548828125,10372200
2026-01-21,312.21545072582376,319.46582737686975,309.8219313302649,317.6407775878906,9783900
2026-01-22,305.0448331430554,309.1636962890625,294.04459058605136,294.20416259765625,13939000
2026-01-23,296.19877040753386,298.303063561442,289.28747306915125,293.07720947265625,7780200
2026-01-26,292.20956731150125,297.9241203183446,289.6564759158863,294.2640075683594,7844800
2026-01-27,294.71280703585785,299.81898984906604,293.8052583071841,296.6675109863281,7452200
2026-01-28,296.19877430943393,297.46533723615465,290.36454994053145,291.69097900390625,7541300
2026-01-29,292.5087432751761,298.3828682475336,289.54675431932645,298.0537414550781,6149900
2026-01-30,296.19877408448014,306.7701842297641,295.5804515469404,305.9623718261719,7427800
2026-02-02,304.77557138291496,308.8246160524838,300.2079100687073,307.8771667480469,6727200
2026-02-03,309.0540018945908,311.5871276391085,304.1871621546613,309.0938720703125,4588100
2026-02-04,309.17368689568383,310.9389009593701,301.18528596249786,307.5081787109375,6591900
2026-02-05,305.8825666639131,308.39578782963065,301.6839326846185,305.5434875488281,4461900
2026-02-06,309.8518490886484,322.3081448780506,309.38311579770107,320.134033203125,5800600
2026-02-09,320.1739468215189,323.61462158034607,315.53649709903345,315.8855285644531,4706400
2026-02-10,316.084963188767,319.20652395908144,315.02782528661714,315.4765930175781,4610600
2026-02-11,318.58820639109973,320.91190717246764,311.9162521036841,312.8836364746094,5241100
2026-02-12,316.92272133978906,324.0035737046292,310.81923617843273,312.0459289550781,6163900
2026-02-13,314.3696226827588,325.7986981720331,312.6841794120894,314.5591125488281,4393400
2026-02-17,314.15020372266326,329.50865203983255,313.65155260564313,326.1976013183594,5863600
2026-02-18,329.45879913243436,330.8949167844038,325.6191794439778,328.69085693359375,3988900
2026-02-19,327.15503778315366,334.97388375111785,324.69170001448356,333.8369445800781,4456700
2026-02-20,337.915896050899,343.37114038329275,335.88142144607536,342.2940673828125,5035400
2026-02-23,341.22694863955155,342.35390501829863,336.09084829128926,338.0754699707031,5045100
2026-02-24,337.0682413186596,345.86442444798075,329.8278169026887,344.70758056640625,6171900
2026-02-25,344.6776293449701,347.5399124787865,337.7463967005345,341.9649963378906,5030300
2026-02-26,341.68568509234325,343.05201464379695,333.90674026673446,339.92047119140625,4722400
2026-02-27,339.70111003216783,342.8725240928292,336.7590864608944,341.3367004394531,7055100
2026-03-02,340.52887661458,346.2633647403166,334.42536107862054,344.8072814941406,3981200
2026-03-03,339.760921188293,340.20971937220173,328.19220907061055,333.23858642578125,5891500
2026-03-04,335.6420346832848,339.332064903357,332.52050444243383,338.89324951171875,3920400
2026-03-05,335.67197393294833,340.88787559528566,319.92459350556703,326.10784912109375,4825400
2026-03-06,322.79682902173147,323.66447709984175,316.7531494542151,322.2383117675781,4677000
2026-03-09,319.4917669694269,321.5991254907336,309.7339106424785,321.5292053222656,5740100
2026-03-10,321.8588189958862,331.4668379040221,320.1509258788456,326.1134948730469,4146700
2026-03-11,323.8263711335781,325.79391986384024,320.79014715072594,324.7452087402344,3116000
2026-03-12,318.24331362504086,318.24331362504086,300.7551035031341,306.31817626953125,8007200
2026-03-13,306.98732577357026,309.1246761476353,298.6776766879311,299.31689453125,5770600
2026-03-16,303.39179637268995,305.31941669349754,299.77630813756195,303.62152099609375,6327200
2026-03-17,305.02977165768345,305.61903345679843,298.64771250529697,301.7138977050781,4787100
2026-03-18,302.4429967824996,304.59031393919133,299.80626894909636,300.5852966308594,3942400
2026-03-19,295.7313791850233,295.87118904395516,285.77379002359606,291.2469482421875,7128700
2026-03-20,289.63894787303263,293.0646701827757,281.93855541386404,286.4329528808594,10192400
2026-03-23,296.430493954651,299.4567206115587,289.808773412789,291.17706298828125,6473800
2026-03-24,287.3518102852004,292.15581969390774,284.9448069288042,290.2681884765625,5028200
2026-03-25,294.7326220562319,297.4991625787017,292.7251146474605,296.1907958984375,4456600
2026-03-26,291.2169912100566,293.6539560301898,282.32807714297377,284.8848876953125,5890800
2026-03-27,282.6376848555793,284.6152308482871,280.62021060574784,282.4579162597656,4161700
2026-03-30,283.71635763724106,284.35554502722067,270.4528916396187,272.9098205566406,8598600
2026-03-31,277.58399153095905,286.13333256081177,275.456638337951,283.4167175292969,7828800
2026-04-01,289.8486866671743,295.13210927270194,289.62895934294863,292.31561279296875,5242500
2026-04-02,284.53533426427185,288.75005121769277,278.9622641452004,280.8099670410156,5322900
2026-04-06,280.20071621197684,288.43047852443374,278.22320072607744,288.3305969238281,5062800
2026-04-07,285.1445758072592,289.73885527870493,282.7675338362302,288.24072265625,5280500
2026-04-08,309.5341834262042,312.7401786533707,304.9199094190215,307.6764831542969,6432900
2026-04-09,305.61903040438864,314.657750974515,303.7713275560271,312.6302795410156,5470800
2026-04-10,312.69021736362623,313.07974646297913,306.0385355586038,307.96612548828125,3685100
2026-04-13,306.0484969908723,311.7613769902997,303.9411385045844,311.5116882324219,3811500
2026-04-14,314.61782771112314,318.7426908087548,312.63028450084425,317.6040954589844,3530100
2026-04-15,316.04603888992466,318.183358769293,311.0123050879257,313.5391540527344,3993700
2026-04-16,313.1796154534072,313.5591472335197,297.4891523184113,297.91864013671875,7373300
2026-04-17,309.7439034935136,313.60908059739114,303.4717231007491,303.7513732910156,7733100
2026-04-20,303.50169609936177,305.08971300599467,298.03850463735955,303.2220458984375,5315200
2026-04-21,293.2144945937664,303.9211499644972,283.8561646384106,286.373046875,12891500
2026-04-22,286.29313274552834,287.44169497219156,268.5752276793647,275.946044921875,12777700
2026-04-23,276.14577178200346,282.58775399410507,273.01966362411673,281.9884948730469,8591100
2026-04-24,280.26064359405547,285.7737910486682,276.83492104311705,284.2456970214844,9672300
2026-04-27,282.4578977525505,284.5153306042842,279.7512802498572,284.2057189941406,5213300
2026-04-28,283.01720694796217,289.04969584156817,280.2007104584763,288.8399658203125,8417200
2026-04-29,286.8524325533501,289.5790448427004,279.2419238647909,283.21697998046875,9819400
2026-04-30,284.6551732145579,291.2070035971616,284.4753741494988,289.56903076171875,7603400
2026-05-01,288.69013620469093,291.396784346687,285.88363694095005,286.1533203125,3782900
2026-05-04,286.0434302148459,289.47914990499,279.06214241310255,280.1707458496094,6133100
2026-05-05,282.1283366893635,290.2981456598858,281.25939419549826,286.3230895996094,6401100
2026-05-06,300.0559779921962,307.9860956765103,299.48668028790286,305.4492492675781,9168300
2026-05-07,307.6265417171076,309.61405444215643,301.4841739953136,302.25323486328125,5477800
2026-05-08,304.0709900360618,305.029786358833,296.4604508803342,296.7800598144531,3952200
2026-05-11,295.66144925821374,302.69269317864365,292.4854155892309,300.3955383300781,4562000
2026-05-12,299.34687498198787,300.5353959702605,292.9348539319828,297.0797119140625,4393300
2026-05-13,295.6015196714406,298.02848701539034,290.94731769653566,294.34307861328125,4219900
2026-05-14,294.66270844522893,297.47920507075105,288.7201035594202,291.17706298828125,4686200
2026-05-15,287.1320758817647,287.95106232734224,280.95977706717105,281.17950439453125,5022500
2026-05-18,283.03720295265686,286.882385439526,281.6888775644737,285.6339416503906,4696200
2026-05-19,284.4354549913275,287.06218561047484,282.26814315406,284.9248352050781,5239400
2026-05-20,288.64021803236307,300.07597588672536,285.8237213925175,299.79632568359375,6098400
2026-05-21,298.1283871112589,302.5029391757558,294.3830556148863,301.38433837890625,4928300
2026-05-22,302.8724754145756,305.9186661906372,299.8762102002517,302.4629821777344,3502100
2026-05-26,305.96859986908464,314.5878603823855,305.96859986908464,314.09844970703125,5084200
2026-05-27,313.9086827831323,320.0810118176295,311.56163292820173,316.8150634765625,4788100
2026-05-28,316.37561713753706,321.91872579373023,313.8987241915454,320.42059326171875,5022600
2026-05-29,318.9324257102999,325.5142480849269,316.18584941748804,323.35693359375,9345400
2026-06-01,321.0797814834759,325.99363921555926,314.5279508543082,324.1958923339844,4633500
2026-06-02,322.5978884548521,324.6253600330785,316.2657849520193,317.324462890625,4827600
2026-06-03,313.0497728116425,319.15215129330005,310.6128081485732,314.248291015625,4127000
2026-06-04,316.27578467308024,329.0498402041472,315.8562941283583,327.2420959472656,4243400
2026-06-05,326.49300767681507,332.0760445423288,322.1284531464306,327.5916442871094,3951500
2026-06-08,329.15969253127463,331.60662399252953,320.6403136039217,321.6390686035156,3152100
2026-06-09,324.2458251386632,330.8975375164423,319.6215843197884,330.02862548828125,4825300
2026-06-10,329.0797797335522,330.1584522169907,317.8537831322463,318.3132019042969,3777800
2026-06-11,320.1609100808466,332.5055381049794,319.36191824842484,332.3457336425781,4451200
2026-06-12,334.14346889849986,336.44059319660784,328.06105463268335,334.8825378417969,4377500
2026-06-15,343.02244432308237,348.4656412198271,341.5342785281748,341.83392333984375,5252700
2026-06-16,343.6116857134471,352.4406764352244,343.6116857134471,351.2921142578125,5210300
2026-06-17,351.6716220524018,361.8788997672718,349.5642635509099,356.58551025390625,5029400
2026-06-18,362.39826835013537,364.2459712496083,356.65542693367746,357.19476318359375,7763400
2026-06-22,357.1947691850646,360.8302217021374,354.09862244738474,354.6778869628906,5426700
2026-06-23,348.8451633374838,359.4719317207853,347.33703345552203,356.0262145996094,4735200
2026-06-24,356.39574540101574,368.79029912530956,355.21722176698177,365.42449951171875,6453700
2026-06-25,367.1922715085387,379.1973261761022,366.0537066521721,370.89764404296875,7591800
2026-06-26,367.94135976171117,370.9775836928659,363.3670749761275,368.5406188964844,8360900
2026-06-29,367.3620994273791,375.5319086352474,367.0125290548068,373.2447509765625,6071500
2026-06-30,374.1436188412274,376.3508894717533,368.2809315087908,373.2647399902344,4887500
2026-07-01,374.56308985967905,376.2210268324063,370.91764017222425,374.47320556640625,3951400
2026-07-02,379.31718121704097,382.49321489599305,373.90391554572057,377.04998779296875,3274700
2026-07-06,377.1700134277344,380.2900085449219,373.8399963378906,378.67999267578125,4065400
2026-07-07,377.3999938964844,377.8999938964844,363.6300048828125,366.9800109863281,4263100
2026-07-08,360.1199951171875,363.010009765625,354.25,356.0299987792969,4214900
2026-07-09,361.5899963378906,362.260009765625,357.8699951171875,359.0400085449219,3045200
2026-07-10,356.80999755859375,360.69000244140625,353.75,359.2699890136719,2335100
2026-07-13,356.1700134277344,358.70001220703125,352.0299987792969,353.4200134277344,2668900
2026-07-14,355.010009765625,359.20001220703125,352.57000732421875,353.7300109863281,4416200
2026-07-15,355.6000061035156,360.6300048828125,353.3500061035156,360.3500061035156,5429300
2026-07-16,353.2200012207031,354.2699890136719,336.5299987792969,345.7300109863281,6883600
2026-07-17,346.989990234375,357.05999755859375,343.0199890136719,348.8299865722656,5596300
2026-07-20,353.79998779296875,357.1000061035156,339.8900146484375,341.29998779296875,3887100
2026-07-21,345.0,346.25,340.010009765625,340.70001220703125,3938600
2026-07-22,340.7099914550781,345.20001220703125,340.3699951171875,341.19000244140625,4200100
2026-07-23,340.0,349.7200012207031,338.6000061035156,349.0,3823600
2026-07-24,350.239990234375,359.989990234375,350.20001220703125,353.7300109863281,2958900
2026-07-27,359.8599853515625,365.5,356.05999755859375,361.6099853515625,3839200
2026-07-28,364.5799865722656,366.7699890136719,358.19000244140625,363.5899963378906,3625900
2026-07-29,362.70001220703125,362.70001220703125,348.8399963378906,350.6300048828125,3723000
2026-07-30,354.75,356.6199951171875,347.6600036621094,355.0400085449219,3187100
2026-07-31,356.239990234375,362.4200134277344,353.7799987792969,360.07000732421875,3151300
2026-08-03,363.7900085449219,369.95001220703125,360.9700012207031,368.92999267578125,3371900
2026-08-04,374.5199890136719,378.8500061035156,368.6000061035156,377.2799987792969,4183100
2026-08-05,379.3399963378906,384.510009765625,378.739990234375,381.2200012207031,3160800
2026-08-06,383.9700012207031,388.8399963378906,372.7900085449219,374.54998779296875,3552900
2026-08-07,376.3900146484375,377.80999755859375,368.44000244140625,370.0799865722656,2527700
2026-08-10,371.5199890136719,372.260009765625,364.8399963378906,366.70001220703125,3092000
2026-08-11,367.739990234375,372.55999755859375,366.4700012207031,368.05999755859375,2286100
2026-08-12,369.7900085449219,370.20001220703125,363.239990234375,365.3299865722656,2180800
2026-08-13,367.0,367.0799865722656,359.54998779296875,360.6400146484375,2738400
2026-08-14,362.5,368.69000244140625,361.510009765625,368.3800048828125,2966200
2026-08-17,367.8699951171875,372.3599853515625,366.760009765625,369.42999267578125,5515000
2026-08-18,366.8900146484375,375.5799865722656,365.0,375.0899963378906,4927900
2026-08-19,373.5199890136719,374.55999755859375,355.9800109863281,356.2300109863281,4923400
2026-08-20,353.0899963378906,354.5,343.55999755859375,344.6400146484375,6056100
2026-08-21,347.5400085449219,351.8599853515625,346.4100036621094,348.3699951171875,3546100
2026-08-24,346.5899963378906,348.489990234375,340.5400085449219,341.8399963378906,2664800
2026-08-25,345.95001220703125,350.0,344.2200012207031,349.5400085449219,3134800
2026-08-26,351.7799987792969,356.3900146484375,350.0,354.3900146484375,3035900
2026-08-27,352.7900085449219,353.5,339.6000061035156,342.7300109863281,5090900
2026-08-28,345.0899963378906,345.6300048828125,341.2699890136719,342.5799865722656,2537100
2026-08-31,338.8299865722656,339.75,333.7200012207031,335.7099914550781,4476600
2026-09-01,333.7099914550781,336.25,329.510009765625,331.0899963378906,3027200
2026-09-02,333.3599853515625,333.8599853515625,329.30999755859375,329.5,2691300
2026-09-03,331.54998779296875,334.44000244140625,329.32000732421875,333.4800109863281,2653100
2026-09-04,332.239990234375,337.2099914550781,332.239990234375,337.1199951171875,2511000
2026-09-08,338.1099853515625,342.7300109863281,332.0400085449219,334.9100036621094,3062100
2026-09-09,330.8800048828125,332.05999755859375,321.1600036621094,325.4200134277344,5020200
2026-09-10,322.3599853515625,327.5,321.79998779296875,324.1499938964844,3463400
2026-09-11,328.2900085449219,329.8800048828125,322.7699890136719,323.6600036621094,2528100
2026-09-14,315.20001220703125,318.4599914550781,312.0799865722656,317.55999755859375,5146000
2026-09-15,318.5400085449219,320.3599853515625,306.79998779296875,307.04998779296875,7273800
2026-09-16,310.17999267578125,318.5,308.67999267578125,312.8999938964844,4524600
