Date,Open,High,Low,Close,Volume
2010-01-04,25.981886767751657,26.4869630028394,25.89661432904993,26.46728515625,7841014
2010-01-05,26.342656858425503,26.53943797830138,26.29674011319182,26.519760131835938,6875372
2010-01-06,26.526321184138745,26.591913120616375,26.388573603659186,26.519760131835938,6281767
2010-01-07,26.526326993249256,27.129792589637926,26.290187473507842,27.031400680541992,10386277
2010-01-08,26.84119334598002,27.680801599988186,26.75592084012166,27.628326416015625,7241998
2010-01-11,27.752939702229895,28.290813367355273,27.7463813034736,27.97595977783203,5429243
2010-01-12,27.80541019247317,27.88412424045208,27.45776201227823,27.661104202270508,4785234
2010-01-13,27.654542582472928,27.877562616082574,27.44464199912777,27.759492874145508,4348467
2010-01-14,27.70701933887799,28.028431285322014,27.62830794315901,27.923480987548828,3640365
2010-01-15,27.903803671322056,28.080906970292606,27.687342018518812,27.96283721923828,6079619
2010-01-19,28.02187286068615,28.343284806823544,27.864447414176553,28.107145309448242,5539602
2010-01-20,27.923481778266417,27.989076380037577,27.484000070577164,27.785734176635742,4899201
2010-01-21,27.785739090854285,27.884131010912736,26.68375542768885,26.716552734375,7873379
2010-01-22,26.61159968203278,26.946128458563784,26.1393206384336,26.158998489379883,7347051
2010-01-25,26.427926246159352,26.677182479579944,26.29017868157924,26.382009506225586,3267691
2010-01-26,26.2705118097867,26.53944599972714,26.047489068513492,26.218036651611328,2945421
2010-01-27,26.33609706860358,26.486964105699414,25.870379162524653,26.408252716064453,6261287
2010-01-28,26.585366062117426,26.624721771833403,25.752319171645162,26.119647979736328,6264577
2010-01-29,25.25379332976447,25.693275021765608,24.650327794411037,25.345626831054688,16155087
2010-02-01,25.529289863615297,25.85726018865071,25.48993151285145,25.824462890625,5453862
2010-02-02,25.86381917731299,25.975330524193442,25.62112129055296,25.922855377197266,7477466
2010-02-03,25.817904834832557,25.935974578243535,25.535848599122527,25.719512939453125,4629777
2010-02-04,25.686713158168104,25.686713158168104,24.715919059080427,24.748716354370117,10260319
2010-02-05,24.748724080292966,24.86679384914995,24.059983319423534,24.578176498413086,9040639
2010-02-08,24.624092116359794,24.624092116359794,24.13869626538687,24.18461036682129,6619530
2010-02-09,24.51258334385357,25.083251652736667,24.433869283390802,24.807756423950195,7291023
2010-02-10,24.74216079711914,24.925825160486795,24.5125823343261,24.74216079711914,4242459
2010-02-11,24.67000814760531,25.155406639527452,24.460104877077487,25.076692581176758,4694931
2010-02-12,24.794641269124412,24.92583050756138,24.48634868297562,24.833999633789062,6051181
2010-02-16,25.011097279742913,25.562090362435203,24.978299977610444,25.529293060302734,6337159
2010-02-17,25.722991440548693,25.927929139031832,25.61060780489674,25.84198760986328,5006589
2010-02-18,25.828776931212648,26.410538326384057,25.769280157603106,26.34442901611328,5636273
2010-02-19,26.298132996234877,26.75428530247008,26.139472371652847,26.589012145996094,6168543
2010-02-22,26.721233524075462,26.77412040458262,26.443576732399055,26.54273796081543,4317269
2010-02-23,26.54274473174222,26.754294983791592,26.30475237072165,26.397306442260742,5520290
2010-02-24,26.516297752358792,27.005502101002357,26.476633258159442,26.827009201049805,5117585
2010-02-25,26.44357544169395,26.595626219251198,26.10641925336896,26.569181442260742,5989528
2010-02-26,26.56258076098228,26.727851308065457,26.384085144780666,26.549358367919922,4735042
2010-03-01,26.608846233184657,26.998889303854824,26.608846233184657,26.820396423339844,4824284
2010-03-02,26.912942516321053,27.098047892902144,26.7939463939514,26.893110275268555,4297001
2010-03-03,26.906336738179405,27.223657995209344,26.906336738179405,27.051774978637695,5885111
2010-03-04,27.084833020793205,27.250106202172308,26.939394762023912,27.223661422729492,3925494
2010-03-05,27.329449346874714,27.712880077505634,27.256727510880694,27.706270217895508,5837148
2010-03-08,27.699649196512997,27.759148619002747,27.402160112231368,27.42860221862793,3729713
2010-03-09,27.42198847388505,28.09629821816377,27.37571144918136,27.944250106811523,5880018
2010-03-10,27.878152071439484,28.09630954141636,27.831875028085417,27.990535736083984,5090632
2010-03-11,27.917796563545267,28.175621032714844,27.739303729525744,28.175621032714844,3744463
2010-03-12,28.29463554180839,28.512795673256495,28.069865551490068,28.380577087402344,5894237
2010-03-15,28.3673552939668,28.446686982369496,28.162417551978095,28.40702247619629,5204174
2010-03-16,28.519403029081992,28.545847814354346,28.195469127803563,28.446683883666992,6783795
2010-03-17,28.572283483408594,28.671447391744508,28.188852915776184,28.367345809936523,5434867
2010-03-18,28.373962431614345,28.77722797987072,28.288020900549714,28.711118698120117,5265296
2010-03-19,28.968948364257812,29.279659902051783,28.823507383726202,28.968948364257812,10285787
2010-03-22,28.783835714882596,29.081324784765414,28.697894190155953,28.79705810546875,5064315
2010-03-23,28.86978438365287,29.30610197252142,28.81689748427657,29.213550567626953,5877789
2010-03-24,29.239975505950547,29.782069251243325,29.12098205928374,29.405248641967773,8320227
2010-03-25,29.58374717180974,29.934123044522824,29.286255496733226,29.312700271606445,6394355
2010-03-26,29.372206123709265,29.742417030588626,29.31931923359161,29.48459243774414,4728039
2010-03-29,29.689509721564413,29.83495057640311,29.583736014074777,29.66306495666504,4583935
2010-03-30,29.75563243631338,29.93412531404819,29.451530882489863,29.715965270996094,5178070
2010-03-31,30.165507314187227,30.264671211979746,29.815128743864687,29.927515029907227,9465203
2010-04-01,30.086185038557,30.310955004647415,29.56392596241727,29.768863677978516,7116252
2010-04-05,29.934133913219497,30.17212626927068,29.801918019012323,30.046520233154297,4461373
2010-04-06,30.046521245202197,30.24484643122104,29.980411957843916,30.053131103515625,4207865
2010-04-07,30.079568373636143,30.251451407401067,29.80191157694747,29.914295196533203,5299041
2010-04-08,29.887847649786572,30.152282008929472,29.7556291321877,30.07295036315918,4464556
2010-04-09,30.19194547670397,30.396883101656503,29.99362038304153,30.258054733276367,3999881
2010-04-12,30.317550485886873,30.522488086175102,30.271273476644698,30.403491973876953,3433548
2010-04-13,30.39027086081828,30.456380112201174,30.0927819056498,30.185333251953125,3957010
2010-04-14,30.277903827357694,30.654724658710542,30.25807157455853,30.62828254699707,4856225
2010-04-15,30.608443469837148,30.760494275471636,30.47622491258009,30.720827102661133,3546029
2010-04-16,30.700997863348494,30.747274898135295,29.9605786870392,30.291122436523438,8342936
2010-04-19,30.046511684339603,30.317558605838453,29.868016130058706,30.244836807250977,5167777
2010-04-20,30.44977526171686,30.694380088740665,30.225005355954476,30.661325454711914,4931460
2010-04-21,30.734055297778117,30.892715990816548,30.502672778881273,30.866273880004883,4791601
2010-04-22,30.621665416008977,31.375309641656163,30.324176316559278,31.36208724975586,7599391
2010-04-23,31.547197341918945,31.58686184739003,30.87288469257311,31.547197341918945,8154052
2010-04-26,31.613294736522956,32.016557526516316,31.586849958791312,31.910783767700195,6062641
2010-04-27,31.88433353445126,31.88433353445126,30.958806690712475,31.03152847290039,7509512
2010-04-28,31.243082154095557,31.322413806790394,30.747265345876745,31.1042537689209,5241845
2010-04-29,31.388537570766058,32.09590494788302,31.295986155358197,32.076072692871094,6058078
2010-04-30,32.04961404105791,32.148777949286846,31.381914138793945,31.381914138793945,5802236
2010-05-03,31.60669297223462,32.082677725126956,31.56702846817897,32.0694580078125,4315890
2010-05-04,31.63971698165961,31.70582620844448,30.72741553934616,30.97863006591797,7727790
2010-05-05,30.423332164622302,30.615047430082676,30.01345685692179,30.330778121948242,6161540
2010-05-06,30.07956528268005,30.55554984298039,26.43035210441415,29.286256790161133,10433286
2010-05-07,28.882991361003068,29.497804248654965,28.334285055244496,28.770605087280273,9199068
2010-05-10,30.20518324258057,30.681167991411687,29.98041326142279,30.456398010253906,6633537
2010-05-11,30.172117124587036,30.813374855163342,30.125842779864694,30.310945510864258,4831925
2010-05-12,30.522510950296677,31.071214913574135,30.44978911671105,30.985273361206055,4349953
2010-05-13,30.958808922366636,31.031530709796673,30.49604680516648,30.53571128845215,2990626
2010-05-14,30.271286719483733,30.344005854352286,29.570532124068485,30.066349029541016,9060588
2010-05-17,30.09278478966512,30.284500031416286,29.51102385695209,30.039897918701172,7273089
2010-05-18,30.281498994133255,30.680814759795645,29.635936306195838,29.762388229370117,7891737
2010-05-19,29.462895646172484,29.66920907988875,28.817335734167994,29.19002914428711,7952859
2010-05-20,28.271598130980138,28.54446458847373,27.619381401853865,27.8123836517334,10044482
2010-05-21,27.22006670776073,28.318186913109184,27.133548260418966,27.998735427856445,11787519
2010-05-24,28.051984178167114,28.398058051870315,27.779117617588703,27.845670700073242,6815736
2010-05-25,27.00709542952488,27.839005952277912,26.687643987107617,27.8123836517334,8202759
2010-05-26,28.051974779709898,28.611016174847517,27.912214430925495,28.025352478027344,9042018
2010-05-27,28.7241608209867,28.950439639972355,28.384741245498233,28.897197723388672,6116653
2010-05-28,28.857274556257437,28.970415342545046,28.225022926105755,28.46461296081543,4831925
2010-06-01,28.11187413578354,30.98695373370476,27.839010329407042,27.885595321655273,5416191
2010-06-02,28.091914482246757,28.591059898548238,27.91887754827667,28.571094512939453,5354857
2010-06-03,28.617679255153234,28.903856936731426,28.51784964339199,28.79071617126465,3676974
2010-06-04,27.98542100987742,28.218356714624452,27.20675507467251,27.33320426940918,5902408
2010-06-07,27.373129605866577,27.419717276393566,26.607774972737904,26.62108612060547,5590750
2010-06-08,26.601120658935162,26.953848565150224,26.161871638872988,26.90726089477539,8575539
2010-06-09,27.03371723949269,27.572793222551475,26.58115699658488,26.627744674682617,10924065
2010-06-10,27.14685851581635,27.59941881267278,27.04037469091593,27.45965576171875,7707947
2010-06-11,27.120239600369604,27.539520681898143,26.93389155501698,27.499589920043945,7046004
2010-06-14,27.519550211639263,28.078591550290927,27.519550211639263,27.639345169067383,6445396
2010-06-15,27.9255219860974,28.650945938296932,27.81903548709791,28.644289016723633,5728168
2010-06-16,28.338137992168498,28.617661268216438,28.29155302450925,28.451278686523438,5541725
2010-06-17,28.531154284067213,28.557773891381437,27.9920755812243,28.384737014770508,6912724
2010-06-18,28.464598749177622,28.591047934466882,28.284904965851485,28.564428329467773,9172433
2010-06-21,28.897202995270845,29.13013878008775,28.38474642389002,28.571094512939453,5637122
2010-06-22,28.69088381770339,28.804024572358045,28.032012753475474,28.085254669189453,5044472
2010-06-23,28.06529533346812,28.171779187835185,27.619391836038112,27.845670700073242,5342548
2010-06-24,27.692593739999303,27.80573449692746,27.2200680242652,27.28662109375,5500128
2010-06-25,27.36648370554507,27.845663622422144,27.2466887263258,27.685937881469727,6654335
2010-06-28,27.832354202424543,27.865630737279467,27.35983117911258,27.419727325439453,3202430
2010-06-29,26.940542849527844,26.980473607032643,26.002148496008825,26.175188064575195,8040085
2010-06-30,25.682698763745325,26.56119434567829,25.64942223226167,25.97553062438965,8712427
2010-07-01,25.9488967168683,25.9488967168683,25.216818739663342,25.656064987182617,8529061
2010-07-02,25.682688159456724,25.975519899191884,25.409821791564184,25.642757415771484,5412796
2010-07-06,26.04873479438788,26.18849513226258,25.53627842616772,25.76255989074707,5829826
2010-07-07,25.782527437101432,26.747541427612305,25.76256205772846,26.747541427612305,6300868
2010-07-08,27.066998225757196,27.186793219649417,26.72758132141269,27.106931686401367,4181761
2010-07-09,27.180134774636738,27.51955432036229,27.02040903889166,27.466312408447266,5304028
2010-07-12,27.373124312363153,27.532852667847184,27.066981440706982,27.166810989379883,3154254
2010-07-13,27.566146636864755,28.018704311218258,27.49293663840919,27.85232162475586,4980697
2010-07-14,27.719216645975884,27.97211508267355,27.546177045154273,27.74583625793457,3741067
2010-07-15,27.785764045208367,27.992074751340674,27.100268093391712,27.8123836517334,5540982
2010-07-16,27.57279506849273,27.652659280004247,26.674334138571524,26.747541427612305,5854232
2010-07-19,26.907266796039288,26.98713100648057,26.641057251267654,26.85402488708496,4217946
2010-07-20,26.45471320268658,27.466315013040347,26.354883598121805,27.419727325439453,4662248
2010-07-21,27.592753396003882,27.90555054561824,27.193437828538343,27.37312889099121,5192502
2010-07-22,27.71256392701195,28.471264740254846,27.685944311014545,28.391403198242188,6163980
2010-07-23,28.830634970799117,29.196676728646846,28.284902141586848,28.950429916381836,8646954
2010-07-26,28.917153937649452,29.43626448027995,28.85725781073937,29.209985733032227,5783560
2010-07-27,29.442932397052537,29.482863163238182,28.857268587569155,28.90385627746582,6743472
2010-07-28,28.950430186965765,28.950430186965765,28.61766764346765,28.777393341064453,4390701
2010-07-29,28.91716003345351,29.030300777937256,28.11187175288947,28.431325912475586,7447966
2010-07-30,28.304876118118806,28.65094987891276,27.82569623578268,28.524497985839844,4708832
2010-08-02,29.056919198831803,29.229956059736683,28.8372946618312,29.103504180908203,4797756
2010-08-03,29.003677797533395,29.01698894845912,28.63098442975053,28.710845947265625,5356555
2010-08-04,28.86391912322062,29.389686716137156,28.7840576010701,29.2698917388916,5066544
2010-08-05,29.056923493573247,29.396340343811318,29.02364696201779,29.36306381225586,3363300
2010-08-06,28.950438854310054,29.316480725166638,28.650952744901833,29.1301326751709,3469945
2010-08-09,29.329780680871504,29.3497460565082,29.056916955144533,29.209985733032227,2234347
2010-08-10,28.977061945274183,29.07689154912608,28.59771160585294,28.897197723388672,3619672
2010-08-11,28.331490622260464,28.418009046873156,27.659308601189686,27.82569122314453,5828977
2010-08-12,27.386446526512657,27.639347613229376,27.326550389511617,27.47962188720703,3647581
2010-08-13,27.366483788503526,27.62603912859545,27.33320725561842,27.499589920043945,3434184
2010-08-16,27.306578734012337,27.532860183714845,26.960505026023856,27.406408309936523,3105335
2010-08-17,27.87227983614722,28.630980307419467,27.719208357589935,28.21169662475586,6414835
2010-08-18,28.33437242934535,28.414808904416716,27.972400151279118,28.260635375976562,4288831
2010-08-19,28.079644389662974,28.079644389662974,27.121087328389986,27.328886032104492,6429691
2010-08-20,27.05406001150756,27.3154839454294,26.84626129120446,27.24174690246582,4752551
2010-08-23,27.32889467330934,27.51658432204511,26.906594998715317,26.920001983642578,3347276
2010-08-24,26.60495116513639,26.618355435844006,25.954740926042387,26.370338439941406,7154029
2010-08-25,26.102206946991252,26.2094600956111,25.525733822703227,26.021770477294922,8131874
2010-08-26,26.276492091118207,26.383745249977302,25.854192444651822,25.941333770751953,4859090
2010-08-27,26.182644302937387,26.604946593031986,25.733530762619996,26.57813262939453,4385395
2010-08-30,26.423967123173227,26.645172893211846,26.02847867696248,26.048587799072266,3113931
2010-08-31,25.96813925487431,26.3368135581706,25.666494423020257,26.182640075683594,7143842
2010-09-01,26.537903951091387,27.556788040196423,26.44405782871613,27.40261459350586,7083887
2010-09-02,27.456257782017428,28.160093307495117,27.456257782017428,28.160093307495117,7023614
2010-09-03,28.39470351601379,28.991288589383164,28.39470351601379,28.70305061340332,6022317
2010-09-07,28.475129951676614,28.60919160545593,28.046125604705963,28.10645294189453,4879995
2010-09-08,28.086354680476898,28.50195220860874,28.086354680476898,28.280746459960938,4053150
2010-09-09,28.676225272769788,28.77007142002652,28.02601794238495,28.133268356323242,4328836
2010-09-10,28.260635843040788,28.749970403748975,28.1064623120526,28.69634246826172,4813036
2010-09-13,29.031499573897662,29.219189182488517,28.88402819807103,29.024797439575195,4463707
2010-09-14,29.011407199043425,29.353270515061446,28.857233599925813,29.18568992614746,5206721
2010-09-15,29.065011613516308,29.24599634909613,28.924245105084378,29.205778121948242,5218606
2010-09-16,29.05160443407438,29.40016963607026,29.03149532063836,29.31302833557129,4639539
2010-09-17,29.42029341521815,29.547655719492266,29.18568335696146,29.37337303161621,6566260
2010-09-20,29.520838577035832,29.768855595447963,29.27952369458578,29.701826095581055,4916074
2010-09-21,29.728637352844743,29.835887808730238,29.420290257112413,29.701826095581055,5173613
2010-09-22,29.58116110285893,29.70852064753361,29.078422344996678,29.279516220092773,4683895
2010-09-23,29.212494348703675,29.4672162414959,28.884038099429578,28.97788429260254,5252669
2010-09-24,29.292919703399804,29.822472361848725,29.292919703399804,29.80236053466797,4301883
2010-09-27,29.835881910539126,29.835881910539126,29.292924889070196,29.386768341064453,4308674
2010-09-28,29.4605136916752,29.708530730953267,28.957774763177532,29.621389389038086,4870869
2010-09-29,29.426992414503694,29.688416394340244,29.319741968429486,29.520835876464844,4378603
2010-09-30,29.72861573183941,30.090587792259722,29.29290937580017,29.453784942626953,5766900
2010-10-01,29.64148560601545,29.969941707671715,29.507421226544054,29.594562530517578,5154194
2010-10-04,29.594564956507437,29.855988889858015,29.098531053264374,29.232595443725586,4259967
2010-10-05,29.527543664132924,30.318517817717943,29.487322707790526,30.171049118041992,6805655
2010-10-06,30.171047758343963,30.734113987608303,30.1643429092147,30.64697265625,5900604
2010-10-07,30.740819197162867,30.740819197162867,30.204564217882382,30.48609733581543,4566108
2010-10-08,30.546419509943654,30.760920360803222,30.2782907329546,30.66707420349121,3813650
2010-10-11,30.61346043371561,30.734117885778055,30.439177748893815,30.5732421875,3360753
2010-10-12,30.43247550562642,30.613460326377705,29.99676879509962,30.533023834228516,3817045
2010-10-13,30.747511519875165,31.29047117507774,30.64696323458473,31.10948371887207,5052112
2010-10-14,31.08938832604722,31.102795312686112,30.653681610900456,30.94862174987793,4227815
2010-10-15,31.21003572178859,31.303879171189294,30.787733415948534,31.16311264038086,5056251
2010-10-18,31.176510686956597,31.518373714315768,31.035744196494345,31.504966735839844,4630201
2010-10-19,31.035742569596696,31.391009843394652,30.646956494658998,30.941896438598633,7879003
2010-10-20,31.062560643053647,31.699363736478634,31.008935433581637,31.10948371887207,9824295
2010-10-21,31.310585480781583,31.67925987455869,31.089379759149367,31.283771514892578,6316679
2010-10-22,31.263675947838234,31.739600984622395,30.39896451764059,31.67927360534668,7554717
2010-10-25,32.0077199693703,32.362990137310504,31.79992120512656,31.860248565673828,5225397
2010-10-26,31.78649324470461,31.81330719619686,31.431226024619587,31.692649841308594,4225162
2010-10-27,31.263638948081883,31.605501832972696,31.008917316848255,31.56528091430664,4301352
2010-10-28,31.82002125212617,32.02781995711804,31.25695519391049,31.572004318237305,3458697
2010-10-29,31.42454463281509,31.6457504007695,31.243559822116765,31.578718185424805,3286367
2010-11-01,31.458061520700685,31.7530016474831,31.210044488506423,31.370920181274414,4666068
2010-11-02,31.55189712571477,31.773100111536852,31.458050968019393,31.665849685668945,3104593
2010-11-03,31.76640302583097,31.90716957133033,31.3306964056151,31.79991912841797,3453391
2010-11-04,32.15518081416655,32.85901612931515,32.07474435306241,32.85231399536133,8570764
2010-11-05,32.845620274675,33.073530894115194,32.678042448330174,33.03330993652344,8223026
2010-11-08,32.82550350464321,33.10033444045165,32.678034834744935,32.919349670410156,6059033
2010-11-09,33.066815133828854,33.066815133828854,32.678031665965584,32.85901641845703,6864336
2010-11-10,32.832211058961626,32.832211058961626,32.49705002990335,32.73166275024414,4832774
2010-11-11,32.50374837654227,32.65121702909649,32.108260069415316,32.38309097290039,4611419
2010-11-12,32.202107601927395,32.30935803803173,31.63904145567218,31.85354232788086,5285989
2010-11-15,31.940690885291506,32.22222402222456,31.85354954703054,31.90047264099121,3389722
2010-11-16,32.14178156206312,33.180775291917165,32.14178156206312,32.470237731933594,14727316
2010-11-17,32.71508119684596,33.133294515882135,32.492483168537824,32.93093490600586,9458412
2010-11-18,33.34915887967881,33.70666527839015,33.26146904308843,33.55152130126953,5026645
2010-11-19,33.48406577001143,33.58524697660433,33.140050759793404,33.5785026550293,4973800
2010-11-22,33.31543180533044,33.76062804057759,33.07260072214388,33.490814208984375,4654501
2010-11-23,33.18727946549809,33.67294722294153,33.10633665958778,33.457096099853516,5030465
2010-11-24,33.6122367557347,34.02370325926753,33.54478260389437,34.00346755981445,5382659
2010-11-26,33.58525938349038,33.92253019672615,33.423371031434556,33.81460189819336,1679368
2010-11-29,33.57851280800606,33.760636850545616,33.180534913369364,33.679691314697266,4055591
2010-11-30,33.47056309253322,33.75387092141222,33.119803879200184,33.531272888183594,4384228
2010-12-01,34.00345197740654,34.55657358462787,34.00345197740654,34.32048416137695,5410143
2010-12-02,34.29350770417068,34.731956805138324,34.13161943546589,34.52959442138672,5557324
2010-12-03,34.462141352407876,34.765684937362444,34.24629032083558,34.70497512817383,3944277
2010-12-06,34.59031065935282,34.67800049584866,34.367712541941934,34.516109466552734,3299737
2010-12-07,34.826403376225336,35.0287658322045,34.60380522074729,34.691497802734375,4704269
2010-12-08,34.691486537003634,34.95455600605014,34.489124146739734,34.6510124206543,3957329
2010-12-09,34.84662152913819,34.920819960956784,34.57006075909411,34.630767822265625,3133031
2010-12-10,34.74545248508499,35.2715914714848,34.65101560209353,35.06248474121094,5674474
2010-12-13,35.23112512971306,35.345794993424974,35.00177994129941,35.07598114013672,3649703
2010-12-14,35.25808826173317,35.622338837073286,35.07596433930991,35.433467864990234,5335014
2010-12-15,35.062490272714285,35.44697672577849,34.63752969319942,34.76569366455078,9810394
2010-12-16,34.76569188373269,36.033823773835046,34.76569188373269,36.027076721191406,7059268
2010-12-17,35.74375915527344,35.9798485758525,35.33903716477461,35.74375915527344,8233532
2010-12-20,35.905662799219215,35.946136926967284,35.63584893337391,35.68981170654297,3634422
2010-12-21,35.92588266998967,36.182207777484905,35.7370144123551,36.108009338378906,3181419
2010-12-22,36.054051574032414,36.24966690894691,35.89890762413632,36.236175537109375,2896184
2010-12-23,36.10801962931421,36.18221808956707,35.85169444876524,36.040565490722656,1948475
2010-12-27,35.77751360910357,36.081054651766316,35.689823731845806,36.01360321044922,1674487
2010-12-28,36.168733211411265,36.168733211411265,35.790991088173456,36.09453201293945,1635861
2010-12-29,36.19571086078451,36.22943793138238,35.90565859974178,35.952877044677734,1519772
2010-12-30,35.88541809455247,35.95287222670882,35.6290929384572,35.72352981567383,2283903
2010-12-31,35.710033154908785,36.00008533412892,35.56163627053611,35.85843276977539,1726271
2011-01-03,36.08103995623555,36.70836295249381,36.054059936796655,36.566707611083984,4031503
2011-01-04,36.60044182526193,36.61393320286143,35.73703461632462,36.074302673339844,5295433
2011-01-05,35.878666265737294,36.86348983595416,35.84493920671668,36.67462158203125,4679650
2011-01-06,36.796044951088156,36.80278927188664,36.22943189770495,36.66788101196289,3522259
2011-01-07,36.82303390414801,36.883743728049666,36.296894839309935,36.627418518066406,3039969
2011-01-10,36.65439007342319,36.65439007342319,36.02032561307259,36.35759353637695,3635059
2011-01-11,36.54646954867655,36.66788645453083,36.2226929533949,36.425052642822266,2789539
2011-01-12,36.74207028363089,36.964668310795645,36.53296635568044,36.91070556640625,3888567
2011-01-13,36.829765255119014,36.99165624150872,36.70160406051329,36.823020935058594,3157438
2011-01-14,36.74883216622053,37.11982720757799,36.67463370404797,37.11308288574219,3789456
2011-01-18,37.11982616836982,37.268225819055004,36.81628527584705,36.93770217895508,3486180
2011-01-19,36.984908166225274,37.0523622869364,36.47226067151218,36.65438461303711,3997334
2011-01-20,36.58693796315433,37.66619857337737,36.39806694679116,36.816280364990234,7892480
2011-01-21,37.16705397277181,37.23450812821002,36.71511331573206,36.755584716796875,4854952
2011-01-24,36.816291090400924,37.52455692547296,36.742089888092124,37.34917449951172,3450208
2011-01-25,37.24799714929836,37.40314115089364,36.89049069418877,37.35592269897461,2568290
2011-01-26,37.48408355089264,37.834842948872975,37.20077830336931,37.61899185180664,5560295
2011-01-27,37.747152903826056,37.79437135500035,37.34243073367584,37.72017288208008,4048587
2011-01-28,37.565014306851175,38.44191245700272,36.823021674073246,37.315433502197266,9833314
2011-01-31,37.274972815497435,37.78087615966797,36.93095777692293,37.78087615966797,5915142
2011-02-01,37.98995936266733,38.44864670660312,37.834815475371954,38.408172607421875,3985874
2011-02-02,38.15187095661731,39.008536386135575,38.15187095661731,38.7252311706543,4685168
2011-02-03,38.563331604003906,38.920837935798815,38.468897463234136,38.563331604003906,4302095
2011-02-04,38.58357244359954,38.65102658050289,38.124887589250264,38.52960968017578,2936189
2011-02-07,38.630788211773286,38.73196941012523,38.428425815069396,38.536354064941406,3102895
2011-02-08,38.62405255564461,38.772449495456605,38.536362710166166,38.71174240112305,3352158
2011-02-09,38.536360239708095,38.81292113398631,38.408196275728564,38.67801284790039,3163486
2011-02-10,38.590321620537274,38.873626826735695,38.495884731474675,38.76570129394531,3666151
2011-02-11,38.66452583533836,39.17042923474196,38.502637512067835,39.10972213745117,2453580
2011-02-14,38.93432760664383,39.14343157132124,38.583565610764644,38.8533821105957,3055568
2011-02-15,38.68476225511081,38.752216407020605,38.40820132447872,38.6982536315918,2042068
2011-02-16,38.77491772219088,39.073449872321696,38.523882444167754,38.808841705322266,2920590
2011-02-17,38.747776645242276,39.03273588037535,38.59172688637506,38.917396545410156,3014714
2011-02-18,38.97167235928749,39.36518721170924,38.917394543313314,39.34483337402344,3880396
2011-02-22,38.78169755725155,38.992025118246204,37.960741150395634,38.15071487426758,3897162
2011-02-23,38.218568931011056,38.66636165851402,37.26191646201494,37.75041961669922,5367803
2011-02-24,37.411173385273074,38.40853336429347,37.35689557142529,38.32033157348633,4676467
2011-02-25,38.442462049352116,39.00559958655846,38.40175437058974,38.86311721801758,3739370
2011-02-28,38.713845425643925,39.40588954533011,38.6799214519542,39.290550231933594,5059859
2011-03-01,39.41267835852989,39.480526309990275,38.26605237314676,38.29997634887695,4746609
2011-03-02,38.39496333798678,38.48316512274608,37.35689300993214,37.68934631347656,7063407
2011-03-03,38.14392508068403,39.0327293641743,38.14392508068403,38.869895935058594,4001579
2011-03-04,38.863109998354,38.910604112377904,37.87253652529064,38.34068298339844,4155339
2011-03-07,38.53065441577311,38.99201989666043,37.8046863412886,38.12356948852539,4431767
2011-03-08,38.17786664205595,39.066671334982665,37.8318457890917,38.8766975402832,4125520
2011-03-09,38.65278296732598,38.97166888408798,38.184636502990024,38.47637939453125,5140506
2011-03-10,38.36103346102882,38.36103346102882,37.60792518505579,37.852176666259766,5529734
2011-03-11,37.83183190464212,38.32711868111102,37.63507173629278,38.177852630615234,3420920
2011-03-14,37.80468457036441,38.17106181165545,37.40438335785556,38.001441955566406,4550509
2011-03-15,36.94302176634247,37.96751913677154,36.766618209229705,37.682559967041016,5087448
2011-03-16,37.56044884677642,37.66222080316111,36.46131666140773,36.86161804199219,5861129
2011-03-17,37.37724585418193,37.797903677765596,37.19405859316909,37.45866394042969,3845590
2011-03-18,37.88610988268271,38.34747268359222,37.69613615688585,37.89967727661133,5624070
2011-03-21,38.49673916756585,38.992028733508675,38.42889120657543,38.70028305053711,3630814
2011-03-22,38.7342145785196,38.849556683965346,38.340696877384204,38.361053466796875,3579349
2011-03-23,38.252497876022446,38.85634324308665,38.198220041945675,38.74100112915039,2760888
2011-03-24,38.944532617849944,39.16843032836914,38.60529557670056,39.16843032836914,2627926
2011-03-25,39.161653333555215,39.28377638226355,38.93096913994195,38.9377555847168,3294113
2011-03-28,39.60945234876425,40.08438546133823,39.41269485503619,39.56874465942383,6289089
2011-03-29,39.58229167505406,40.4575285166596,39.21591716678347,40.437171936035156,5479542
2011-03-30,40.62036310625575,40.627146802368834,40.30147995309849,40.430389404296875,3768021
2011-03-31,40.44396615945836,40.67464756870583,40.41004218047173,40.51181411743164,3412112
2011-04-01,40.681426278840895,40.722136696495895,40.08436761759213,40.20649337768555,5010622
2011-04-04,40.335408015313455,40.57965680380774,40.08437003714651,40.18614196777344,4990672
2011-04-05,40.09115471369336,40.36254377030329,40.036876902371375,40.06401443481445,2800468
2011-04-06,40.22686657145207,40.362562536064054,39.75193344174723,39.92833709716797,3725044
2011-04-07,39.819762673174566,40.13864584270295,39.555157314644475,39.68406677246094,4921167
2011-04-08,39.98259934865003,40.030093467038604,39.21592348960147,39.55516052246094,3377731
2011-04-11,39.58909084945127,39.860479969975394,39.29734514175592,39.52802658081055,2913374
2011-04-12,39.33804203311075,39.4601650354957,38.876676567324765,39.0327262878418,4010598
2011-04-13,39.080222210338185,39.10735974109294,38.63921330426125,38.88346481323242,3278939
2011-04-14,38.639213912518855,39.08700652172471,38.20498869568613,39.01237487792969,3286685
2011-04-15,39.04628428845086,39.27018188276347,38.747755078178955,39.18198013305664,5122148
2011-04-18,38.747779846191406,38.8359816522778,38.22535270766565,38.747779846191406,3350354
2011-04-19,38.77492095131797,39.08702052354344,38.537455796058886,38.98524856567383,3301966
2011-04-20,39.61621945632644,40.35576047919366,39.1955643545285,39.85368728637695,5810619
2011-04-21,40.708560478615226,41.45488506695179,40.301475587902274,41.19706344604492,10228060
2011-04-25,41.06136649930031,41.197062374821336,40.85103899081685,40.9256706237793,5332785
2011-04-26,41.12242785870344,42.06550979614258,41.10207402673002,42.06550979614258,6791329
2011-04-27,42.13337156566644,42.13337156566644,41.570236794976985,41.69914627075195,5871847
2011-04-28,41.65843087738769,41.848404580377746,41.38025539227035,41.39382553100586,5350188
2011-04-29,41.45488903976465,41.739848215929136,41.38704109373775,41.5430908203125,4350695
2011-05-02,41.84162357123874,42.25549223098217,41.59737204405684,41.753421783447266,4382742
2011-05-03,41.76022394857573,41.96376514695324,41.563466449783874,41.92984390258789,4273762
2011-05-04,41.80769106823063,41.96373802935744,40.857822686018785,40.9256706237793,6729571
2011-05-05,40.62715845236593,41.3802670336095,40.24721368593321,40.81034851074219,4861849
2011-05-06,41.251350778382914,41.84840948841223,41.12922500831164,41.35312271118164,4269306
2011-05-09,41.45488259936848,42.07229496728272,41.3259704233708,41.80768966674805,3432911
2011-05-10,41.95018119041922,42.051950376222045,41.64486539370276,41.902687072753906,4468482
2011-05-11,41.80090601472087,41.9773095601821,41.359897151067806,41.57701110839844,3551971
2011-05-12,41.597384353992915,41.65844588064043,41.115664853659155,41.29206848144531,5928300
2011-05-13,41.373475315351506,41.54987889503733,40.912109783035106,41.05459213256836,3953933
2011-05-16,41.007103499923716,41.34634056473884,40.70857411388425,40.78998947143555,4703844
2011-05-17,40.64071654719966,40.78997983172654,39.81297654694753,40.016517639160156,5348915
2011-05-18,40.18916203511626,40.72820277677832,39.725179487225844,40.63267517089844,5841710
2011-05-19,40.91924317914966,41.02841518627215,40.34608599871124,40.59172439575195,3861507
2011-05-20,40.51667240074457,40.60537500926098,39.95034014929125,40.25056457519531,4277582
2011-05-23,39.656938028235814,40.20280087311551,39.58188261209786,39.9025764465332,4331170
2011-05-24,39.902590926343755,40.09364340568515,39.41131391147489,39.74565505981445,3947248
2011-05-25,39.61598954373023,40.44842941944556,39.4454065832038,40.16867446899414,3966879
2011-05-26,39.800217023425894,40.05267759596443,39.44540667433504,39.91621398925781,4183034
2011-05-27,40.18233574547717,40.55761562817218,39.963988927048746,40.38703536987305,3033390
2011-05-31,40.91243024778359,41.00795785366347,40.22327864264036,40.63267517089844,3520561
2011-06-01,40.509850497139006,40.62584472961337,39.17930859712605,39.254364013671875,4847099
2011-06-02,39.33623490941315,39.718336877221475,39.11788816577857,39.540931701660156,3350990
2011-06-03,38.7494409021952,39.51365056455065,38.660738290889356,39.06331253051758,4258376
2011-06-06,38.967784482488355,39.34306430513992,38.73579326917593,39.19977569580078,4975179
2011-06-07,39.41129291134179,39.43858729186036,38.749433185081514,38.790374755859375,3356402
2011-06-08,38.59250554555163,38.73579693046493,38.1626396769035,38.2581672668457,4818766
2011-06-09,38.258149943334956,38.74260160314587,38.11485862330479,38.52425765991211,3441294
2011-06-10,38.415100167113565,38.415100167113565,37.787359667569426,37.88970947265625,3406488
2011-06-13,38.060296136016674,38.26499578070239,37.78054105975861,38.012535095214844,3342714
2011-06-14,38.42874279540105,39.23389118534033,38.38097900629475,39.022369384765625,4498937
2011-06-15,38.66072922359175,38.804017811169565,38.18992465355893,38.244510650634766,4285753
2011-06-16,38.18993208921709,38.59250355077913,38.046643473740694,38.449214935302734,3569586
2011-06-17,38.85178486541077,38.89272643818706,38.026167101829124,38.10804748535156,5595631
2011-06-20,38.16945362696959,38.660727579763474,38.04663444826367,38.50379180908203,2913586
2011-06-21,38.86542854478914,39.54093267121857,38.74260936161744,39.44540786743164,5123315
2011-06-22,39.24753959353656,39.37718101138101,38.851787601014514,38.89955139160156,3766217
2011-06-23,38.421918042979414,38.58567604363187,37.88970246933637,38.55155944824219,5010728
2011-06-24,38.59250355077913,38.72896995105396,38.31957351225991,38.449214935302734,3759850
2011-06-27,38.578847608000174,38.851777565073924,38.31273986409216,38.749427795410156,3401183
2011-06-28,38.91320027562886,39.84799014902276,38.701678459298634,39.83434295654297,5255640
2011-06-29,39.929870889776126,40.19598149675154,39.697879647672806,39.998104095458984,3850365
2011-06-30,40.11409508413869,40.90559628456527,40.09362567790848,40.65995788574219,4125733
2011-07-01,40.591740477858906,41.246775542143475,40.359749180303055,41.06937026977539,4008582
2011-07-05,40.721373206173304,41.055714264989355,40.503029152265164,40.57126235961914,4351226
2011-07-06,40.59854235554052,40.905588917757335,40.434781611130454,40.72818374633789,4101857
2011-07-07,41.18535844455624,41.383233088572005,41.028422620121475,41.23994445800781,3055355
2011-07-08,40.714549476649395,40.816899283875415,40.393855623632376,40.62584686279297,3061404
2011-07-11,39.99809711326348,40.277852102916015,39.67740331215992,39.78657531738281,3636863
2011-07-12,39.58187630113209,39.77975089486946,39.0291885670687,39.08377456665039,4875962
2011-07-13,39.41129374461066,39.75928191241488,39.15883314861116,39.2952995300293,3591658
2011-07-14,39.37035879645301,39.561411196770855,38.81084878738581,38.89955139160156,2965476
2011-07-15,39.090606916471934,39.12472351789961,38.65391607541604,39.06331253051758,4285435
2011-07-18,38.844957815970645,38.879074408022696,38.35368110004498,38.59931945800781,2988928
2011-07-19,38.776734081321536,39.30212751733173,38.76308688876909,39.18613052368164,3034557
2011-07-20,39.32258848011279,39.438585448851036,38.920014339471656,39.12471389770508,3996167
2011-07-21,39.37717862310788,39.950335789298755,39.27482883321342,39.71834182739258,4798499
2011-07-22,38.91319064710533,39.049657014075684,37.88287344332087,38.48332214355469,11390120
2011-07-25,38.10806101339534,38.67439339855765,38.07394440498573,38.41510772705078,4206804
2011-07-26,38.435570189994394,38.483331220074916,37.71229937927577,37.76006317138672,4286178
2011-07-27,37.548539691992005,37.60995067370075,36.4772834777832,36.4772834777832,9309533
2011-07-28,36.66832642449456,37.159603103417204,36.074699977124766,36.16340255737305,8591774
2011-07-29,35.61073297758739,36.74340036830183,35.47426656101419,36.231651306152344,6568170
2011-08-01,36.85255428657348,36.87302368659418,35.60389326501657,36.204341888427734,6502910
2011-08-02,35.904125124593534,36.20434949941317,34.92839383490721,34.935218811035156,6999102
2011-08-03,35.01709431105538,35.24226326906298,34.04136584239554,35.201324462890625,8577873
2011-08-04,34.51217627232571,34.73052027429893,33.19528176009573,33.22257614135742,11027845
2011-08-05,33.720666690581474,33.96630501239676,32.23318957247124,32.73811340332031,17175590
2011-08-08,31.564517396868155,32.32872696955897,30.179389617888727,30.2203311920166,14066223
2011-08-09,30.875369828855202,31.932978956263213,29.85869951862732,31.90568733215332,12652883
2011-08-10,31.189229489672723,31.284754280443185,29.394705769532273,29.490230560302734,15808941
2011-08-11,29.838227891381297,30.923131324260524,29.449300870997508,30.45232391357422,11169508
2011-08-12,30.834435679553966,32.05580302261006,30.45233078792584,31.98756980895996,10923853
2011-08-15,32.13767298333257,32.62212477590796,31.960267790329738,32.226375579833984,8932190
2011-08-16,31.892049461156645,32.089924151406954,31.26430601674172,31.407594680786133,8867142
2011-08-17,31.698317741402345,32.21379320785628,31.237826065035414,31.60896873474121,6249296
2011-08-18,30.55051265384519,30.564259291569044,28.955975013960064,29.388973236083984,13939734
2011-08-19,29.07968276020498,30.16561682148446,28.94909668609092,28.99720573425293,12037843
2011-08-22,30.04879495820677,30.131269250243328,28.605461461670863,28.82539939880371,8487782
2011-08-23,29.038464970519424,30.35120964050293,28.818527015610165,30.35120964050293,7089829
2011-08-24,30.316848281179,30.894179574221045,30.110656943859073,30.80483055114746,5428288
2011-08-25,30.928526026738652,31.279049974587842,30.282464680014726,30.742956161499023,8013026
2011-08-26,30.454293501780864,31.53335315512323,29.931943495554155,31.258434295654297,6720975
2011-08-29,31.73956271199253,32.344387334192334,31.615848458262626,32.30315017700195,4290528
2011-08-30,32.22065545726775,32.76362404670351,31.808275764440108,32.50244903564453,5771357
2011-08-31,32.962947477497046,33.29972489997589,32.529949126663304,32.8598518371582,6014359
2011-09-01,32.811731151110834,33.23786023958994,32.14505119756411,32.22065353393555,5674474
2011-09-02,31.58147284154286,31.84264790951445,31.120981203189878,31.237823486328125,4171468
2011-09-06,30.296221924171647,31.07287242338517,29.828855569358954,30.962902069091797,5529628
2011-09-07,31.58834757285655,32.323760986328125,31.389030984798662,32.323760986328125,5392528
2011-09-08,32.069453823035985,32.50245212432894,31.423389553458986,31.56772232055664,4423278
2011-09-09,31.148473287932188,31.5264878423319,30.516155605235006,30.736093521118164,6298852
2011-09-12,30.316835273709227,30.72921498925854,29.63640860394499,30.337453842163086,7943945
2011-09-13,30.37869438760029,31.086614416170825,30.15875925653895,30.632997512817383,7564480
2011-09-14,30.88043201618085,31.70519170246705,30.186258491945125,31.21033477783203,5280683
2011-09-15,31.60896109878694,32.06945266391033,31.444006986216756,32.05570602416992,4757857
2011-09-16,32.296273255694,32.646794601980844,31.828906823714306,32.392494201660156,6159736
2011-09-19,31.739548949239936,32.722387838600994,31.69831180993061,32.5230712890625,6666114
2011-09-20,32.633034354998486,32.78424181524026,32.09006856094922,32.13130569458008,3890477
2011-09-21,32.083196529549056,32.358115389799245,30.832308064478465,30.83917999267578,4675936
2011-09-22,29.746378656792793,29.904458071099324,28.522983264871137,28.84601402282715,12521089
2011-09-23,28.708547020038107,29.54018105353836,28.61919804695909,29.162166595458984,8109166
2011-09-26,29.5539362953217,30.158760717191008,29.00409565888071,30.103776931762695,7530099
2011-09-27,30.94915693763527,31.58147184251444,30.81856801670152,31.02475929260254,6440939
2011-09-28,31.09349031607715,31.416521095476988,30.37182361869796,30.426807403564453,5929255
2011-09-29,31.11408897750272,31.47835666691546,30.151869184833718,30.928516387939453,5462139
2011-09-30,30.25497704050966,31.16908824618789,30.1175189889427,30.17937469482422,5819533
2011-10-03,29.931947754754898,30.234359934281393,29.086566925048825,29.086566925048828,10252573
2011-10-04,28.653557893404855,30.028160218402498,28.330527265142056,30.00754165649414,7424515
2011-10-05,30.17250414852277,30.598630526867776,29.732631129743964,30.495534896850586,6063914
2011-10-06,30.399308551480473,31.00413563853479,30.03504069569712,30.969770431518555,6173000
2011-10-07,31.217201219663867,31.780785650365182,30.95602618260483,31.265310287475586,5687951
2011-10-10,31.84951776807431,32.57805635690289,31.84951776807431,32.41310501098633,3683341
2011-10-11,32.24815755277647,32.804870151208426,32.04884097132878,32.55744171142578,4372555
2011-10-12,32.83235275409985,33.78770098674862,32.80485947766579,33.32720947265625,6020195
2011-10-13,33.05228625071229,33.07290481596978,32.3993501793882,32.914825439453125,5020490
2011-10-14,33.36845890312642,33.987030029296875,33.31347511215106,33.987030029296875,3970593
2011-10-17,33.83581772656616,33.83581772656616,32.68115271526035,32.78424835205078,4631156
2011-10-18,32.81173563883095,34.24132220822413,32.241279291877426,33.904544830322266,6127371
2011-10-19,33.82208223947863,34.20696881708099,33.402827658947835,33.55403518676758,4810702
2011-10-20,33.60214384905327,33.91830276331226,32.88735171744746,33.30660629272461,5950053
2011-10-21,34.516254187059126,35.341013882585834,34.26195100884246,35.24479293823242,9503086
2011-10-24,35.14856470743657,35.801501005647175,35.12107420492634,35.581565856933594,6722249
2011-10-25,35.272275209909985,35.66403639115179,34.743055966275676,34.853023529052734,5877577
2011-10-26,35.107327728664,35.60218459776837,34.79804357655275,35.32726287841797,5808603
2011-10-27,36.61938484836758,37.471637634034956,36.49567064457207,37.162353515625,7878473
2011-10-28,37.00427932783932,37.231089197196276,36.77059752813987,37.03177261352539,5745252
2011-10-31,36.46816878875019,36.66061335496687,36.00767732813923,36.014549255371094,4243201
2011-11-01,34.956126079166864,35.76026717101532,34.64683911773103,35.1898078918457,6859349
2011-11-02,35.75339359971607,36.37883664245477,35.75339359971607,36.04893112182617,5173720
2011-11-03,36.52316506253591,37.251703667071126,36.090166726860744,37.07300567626953,6092884
2011-11-04,36.68122019833648,37.196695258566685,36.46815713634592,37.07985305786133,4280872
2011-11-07,37.072995763469876,37.14859809732684,36.34445735373562,37.08674240112305,3933771
2011-11-08,37.588475028721504,37.677824009743546,36.77745948888615,37.56098175048828,4754886
2011-11-09,36.557540483897014,36.85995276679476,36.04206493845407,36.31011199951172,5560189
2011-11-10,36.866823854627235,37.17611084411028,36.653760596957845,36.81184005737305,5954829
2011-11-11,37.38916053137778,38.358255518336335,37.38916053137778,37.65720748901367,5329602
2011-11-14,37.588483429832465,37.794674716193995,37.37542021345538,37.602230072021484,4613010
2011-11-15,37.41666302465978,37.93901324968969,37.127997405761235,37.65034484863281,4837867
2011-11-16,37.140320262783746,37.638569658042876,36.82199675024039,36.877357482910156,4261877
2011-11-17,36.76662936242376,37.14031636969785,36.053858953552115,36.399864196777344,5503205
2011-11-18,36.669751933604495,36.80123332102828,36.20610335527961,36.50366973876953,3404048
2011-11-21,35.59021611697632,35.68017766270174,34.71135778423801,35.50025177001953,5469779
2011-11-22,35.33417431605498,35.62481891807667,35.05737060013712,35.26497268676758,4926897
2011-11-23,34.88436246380643,34.88436246380643,34.01242595806731,34.04010772705078,5191335
2011-11-25,33.81867106448913,34.5798863012628,33.78407304581195,34.005516052246094,1893189
2011-11-28,35.17500533609796,35.763216286938835,35.1265664445594,35.7493782043457,5250016
2011-11-29,35.963893597644244,36.47598096701172,35.65248639075043,35.68016815185547,4689201
2011-11-30,36.662830783984056,37.50016635345237,36.600548213733596,37.47248458862305,5399743
2011-12-01,37.28564512008798,37.85309332695323,37.26488519561173,37.486328125,3835615
2011-12-02,37.721606594569366,38.31673648392442,37.403280327740795,37.458641052246094,3834236
2011-12-05,38.16451483943615,38.441318604464854,37.527861978021754,37.85310745239258,4886574
2011-12-06,38.05378102047574,38.116060796993416,37.48632998423503,37.78389358520508,3258565
2011-12-07,37.45867187791552,37.54171443362665,36.84970060598888,37.32719039916992,4692809
2011-12-08,37.154162922070824,37.46557020960734,36.46907137146066,36.58671188354492,4797013
2011-12-09,36.704366294239165,37.52786133273399,36.64208369740849,37.36869812011719,3983221
2011-12-12,37.2579680511289,37.278727978222754,36.25455009881734,36.600555419921875,3626145
2011-12-13,36.766648116654814,37.27873860292265,36.01235467695375,36.19919967651367,5015397
2011-12-14,35.98465551519416,36.15765952862668,35.59020860555264,35.673248291015625,5088191
2011-12-15,36.17151487066241,36.538282993924064,35.83242852325271,36.26839828491211,5508299
2011-12-16,36.579801695506156,37.168012801986364,36.35143685628781,36.74588394165039,7523838
2011-12-19,37.015750695999756,37.112634060203284,36.0538557023521,36.18533706665039,3879122
2011-12-20,36.87736079334659,37.687014732708725,36.86351990862887,37.61781311035156,4162979
2011-12-21,37.534787744563744,37.65242830652997,37.01577537859788,37.500186920166016,4899414
2011-12-22,37.569373967840946,37.87385662223342,37.40328895478683,37.81157684326172,4263469
2011-12-23,37.88078133151846,38.060704441581926,37.72853719157079,38.0468635559082,2165267
2011-12-27,37.91538248945654,38.17142627120355,37.811580047808285,38.02610397338867,1392223
2011-12-28,38.08837347293733,38.143737001185706,37.32716137552424,37.35484313964844,2406677
2011-12-29,37.49323848863097,37.98456872619043,37.31331544983666,37.915367126464844,2612433
2011-12-30,37.90154934862487,37.991510922856826,37.555543940324796,37.610904693603516,2222781
2012-01-03,38.254461804973076,38.7250294264421,38.21986099740349,38.462066650390625,4892728
2012-01-04,38.39979320245887,38.503595649837585,38.164509335806244,38.42747497558594,3884640
2012-01-05,38.275222544957664,38.60046790205822,37.87385372884301,38.46898651123047,3050474
2012-01-06,38.55894011536502,38.55894011536502,38.08836977950161,38.18525314331055,4064186
2012-01-09,38.39977578573738,38.57969882576129,38.0468487452172,38.503578186035156,2749427
2012-01-10,38.91879940484727,39.444730640713644,38.82883785150587,39.154083251953125,5849245
2012-01-11,38.932645466497625,39.20944920541492,38.79424219642298,39.071048736572266,3718465
2012-01-12,39.27863603433197,39.67308296437196,39.07795304911057,39.576202392578125,3181526
2012-01-13,39.27171475514006,39.32707547889925,38.87726784758657,39.23711395263672,2611372
2012-01-17,39.67307565321784,39.929122119399814,39.47239270497931,39.55543518066406,3282334
2012-01-18,39.54851638952685,40.30973120517447,39.47239574833128,40.268211364746094,4216567
2012-01-19,40.29590878368175,40.524273613110225,40.06754395425329,40.48275375366211,4241079
2012-01-20,40.43431319024272,40.43431319024272,39.29249181213734,39.707698822021484,6767347
2012-01-23,39.7561283634111,40.4135408953093,39.65924778453072,39.87377166748047,3582745
2012-01-24,39.569283275177256,39.91528851803157,39.4377990979325,39.88068771362305,2809806
2012-01-25,39.659257490452035,40.35819004131768,39.09872540025361,40.212867736816406,3900239
2012-01-26,40.69035478648688,40.766478261790695,39.79073918045847,40.01910400390625,4851344
2012-01-27,39.52777336830749,40.628074821138355,39.32016847494866,40.32358932495117,6481157
2012-01-30,40.10212837279564,40.330493108843974,39.79072395180665,40.26129150390625,3944489
2012-01-31,40.4066239587643,40.53118631886516,39.86685466540439,40.16442108154297,3657555
2012-02-01,40.57963417594146,41.06404280516256,40.57963417594146,40.78723907470703,3672836
2012-02-02,40.78722660831876,40.98790960171537,40.51042016123568,40.84950637817383,3430789
2012-02-03,41.26472565450578,42.06746061618595,41.17476409850851,42.032859802246094,5998442
2012-02-06,41.56229026828176,41.88061664350609,41.520770411072235,41.735294342041016,4132418
2012-02-07,41.50693023974062,41.7352950607893,41.18168481645737,41.631492614746094,3061192
2012-02-08,41.569209479333054,41.70069369641607,41.25088590404945,41.430809020996094,3450738
2012-02-09,41.43080404343815,41.583045369687845,41.28548175884292,41.444644927978516,3381339
2012-02-10,41.11939724149192,41.12631908446109,40.66267045601693,41.0571174621582,3880396
2012-02-13,41.38927668433109,41.71452482851119,41.070953183481066,41.61764144897461,2901277
2012-02-14,41.410037994384766,41.58303922124945,41.043270015068074,41.410037994384766,2337172
2012-02-15,41.59688077099741,41.59688077099741,40.69726541293109,40.8287467956543,3296448
2012-02-16,40.82876150378918,41.22320859528532,40.801082529617425,41.15400695800781,2386834
2012-02-17,41.43081025670217,41.700694940171665,41.361608624853815,41.58997344970703,3363300
2012-02-21,41.85293001268347,41.92905347703976,41.299319842151846,41.444644927978516,2369537
2012-02-22,41.11248476800844,41.39621034428654,40.946402528686605,41.18168640136719,2683848
2012-02-23,41.07234119618447,41.26036461238383,40.6196964074075,41.08626937866211,3872119
2012-02-24,41.086260985005566,41.55283386094236,40.98876936537801,41.27428436279297,2736906
2012-02-27,40.912175197189136,41.713010474006786,40.87735614954926,41.573734283447266,3734170
2012-02-28,41.58766778730822,41.87318288692625,41.45535708068764,41.608558654785156,3234052
2012-02-29,41.594623708971824,41.921920490341726,41.4553503421311,41.48320388793945,4817918
2012-03-01,41.32999516015846,41.91495052842755,41.29517611977111,41.86620330810547,4245642
2012-03-02,41.85925470230831,41.93585548935707,41.518029683118456,41.608558654785156,2899049
2012-03-05,41.64337822311184,41.72694451295547,41.1002043863782,41.155914306640625,3641744
2012-03-06,40.647565014901915,40.75898487048228,40.07653473142708,40.229736328125,5287899
2012-03-07,40.14616681424365,40.36204380908442,39.90939895198279,40.208839416503906,6182020
2012-03-08,40.97485680956751,41.51106796922513,40.64059446543419,41.4275016784668,4378816
2012-03-09,41.64336848915214,41.901027162501734,41.34392809009701,41.62944030761719,3454452
2012-03-12,41.650333041551995,41.72693663398586,41.18376289981545,41.26732635498047,3937061
2012-03-13,41.5807099407504,42.0960274614519,41.35090473397528,42.04031753540039,4718594
2012-03-14,42.061193862202465,42.4720568913098,42.005483955413254,42.14476013183594,3458484
2012-03-15,42.15173406307241,42.416358305121825,41.93585705956105,42.374576568603516,2853738
2012-03-16,42.33279817079613,42.36065172437175,41.93586036696622,42.04031753540039,5409294
2012-03-19,41.94978479966875,42.339757066036064,41.873184010564465,42.102989196777344,2414848
2012-03-20,41.84532065615737,41.84532065615737,41.31607508490982,41.4205322265625,3413598
2012-03-21,41.364814558116485,41.65032674530222,41.23946657541827,41.41355895996094,4013676
2012-03-22,41.09324119402085,41.65730589149798,40.65452170140536,41.608558654785156,5641472
2012-03-23,41.67818510715996,41.94280926532107,41.323032002641,41.89406204223633,4353242
2012-03-26,42.339747815795164,43.07094213186006,42.31189145189774,43.02219772338867,5271875
2012-03-27,43.070949248914424,43.1754064024412,42.68097982220764,42.68794250488281,3107245
2012-03-28,42.59741706903544,42.68794604582132,41.942823362876005,42.30493927001953,2903506
2012-03-29,41.87316865077908,42.36063239547828,41.6503262293544,42.270103454589844,2894486
2012-03-30,42.63918771162698,42.75757020169437,42.36759805099186,42.51383972167969,2848857
2012-04-02,42.17957349397393,42.75060348526462,42.040297336313,42.56258010864258,3193729
2012-04-03,42.41635299315755,42.70186806770997,42.04030895488606,42.22136688232422,2706663
2012-04-04,41.859251482028235,41.94281776440709,41.63641182088427,41.887107849121094,3073819
2012-04-05,41.67123504882026,41.78961757358622,41.42053899544527,41.4275016784668,3113082
2012-04-09,40.89127081532283,41.1001850321032,40.29935002001043,40.31327819824219,4919894
2012-04-10,40.14616065215014,40.243652291446374,39.394072627066556,39.40103530883789,7289219
2012-04-11,39.88850281168466,40.1322361606908,39.58209686427394,39.749229431152344,5277818
2012-04-12,39.83278429346256,41.002697914459745,39.75618352787741,40.940025329589844,4947059
2012-04-13,40.80772194538276,40.842538175037845,40.382930680574766,40.43864059448242,2886846
2012-04-16,40.793804528267174,40.870405327743825,40.28544966788518,40.3899040222168,3523002
2012-04-17,40.75897181259227,41.190725728821114,40.36899962409542,41.03752136230469,5433594
2012-04-18,40.80772542435101,41.05842146775781,40.626664665090644,40.89825439453125,3820229
2012-04-19,40.8495144568775,41.030572429586165,40.12528256604284,40.3899040222168,4821950
2012-04-20,41.68514584893916,42.13082787908349,41.33695826042901,41.35784912109375,8942695
2012-04-23,41.086279199652836,41.260374474989135,40.76594502059412,41.225555419921875,4924032
2012-04-24,41.44838312148244,41.95673779565916,41.26732521509349,41.7338981628418,4058774
2012-04-25,42.10995015903556,42.3676088858028,41.90800135105854,42.116912841796875,3660951
2012-04-26,42.04031490760747,42.590454268966674,41.970676799670855,42.479034423828125,3276816
2012-04-27,42.66009744068685,42.792408170131736,42.45118309207872,42.68098831176758,4197360
2012-04-30,42.520823905822176,42.625281086753056,42.01943169247447,42.242271423339844,3558338
2012-05-01,42.116914927494676,42.80633049210191,41.921928792622936,42.4302864074707,3103744
2012-05-02,42.10298450637021,42.28404243439174,41.79657856518765,42.22833251953125,4313025
2012-05-03,42.22136703435303,42.39546228017033,41.82443212900936,42.109947204589844,3550061
2012-05-04,41.88710908239365,41.935853497891735,41.2325126254356,41.30215072631836,2807047
2012-05-07,41.18377334174212,41.524998387246924,41.0932443630939,41.448394775390625,2890772
2012-05-08,41.1768195409553,41.420552993679415,40.79381264843265,41.34395217895508,3259944
2012-05-09,40.793799014828814,41.128058541314324,40.50131840552897,40.647560119628906,4218371
2012-05-10,40.98182085578556,41.155916126114754,40.64059581728039,40.786834716796875,2866472
2012-05-11,40.54309448942979,41.2255444037048,40.45256553422594,40.77289962768555,3117114
2012-05-14,40.362035938193394,40.80075252516206,40.04170184981974,40.494346618652344,3933241
2012-05-15,40.43168674254914,40.77291180156884,39.93725727264903,40.02778625488281,3212935
2012-05-16,40.36633306656364,40.695767690080444,40.01586828638659,40.0509147644043,4089654
2012-05-17,40.00183754992407,40.142023421420674,38.852320780661,38.887367248535156,5071319
2012-05-18,39.09763977560145,39.23782563475354,38.53689917630402,38.71213150024414,5248955
2012-05-21,38.77522657361108,40.02988589847096,38.77522657361108,39.973812103271484,4830439
2012-05-22,40.191097695056555,40.44343118314085,39.89670673408367,40.14904022216797,4209457
2012-05-23,39.63736352979186,40.457448752527554,39.30792894364552,40.38735580444336,4227921
2012-05-24,40.471455688965996,40.56958692845676,39.623335186020846,40.14202117919922,3069150
2012-05-25,40.24016206977809,40.34529865543237,39.56727089772033,39.777549743652344,2505894
2012-05-29,40.17007193836348,40.24717305235449,39.81960717056447,40.09296798706055,3956692
2012-05-30,39.75652515550109,39.75652515550109,39.32195111392747,39.39204406738281,3744675
2012-05-31,39.39204625730392,39.42008173785748,38.39672853275485,39.013545989990234,5410037
2012-06-01,37.99720159911458,38.2214996339606,37.70982444126633,37.807952880859375,6345648
2012-06-04,37.681787945635456,37.74487274631343,36.83366707830351,37.289268493652344,6083333
2012-06-05,37.1490738361539,37.506546723122604,37.01589894214923,37.35234451293945,4089866
2012-06-06,37.70280055044889,38.31260681152344,37.51355189690777,38.31260681152344,5062405
2012-06-07,38.768213770064726,39.41306659359464,38.69812082513221,38.81026840209961,5177752
2012-06-08,38.81026476657565,39.27287702487077,38.67708988606587,39.24483871459961,3181101
2012-06-11,39.721474717958635,39.73549103740255,38.58597409236957,38.64204788208008,3241056
2012-06-12,38.803259952616415,39.31493504202699,38.57896196304586,39.28689956665039,2940646
2012-06-13,39.08364116269063,39.13270396576838,38.43878818834997,38.635047912597656,3184815
2012-06-14,38.824291092842124,39.11868205582032,38.36868974661754,38.705135345458984,4541277
2012-06-15,38.92241811261996,39.286899149829594,38.86634432515013,39.27988815307617,5295963
2012-06-18,39.06961906147878,39.30793340965433,38.908405830031086,39.167747497558594,2384181
2012-06-19,39.399059781600194,39.75653277783431,39.31494765386497,39.65840148925781,3379111
2012-06-20,39.72147992454555,39.84063567930715,39.27288671074939,39.6303596496582,3678354
2012-06-21,39.81260148515223,39.94577640280775,38.82429475075592,38.852333068847656,4354409
2012-06-22,38.782234749909705,39.062603705510114,38.628029696345706,38.90840148925781,3619566
2012-06-25,38.38972078132622,38.43177542126107,37.61870107954401,37.65374755859375,4967751
2012-06-26,37.72384115336548,37.80795327196685,37.036933557172,37.331321716308594,5278242
2012-06-27,37.429470066793144,37.941145498169085,37.415450901079716,37.85002517700195,3480662
2012-06-28,37.22617240202297,37.57663424144097,36.59533882122161,37.092994689941406,6989339
2012-06-29,38.11634892321759,39.15371816097817,37.86401548196349,39.13970184326172,5168520
2012-07-02,39.20980276704964,39.385032309996284,38.29158906673167,38.66307830810547,4557725
2012-07-03,38.529903504706795,39.20980287208157,38.35467112397889,38.9644775390625,2556405
2012-07-05,38.831304551237416,39.51820927555326,38.76121159548209,39.31494140625,2942450
2012-07-06,38.76121115718025,38.82429311425953,38.07430360331978,38.47383117675781,3212829
2012-07-09,38.3686855518806,38.75419390464539,38.11635208966436,38.6981201171875,3039863
2012-07-10,38.78222900144947,39.37100513959538,37.46448801216924,37.646728515625,5693256
2012-07-11,37.66074823095019,38.08130302692709,37.49252404271038,37.63972091674805,4020679
2012-07-12,37.366366590473696,37.82897896693652,36.959830848877175,37.569637298583984,3976005
2012-07-13,37.61169682358943,38.347670122732296,37.56964217928838,38.25654983520508,3413492
2012-07-16,38.10933461521793,38.29858324696661,37.56962135088161,38.18643569946289,3081460
2012-07-17,38.284574154697985,38.50186114907711,37.7518717454153,38.22850036621094,3660527
2012-07-18,39.46914269181731,40.997159901368946,39.181762735701106,40.77987289428711,8906086
2012-07-19,40.82893115287938,41.08827274762329,40.27519865789208,40.61865234375,6188705
2012-07-20,40.47146987915039,40.93408225652652,40.205120049569736,40.47146987915039,3781179
2012-07-23,39.78456834279012,40.450448692318886,39.56728127990376,40.261199951171875,3743614
2012-07-24,40.240170805535726,40.331291091091934,39.20279834517485,39.728492736816406,3569692
2012-07-25,39.93175875996013,40.4083903244326,39.483168351956216,39.81260299682617,3181632
2012-07-26,40.54857383358777,41.123330968981826,40.21913637100196,40.47146987915039,3267266
2012-07-27,40.8009049028211,41.71911866851105,40.5275440725431,41.36164855957031,3819168
2012-07-30,41.21443907507969,41.57892290824557,40.77285698486601,40.927059173583984,3317670
2012-07-31,40.75884034604449,41.07425857621832,40.660711932377225,40.68874740600586,3144598
2012-08-01,40.93407354821725,41.102294905424806,40.49248858424421,40.65370178222656,3812801
2012-08-02,40.37333794052994,40.4153925758028,39.74250422487819,40.17707824707031,3384098
2012-08-03,40.969134615866864,41.452774382130045,40.93408813263131,41.291561126708984,2933005
2012-08-06,41.55790006146233,41.70509695471452,41.102298736572266,41.102298736572266,2181821
2012-08-07,41.354625531309814,41.670043746475294,41.00416368510385,41.053226470947266,4152473
2012-08-08,40.84997866475059,41.43174691955916,40.772877531538036,41.305580139160156,2917619
2012-08-09,41.23547925911675,41.501831930497396,41.09529618124827,41.33361053466797,2009915
2012-08-10,41.14435869019276,41.37566488113939,40.96211813667409,41.36164855957031,1936166
2012-08-13,41.14435237578211,41.36164221181226,40.88501074418633,41.151363372802734,1846817
2012-08-14,41.263512097939255,41.32659688631868,40.772864297269614,40.95510482788086,2042280
2012-08-15,40.93408005578413,41.08828228174443,40.79389415050249,40.9831428527832,1809146
2012-08-16,40.992321118805236,41.627205072830805,40.94999361818446,41.45084762573242,2819993
2012-08-17,41.59898882287833,42.01519070556192,41.33798207252116,41.97286605834961,3611183
2012-08-20,41.867051584790076,42.064571364328785,41.79650860241705,41.97286605834961,2370705
2012-08-21,42.11394044393096,42.311460182554704,41.5637087220329,41.69773864746094,2612009
2012-08-22,41.68362623789809,41.74006003274172,41.33796745977601,41.535484313964844,2313615
2012-08-23,41.38029937594941,41.500220140278145,41.119289816384985,41.25332260131836,1886928
2012-08-24,41.05580304422705,41.2956474295075,40.67487271859518,41.168670654296875,3280106
2012-08-27,41.26037374644712,41.45084032688088,40.97114872634527,41.1898307800293,1905286
2012-08-28,41.06992042877951,41.464959998612294,40.99232428826806,41.30976486206055,3402562
2012-08-29,41.4508460070224,41.45789916241945,41.0840248158055,41.429683685302734,2121866
2012-08-30,41.09107564732309,41.26037706703419,40.88650274156446,40.99231719970703,2315100
2012-08-31,41.31680029190589,41.500210830168164,41.02757532260132,41.23215103149414,2909660
2012-09-04,41.25331929848106,41.267428462427844,40.32215731091376,40.57611083984375,2996037
2012-09-05,40.561992584806355,40.77362142999201,40.37152890856117,40.47028732299805,2421639
2012-09-06,40.82300190685369,41.8035443854934,40.82300190685369,41.63424301147461,3723346
2012-09-07,41.78239969991584,42.2691445680605,41.74007505243502,42.255035400390625,3122101
2012-09-10,42.16331010249836,42.22679704361788,41.95168125437846,42.01517105102539,3229383
2012-09-11,42.12804855191935,42.445489043351266,41.95874714685753,42.17742919921875,3265144
2012-09-12,42.24797145080288,42.523087300199194,42.071614038807276,42.39611053466797,2736906
2012-09-13,42.21974458636362,43.20734018280333,41.92346647853719,43.11563491821289,4089866
2012-09-14,43.08741816322188,43.701136674582784,42.819355530306815,43.04509353637695,4744699
2012-09-17,42.868746015043484,43.5671167960827,42.8334745327261,43.53889846801758,3871058
2012-09-18,43.475427103386984,43.59535075737612,42.98162902939647,43.30612564086914,3465700
2012-09-19,43.242625749979325,43.397820862837534,42.981619032363696,43.228519439697266,3294007
2012-09-20,42.85463266842931,42.99571858392894,42.50191787968025,42.71354675292969,3630496
2012-09-21,42.99572847358179,43.14386757671947,42.67828509069096,42.6923942565918,5531113
2012-09-24,42.43138363970247,42.55836041008946,42.043397318475,42.417274475097656,2426627
2012-09-25,42.494867534936006,42.67827809499746,41.82471224754472,41.83882141113281,3093769
2012-09-26,41.90936822853093,42.08572565078435,41.366189652412984,41.9305305480957,4076283
2012-09-27,42.255032450046095,42.67123430631,42.106893338677835,42.494876861572266,3185770
2012-09-28,42.212716978447496,42.43139911523102,41.845895698104705,42.149227142333984,3237236
2012-10-01,42.58656987588282,43.24261595440942,42.396106174936016,42.8899040222168,4824921
2012-10-02,43.17915204659907,43.42604967422169,42.9534138908972,43.348453521728516,4688564
2012-10-03,43.362541240171005,43.54595179470929,42.953392641604765,43.00277328491211,5001602
2012-10-04,43.32022737561988,43.503637975754046,43.12976076438604,43.221466064453125,3018215
2012-10-05,43.52479428266437,43.687042538133205,43.18618860700587,43.334327697753906,3761229
2012-10-08,43.0592151610286,43.327277889313656,42.777046122461485,43.228519439697266,2889074
2012-10-09,43.24967984702076,43.28495133222207,42.68533893932799,42.805259704589844,3304937
2012-10-10,42.74177728420509,42.86875407331055,42.44549620593999,42.494876861572266,3576590
2012-10-11,42.81937645486071,43.01689623587136,42.5301513671875,42.5301513671875,2902657
2012-10-12,42.734714619664445,43.07332028973713,42.360840321663815,42.466651916503906,2669735
2012-10-15,42.586572878849445,42.97455917270048,42.445486953812704,42.92517852783203,2372508
2012-10-16,43.17208143965076,43.45425332500894,43.05216067279618,43.39781951904297,2275308
2012-10-17,43.15091405632919,43.70114574158336,43.15091405632919,43.65882110595703,3192668
2012-10-18,43.59534854362283,43.64472634964415,42.97457369038436,43.32728576660156,6007567
2012-10-19,42.88990463647331,44.78044678804152,42.88990463647331,44.08207321166992,10448991
2012-10-22,43.835174831381764,44.780445888170476,43.4683537386926,43.93393325805664,5810301
2012-10-23,43.37665500632224,43.517738086342135,43.016887012885945,43.41897964477539,3590491
2012-10-24,43.362533948768636,43.56710678588894,42.91811394478742,43.04509353637695,3737460
2012-10-25,43.919830906149734,43.92688691627423,43.08743016501657,43.334327697753906,3212087
2012-10-26,43.30611260990854,43.62355311355167,43.05215906478275,43.37665557861328,3424422
2012-10-31,43.54595714388248,43.68704308178992,42.93223559840767,43.20029830932617,3798157
2012-11-01,43.214406036022474,44.463008549470146,43.214406036022474,44.18083953857422,5961726
2012-11-02,44.4771209149142,44.56882620699642,43.9198331519356,44.039756774902344,3977809
2012-11-05,43.99037577604688,44.42068675770185,43.863398999126424,44.30076599121094,2492206
2012-11-06,44.258435695862595,45.06967695696775,44.258435695862595,44.81572341918945,4279492
2012-11-07,44.258439586796364,44.37836321177334,43.53890354799123,43.821075439453125,3631239
2012-11-08,43.77168791873267,44.082075237318065,43.235565406822595,43.242618560791016,3357463
2012-11-09,42.97455776905047,43.404865828618526,42.76998204221794,42.911067962646484,5205342
2012-11-12,42.98866625406156,43.4965733089077,42.88990781807615,43.34138107299805,3118600
2012-11-13,43.038050051838255,43.729367720950876,43.03099689715417,43.20029830932617,2698598
2012-11-14,43.242619154663785,43.376651926127984,42.20564274197236,42.29734802246094,4081164
2012-11-15,42.262089301346265,42.55131439379679,41.65542363613696,41.852943420410156,5773160
2012-11-16,41.96659499665204,42.12287006741048,41.405429214682016,42.016319274902344,5066332
2012-11-19,42.492232550723514,42.968156997077045,42.421198707936604,42.932640075683594,3885808
2012-11-20,42.833182969840145,43.19545434536237,42.70532265350276,43.05338668823242,3204871
2012-11-21,43.04629443405075,43.202569468199215,42.875814931214855,43.03919219970703,1858171
2012-11-23,43.16704973779293,43.515113830566406,43.11732547442577,43.515113830566406,966279
2012-11-26,43.04628999670389,43.24518416720906,42.77636198848986,43.08890914916992,2528285
2012-11-27,43.08181449331128,43.45829332430827,43.003678408247296,43.06050491333008,3256867
2012-11-28,42.79767833334848,43.536428637118064,42.51354581297455,43.500911712646484,3217286
2012-11-29,43.65007745190406,43.834764291254345,43.24518685214395,43.57194137573242,2380043
2012-11-30,43.6287738409308,43.68560034731787,43.37305312448958,43.564842224121094,3740643
2012-12-03,43.728215320792856,43.82766385399602,43.010777511535125,43.03919219970703,2757704
2012-12-04,43.00367496483237,43.294912577185684,42.79057343128648,42.98946762084961,2436708
2012-12-05,43.16706821261386,43.83478199760811,42.890037841686485,43.73533630371094,3391314
2012-12-06,43.621666321290185,43.71400974240694,43.28780668303875,43.69980239868164,2415166
2012-12-07,43.877383457084534,44.040760718918676,43.57904362043019,44.01945114135742,2387258
2012-12-10,43.91290001048959,44.04076035018499,43.68559401787482,43.941314697265625,3126770
2012-12-11,44.040748836299116,44.239642965537925,43.69268482898061,43.79213333129883,4841793
2012-12-12,44.005252207069354,44.04076913492471,43.36595325647081,43.40147018432617,3969108
2012-12-13,43.44408999745354,44.040769793710695,43.33753921229362,43.856082916259766,4621818
2012-12-14,43.777937796227675,43.96972686964622,43.642975221429374,43.72111129760742,3440233
2012-12-17,43.82054564977902,44.374608900377666,43.73530736153128,44.317779541015625,4169664
2012-12-18,44.395934250244174,45.49695315971419,44.31779529105051,45.433021545410156,5683175
2012-12-19,45.46144248574397,45.710060991600145,45.290960074425826,45.298065185546875,5541406
2012-12-20,45.35486852503036,45.80948326394407,45.30514427418419,45.667415618896484,4681348
2012-12-21,45.035236983121706,45.681640997791284,45.035236983121706,45.6106071472168,6101373
2012-12-24,45.255442584595194,45.809503190816855,45.03523878914309,45.227027893066406,2374419
2012-12-26,45.30516746819418,45.66033676264229,45.212824026717485,45.32647705078125,2951894
2012-12-27,45.26964354719548,45.411711243033444,44.73689256320175,45.27674865722656,3013122
2012-12-28,44.921580922982756,45.205716324180244,44.64455063205444,44.69427490234375,2218642
2012-12-31,44.55220236410692,45.12757533889628,44.189930917076346,45.08495330810547,4234288
2013-01-02,45.93736370821237,46.235703593285535,45.57509220468131,45.99419021606445,5527081
2013-01-03,45.88763281481285,46.526934530157746,45.845013658922674,46.17176818847656,3156058
2013-01-04,46.34935023498337,47.2017534863391,46.34935023498337,47.116512298583984,4392398
2013-01-07,46.93182098039122,47.4503645409201,46.882096719324636,47.1378173828125,4525360
2013-01-08,47.05969738519177,47.066802496569835,46.555360994913244,46.697425842285156,3159454
2013-01-09,46.917618110607854,47.265682220458984,46.78975776667482,47.265682220458984,3414871
2013-01-10,47.500092224752656,47.500092224752656,46.946031705737134,47.180442810058594,4691323
2013-01-11,47.13071817740302,47.237268939935205,46.953133573182704,47.1023063659668,2489871
2013-01-14,47.16623822646174,47.421958923339844,46.96734403162338,47.421958923339844,1952083
2013-01-15,47.073907225987625,47.57114140662507,47.00997559719459,47.50720977783203,2412408
2013-01-16,47.265680760324436,47.4006462097168,47.15202776376127,47.4006462097168,2213337
2013-01-17,47.59243357787076,47.947602773661266,47.407746746219004,47.81263732910156,2408481
2013-01-18,47.93340122493444,48.16781234741211,47.69188499244313,48.16781234741211,3605665
2013-01-22,48.12518268129263,48.5869026184082,48.03994437783598,48.5869026184082,3865752
2013-01-23,48.515872694680375,48.5869065368885,48.33828808916007,48.49456024169922,3485225
2013-01-24,48.55850493486262,49.16228700553545,48.338301114838686,48.4732666015625,4370645
2013-01-25,49.12675160187881,49.19068320321307,48.26724910370336,48.537174224853516,5981039
2013-01-28,49.16228861745682,49.16228861745682,48.70767649055266,48.956295013427734,4698539
2013-01-29,48.956271158094715,49.15516242900023,48.72896520540392,49.0770263671875,3840497
2013-01-30,48.949184175255596,49.162279978044964,48.74318485662875,48.77870178222656,2628563
2013-01-31,48.58691962956211,48.79291322683712,48.35250558678925,48.4732666015625,3741916
2013-02-01,48.99180575054986,49.41090089262268,48.74318725911109,49.11966323852539,3905439
2013-02-04,48.82842281886867,48.970490520215776,48.57981009230872,48.700565338134766,3216119
2013-02-05,48.99889248392815,49.84419048675216,48.98468801780183,49.63819122314453,4857498
2013-02-06,49.389606106419755,49.72346300374884,49.23332813789187,49.66663360595703,3632937
2013-02-07,49.6666147876767,50.03598848097315,49.42510431556588,49.98626708984375,4359609
2013-02-08,49.922326156930474,50.28459754824444,49.85129232526907,50.099910736083984,3481405
2013-02-11,50.02178081189141,50.05019549820324,49.66661160998523,49.78737258911133,2464722
2013-02-12,49.77317106601286,50.1283403299677,49.69503497810233,50.02178955078125,2169617
2013-02-13,50.02177400035361,50.27749464074488,49.64529814807632,49.85129165649414,2741999
2013-02-14,49.723440982608885,49.993366125579584,49.56716883408883,49.78737258911133,3060024
2013-02-15,49.9933484491409,50.03596758814122,49.5600433261809,49.80155944824219,3245725
2013-02-19,49.88682294775766,50.39826437592251,49.74475524540103,50.38405990600586,3374230
2013-02-20,50.29881761263786,50.739230955994586,49.9649608006139,49.972068786621094,4466254
2013-02-21,49.75772051966607,50.00064681039333,49.54336970937011,49.872039794921875,4397810
2013-02-22,50.01493446301022,50.18641046350633,49.686264416046654,49.93634033203125,3836252
2013-02-25,49.936343127225875,50.10781913732038,49.26470947265625,49.26470947265625,5627784
2013-02-26,49.350448119159445,49.69340588811697,49.186110211350524,49.386173248291016,4017602
2013-02-27,49.37188630120281,50.37933391998153,49.3147295576858,50.2650146484375,2876659
2013-02-28,50.293604099577635,50.63656779399558,50.086402893066406,50.086402893066406,3909471
2013-03-01,49.80771954261873,50.2006959188684,49.46476181223326,50.05065155029297,3162213
2013-03-04,49.72198494733635,49.90775445369542,49.22897703024226,49.80057907104492,3789243
2013-03-05,50.01493136352173,50.63654628807166,49.99349397253346,50.500789642333984,3982053
2013-03-06,50.60083139883653,51.022383374496904,50.586537873782234,50.9223518371582,3737353
2013-03-07,51.179559011569715,51.701142395680606,51.05095202492311,51.565391540527344,4475168
2013-03-08,51.922642738013955,52.71573948869109,51.922642738013955,52.65857696533203,5228793
2013-03-11,52.415659700726344,52.822923949920266,52.122714733366635,52.772911071777344,3600678
2013-03-12,52.78003814610053,52.801469750837086,52.20843613431988,52.57997512817383,3170808
2013-03-13,52.68000049958036,52.88720736161166,52.54424388069722,52.837188720703125,3601315
2013-03-14,53.00153863369141,53.072988893070374,52.45851781931313,52.73717498779297,4870126
2013-03-15,52.56569282168448,52.77289972926104,52.39421104353459,52.487098693847656,6335780
2013-03-18,51.95836489384956,53.065838106059,51.836901769303466,52.79433059692383,4519630
2013-03-19,52.92296756461065,53.137312651631596,52.4656845484383,52.894386291503906,4516871
2013-03-20,53.13731201111309,53.49456345936144,53.13731201111309,53.37310028076172,3858006
2013-03-21,53.29447937011719,53.587424253747066,53.18730398943488,53.29447937011719,4339023
2013-03-22,53.47309735147398,53.751748673760076,53.35877233416803,53.723167419433594,3825853
2013-03-25,53.90894429278988,54.12329505288812,53.13728502714155,53.48739242553711,4609721
2013-03-26,53.66601815079895,54.037557155134884,53.53026151226929,53.930381774902344,3642911
2013-03-27,53.60885368472325,53.73032258194158,53.287333340226546,53.708885192871094,2987760
2013-03-28,53.694591565495756,53.96609901838494,53.587416200919186,53.837486267089844,3703927
2013-04-01,53.730322293582674,53.78747902328279,52.94436953800984,53.108707427978516,4192797
2013-04-02,53.39452267925881,53.46597295657376,52.86579525473682,53.02298355102539,3781815
2013-04-03,53.21588103962253,53.280181635340014,52.287027813828104,52.394203186035156,5160667
2013-04-04,52.52281419891374,52.71572754866432,52.401351094923854,52.69429016113281,4509230
2013-04-05,51.93693523841934,52.27274914914009,51.75116571792468,52.144142150878906,4596350
2013-04-08,52.12269394200445,52.594264406783644,52.001230838102074,52.551395416259766,3511011
2013-04-09,52.61570456029902,52.6728670799591,52.28703453352654,52.544254302978516,3105760
2013-04-10,52.53710431660854,53.18730042561298,52.372772214612084,53.165863037109375,4658534
2013-04-11,53.18733068457493,53.48741958729883,53.01584883251336,53.37310028076172,3372213
2013-04-12,53.14445857728175,53.2516340055239,52.722900735960366,53.051570892333984,2274883
2013-04-15,52.780055036183356,52.815780173352,51.57255002749145,51.58683776855469,3583700
2013-04-16,51.965524090273504,52.32276966063352,51.78689841283836,52.287044525146484,2624318
2013-04-17,51.97265305685752,51.97265305685752,51.02951206425797,51.365325927734375,4205000
2013-04-18,51.336752227658025,51.365327701231784,50.67226834590927,51.06523895263672,5663438
2013-04-19,52.67287866800983,53.18731832009068,51.91550693069229,53.001548767089844,6964720
2013-04-22,53.08012860875257,53.508830131481815,52.901502974282046,53.29447937011719,3997758
2013-04-23,53.58742491385781,53.58742491385781,52.69429673050331,53.41594314575195,3089736
2013-04-24,53.56600826726292,53.70890883193835,53.32307615041247,53.46597671508789,3991498
2013-04-25,53.53741653532841,53.61601067363906,53.180170977962746,53.25162124633789,5550426
2013-04-26,53.25875064576614,53.35877636670611,52.644279661594865,52.80146789550781,3534462
2013-04-29,52.88723559344912,52.951536219000495,52.47997130390522,52.73004150390625,3183966
2013-04-30,52.85149272326036,52.85863659209057,52.15842754105514,52.544254302978516,3096528
2013-05-01,52.30133871434536,52.437095387822424,51.779755200316096,51.82262420654297,3365104
2013-05-02,52.03696926836867,52.96581691561445,52.0226757448666,52.851497650146484,3322021
2013-05-03,53.38022439385055,54.087577371942395,53.38022439385055,53.758907318115234,3411582
2013-05-06,53.7874905854774,54.42339332407351,53.766058976423636,54.359092712402344,3828930
2013-05-07,54.44481743817717,55.05213876539527,54.39480457807366,54.944969177246094,3100030
2013-05-08,54.80209676485892,55.4094184033118,54.716352952086524,55.359405517578125,3202961
2013-05-09,55.330804215120544,55.73806837868458,55.25935395593322,55.57373046875,4291377
2013-05-10,55.552309886059575,55.788092317463196,55.180770778357235,55.545166015625,2453155
2013-05-13,55.50944199799942,55.74522443415637,55.35224792271753,55.63090515136719,2114969
2013-05-14,55.616606627588126,56.55974197387695,55.616606627588126,56.55974197387695,3234158
2013-05-15,56.3596810687508,57.081321716308594,56.109605171583425,57.081321716308594,3524063
2013-05-16,56.94488230276278,56.94488230276278,56.41342746538095,56.54269790649414,3676868
2013-05-17,56.90179270323276,58.05806921966208,56.772516446525785,57.993431091308594,4312919
2013-05-20,57.684615531450575,58.34534665366271,57.61997740084609,57.83543395996094,2683000
2013-05-21,57.81386005859145,58.07958736995937,57.39013366711518,57.5625,3372744
2013-05-22,57.569700635438586,58.05806529748974,56.95924044711247,57.160335540771484,4387093
2013-05-23,56.52113937014471,57.17468961882062,56.41341692984312,56.90896224975586,4164358
2013-05-24,56.74377873449718,57.03823481208038,56.37750963212812,56.94487380981445,2571049
2013-05-28,57.65587912571003,58.08679218637848,57.275242744062524,57.28960418701172,3517272
2013-05-29,56.86588193841312,57.22497036829047,56.40624014293238,56.59296798706055,3486817
2013-05-30,56.743785121211474,57.34706460071552,56.521147857704534,57.052608489990234,2953273
2013-05-31,56.88740936876566,57.55532100140744,56.34877395629883,56.34877395629883,3484376
2013-06-03,56.413413606072055,56.87304948068712,56.03277146966121,56.62886428833008,2972904
2013-06-04,56.52112636232954,56.901768433565834,55.57312607966797,55.83167266845703,3666681
2013-06-05,55.65213817107613,55.71677628643944,54.94831706586673,55.084774017333984,2876552
2013-06-06,55.12787852209804,55.77424240112305,54.79751295279849,55.77424240112305,3037316
2013-06-07,56.29850856262378,56.894601484415794,55.93223361789745,56.79405975341797,3454877
2013-06-10,56.90897072750746,56.95924159476032,56.22669167974897,56.50678634643555,2494858
2013-06-11,55.960961097916766,56.664782271296076,55.78860052605201,56.13332748413086,1665574
2013-06-12,56.564238842564016,56.69350926757761,55.48695622903823,55.530052185058594,2236257
2013-06-13,55.54440656311241,56.38468456905253,55.42949759515413,56.24104690551758,2534227
2013-06-14,56.13332074879233,56.48522838608253,55.917864245464294,56.147682189941406,2798134
2013-06-17,56.61452613080229,57.433256503137535,56.5355265457604,57.24652862548828,4018026
2013-06-18,57.36139899689192,58.237586194068754,57.24649005839533,58.06521987915039,3420283
2013-06-19,58.050873074195046,58.12269190565103,57.22495651245117,57.22495651245117,3243815
2013-06-20,56.74377411720738,56.944869176161376,55.65213599127336,55.78140640258789,3606090
2013-06-21,56.241065308982364,56.37752229686235,55.508515310985025,56.197975158691406,4677210
2013-06-24,55.65213600559554,55.68804542225024,54.68976829072838,55.04886245727539,3800385
2013-06-25,55.63060995562686,56.01125224792915,55.42233990842269,55.767066955566406,2572640
2013-06-26,56.37753466651709,57.35426433524849,56.33443869242022,57.275264739990234,3856414
2013-06-27,57.56250795902198,58.17296220621795,57.56250795902198,57.598411560058594,3556959
2013-06-28,57.45478471666906,57.59841657636961,56.952052857496135,56.98078155517578,3687798
2013-07-01,57.354223974617945,58.23759197799334,57.354223974617945,57.68458938598633,2277854
2013-07-02,56.9089669971839,57.33987423738355,55.752690611363406,55.93223190307617,9531949
2013-07-03,55.55878773125544,56.71507017040898,55.53006483982842,56.38470458984375,2739559
2013-07-05,56.7653442276357,57.512255733628145,56.7653442276357,57.497894287109375,2229572
2013-07-08,57.799509543445836,58.20169385328582,57.49069204408149,57.93596649169922,4095278
2013-07-09,58.4027854750565,58.63978996399107,58.27351505646854,58.45305633544922,3107776
2013-07-10,58.35252783761334,58.711616291294675,58.12270983181324,58.32379913330078,2582297
2013-07-11,59.01325987547361,59.37234833469475,58.87680288864641,59.30052947998047,2641403
2013-07-12,59.293345849623215,59.42980282975854,58.79780042787651,59.15689468383789,2839518
2013-07-15,59.250254673769355,59.37952511506258,58.682890410674304,59.10661697387695,3593356
2013-07-16,59.142541594395,59.35081747562146,58.79063379072256,58.912723541259766,2006095
2013-07-17,59.1568862720634,59.57343206113815,59.056338731821505,59.207157135009766,2386728
2013-07-18,59.207143716460955,59.81759791209045,58.898326258845835,59.5877799987793,3948627
2013-07-19,60.600440620487554,60.93799270869448,59.537530928972075,60.018714904785156,3377413
2013-07-22,59.64525950414308,59.81762009587364,59.429802950129854,59.6380729675293,2751656
2013-07-23,59.92534670666486,60.033074980676105,59.55907173789661,59.80325698852539,2151684
2013-07-24,59.903795280936684,60.03306570115849,59.49443022871087,59.616519927978516,2113271
2013-07-25,59.45850060332949,59.609318949508925,59.29331500577531,59.501590728759766,2730645
2013-07-26,59.28613752891739,59.57341279995618,59.10659048451815,59.523136138916016,2689154
2013-07-29,59.34362780433512,59.69553555494996,59.23589951797943,59.436988830566406,2404343
2013-07-30,59.781693580789025,60.14078773482574,59.42260524110065,59.60933303833008,2587921
2013-07-31,59.824786810472716,60.18387513383307,59.55905365995963,59.59496307373047,3202855
2013-08-01,60.18390270751371,60.83745317470221,60.0618129704958,60.7297248840332,2375480
2013-08-02,60.61480959544175,60.88771774827511,60.363443609901736,60.81589889526367,2538790
2013-08-05,60.52862671925457,60.83744428543906,60.3347123357737,60.708168029785156,1595962
2013-08-06,60.6578812675747,60.830247625168205,60.2628776963326,60.44242477416992,2201134
2013-08-07,60.32035332285254,60.32753404526721,59.85353077934708,60.076168060302734,2587496
2013-08-08,60.39933528241932,60.607611057801215,59.96842229101477,59.975608825683594,2237319
2013-08-09,59.989979326088154,60.10488831161338,59.68834251229076,59.83916091918945,2403494
2013-08-12,59.58061325531731,60.00433976898377,59.336428031176986,59.91815948486328,2244534
2013-08-13,59.95405148197422,60.28441689422523,59.72423358154243,60.1048698425293,1542268
2013-08-14,60.17671041743736,60.27007724381091,59.76734531732179,59.8607063293457,1828884
2013-08-15,59.322053292473946,59.393872117926996,58.733141249498125,58.8983268737793,2435647
2013-08-16,58.934435768622656,59.29532844279787,58.840599816584806,59.1581916809082,3796353
2013-08-19,58.963270003614745,59.19424843194589,58.75395365522449,58.79726028442383,2453686
2013-08-20,58.81891636698981,59.32417405816585,58.753959338687714,58.98493194580078,1872921
2013-08-21,58.8983476650091,58.963304725278896,58.11881034969325,58.16211700439453,3081672
2013-08-22,58.154905604565776,58.52301512550262,58.01776298230228,58.299259185791016,2798240
2013-08-23,58.342560598918524,58.8839024954236,58.039408201905495,58.75398254394531,1916004
2013-08-26,58.83337199354297,58.94885832887239,58.429166898108505,58.501346588134766,2172695
2013-08-27,57.86617644764138,58.104365949978835,57.086639198768204,57.202125549316406,3229065
2013-08-28,57.19489371866363,57.555786277956656,56.93504803732029,57.34646987915039,3233203
2013-08-29,57.20213445189197,58.097158190609136,57.08664808337021,57.78678894042969,1923962
2013-08-30,58.003330188051734,58.003330188051734,57.20935334060788,57.433109283447266,2088652
2013-09-03,58.06106081057727,58.486916374088096,57.96723070487315,58.45083236694336,4274187
2013-09-04,58.03219236122687,58.53023350919618,57.90948919651698,58.436397552490234,3542421
2013-09-05,58.393081673063655,59.1220954312947,58.24150548072864,58.74675750732422,1926827
2013-09-06,58.86946687972051,59.35306850688348,57.923914028118645,58.941646575927734,2186065
2013-09-09,59.07155614840858,59.71395065698029,59.0210327073622,59.49741744995117,2408906
2013-09-10,59.89442818106462,60.83276451056256,59.76450819542712,60.72449493408203,2507168
2013-09-11,60.77499347650557,60.919352852614296,60.37800519220658,60.65229034423828,2666340
2013-09-12,60.688367479510994,60.93377369265504,60.46461166211176,60.47182846069336,2139375
2013-09-13,60.64507094464356,60.69559438669083,60.13981314992049,60.66672134399414,1760228
2013-09-16,61.43182896707401,61.59062194724057,60.94822738274252,61.42460632324219,2265757
2013-09-17,61.45348258293711,61.83603729639286,61.35965248740724,61.67723846435547,2107965
2013-09-18,61.65559125397633,62.709407822673974,61.28025332173788,62.543392181396484,2415697
2013-09-19,62.738271812972044,63.193000334346024,62.55782259570553,62.64443588256836,2425035
2013-09-20,62.51452925965538,62.58670896192678,61.69890213012695,61.69890213012695,3672305
2013-09-23,61.50403237860272,61.698915278841596,60.6162253576015,60.72449493408203,3466655
2013-09-24,60.70283044431458,61.32357476319161,60.442984664734006,60.811100006103516,2418350
2013-09-25,60.868835472740074,61.114247628847984,60.515159606933594,60.515159606933594,2385985
2013-09-26,60.64507094464356,60.94100064070626,60.42853188976224,60.66672134399414,1472339
2013-09-27,60.30582025950679,60.493486263414724,60.017107375960805,60.327476501464844,1808722
2013-09-30,59.764498447875155,60.219227088788294,59.454129218724454,59.93772506713867,2641721
2013-10-01,60.00267931727736,60.284181298327454,59.80779647693068,60.06764221191406,2597047
2013-10-02,59.656234300280474,59.82224413272695,59.24481227686443,59.79337692260742,3110004
2013-10-03,59.64179421748349,59.764497377859,58.494141589370884,58.790077209472656,2794208
2013-10-04,58.94884583066444,59.54071682596736,58.68900017037441,59.360267639160156,2691701
2013-10-07,58.79006327476638,60.19755549351149,58.53743436858447,59.84387969970703,3794337
2013-10-08,59.76447865407849,60.16146106138169,59.03546503483787,59.05712127685547,3233628
2013-10-09,59.18705167351006,59.54795014726154,58.790069195946806,59.114871978759766,2795481
2013-10-10,59.80059296994018,61.41740798950195,59.764503114181736,61.41740798950195,3822882
2013-10-11,61.35965032340976,62.442339845522525,61.28024798840974,62.40625,3598237
2013-10-14,61.84325071019664,62.17527611381762,61.59062179646458,62.059783935546875,3025007
2013-10-15,61.90100687908072,62.07423934748589,61.33079185911185,61.453495025634766,2095019
2013-10-16,61.92263753591112,62.19691680759037,61.35963955074086,61.89376449584961,2567016
2013-10-17,61.6339551603509,62.637248606400796,61.489595718494456,62.608375549316406,2843232
2013-10-18,61.864920763940056,62.03093644027119,60.41411555361146,61.049293518066406,7470674
2013-10-21,61.04926320062578,61.23692919139218,60.67393121909298,61.09979248046875,3727273
2013-10-22,61.33079013979543,62.42069669086149,61.280260839329685,62.18972396850586,3538176
2013-10-23,62.16804532590365,62.57225036621094,61.742189887679054,62.57225036621094,2863819
2013-10-24,62.687744354073516,63.10638888776526,62.59391426449634,62.99811935424805,2393837
2013-10-25,62.94039749511458,63.18580970093994,62.543409052726986,63.15693664550781,2915709
2013-10-28,62.89707904424735,63.19301465893455,62.731063389304644,63.03422164916992,2060213
2013-10-29,62.87542659580275,63.17136222837523,62.745506628206364,63.128055572509766,2059471
2013-10-30,63.1713456983664,63.47449805366336,62.48564449886739,62.59391403198242,1939561
2013-10-31,62.68776000901651,63.26519766531119,62.435131034387574,62.60114669799805,2430023
2013-11-01,62.630009315213485,63.351800421765326,62.46399367926163,62.731056213378906,3281592
2013-11-04,62.796004926372696,62.796004926372696,62.00203430411182,62.297969818115234,3438535
2013-11-05,62.11032084779362,62.57226624332348,61.655592253400734,62.319637298583984,2096080
2013-11-06,62.66609372072578,62.933156231651054,62.355718721704186,62.59391403198242,1903588
2013-11-07,62.60113178038553,62.78879780524833,61.59062196623485,61.684452056884766,2538365
2013-11-08,61.727756193509286,63.12803146846225,61.619486673403756,63.11359786987305,2909130
2013-11-11,63.06306558770705,63.27960461761711,62.853749200310176,63.09915542602539,2167601
2013-11-12,62.9620428288424,63.0847459886936,62.40626144330821,62.500091552734375,2587178
2013-11-13,62.3340780869164,63.16413879394531,62.168062439372335,63.16413879394531,2821797
2013-11-14,63.3373832967453,64.10970389685436,63.08475429848618,64.00143432617188,2970358
2013-11-15,63.719904683130466,64.07358629626299,63.66938124278113,63.96531677246094,2729584
2013-11-18,64.15298822253499,64.61493355510912,63.90757611237817,64.00862884521484,2564364
2013-11-19,63.8562792084829,64.17548495555899,63.624128506360854,63.740203857421875,1886398
2013-11-20,63.950606472713055,63.950606472713055,63.18885992426221,63.27592086791992,1906453
2013-11-21,63.41376343193935,63.87807089115586,63.37748950345946,63.79826354980469,1717145
2013-11-22,63.7474810153297,64.47295956917753,63.60963891542478,64.42217254638672,2031669
2013-11-25,64.56725852516864,64.76313535583611,64.1900120833764,64.26981353759766,1766701
2013-11-26,64.31331234933538,64.63977750357112,64.14645590563424,64.22625732421875,1946140
2013-11-27,64.55998594661753,64.86468445443445,64.342342477215,64.47293090820312,1242601
2013-11-29,64.4439333734728,64.68333775038154,64.12472166422592,64.21177673339844,1226896
2013-12-02,64.19000411670338,64.55999690280417,63.84177803058336,63.94334030151367,2178001
2013-12-03,63.805489578621426,63.805489578621426,62.88413462768022,63.16707229614258,2459204
2013-12-04,63.00024219735589,63.3267075495332,62.52868700646894,62.99298858642578,2571792
2013-12-05,62.89866255773499,63.33394961461812,62.75356687210728,63.01474380493164,1903058
2013-12-06,63.8998204617134,64.19001183840558,63.63864939736408,64.07393646240234,1755028
2013-12-09,64.11742147931754,64.21898956848578,63.64586080487473,63.74742889404297,1915367
2013-12-10,63.59511573684134,64.04490997802004,63.42099975293203,63.725704193115234,1878651
2013-12-11,63.68218509832,63.696698193037264,62.586719558822985,62.717308044433594,3064375
2013-12-12,62.5504342237226,62.89866033289083,62.332790702979494,62.60121536254883,3105654
2013-12-13,62.797081039656156,63.39197081914801,62.22395208232153,62.83335494995117,4448002
2013-12-16,63.072767702231694,63.645890863149376,62.72454164066531,63.38471984863281,3322870
2013-12-17,63.53707799015284,63.827263451805536,62.710031510672174,62.739051818847656,3880077
2013-12-18,62.95671015119341,64.19001774219882,62.318292587773925,64.16825103759766,3802614
2013-12-19,63.892578500160724,64.36413957325533,63.82003064276155,64.30609893798828,2714409
2013-12-20,64.43668985068416,65.29274520275413,64.2843346457285,64.9662857055664,4074479
2013-12-23,65.29273769975217,65.44508701383134,64.82843614700967,65.08960723876953,2439042
2013-12-24,65.26369912833931,65.73525411724273,65.08232956592774,65.61917877197266,906536
2013-12-26,65.7134824813678,66.1777837860526,65.69171578811321,66.09072875976562,2306187
2013-12-27,66.25758712661867,66.33013494174966,66.0689639819513,66.1197509765625,1131075
2013-12-30,66.2503468116063,66.33740185788302,65.86584683828926,66.01819610595703,1538979
2013-12-31,65.92391229388595,66.4244937266301,65.82234998369796,66.28665161132812,1545558
2014-01-02,65.98916553586132,66.11975395833251,65.32898156307056,65.52486419677734,1850849
2014-01-03,65.64820682532928,65.98917929356259,65.53213146635841,65.66996765136719,1562536
2014-01-06,65.98192165492495,66.20681875045142,65.58290859489293,65.60467529296875,2075388
2014-01-07,65.70623031348791,66.1197564177845,65.63368249238671,65.87309265136719,1669924
2014-01-08,65.3435138190777,65.87310952475244,65.23469205955124,65.6119384765625,2807047
2014-01-09,65.93839428731462,66.33740147491865,65.4740870053295,65.6336898803711,1923432
2014-01-10,65.77879100309909,65.88035914718412,65.11861274996512,65.40879821777344,3182162
2014-01-13,65.19840326617836,65.61917711633667,64.37861638878209,64.47293090820312,2629093
2014-01-14,64.76312828113404,64.92273704550918,63.92883403446631,64.85018920898438,3078807
2014-01-15,65.16938401279246,65.40878830897456,65.00252754091402,65.22742462158203,2622196
2014-01-16,65.19116618017704,65.48135167289,65.10410524633194,65.3290023803711,1738899
2014-01-17,65.4523218590936,65.6191783313719,65.0460552166929,65.25643920898438,2759614
2014-01-21,65.73527137961217,66.03996997513212,65.18390893976415,65.72076416015625,2655834
2014-01-22,65.95290763957283,66.1995714567033,65.45233226975128,66.08349609375,2903293
2014-01-23,65.55388014317823,65.80779751346627,64.7340991736343,65.14761352539062,4434101
2014-01-24,64.96626766433442,65.95291123998265,64.15373420593711,64.18275451660156,5329602
2014-01-27,64.73409770677226,65.99641917554096,64.73409770677226,65.50309753417969,6989976
2014-01-28,65.48133672986654,66.15602797801758,65.39428168925565,65.61917877197266,3107033
2014-01-29,64.9952737130636,65.68447810389519,64.75586939605816,65.10409545898438,4207016
2014-01-30,65.7932978459039,66.64935869705342,65.61918188306039,66.5260238647461,3343032
2014-01-31,65.72802590270655,66.85251175072413,65.48136202785766,66.18507385253906,3933029
2014-02-03,66.18504855638359,66.7146441567955,64.32057766979551,64.38587188720703,4495436
2014-02-04,64.5382239401347,65.28546304869649,64.03764862282677,65.11860656738281,4175819
2014-02-05,64.71233795183144,65.25644077510428,64.21175677624966,64.99526977539062,4534486
2014-02-06,65.22741637447093,66.15601901076214,65.12584825861438,66.1197509765625,2318708
2014-02-07,66.5187771279494,67.67953662895596,66.35917423831998,67.5852279663086,4452247
2014-02-10,67.54169238483773,68.04952721972603,67.10641125687225,67.3603286743164,3482042
2014-02-11,67.5416558706412,68.5935988884968,67.42558057437823,68.31066131591797,3160621
2014-02-12,68.60089849418586,68.82579563275785,68.12933751479989,68.40502166748047,2629306
2014-02-13,67.81735542032754,68.62988855422185,67.6577525854658,68.5791015625,2482443
2014-02-14,68.55011557287408,68.78952581835745,68.1148343623589,68.63717651367188,2713985
2014-02-18,68.49208252747617,68.71697968508542,68.10032296753536,68.44855499267578,2483716
2014-02-19,68.18013117726609,68.97089804418935,67.34583090161385,67.43289184570312,4526315
2014-02-20,67.63600765797216,68.21639033276728,67.26601487746376,67.87541198730469,2438193
2014-02-21,68.07851988854954,68.51380083979483,67.98420539387132,68.14381408691406,3415402
2014-02-24,68.45582553246858,69.07247652915167,68.01328471804563,68.02053833007812,3140247
2014-02-25,68.25377643798758,68.73490007670071,67.9621856385624,68.42872619628906,3444690
2014-02-26,68.19542801019466,68.91711022208841,68.15897917518227,68.4214096069336,2780943
2014-02-27,68.24648015604757,68.8879822586285,68.11526784076409,68.793212890625,2190098
2014-02-28,68.742178608342,69.40554049794412,68.39956182982418,68.84423065185547,3408080
2014-03-03,67.58312077890125,68.57452242692939,67.48106281752739,68.22461700439453,2862121
2014-03-04,69.00461390105698,69.67527032750424,68.90255594876504,68.96087646484375,4141968
2014-03-05,69.52951527307823,69.87213227414097,68.93175619412348,69.00465393066406,4477078
2014-03-06,69.2889216957415,69.61696137436348,69.03377972347994,69.07022857666016,3971336
2014-03-07,69.60237192766562,69.9158284687592,69.41283320317704,69.57321166992188,5104321
2014-03-10,69.28891224875869,69.55863136484129,69.02648172197989,69.43470764160156,2681089
2014-03-11,69.34725309121534,69.44930517476188,68.47248637946885,68.60369873046875,2596622
2014-03-12,67.99132057448409,68.42141212208874,67.51019711497241,68.41412353515625,2811292
2014-03-13,68.77137497008013,68.88071565957945,67.52482501081231,67.6852035522461,3748920
2014-03-14,67.51024707769963,67.85286403229746,66.97809721413928,67.07286071777344,3485544
2014-03-17,67.43734324771226,68.39229629842458,67.4081829793508,68.08612823486328,3306953
2014-03-18,68.31939114306863,68.42144912037982,68.05696055976341,68.34126281738281,2462387
2014-03-19,68.3704041788825,68.53806532939372,67.21862418680534,67.71432495117188,2524889
2014-03-20,67.71433618501773,68.07882470532581,67.42275127046362,67.7580795288086,2535182
2014-03-21,68.55994590017039,69.09209557962049,67.76536567589771,67.7872314453125,5092966
2014-03-24,68.0934099827479,68.27565426457342,66.70836524426015,67.04369354248047,3920932
2014-03-25,67.49563804228787,67.73619688571257,66.90516791536541,67.38629150390625,2512049
2014-03-26,67.69246543693767,67.8455494238713,66.21265159601516,66.21994018554688,3424634
2014-03-27,66.30740990961094,66.47507106257665,65.64404208333038,65.82628631591797,3520668
2014-03-28,65.9720912084747,66.7302226039316,65.95751402844371,66.25639343261719,2625592
2014-03-31,66.81768564488719,67.73619536635181,66.64273590875395,67.61956024169922,3534038
2014-04-01,67.90388523865592,68.05696927337618,67.51024226414488,67.98407745361328,2377284
2014-04-02,68.10794988059932,68.66197096571803,67.89654546738987,68.43598937988281,3058645
2014-04-03,68.5963801745783,68.77133580118041,68.21002598009332,68.72759246826172,2463342
2014-04-04,68.92443721853607,69.3691061333871,68.00592732334799,68.03508758544922,3530218
2014-04-07,67.99864540090287,68.12985774068594,66.75210161534552,66.99266052246094,2999751
2014-04-08,68.1152816572442,68.1152816572442,66.46051184063883,67.04369354248047,2202089
2014-04-09,67.18947922772792,67.99135402194923,66.97079200372391,67.94761657714844,2913480
2014-04-10,67.94030929247656,68.08610468215593,66.58441925048828,66.58441925048828,2693187
2014-04-11,65.92107974542013,66.6573396318538,65.76070122117373,65.89920806884766,2918786
2014-04-14,66.46780742884545,66.5625768260486,65.62220095418714,66.27827453613281,2058622
2014-04-15,66.3948817021446,66.89787694110305,65.57843584037515,66.85413360595703,3790729
2014-04-16,67.43734967750972,68.0278200859297,67.12389299239501,68.01323699951172,3674640
2014-04-17,68.23921648495268,68.47978133668862,67.22594283488041,67.86743927001953,4171892
2014-04-21,68.13714763260121,68.13714763260121,67.4081705662724,67.92574310302734,2809594
2014-04-22,67.96949119795917,68.51622408338261,67.78724690281801,68.04238891601562,3037953
2014-04-23,67.66330342873155,68.64012784473026,67.66330342873155,68.54536437988281,3665302
2014-04-24,68.91713853804632,68.939010208716,68.09339806933002,68.25377655029297,3005694
2014-04-25,68.2610577353021,68.37040427340504,67.40086850990711,67.53937530517578,3152026
2014-04-28,67.69248504430324,68.05696774168983,66.62817951532772,67.40089416503906,2978635
2014-04-29,67.5466717894859,67.72891604095976,67.05097096649223,67.40816497802734,2762055
2014-04-30,67.25508740251793,67.9694813954255,66.99265683570101,67.72163391113281,3634316
2014-05-01,67.67059310055727,67.91844645403927,67.05096856939006,67.2405014038086,2655516
2014-05-02,67.23325214473175,67.67792128052474,67.11661103837159,67.3353042602539,3002829
2014-05-05,67.18946473045776,67.71432575820512,66.93432870722091,67.51021575927734,3411794
2014-05-06,67.34985438501099,67.45190645058375,66.75209556511716,66.75938415527344,2729265
2014-05-07,67.01454616935864,67.77267780624825,66.72295526234134,67.7362289428711,2678012
2014-05-08,67.56127249536394,68.26108948437803,67.48108617713108,67.76538848876953,2355000
2014-05-09,67.61955953131803,67.78722067696623,67.28423133833043,67.64871978759766,1944018
2014-05-12,67.94033151903137,68.83696991787819,67.94033151903137,68.80781555175781,2528815
2014-05-13,68.88798432925742,69.08480575894458,68.55994467865077,68.68386840820312,2670902
2014-05-14,68.71303257013386,68.9244370928668,67.5175149413949,67.60499572753906,2798134
2014-05-15,67.39361544290409,67.51753922406203,66.3366042524703,66.45323944091797,5287580
2014-05-16,66.37303715858188,66.56985862290648,66.1106065722514,66.48238372802734,3760062
2014-05-19,66.34386299323141,67.02180804073988,66.29283696552466,66.98535919189453,3020338
2014-05-20,66.83886725334082,67.00735950888252,65.98177484594486,66.1942138671875,2931414
2014-05-21,66.51652948638375,66.96339267887798,66.45059749027297,66.85350799560547,2875916
2014-05-22,66.92677259603605,67.19781914213307,66.66305051023463,66.9926986694336,2525526
2014-05-23,66.85352220918271,67.46154736078626,66.85352220918271,67.37364196777344,1977656
2014-05-27,67.72523373314978,67.76186194936666,67.49081552165553,67.6593017578125,1910592
2014-05-28,67.6007245185877,68.04758180050035,67.59339412811649,67.76921081542969,2173331
2014-05-29,67.80584912526976,68.02561853439937,67.68131549905799,68.0036392211914,1672789
2014-05-30,67.82782328583745,68.28201099124061,67.76189128195969,68.23805236816406,2559801
2014-06-02,68.34791641438717,68.54571236626026,67.92303260915975,68.42849731445312,1757999
2014-06-03,68.2746906624371,68.42852807366612,67.8571311275672,68.31864929199219,2947543
2014-06-04,68.28197993253225,68.85337653451454,68.05488618312643,68.75081634521484,2435010
2014-06-05,68.86072547426878,69.83503279218635,68.71421256053051,69.55665588378906,3548682
2014-06-06,69.71784137409487,70.00353688393746,69.60062626871148,69.73981475830078,2945421
2014-06-09,69.90095179812863,70.68479343515841,69.65188461452088,70.18665313720703,2840367
2014-06-10,69.99619883272089,70.07677975397365,69.56398452506382,69.84236145019531,2796648
2014-06-11,69.5273666381836,69.66654917884667,69.2270163140486,69.5273666381836,2187232
2014-06-12,69.48341105641795,69.5127148302175,68.4578264193336,68.61166381835938,2627502
2014-06-13,68.64099882155102,69.02925472614189,68.44320863720665,68.69227600097656,1989753
2014-06-16,68.56770521401434,68.919332677094,68.42119228838024,68.71421813964844,1999198
2014-06-17,68.56770252211173,69.21235581115111,68.4871216023239,69.08049774169922,1968424
2014-06-18,69.01455736518119,69.09513827518876,68.37722861334233,68.99990844726562,3156483
2014-06-19,69.1757123459656,69.21966502610277,68.79478121046274,69.18303680419922,2494328
2014-06-20,69.40281062072815,69.5419990591037,69.16839235769042,69.46141815185547,3291248
2014-06-23,69.30025848663824,69.47606922400122,68.82409155635217,69.05850982666016,2374206
2014-06-24,68.97062447096609,68.99992824594156,68.07689788400914,68.14282989501953,3028508
2014-06-25,67.90107410049443,68.48711983415602,67.82781764244466,68.2820053100586,2399143
2014-06-26,68.42851080748756,68.4871183449476,67.83514062707076,68.172119140625,1818378
2014-06-27,67.82050289009658,68.37725091350242,67.76922572993288,68.31864929199219,2144681
2014-06-30,68.26003141341407,68.2893351851051,67.83514748147378,68.09154510498047,2498148
2014-07-01,68.34061768782892,69.46143811417814,68.18678028782855,69.2929458618164,4647285
2014-07-02,69.03653620977553,69.30025824563887,68.83874023482606,69.06583404541016,2399037
2014-07-03,69.43211464493584,69.73246489892671,69.35885819612169,69.50537109375,1614426
2014-07-07,69.38816461333236,69.41746838012497,68.91199767784454,69.13909149169922,3092283
2014-07-08,69.08785916026262,69.24169662228725,68.75820491417848,69.01460266113281,2566804
2014-07-09,69.31490941452732,69.49805054687121,68.82409355214013,69.25630187988281,1998561
2014-07-10,68.48711283058691,69.25629963071502,68.32595101165263,69.06583404541016,2950833
2014-07-11,69.02921885093913,69.57864233384372,68.91933415435821,69.52003479003906,2692019
2014-07-14,69.86433115506361,70.22328898256562,69.6592166327314,70.13538360595703,3309606
2014-07-15,70.00350590493771,70.52362546463802,69.87164786584016,70.2965316772461,4272064
2014-07-16,70.65549443454579,70.88258825707042,70.46502883922629,70.61154174804688,3359586
2014-07-17,69.87900397752875,70.58225903274425,69.7105117098343,69.71784210205078,4007521
2014-07-18,70.5456130132339,71.26351675010116,70.06944607759185,70.92654418945312,4762420
2014-07-21,70.83863735223349,71.42468900225558,70.53828706774446,71.30747985839844,3970169
2014-07-22,71.73970977179151,71.85691895088358,70.8899417406895,71.19761657714844,4071508
2014-07-23,71.60781466540372,71.6444428856132,70.75804114269107,70.76536560058594,3363830
2014-07-24,70.7580749167621,70.91191232892415,70.26725890397417,70.33319091796875,2327728
2014-07-25,70.19396946311002,70.49431968498845,70.069435885735,70.15001678466797,2383120
2014-07-28,70.20132772848467,70.32586729657041,69.12446583048805,69.71784210205078,3509844
2014-07-29,69.66655445187858,69.86434455254523,68.63364532107487,68.69957733154297,3700213
2014-07-30,69.46875814009688,69.46875814009688,68.3772415574154,68.9120101928711,2798028
2014-07-31,68.35525852020596,68.45049429170314,67.27107238769531,67.27107238769531,4359715
2014-08-01,67.21247026446876,67.61538083203357,66.61910000003077,67.08061218261719,4916604
2014-08-04,68.0255908508339,68.0255908508339,66.47988708587732,66.92675018310547,3527989
2014-08-05,66.56048096126578,67.60072023833814,66.36269090727222,66.83885192871094,4550403
2014-08-06,66.19418536332377,66.6703522196309,66.06232733078744,66.3406982421875,4124353
2014-08-07,66.65569206897358,66.95603630313802,66.3626663606367,66.63371276855469,3808132
2014-08-08,66.74362076582928,67.9743196823476,66.5751285522788,67.91571807861328,3102576
2014-08-11,68.12816744103037,68.74351693960385,68.09886367187532,68.24537658691406,2983940
2014-08-12,67.996323841683,68.52376812174239,67.7985337193453,68.062255859375,2331654
2014-08-13,68.33327570819786,69.11711735960513,68.18676280657138,69.05850982666016,2373251
2014-08-14,69.20502494392892,69.4247943034047,69.05851203761173,69.14642333984375,2077086
2014-08-15,69.2196632557512,69.43210812350546,68.49442922519754,69.0291976928711,3669334
2014-08-18,69.31489310929754,69.8862897493568,69.29291380629209,69.78372955322266,3004420
2014-08-19,69.97509797396809,70.03397770228602,69.68068145572778,69.71748352050781,2540169
2014-08-20,69.9530344616004,70.64490871125787,69.62181578336151,70.49034118652344,2729478
2014-08-21,70.64490777902171,70.90252230314135,70.3210542872366,70.61547088623047,1604345
2014-08-22,70.46828243191685,70.57868868763201,70.10762080480328,70.3357925415039,1538130
2014-08-25,70.6890689888987,70.78475676700639,70.4461788703629,70.51978302001953,1258200
2014-08-26,70.5786559262425,70.68905617182493,70.26215575655152,70.29895782470703,1615594
2014-08-27,70.47562951602579,70.57867652871826,70.12969235793588,70.3431396484375,1383627
2014-08-28,70.02662848854926,70.21799806097721,69.70276908042575,70.14439392089844,1003631
2014-08-29,70.18121048119464,70.34313723924708,69.79847125731489,70.09288787841797,1242177
2014-09-02,70.05607982453756,70.50506394164134,69.96775127041026,70.29161071777344,1775084
2014-09-03,70.55660080725725,70.6228457484775,70.11497581097098,70.2621841430664,1424057
2014-09-04,70.27689076216241,70.67434839110096,69.79110458099362,69.91622924804688,2675678
2014-09-05,69.91624567369253,70.5197974407443,69.55559003373202,70.37258911132812,2041007
2014-09-08,70.321062719865,70.3873016954736,69.90888062362335,70.10025024414062,2145636
2014-09-09,69.95304650741366,70.1296976913372,69.43045813909151,69.5261459350586,2377496
2014-09-10,69.43044627842626,69.63654028427814,69.04034785440807,69.45252990722656,2649786
2014-09-11,69.28323937346234,69.7690255868944,69.14339625119226,69.73222351074219,1623446
2014-09-12,69.74695739878621,69.90888417231608,69.38629581168476,69.55558776855469,3209434
2014-09-15,69.41571459179808,69.79845371950945,69.0182510613999,69.66596984863281,2877401
2014-09-16,69.5335068340918,69.9383297425091,69.10660625145631,69.82056427001953,2374525
2014-09-17,70.04136960367407,70.64492136412112,69.84999996930449,70.3210678100586,3325311
2014-09-18,70.65963436524477,71.02764916646088,70.41673828002367,70.94668579101562,2797391
2014-09-19,71.18956634143152,71.34413383516774,70.83626410527667,71.02763366699219,5718405
2014-09-22,70.52715353118155,70.90253356273348,69.59974824773761,69.70278930664062,2367415
2014-09-23,69.44517752206526,69.5040572731884,68.68705826929325,68.73857879638672,3543694
2014-09-24,68.67967100244506,69.20225916491474,68.62815049191799,69.06241607666016,2492736
2014-09-25,68.84158775824613,68.92255109559277,67.95834430851266,68.0098648071289,2402645
2014-09-26,68.03196982465697,68.70911957515086,67.89947998813821,68.67231750488281,2539002
2014-09-29,68.03198167093215,69.06243385898372,67.98045518825403,68.84162139892578,3241692
2014-09-30,68.7679894012876,68.98143659247673,68.2085992540827,68.5398178100586,2719397
2014-10-01,68.26751167240357,68.34111582477972,67.20025742183492,67.46522521972656,4731010
2014-10-02,67.41370906665992,67.61980309022715,66.46422020656611,67.0677719116211,2891196
2014-10-03,67.64187085943458,67.7964383750388,67.08984572052944,67.50202178955078,2698704
2014-10-06,67.7743682043454,68.26015443236625,67.46522718005171,67.67868041992188,2539108
2014-10-07,67.10459364897588,67.24444278030306,66.05205746875029,66.08885955810547,2748791
2014-10-08,66.15508440382901,67.362187800687,65.71345946579245,67.31066131591797,3667318
2014-10-09,67.25910824326247,67.40631648470706,65.8753603078959,66.07408905029297,2855860
2014-10-10,65.91219362705927,66.08883883346034,64.69036583539499,64.6977310180664,4934537
2014-10-13,64.7860702272874,65.13936668953247,62.975414685368,63.04901885986328,4374041
2014-10-14,63.2992835465608,64.0058765748826,63.085830217380725,63.43913269042969,5965546
2014-10-15,62.68836068250392,63.09317766726496,61.010195104873205,62.64419937133789,8395038
2014-10-16,61.62844276052592,63.88807569715385,61.44443239912923,63.586299896240234,6378544
2014-10-17,65.67663950881936,66.81749755911417,65.42638427631965,66.28754425048828,8315028
2014-10-20,65.76497956287845,66.25812497889962,65.48528141240114,66.24340057373047,4789373
2014-10-21,66.68502365834746,68.4147151584733,66.68502365834746,68.39263153076172,4817281
2014-10-22,68.86369374174535,69.02562644192403,67.07512248787124,67.09720611572266,5575045
2014-10-23,68.30430919383083,69.55557374190133,68.1571008988949,68.87841796875,4329791
2014-10-24,68.84898818463377,69.81319554879626,68.60609802722306,69.70278930664062,2826572
2014-10-27,69.32739732951846,69.4893240593065,68.6355171989172,68.96673583984375,4373616
2014-10-28,69.48198687932708,70.21066335342336,69.29797646488126,70.04873657226562,3379641
2014-10-29,70.10027547396886,70.46829639929743,69.45992144745237,69.9604263305664,2763859
2014-10-30,69.48198719958722,70.67436634825107,69.29797678429325,70.35787200927734,2432569
2014-10-31,71.34415544170444,71.38095752082923,70.57131178008403,70.74796295166016,4240124
2014-11-03,70.84364373425703,70.84364373425703,70.2400920798583,70.40937805175781,3279894
2014-11-04,70.43883031086018,70.5565957763622,69.83527857585857,70.13705444335938,2855860
2014-11-05,70.89516901803044,71.31471032318287,70.4388256349213,71.18222045898438,2946694
2014-11-06,71.31471032318287,71.37359007258222,70.75531993001775,71.18222045898438,3202748
2014-11-07,71.17486816383354,71.38096220400813,70.75532681784,71.22639465332031,2509608
2014-11-10,71.29998189150233,71.67536187369213,70.94668553839412,71.59439849853516,1939880
2014-11-11,71.54288532407443,71.83730196134698,71.20430738298818,71.3809585571289,1310514
2014-11-12,70.92462451446667,71.52817631698566,70.90254088020197,71.40304565429688,1921522
2014-11-13,71.42510851935992,71.98449884957509,71.20429607646828,71.43982696533203,2566274
2014-11-14,71.49873397825843,71.62385868297164,71.0865518204473,71.24111938476562,1430530
2014-11-17,70.79212147917643,71.13805862583135,70.79212147917643,71.04973602294922,1847984
2014-11-18,71.22587887119558,71.95848675388773,71.10747202979746,71.65508270263672,2364019
2014-11-19,71.4626693725586,71.55886742732339,71.04086453704943,71.4626693725586,1432334
2014-11-20,71.14444609826303,71.69205656657546,70.92984725821105,71.5810546875,1843740
2014-11-21,72.32847079614591,72.82427686590972,72.23227274807566,72.69107818603516,3534993
2014-11-24,72.92048125309947,73.15728290136346,72.4912775167416,72.7206802368164,2074433
2014-11-25,72.71327555202353,73.41628756192783,72.63187535961004,73.17208099365234,2959534
2014-11-26,73.36449680358572,73.42369422656255,73.16468977457048,73.3200912475586,2316480
2014-11-28,73.4459107045093,73.51991199031058,73.21650791673275,73.31270599365234,1643820
2014-12-01,72.96489842898305,73.19430120444193,72.01768561620914,72.07688903808594,3228534
2014-12-02,72.12866835452401,72.41727447509766,71.95106412716832,72.41727447509766,1788666
2014-12-03,72.62448662945408,74.04530271416726,72.62448662945408,73.97870635986328,2850342
2014-12-04,73.88991088977603,73.88991088977603,73.08330168416657,73.45330810546875,2023392
2014-12-05,73.7196782664106,74.11928022827712,73.54207406611775,73.77147674560547,1562430
2014-12-08,73.53469507073652,73.83809908333077,72.94268490331925,73.07588958740234,1665043
2014-12-09,72.14348971195339,73.5643059025493,72.1138880017035,73.4977035522461,1819970
2014-12-10,73.40144301761671,73.44584854434468,72.07683190671175,72.15083312988281,2534121
2014-12-11,72.29887078412156,72.89087486675082,72.20266675073735,72.43946838378906,2348845
2014-12-12,71.8548699349469,72.143476071,70.92246117114799,70.95205688476562,2508229
2014-12-15,71.80307400769519,72.02507182292614,70.57465414456196,70.90026092529297,3525761
2014-12-16,70.97425609450157,72.56527724497535,70.90025483210582,71.32205963134766,4285329
2014-12-17,71.33686467801557,72.39507924231965,70.73746158143327,72.26927947998047,5212982
2014-12-18,73.23127423879289,74.46708679199219,73.01666940418626,74.46708679199219,3880714
2014-12-19,74.48933038062937,75.29593969762699,74.32652992918925,74.85933685302734,4685699
2014-12-22,74.71869705048795,75.46610856496751,74.61509409012648,74.89630126953125,2708043
2014-12-23,75.19231717513611,75.76212459835197,75.14051867885682,75.46612548828125,1609970
2014-12-24,75.73251040918888,75.76951104072943,75.44391027600044,75.45130920410156,643585
2014-12-26,75.51792576982943,75.62152875587313,75.19972387323898,75.20712280273438,1088629
2014-12-29,75.05168360693885,75.42908873192465,74.8740794331123,75.23668670654297,1044273
2014-12-30,74.8889168386606,75.05912217660676,74.42271237604336,74.5337142944336,1576331
2014-12-31,74.71873429702546,74.99993562557172,73.90472603678495,73.94172668457031,1849682
2015-01-02,74.14890165357114,74.62990991218943,73.3348936684834,74.17110443115234,2258860
2015-01-05,73.92688546427522,73.92688546427522,72.52086755014467,72.75767517089844,3348656
2015-01-06,72.74287245465776,73.62348264769217,72.1730651543373,72.58747100830078,4490130
2015-01-07,73.31267024050501,73.8898763936407,72.88346658679393,73.11286926269531,2770013
2015-01-08,73.73446690317733,74.59288010774942,73.73446690317733,74.44487762451172,2717699
2015-01-09,74.51151240833464,74.57810876198424,73.12769098347945,73.20909118652344,2813733
2015-01-12,73.40889133788585,73.53469109524671,71.95847369536978,72.8538818359375,2928549
2015-01-13,73.36448065027315,74.17108954462165,72.52086513703824,73.37187957763672,3632088
2015-01-14,72.28409001164269,73.23130283724623,72.28409001164269,73.03150177001953,3288807
2015-01-15,73.4532643245992,73.54946234217822,71.85484472653506,71.86224365234375,3708490
2015-01-16,71.68464558734127,72.75766366101075,71.4108433718528,72.68366241455078,5125119
2015-01-20,73.46807461987716,73.81587811109208,72.47646262669967,73.2460708618164,4034474
2015-01-21,72.876069831843,73.6382791319744,72.63186330410115,73.44587707519531,2658487
2015-01-22,73.81589525566551,73.96389779541461,72.61708307114743,73.54949188232422,4697159
2015-01-23,74.7408935756817,76.90171577004944,74.37088731320748,75.85090637207031,6242081
2015-01-26,75.791708688409,75.84350717264742,74.93330128398514,75.39950561523438,3501673
2015-01-27,74.61508853353098,75.33289829287553,73.97868494550175,74.6668930053711,2670054
2015-01-28,75.13310541662754,75.85091525346235,73.82329148155021,73.86769104003906,4046253
2015-01-29,73.66787910311588,74.23028141525845,72.56526526823116,74.12667846679688,4807412
2015-01-30,73.45327448353123,73.81587581760373,72.18046136431067,72.34326171875,4349316
2015-02-02,72.9426884411555,73.9047050098679,71.7364772521965,73.83070373535156,3780542
2015-02-03,74.00090578015683,74.97032131358915,73.97130407105986,74.94071960449219,2933324
2015-02-04,74.65951282846233,75.11091942418882,74.30431029015253,74.55591583251953,2615192
2015-02-05,74.7409223057844,75.85093552885752,74.61511653356351,75.73252868652344,2711757
2015-02-06,75.66591237403009,76.1173188705285,75.06650335467745,75.29590606689453,2551736
2015-02-09,75.07390252861967,75.46611161188247,74.83710088769085,75.17750549316406,2391291
2015-02-10,75.48091776039746,75.95452109428678,75.08871462508064,75.8065185546875,1806706
2015-02-11,75.62152740253133,76.08033291546762,75.38471972566427,75.79912567138672,2042280
2015-02-12,75.96931371302654,76.74632094002949,75.96191478534739,76.5909194946289,2060850
2015-02-13,76.40589319949369,77.29390204575594,76.40589319949369,77.24210357666016,2090668
2015-02-17,77.01275126172979,77.27175575850669,76.70934719228418,76.96095275878906,2438936
2015-02-18,77.13111743163309,77.66392404611605,77.00531770047388,77.41972351074219,2405616
2015-02-19,77.16072579792151,77.69353245844442,76.97572265315182,77.47892761230469,2081649
2015-02-20,77.39752367079248,77.98953370532585,76.65011819143511,77.96733093261719,3581047
2015-02-23,77.92291255550656,77.92291255550656,77.04230263468189,77.24210357666016,3263870
2015-02-24,77.21831173006899,77.7463397802786,77.03239195718191,77.56785583496094,2496026
2015-02-25,77.4191270056129,77.95459096504518,77.3968134985891,77.63479614257812,2274353
2015-02-26,77.49351435488698,77.61250570301635,76.92086510524956,77.07704162597656,2021163
2015-02-27,76.86136276270484,77.24808613094899,76.40026905280492,76.43745422363281,3178236
2015-03-02,76.43744777218181,77.81329295577534,76.25152193373478,77.77610778808594,3385478
2015-03-03,77.25551276105912,77.64223608325081,77.04727944176906,77.37450408935547,2637158
2015-03-04,77.6124948100444,77.6124948100444,76.16971513248372,76.63824462890625,2659548
2015-03-05,77.13653412523497,77.22578215182828,76.60851190057193,76.69775390625,2380043
2015-03-06,76.0879118418164,76.4300141904364,75.5598836492818,75.76068115234375,2618164
2015-03-09,75.96891582730181,76.9729093016946,75.85736032782326,76.7051773071289,2634717
2015-03-10,75.96150233844378,76.1548640568914,75.2401123046875,75.2401123046875,3186937
2015-03-11,75.3144413169641,75.4631819450315,74.80128494594909,74.85334777832031,2619861
2015-03-12,75.10622140072564,76.28126905297898,75.10622140072564,76.199462890625,2763965
2015-03-13,76.13255054206758,76.19204923432041,74.59309262578924,75.2401123046875,2748897
2015-03-16,75.48551746298763,76.48951105442588,75.40371129134925,76.43745422363281,2373251
2015-03-17,75.87969441095919,76.236668493536,75.7383895357885,76.01355743408203,1963013
2015-03-18,75.84251056339711,77.538145011495,75.25498355902306,77.22579193115234,3139716
2015-03-19,76.80188505782594,77.03986778910169,76.20692220872043,76.61595916748047,2374949
2015-03-20,77.1290867258905,78.94371203495535,77.04728056280364,78.38594055175781,10572084
2015-03-23,78.37848747919888,78.37848747919888,77.28524622001962,77.56785583496094,4267077
2015-03-24,77.41916127516518,77.96206130361516,77.13655149203144,77.38941192626953,2545793
2015-03-25,77.64969578370363,77.64969578370363,75.79787888802399,75.8053207397461,2619755
2015-03-26,75.39625158156514,76.31100288165874,75.02439999106048,75.98377227783203,2947119
2015-03-27,75.93915657345916,76.63823279550498,75.86478625018505,76.57130432128906,3384417
2015-03-30,77.12910718773361,78.16285028620138,77.03242934058815,78.02154541015625,2743697
2015-03-31,77.53070400669502,77.95461259043255,77.18860160321546,77.57532501220703,2919210
2015-04-01,77.3819548351586,77.41914000583314,76.31846256641576,76.77955627441406,2811716
2015-04-02,76.87623302814411,77.35219835209786,76.45976035922739,76.9803466796875,2161128
2015-04-06,76.46719890910481,78.13308362312749,76.40770023103651,77.70917510986328,2332397
2015-04-07,77.61251387608998,77.97692378918916,77.44145965576172,77.44145965576172,1940835
2015-04-08,77.33732135509884,77.89509886863634,76.9654757003216,77.23320770263672,2213124
2015-04-09,77.24063701216419,77.81328613602686,76.93571986801764,77.63479614257812,2076024
2015-04-10,77.91741166258574,78.01408948482981,77.32244898693834,77.86534881591797,2235727
2015-04-13,77.57529875282336,77.82815303877166,76.80928802490234,76.80928802490234,2973223
2015-04-14,76.57876158317987,77.01010596635123,76.21434569295712,76.78699493408203,2320618
2015-04-15,77.15882641061522,77.52323618431376,76.96546477089662,77.1885757446289,2358714
2015-04-16,76.77212773301856,77.47120419133654,76.63825869751506,77.2852783203125,3565766
2015-04-17,76.6084892241951,76.85390767762271,75.00953330011545,75.63423919677734,7126970
2015-04-20,75.96892269963271,76.48207322692352,75.92430169998762,76.28871154785156,3230444
2015-04-21,76.37050670274377,76.57874603227377,75.12853063793546,75.35907745361328,3351733
2015-04-22,75.28469575093385,76.11764090138816,75.12851928783779,75.99864959716797,3532977
2015-04-23,75.84251703352643,76.92831707609317,75.64915529963213,76.60852813720703,3428030
2015-04-24,76.578748046973,76.63824069917966,76.12509023239808,76.22920989990234,2865092
2015-04-27,76.51183256020346,76.80187812715164,76.1548584955035,76.25897216796875,1980097
2015-04-28,76.56385999809402,76.83903379786415,75.81272698239432,76.54898834228516,2234666
2015-04-29,76.04330430819492,76.48208456079509,75.51527602216409,75.66401672363281,2881964
2015-04-30,75.53014172095703,75.82762310040877,74.88312814993078,75.0541763305664,3320111
2015-05-01,75.53012758484692,76.24408155772548,75.42601393825676,76.22920989990234,2227662
2015-05-04,76.21434120813814,76.85392492549065,76.102785698568,76.28871154785156,2528497
2015-05-05,76.24409215041543,76.51182417482697,75.32190473532174,75.51526641845703,2349269
2015-05-06,75.96893418577584,76.0433045367337,74.60052454488357,75.10623931884766,4069174
2015-05-07,74.85336177360358,75.23264924190799,74.48151013391028,75.12109375,4761465
2015-05-08,76.0210027476818,76.20692865375155,75.80533351337421,75.9466323852539,4197042
2015-05-11,76.58619674557274,76.89111394949873,76.27384371148563,76.37052154541016,3587626
2015-05-12,75.7681170698456,76.19202555241114,75.44832223498797,76.08790588378906,2633338
2015-05-13,76.67540915203293,78.2594932433132,76.62335234008445,77.67196655273438,4894002
2015-05-14,77.98435307331407,79.26352062962114,77.71662102907716,79.1594009399414,5248849
2015-05-15,79.33045431152453,79.516374155612,78.89166806593491,79.46431732177734,5802554
2015-05-18,79.3155812911427,79.65024786781602,79.27096028510273,79.40482330322266,3224290
2015-05-19,79.52290013951621,79.68731619470155,78.9399869900468,79.07450866699219,2655091
2015-05-20,79.15671872920457,79.64995482575095,78.9175757885364,79.38838958740234,3583381
2015-05-21,79.42573671370144,79.81434541024713,79.27627089960421,79.48551940917969,2822328
2015-05-22,79.41826531118092,79.59014736869975,79.09691138802084,79.15670013427734,1547150
2015-05-26,78.85029453623041,78.96986597561474,78.0730771550984,78.3495864868164,2315631
2015-05-27,78.58125363572822,78.90260148600846,78.30474431685134,78.75313568115234,2219597
2015-05-28,78.73070762678428,79.04458334977711,78.33462693350917,78.98479461669922,2554389
2015-05-29,78.81291164243622,78.88017245376754,77.72181870424541,77.87128448486328,2521069
2015-06-01,77.89374430913787,78.25246480345811,77.36314170108609,77.7667007446289,2283372
2015-06-02,77.69940974450174,78.56631021072793,77.0940804894894,78.14033508300781,2073902
2015-06-03,78.4691677957648,78.76062737548183,77.94604343894513,78.4542236328125,1609545
2015-06-04,77.94604949287411,78.36454659072639,77.29587549938844,77.5125961303711,2620604
2015-06-05,77.4826959491147,77.76667737570102,77.25102513919039,77.52753448486328,1691359
2015-06-08,77.54995991661384,77.6620592944021,77.16135116038868,77.1688232421875,1563067
2015-06-09,77.22113855047327,77.71436854370162,77.14640563326864,77.39302062988281,1617398
2015-06-10,77.94601431915221,78.47661055922299,77.46772262987407,78.29725646972656,2231694
2015-06-11,78.64106075301052,78.64106075301052,78.12540239571494,78.39443969726562,1731577
2015-06-12,78.05065454139361,78.31969179146594,77.49016379973236,77.75920104980469,1326113
2015-06-15,77.10904034892518,77.467754726809,76.4738105430121,77.3033447265625,3044850
2015-06-16,77.10902949237534,77.9684518820457,77.04176866528316,77.79656982421875,1927252
2015-06-17,78.00580005725953,78.24494288614159,77.13890578999553,77.87128448486328,2832409
2015-06-18,77.95350898457342,79.15670155967476,77.95350898457342,78.86524200439453,2363913
2015-06-19,78.6335529837566,79.13426093819565,78.54387593379532,78.72323608398438,2952955
2015-06-22,79.1417609892536,79.37343180771339,78.13286667153382,78.74567413330078,2322741
2015-06-23,78.67839431417954,78.73070491612184,78.11042557056022,78.28977966308594,1919612
2015-06-24,78.28232767478556,78.66346429461761,77.79656982421875,77.79656982421875,2439467
2015-06-25,78.5214925643526,78.5214925643526,77.13893953902341,77.24356079101562,1538236
2015-06-26,77.52006234512938,77.53501255837969,77.10903736044303,77.3780746459961,2243792
2015-06-29,76.92220123288273,77.08661121855208,76.08519504176363,76.1150894165039,2270108
2015-06-30,76.72788801203573,77.06418607592533,75.9058321283508,76.20475769042969,2329744
2015-07-01,76.95956961084738,77.33323417876305,76.58590504293173,76.85494232177734,2303852
2015-07-02,77.07912816076657,77.20617167248562,76.36917165082997,76.60831451416016,1902739
2015-07-06,75.85350831976102,76.94460739197756,75.74888710551025,76.51115417480469,2400841
2015-07-07,76.5410665048355,76.95956961084738,75.51723405912216,76.85494232177734,2509078
2015-07-08,76.22716547425803,76.51861890061367,75.29301041372733,75.4574203491211,2489659
2015-07-09,76.46633793523868,76.76526960655326,75.58449313502184,75.61438751220703,2887058
2015-07-10,76.21972401430459,76.72790423256382,75.91332025692836,76.53359985351562,2731706
2015-07-13,77.22859417127633,77.62467491787729,77.06418420857666,77.54994201660156,1706958
2015-07-14,77.5126017736182,78.02826017682251,77.2734588287866,77.7816390991211,1531445
2015-07-15,77.78164148146288,78.06562903113421,77.39303267164165,77.60228729248047,2902550
2015-07-16,78.38696958373721,78.38696958373721,76.99694449919802,77.40049743652344,4911404
2015-07-17,78.4093696183464,79.6798228774048,77.92360576478073,78.87271118164062,5775283
2015-07-20,78.9923033297205,79.80688731912646,78.8652537353064,79.49301147460938,4799135
2015-07-21,79.23142321512282,79.51540459895037,78.61114378841502,78.76808166503906,3952129
2015-07-22,78.73822120519394,78.85779268410398,78.10299734534249,78.2748794555664,3318944
2015-07-23,78.30474579457571,78.82039799084656,77.87877066280393,77.96097564697266,2514171
2015-07-24,77.84889771364347,78.11046294905522,76.45140049767751,76.80264282226562,2974708
2015-07-27,76.22719770399898,76.26456416422982,75.74891185325916,75.95816040039062,3492547
2015-07-28,76.75029718049562,78.11042731374533,76.45136561925987,77.87128448486328,4169027
2015-07-29,77.87129515450361,79.09690383301911,77.6844629031322,78.87271118164062,2730220
2015-07-30,78.48410449273216,79.04459521067525,78.1851728830199,78.75313568115234,2347678
2015-07-31,79.03713322668364,79.1567046757891,78.41685368745667,78.50653076171875,2100006
2015-08-03,78.48410589241001,78.48410589241001,77.64709979039559,78.24495697021484,2491675
2015-08-04,78.25989066386688,78.76807067202542,77.78907104943615,78.1851577758789,3051854
2015-08-05,78.84281218285625,79.41825306319173,78.65597994245292,79.01469421386719,2075600
2015-08-06,79.06702555553484,79.44068405546986,78.76809391537245,79.0595474243164,2254509
2015-08-07,78.96238541243999,79.17163389631688,78.4616774168152,78.81291961669922,1933194
2015-08-10,79.55277388086827,80.27020852117242,79.46309681968047,80.18800354003906,2351286
2015-08-11,79.2986988952897,79.56025803850444,78.10297834677888,78.74567413330078,3432168
2015-08-12,78.68587893026921,79.05206530274342,77.44532004148368,78.87271118164062,3879229
2015-08-13,78.454212353377,79.14175265516565,78.18517510703654,78.8577651977539,2199011
2015-08-14,78.96241502489626,79.3734461173281,78.79800500803123,79.27629089355469,1673426
2015-08-17,78.88768370451702,79.47806899090102,78.2524598717363,79.4257583618164,2421639
2015-08-18,79.43175520387636,80.10764569783962,79.28155731632899,79.76219177246094,3636545
2015-08-19,79.22897589544523,79.59695578824146,78.70328338585016,78.8835220336914,2641721
2015-08-20,78.17009001211957,78.33531132244596,77.05112678796503,77.08116149902344,4242352
2015-08-21,76.50287759657493,76.63805807262204,74.2349050041983,74.25743103027344,7805890
2015-08-24,69.33850286927733,73.96457175012027,65.33574542384531,71.55390930175781,8159888
2015-08-25,73.85943734810371,74.00212655149825,70.44996246203317,70.54008483886719,6457493
2015-08-26,72.29738929334773,73.50647494654243,71.41873411635223,73.46892547607422,5586187
2015-08-27,74.45270196739375,75.47404001557703,73.87444269720034,75.01593780517578,5343078
2015-08-28,74.7380917260626,75.2863103397111,74.43018728827357,75.11358642578125,3667636
2015-08-31,74.80567633761943,75.3839356995474,74.42267298881644,74.55033874511719,4501166
2015-09-01,72.83058186952083,73.17603574063635,71.65903974665491,72.0645751953125,4537351
2015-09-02,72.86813714427328,73.6041030883789,72.47762509882139,73.6041030883789,4052620
2015-09-03,73.9870782278055,74.84320708028885,73.87443593448059,74.02462768554688,3315336
2015-09-04,73.07837598664742,73.37126292227192,72.13964578563257,72.53766632080078,3877106
2015-09-08,74.20489737152054,74.96339551953295,73.88948422637536,74.95588684082031,3942154
2015-09-09,75.42899886250726,75.86456906231876,74.07722403559123,74.24243927001953,3494882
2015-09-10,74.13728138316593,75.21119230375609,73.79182756311523,74.76060485839844,3739476
2015-09-11,74.70054585955273,74.82821163165502,73.91952171038331,74.81319427490234,2713348
2015-09-14,75.10606356284579,75.10606356284579,74.29499874691977,74.51278686523438,2658275
2015-09-15,74.82819811145865,75.6542863414289,74.55784317944847,75.3388671875,3181207
2015-09-16,75.61673909918689,75.94716953696766,75.38393362533203,75.81950378417969,3441931
2015-09-17,75.79696246478836,76.81830660272168,75.33135157364079,75.49656677246094,2866578
2015-09-18,74.56537110724507,74.61794401975635,73.40885823052692,73.62664031982422,5200354
2015-09-21,73.73175790509922,74.03966228906103,72.9957920702515,73.40132141113281,2847477
2015-09-22,72.30489534492644,72.39501163881606,71.5088478158978,72.1246566772461,4861637
2015-09-23,72.25983750464076,72.4325614153124,70.69027455334545,71.03572845458984,6065400
2015-09-24,70.32979071544496,70.55508749072413,68.89540854204763,70.30725860595703,5916309
2015-09-25,71.16339970036928,71.18592573379756,69.87170040051195,70.232177734375,4136875
2015-09-28,69.7139901663419,70.13454298037823,68.76775089468572,68.78276824951172,4629670
2015-09-29,69.06812509695312,69.91673305796645,68.8728630656877,69.48116302490234,3663073
2015-09-30,70.32980806464201,71.22348062978355,70.2021422924508,71.11083221435547,4667129
2015-10-01,71.14837289515438,72.15469375138416,70.29224990760378,71.12584686279297,3517484
2015-10-02,70.11950866177544,72.55269650878148,69.84915378100818,72.50012969970703,4050922
2015-10-05,72.90567800939708,74.29499603796883,72.77049750505476,73.8819580078125,3933135
2015-10-06,73.88194581677821,74.40763215384446,73.70921587638693,73.75428009033203,2765132
2015-10-07,74.37009181107118,75.3613952011797,74.16732714306265,74.71554565429688,3163698
2015-10-08,74.4001721489005,76.14996832506313,74.37013134658493,75.90214538574219,3273102
2015-10-09,75.93967813740858,76.68315287147018,75.85707050916862,75.96971893310547,3513982
2015-10-12,76.06731484505154,76.36020185132146,75.72936970240926,76.22502136230469,1869844
2015-10-13,75.60922241083469,75.91712680902988,74.88827997596334,74.96337890625,3884004
2015-10-14,74.99341477599701,75.09854840758292,73.77681461710259,73.79183197021484,3768233
2015-10-15,74.21989924122946,74.21989924122946,73.1535029292148,73.97207641601562,6386184
2015-10-16,75.09856516343758,75.73690617143484,71.5914652382233,72.8681411743164,13418393
2015-10-19,72.68790969472566,73.24363705750021,72.47012152504001,72.98079681396484,6311692
2015-10-20,72.99579706033322,74.22741468037535,72.99579706033322,73.8068618774414,4933582
2015-10-21,74.24993413037016,75.03095808948727,73.76930587242119,74.17483520507812,3855141
2015-10-22,74.5503408752992,77.27641645949609,74.5503408752992,77.03610229492188,4686229
2015-10-23,77.58430160128171,77.95228751425225,76.66810331655195,77.44912719726562,4360033
2015-10-26,77.66694428357191,77.66694428357191,77.01358588704751,77.18630981445312,2018086
2015-10-27,77.03610153093345,77.34400595120964,76.62306346463676,76.9384765625,2602459
2015-10-28,76.98353790312623,77.83966094140297,76.75824108675843,77.78709411621094,2669735
2015-10-29,77.5317313746804,77.98232486134593,76.84833246921754,77.30643463134766,3320429
2015-10-30,77.56929914354575,78.10250034599194,77.30645288094122,77.5617904663086,3102046
2015-11-02,77.55429307092209,78.36535192853154,77.35152227661824,78.23768615722656,2600336
2015-11-03,78.07997481577992,78.26021348416698,77.64440462040407,77.83966064453125,2617209
2015-11-04,77.86967045993084,78.26769102772562,77.5091932665519,77.62935638427734,2059258
2015-11-05,77.63690876340821,78.0424382343714,77.2463966506651,77.8021240234375,2360093
2015-11-06,77.25390926322223,78.10252380371094,77.05865319690905,78.10252380371094,2605218
2015-11-09,77.61436400029623,77.81712870274093,76.61555176394492,77.13373565673828,3474720
2015-11-10,76.80328601763664,77.24637089622688,76.08234362520179,76.90091705322266,2926002
2015-11-11,77.26139588990449,78.20012647616326,76.93847412468605,77.54676818847656,2444454
2015-11-12,76.94599661425214,77.08117107050322,76.32267900397383,76.57801055908203,3690875
2015-11-13,76.41278262025723,76.98353330498513,75.69183406692196,75.90962219238281,2595773
2015-11-16,75.90959349653531,77.34397530362037,75.81947724139752,77.32144927978516,2438193
2015-11-17,77.93709218862226,77.93709218862226,77.00045745505174,77.26483154296875,2572004
2015-11-18,77.5140933910461,78.66978214130215,77.36302248654931,78.60179901123047,2690852
2015-11-19,78.75289088851206,79.44781478816712,78.60937226797135,79.3420639038086,3617126
2015-11-20,79.60642425771682,80.17293408700556,79.57620885096031,79.78770446777344,2718654
2015-11-23,79.73481999877373,80.01429870958935,78.43561885770961,79.00212860107422,3326266
2015-11-24,78.02770440949725,78.405381543015,77.1137330846706,77.92951202392578,6100736
2015-11-25,78.16368201189374,78.48848072489815,77.73313246304906,78.27698516845703,3952872
2015-11-27,78.29965720223689,78.8586146566825,78.12592933120996,78.60179901123047,1214693
2015-11-30,78.7830890000047,78.96436920167679,78.42051636617867,78.51871490478516,3071485
2015-12-01,78.48093068734354,79.51575765272482,78.38273216936945,78.66976928710938,3464215
2015-12-02,78.48850686355301,78.7755379532916,77.7407106733919,77.87667083740234,2634717
2015-12-03,78.11081635720616,78.31476574163932,76.9400229957882,77.34791564941406,2868063
2015-12-04,77.63494728297322,79.09277781201611,77.3554685615413,78.97191619873047,3769188
2015-12-07,78.97190727873155,79.19851360518584,78.26187901469996,78.69242858886719,2438936
2015-12-08,77.82381323116921,78.22414759119104,77.34038495403172,77.5443344116211,2877720
2015-12-09,77.12130020542585,78.2165579875908,76.60011055333543,76.96267700195312,2615298
2015-12-10,77.16662849141741,77.30258863095985,76.51702485074031,76.86448669433594,2984259
2015-12-11,75.73903266701285,76.28288559406695,73.95640906410611,74.1981201171875,5893282
2015-12-14,74.28117315177863,74.82502582435278,73.76753587551173,74.76459503173828,6113470
2015-12-15,75.10451987038007,75.49730175714099,74.31140377504369,74.37938690185547,5397091
2015-12-16,76.84183427989534,78.85861621828745,76.51702938269901,78.61690521240234,7811302
2015-12-17,78.7075607257887,78.95682408345198,77.24217764220059,77.27994537353516,3976217
2015-12-18,77.1137493261824,77.79356219445631,76.63032127041352,76.9173583984375,5824626
2015-12-21,77.58963302140457,78.36764455231365,76.9929078087018,77.49899291992188,3249863
2015-12-22,77.74822505818301,78.91146572647527,77.43097871505576,78.67730712890625,2708255
2015-12-23,79.07766531527528,79.55353497498001,78.7302034728146,79.28160858154297,3873498
2015-12-24,79.2136365013268,79.30427659970213,78.91904700874586,79.04745483398438,842443
2015-12-28,78.7301896618831,79.02477908444621,78.42804791879055,78.80572509765625,1522849
2015-12-29,79.4628908163275,79.8556726850566,78.73775176585218,79.56864166259766,2136828
2015-12-30,79.61400511990558,79.64422053749344,78.70002695814422,78.90397644042969,2361154
2015-12-31,78.60933612371414,78.99456563259686,78.16368193386833,78.23165893554688,2206545
2016-01-04,76.75873774591939,77.52919072486708,76.28286199553045,77.476318359375,3545286
2016-01-05,77.52918885879795,78.24677557022184,77.24971016465513,78.11080932617188,2709847
2016-01-06,77.15152296224103,77.42344935344556,76.65299022582602,77.22705841064453,2463555
2016-01-07,75.94294308158145,76.37349258467933,74.5606483875249,74.95343017578125,3629647
2016-01-08,75.4746400923817,75.79188651076339,74.16032826030906,74.34916687011719,4273444
2016-01-11,74.64377240802202,75.09698520634544,73.601392756265,74.34163665771484,3322021
2016-01-12,74.96099156273804,75.22536559860654,73.89594921366955,74.90811920166016,3339106
2016-01-13,75.34625168600171,75.45955489025886,73.05754285963647,73.34457397460938,3165714
2016-01-14,73.52583810876439,75.14228566032396,72.90644989206916,74.58332824707031,5787486
2016-01-15,72.7478427967434,73.71469305936438,72.43814861977295,73.46542358398438,5108884
2016-01-19,74.34164076969006,74.43983321227961,72.67231420848869,73.51830291748047,3964332
2016-01-20,72.12844413898254,73.1859343605435,70.7839167513363,72.69495391845703,5269117
2016-01-21,73.1330685521867,73.7524507579835,72.43059244884961,72.9517822265625,3228216
2016-01-22,74.13013113904111,74.42472066603104,73.095303863456,73.88842010498047,3385372
2016-01-25,73.70711206057261,73.81286290003962,72.79314057123818,72.87622833251953,2580493
2016-01-26,73.0801901840953,74.50780547708366,72.8082637528233,74.40960693359375,3456999
2016-01-27,73.8506282431168,74.61352882729662,72.75537050926972,73.2387924194336,5369607
2016-01-28,73.96392600940445,74.43979556414787,73.34453791012352,74.00169372558594,4774517
2016-01-29,76.28287554770112,78.12593584401223,75.44443929613826,77.95220184326172,7045898
2016-02-01,77.19684993960446,77.95219837622054,76.04871346687827,77.71048736572266,5724136
2016-02-02,76.89469904887027,76.89469904887027,75.60305025583831,76.03359985351562,4049648
2016-02-03,76.63033310363994,77.25727370499287,75.09697316620624,77.16663360595703,3988526
2016-02-04,76.8116161316495,78.34497600350001,76.75874376201347,77.46121978759766,5348066
2016-02-05,77.54431467758218,77.61985013556077,76.45660897488338,77.14397430419922,3894085
2016-02-08,76.29041595553876,76.77383788378519,75.44442146586783,76.69075012207031,3660845
2016-02-09,75.71635321939041,78.216563030801,75.71635321939041,77.5896224975586,3934196
2016-02-10,77.90687949183491,78.98703284800756,77.40079438061484,77.49899291992188,4287876
2016-02-11,75.84477149226812,77.27993905031155,75.48220497026716,76.69831848144531,5360163
2016-02-12,77.55941267701486,78.3902965283398,76.97023982441274,78.1636962890625,4715517
2016-02-16,78.91149659285023,80.06717927839853,78.67733790368962,79.27406311035156,5604757
2016-02-17,79.6063945697205,80.52036594775429,79.51574838325612,80.16535186767578,6407513
2016-02-18,80.01431795401261,80.86786505045498,79.86324702205025,80.42221069335938,4345814
2016-02-19,80.17293460231807,81.21532027780837,79.61397709231545,81.02648162841797,4695568
2016-02-22,81.57787473335881,84.49352959459138,79.0474494367798,79.44023132324219,16042499
2016-02-23,79.23893742576915,80.37081444481163,78.37293871456198,78.72997283935547,8316619
2016-02-24,77.73481194609136,78.79831878661304,76.91439132911175,78.47167205810547,7175464
2016-02-25,78.71475922114887,79.20093782406929,78.27416466696596,79.14775848388672,5136686
2016-02-26,79.07180266383254,79.40605087742921,78.02349241899206,78.2665786743164,8391961
2016-02-29,77.93233561834906,78.61602267548432,76.93719850411603,76.99037170410156,5912277
2016-03-01,78.70718149116313,80.42398834228516,78.47169050362108,80.42398834228516,8725160
2016-03-02,80.37081097555205,81.78375682758718,80.05175332990108,80.89496612548828,4459887
2016-03-03,80.97850120126485,82.20153360017976,80.67464038661787,82.02681732177734,5632240
2016-03-04,81.92810250104182,82.75611872949023,81.78377345940936,82.15599822998047,3130591
2016-03-07,81.90529784515213,82.22434933252404,80.98611984578598,81.63941955566406,4120321
2016-03-08,80.9025635252835,81.86731948003977,80.59110731430165,81.72298431396484,3299843
2016-03-09,81.8749182417313,82.76370900463299,81.85972765519973,82.7485122680664,3780118
2016-03-10,82.83965959523299,83.05235851925482,81.48748238169937,82.31549835205078,3330935
2016-03-11,83.26505747270491,83.47776254683586,82.52820345527438,82.824462890625,2969297
2016-03-14,82.58138907968929,83.17391418961672,82.42186332509478,82.42945861816406,2954971
2016-03-15,81.87491285050291,82.63455897772575,81.72298239505142,82.55859375,2144787
2016-03-16,82.49022974658547,83.3030490710496,82.1179989017083,82.97640228271484,2815218
2016-03-17,83.31063452767856,84.58684026514932,82.4826186265735,84.3361587524414,4468907
2016-03-18,84.76918709258184,85.18699590715542,84.30580036460736,85.15660858154297,5733580
2016-03-21,84.88311506810489,85.67314844875837,84.74637520989648,85.59718322753906,3069893
2016-03-22,85.06542864186027,86.19730554411831,84.95148695743625,85.82508087158203,3309924
2016-03-23,85.43765879984463,85.6351671480291,85.02744536897892,85.24015045166016,2336005
2016-03-24,84.63243544085644,85.06543478304394,84.3209792341922,84.56407165527344,2512261
2016-03-28,84.7159816541066,84.98185990879863,84.38173962537783,84.7767562866211,2263953
2016-03-29,84.4729049904545,85.22495579029568,83.84999261178913,85.0046615600586,2620604
2016-03-30,85.8554592720348,85.8554592720348,85.01984190614556,85.20975494384766,2355742
2016-03-31,85.16419210387839,85.47564831077605,84.4273318473131,85.11861419677734,2651696
2016-04-01,84.70079712599154,86.18211278656526,84.19183260492454,86.0149917602539,2507698
2016-04-04,86.15932332760045,86.15932332760045,85.24015150546457,85.49842834472656,2467163
2016-04-05,85.05024690915411,85.43766835662748,84.5716696446405,84.91351318359375,3524806
2016-04-06,84.93628986589577,85.9922015407444,84.52608258359722,85.88584899902344,2663474
2016-04-07,85.51364320952264,85.54403053530021,84.6020664864447,84.8299560546875,2919317
2016-04-08,85.14139612726242,85.83267844467157,84.84513666982595,85.17178344726562,2199011
2016-04-11,85.39206821183006,85.74150695286959,85.00464686524204,85.0350341796875,2286343
2016-04-12,85.14900698252575,86.10616154317616,85.08063704246926,85.86307525634766,2271169
2016-04-13,86.54673893162064,87.3215816975045,86.17451428234406,87.16205596923828,3669228
2016-04-14,87.35197580482372,87.35197580482372,86.74425401178256,86.99494171142578,1874513
2016-04-15,86.91898833670697,87.28361777221994,86.63791942912187,87.0785140991211,2221401
2016-04-18,87.05574544813356,87.75462333308121,86.69111591469704,87.70904541015625,2744334
2016-04-19,88.03566272206714,88.54462729870315,87.61025866771,87.96729278564453,2341629
2016-04-20,88.07362650386439,88.1116091104179,87.28359320757826,87.49629211425781,2719609
2016-04-21,87.59507087072377,88.26356122027289,87.1392794801078,87.2988052368164,3040818
2016-04-22,86.59991128207483,87.80774708427103,85.33888999136114,86.72904968261719,5199930
2016-04-25,86.59993639948856,87.35958259069858,85.5440245651859,86.03019714355469,3886338
2016-04-26,86.31125563705591,87.3215894390024,86.31125563705591,87.2076416015625,3146720
2016-04-27,87.25321638962984,88.08123239208682,86.91897433177361,87.69381713867188,3464957
2016-04-28,87.45071990358133,88.51422680620902,86.7670390911899,87.0708999633789,3171551
2016-04-29,86.91136958042773,87.3671608965514,86.36442861112688,86.80502319335938,2885360
2016-05-02,86.94936858742393,87.26082481550418,86.47079130526213,87.10889434814453,3240844
2016-05-03,86.44798194310276,87.31398045179135,86.35681999742846,86.9873275756836,2789539
2016-05-04,86.33402587910349,86.58470736819389,85.5743738211941,85.78707885742188,3436731
2016-05-05,86.0529719549817,86.63790168068454,85.87824949144246,86.31124877929688,3182799
2016-05-06,86.28085460839915,86.59991219255832,85.77189014204778,86.43278503417969,3556959
2016-05-09,86.34925928020135,86.59994704363878,85.82510402034546,85.96183776855469,2836229
2016-05-10,86.55435822719362,87.73941473014727,86.0302029961048,87.31401062011719,3046123
2016-05-11,87.35958021315106,87.595071202521,86.56954671978548,86.6834945678711,1823684
2016-05-12,87.01012570082523,87.20003874675508,86.22768764161454,86.74424743652344,2509821
2016-05-13,86.69107266568153,86.97973680022018,85.73391216162456,85.99219512939453,2666658
2016-05-16,86.31124109286327,87.4583084164262,85.83266394628073,87.2380142211914,2544202
2016-05-17,87.12728798026573,87.4250965216183,86.31787041608474,86.76839447021484,2648831
2016-05-18,86.4094916157711,86.8982022228253,85.6077089866249,86.05059814453125,2619331
2016-05-19,85.53137186380403,85.95135659565356,84.54632171111761,85.7680892944336,3211132
2016-05-20,86.07352418394164,87.11965921171962,86.07352418394164,86.455322265625,4229300
2016-05-23,86.35606075647135,86.58514332503943,85.97425647552454,86.13461303710938,1803735
2016-05-24,86.3637154699147,87.59311811885733,86.294989447124,87.33349609375,2215247
2016-05-25,87.50145787362058,88.0054382330893,87.37928175345596,87.60072326660156,1687539
2016-05-26,87.60073851797038,88.02835810402725,86.89822725023184,87.19602966308594,2146378
2016-05-27,87.40981626095528,87.50908164136703,86.97456195608703,87.30290985107422,1870375
2016-05-31,87.26476649593552,87.50148395845858,86.57752484237979,86.921142578125,3162743
2016-06-01,86.96696940093138,87.15787160281744,85.87501869744892,87.0051498413086,2364868
2016-06-02,87.08912953412623,87.45565795898438,86.6996903780612,87.45565795898438,2272336
2016-06-03,87.62365211099842,87.79928457021775,86.84477377460125,87.6541976928711,2280826
2016-06-06,87.79927718198961,88.40252300840487,87.63127958685911,88.22689056396484,1986358
2016-06-07,88.22689068082427,88.48651883214133,88.06653411685511,88.0818099975586,2124943
2016-06-08,88.20398748450536,88.87595933002208,88.04363091807889,88.63160705566406,2599063
2016-06-09,88.24981528965156,89.5708546198877,88.15054986875671,89.50212860107422,2820099
2016-06-10,89.73118673663227,89.73118673663227,88.74613673653134,89.0973892211914,3443735
2016-06-13,89.04395541512277,89.06686614669835,87.86036822845149,87.913818359375,2546324
2016-06-14,87.86038605878488,88.26509500292266,87.47858166880627,88.20401000976562,2179486
2016-06-15,88.55524801579182,88.9752265640745,88.15053916669599,88.21162414550781,3061298
2016-06-16,87.79163671350307,88.58578468806917,87.05094504857477,88.41779327392578,2275626
2016-06-17,88.5170669555664,88.7003280727616,87.94436050917041,88.5170669555664,3458272
2016-06-20,89.57081760107543,90.51004601440258,89.0592024608108,89.3875503540039,3074456
2016-06-21,89.70829240080747,89.81519884466522,89.31121838883826,89.57084655761719,2461220
2016-06-22,89.68536131531398,89.96025912137162,88.91412419797045,89.01338958740234,2329744
2016-06-23,89.7312074875988,89.87628818766389,89.06687042477301,89.58612060546875,2130249
2016-06-24,86.66913051995819,88.07416519022371,86.01242845762738,86.27205657958984,3887399
2016-06-27,85.57718151174575,85.57718151174575,84.14924217232051,85.11138153076172,4130826
2016-06-28,86.53169958593878,87.12731064149492,85.81391237914536,87.09677124023438,3866813
2016-06-29,87.3258455554573,87.7840107481041,86.42479723455578,87.40220642089844,4262302
2016-06-30,87.8145550118311,88.83778564772274,87.51674640467043,88.822509765625,3584124
2016-07-01,89.07450987205624,89.81520783927584,88.77670124222274,88.95996856689453,2369537
2016-07-05,88.47887639181184,88.92940046572404,87.56254618253082,87.99016571044922,2564470
2016-07-06,88.18108453705533,89.2348607680537,87.3640257518712,89.20431518554688,3287640
2016-07-07,89.17377815406718,89.46395194260982,88.23454931292129,88.66216278076172,2271381
2016-07-08,89.39523954709746,90.86135986877504,89.28833307280925,90.74681854248047,2679286
2016-07-11,90.83839687209104,90.89948183090945,90.19696462109205,90.54058837890625,3148842
2016-07-12,90.87661197616325,91.41113184360955,90.70097951564084,90.88424682617188,2438830
2016-07-13,91.33478519710546,91.47987209811365,90.68572393229864,90.90716552734375,2017555
2016-07-14,91.38057234121518,91.64783532525769,90.79260243121102,90.93768310546875,2563727
2016-07-15,91.38058429007924,91.42640575327204,90.82315370256819,91.04460144042969,2391821
2016-07-18,91.0446013133145,91.059871012981,90.62461656977428,90.78497314453125,1324309
2016-07-19,90.55588017985046,91.19730636158495,90.36497805860483,91.13621520996094,2316374
2016-07-20,91.2049716898201,91.63259134790385,91.01406950477686,91.54095458984375,2307354
2016-07-21,91.48751130553349,91.63259821345007,90.33446943995966,90.60936737060547,4358654
2016-07-22,86.78366929978455,88.57813682834518,86.05824125805988,88.28033447265625,9727943
2016-07-25,87.86798473223313,88.92176070546273,87.86798473223313,88.1886978149414,5731245
2016-07-26,88.03600373586238,88.54761905951017,87.5091125299466,88.53997802734375,3236281
2016-07-27,88.63923566413243,88.89122277018501,87.50909874721758,87.78399658203125,3657237
2016-07-28,87.81455612138117,88.51707360893911,87.23421478182483,88.3948974609375,3159560
2016-07-29,88.2727162145935,88.95995778016788,87.85273147992528,88.83014678955078,3119661
2016-08-01,88.53997662118473,88.83778522693481,88.05127203766791,88.48652648925781,2409330
2016-08-02,88.19635303684326,88.37961415241446,87.84509432257934,88.15817260742188,2220659
2016-08-03,88.16582156213705,88.66980207471606,87.91382821481487,88.58580017089844,2111255
2016-08-04,88.60870404238752,89.02868880068685,88.50179759477108,88.53997802734375,1369196
2016-08-05,88.80722950064346,89.26539463190359,88.50178607980337,88.86067962646484,3117326
2016-08-08,89.03631555339783,89.16612653951331,88.35670886106296,88.60869598388672,2132265
2016-08-09,88.75376781893888,89.02103077737588,88.5170504350216,88.77667236328125,1765427
2016-08-10,88.82252344304503,88.95997549276635,88.24982305471485,88.60108184814453,1876211
2016-08-11,88.92177078345848,89.05922279566215,88.63923809200702,88.86067962646484,1662072
2016-08-12,88.69267566145756,88.82248662411142,88.44832343220446,88.65449523925781,1447614
2016-08-15,88.95992302456074,89.35699687301637,88.60102959161283,89.21955108642578,1961102
2016-08-16,88.90651354089813,89.68538571826939,88.70033549370744,88.75379180908203,2056287
2016-08-17,88.72691347603039,88.9341461614021,88.32779015926548,88.86506652832031,1795564
2016-08-18,88.7346063256999,89.01859283797737,88.60412737981564,88.9264907836914,1885337
2016-08-19,88.62713563444296,89.22581131945482,88.62713563444296,89.11835479736328,1690935
2016-08-22,88.96485529805634,89.75541542666974,88.83437015645089,89.4791030883789,2354893
2016-08-23,89.7400710499801,90.07011479452625,89.68634588871667,89.80915069580078,1922265
2016-08-24,89.64798181236273,89.8628887020099,89.44842319559191,89.61727905273438,1834402
2016-08-25,89.5251704001326,89.97801276929529,89.31793144829736,89.62494659423828,1935104
2016-08-26,89.90124925179595,90.37712019094548,89.31792178042328,89.60958862304688,1807979
2016-08-29,89.60959004227531,90.09313512412601,89.42537972895735,89.93195343017578,2550038
2016-08-30,89.9549851599335,90.11616685945694,89.68634692276949,89.81682586669922,2065944
2016-08-31,89.77077238933147,89.90125132969887,89.34862659959911,89.57888793945312,2178213
2016-09-01,89.34095311978822,89.63261375741814,88.37386294195639,89.13372039794922,3043471
2016-09-02,89.2334924457178,89.75542061455906,88.88810666329641,89.3332748413086,2625592
2016-09-06,89.37932858648091,89.48678512026453,88.27407913577679,88.81135559082031,2328365
2016-09-07,88.66548870948048,88.82667034239675,87.29160154969075,87.68304443359375,3625084
2016-09-08,87.49886178454908,87.9056530323698,87.1381153415302,87.36070251464844,2869443
2016-09-09,86.62387456987477,86.99996931153397,85.77958925564135,85.97147369384766,4815265
2016-09-12,85.40352676132436,87.50656966016001,85.19628777656455,87.10745239257812,4041902
2016-09-13,86.60084404737312,86.70830056547018,85.41884098992654,85.65677642822266,4113848
2016-09-14,85.77957930611511,87.71376551946535,85.77957930611511,87.52188110351562,4646224
2016-09-15,87.33000002813922,88.64248202679254,87.23789799050967,88.4813003540039,3466125
2016-09-16,88.08986208074947,88.15894171960012,87.107423723203,87.69842529296875,4156612
2016-09-19,88.16662909891693,88.78833351421952,87.85193982340576,87.91334533691406,3136533
2016-09-20,88.53505427809026,88.87276597802442,88.05918327263728,88.16663360595703,3034026
2016-09-21,88.2357001943167,88.99555762053757,87.87495992558306,88.98020935058594,2587709
2016-09-22,89.340952464767,90.00870786479665,89.18744490486365,89.67098999023438,3073395
2016-09-23,88.50434497262562,89.34095623833572,88.4736422165732,89.01859283447266,2491887
2016-09-26,88.83438458091666,89.68635035143207,88.56575254735783,88.9878921508789,2765875
2016-09-27,88.78064112394924,89.37931679512128,88.43524916270135,89.19510650634766,3914777
2016-09-28,89.39466836032928,90.00102440187973,88.92647780779691,89.92427062988281,3534887
2016-09-29,90.3540773473058,90.3540773473058,89.14137165474862,89.17974853515625,1991770
2016-09-30,89.52515514598095,89.801467487472,89.0723066401037,89.48677825927734,4072357
2016-10-03,89.36170440940481,89.73208232204652,89.06848416040326,89.54689025878906,2619065
2016-10-04,89.48518587092013,89.4929035035357,88.41263378135247,88.64411926269531,2662235
2016-10-05,88.81385965106193,89.36942967442135,88.81385965106193,88.93731689453125,2240766
2016-10-06,88.98361440009147,89.42343858707306,88.73669370501669,89.20738220214844,3452926
2016-10-07,82.57913747922696,82.99580874705241,81.21335921792367,82.51740264892578,21581502
2016-10-10,82.77205988928242,83.30447709508083,81.95413999986768,82.40939331054688,8890760
2016-10-11,82.12389644328105,82.12389644328105,81.2210950308303,81.6223373413086,8810646
2016-10-12,81.66091048516388,83.142428520742,81.5837465987369,82.8955078125,7647356
2016-10-13,82.43254997179459,83.8600510273156,82.21649354114415,83.53597259521484,5402579
2016-10-14,84.87085757038794,84.93258618692916,83.75971761715321,84.10694885253906,5601756
2016-10-17,83.99892333919932,84.41560083491953,83.30446084633232,83.36619567871094,3822675
2016-10-18,84.23041777347154,84.23813540507841,83.11156624832175,83.23502349853516,3439732
2016-10-19,83.34304190993348,83.84460091122901,82.88007106213966,83.54366302490234,3299770
2016-10-20,83.39707363987422,83.78288067562414,83.11928859725464,83.44336700439453,4307265
2016-10-21,83.3044766907515,84.56994468016572,82.95724537827499,84.07610321044922,3560695
2016-10-24,84.43875391826917,84.97117727447724,83.96034776775554,84.30757904052734,3647564
2016-10-25,84.49277483369481,84.50049246540057,83.80602988936593,84.16097259521484,3729156
2016-10-26,83.99894220651035,84.68568722284817,83.75202146315436,84.43876647949219,2252165
2016-10-27,84.6933781492098,84.79368869864956,83.65940213448668,83.97576904296875,3073783
2016-10-28,84.41560998502433,85.55761440665002,84.05294965159122,84.74740600585938,3038529
2016-10-31,84.84772593222736,85.00977135858021,84.51592987480205,84.63167572021484,2683557
2016-11-01,84.77825815792268,85.02517883716337,83.97577371773198,84.22269439697266,3094260
2016-11-02,84.40787860243069,84.40787860243069,83.34303824271151,83.69026947021484,4897090
2016-11-03,83.91404939683109,83.96806038542667,83.34304413175686,83.60540008544922,3949549
2016-11-04,83.70571847663061,84.2612823179945,83.34305192885066,83.52824401855469,3314653
2016-11-07,84.74739677501948,85.91254775071485,84.45418273033799,85.84310150146484,4931923
2016-11-08,85.65019339899537,86.04372419482652,85.27209786388717,85.35697937011719,3464115
2016-11-09,85.68879965982605,87.30149281110417,84.67025857918982,86.69962310791016,4821093
2016-11-10,87.2783363766703,88.3508883375973,87.05456234090732,87.3400650024414,6917463
2016-11-11,87.27833817806513,87.58698752716525,86.99283551063837,87.38636016845703,3478681
2016-11-14,87.67184598006311,88.24285120513495,87.06998266127573,87.22430419921875,2825736
2016-11-15,87.23974027549197,87.53295430726129,86.49126682825698,87.2860336303711,2949126
2016-11-16,87.2976964527946,87.57712416889137,86.83198150909331,87.1424560546875,2609776
2016-11-17,87.39081657707924,88.01176552357127,87.27439255624857,87.78667449951172,2316869
2016-11-18,87.69355402678573,87.7090805678731,86.84751380303359,87.00275421142578,3038951
2016-11-21,87.11917742064773,87.3054646587843,86.7621294853111,87.09589385986328,2663396
2016-11-22,87.3442729748994,87.52279693891809,87.01050860717046,87.33650970458984,2272115
2016-11-23,87.53055300240793,88.45421964302909,87.53055300240793,88.35330963134766,2772643
2016-11-25,88.42316751297348,88.76469515095361,88.11269295622625,88.61721801757812,877455
2016-11-28,88.60944541970896,88.63272897756246,87.97296983259729,88.36882781982422,2762721
2016-11-29,88.06610051206054,88.8655733596534,87.93414995724412,87.97295379638672,3519741
2016-11-30,88.27568515397103,89.05963158892055,87.92640054171149,88.43868255615234,6224197
2016-12-01,87.89538305029787,88.52409556219841,87.56161861462269,88.22914123535156,4018686
2016-12-02,88.45421297242815,88.48525980036565,87.06483773178118,87.28216552734375,3732850
2016-12-05,87.63147183058379,88.33004125851826,87.48400092405858,87.61595153808594,3194324
2016-12-06,87.97296798493556,88.22134884909468,87.44516568054429,87.76339721679688,2686935
2016-12-07,87.99627141556232,90.6663489294223,87.56160327333833,90.4334945678711,7870810
2016-12-08,90.30153391976923,90.92248298186739,89.12949272132441,89.7659683227539,5501376
2016-12-09,89.38564236602319,90.371396406246,89.28473235539983,90.21615600585938,3077161
2016-12-12,90.34811068844989,91.1320571899414,89.78925526139855,91.1320571899414,6016682
2016-12-13,91.302795619993,91.90046100052741,91.0466515281587,91.65984344482422,4491454
2016-12-14,91.46582202972249,92.07125087050007,90.2549705987877,90.4334945678711,4385479
2016-12-15,90.27824537357318,91.19414237678637,90.15405181764335,90.30152893066406,4205618
2016-12-16,88.20583967047945,91.26401186574462,88.17479283987667,90.33258819580078,8058165
2016-12-19,90.81382021436886,91.63657682261422,90.65858606687917,91.0389175415039,3795654
2016-12-20,91.1630759697581,91.65983758554049,91.04664570807279,91.36488342285156,2871017
2016-12-21,91.26401847195679,91.51239938537842,90.75949962486649,90.96907043457031,2903633
2016-12-22,91.07771906989659,91.20191263534409,90.5111066327206,90.75172424316406,3421261
2016-12-23,91.05441108708835,91.16307808372424,90.59645954791505,90.8060302734375,1505279
2016-12-27,90.82156300201684,91.24070448164282,90.65856562125738,90.83708953857422,1210577
2016-12-28,90.95353741791777,91.10101455142255,89.80477968175988,89.84358978271484,2743722
2016-12-29,90.13075337864306,90.4878011983859,89.88237255841406,90.03761291503906,1759554
2016-12-30,90.19288335498497,90.19288335498497,89.58746072173874,89.92121887207031,2412288
2017-01-03,90.52663130780383,90.73620209969414,89.69611766107052,90.17735290527344,3192740
2017-01-04,90.5343948756446,90.79053903900376,90.06092290009295,90.42572784423828,3104921
2017-01-05,90.44900901377382,91.17086181348814,90.20839141386905,90.62753295898438,2798292
2017-01-06,90.76722352196009,92.1410718447562,90.43345927501821,92.00135803222656,3814337
2017-01-09,91.79958574986371,91.89272624369346,91.24073028564453,91.24073028564453,4077584
2017-01-10,91.06996437263783,91.9315310804261,90.72067972750476,91.47357940673828,3960210
2017-01-11,91.23296574054957,91.68315416370093,90.9147279111353,91.59777069091797,3047395
2017-01-12,91.59777395656684,91.59777395656684,90.54992618905784,91.30282592773438,3337030
2017-01-13,91.33388117520104,91.83064303340906,91.28730779767496,91.64435577392578,3154214
2017-01-17,91.13981720935153,91.6520992490045,90.8215794080063,90.99234008789062,3547501
2017-01-18,91.21742463671788,91.82285336804534,90.97681329875527,91.63656616210938,2433610
2017-01-19,91.84612874023186,92.17212975891447,91.05441912413835,91.52013397216797,2547184
2017-01-20,91.93152972066765,91.93152972066765,90.9069656105116,91.4502944946289,3106504
2017-01-23,91.50462539110232,91.784053104628,90.79829908795016,91.1320571899414,2399305
2017-01-24,91.31057908223704,91.65210044646776,91.02338810524401,91.5589599609375,2695801
2017-01-25,91.79958184951819,92.10229312956865,91.37267699901774,91.49686431884766,4532619
2017-01-26,91.5744746950928,91.67537844428485,91.03114585319427,91.56671142578125,6522276
2017-01-27,92.0945166714723,92.45156454078409,90.90695528114257,91.9159927368164,4088878
2017-01-30,91.65986645569167,92.45933325230467,91.40372229955334,92.45157623291016,3335447
2017-01-31,92.35066857567342,92.54471281412354,91.10100717841858,91.83838653564453,4479421
2017-02-01,92.141096094943,92.3118567717967,91.15533588029781,91.59000396728516,2532829
2017-02-02,91.26401466572418,91.69091953819512,90.91472999745166,91.5822525024414,2336713
2017-02-03,91.99361894567306,92.64561482531884,91.52014701236523,92.51366424560547,3019213
2017-02-06,92.38950165791937,92.82416361045445,92.2575447922761,92.63011932373047,3172897
2017-02-07,92.89399437163003,93.2665625474549,92.69218687016736,92.92504119873047,2690418
2017-02-08,92.84743207908373,93.14238634764484,92.60681445239345,92.93281555175781,1925376
2017-02-09,92.9328026764805,93.89527304989713,92.8629457541964,93.65465545654297,2306103
2017-02-10,93.75557433205853,94.69476129978408,93.71676423001462,94.57833099365234,3789638
2017-02-13,94.87326929374316,96.09964080909899,94.77236554566778,95.95216369628906,4670681
2017-02-14,95.85902321743933,96.21607109562565,95.57959553027081,95.95216369628906,3284043
2017-02-15,95.7503891662269,96.61195608142064,95.60291200264177,96.46448516845703,3399306
2017-02-16,96.47997439276772,96.58864141248854,95.70379121716383,96.37130737304688,4548029
2017-02-17,96.18506044310064,96.68181610107422,95.71934537246484,96.68181610107422,2869223
2017-02-21,96.86808997062099,97.02332413893038,96.40237496445116,96.79823303222656,2500741
2017-02-22,96.7709009907975,97.59806828919062,96.38853060907533,97.57465362548828,3378723
2017-02-23,97.54344747508834,97.8711962336761,96.80212132125688,97.40298461914062,3158330
2017-02-24,96.95037706169477,97.56685638427734,96.46656198289199,97.56685638427734,2664241
2017-02-27,97.23131463821497,97.62148996096442,96.95038890856573,97.4576187133789,4313176
2017-02-28,97.54345119436643,98.1053026395804,96.95819136697835,97.15328216552734,3064072
2017-03-01,97.8243499574974,99.42406264408602,97.8243499574974,99.29920959472656,4190313
2017-03-02,98.91685244015889,99.3772591181682,98.18332496723195,98.581298828125,3182607
2017-03-03,98.5500974389489,98.81541966231627,98.09749559404734,98.4876708984375,2061855
2017-03-06,97.62930206360728,98.76080367064307,97.55907062600568,98.38623809814453,3190840
2017-03-07,98.30038223310942,98.64373445846242,97.9960418788899,98.52667999267578,2166774
2017-03-08,98.6437321043487,99.26801000538839,98.3393917573922,98.78419494628906,3293015
2017-03-09,98.74517431717578,99.28361100836698,98.12089643178194,98.47205352783203,2616954
2017-03-10,99.19780252490683,99.38508216993984,98.70618245946754,99.1353759765625,2834919
2017-03-13,99.19778825259517,99.37726926635946,98.70616825788885,98.89344787597656,3291220
2017-03-14,97.57465516763575,98.78419915099639,96.85673743612082,98.09748840332031,2087821
2017-03-15,98.58131695831571,99.50993537277309,98.32380589135016,99.08074188232422,3801248
2017-03-16,99.47873454177457,99.47873454177457,98.49549434897135,98.60474395751953,2894978
2017-03-17,98.98707351492618,99.3538340709925,98.55788014826892,99.2289810180664,4052990
2017-03-20,99.10415067502421,99.23681493773044,98.56571387159495,98.71398162841797,2143552
2017-03-21,99.1509548568895,99.33824073955799,97.86338090938104,98.0584716796875,2495463
2017-03-22,98.22233956857421,98.2769612119306,97.17667318440306,97.93360900878906,2218283
2017-03-23,98.01947307267376,98.30819741569908,97.64490123263965,97.9492416381836,1868589
2017-03-24,98.00384028609945,98.34719248874771,96.98158856551673,97.36395263671875,2345685
2017-03-27,96.58362583154552,97.41079322183079,96.02177438633154,97.15328216552734,3513091
2017-03-28,96.9269753762126,98.16772642682434,96.4041421053794,97.76194763183594,2083388
2017-03-29,97.51222754269666,97.91801259000277,97.36395980840926,97.77754974365234,1626875
2017-03-30,97.64489650882348,98.10530325533348,97.53565320190572,97.86339569091797,1879989
2017-03-31,97.6292643104809,97.97261647617484,97.3093205202255,97.44197845458984,2815919
2017-04-03,97.3327612609444,97.72293659138487,96.20906460432707,97.02062225341797,3066606
2017-04-04,97.12984693177842,97.34054117911872,96.64603190843286,96.90354919433594,1867322
2017-04-05,97.17668860958538,97.6370953440232,96.37292961750458,96.42755126953125,2729155
2017-04-06,96.56020071042929,97.02060109010861,96.24806177099039,96.63043212890625,2192001
2017-04-07,96.73969037524543,97.12985937143533,96.44315489991672,96.97379302978516,1967175
2017-04-10,96.96599005424797,97.67610920411732,96.94258167357096,97.12206268310547,2394027
2017-04-11,97.09865281161966,97.37957853012796,96.45877134045135,97.18449401855469,2013090
2017-04-12,97.27813224642826,97.35616856343896,95.95934488229025,96.09980773925781,2871545
2017-04-13,95.92813006258098,96.35731723094777,95.58477781423589,95.59258270263672,1770848
2017-04-17,95.98275232303267,96.31830596923828,95.51454699381574,96.31830596923828,1960314
2017-04-18,96.13880580599078,96.52117613847766,95.74082569971233,96.045166015625,1758604
2017-04-19,96.60704418464253,96.60704418464253,95.70184038151056,95.77987670898438,1941948
2017-04-20,96.33391334189047,97.23131216247359,96.00617085506452,96.58362579345703,4198758
2017-04-21,99.16656494140625,100.1185852806078,98.40182420132867,99.16656494140625,6630678
2017-04-24,100.15760824987612,102.02263714788623,100.15760824987612,101.28131103515625,5954195
2017-04-25,101.41397705892841,102.49085688573734,100.42293215497061,100.8989486694336,6826900
2017-04-26,100.9379792445925,102.09288924765555,100.77410169913169,101.52323913574219,4951344
2017-04-27,101.71048766962497,101.84314561603446,101.00037489832133,101.35153198242188,3626032
2017-04-28,105.15184128589802,105.34693208401512,102.17871910706151,102.33478546142578,6311489
2017-05-01,102.24897432702225,102.92006923312111,101.83539053656988,102.14752960205078,3339352
2017-05-02,102.01485403563453,102.67034533187916,101.99924425718902,102.37380981445312,4168042
2017-05-03,101.84316825345962,102.63912867709698,101.54663902993421,102.28016662597656,4746573
2017-05-04,102.45181558127848,102.55326025852804,101.95239079779756,102.38158416748047,2984275
2017-05-05,102.44402649850672,102.81079339786793,102.03044283880968,102.54547119140625,4679759
2017-05-08,102.5923118174101,102.5923118174101,102.08508826598812,102.32699584960938,2470131
2017-05-09,102.38941202736953,103.09172003879769,102.21773589780318,102.93565368652344,3078955
2017-05-10,102.78739162565286,103.0527138653925,102.38941769223791,102.8030014038086,2561011
2017-05-11,102.9122682074663,103.39608343338183,102.05388108447427,102.92787170410156,2194640
2017-05-12,102.77959392622168,102.83421558198859,102.43623536093764,102.60791778564453,2287737
2017-05-15,102.6781183292886,103.06048868041317,102.50644222985275,102.9902572631836,2438782
2017-05-16,102.99025721318267,103.20095146476913,102.53766172917648,103.013671875,1985857
2017-05-17,103.01760069172079,103.01760069172079,101.84899293527587,101.91173553466797,3310959
2017-05-18,101.80194464560573,102.88427671657192,101.1745059469571,102.28821563720703,2551617
2017-05-19,103.0332828894105,103.53523631500447,102.50780256809796,103.05681610107422,2637008
2017-05-22,103.76269729752902,103.82543990731251,103.11173166811932,103.40192413330078,2307475
2017-05-23,103.31563036436545,103.82542187525024,103.01759986168169,103.40974426269531,2418199
2017-05-24,103.73130566869658,104.05286937576624,103.32347246906383,103.63719177246094,2287420
2017-05-25,104.22540370189026,105.0410763312103,103.65286334920249,104.89990234375,2641231
2017-05-26,104.86071705341827,105.1901189090508,104.18621821596449,104.50778198242188,2841780
2017-05-30,104.07640806534089,104.48424762713721,104.02150986530165,104.25679779052734,2848429
2017-05-31,104.68031783230629,104.68816223671693,104.28032268276412,104.3038558959961,2298397
2017-06-01,104.7508952545319,104.98618315370176,104.17051675232757,104.66461944580078,2424426
2017-06-02,104.805802762638,105.56657735360784,104.61757495295221,105.11952209472656,2778659
2017-06-05,105.04110374672051,105.2136490746566,104.6803242810605,104.69600677490234,2622548
2017-06-06,104.65677870314971,104.83716208783886,104.06855581217442,104.1077651977539,2089615
2017-06-07,104.20188949738075,104.57835140446647,103.95091278734189,104.09208679199219,2190734
2017-06-08,104.09210687160821,104.77444381507895,103.64505787596052,104.74307250976562,2721239
2017-06-09,104.76657483426523,105.15872553261288,104.27247215452427,104.93128204345703,2451026
2017-06-12,104.57052320322788,105.28423774086671,103.99798900805945,104.515625,2354657
2017-06-13,104.90775407775642,105.42539630974548,104.59403476658328,105.40186309814453,2844313
2017-06-14,105.45675549059787,105.76263036275411,104.96264652699081,105.28421020507812,2205511
2017-06-15,104.5862146416092,105.57442653616816,104.5862146416092,105.46463012695312,2974564
2017-06-16,105.61362241529852,106.13910272679296,105.28422061761249,105.59009552001953,3673319
2017-06-19,106.0763540173344,106.58615180792,105.88811991811215,106.5390853881836,2982481
2017-06-20,106.06853010198095,106.2253929342895,105.67637933715545,105.8097152709961,2037261
2017-06-21,105.91165371489298,106.02145641371904,105.02539403689632,105.29205322265625,2673213
2017-06-22,105.57442387397045,105.57442387397045,104.86071565233863,105.1509017944336,1983746
2017-06-23,105.12735809788988,105.29990340095239,104.8214831946352,105.08814239501953,6667199
2017-06-26,105.40967602556492,105.88809609535774,105.14301690127579,105.29987335205078,1325207
2017-06-27,105.39403434168527,105.4881482485864,104.20189959048811,104.25679779052734,2052250
2017-06-28,105.26071472040651,105.39405067077348,104.70386296539473,105.0724868774414,2543806
2017-06-29,105.07246673332125,105.21364074645304,103.07250365260279,103.77837371826172,1935615
2017-06-30,104.64109709854837,104.99403212061483,104.06856297515355,104.53913879394531,1866161
2017-07-03,105.04110612285487,105.4410949901406,104.7273867635157,104.86856079101562,954191
2017-07-05,104.78228511136017,105.10384887621335,104.5077814610538,104.93914794921875,1975091
2017-07-06,104.56269773590628,105.18229847339552,104.46858380649347,104.60191345214844,1510029
2017-07-07,104.86071503303836,105.5979564653655,104.7116966023897,105.19011688232422,1826579
2017-07-10,105.15874230329705,106.29597887827693,104.95482567610026,105.63716888427734,2165296
2017-07-11,105.80186418254492,105.80186418254492,104.69599896927711,105.26853942871094,2050033
2017-07-12,105.81753855794304,106.0685152649622,105.48813676168571,105.69989776611328,1786364
2017-07-13,105.75481563152931,106.30382925398807,105.60580351309768,106.13912200927734,2581277
2017-07-14,106.28027960105844,106.60968140764184,105.98224277839752,106.53125,1894238
2017-07-17,106.60183522459215,106.60183522459215,105.88028902373198,106.0842056274414,1507706
2017-07-18,105.9586959392585,106.14693001898102,105.69203678260027,106.02928924560547,1795230
2017-07-19,106.27242116668383,106.79790773894064,106.11555837210966,106.78221893310547,2326896
2017-07-20,106.80575551192874,106.98613888905858,105.77047745652824,105.841064453125,3107243
2017-07-21,104.86070764305195,107.7783018628105,104.86070764305195,106.93910217285156,3745095
2017-07-24,107.29202030717671,108.17827365210974,107.24495388808862,108.00572204589844,4095316
2017-07-25,108.23319040737621,108.23319040737621,107.07243327955182,107.64497375488281,3244566
2017-07-26,107.69985408359634,108.77433521522336,107.33907469468251,108.61748504638672,2829008
2017-07-27,108.5076858800133,108.7821894902497,106.93909562607529,107.4332046508789,3874185
2017-07-28,107.43321336940619,107.66849497905098,106.81360646321663,107.28419494628906,1949336
2017-07-31,107.77829315516514,108.3116115573254,106.68026610382026,106.75869750976562,4073151
2017-08-01,106.93910405807443,107.49595572639132,106.52342640797568,107.45673370361328,3029346
2017-08-02,107.73124769510491,108.9312269653509,107.33910322096372,108.79789733886719,5095317
2017-08-03,108.68809806611526,109.45671081542969,108.2410427665773,109.45671081542969,2697173
2017-08-04,109.45671237082794,109.85670124542965,109.1116217008376,109.83316802978516,3688730
2017-08-07,109.96647282718173,109.96647282718173,108.18612167457405,108.98609924316406,3738761
2017-08-08,108.89199659298568,109.51943520987302,108.62532475949915,108.7586669921875,2182607
2017-08-09,108.93120313522836,109.26060492672171,108.39004034237,109.0174789428711,2066288
2017-08-10,108.49199893717311,108.61749677043345,107.48026029025269,107.63712310791016,3234222
2017-08-11,107.31553948477215,107.89592425750668,107.11162290038496,107.12731170654297,2477203
2017-08-14,107.56652210312164,108.76648839591826,107.4488686892461,108.44493103027344,2449970
2017-08-15,108.56260930579373,108.73516096873009,107.66066685799127,107.7783203125,1827635
2017-08-16,108.21569064246614,109.19294897691341,108.11323020246539,108.8225326538086,2112942
2017-08-17,108.47577065863958,108.66491375954335,107.06504821777344,107.06504821777344,3242983
2017-08-18,106.9704743027241,107.10445224161815,106.26904806735554,106.35574340820312,3142920
2017-08-21,106.34788539515938,107.00201649008115,106.00111664508094,106.84439086914062,1596581
2017-08-22,107.1911353451216,108.09747611362418,107.09657014862643,107.8925552368164,1768948
2017-08-23,107.5379109357051,107.9871400745631,107.30936778504142,107.50639343261719,1318557
2017-08-24,107.67976355639246,108.01077982115517,107.33299488789592,107.60883331298828,2027023
2017-08-25,108.22360050670429,108.4994390081463,107.81378402989434,107.82953643798828,2107348
2017-08-28,108.08172539173624,108.34179875666119,107.64037877167473,107.86893463134766,1600170
2017-08-29,107.36454918909598,108.53883339653753,107.19904101955224,108.46790313720703,1793753
2017-08-30,108.46790471967607,108.86196877354892,108.03444060707488,108.7910385131836,1883155
2017-08-31,109.08261271187075,109.20083825659195,108.4363706104271,108.97228240966797,3151047
2017-09-01,108.98806260340328,109.17720573051204,108.46790313720703,108.46790313720703,1856978
2017-09-05,108.27874245842108,108.45212045683728,107.31724918482637,107.585205078125,3003696
2017-09-06,108.15266958665158,108.15266958665158,107.31727153669434,107.61674499511719,2575155
2017-09-07,107.51427712844247,108.30239242046719,107.4354643299084,108.034423828125,2597110
2017-09-08,107.8374014098691,108.83042493051265,107.71130600576244,108.42060852050781,3092571
2017-09-11,109.09048812851935,110.17020689892533,109.09048812851935,109.54759979248047,2462847
2017-09-12,109.50034634883494,109.60279412241438,109.03535201237904,109.29542541503906,1691262
2017-09-13,109.2008463835468,109.37422439895661,108.5703566402698,108.6806869506836,2157063
2017-09-14,108.5703276713383,108.5703276713383,107.86102531274442,108.1368637084961,3612521
2017-09-15,108.65707395120623,109.93380610201363,108.46003555329622,109.50822448730469,4849170
2017-09-18,109.78403453498264,109.8155647323317,108.19993406446423,108.49942016601562,3039056
2017-09-19,108.66493251188646,108.8225581364991,108.11325551906036,108.56248474121094,3611466
2017-09-20,108.80676436065433,109.40573649900315,108.61762127695644,109.30327606201172,3846741
2017-09-21,109.45304592805705,111.39181061116209,109.39788076845292,111.01351165771484,4131943
2017-09-22,110.8164592672531,111.95921301593968,110.73764647539285,111.71490478515625,3079166
2017-09-25,111.71492332662633,111.84101873720502,110.71401720518871,110.97409057617188,3107032
2017-09-26,111.17109596278208,111.4469343516055,110.45391107451591,110.52484130859375,2492930
2017-09-27,110.76916870369651,110.7928163502583,109.92588829611047,109.99681854248047,3208995
2017-09-28,109.95742587666346,110.7928237915039,109.77616532079509,110.7928237915039,2198228
2017-09-29,110.15445584305893,111.73068652847023,109.70523936383792,111.70703887939453,3877562
2017-10-02,111.76222628889306,112.44001145751153,111.70706112338159,112.43212890625,2662130
2017-10-03,112.46362976897815,112.81828105664862,112.09322607443586,112.43999481201172,2365317
2017-10-04,112.59760402946861,112.74734708970483,111.98287938217018,112.34541320800781,1886638
2017-10-05,112.66062536450175,113.29111496389282,112.24292648090444,112.75520324707031,2370173
2017-10-06,112.55031790867983,113.22020769058666,112.42422250188756,113.18869018554688,2285837
2017-10-09,114.41023655409694,114.51269698722471,112.99164443988406,113.17290496826172,2557844
2017-10-10,113.49604839289135,113.64577874134366,110.49333039530485,112.9443588256836,4324259
2017-10-11,112.78673872996879,113.28325042344608,112.20353169784617,112.4793701171875,3421155
2017-10-12,112.45574371339814,113.03106830583138,112.45574371339814,112.84980773925781,3170785
2017-10-13,113.75612873206799,113.92162418843019,112.91284827161222,112.99166107177734,2277392
2017-10-16,112.99165666893921,113.39359051013501,112.70793567672673,113.29113006591797,2113048
2017-10-17,113.09410558022468,113.4014742227138,112.3138728436349,113.0389404296875,2570827
2017-10-18,113.00745204936926,113.25964291299684,112.77889614588234,113.0468521118164,1830379
2017-10-19,113.02318203080915,113.3541983402846,112.40057485312029,113.18869018554688,2768737
2017-10-20,114.38664378918908,115.03289873910609,112.99956866285333,114.55213928222656,3556578
2017-10-23,115.08014030416729,115.45055660691153,114.54422856741647,115.00132751464844,3052778
2017-10-24,115.52936710104873,115.85248810767311,114.96980773056548,115.15895080566406,3503486
2017-10-25,115.42693494080007,115.45846514102979,114.55212420423327,115.0565185546875,2934771
2017-10-26,115.4584528522373,115.4584528522373,114.42601661104365,114.93829345703125,2265887
2017-10-27,114.9540670901961,115.37964861969387,114.6939810266251,115.2220230102539,1973297
2017-10-30,114.81222994843823,114.86739511497508,113.90590154966608,113.99258422851562,1905849
2017-10-31,113.7640390470015,114.33148119202905,113.55913079388814,113.61429595947266,2578849
2017-11-01,113.95312875043535,114.42599275173238,113.66940781099447,114.22108459472656,2281720
2017-11-02,114.0556242368146,114.59941864013673,113.37783917684419,114.59941864013672,2052144
2017-11-03,114.59152592376898,114.64669107554339,114.10289672046578,114.25263977050781,1502745
2017-11-06,114.66244253975783,115.1116716364666,114.39448666873069,114.74913787841797,2152102
2017-11-07,114.91463158005536,115.88400730746831,114.83581879094581,115.82884216308594,2759027
2017-11-08,115.70274930426945,116.25442614676804,115.48995857702158,115.74214935302734,2654319
2017-11-09,115.27719191955046,115.41905243400272,113.97681233261632,114.62305450439453,2484802
2017-11-10,114.15017035003926,115.56089269728304,113.80340167473759,114.86735534667969,3069667
2017-11-13,114.80433570257215,115.84464198267212,114.47333204374902,115.63185119628906,2125925
2017-11-14,115.1431821575675,116.32534855376706,114.86734375489806,116.10467529296875,2439732
2017-11-15,115.60032377547225,116.19140078031114,115.22990739538359,115.35600280761719,2661497
2017-11-16,115.90655166677395,116.59571432361062,115.66098077578052,116.35014343261719,2331541
2017-11-17,115.9540751088449,116.44520412809747,115.81148885298916,116.04121398925781,1728310
2017-11-20,115.98573633114543,117.47496891637836,115.98573633114543,117.1897964477539,3751639
2017-11-21,117.43539172868994,118.56815896378417,117.43539172868994,118.30675506591797,3196329
2017-11-22,118.41764319069725,118.67112419767271,117.85522104299747,118.02157592773438,1916193
2017-11-24,118.32261244978588,119.16228445331332,118.2592421814308,118.55233764648438,1262720
2017-11-27,118.75033371115373,119.69299007604698,118.59190171132637,119.16224670410156,2411444
2017-11-28,119.66924880504472,121.30106815649128,119.62964717516199,121.00797271728516,3859619
2017-11-29,121.23766684448415,121.64165695050478,120.71484636273398,121.38817596435547,3531985
2017-11-30,121.93475814903478,124.12899928905065,121.53869089966184,123.54280853271484,5996521
2017-12-01,123.33686574772202,123.79631605601197,121.10302273765618,122.30708312988281,3180813
2017-12-04,123.43192546408623,123.72502086998546,121.80802917480469,121.80802917480469,3430866
2017-12-05,121.85549080260273,122.63971485318515,121.2138529430353,121.24554443359375,2725883
2017-12-06,121.42777656832143,121.78424217602058,121.04755509227813,121.19805145263672,3057211
2017-12-07,121.19805858663585,121.82386372451911,121.06339521116222,121.41986083984375,2158330
2017-12-08,121.91891222548196,122.0773442283099,121.25351822681161,121.72087860107422,1564705
2017-12-11,121.18223776766284,121.92684784557584,121.15054626048301,121.36442565917969,3824892
2017-12-12,121.52289015734323,122.48137989012335,121.1981031549688,121.78429412841797,3123604
2017-12-13,121.55451736119156,123.99432925064968,121.29311350098308,123.41606140136719,5345370
2017-12-14,123.49525070288465,123.91508646687498,121.33270165046757,121.3802261352539,3316131
2017-12-15,122.1248621757935,122.49717353499425,121.65750182659737,122.188232421875,4532302
2017-12-18,122.7823623449276,123.02793324461307,121.9902150262155,122.45758819580078,3773277
2017-12-19,122.90117282062275,123.11505220147284,122.00605367480779,122.07734680175781,4487337
2017-12-20,122.73483633525679,122.93286997293723,122.06942953373486,122.5684814453125,3781616
2017-12-21,122.89320784624341,122.99619244245049,121.59409901215201,121.76836395263672,5128144
2017-12-22,122.1565571473889,122.2199273952702,121.30103966361025,121.58621215820312,2271481
2017-12-26,121.55451611026709,122.33081756560505,121.55451611026709,121.80008697509766,1485540
2017-12-27,122.0139622844222,122.06940965262133,121.45154021071721,121.95059204101562,1862045
2017-12-28,121.99809318118677,122.2991113484372,121.69707501393637,122.09315490722656,1745938
2017-12-29,122.28330072263289,122.56055034844088,121.48323059082031,121.48323059082031,1761981
2018-01-02,121.84760889991887,121.99019513887694,120.9683355985129,121.76048278808594,3022590
2018-01-03,121.11885168948916,121.67335092665469,120.24748845494102,120.75446319580078,6689471
2018-01-04,121.04756025917693,122.38628387451172,120.96834425872318,122.38628387451172,4746151
2018-01-05,122.76652271862844,123.77254948085279,122.39422404960546,123.24180603027344,2616637
2018-01-08,123.5745353170365,123.68543009587987,122.17244103372433,122.57643127441406,2892022
2018-01-09,122.79025794757023,124.18442875354937,122.63182596736735,123.58240509033203,3580117
2018-01-10,123.709165485237,124.46169837496055,122.79820058980704,124.43794250488281,2704351
2018-01-11,124.46172071785817,125.15880635819903,124.37458182325133,125.0954360961914,2458731
2018-01-12,125.61821097736005,126.33906498789096,125.00034157901308,126.00635528564453,2473719
2018-01-16,126.06179001318543,126.62419917569315,124.5883907903424,125.07160949707031,3612416
2018-01-17,124.91324407481683,125.91134799552313,124.72312053679703,125.48358917236328,3338719
2018-01-18,125.87170086607209,126.46581444088798,124.97658182449581,124.98450469970703,2803253
2018-01-19,125.4835581785296,125.71327052965961,124.84192010227136,125.70536041259766,3974565
2018-01-22,125.7132578096984,125.92713714681035,125.16668153427413,125.58651733398438,3450815
2018-01-23,125.94299073315119,127.01238748525844,125.76080288275641,126.41827392578125,4119066
2018-01-24,126.9252787288636,127.23421989440217,126.0539281287072,126.71932220458984,2802198
2018-01-25,127.2183493727312,128.24022167652325,126.48166230655276,128.2006072998047,4309798
2018-01-26,128.889780306943,130.78301595277748,127.53522367857178,130.6958770751953,5298505
2018-01-29,130.58501036154604,130.806812683653,127.85211486489725,127.90756225585938,3873551
2018-01-30,127.02033539236382,127.5352330614989,125.1667139900818,125.92716979980469,4104077
2018-01-31,126.73516284083011,127.16292162587725,126.18858642379944,126.48168182373047,3472559
2018-02-01,125.95092270763722,127.38470802237246,125.49148523182787,126.4658203125,2906377
2018-02-02,125.70535909386743,126.35490728037347,123.88341674679809,124.08938598632812,4442372
2018-02-05,123.13880113255351,124.77854279011059,116.4372610294859,118.9562759399414,6092679
2018-02-06,116.98387426947116,120.75448770919418,116.59572982796283,119.93064880371094,5614528
2018-02-07,119.92270658561475,122.41003011626442,119.6216883592165,119.76427459716797,3348007
2018-02-08,120.00191379913025,120.00191379913025,115.43124391619111,115.66889190673828,3549295
2018-02-09,116.4610186032898,118.27502506102412,113.9499140477228,117.1581039428711,5706042
2018-02-12,118.06115173243003,119.32065913213077,116.50854900860045,118.40177154541016,3647459
2018-02-13,117.91858007762093,118.38594042411938,117.3165563641949,117.63340759277344,2971609
2018-02-14,117.086848463419,119.43159893263476,116.48481190322924,119.1226577758789,3124659
2018-02-15,120.07317009004052,121.87926619605142,119.4473779409632,121.53072357177734,3837136
2018-02-16,121.26933152519278,122.80610128983072,121.03169631779947,122.01395416259766,2956620
2018-02-20,121.12680500333956,123.03586131010792,120.84954255682916,122.25955963134766,3919994
2018-02-21,122.76649509800136,124.25572771380625,122.0139622940174,122.0298080444336,4280033
2018-02-22,122.59098445789226,123.21981790549316,121.61987587504062,122.0337905883789,2347901
2018-02-23,122.4556563188451,123.5939280943478,122.28054448736538,123.47453308105469,3341252
2018-02-26,123.84069474141896,124.7481379789526,123.4665869016508,124.57301330566406,3064072
2018-02-27,124.67647363106504,124.92322501592656,122.45564706605269,122.51932525634766,3270216
2018-02-28,122.9014269112673,123.36309706994365,120.17912294375816,120.28260803222656,3724934
2018-03-01,120.45769164562044,120.55321533410596,116.71652452674019,117.17820739746094,4883157
2018-03-02,116.4698013003633,118.43590261319194,116.31856076549127,117.91850280761719,3592888
2018-03-05,117.46479186201898,118.58714096617788,116.62898824677501,118.21302032470703,3588772
2018-03-06,118.88960922730413,119.33536944613161,118.0617798096991,118.86573791503906,2937410
2018-03-07,117.4647970280712,120.4656852085599,117.20211001961142,119.72541809082031,4206146
2018-03-08,120.4816207840273,120.91941969112307,119.53438338177021,120.37813568115234,2307686
2018-03-09,120.99896298505045,122.95710224534652,120.67259789483482,122.7501449584961,3044756
2018-03-12,122.9173366049612,122.94916929170087,120.93531276177222,121.17410278320312,2549295
2018-03-13,121.50049906372848,122.28057316202565,120.25874191732908,120.59305572509766,1990607
2018-03-14,121.46866631845828,121.50051183695349,119.47071900008004,119.73340606689453,2141019
2018-03-15,119.94034853287565,120.70449985872735,119.49458825102238,120.25077819824219,1950392
2018-03-16,120.42589499228565,121.3412868116176,120.42589499228565,120.81592559814453,4569562
2018-03-19,120.25080044073107,120.55328160367034,118.825969807184,119.55828857421875,2294070
2018-03-20,120.06767858709942,120.91143069375113,119.52639470076912,119.78112030029297,2872179
2018-03-21,120.01195878828484,121.60393925969333,119.4468036055932,120.4815902709961,2733483
2018-03-22,119.08067591514208,119.6219471111191,116.53349623012325,116.91556549072266,2722611
2018-03-23,117.00309721386029,117.91052749560079,113.90668576449706,114.04996490478516,3815181
2018-03-26,115.78521643602876,117.2657631755338,114.88574759380965,116.96329498291016,2370173
2018-03-27,117.47269536023832,117.92641678247233,114.28076111644368,114.89368438720703,3251744
2018-03-28,114.54350371747721,115.45889556132194,113.42115449799616,114.03406524658203,5301038
2018-03-29,114.63104555215725,116.10363105314663,114.29671900341437,115.02903747558594,2716067
2018-04-02,114.49570863684389,115.13250337128517,111.57442192702405,113.37335968017578,4319298
2018-04-03,113.82707086020346,114.89370290486342,112.73655468834004,114.83002471923828,3383684
2018-04-04,112.88779506051291,115.47478064230017,112.67287637667444,115.29169464111328,2922738
2018-04-05,116.07177201023725,116.96329227591978,115.641934629337,116.53345489501953,2363945
2018-04-06,115.55434930802264,116.15134982494342,112.61714061022872,113.6200942993164,3027129
2018-04-09,114.08179536122914,115.66582725014324,113.54052431750071,113.69176483154297,2060799
2018-04-10,115.4350008234194,117.06678836391274,115.10068706583039,115.9205551147461,3040323
2018-04-11,115.01312581490855,115.99219578436735,114.58328834242606,114.84596252441406,2061538
2018-04-12,115.49867126901306,117.13842007700114,115.49867126901306,116.58918762207031,2456831
2018-04-13,117.1702444875446,117.30556223264765,115.7215305290287,116.3105697631836,1676695
2018-04-16,117.32153415376501,117.91056081453247,116.56533135508468,116.81209564208984,2708256
2018-04-17,117.71948645778266,118.63487806601997,117.56028457280618,118.36424255371094,2223244
2018-04-18,118.8895911139411,119.59007684548509,118.26075776903666,118.89755249023438,2904161
2018-04-19,118.43590654980956,119.35925972478177,117.42499103801357,117.9105453491211,3358985
2018-04-20,120.01196985222936,120.64876466354954,117.75929747022188,119.85276794433594,5562807
2018-04-23,119.96423404817068,120.69655276643171,117.45686101153376,118.30061340332031,4709524
2018-04-24,118.50753027810437,119.46271601671229,115.29967231843673,117.18617248535156,4424428
2018-04-25,117.3772570432376,117.96628373440053,115.45891076169502,117.05885314941406,3036840
2018-04-26,117.26576706927484,117.81501230043055,116.2707745004119,116.85185241699219,2538106
2018-04-27,116.6448951249853,117.16229485061595,116.11158546676363,116.95533752441406,2250477
2018-04-30,117.03494261577104,117.5762136695953,115.10067422361594,115.16435241699219,3415244
2018-05-01,114.9175910192541,115.19620074995738,113.17436998471298,115.02903747558594,2566500
2018-05-02,115.04496804419443,115.71359554659361,113.58829237780067,113.81117248535156,2477203
2018-05-03,113.22212707828203,114.67880266698583,111.04906858100178,114.1136474609375,4598061
2018-05-04,113.08679319687316,115.10862370355396,112.6728785725805,114.53550720214844,2786576
2018-05-07,114.79025183387793,115.37132987256649,114.36041433843059,114.75045776367188,1927593
2018-05-08,114.26489648725486,114.8937299359685,113.66789572871768,114.80616760253906,2985119
2018-05-09,115.18031013201303,116.00017833831424,114.76639533930235,115.96834564208984,2610093
2018-05-10,116.21507829521846,117.32946606748898,115.97628824130572,117.2498779296875,2083282
2018-05-11,116.9951492414054,118.02994884882301,116.88371559519308,117.2976303100586,1629091
2018-05-14,117.68766396861223,118.15730833911503,116.83595038374739,117.2498779296875,1919043
2018-05-15,117.07472364766713,117.55231645495518,116.90756039600339,117.28964233398438,2825841
2018-05-16,117.12248738840731,117.72744943142563,116.78817368162193,117.4488525390625,2056894
2018-05-17,117.62886357752426,118.0928765366045,117.1248417256628,117.70086669921875,2078638
2018-05-18,117.88488359276573,119.00492656477518,117.41286879649945,118.67691802978516,3110093
2018-05-21,119.54095215160739,120.90899870898384,119.22093252007899,120.39698791503906,2583282
2018-05-22,120.90103040413928,121.97307573582556,120.4050101990495,120.70101165771484,3533990
2018-05-23,120.00498575509407,121.13303066777817,119.85297769255554,121.06102752685547,2986492
2018-05-24,121.14902167928429,121.86105123405886,119.84496349707034,120.86901092529297,2785731
2018-05-25,120.65301332921243,121.22903845327991,119.84497522232552,120.53301239013672,2041800
2018-05-29,119.6769342084724,120.14894890270274,117.98886833581916,118.56488037109375,2479419
2018-05-30,119.02091195139685,120.62098414023207,119.02091195139685,120.35696411132812,2313491
2018-05-31,120.62098974996094,120.62098974996094,118.21287957638553,118.33289337158203,5317504
2018-06-01,119.08492511517811,120.26098048123087,119.02892554663099,120.07696533203125,1829746
2018-06-04,120.00499234399302,120.41301875516793,119.37296760237336,120.11700439453125,2212795
2018-06-05,120.38099469156987,120.52500096105855,119.66896512413291,119.9009780883789,1782036
2018-06-06,120.08495385792558,120.80498504638672,118.98091462582596,120.80498504638672,2748683
2018-06-07,120.83703062941157,121.93306843220962,120.80502350626288,121.67706298828125,2094154
2018-06-08,121.4290558850162,121.91707435378656,121.3490509562367,121.49305725097656,2049400
2018-06-11,121.54102360192552,121.95703877156586,121.21300222505833,121.50101470947266,1820457
2018-06-12,121.55702341200119,121.99704395019309,121.25302023306295,121.81304168701172,2372178
2018-06-13,121.55703372384517,122.00505607913551,121.10902425386844,121.46903991699219,2042645
2018-06-14,121.88507177491047,121.9970709363498,120.24500306042366,120.96503448486328,2672685
2018-06-15,120.37297472955859,120.37297472955859,119.02892071245115,120.18897247314453,4143132
2018-06-18,119.23691760934764,120.09295324018248,118.84490779529047,119.96495056152344,1670151
2018-06-19,118.76490559886656,119.15691542183261,117.54085257508582,117.82886505126953,2735383
2018-06-20,117.75688768619443,118.23690428971203,116.96485320346768,117.23686218261719,2042645
2018-06-21,116.78082782427761,116.94882651536223,114.86873779773062,115.18075561523438,3378301
2018-06-22,116.32479277030885,116.32479277030885,115.10874161426788,115.20475006103516,3048345
2018-06-25,114.74075809448397,115.65279350906353,113.56471548010049,115.23677825927734,3773383
2018-06-26,115.60477840568507,116.11680205388186,115.13276365165873,115.2127685546875,3358035
2018-06-27,116.17281088007783,116.65282745119845,114.50074821797095,114.51673889160156,3283937
2018-06-28,115.0847913599809,115.24480121940248,113.86873962194655,114.5087661743164,3016468
2018-06-29,114.67674300362064,116.53282073058826,114.55674208814052,115.24476623535156,2985647
2018-07-02,114.69273155423477,115.97278410290302,114.4127208645455,115.852783203125,2378617
2018-07-03,116.07683383968447,117.30088737997235,115.75682700073283,115.95683288574219,1316340
2018-07-05,116.73282263230756,116.88483065897887,115.42077572921299,115.94078826904297,2089932
2018-07-06,115.62877929659112,117.08483239685948,115.54077261811189,116.580810546875,1995357
2018-07-09,116.77280887553947,118.42086574220583,116.60479732384783,117.94084930419922,2107876
2018-07-10,118.22887444405255,118.58889003255732,117.91686952422242,118.43688201904297,1821091
2018-07-11,117.56483688028895,117.56483688028895,115.52475723885448,115.62076568603516,2456514
2018-07-12,116.75683109930615,118.42089188787963,116.30880878608448,118.31689453125,3287632
2018-07-13,118.27691230432164,118.83693381845205,117.66087833052704,118.00489044189453,2710051
2018-07-16,117.98886954303846,118.10887044095132,116.82081613427638,117.12483215332031,1877033
2018-07-17,117.11687885704954,118.93294817456855,116.65285285849346,118.79694366455078,2635425
2018-07-18,118.92495701955549,119.61299429765256,118.71694934533558,119.32498168945312,3212795
2018-07-19,118.3329177129115,119.18895358621683,117.84489930897432,118.03690338134766,3193479
2018-07-20,119.35692237926098,123.1970801753886,119.30092281619612,122.5090560913086,6807267
2018-07-23,122.50104682836657,123.03707574718045,120.9089765129366,122.96507263183594,4612205
2018-07-24,123.22112791662306,124.71719038942946,122.55709605372533,124.13316345214844,4029346
2018-07-25,122.81308135027435,126.58123630964813,122.81308135027435,126.42122650146484,4159070
2018-07-26,126.58123068235271,127.77327664116875,126.48522222464842,127.30126190185547,5055313
2018-07-27,127.40526128120027,127.78128045410745,126.69323182894624,127.47726440429688,2995991
2018-07-30,127.36524368791372,127.76525524385376,125.31716235876792,125.5411605834961,3292698
2018-07-31,126.03722440300554,127.88530059672023,126.03722440300554,127.72530364990234,2875028
2018-08-01,127.9413209745975,127.99732055371469,125.17320740280573,125.51721954345703,3562067
2018-08-02,124.54917579974378,124.99719821843303,123.86915327612212,124.72518920898438,2258815
2018-08-03,124.59716902419544,124.94118112824826,123.3891193274628,124.03714752197266,3130042
2018-08-06,123.8291373505431,124.16514766788636,123.04509180121985,123.98113250732422,3243194
2018-08-07,124.29318711204387,125.18921918492967,123.94117313141189,125.09322357177734,1719338
2018-08-08,125.06117766909793,125.173189696803,124.06913740532097,124.16514587402344,1791536
2018-08-09,123.88514051533465,124.33314998968056,122.86909486890829,123.17311096191406,2643236
2018-08-10,122.74105552272346,122.9090541934615,122.02902618184956,122.47703552246094,1628036
2018-08-13,122.57304138904361,122.80505427458556,121.44499695581194,121.88501739501953,2148513
2018-08-14,122.16504910513096,123.9091147225284,121.94103795828933,123.30909729003906,2728522
2018-08-15,122.36507760740949,122.8050982040198,120.97302556681687,122.54907989501953,2395505
2018-08-16,123.17210969252164,124.2092026451378,123.05152230669589,123.88761901855469,2217228
2018-08-17,123.83940427784077,124.98100300776072,123.40527408914268,124.74785614013672,2144819
2018-08-20,124.90060738451972,125.27042342927861,124.4664771947968,124.98904418945312,2259554
2018-08-21,125.38293699045482,126.49238483312612,125.3748961059118,126.20296478271484,2603232
2018-08-22,126.04225101870746,126.04225101870746,124.53083570290373,125.51968383789062,2151469
2018-08-23,126.91046159273026,127.69832602345588,126.22710278792516,126.95065307617188,3687041
2018-08-24,126.85417241184606,127.3928081430965,126.30748284697371,126.62906646728516,2617904
2018-08-27,126.97476444221459,128.28519573085615,126.97476444221459,128.1083221435547,1958625
2018-08-28,128.63893342780682,128.88010821008794,127.97165643703723,128.71128845214844,3172791
2018-08-29,128.75953905006057,129.43485702229626,128.50228245965928,128.87208557128906,2282881
2018-08-30,128.55052642626075,128.9123016318184,127.83501690285671,128.18875122070312,1606398
2018-08-31,127.76262897366723,128.2449914741467,127.40085386123611,127.87517547607422,2543595
2018-09-04,127.88325403118276,128.37365756175754,127.1918671452301,128.3415069580078,2465697
2018-09-05,128.42991852695138,130.3272181204291,128.38971409480655,130.06996154785156,3381995
2018-09-06,130.60863396202117,132.42555109706757,130.60863396202117,131.85475158691406,4314865
2018-09-07,131.3401807958417,131.919020998323,130.4317290106303,130.8899688720703,2920627
2018-09-10,131.517055367029,132.0476632582465,131.1392113768482,131.34019470214844,2455248
2018-09-11,131.0105746752714,131.5170469252721,130.31113410258735,131.09095764160156,2688096
2018-09-12,130.76940711455833,132.33709532083648,130.72117473765854,131.7582550048828,2373973
2018-09-13,132.35315992678787,133.34200768883707,132.35315992678787,133.22142028808594,2209100
2018-09-14,133.09274785300522,133.46256380334236,132.46567538849496,132.739013671875,2072199
2018-09-17,132.65062060608665,133.82436990960784,132.2084495400413,133.25357055664062,2979842
2018-09-18,133.39020407825942,133.67962412062275,132.33704245667457,133.56707763671875,2749316
2018-09-19,133.66358056052042,134.0092868919419,133.20534066131046,133.2937774658203,1556577
2018-09-20,133.9369324537104,134.1700663735128,132.59433745174474,133.88868713378906,2157169
2018-09-21,134.17010036073702,134.76502253750115,133.69577856603843,134.53187561035156,3315075
2018-09-24,133.95300607602593,134.1941938394073,132.85161173764706,133.0204315185547,2055205
2018-09-25,133.30988486338728,133.59930507222555,132.61849789706983,133.10086059570312,2426221
2018-09-26,133.3902707729112,134.05754797050375,132.41750455985704,133.2616424560547,2932132
2018-09-27,133.55907997615066,133.68770827032148,132.7149422288304,132.94004821777344,1842095
2018-09-28,132.95611031233526,134.01732605624017,132.7872905403907,133.77613830566406,2316341
2018-10-01,135.2232566064216,136.32052010592676,134.52425643227787,135.2801513671875,2288111
2018-10-02,134.84940574325688,135.4427351057685,134.5893134990832,134.9469451904297,2813157
2018-10-03,135.48340620459888,135.54030098947496,134.01226037545294,134.4186553955078,2398152
2018-10-04,134.10981041545637,134.81692951919882,132.36232205007252,133.8740997314453,3110812
2018-10-05,134.10166078202937,134.67060859882739,132.93937057203718,133.35389709472656,2545570
2018-10-08,133.3132518716055,134.10979176016082,132.6386460196665,133.99600219726562,1949739
2018-10-09,133.49209040418268,133.49209040418268,130.6961011648572,130.8098907470703,3831510
2018-10-10,130.64728730180184,130.64728730180184,127.20920658651399,127.29861450195312,4741388
2018-10-11,127.24981466815576,128.55840706198276,124.69766910944007,124.86022186279297,5073705
2018-10-12,126.0875731561838,127.82692953819728,125.39670433872013,126.95724487304688,4638760
2018-10-15,126.57529914843388,128.21712973930553,126.32332536868513,126.9654312133789,3467872
2018-10-16,127.6562402054949,129.81012297277957,127.45304274078602,129.68820190429688,2962767
2018-10-17,129.63944717587,130.45223708812048,127.71314337074047,128.46090698242188,3620197
2018-10-18,127.75382418464763,127.91637703376558,125.19354559543757,126.1363754272461,3794029
2018-10-19,126.87602405978502,128.20899902871537,123.86871827414096,124.7384033203125,7090680
2018-10-22,124.98220505036296,125.35608692761737,122.81207162602222,124.03937530517578,4700984
2018-10-23,121.4140566964113,123.79551889036323,119.35771308178384,122.4056625366211,5607104
2018-10-24,122.46253088015058,122.59257051483475,117.86216030087458,118.13037109375,4828043
2018-10-25,119.62595451901757,120.70696856864696,118.84569044639947,119.86979675292969,2926853
2018-10-26,118.45550629641735,120.35742847824129,117.66711095712772,118.69934844970703,3633665
2018-10-29,121.72602168080576,122.45577421352256,116.84423244767613,118.32051849365234,4796600
2018-10-30,118.65606252690125,120.02329841866066,117.99342081165123,119.91426086425781,4253640
2018-10-31,121.54152199918185,122.95908786902285,120.86209931243557,121.47441101074219,4789114
2018-11-01,121.99442381615603,122.07830281138692,120.3671609500481,121.16402435302734,3836228
2018-11-02,122.13698927517716,122.91707148256197,120.53488537447123,122.02793884277344,4917190
2018-11-05,122.12026991966552,124.2759787120924,122.03639090547007,123.4539566040039,4230372
2018-11-06,123.88175056286111,125.34125586741908,123.80626203462629,124.51923370361328,3215471
2018-11-07,125.86131068189255,127.16144843535878,124.77087047764836,125.98712921142578,2210485
2018-11-08,125.85292271433785,127.06918147250822,125.74388516587138,126.28070831298828,2833669
2018-11-09,125.89482383660001,126.41487878983907,124.83794589993457,126.08775329589844,2406140
2018-11-12,125.96195854052282,126.34780458354889,124.0662773403755,124.25081634521484,2287574
2018-11-13,124.09983056911149,126.48201788640847,123.437188944615,123.87335205078125,2501743
2018-11-14,124.68698586324379,124.93024536805792,123.47913062357928,123.7475357055664,2860276
2018-11-15,122.85341722133178,125.21516914604526,122.48228942625441,124.64160919189453,3064329
2018-11-16,124.3969879254234,125.67065557974516,123.83185234644051,125.29951477050781,3194024
2018-11-19,125.1983451113379,126.33704099740164,123.95842660491512,124.38860321044922,2283223
2018-11-20,122.89561273600027,123.9499736670446,120.87125172740197,121.50386047363281,3620238
2018-11-21,122.26303607203639,122.92095715315311,121.4870305981027,121.54606628417969,2900035
2018-11-23,120.31455500598824,121.56291076066702,119.78315583978275,120.83751678466797,1530950
2018-11-26,121.35204818370372,121.95935783139262,119.79160014507697,120.80378723144531,4076093
2018-11-27,120.095221791178,121.19175641342451,119.89278963809285,120.52539825439453,3701778
2018-11-28,121.19176759642014,121.81593888463529,119.85906417604163,121.71472930908203,4345398
2018-11-29,121.71476070092085,123.86564377021767,121.30144584367349,122.92936706542969,2677772
2018-11-30,123.06428056246922,124.07646734812464,122.58349281583214,123.78125,5456913
2018-12-03,126.5225767912307,127.79623148187697,125.51882731314662,125.66222381591797,4369678
2018-12-04,125.08862927653236,125.88994645198788,120.20486788536036,120.34825134277344,4161579
2018-12-06,118.29859790745566,119.53851592400136,115.67536538895341,119.40355682373047,6015452
2018-12-07,118.78784359450512,120.77003071283534,116.49357730298009,116.99966430664062,3687008
2018-12-10,116.9912591363038,117.44674798155914,114.41863647191778,116.35865020751953,3158211
2018-12-11,117.9106119898119,118.24800327769748,114.81502869454069,115.39702606201172,4172910
2018-12-12,117.05025545840888,118.79626052868917,116.59476681700879,116.64537811279297,4250100
2018-12-13,117.33702089783088,118.25642243209867,116.31640980519595,117.09241485595703,2389043
2018-12-14,115.91997656387,116.72128079515936,114.76440630627425,115.08492279052734,2628099
2018-12-17,114.57043288844248,115.70914173723337,112.67259348756474,113.3473892211914,3169744
2018-12-18,114.67162389338786,115.35484380606245,113.34735797597345,114.02214050292969,2668566
2018-12-19,114.33425522502156,116.19835794891667,111.46640287738916,112.40267944335938,3913823
2018-12-20,111.95563683547444,112.7063430200465,109.12152730638905,110.21805572509766,4571606
2018-12-21,109.66133088625287,111.71942807968634,109.08776441685225,109.18054962158203,6984221
2018-12-24,108.47204474053412,108.80099869221547,105.12341095877011,105.29210662841797,2871910
2018-12-26,105.45236234313876,109.31551367857962,104.15339538214107,109.29021453857422,3480325
2018-12-27,107.64540795952169,111.02777112643996,106.9874871588826,110.9771728515625,3287502
2018-12-28,111.4410913321357,112.24239565206489,109.86376881030114,110.2939453125,2791382
2018-12-31,110.96876581326589,111.47485286570488,110.04936391813958,111.44111633300781,2225559
2019-01-02,109.81317268347385,111.41578135471705,109.23116227581149,111.19648742675781,2788145
2019-01-03,111.42424414390163,112.16651298377958,108.86849014700609,109.71197509765625,3221137
2019-01-04,111.86285768131759,113.9040937274261,111.38206976404724,113.5498275756836,3625397
2019-01-07,113.31362078330665,114.7138103041378,112.30988426919201,114.18241119384766,2978944
2019-01-08,114.76444545573698,115.4561029732674,113.29678257808268,113.9462661743164,2666846
2019-01-09,114.88250033874529,115.33797596768838,113.92936214973147,114.47762298583984,2016144
2019-01-10,114.0559350056556,116.35021499252734,113.59202178254219,116.18995666503906,2174773
2019-01-11,115.34642230348815,116.18991359898877,115.05964229417368,115.86094665527344,1912449
2019-01-14,115.00060799814351,116.43453426547862,114.69695317706855,116.07183074951172,3136764
2019-01-15,115.91999946047902,116.52730904820146,115.16929335267623,116.20677947998047,1863383
2019-01-16,115.99592436922323,116.99123670540918,115.7681799902613,116.41766357421875,2273511
2019-01-17,115.81874669334721,118.61911216492894,115.71753713552395,117.98650360107422,2607462
2019-01-18,119.58915006403309,120.20489700771452,118.39140572367853,119.64818572998047,5484835
2019-01-22,118.89748099730053,119.05773924720769,116.99120468763134,117.93590545654297,3233782
2019-01-23,118.77943066612765,119.1758577114419,117.43828956074718,118.71194458007812,3000897
2019-01-24,118.8384649507908,119.7747416115482,118.4757744424203,119.08308410644531,2738775
2019-01-25,120.19646385784449,120.36515951619816,119.2854994903393,119.53010559082031,3243697
2019-01-28,118.36611587112719,118.75411854891985,117.13463477233354,118.49263763427734,3518869
2019-01-29,118.80472139353726,119.95185456849816,118.50950396722101,119.55542755126953,2452778
2019-01-30,120.16272573948947,121.25081011733381,118.8806205240526,120.8543701171875,3149106
2019-01-31,120.44949481683139,121.51227995804577,119.98558180461269,121.14958953857422,3514114
2019-02-01,125.42607433314333,125.67913087971726,121.74849279841564,122.06058502197266,5601075
2019-02-04,121.86652276471926,124.84402109002336,121.83278624712503,124.77653503417969,4747534
2019-02-05,125.17296062977843,125.4175796508789,124.33792006655835,125.4175796508789,2997255
2019-02-06,125.670659884025,126.09239898109666,125.08021212746714,125.5947494506836,3183907
2019-02-07,124.55730138432183,125.59478769140335,124.20303522665274,124.96216583251953,2996244
2019-02-08,124.81878011429885,125.37547848628165,124.15242173322146,125.35016632080078,3998195
2019-02-11,125.67070091558975,125.94904360227311,124.8778207376931,125.24052429199219,3012430
2019-02-12,125.84780315058647,126.95276227896879,125.6453579509908,126.82624053955078,2685865
2019-02-13,127.35760291561682,128.78309118500866,127.09612212545683,127.77090454101562,2791888
2019-02-14,127.307017933577,127.90589005525105,126.48883887740377,126.96118927001953,2135318
2019-02-15,128.20954062408651,129.32293701171875,127.86371197181764,129.32293701171875,3074850
2019-02-19,128.7240490602861,129.685624467872,128.53847867831027,129.2891845703125,2508521
2019-02-20,129.33140945277202,130.60506443307273,129.0614911581674,130.38575744628906,2652986
2019-02-21,130.19916358161106,130.37724123365564,128.96110239884314,129.41053771972656,2737865
2019-02-22,129.95327224124082,130.25007712842333,129.21552739530634,129.91087341308594,2901957
2019-02-25,130.75885080843534,131.1658742845271,130.36029662510205,130.64013671875,2339472
2019-02-26,130.49595876705376,131.2761022680915,130.26699990976576,130.52139282226562,2009467
2019-02-27,130.470524667406,131.21675180607758,129.8345423225649,131.09803771972656,1771827
2019-02-28,130.66557011230427,131.07260667642174,130.08893825232877,130.6486053466797,2877070
2019-03-01,131.42872941779265,132.15800478975285,131.1319376941343,132.04776000976562,3424886
2019-03-04,132.95513674636962,133.11624968007615,130.57230682587874,131.0132598876953,4115852
2019-03-05,131.02175064966173,131.59836953035605,130.25855858153187,130.7164764404297,3421345
2019-03-06,130.67404855542264,131.45419212888785,130.36029203150594,130.3687744140625,3975231
2019-03-07,130.2246437688607,130.45360270118422,128.58804097469897,129.3003387451172,3621351
2019-03-08,128.27423559993568,128.73215329045644,127.51953928385072,128.54559326171875,2954766
2019-03-11,128.04529749963066,129.93630596706132,127.66370808910415,129.9023895263672,2825374
2019-03-12,130.22455738145163,130.90293825375437,129.57161055582387,130.1652069091797,1843251
2019-03-13,130.84366084939094,131.810364604338,130.46207139562708,131.47116088867188,2563454
2019-03-14,131.7340133398923,131.97145459057023,130.90298859766355,131.6492156982422,2688597
2019-03-15,131.5644287507658,132.29369114625393,131.4626794265726,131.73402404785156,5348968
2019-03-18,131.90362185406326,133.20951613854237,131.35243712804973,133.07383728027344,2423845
2019-03-19,133.65893933468195,134.11684398569545,132.84487934949343,133.33670043945312,2726028
2019-03-20,133.29429139408103,133.70981028211204,131.98839732900365,132.53111267089844,2401386
2019-03-21,132.59901084661382,134.75289542163395,132.37006497096368,134.36282348632812,1974666
2019-03-22,133.64199119839012,133.83703365426663,131.96298981563822,132.1410675048828,2459253
2019-03-25,132.22586059570312,133.32824313630167,131.95450287954083,132.22586059570312,2072393
2019-03-26,133.0229539431785,133.87093034772127,132.77703031378445,133.54022216796875,2240228
2019-03-27,133.41307684017295,134.22713711855596,132.45485528172705,133.2265167236328,2796946
2019-03-28,133.65895851465908,134.54933388776882,133.14169020369002,134.43910217285156,2204617
2019-03-29,134.9902961994097,135.24468918062826,133.96424189047505,134.76133728027344,2736246
2019-04-01,135.67714698018509,137.1780837529549,135.47363523255945,136.92369079589844,2421518
2019-04-02,136.79653864762886,136.99156807520097,135.55847681396418,136.55909729003906,3371571
2019-04-03,137.0593510634141,137.3307087760826,135.81282038785784,135.92306518554688,3859699
2019-04-04,135.89759394474058,136.82189862647633,135.49903982930803,136.58445739746094,1990246
2019-04-05,137.05089574765884,137.52576524820944,136.67777558216292,137.1187286376953,1765353
2019-04-08,136.69471835688674,137.45789715245206,136.14353367120066,137.42398071289062,1875624
2019-04-09,136.67774567396287,136.9745374105999,136.14352578405442,136.39791870117188,1955040
2019-04-10,136.35556187326856,136.35556187326856,135.0072685252535,135.6517333984375,2408771
2019-04-11,135.8298049959093,136.5675498855559,135.40581668923863,136.4403533935547,1776683
2019-04-12,137.29679800872205,137.90734634241034,136.864327363201,137.77166748046875,2143614
2019-04-15,138.00908803935485,138.11083735296017,137.1950149899383,137.3730926513672,2420708
2019-04-16,137.8649125676054,138.15322189483416,137.48332322830703,138.1023406982422,3042173
2019-04-17,138.48399355049347,139.62027960100278,137.93279565849596,138.12783813476562,3456247
2019-04-18,142.05396901742586,144.03824447176765,140.67175948768786,143.35986328125,6451277
2019-04-22,142.6730026467475,143.6651403943554,142.0370202675366,142.66452026367188,3302778
2019-04-23,142.67302103883193,145.85295952500925,142.46950926926905,145.69183349609375,4218030
2019-04-24,145.65789104875392,145.9462004283447,145.04734275895265,145.2508544921875,3869815
2019-04-25,144.7505944112414,144.96258859071386,142.98679498397016,144.51315307617188,3379260
2019-04-26,144.29265995788015,146.09885784997763,144.15698109287175,146.06494140625,2734830
2019-04-29,145.76813597689147,146.80267249942207,145.65789118246957,146.31932067871094,2977427
2019-04-30,146.70940251830604,147.55737904072072,146.2599671073677,147.2351531982422,3694292
2019-05-01,147.34541415649423,147.8372484911768,144.86082150849984,144.9541015625,3806080
2019-05-02,144.50468208868526,145.4629036227388,143.78388879681995,145.3272247314453,4473171
2019-05-03,145.49680717584857,147.2436416574198,145.34416352788642,147.15884399414062,4176754
2019-05-06,144.57252543964057,147.12495122321755,144.37749601875265,146.37025451660156,3036710
2019-05-07,144.74206750336546,145.65788993103976,143.2072274980817,144.02976989746094,4738531
2019-05-08,143.94502707838515,145.37811830872485,143.73301979327493,144.46229553222656,2933419
2019-05-09,143.4955483868464,144.58096619300466,142.6136423286873,144.48768615722656,2994119
2019-05-10,143.95340489681615,145.9376928633352,142.47791576509582,145.5391387939453,2369619
2019-05-13,142.86798556700427,143.22414081963115,140.1798825918521,141.46034240722656,3748011
2019-05-14,141.553675934976,143.54643391901504,141.44343112933748,142.59669494628906,2651267
2019-05-15,141.6130054910791,144.15696094679512,141.2144644253047,143.63121032714844,1891204
2019-05-16,144.0382477731862,145.89533988696837,143.9704148886185,144.82687377929688,3068173
2019-05-17,143.53796155712388,145.1830466522496,143.18180614496083,144.11459350585938,2119435
2019-05-20,143.63973315595373,144.1230720003457,142.46951750564205,142.98678588867188,2085747
2019-05-21,144.02981733277664,144.64036581897318,143.35990523899682,143.81781005859375,2565983
2019-05-22,143.7075324902597,144.57247372152293,143.30897831524499,143.5718536376953,2277760
2019-05-23,142.26811116740626,142.5407894743757,140.87917494987028,141.82501220703125,2747982
2019-05-24,142.94131221628015,143.03504622539415,141.91025126983027,142.02955627441406,2059241
2019-05-28,142.18294361049723,142.8305449190023,140.54689958414812,140.81956481933594,3922624
2019-05-29,139.5072900870035,140.70875835896115,138.62109214066749,140.0611572265625,2557384
2019-05-30,140.30830351968217,141.22858322252196,140.24866416498503,140.98147583007812,1974362
2019-05-31,139.52438172179006,140.78550300505833,139.44769502472144,140.0100860595703,1917608
2019-06-03,140.15492003308538,142.2766681884824,140.01858084763506,141.85061645507812,2412615
2019-06-04,143.1969551762884,143.83603280920346,142.25111764881308,143.28216552734375,2731694
2019-06-05,144.15131748878898,144.58589291330622,143.34180599367303,144.35581970214844,2738978
2019-06-06,144.4069212096039,145.4379689009756,143.93826436387158,145.08009338378906,2255200
2019-06-07,145.7617928716743,147.61938629390818,145.65102468416228,146.78431701660156,2051451
2019-06-10,147.83240038191187,148.24141789958534,145.8810731043975,145.94924926757812,3050975
2019-06-11,146.98028843418265,147.76422876537364,145.19085827352475,146.26451110839844,1746839
2019-06-12,146.443483235178,147.55975460255527,146.0856076581629,147.32968139648438,1589121
2019-06-13,147.90062001836944,147.91765419881898,146.84400098582074,147.57681274414062,1417037
2019-06-14,147.36375891291576,147.8494631553255,145.79587799542702,147.25299072265625,1646584
2019-06-17,147.73868600206958,147.84093052061274,146.57980956148157,146.86952209472656,1665603
2019-06-18,147.8920465925983,150.3376016224326,147.53415792407563,149.75816345214844,2917334
2019-06-19,149.6644386039704,150.09901396980447,148.48001750580573,149.4684600830078,2212508
2019-06-20,150.3290909374492,151.13007867865142,149.22986699799628,150.21832275390625,4283687
2019-06-21,150.72106749467267,150.7295911600284,147.89206559386477,148.53114318847656,3858282
2019-06-24,148.51409323706122,149.5536646087329,148.44591707526126,148.78675842285156,1816543
2019-06-25,149.1361478754428,149.4684787668485,147.95172662922326,148.21588134765625,1865204
2019-06-26,148.73565287233853,148.94015506405825,147.87501262650144,147.91761779785156,1836979
2019-06-27,148.33514792840882,148.7952811138849,147.59381274072845,148.13064575195312,1832730
2019-06-28,148.42890347820267,149.4429039971032,148.26699329260768,148.76974487304688,3592721
2019-07-01,150.50803411717376,150.8147939780364,149.68148854121117,150.66140747070312,1632420
2019-07-02,150.81479524719612,151.23232329425423,150.09901784789187,150.49951171875,1423411
2019-07-03,150.627359614524,152.075948900753,150.15017896367064,152.01629638671875,1254463
2019-07-05,151.0023085664195,151.20681081880323,148.83794154294358,150.4739990234375,1222899
2019-07-08,150.22685292456507,150.23537659067705,148.9486976219389,149.69003295898438,1592257
2019-07-09,149.11909579142173,149.76669701096978,148.76973076407836,149.56219482421875,1614514
2019-07-10,150.0734428538061,150.77217284324388,148.58224887823002,148.658935546875,1887359
2019-07-11,148.97423443472266,149.14465511767997,147.6193794821688,148.7271270751953,2454700
2019-07-12,148.90607397505005,150.98521686580546,148.90607397505005,150.94261169433594,2222827
2019-07-15,151.13009620189027,151.13009620189027,148.71862218748538,149.1276397705078,1687455
2019-07-16,149.11909337407923,149.87746276263087,148.52262099933918,148.93162536621094,2012199
2019-07-17,148.75270528365655,148.82088145845663,143.59745261072132,143.6826629638672,5539363
2019-07-18,145.36978374168652,148.16470336914062,144.6028908382611,148.16470336914062,4176147
2019-07-19,148.30110927298628,149.1191313689617,147.34674796871383,147.40638732910156,3073333
2019-07-22,147.43192285623238,148.68452012247798,146.92917132449062,147.9091033935547,1784777
2019-07-23,149.29805311265494,149.62184717366728,147.81538253379608,148.99981689453125,2105575
2019-07-24,148.48000011938834,149.38323225061504,148.0965404795392,148.23287963867188,1771726
2019-07-25,148.73567834224633,148.82939921222234,147.4234283169064,148.07102966308594,1779718
2019-07-26,147.8579904401355,148.03693480507746,147.12517880272867,147.93467712402344,1779415
2019-07-29,148.1476676854949,148.99978413228885,147.73866336637954,148.7185821533203,1537526
2019-07-30,148.45447761673736,149.07652112289108,147.70461857348712,148.19032287597656,1450220
2019-07-31,147.82390851553038,148.24996026238264,145.00341701299712,146.9547576904297,2930688
2019-08-01,146.46904550536908,148.10508938620282,144.2194687269672,144.47511291503906,2783693
2019-08-02,143.91271813513566,144.04905732629754,141.99547210069358,143.16287231445312,2179831
2019-08-05,140.75137217300758,141.4415785124023,137.0958251504335,138.05018615722656,3333836
2019-08-06,139.2090784160189,141.04963780809192,139.08126288771984,140.1890106201172,3646845
2019-08-07,138.85970760351685,139.60956656417022,137.2492214904501,139.2261199951172,3115114
2019-08-08,140.24864965264356,142.67715761079236,139.916318787953,142.3107452392578,2457128
2019-08-09,142.20849462163886,142.8731300149157,140.81103451671228,142.02102661132812,1823119
2019-08-12,140.9559078911081,142.19147118775393,140.10380434432193,140.33387756347656,1507581
2019-08-13,140.52129250607706,144.88409299456106,140.1719275204461,143.13726806640625,3259377
2019-08-14,141.47566449297383,142.12326568566488,139.72883942870044,139.77996826171875,2485961
2019-08-15,139.86563430603613,140.35377871392032,137.96445560362196,138.9664306640625,2246298
2019-08-16,140.2852231812376,141.78390860287752,139.7799459773096,141.33001708984375,1768590
2019-08-19,143.19698191180854,143.29975332195926,141.7325620265453,142.04086303710938,1666412
2019-08-20,141.82673496727972,142.03226452134615,139.9255436275385,139.99404907226562,1746334
2019-08-21,141.3043529882951,141.3043529882951,139.40316144671243,140.2681121826172,1752404
2019-08-22,141.03033844677128,141.21873509474145,138.375520199254,139.50596618652344,1962627
2019-08-23,138.2898925656741,138.97501340241536,133.16012548870245,134.01651000976562,4393553
2019-08-26,135.1983065771541,135.3353307222016,132.66339294349714,134.3761749267578,3130087
2019-08-27,135.40386635796628,135.4809515454064,133.8024219193946,134.86434936523438,2559711
2019-08-28,134.5988665027705,137.0224427569171,133.99083081682392,136.63706970214844,2390966
2019-08-29,138.28982439968917,140.44793083683894,137.827379630242,140.10537719726562,3965013
2019-08-30,141.30439216683027,141.85247559445364,140.5336329087506,140.9789581298828,3193417
2019-09-03,140.02832092186668,140.84188590677712,139.29181465061126,140.04544067382812,2832152
2019-09-04,141.4585100355404,143.64230329480048,141.4585100355404,143.1370391845703,4021059
2019-09-05,144.39591356814785,146.40842974041126,144.31027514464245,145.9031524658203,4564221
2019-09-06,146.39986857418845,147.11924193368463,146.03162862768804,146.5797119140625,3366614
2019-09-09,147.20492465567818,147.92428501175002,144.78133530130356,145.295166015625,5050022
2019-09-10,144.4130850704853,145.2780493217083,142.9315318810042,145.25234985351562,4270839
2019-09-11,145.40647188199887,146.75100057603925,144.90119454838776,146.6824951171875,4094708
2019-09-12,146.89656547899494,147.29907133396077,144.21606182771782,144.41302490234375,2809895
2019-09-13,144.66995984832064,144.88405590417915,143.42818950445525,143.62515258789062,2771553
2019-09-16,143.05144434880086,143.36829871522576,141.9552641414583,142.34063720703125,2456015
2019-09-17,142.58040426456276,142.83731961397072,141.52704340005593,142.55471801757812,2313877
2019-09-18,142.06652179913183,143.86494180956433,141.74110109641566,143.84780883789062,1853064
2019-09-19,143.94202593473955,144.52437516246079,142.61463033404345,142.82015991210938,1972946
2019-09-20,143.53095688396468,144.48154598936102,142.75163139857793,144.1389923095703,5109305
2019-09-23,142.7944722330163,143.71082197306637,142.34059382651364,143.1370391845703,2352623
2019-09-24,143.69368350781136,144.25889978744058,141.24440855612227,141.95521545410156,2668971
2019-09-25,142.10081669544573,143.2569489095155,141.52703383260047,142.95721435546875,1664186
2019-09-26,142.9057767986336,143.8734987968271,142.56322314685923,143.0428009033203,2006129
2019-09-27,143.75363199746798,144.2845823156674,142.4262231522522,143.90777587890625,2544131
2019-09-30,144.58434505829158,145.19238060029033,143.92492381051053,144.9011993408203,2103754
2019-10-01,145.20093407728362,145.7233311361324,140.46509460026795,140.6106719970703,2825778
2019-10-02,138.85509681685576,139.4460126604824,136.54284559286404,137.94732666015625,4572820
2019-10-03,137.54478642289672,138.3326652048941,136.02898104314235,138.32411193847656,3124219
2019-10-04,138.7351588895658,140.25097735598993,138.58958151474013,140.13107299804688,2773577
2019-10-07,139.83138123974007,140.93612771601323,139.1976594137429,139.74574279785156,2240228
2019-10-08,138.15282460551643,138.195643813899,135.8148746760105,135.84056091308594,3457967
2019-10-09,137.56193014915758,137.59618287716418,135.95191973397425,136.8853759765625,1699999
2019-10-10,136.90248407629727,138.94925275637152,136.89391759088028,137.8530731201172,1631914
2019-10-11,139.60011560465972,141.60407841591754,139.36889980403762,140.04544067382812,2271083
2019-10-14,140.12254416404102,140.6363747480677,139.17194171972673,139.57444763183594,1068215
2019-10-15,140.03689229169154,141.15020510854018,139.69433856954961,140.13966369628906,2847327
2019-10-16,140.11395324683008,140.73910839377268,139.31750804852388,140.13107299804688,3490037
2019-10-17,142.41769947966466,144.72138444626788,141.80966381806928,143.46249389648438,3341221
2019-10-18,143.14556007593842,143.41960828724353,139.10340844866934,141.79246520996094,4473475
2019-10-21,142.99146053315167,144.93547163097006,142.64890677280383,144.6785430908203,2563960
2019-10-22,144.4730134785894,145.68053134768218,143.77933946990723,144.6785430908203,3328474
2019-10-23,145.53492716953832,145.5863128727868,144.72991533171623,145.45785522460938,2406849
2019-10-24,145.5520496783264,147.05930197599545,144.69566534093798,146.83663940429688,2206438
2019-10-25,146.6481926098334,147.3846988182687,146.14292862206779,146.98219299316406,1972946
2019-10-28,147.27340366233256,148.7720895296572,147.27340366233256,147.88143920898438,2394810
2019-10-29,147.38471058341602,148.4209380972439,146.99077121205764,148.29248046875,2745655
2019-10-30,148.36101248875516,149.86826479690842,148.19830210749717,149.5257110595703,1979218
2019-10-31,149.15745941427173,149.5257126176803,146.98223258359775,147.92425537109375,2168197
2019-11-01,149.26018648826883,150.97296790393074,148.95188556905202,150.82737731933594,2868268
2019-11-04,151.2384876349091,154.15020751953125,151.2384876349091,154.15020751953125,4434425
2019-11-05,153.95324682296416,155.71740117963324,153.49078871071737,154.73255920410156,5216339
2019-11-06,154.7325931477621,154.98950850208635,153.91046136994635,154.8439178466797,2774386
2019-11-07,155.69169686989704,155.85440722908146,153.6192285323132,153.85902404785156,2578528
2019-11-08,153.85903622757863,155.2035648586197,153.76483131115566,155.18643188476562,1655891
2019-11-11,154.74113380984625,155.38343536321761,153.97038780966807,154.8610382080078,1613199
2019-11-12,155.15220851147015,156.82217142248217,155.09225631152526,155.87158203125,1838091
2019-11-13,154.82679701466682,156.5395660316179,154.58700142035934,155.82020568847656,1876838
2019-11-14,155.4931397865202,156.09558883028265,154.15052311769503,154.6152801513672,2234057
2019-11-15,155.69967328233747,156.5947509591983,155.4845129341697,156.42262268066406,3280521
2019-11-18,156.155801322123,156.155801322123,154.38286433608954,154.7443389892578,2433860
2019-11-19,155.3467985275961,155.51892679601778,154.06443229937224,155.01976013183594,2704379
2019-11-20,155.71691990152775,156.37961920931866,151.93867958266043,152.52391052246094,4239578
2019-11-21,152.27429499953402,152.9283850966873,150.95750573442226,151.93003845214844,3171666
2019-11-22,152.23126366016209,152.78208476709946,151.18127587136627,152.15380859375,1873803
2019-11-25,153.07470571874578,153.15216078796215,151.4480828371842,151.91282653808594,2688496
2019-11-26,152.76484082927067,154.6496557454428,152.38616134639807,153.6427001953125,4632306
2019-11-27,153.702985554289,154.6152681209812,153.30708784207116,154.4173126220703,1056986
2019-11-29,153.86651936045843,154.2021668905788,152.91980041853125,153.66856384277344,1652148
2019-12-02,153.66854962619553,153.8406779114206,150.01081027955863,150.02801513671875,3089114
2019-12-03,148.5304831170725,149.15875930704664,147.39443116095725,148.50466918945312,3819536
2019-12-04,149.72676765287076,151.4652683810067,149.02103647754384,149.0726776123047,2967614
2019-12-05,149.4685845501515,150.01079657042138,148.57350692029695,149.76119995117188,2369417
2019-12-06,150.53581770541126,151.67186980401004,150.3895033356081,151.00917053222656,2142703
2019-12-09,150.7681562814047,151.2673362364181,149.9677651391009,150.17431640625,1574654
2019-12-10,150.17433700096163,150.44113851351932,149.45999661020366,149.78704833984375,2051451
2019-12-11,150.26039725892838,151.63743685953466,149.9161406801779,151.48251342773438,2199458
2019-12-12,151.76652307354473,153.33289571786065,150.78538126029002,152.67019653320312,2304165
2019-12-13,152.67018738327812,153.87509854287924,152.18822557655818,152.31732177734375,2074113
2019-12-16,152.56692438414032,153.19520061203642,151.59440486292604,151.8181610107422,3245012
2019-12-17,151.68903785357267,152.5410833635654,151.3103583411325,152.0763397216797,3075255
2019-12-18,151.95585782138332,152.36036459329037,150.10546552730932,150.3034210205078,3656860
2019-12-19,150.6218826502825,152.00751813502671,150.17434375196333,151.90423583984375,2711865
2019-12-20,152.46365225419848,152.92839596908922,151.60299753894336,151.82676696777344,4402658
2019-12-23,152.6615882064654,152.6615882064654,151.31037590309953,151.84397888183594,2607765
2019-12-24,151.8525987580498,152.20546441196103,151.24154066746271,151.74070739746094,632796
2019-12-26,151.95583642500802,152.24846508804495,151.23290040852044,152.2312469482422,1284509
2019-12-27,152.40339349583323,152.54109877397818,151.72348946164652,151.8870086669922,1319108
2019-12-30,151.95587533626116,152.33456822408021,151.26736213747023,151.83538818359375,1689579
2019-12-31,151.86979197133002,152.40339494712174,151.00915058173265,152.3345489501953,1749065
2020-01-02,152.76487091980647,155.60500081478185,152.4550373598452,155.59640502929688,2890727
2020-01-03,153.48786859140557,154.77022201876858,152.6874638693224,153.93539428710938,2837918
2020-01-06,153.05748962917065,153.52224662190918,152.27430328413791,152.7734832763672,3316132
2020-01-07,152.65300876104342,153.25547113961065,151.12105881043573,152.8595733642578,3037823
2020-01-08,152.91122289087062,154.14194836241148,152.10220915038084,152.98867797851562,2575189
2020-01-09,153.79761576996253,154.4258918595574,153.24680802205572,154.11605834960938,1810372
2020-01-10,154.83047522927177,154.83047522927177,153.31572992269975,153.78048706054688,1691198
2020-01-13,154.27099021625276,156.06974117239477,153.789028428276,156.00949096679688,2288282
2020-01-14,155.33822549478415,155.9665017916421,154.49480209808868,155.30380249023438,2216757
2020-01-15,156.02670053101664,157.0164379774807,154.78736649131096,155.54473876953125,2631134
2020-01-16,156.20748206743775,157.05951449670562,155.59642394432063,156.861572265625,2241239
2020-01-17,157.37793798428697,158.41072094569375,157.0939316376825,157.69638061523438,2638418
2020-01-21,157.53287311078424,157.75662926201588,155.3210059575986,155.71690368652344,2214127
2020-01-22,156.2590895876822,156.53450014652105,154.75296715628974,154.9595184326172,1903647
2020-01-23,154.75296342070837,155.38122630553937,154.08165518184467,154.5550079345703,2462389
2020-01-24,154.84763977281983,155.1402551869626,151.89561856163814,152.44642639160156,2768923
2020-01-27,149.9849809153415,150.90587254233606,149.29646778431118,149.35670471191406,2520560
2020-01-28,149.8559002893197,152.1194086999684,149.09852779505212,151.00917053222656,2203808
2020-01-29,152.3345720820138,152.97144414990342,151.15548788498157,151.18991088867188,2224648
2020-01-30,149.5804593943498,153.85787868475313,149.5804593943498,153.48780822753906,3111978
2020-01-31,153.11771506802816,153.11771506802816,147.46325671342544,149.08128356933594,5564149
2020-02-03,150.1485001068707,151.14686008945642,146.8866585205654,147.44607543945312,3584020
2020-02-04,149.8214735021277,151.52555160698438,149.7526142122398,150.79400634765625,3027403
2020-02-05,152.25706990590342,152.8767369771449,150.95749884174026,152.24847412109375,2850969
2020-02-06,153.19518751908888,153.19518751908888,151.61159676290484,151.77511596679688,2455813
2020-02-07,151.34480371269927,152.09356706382408,150.35506607773868,150.85423278808594,3292459
2020-02-10,150.54438077724797,152.4378049586554,149.8472586539447,152.29150390625,2427689
2020-02-11,153.41034601080818,154.8648405433733,152.50667257927748,154.1849365234375,2982890
2020-02-12,154.46894895128128,156.32795031218606,154.09887846468118,155.9320526123047,2985217
2020-02-13,155.20049747079926,155.73408713154492,153.78903504125915,155.01976013183594,2008860
2020-02-14,155.35543974608768,156.51731908396644,154.89929176901714,155.61363220214844,2518030
2020-02-18,155.00255676183698,155.33820426012454,154.01281912409442,154.4173126220703,1839811
2020-02-19,154.77019326317938,156.3623933377264,154.4861868799346,155.6566619873047,2493245
2020-02-20,155.71690692740026,156.8185359910582,154.06445668911095,155.51895141601562,2364055
2020-02-21,154.58083670379867,155.7685297757791,153.8406691766314,154.81320190429688,1963032
2020-02-24,150.13131690090415,152.65300457799066,149.28788022250706,150.8456573486328,3241673
2020-02-25,151.1640611734647,151.94726078308418,143.5817679943161,144.41659545898438,4139929
2020-02-26,145.09651803940937,148.1001807959998,143.53014519125554,143.8830108642578,3451492
2020-02-27,141.05349389173776,144.35897202462905,138.03358613734127,138.05953979492188,3997386
2020-02-28,133.04065756638875,140.32652282714844,130.33224948231262,140.32652282714844,9669581
2020-03-02,141.1226726867281,143.19074963964505,136.3634976587372,142.11776733398438,6823569
2020-03-03,142.15239519547373,145.52707747988202,138.9334481610186,140.0843048095703,6179746
2020-03-04,142.68886520082054,148.7719700205919,142.13507607873217,148.1316375732422,4585365
2020-03-05,144.07335826485965,145.29344684101468,141.23515394630155,142.7061767578125,5457621
2020-03-06,137.41915258421525,142.8792223978062,136.3548260712471,141.93603515625,5080169
2020-03-09,131.95907357191732,136.07792914733784,129.57083059303991,132.2705841064453,5917220
2020-03-10,134.8578800843524,140.12757982951345,132.69460390231401,139.9112548828125,5541488
2020-03-11,135.70587487993222,136.2683331251776,131.14571273214418,132.72923278808594,4883199
2020-03-12,124.07615783805244,125.88464501892594,116.33167157114588,116.68644714355469,7254133
2020-03-13,123.00317528068756,129.51891647364099,119.42945294239955,129.28529357910156,6398569
2020-03-16,110.7590984235033,123.9376937977057,107.30652871782907,117.04986572265625,5959710
2020-03-17,117.8805868756231,122.84744564992319,112.65415149159578,114.04728698730469,8624229
2020-03-18,105.49804968940768,107.4103714428827,87.48239042973272,103.49919128417969,7722938
2020-03-19,101.88971513263725,105.93068988185296,96.93151340315458,102.93673706054688,6893576
2020-03-20,104.60677895936912,104.84041522054449,95.85854292188807,97.34687042236328,6880526
2020-03-23,93.01168756150172,96.1181307716805,87.46507387899509,89.8706283569336,8296045
2020-03-24,95.18360236638138,103.42996334981575,94.53462758535069,103.41265869140625,5866738
2020-03-25,104.08760415471922,117.11045204455817,103.66360327554884,112.18685913085938,7242600
2020-03-26,114.07323832469062,120.61494734443171,113.49348213450027,118.89299011230469,5659650
2020-03-27,113.71845424866002,116.99795082516556,110.88024315808711,113.5886459350586,3970678
2020-03-30,113.13870566701449,115.74327398902582,112.60221446963791,114.0040054321289,5094434
2020-03-31,114.08187819753797,117.77674020267008,112.48971596523607,115.76922607421875,5357770
2020-04-01,111.0013980941662,113.59731078321397,108.59585002034612,112.23878479003906,4295624
2020-04-02,111.27827627816963,115.21541616249077,110.01492951534557,114.92120361328125,3545071
2020-04-03,114.65296245793839,114.94717501841683,109.48709828284575,110.28317260742188,4078521
2020-04-06,115.53556068410059,117.13637818205108,114.66160548187182,115.95091247558594,4931151
2020-04-07,121.69657916692947,123.06376090091676,116.81626412475843,117.02393341064453,4098957
2020-04-08,118.26130085172036,121.47157869760377,116.99794728830409,120.49378204345703,3935978
2020-04-09,121.14279420025859,126.5942099879212,120.88320424441899,124.11079406738281,4415911
2020-04-13,123.53101365409418,123.92039851167023,118.12285055966596,119.36023712158203,3051481
2020-04-14,121.75712345990445,124.3703469366284,119.8880603061857,121.65328216552734,3527266
2020-04-15,119.04007157408792,119.38619144946138,114.6616257640851,116.67779541015625,3290739
2020-04-16,116.45281224727077,117.07583335218594,112.12628718564756,114.50587463378906,4063549
2020-04-17,117.56905136652733,121.31582004728483,117.39597808713391,119.68904876708984,4806110
2020-04-20,117.49981795694988,119.57655035183275,116.72104831793565,117.42194366455078,2558497
2020-04-21,115.14618998504304,115.96823800176206,113.11272247054556,114.2203140258789,2446304
2020-04-22,116.14130484484288,116.56529902280667,114.00399590313687,115.11158752441406,2660372
2020-04-23,116.59990775127979,119.9226825983625,116.08938360661048,116.53934478759766,2818899
2020-04-24,117.42197444652143,117.88923368091888,114.53184898501743,117.2662124633789,2871000
2020-04-27,118.14017286334787,122.07731350379584,117.49118468296238,121.0389404296875,3174297
2020-04-28,124.01555334509662,126.8451013078578,122.9771806252943,123.5309829711914,3417298
2020-04-29,125.90193729421159,127.95271611140993,124.61263016353722,126.47303771972656,2682122
2020-04-30,124.16267955641082,124.59534276430412,121.6273434186752,122.7868423461914,4544999
2020-05-01,120.56298204860799,120.7100749408648,116.0980074921235,118.76313781738281,3724035
2020-05-04,115.86440065928124,117.99305387852739,114.92121333207122,116.98930358886719,4171089
2020-05-05,118.62470362483988,118.62470362483988,116.40952094322671,116.70372009277344,3158717
2020-05-06,117.77673572983645,117.77673572983645,115.06832623247091,115.12024688720703,2376903
2020-05-07,116.48742181811002,117.37868849397218,114.22897364721578,114.90391540527344,3132616
2020-05-08,116.53071177568788,118.82376975335985,116.2970754713827,118.468994140625,2772363
2020-05-11,117.47387356768614,117.61232418592165,116.08072507467031,116.19322204589844,2383884
2020-05-12,117.09313548181443,117.70750094031206,110.32645309108139,110.40432739257812,4927206
2020-05-13,110.00628563047776,110.01494129888366,105.46342886246862,106.4066162109375,5853687
2020-05-14,104.837562065715,110.93064444555439,102.08303948058398,110.74758911132812,5287156
2020-05-15,109.28318208384304,110.40765258470962,107.85361705464994,109.31804656982422,4714655
2020-05-18,113.7549616889338,119.9352081044409,113.04017899119677,118.58409118652344,6477479
2020-05-19,117.89545215687957,118.04362960566908,115.01016326483065,115.01888275146484,4479444
2020-05-20,117.28521646756238,119.14191468776798,117.03243219149371,118.57530975341797,2984104
2020-05-21,119.88285223370492,120.98117080742504,118.80195917182543,120.02232360839844,2401993
2020-05-22,119.830578915364,121.46063840194851,118.94146045213502,121.3211669921875,2992501
2020-05-26,125.32215573084162,127.49264766021454,125.00834853392088,126.34202575683594,4421172
2020-05-27,129.32320259027878,131.57215667504502,128.02438969090525,129.52369689941406,4341756
2020-05-28,130.75277814614446,131.80751285896233,126.11541167406035,128.62586975097656,3522410
2020-05-29,127.02196386501319,130.6656049592197,125.81031884308476,127.1352767944336,4183229
2020-06-01,126.82144322573716,128.82631870548138,126.31587470649187,127.42291259765625,2095256
2020-06-02,128.8263861533498,129.64577573945598,127.65832472838946,129.3145294189453,3668090
2020-06-03,130.96197374944373,134.57075037609206,130.79635736887622,133.67291259765625,3027605
2020-06-04,132.5048712205021,136.13979301533377,131.73778530477892,135.90443420410156,3812150
2020-06-05,142.00623243118577,144.45566763660298,139.94034691783102,140.66384887695312,4577676
2020-06-08,140.83818643601563,143.21787924586118,140.40233328473653,142.01495361328125,3615078
2020-06-09,139.78341328978988,140.34129876502615,137.32525900851545,137.81341552734375,3722011
2020-06-10,137.4821731983364,137.595486119674,133.74264495429196,134.34410095214844,3348404
2020-06-11,129.58472961758935,129.7242010193955,124.72944283519587,125.03453063964844,4233711
2020-06-12,129.19246473791648,129.8811022126634,123.03836525815997,125.96722412109375,3654533
2020-06-15,122.1405250930085,129.09657485174915,121.77442783412356,127.81520080566406,3352653
2020-06-16,132.59200837272473,132.85351212182616,127.4141964637391,129.97694396972656,3848874
2020-06-17,130.48255324990072,130.81379947497433,128.84378800584022,129.3057861328125,3548511
2020-06-18,128.0069743202114,129.8810983873303,127.54497618898854,129.20989990234375,2611710
2020-06-19,131.15376082742608,131.4850070754797,126.1590028428011,126.71688842773438,5327319
2020-06-22,126.05436355299513,127.70184797283093,124.94732560874462,126.34202575683594,2559407
2020-06-23,128.04187174344526,128.34695959583658,126.15030822022129,126.27235412597656,2336740
2020-06-24,124.49407983661315,124.93863897994133,120.36228219298002,120.59764099121094,3410520
2020-06-25,120.31871531001399,124.47665854113384,120.10951493521432,124.18029022216797,4065876
2020-06-26,124.04954451557738,124.04954451557738,119.88288159026727,120.47563171386719,10374913
2020-06-29,122.13181323880339,124.91249480146486,121.40832470466538,124.86019134521484,3005855
2020-06-30,124.00594497944762,126.84764965645024,123.79674459772848,126.03697967529297,3731015
2020-07-01,126.58613342636862,127.68445214289814,124.6248413537117,125.6185531616211,2639936
2020-07-02,126.89993024433136,128.26847214874897,126.00209247794466,126.41177368164062,2790674
2020-07-06,128.35562622361186,129.2708894038636,127.37934011561283,128.3294677734375,2363954
2020-07-07,127.26604006462487,127.35320800458166,125.74930714458038,126.36820220947266,2652582
2020-07-08,125.89751756642018,127.20505032471968,125.4442388258898,126.9086685180664,3629646
2020-07-09,126.16772685910254,126.84764489415933,123.19528382911822,123.23014831542969,3204141
2020-07-10,123.45678730490899,124.75560042823986,122.82045324357316,124.17156982421875,2352118
2020-07-13,125.15654875012766,127.16142447615424,123.99720727690374,125.07808685302734,2615858
2020-07-14,125.07811625443583,129.2796435110406,124.03210091114624,129.09658813476562,2680706
2020-07-15,131.79879911813964,133.0975985924405,131.51113687366063,132.43511962890625,3019411
2020-07-16,131.63316607792143,133.8123777450788,130.97068713052894,133.43756103515625,3740727
2020-07-17,133.8037020899764,135.44246759036142,132.8971446635521,135.11122131347656,4943494
2020-07-20,134.34413006316422,135.00662259113207,132.94944294574918,133.7078094482422,4933074
2020-07-21,134.13492211178396,136.87201964593308,134.13492211178396,134.90200805664062,2421922
2020-07-22,134.33541579569865,135.6429348880949,134.16107991671245,134.77125549316406,1819578
2020-07-23,134.55331640450294,135.53832205352512,133.25450352697817,134.004150390625,2656224
2020-07-24,134.23954323939205,134.4574631122615,129.91598335846837,130.2559356689453,4419250
2020-07-27,129.70679023845935,131.5896343880626,128.9397175458055,131.41529846191406,3417703
2020-07-28,131.18861560020213,132.5658770340492,130.2471938373203,132.50486755371094,3949737
2020-07-29,132.1213456692047,135.48605823998713,131.77267385909195,134.7451171875,3350124
2020-07-30,133.30680133441436,133.42883373589305,129.90722541213216,130.02053833007812,2781164
2020-07-31,129.8113575671051,130.29950070257334,128.13772780435548,130.20361328125,4108568
2020-08-03,130.86612285626043,130.97072978686364,128.4079810910693,129.471435546875,2129956
2020-08-04,128.36435978425024,129.14887116764336,127.44908304763058,128.4253692626953,3114204
2020-08-05,129.69804265732253,131.62445671532416,129.48882884816794,131.46755981445312,4144988
2020-08-06,131.5547204527494,133.28065354657414,131.04913838332845,133.00172424316406,2531890
2020-08-07,132.879719504571,135.33787473867625,132.3741507346617,135.20712280273438,2549594
2020-08-10,135.25067512073923,139.36503403631556,135.25067512073923,138.9727783203125,2892144
2020-08-11,140.09725085492505,142.3026213269793,139.55680422971022,139.71371459960938,3817715
2020-08-12,141.6662983779542,141.9278022256205,138.58924824081868,139.53067016601562,2700535
2020-08-13,138.22451452137014,139.95143815372677,138.12808490929515,139.36410522460938,2604932
2020-08-14,138.50503452670034,141.02091934611215,138.4699729003713,140.50372314453125,2877879
2020-08-17,140.284562558436,141.0296795840981,138.5488700735269,139.1712646484375,2850058
2020-08-18,139.37287456027818,140.04786831537044,137.821272568485,137.96153259277344,1891103
2020-08-19,138.1280657189121,138.6189689677524,136.89203204324087,137.4969024658203,2122571
2020-08-20,136.31348495046905,137.64594839067254,136.05927127291554,136.90081787109375,1618965
2020-08-21,136.71669375543328,138.29460169581867,136.71669375543328,138.06668090820312,2537050
2020-08-24,138.59260495699,139.77602529968053,137.19878794994082,139.70590209960938,2111342
2020-08-25,144.0627122240713,146.3945056686428,143.34388827402816,144.22927856445312,7486816
2020-08-26,144.465967349428,145.89486012157965,143.18611689061606,144.9130401611328,3507033
2020-08-27,145.68449217681814,147.8760262662943,144.72022313156438,145.50917053222656,4331033
2020-08-28,145.79841765893562,147.8847527520213,145.04453209642693,147.60423278808594,13163563
2020-08-31,147.77958977342306,147.78835856166052,144.3695731192522,145.1234588623047,4615108
2020-09-01,143.58059901375475,147.41140889424287,143.32638537073942,147.24484252929688,4020958
2020-09-02,147.91108059497955,151.59284814509095,147.20101179586388,151.18960571289062,4159859
2020-09-03,151.97858013398067,152.37305381406833,144.6939093402902,145.78091430664062,3568845
2020-09-04,147.90229282296397,148.72630162433865,144.27311139899945,146.1227569580078,3365299
2020-09-08,144.8078581251203,145.90361820837185,143.15105805358087,144.00137329101562,2829420
2020-09-09,144.86046303922495,146.87667520415076,144.5185750540788,145.29876708984375,2840245
2020-09-10,146.65751738414352,146.65751738414352,143.60689966104505,144.00137329101562,2847732
2020-09-11,144.21178375475034,146.78903631500995,144.00140048545126,145.91241455078125,2141388
2020-09-14,147.27996970473072,148.62118869303032,146.71892949593175,147.68321228027344,2158890
2020-09-15,148.3844338505958,149.01559704229612,147.33249068706922,147.53411865234375,1872791
2020-09-16,148.40201945603198,150.21660407042364,147.6919504864882,149.0244140625,3188763
2020-09-17,147.3062211603957,150.29547124110272,146.1403241818689,149.3224334716797,2692441
2020-09-18,148.56854335142307,149.43638270257395,147.00817274483262,147.88478088378906,4965244
2020-09-21,144.48352497980926,144.79910662788376,139.02222088936745,141.45921325683594,4511615
2020-09-22,141.00337337001713,142.8880944940617,140.3634412776833,142.60757446289062,2530170
2020-09-23,142.29198872932068,143.67703773688805,138.35599374590956,139.19754028320312,2536847
2020-09-24,138.78554618595868,141.0647412083011,137.4969266228632,139.1712646484375,2264406
2020-09-25,138.198177601797,142.0640488263768,137.77741115568878,141.5643768310547,2624154
2020-09-28,144.15042469831937,145.64944110667935,143.0897259652759,144.3257598876953,2541906
2020-09-29,144.25557661601843,145.71951739546702,143.30006306603698,144.2117462158203,2194602
2020-09-30,145.3163066892735,147.20102784078009,142.90562062071785,144.2994384765625,2917031
2020-10-01,145.69324810755214,146.5172705900749,142.11666522219892,143.4841766357422,2437401
2020-10-02,141.6783649555724,146.39453855689771,141.44167533707125,145.17605590820312,2367191
2020-10-05,146.38580329103615,148.36694073025882,146.1666376867408,147.90234375,1770411
2020-10-06,148.2441863569791,150.26916730671707,146.06142136205395,146.29811096191406,2373160
2020-10-07,148.13902984308808,150.9529724103505,147.72703203883663,150.38316345214844,2053879
2020-10-08,151.1107172771801,152.41687420214896,150.321769968875,152.33798217773438,2000969
2020-10-09,152.8814749520587,154.33664704616572,151.89089971950352,152.8639373779297,2667655
2020-10-12,153.46005527234652,155.14314834841088,152.6360327782249,153.72303771972656,3435913
2020-10-13,152.46951297142454,153.35489010919514,149.48026226667022,150.38316345214844,2342305
2020-10-14,151.73313440738798,153.37241078212702,151.4789207209438,152.06625366210938,2412413
2020-10-15,149.9535912742156,152.1275875627658,149.31365921803595,151.31234741210938,2465019
2020-10-16,151.91720408040132,154.6347028198711,151.47890001469324,153.28472900390625,3671125
2020-10-19,153.04803549107243,153.54770752606404,149.94481842728408,150.41819763183594,2128034
2020-10-20,151.18962505916048,154.03862881135572,151.18962505916048,151.8821563720703,1598732
2020-10-21,151.29480782446385,153.60030883434916,151.25974620603478,151.54025268554688,1848309
2020-10-22,152.18894037974664,155.3798180228603,151.68926838101902,155.0291748046875,1904052
2020-10-23,156.0373012636824,156.5983413362449,152.232797325411,153.88082885742188,2011086
2020-10-26,151.82952967179324,151.82952967179324,146.92049751127908,149.1733856201172,2350802
2020-10-27,148.18282802711744,148.89289687293896,146.09649249375317,146.17538452148438,2032735
2020-10-28,142.46729034063537,145.0883727199746,141.10853435588908,141.2751007080078,3271214
2020-10-29,140.61765210538235,145.2900088061736,139.74981272883247,144.29066467285156,3149915
2020-10-30,141.6082231553777,145.3075419748256,141.1786878741625,144.59747314453125,4440697
2020-11-02,148.32310784258144,152.969172292274,147.3676075300815,152.18898010253906,4247267
2020-11-03,153.87203734009228,158.1323823249913,152.74998442487103,157.0979766845703,3763186
2020-11-04,154.66976415111054,159.92067074687043,151.8996529327683,156.83499145507812,4368970
2020-11-05,158.13239537511882,161.63008621599042,157.9833801103739,160.6658172607422,4638578
2020-11-06,160.8849887509949,163.05023006634084,160.31519339035498,161.53367614746094,3116227
2020-11-09,179.61823388599,184.08896300289462,169.55469544643677,172.68421936035156,7825420
2020-11-10,174.80561533776952,177.9702008499323,173.6835486730284,177.0585174560547,5950807
2020-11-11,177.33901564720523,177.90881093210743,173.8676176793792,174.70040893554688,3276272
2020-11-12,173.9870298466697,175.5370964215656,172.34006796615705,173.71400451660156,2690823
2020-11-13,175.12316296087383,177.81819040262448,175.12316296087383,177.50112915039062,2382670
2020-11-16,181.42034118706152,184.6085735577372,179.139270274657,183.71023559570312,4955937
2020-11-17,182.23059303486733,182.23059303486733,179.10403021448676,180.83905029296875,3488013
2020-11-18,180.1080493778664,180.52197869980304,176.99028304092636,177.1223907470703,4473879
2020-11-19,177.2721433166677,178.86624591529875,176.04793419022437,178.54037475585938,3301058
2020-11-20,177.70367668265263,179.07761321315536,176.58515927382808,177.90625,2386514
2020-11-23,179.35943658696524,180.812635040326,179.15687686317378,180.1785125732422,2839132
2020-11-24,183.45483193664413,183.88639474818913,182.08090877102322,183.09373474121094,4100879
2020-11-25,183.19058767049813,183.75425812868187,181.9135464305643,182.90875244140625,2462692
2020-11-27,182.89997357161062,184.44123038741498,182.838317860768,184.43243408203125,1450928
2020-11-30,182.45959180221496,183.41077554707292,179.5972442626953,179.5972442626953,6541113
2020-12-01,182.3891509693743,184.80232968803617,181.36751514917438,181.6053009033203,3839769
2020-12-02,181.42030752758322,184.1065246101177,181.402701324953,183.19056701660156,2488591
2020-12-03,181.96639630879528,184.45885051676345,181.79025267239058,183.38436889648438,2811818
2020-12-04,184.41477598691637,187.49730257397175,184.41477598691637,187.31236267089844,3236109
2020-12-07,186.28189036173316,186.52849954087068,184.37953690284232,185.92080688476562,2625368
2020-12-08,185.23385940840643,187.64703769624822,184.8639523961832,186.77511596679688,2329153
2020-12-09,187.4532966055815,188.3164085383413,185.5861687143688,186.92486572265625,2980765
2020-12-10,185.17223206631493,187.41807699086493,185.14581595947794,186.68707275390625,3022041
2020-12-11,184.55570054812682,189.58463041418318,184.55570054812682,189.02976989746094,3157098
2020-12-14,190.23633565411475,190.8528381558397,186.44922166676204,186.58132934570312,3384318
2020-12-15,188.4749656236302,189.26761203071277,186.60782394209812,188.6246795654297,2531688
2020-12-16,187.9377161747204,188.76558855397633,184.27389859521958,185.22508239746094,2964275
2020-12-17,185.7887227248619,186.66064453125,184.952040519337,186.66064453125,2173357
2020-12-18,186.9688881750271,187.16265158969972,183.73663380666295,184.9872589111328,6764184
2020-12-21,181.10327625819204,185.97366897484275,180.41630800109922,185.53330993652344,2496280
2020-12-22,185.4540823292556,186.0177392834502,183.05850968399292,183.1377716064453,2043156
2020-12-23,184.60856984858955,186.83679490748284,184.28269869750036,184.9432373046875,2070572
2020-12-24,185.41883292020503,185.56854684471628,183.71902517957056,184.53810119628906,763705
2020-12-28,185.8327490493806,186.03532236179962,184.4059803447832,184.89918518066406,1735711
2020-12-29,186.1850708007524,186.1850708007524,183.08491023183308,184.18582153320312,1545417
2020-12-30,184.95201420258874,186.35236667636858,184.56450100795817,185.7886962890625,1620786
2020-12-31,185.83276737623152,187.59421727681305,184.66140407605394,187.3300018310547,1422804
2021-01-04,187.45329684216736,187.60302436406198,181.7462079510057,183.1465606689453,2356063
2021-01-05,182.2922474601889,185.11936882872124,182.2922474601889,183.59571838378906,2197434
2021-01-06,184.4676402299575,188.45731491074434,184.27387681290693,186.94247436523438,2779950
2021-01-07,187.49734333538657,188.4837667408552,185.65663144385869,187.25074768066406,2081295
2021-01-08,187.41807822446472,187.95531902973536,182.89997223878922,184.9784698486328,3317143
2021-01-11,183.28748037477533,184.61736749937816,183.0408711356458,183.50765991210938,2973178
2021-01-12,183.0673144484957,184.4940833947109,180.7774334944432,183.9656524658203,2527945
2021-01-13,183.4372206495825,183.7366621220667,181.7814486608923,182.32749938964844,2170119
2021-01-14,183.22581422476821,184.75827459370467,182.46839394039642,183.7278289794922,3704206
2021-01-15,182.7766328210964,183.06727793132603,180.72455163259227,181.4027099609375,3932842
2021-01-19,183.4019357528635,183.85991454746414,181.82545326439018,182.0984649658203,2687282
2021-01-20,183.1201450003374,183.78068360640526,182.0192337280322,183.2610626220703,2481004
2021-01-21,182.18653981373535,183.02323551666666,180.6364734009066,180.75096130371094,2736651
2021-01-22,179.89664962722472,180.0727932192174,177.368970048398,178.12640380859375,3543554
2021-01-25,177.32497452329258,178.399469712818,176.23288672339876,177.79176330566406,4792958
2021-01-26,179.52674083568715,180.34580302995812,177.00785777619396,177.0783233642578,2227582
2021-01-27,174.48023744019815,176.81415403703932,173.08869466323048,175.5987548828125,4156521
2021-01-28,176.69085746450418,180.8566759245013,175.81893564937678,178.64605712890625,3775225
2021-01-29,173.07107665558416,176.97267969255043,171.34485282021197,172.06704711914062,4689161
2021-02-01,173.98701474303866,174.1807645508784,171.98776579612624,172.234375,2922696
2021-02-02,174.23363287051134,176.9110404797181,173.95179762837896,176.25048828125,2800082
2021-02-03,175.81895460167547,176.05675395789368,173.86374113098717,175.3874053955078,1932378
2021-02-04,175.99508021711435,177.4306589175749,175.11436209248527,176.6644287109375,2299815
2021-02-05,178.10880063250306,179.5531890980532,177.2721184924577,178.7165069580078,1889889
2021-02-08,179.5091618131105,180.4603455016108,178.39945430762245,179.5443878173828,2099910
2021-02-09,179.31540139657682,179.49154501641019,177.09598634846617,177.92385864257812,1814924
2021-02-10,178.78699435405517,179.09524572982707,177.18408176183056,178.04718017578125,1916698
2021-02-11,178.0647735595703,178.87503963673694,176.91982645247631,178.0647735595703,1728933
2021-02-12,178.23215639266422,179.48279545290862,177.5980337579153,179.28903198242188,2013514
2021-02-16,180.42512299077137,181.0504355619298,177.80056129551014,179.1744842529297,2310032
2021-02-17,177.34260806717327,178.07361235433595,176.02151712855024,177.81820678710938,2944143
2021-02-18,177.4658797472252,180.3898828694433,176.71726936312555,179.2449493408203,1785485
2021-02-19,179.77338675726665,182.16014920708108,179.06881225241528,179.28018188476562,2462794
2021-02-22,178.82218319579295,179.93190423255064,178.27613257685326,179.3330078125,2231022
2021-02-23,180.55724783308938,181.2882384884504,178.76057185921567,180.5836639404297,2487984
2021-02-24,180.45152970652796,186.83677639662855,179.22732073274256,185.8591766357422,3380474
2021-02-25,185.72651741402296,186.1776746587142,180.6930101935363,181.161865234375,2766900
2021-02-26,181.90492100737941,182.05529762438113,178.75565611123685,179.00335693359375,3708455
2021-03-01,180.75491312813793,184.13416753388893,180.1887612560933,182.42684936523438,2565579
2021-03-02,182.91337469698607,183.9926122902828,181.5068235360999,182.74530029296875,2529361
2021-03-03,182.338351871839,185.28414631170273,182.338351871839,183.12567138671875,2737966
2021-03-04,183.42645729864992,184.0368399425604,177.37564230130232,179.5252685546875,2831444
2021-03-05,180.931822810559,183.52377100712337,178.49911377756678,182.74530029296875,2891132
2021-03-08,183.5945273600978,187.93802424418257,183.29376049325015,183.73606872558594,3253409
2021-03-09,184.8772579487689,185.71764369502569,182.6657028555459,183.65647888183594,2674130
2021-03-10,183.71837570902574,188.66342011103558,183.69184267667734,188.34495544433594,4383032
2021-03-11,187.35415840292774,189.98148819319997,186.83223746516228,187.98223876953125,2994220
2021-03-12,188.68111076190172,190.53881897138876,188.60148435646272,189.6453399658203,1860652
2021-03-15,189.05265142666806,191.9630642943331,188.15918602979113,191.25537109375,2590870
2021-03-16,191.39693533652724,191.49423223867103,187.0180421675393,187.3719024658203,2607765
2021-03-17,188.86690133485627,189.68958925505467,187.48688314514072,188.4511260986328,2762044
2021-03-18,188.86687962620843,193.73229735003628,188.58379690356816,190.2115020751953,4343982
2021-03-19,190.5211283908328,190.7157494804003,187.69034197460564,188.34495544433594,10228727
2021-03-22,186.7526538768557,188.14152104234518,185.35495147002283,187.65496826171875,3345065
2021-03-23,186.14227886272164,187.84959714696933,183.88649280722214,184.52342224121094,1936122
2021-03-24,185.7353237092739,190.23804622530594,185.6733950926695,187.7345733642578,2591983
2021-03-25,187.7257184931587,189.35342370811603,184.22260726041412,189.20303344726562,2243364
2021-03-26,190.29996978166534,193.4580696861419,189.43303745077498,193.3165283203125,2569625
2021-03-29,192.5380731328011,194.32501765755555,192.08691596727814,193.62615966796875,3099636
2021-03-30,193.7323261978516,194.0065600658,192.00731022997098,192.9273223876953,2476653
2021-03-31,193.01578518218219,193.8827176196536,191.74192638881235,192.02500915527344,2478576
2021-04-01,192.81230598114158,192.82115487761618,190.62729768143072,191.78614807128906,2134205
2021-04-05,193.47578814199971,194.71425132780033,193.17500758659853,193.97117614746094,2285044
2021-04-06,194.23655309783499,195.54579374791646,193.29884319473413,193.900390625,1816948
2021-04-07,193.04227724533672,194.51075683593749,192.2107405719394,193.28997802734375,1737229
2021-04-08,193.00690868194974,194.58153415467004,191.64458842585935,194.49307250976562,2095863
2021-04-09,201.25163207922046,201.36662677703208,197.54506387746162,200.7916259765625,3906943
2021-04-12,199.60623454051606,202.78203286416021,199.53547067146982,202.22471618652344,2691126
2021-04-13,202.76432446225476,203.4189516673655,201.34008901262752,202.57855224609375,2781973
2021-04-14,201.69387884163535,204.33889264125042,201.69387884163535,202.91465759277344,2212002
2021-04-15,203.6666377538274,204.09126191072136,202.1981714823499,203.32164001464844,2032837
2021-04-16,204.9493322668989,205.5420308066886,203.50739912371822,205.3297119140625,4145898
2021-04-19,204.97584145490836,205.32968802718145,203.90545284264175,204.32122802734375,2938275
2021-04-20,203.46321842764144,203.63129287929468,199.73010296239508,201.1012725830078,2074517
2021-04-21,200.92431007088328,204.05587734128144,200.7473867550568,203.90548706054688,1742489
2021-04-22,203.81703711514982,205.2589704154207,202.40163685149557,202.80856323242188,2545548
2021-04-23,199.21699306752438,200.7650720902363,196.58081379686374,198.59774780273438,5372338
2021-04-26,199.56201799378226,199.69471049952207,195.731605812295,195.96160888671875,3653522
2021-04-27,196.40391939836428,197.93431450814555,195.59891545688478,197.20892333984375,2819000
2021-04-28,197.0407823057787,198.2792452877634,196.82846344144778,197.15577697753906,2193185
2021-04-29,197.8989269029436,198.29700441313852,196.10313317448887,198.06700134277344,1810574
2021-04-30,197.28846981191057,197.7838577367791,195.53692111209358,197.30616760253906,2242757
2021-05-03,198.36776778848522,198.8454717240865,196.6162185545964,197.44776916503906,2244578
2021-05-04,196.5100426945969,199.5708462191601,195.28042833325398,199.4204559326172,2859973
2021-05-05,200.18123510154768,201.04816760263859,199.7123937443774,200.0927734375,2745554
2021-05-06,201.0304286245539,202.41928183352232,199.43810545035632,202.27774047851562,2076844
2021-05-07,201.8089116006394,203.19777864429338,200.25198380632906,202.39276123046875,1979927
2021-05-10,202.5785412258024,205.80741893452745,202.5785412258024,204.29470825195312,2419494
2021-05-11,201.74693859496855,202.80847810535798,198.3765206069417,202.7200164794922,3419625
2021-05-12,200.49085630396823,201.03932409805915,194.51965285345156,194.65235900878906,4246053
2021-05-13,194.40356110423582,199.76936138752635,194.32361044139702,198.71218872070312,2938579
2021-05-14,200.54229347207988,202.75434914561757,199.76051844135284,201.98146057128906,2105575
2021-05-17,202.42559690776517,202.42559690776517,199.65385990859014,201.1907501220703,2082105
2021-05-18,200.21360542022938,200.76440119375428,197.42410815171272,197.50405883789062,2428397
2021-05-19,196.03819133815117,196.7489020493404,192.58240250309396,196.6156463623047,3085776
2021-05-20,195.87826544490318,198.01036988387057,195.86049253672684,197.335205078125,2233551
2021-05-21,198.10812286565178,200.44454752722967,197.80606566378813,198.28579711914062,2301130
2021-05-24,199.44070355373486,200.34684784006845,198.25916139891422,199.88490295410156,1834652
2021-05-25,199.88488107977412,200.51562742859514,198.45458686872513,199.0320281982422,1825648
2021-05-26,199.84937798783702,199.87603736002202,198.38356506873262,199.2364044189453,1768185
2021-05-27,201.3862107752615,205.87252652639827,201.2973736542686,205.45498657226562,6724426
2021-05-28,206.10351323707746,206.31671959243772,204.60215486707136,205.1351776123047,2558800
2021-06-01,206.8941742273567,207.6048849804486,205.6682136061477,206.94747924804688,2260056
2021-06-02,207.8980411684769,207.8980411684769,204.7709550087358,204.98416137695312,2251356
2021-06-03,204.95751546068573,205.7837089927593,202.96755279009957,203.61605834960938,2348374
2021-06-04,204.11357713848253,204.9930758121293,203.6072136590611,204.3712158203125,1315163
2021-06-07,203.89143599560242,204.6465652347783,202.132452778566,202.71878051757812,2056105
2021-06-08,202.82540209876026,205.05523041042096,202.0525136196375,204.157958984375,1740668
2021-06-09,204.1668546358232,204.68211821633557,202.1946648708152,202.3812255859375,1996417
2021-06-10,203.5449599377533,204.3800397852189,200.90647843723286,200.9953155517578,2249535
2021-06-11,202.32793338197004,202.84318328145503,198.9609812681151,200.0447998046875,2021911
2021-06-14,199.81377270719327,199.84041835595278,197.8682289378362,198.2591094970703,2616263
2021-06-15,198.12585313039764,198.87209585700927,196.9265520944823,197.6638946533203,2087062
2021-06-16,197.66393030297928,198.01929253582037,194.19926852735807,194.5457305908203,3087901
2021-06-17,194.73228685971984,195.6206581373725,190.76123433581435,192.14710998535156,2453689
2021-06-18,189.7573887888926,191.25874728640008,188.3004488572601,188.78016662597656,5489590
2021-06-21,190.7701466901926,193.15989043610736,190.4147981308896,191.88951110839844,2905902
2021-06-22,191.6051891569842,192.60017041315166,190.89449217791176,191.4364013671875,2135520
2021-06-23,191.59630860979883,192.218168485662,190.610213778197,190.6990509033203,2260259
2021-06-24,191.70293464991008,193.7017838457258,190.6901803680212,193.39085388183594,3403540
2021-06-25,193.55076559487102,195.59403346632396,193.07104779621136,194.3236541748047,5279973
2021-06-28,194.6612357519401,195.5407206333097,192.15600938111928,192.59130859375,2387829
2021-06-29,192.80446705886467,193.98600887228946,191.37418681822592,191.84503173828125,3036913
2021-06-30,191.47197210938364,195.31864222667377,191.47197210938364,194.86557006835938,2899731
2021-07-01,195.95827281866792,196.56237359387455,195.14096565195743,195.99380493164062,1649214
2021-07-02,196.32247562262685,197.26415188707898,195.18535219838955,196.6156463623047,1560693
2021-07-06,195.52292768779395,196.28692964889257,191.82727339168392,194.16371154785156,1958176
2021-07-07,193.69286990780648,196.8554878339039,193.67509699835352,196.10037231445312,1581432
2021-07-08,194.16371758262036,196.07371568789904,192.8933248079433,194.83888244628906,2432747
2021-07-09,196.3580429150221,199.52954803390327,196.10041794998918,199.29856872558594,2187014
2021-07-12,198.00149311422388,200.50671903811786,197.33521472997816,199.90261840820312,2090400
2021-07-13,200.63998849827462,200.63998849827462,198.7388630736943,199.06756591796875,1433831
2021-07-14,199.14752233732742,203.22517113137235,199.14752233732742,202.34567260742188,2662496
2021-07-15,204.3267651131823,207.37390053570346,203.47391223071048,206.82310485839844,5611495
2021-07-16,206.27230582829893,207.75589132250647,203.98917248397834,204.6199188232422,3634705
2021-07-19,200.48009802070732,201.31517805962056,195.45188601578369,196.02932739257812,6178330
2021-07-20,196.89989039553268,205.45496743305844,196.77552118046123,204.02467346191406,28566443
2021-07-21,203.61604783879412,206.16569252149284,203.19852158013748,205.97024536132812,4607824
2021-07-22,206.73427963858555,208.10236874147938,204.4422596696292,206.76092529296875,3723124
2021-07-23,203.43837196723868,205.3217381984508,200.93314586694333,203.72265625,3953986
2021-07-26,202.9763948880436,204.11351820151242,200.08028844884865,203.6604461669922,2809086
2021-07-27,203.15413428967585,206.3433985341192,202.6299842013684,204.6466064453125,2192376
2021-07-28,204.38894827042452,206.35226530117845,203.76708835999554,204.76206970214844,1733890
2021-07-29,206.89412510107695,207.21394143561247,205.51713620048466,206.88523864746094,1519417
2021-07-30,206.8053405581229,207.82698128305972,206.17459418234444,207.6937255859375,2263395
2021-08-02,208.89301254316044,210.42101658423718,206.2989492845039,206.47662353515625,2048922
2021-08-03,207.14292780245896,207.74701480453777,204.8420214373559,206.68096923828125,1803796
2021-08-04,205.92582762413494,206.97411392991816,203.35842373437416,203.9625244140625,2351106
2021-08-05,203.90922386351536,205.70373931771974,203.39396029775742,204.22015380859375,1484313
2021-08-06,204.32676476241926,205.1174124550004,203.44726622860884,204.04248046875,1342882
2021-08-09,203.23403437812883,203.72263851845295,202.1502160723078,202.75430297851562,1385777
2021-08-10,202.91420500688747,206.16565971589077,202.6565664148486,205.9968719482422,2416662
2021-08-11,206.6365718747238,208.48439260736174,205.98805252717742,208.0402069091797,2122976
2021-08-12,208.28096573043908,208.48610025827156,205.76575124094572,206.87173461914062,1939561
2021-08-13,206.79146633921297,207.51393260243216,206.1671270566879,206.71119689941406,1421084
2021-08-16,206.800413233937,208.5307361837152,205.2930686263112,208.4772186279297,1815430
2021-08-17,207.98664777964908,208.44152631085805,203.6608407898829,206.43470764160156,2710348
2021-08-18,205.10575200517954,206.47040140826329,203.57165559403697,203.73220825195312,2585104
2021-08-19,202.9829732675439,204.46356577196514,201.60941585954964,203.11676025390625,1967787
2021-08-20,203.473528789686,204.0086905119966,202.02862380663615,203.0900115966797,2105272
2021-08-23,202.6886339404852,206.57739194110243,202.6886339404852,204.34759521484375,2168298
2021-08-24,204.11569104593715,205.96197057470187,203.63406069010463,205.53384399414062,1280159
2021-08-25,205.9084852000796,207.22852515261238,204.07112726959102,205.7301025390625,1825243
2021-08-26,205.21275425135852,206.19387251038594,204.63301068868057,205.92628479003906,1318299
2021-08-27,206.55065597051072,208.31665247028027,205.73009027142473,206.158203125,1683003
2021-08-30,206.22958250736653,207.6209700558557,205.64091695588908,206.809326171875,1333676
2021-08-31,206.4168883270074,207.5050281036383,205.64984010482038,206.84500122070312,1979117
2021-09-01,207.7725837396869,207.98664016761475,204.51707281622174,204.96304321289062,2513276
2021-09-02,205.9619961330539,206.4257965441307,204.93628209682524,206.006591796875,1613097
2021-09-03,206.03337334081957,206.03337334081957,203.1524710139982,203.6787109375,1641323
2021-09-07,203.0899998024779,203.0899998024779,198.69283190504538,198.83554077148438,3259984
2021-09-08,198.67502577447908,200.59263939525135,197.84553813332477,200.1466827392578,2456926
2021-09-09,199.70962397320935,200.66397660969935,198.30039284859478,198.83554077148438,1960503
2021-09-10,198.8712533740527,200.85132035101574,198.1933964523779,198.3361053466797,2385401
2021-09-13,200.07534964228896,201.3151202502318,198.19339589596342,199.43316650390625,2803724
2021-09-14,199.83449470494583,199.89693413838106,195.96356650384124,196.39169311523438,2731188
2021-09-15,196.78413767760466,198.81770815973522,196.34710293638238,197.7295684814453,2045280
2021-09-16,197.35495438192746,197.47983324910518,194.90217922512,195.91004943847656,2421417
2021-09-17,196.09733852647565,196.09733852647565,193.99240694232785,194.8754119873047,4442821
2021-09-20,192.73483360232487,194.29569562246382,191.04018458917488,192.4137420654297,4055253
2021-09-21,193.35918918260344,193.49297618687848,191.18290956505408,191.6734619140625,2598660
2021-09-22,193.0469978430794,194.8219162486302,192.93996274433258,193.56431579589844,2307706
2021-09-23,193.8140301981279,197.44414992145883,193.8140301981279,195.9546356201172,2205426
2021-09-24,195.99033870427587,196.94470523493072,194.85760327748397,195.49978637695312,1971833
2021-09-27,195.27681354256876,196.07062743652685,194.19759563841453,194.34921264648438,2224952
2021-09-28,193.2075271704501,194.75055906633182,191.28991375250328,191.73587036132812,2685056
2021-09-29,192.5029126781568,193.02023058980177,191.3612555329811,191.69126892089844,2133598
2021-09-30,192.8061607287423,192.87752204512634,189.17605476066404,189.3365936279297,2968625
2021-10-01,189.96096277597726,193.0291554327133,188.76578798212762,192.34237670898438,2303052
2021-10-04,191.9856469090319,193.20757381957785,190.1483024833863,191.0580596923828,2662901
2021-10-05,190.522862160859,193.59106857842326,190.522862160859,192.40481567382812,1578296
2021-10-06,190.66557871508707,193.53755882247904,190.08583506893424,193.42161560058594,1756147
2021-10-07,194.43838867966429,196.09736389748832,194.17973658291064,194.76840209960938,1874208
2021-10-08,195.04489012237823,195.82086014976437,193.31456741931882,194.17080688476562,1360485
2021-10-11,193.88539563003812,194.63459997105036,191.99452035349825,192.0212860107422,1371006
2021-10-12,192.38693499205806,192.8685790778925,190.80824330702407,191.16500854492188,1399839
2021-10-13,192.02133138275389,193.26108828107795,189.92530731211767,192.2799835205078,1618864
2021-10-14,193.68918586892144,195.13409089736479,193.1272722385964,194.96463012695312,1442126
2021-10-15,196.489801319756,197.5155153483181,195.56221427287883,196.86441040039062,2206033
2021-10-18,194.95571312229455,197.53336736244964,194.2957000288073,196.78414916992188,1905266
2021-10-19,197.4352648812022,197.8633777844892,195.74061573746795,197.8098602294922,1618257
2021-10-20,198.21122576769227,199.5134219596398,196.96253335990303,199.4688262939453,1676225
2021-10-21,199.4510163401195,200.55698620686047,197.32824041030278,200.2537384033203,2680099
2021-10-22,198.87123410192618,199.70072172497768,193.76053513808247,193.9032440185547,3539406
2021-10-25,193.37700177928463,195.33030274144775,192.34236592435713,194.02810668945312,2742013
2021-10-26,194.61679458048505,196.6414433259268,193.34135027080512,194.72381591796875,2472404
2021-10-27,194.52759127591577,194.58109505719267,191.95885904089982,192.40481567382812,1666311
2021-10-28,191.20961417970196,195.1340595380923,191.20961417970196,194.86648559570312,1970619
2021-10-29,194.43838704954115,196.48980133851805,193.5999913295595,194.9913787841797,2645804
2021-11-01,195.06276303887932,196.2668460947196,194.50084935181366,196.00819396972656,1717602
2021-11-02,196.70387148705822,197.97931572360636,195.55329235458683,197.2836151123047,2324196
2021-11-03,197.0338774616248,198.94258280116748,195.84762459684575,198.7196044921875,2081295
2021-11-04,198.60365411484204,200.5391251768297,198.07742804181882,198.443115234375,2347059
2021-11-05,200.00397207056102,203.00973918081132,199.62937674387612,201.6272735595703,2356367
2021-11-08,203.1881331982597,203.5716504071015,200.12884857241062,201.3329315185547,1735408
2021-11-09,201.30617704070545,203.58949156458823,200.99400739201218,203.13461303710938,2396631
2021-11-10,203.5824651468479,204.15576747885274,201.71029978185845,201.91632080078125,1340252
2021-11-11,201.99698240788166,201.99698240788166,197.6076927847084,197.97496032714844,1614413
2021-11-12,198.80804176183892,199.34551630083428,196.62235714088754,199.21115112304688,2210080
2021-11-15,199.4261320179116,200.68916745072997,198.53931078501319,199.28280639648438,1221988
2021-11-16,199.41717995120268,200.0083895220226,198.01977928231372,198.29747009277344,1667727
2021-11-17,197.95703914700536,198.2257694711461,196.7119109162113,197.5091552734375,1918721
2021-11-18,196.62234569621228,197.92122283373317,196.19238268345757,197.69728088378906,1707991
2021-11-19,197.97494423364657,198.14513732645122,194.5351714690376,195.71759033203125,2120548
2021-11-22,195.5742916269459,198.01079939867492,195.30556128730478,195.4040985107422,2480194
2021-11-23,194.7053837654257,195.69072830582286,192.72572041357807,193.4871368408203,4068304
2021-11-24,192.7167556130249,193.40650230684545,189.7607082308255,190.09214782714844,3304093
2021-11-26,183.5888140155186,187.2167007222748,181.45686484367423,186.509033203125,3902795
2021-11-29,188.30060964894588,188.30060964894588,185.42517842804585,186.01638793945312,2628403
2021-11-30,184.73543920353237,184.950420717917,180.14907471102356,181.1613006591797,5746552
2021-12-01,184.21589317202677,184.421928078866,178.42024186540814,178.63522338867188,3159526
2021-12-02,180.01466364669966,184.03668508232857,178.70682635029382,182.73780822753906,6074938
2021-12-03,182.7468071086607,183.1678235026073,180.05052945768517,182.2899627685547,3587258
2021-12-06,183.83963779322877,186.4015501142071,183.517158642372,184.75332641601562,4427444
2021-12-07,185.72078773593765,187.7542001190252,184.31442667711545,185.55955505371094,4842530
2021-12-08,183.49029198217727,183.92921540970605,181.4120914640395,183.32009887695312,5055687
2021-12-09,183.25740783659035,185.56851096289725,181.79729797675932,184.52940368652344,5050224
2021-12-10,185.28185674684252,188.1483275850353,184.36816804365614,187.9423065185547,3449975
2021-12-13,187.93333791491327,188.78431730291135,186.85840275486052,187.42274475097656,2926034
2021-12-14,187.06441837805812,189.49196539674173,184.44875738003938,185.1385040283203,3834812
2021-12-15,185.91784336793697,188.47079531554303,183.84860324587476,187.8975067138672,2986431
2021-12-16,189.2322079790213,189.25907548018907,187.4854470513246,187.7631378173828,3028111
2021-12-17,187.62881916948274,188.21106834710787,183.37389367729625,183.78594970703125,5644172
2021-12-20,181.05381490598188,181.52858018550523,177.45280862073594,179.02041625976562,3426909
2021-12-21,180.1848605875921,181.64497011139895,179.43241854901012,180.65066528320312,2658854
2021-12-22,180.24759697404755,180.94630412259767,179.22641066677,180.802978515625,3147386
2021-12-23,182.0212032070178,184.80705719004436,181.842049677139,183.83067321777344,2403814
2021-12-27,184.25170208114997,185.10269529768692,183.5530087457826,184.91458129882812,2515400
2021-12-28,184.95043228947898,186.41950269001936,184.72649031718274,185.46998596191406,1994191
2021-12-29,186.24033292634263,186.35677721067813,184.94145577206135,185.89993286132812,1734497
2021-12-30,186.41056548987387,187.12719371842758,185.34459050654579,185.5237579345703,1287949
2021-12-31,185.29974045852117,187.3869013307488,184.86977749228285,186.77777099609375,1554421
2022-01-03,186.19553404815676,187.53023907414402,184.13525437028753,185.2460174560547,2608676
2022-01-04,185.16537242447436,187.7093775511828,184.21585590862898,187.21670532226562,3294381
2022-01-05,187.70040884280596,193.1108841637011,187.32418089888196,189.06198120117188,4136186
2022-01-06,189.72489137653722,192.00911308444705,188.66787708042764,188.84703063964844,3308544
2022-01-07,190.0383921763236,194.66058398940567,189.51883860689279,193.26318359375,3092352
2022-01-10,193.19153170482085,193.89919932454774,189.7786398153461,191.2118682861328,3493982
2022-01-11,192.07181937240213,194.3739481037027,189.47406514843573,193.76483154296875,3570666
2022-01-12,194.82180922464073,196.3446281041829,194.69640451536355,195.5026092529297,3141013
2022-01-13,195.6370126802214,198.76325354850397,195.34140099211507,196.55966186523438,3118453
2022-01-14,194.9293514936287,195.25183069689743,192.91385993016067,194.96517944335938,3382092
2022-01-18,192.48387486279438,193.43339147521328,189.95779036407885,191.3283233642578,3090632
2022-01-19,192.06286614377782,192.3853453230398,188.64996034426832,188.76641845703125,2645298
2022-01-20,189.61738565445793,192.0986817032371,186.9748569403676,187.14505004882812,2598660
2022-01-21,187.44963001757705,187.7541883025297,183.59780084058397,183.72320556640625,4492595
2022-01-24,182.91700349918705,183.43654325813858,178.24106270155832,183.1409454345703,5501527
2022-01-25,179.79074511643498,182.54973182237933,177.28258166914185,181.21502685546875,5298891
2022-01-26,181.9764326828133,184.4308473452911,178.0081594820229,179.73699951171875,3427111
2022-01-27,181.90477679496692,183.4813307781841,178.49187129459622,179.73699951171875,2782075
2022-01-28,179.49512956015298,180.99108098099168,175.61643328719353,180.9373321533203,3431866
2022-01-31,179.6564320932741,183.6157459290653,178.53670828895451,183.16786193847656,3336264
2022-02-01,182.6751664450094,184.36817877758946,180.5073888457425,183.93820190429688,3088912
2022-02-02,184.00986811957725,186.17763184963775,183.31116089925024,185.91786193847656,2868977
2022-02-03,179.2981025743834,180.05054481930785,171.6123506448204,171.75567626953125,8781138
2022-02-04,171.87208896937787,172.69620072279625,168.43231636886952,171.5406494140625,5543815
2022-02-07,172.12293690224945,174.3086353059088,170.9226107710398,172.41854858398438,3498130
2022-02-08,172.41853305880502,174.72962215762942,171.1375768756533,174.28173828125,2767709
2022-02-09,175.67916078042032,176.48535179558561,174.39820453739517,176.12704467773438,3247946
2022-02-10,173.87863100777727,176.44054320044555,171.11068394923203,171.7646026611328,3702284
2022-02-11,171.81838190756716,172.78581948296326,167.10661259195268,167.50074768066406,5385591
2022-02-14,167.8501007394218,168.78169649708227,165.30609526663528,167.2320098876953,3193619
2022-02-15,168.566700706596,170.13430807052472,167.08867011615786,169.7760009765625,2861490
2022-02-16,169.7849434398531,170.01784581080213,167.33052884395497,169.35498046875,3121589
2022-02-17,167.9396540979707,168.2979611723167,165.09109073237093,165.35086059570312,3111776
2022-02-18,164.75965830559647,165.77188413124546,162.48439722251223,163.1472625732422,5097165
2022-02-22,164.03408814941113,165.9689630809202,162.08130615962628,163.53245544433594,4054747
2022-02-23,164.4371826846567,164.71487345084486,160.16433735926904,160.3076629638672,3624183
2022-02-24,157.57851433232534,164.5499709374036,157.101135012264,164.23472595214844,5968511
2022-02-25,164.01857617624765,170.70181776605023,163.99154683257896,169.83714294433594,5059329
2022-02-28,167.57634718092913,171.08009491450963,167.57634718092913,170.90895080566406,4159050
2022-03-01,168.11679326581657,170.9990473762725,164.76616956021545,165.36964416503906,5526718
2022-03-02,166.9368727551211,169.55792661752926,165.87403834070315,167.92764282226562,5402991
2022-03-03,170.65681572772397,172.80049058562452,168.54015631472703,168.9004364013672,5081485
2022-03-04,167.21611302922142,169.0355469921621,166.1983273125901,168.8193817138672,5121041
2022-03-07,168.4680549141156,168.70223969973895,163.94652135534602,164.07261657714844,3575016
2022-03-08,164.099661065356,168.45007907549748,164.03662039528672,165.04541015625,4628361
2022-03-09,167.8555791783072,168.63919373138006,166.53153072712774,166.9908905029297,2933217
2022-03-10,164.4149054360908,166.72972434941468,164.12668972273178,166.05419921875,2484039
2022-03-11,167.87360732404096,168.36899238501636,163.95553403381223,164.14468383789062,2757289
2022-03-14,165.2525635030023,166.81979291569962,164.5770383782139,165.00936889648438,3037115
2022-03-15,166.7477216357677,169.48586092274795,166.4414724942619,169.1436004638672,3968554
2022-03-16,170.7738498658581,172.2600186805463,167.99967178616865,172.06185913085938,4180902
2022-03-17,170.81889457761034,173.4849832538214,170.41357957891293,172.8725128173828,3190281
2022-03-18,172.72840380393058,175.56562279352133,170.95400528481548,175.38548278808594,8850639
2022-03-21,174.34967888088917,175.1062780921193,172.50324366602314,173.8542938232422,3541429
2022-03-22,173.9623540759971,176.46632219170664,173.9623540759971,175.66468811035156,2397137
2022-03-23,175.13327606167957,175.6016456310495,172.94456668294842,173.24180603027344,1837282
2022-03-24,173.9983706674843,175.3854596495251,172.9805714286624,175.3584442138672,2223434
2022-03-25,175.95290071000503,178.66402399218987,175.92587137162917,178.15061950683594,2572761
2022-03-28,177.5201718310144,177.74534685114378,174.96215857517362,177.53817749023438,3308645
2022-03-29,179.3125344817714,179.59175422269954,175.48453222038708,177.92544555664062,3389376
2022-03-30,177.54716407670057,178.50190881811605,176.25915478743846,177.02474975585938,2455813
2022-03-31,177.14187372131983,178.52896298013763,175.2323700690299,175.2593994140625,3314210
2022-04-01,176.44831373025968,176.63746351308413,174.2866198031011,176.56539916992188,2313270
2022-04-04,175.9349264924923,177.10585052436295,174.23259218337773,176.60145568847656,2075124
2022-04-05,175.31344079709015,176.9617302686566,173.9173417836948,174.40371704101562,2320554
2022-04-06,172.86351039126043,175.7007294068372,172.1519462400869,174.39471435546875,2976820
2022-04-07,173.38593188250786,174.3767159456457,169.72907261030704,173.5660858154297,2227177
2022-04-08,173.83628785645396,174.18755811591353,170.96302950000526,171.2782745361328,2911365
2022-04-11,171.3773541550455,172.260048597701,169.99026487429893,170.47665405273438,2732200
2022-04-12,171.9447881675181,173.73719233382914,171.1341442440315,172.02584838867188,3134943
2022-04-13,172.7825039957392,175.64673934307967,172.32314405377082,175.50262451171875,2419191
2022-04-14,175.79081832638417,177.1688978712652,175.55663351117713,175.808837890625,4325671
2022-04-18,174.9981710448223,176.43029519166797,172.16095209396707,172.9986114501953,1980837
2022-04-19,173.8993187148261,177.76334696691984,173.44896868861127,177.61923217773438,3379664
2022-04-20,178.50191889940245,179.69084847910227,176.5473943080431,176.84461975097656,2653492
2022-04-21,178.30376260844434,180.67261184568127,176.05199880441694,176.4843292236328,2446405
2022-04-22,175.27736663455457,175.29538619395788,171.4493781957553,171.70156860351562,3076266
2022-04-25,171.43138334645883,172.84548794003658,168.7292693813589,172.7734375,2425463
2022-04-26,170.6928063882591,171.90876533840944,168.94543719872865,169.03550720214844,2882229
2022-04-27,167.92761782982032,170.03526678216338,167.31513353707786,167.8465576171875,3089114
2022-04-28,169.13459399524294,171.73762832512492,166.8558005679214,171.06210327148438,3464442
2022-04-29,180.3123515793038,181.9336255886091,173.71917987745132,174.29563903808594,7333043
2022-05-02,175.17836191306088,180.96990038106532,172.87255270368044,177.32203674316406,7182406
2022-05-03,176.82663378891348,178.65506336280853,175.86287910529524,177.4751434326172,5422314
2022-05-04,177.8804425824599,185.90572437390708,177.75434735856317,185.41033935546875,5547659
2022-05-05,183.47383505086364,184.34751971483948,176.96173713738827,178.22271728515625,5826170
2022-05-06,177.6913183610267,177.81741360306614,173.98040031941656,176.02500915527344,3667078
2022-05-09,175.73673264555256,176.35822671544432,173.25979395397252,174.700927734375,3825504
2022-05-10,176.790602001658,177.65529083182187,173.133742702032,175.4305419921875,4823106
2022-05-11,175.48455110058154,177.31298037861777,172.41314752390343,172.9535675048828,3322202
2022-05-12,172.89926094725166,176.31233874826907,170.82606585202058,174.6555938720703,4036841
2022-05-13,175.09919464461277,176.49338526045346,172.85397770033094,175.20782470703125,3275159
2022-05-16,175.2712192825132,176.80122207770137,174.12145667997822,175.59713745117188,2654807
2022-05-17,177.41684304755657,181.11057286423915,177.26293298009213,180.21429443359375,2755670
2022-05-18,179.03737723085757,179.8793196609617,174.95435124730338,175.51565551757812,3223059
2022-05-19,173.84990339549068,176.7288316238739,170.31006869166092,174.41119384765625,3162662
2022-05-20,175.20787043715688,175.8234968527717,168.19159360560727,171.78573608398438,3929402
2022-05-23,173.7412259017556,173.9856680353222,170.6540661197538,171.63182067871094,3769458
2022-05-24,171.38740216926422,172.700117120551,167.385851328733,171.97586059570312,2875552
2022-05-25,171.2153262314144,173.07123284132228,169.02443154599774,172.4103546142578,2541299
2022-05-26,173.17088513841313,175.79634292621293,173.0894090764594,174.81858825683594,2264710
2022-05-27,176.52962560919863,177.79707428197293,175.66955717736477,177.7608642578125,2272601
2022-05-31,175.2349998783273,176.89174465728166,173.43340103491073,175.28932189941406,3544262
2022-06-01,176.08598662706095,176.2851626994165,172.36510312043416,173.74119567871094,2388841
2022-06-02,175.44325437034374,178.53041446001086,173.8770413099728,178.3855743408203,2539882
2022-06-03,176.85554540738684,177.59791379840635,175.28027657645805,176.37571716308594,2281200
2022-06-06,177.9781420583579,178.32217223326705,176.07696900988353,176.710693359375,1604701
2022-06-07,175.2983604000452,179.24558815755103,173.95847779983606,178.91061401367188,2154944
2022-06-08,178.02342648229575,178.2407146048254,175.28935270179588,176.10414123535156,1708497
2022-06-09,174.9453092217127,177.0637704285202,173.6869025128677,173.83175659179688,1694334
2022-06-10,170.49110646667523,170.82608066599778,168.5808633033058,168.6442413330078,2912276
2022-06-13,165.0953501824308,168.4993719700793,165.06818218274614,166.9603271484375,4819868
2022-06-14,167.6121520938081,169.31417698916562,165.16777277587616,165.92825317382812,3492768
2022-06-15,166.96029526480822,169.5495281230162,165.475558775452,167.45822143554688,3013948
2022-06-16,164.63364446418754,165.13157076184004,162.0896769730825,162.8501434326172,4479848
2022-06-17,162.4155681893907,165.1043893155946,161.32011374611432,162.68716430664062,5699307
2022-06-21,164.54311034622225,164.68796442605705,162.4246491261702,163.42050170898438,2969738
2022-06-22,161.56456356674036,162.75055010580633,159.49136859236032,160.90367126464844,2940602
2022-06-23,160.45103136859692,161.70038211109596,156.5490830329932,158.04286193847656,3372279
2022-06-24,159.7811093074557,163.0855435412124,159.0658948383929,162.97691345214844,4203765
2022-06-27,163.85506849785799,163.990866581103,160.60494254996948,161.41067504882812,2631033
2022-06-28,162.47893800617905,164.28053682821246,159.11112646715605,159.2921905517578,3218203
2022-06-29,159.38269752703647,159.77199363288793,155.18198626939213,156.80252075195312,2456622
2022-06-30,155.04621625506198,157.907045629353,154.06846179005598,157.35479736328125,2905700
2022-07-01,157.2099535758125,158.76712440721408,155.32687854340858,158.53173828125,1996113
2022-07-05,157.28234381446867,157.28234381446867,152.9639326744025,155.797607421875,3384621
2022-07-06,156.4132780093994,157.75317484234196,154.88328900822194,156.81163024902344,2227582
2022-07-07,157.71692664352358,157.71692664352358,155.04621733892293,157.33670043945312,2788853
2022-07-08,157.4272462971047,157.82558453526048,155.28161707547685,156.92930603027344,1633634
2022-07-11,158.44120382204034,158.47741384656686,155.79764842666546,156.4766387939453,3261805
2022-07-12,155.4626697164302,160.07983202974668,155.4626697164302,157.17373657226562,2789763
2022-07-13,154.6116557308393,156.01491640997483,153.78781132256285,154.69314575195312,2020393
2022-07-14,152.74672878911684,153.70637149160765,151.50643388467432,153.46192932128906,1845477
2022-07-15,154.8380068211922,156.5762277617529,154.0232044003661,156.4404296875,2214026
2022-07-18,156.74822691604422,157.7350373795508,154.38532378851022,154.76556396484375,1676326
2022-07-19,156.5490563575945,160.86745420485838,156.43135632112336,160.4510040283203,2484039
2022-07-20,160.07077054344683,161.72752929494501,159.5004242612564,161.3834991455078,1668031
2022-07-21,161.3835085479307,163.16700946879067,160.3423899901935,162.98593139648438,1875321
2022-07-22,163.41144531446463,165.57517255578918,163.1398491561704,164.28961181640625,2354242
2022-07-25,164.5611882547313,165.16775852569114,163.28468366865488,164.09947204589844,1963841
2022-07-26,164.45257108718008,166.15458199386848,163.3299624991332,164.2443389892578,2351207
2022-07-27,163.27562009566827,167.50349979776595,162.55136379393616,166.27224731445312,3546993
2022-07-28,171.20627023337812,173.35188492861337,169.1873836094284,172.4103546142578,3696517
2022-07-29,172.44659287434035,174.84570603098936,170.97996816203886,174.2391357421875,2941310
2022-08-01,173.28856409583398,174.87287501147426,172.8268478339284,173.8136444091797,2360514
2022-08-02,173.0350595278822,173.2342356257063,170.79891232857412,171.21536254882812,3374404
2022-08-03,171.4326136087306,173.7411945218184,170.0202970646612,173.37001037597656,2564668
2022-08-04,173.03502194668496,174.56502442196992,172.41035373962893,174.22100830078125,1721042
2022-08-05,173.43339911646814,174.59221764403952,172.26552458959785,174.06712341308594,1870262
2022-08-08,175.80536330153345,176.95513992992875,174.8095107273139,175.606201171875,2101933
2022-08-09,176.1493601270923,176.45716625122625,175.09012972679787,175.7147979736328,2308211
2022-08-10,178.29500076950598,179.54435132149055,177.7789625452699,178.5575408935547,2670387
2022-08-11,179.23995317117144,181.62375734936,179.23995317117144,180.61383056640625,2420607
2022-08-12,181.35991082498455,182.86114920333796,180.36817241775157,182.76107788085938,2284134
2022-08-15,182.54266956551862,184.42606064991875,181.4599612676258,184.01663208007812,2334818
2022-08-16,182.35159685554234,185.84541253737115,182.0240652415566,185.30860900878906,1680575
2022-08-17,183.61628869524262,185.5815626632756,183.106774782615,184.49884033203125,1680575
2022-08-18,184.2531999387519,185.60886066304153,184.13491214301655,185.35411071777344,1526803
2022-08-19,184.3532743221688,184.53525662980618,182.75195080278448,183.3888397216797,2064502
2022-08-22,181.58733116221822,181.66921406487944,179.54017432511887,180.0041961669922,2618185
2022-08-23,180.47731538496174,180.90494637710708,179.3673034766873,179.74034118652344,1626350
2022-08-24,179.00337751675966,180.6320047629096,178.62125257832557,179.95872497558594,1367567
2022-08-25,181.25979176613245,182.42439702174835,180.07698406703219,182.36070251464844,1650529
2022-08-26,181.27794311357655,182.36975233260677,175.54590257839396,175.6550750732422,2870089
2022-08-29,175.40039115686793,176.41941909581746,173.9628333842392,175.07284545898438,2120143
2022-08-30,174.6543222752165,175.63695940628074,172.22502609384352,173.50791931152344,2249940
2022-08-31,175.2093107032812,175.29119361135614,171.97025881744497,172.27960205078125,2659967
2022-09-01,172.0976291238509,173.9082244999103,171.54262313624406,173.53518676757812,2268757
2022-09-02,175.68242447971647,175.99176769664527,169.44086854128963,170.04136657714844,2780456
2022-09-06,170.2415530544499,171.4425492375158,167.73947533221323,168.86767578125,2578629
2022-09-07,169.14063998093565,172.65264434977215,169.07694547014322,172.0430450439453,2371643
2022-09-08,171.36069643867975,171.36069643867975,167.81228651008655,170.8875732421875,3547398
2022-09-09,172.0612616497667,174.6998157546918,171.78830922978452,174.40866088867188,2943840
2022-09-12,175.7825222785434,176.2101533156839,174.12659141803493,174.71800231933594,2798969
2022-09-13,171.51535288432248,172.90743278052167,167.9760583936529,168.30360412597656,4915167
2022-09-14,168.54923948168152,168.54923948168152,162.12571438584678,163.74525451660156,5007633
2022-09-15,162.99009519881398,163.76346045568923,160.31513597032708,160.91563415527344,3492364
2022-09-16,157.91311115166275,161.6252861027206,156.96686496998305,161.36143493652344,6492755
2022-09-19,160.13312654763251,162.92635883292272,159.89656501491294,162.52603149414062,2444381
2022-09-20,161.07942891106543,161.54345091702493,159.28703541465126,161.05213928222656,2507711
2022-09-21,161.87098571252386,163.43591871216722,158.57733981600998,158.58644104003906,2534622
2022-09-22,157.89492419011592,158.9958491177393,156.5119596698204,157.63107299804688,2255908
2022-09-23,157.20346562831045,158.58644440218632,154.60130202635727,155.9296875,3239650
2022-09-26,156.0661170095839,156.79399000787228,153.63682121466363,154.73773193359375,3309758
2022-09-27,155.45651775547944,156.91227779715106,153.20008898863367,154.73773193359375,2723803
2022-09-28,156.36637584451822,159.0049438376859,155.06529429289,158.15878295898438,3113698
2022-09-29,157.7311349202255,157.7311349202255,152.9544402787683,154.73773193359375,3153355
2022-09-30,154.76501576476062,155.76584100915014,151.60784737614696,151.9171905517578,3854741
2022-10-03,154.73772389493215,158.65917036869942,153.8369839153629,157.43997192382812,3418411
2022-10-04,159.13232773146547,162.32588788842554,159.0686332156491,162.12571716308594,3734353
2022-10-05,160.69724586239712,163.56327409059014,159.23239853839956,161.77996826171875,2974493
2022-10-06,160.397005026579,161.6707828750587,158.18606814599275,159.2596893310547,2629516
2022-10-07,157.94038670951892,158.45900181887404,155.01067834105007,155.95692443847656,2996143
2022-10-10,157.23073639929532,158.1314765068086,154.7832379408773,156.3936767578125,1954635
2022-10-11,155.9478600287131,159.9147995522855,155.383752725559,157.9677276611328,2942221
2022-10-12,158.36807456368436,159.2233368469308,156.67576649112138,157.2125701904297,2759818
2022-10-13,154.12813360130207,162.30767388494348,153.96436779374568,161.54339599609375,3260591
2022-10-14,162.0893069124878,162.42595380705058,158.15877288560796,158.45901489257812,3004944
2022-10-17,161.6435140474995,162.86271280967466,160.25144822124068,161.07940673828125,3477998
2022-10-18,163.9363282993802,164.82798137974012,161.62531969658295,163.6633758544922,2001677
2022-10-19,163.31761761417278,164.52771503503868,161.89824825604157,163.11744689941406,1707688
2022-10-20,163.19022123594542,164.51859223992386,161.1430644246461,161.62527465820312,2718846
2022-10-21,161.03388327370737,166.78411374524285,160.60625226346136,166.32919311523438,2994322
2022-10-24,167.8759441381566,171.12409723181298,167.2663448510847,170.05047607421875,3309151
2022-10-25,169.83211459333154,172.743620748258,169.41358479352425,172.55255126953125,2941007
2022-10-26,174.35402499419075,175.55503501179513,172.65261637398314,173.11663818359375,4251921
2022-10-27,175.9281127217875,181.58735984217967,175.41859873739682,178.7759246826172,4809448
2022-10-28,181.05963662305817,186.66430428630022,178.9578862493424,186.4550323486328,4949766
2022-10-31,184.16222780188906,186.50962692942068,184.0530412210377,185.6270751953125,4485109
2022-11-01,186.0182930150239,186.5914873827575,183.3524356884107,184.7899932861328,4427646
2022-11-02,185.00837433808346,188.23833923945023,182.0149850432002,182.39710998535156,4747433
2022-11-03,182.30614870232168,187.47408476526329,181.2143389391486,185.9637451171875,4707978
2022-11-04,187.7015026267143,189.27555048432905,185.79992315039735,189.1117706298828,4173112
2022-11-07,188.97532746482915,191.28633591347995,188.46581345933689,190.8587188720703,2702861
2022-11-08,190.45834219635762,193.2333720663119,190.04891363203413,192.30532836914062,2661990
2022-11-09,192.00362997409997,193.41165846635093,190.57732401249734,190.75103759765625,3075862
2022-11-10,196.4380030533564,196.63915401844068,193.05509038368496,196.3922882080078,4405390
2022-11-11,196.20028995393417,196.53858546699448,193.32938627369734,194.49969482421875,4276099
2022-11-14,194.54539940719332,197.56259326129634,193.67680324688828,194.7465362548828,3109854
2022-11-15,196.9042858110238,197.6631606678623,194.82882630773275,196.96829223632812,2395012
2022-11-16,197.27000821051152,197.6997333852365,195.02996676370398,195.6608428955078,2475439
2022-11-17,194.06080837569291,196.92258014981053,193.850525741965,196.12713623046875,2720667
2022-11-18,197.84602539016876,198.72375321617085,194.89282389086023,196.14541625976562,3009395
2022-11-21,196.5751750505468,198.60493422700384,195.52373346064516,198.00149536132812,2373868
2022-11-22,198.5226128794538,200.24151368494535,198.40375992445786,200.012939453125,2545750
2022-11-23,200.04036417159563,201.76839666783798,199.59236149674183,200.15008544921875,2718036
2022-11-25,199.0803238574618,202.02437932220505,199.0803238574618,201.19235229492188,1132962
2022-11-28,200.8723689304721,201.33866317034904,197.0048704770151,197.27915954589844,2673422
2022-11-29,197.4162992415222,198.7877586661996,196.73972237763522,198.1477508544922,2126213
2022-11-30,197.78202786003402,201.74097021750245,195.37741849345073,200.7352294921875,4729527
2022-12-01,201.40267368908067,201.71353181735336,197.80946423152972,198.7603302001953,4036942
2022-12-02,196.4196912741784,201.0186409394692,196.31912991585207,200.30548095703125,2219893
2022-12-05,199.08947065107336,199.8574913149192,196.75799951279248,197.12371826171875,3113698
2022-12-06,197.73628488938905,198.16601002597852,193.24705660268472,194.9202423095703,2547773
2022-12-07,195.63342957867357,195.74315086218672,193.84140466918248,195.15798950195312,3018298
2022-12-08,195.5237214410138,196.20029838232207,194.02426310518575,195.06655883789062,2194804
2022-12-09,195.06650778010047,196.10881735386283,193.2836291387025,193.49391174316406,2286360
2022-12-12,193.97854528659093,196.20029537863843,192.97280451177,196.11801147460938,3386038
2022-12-13,200.73522233454406,201.11008688094344,194.8745482390629,196.53857421875,3490037
2022-12-14,197.69059821156716,199.19920224293315,194.79225721672086,196.31915283203125,2575594
2022-12-15,194.64593753377846,195.40481233100763,190.20243823751937,191.06187438964844,3258973
2022-12-16,189.58073401698923,192.26877821611185,188.55671583504952,191.7659149169922,7211643
2022-12-19,191.3270583445225,194.13395550043398,190.51332280448943,191.46420288085938,3125838
2022-12-20,191.6104665695142,194.52709892326033,191.29046267231368,193.36593627929688,1897780
2022-12-21,194.70997349912332,196.84943958430472,194.51796832303313,196.6665802001953,2655819
2022-12-22,195.97169265761283,196.21855844770099,191.08017638068134,194.11566162109375,2245893
2022-12-23,193.83223612559613,196.30999759540205,193.33850452161587,195.54197692871094,1315871
2022-12-27,195.5694277111956,197.2883144236864,195.39570000180092,196.47457885742188,1478040
2022-12-28,197.42546219705358,197.95576289832627,193.84139838047017,194.00596618652344,1626047
2022-12-29,194.82882205054992,196.80370603401357,194.53624141823119,196.3465576171875,1901826
2022-12-30,195.64255423918127,196.1179942645476,193.76823151256932,195.9351348876953,1618662
2023-01-03,196.71228723931756,196.71228723931756,194.03338890010588,195.9351348876953,2245185
2023-01-04,190.63217835913468,193.1373773287267,189.55329952356612,192.0402069091797,3905325
2023-01-05,190.6139020100764,190.91561435035962,186.5726757204524,186.94754028320312,4104825
2023-01-06,188.77614701333442,192.9727952846774,188.22756886086836,192.25050354003906,4103611
2023-01-09,192.25047696096172,195.32253112670472,191.58303183274464,192.61619567871094,2658045
2023-01-10,191.54645767652374,193.32935049188836,191.54645767652374,193.22877502441406,1796411
2023-01-11,193.8139714376474,194.66427611837145,192.01280069701804,194.10655212402344,2953552
2023-01-12,194.60940411425656,198.60491565557257,194.179678902581,197.47117614746094,2998773
2023-01-13,196.10885099677506,198.24831702458175,194.65510764098946,198.04718017578125,2020393
2023-01-17,198.4220576625854,198.4220576625854,193.76824663953144,194.0516815185547,3319571
2023-01-18,192.81734434608677,192.81734434608677,186.49950840704503,186.7372283935547,5160900
2023-01-19,186.79211647941307,186.8652545873013,183.061748357954,183.46405029296875,4602158
2023-01-20,182.4674569130851,185.29265981866484,181.77258842673135,184.71664428710938,4023892
2023-01-23,185.19209026167977,188.20928432714234,184.12235717874864,186.9384002685547,2832354
2023-01-24,186.4812348395808,189.88243896252985,184.89949278284277,189.19671630859375,3254724
2023-01-25,187.01152369238915,189.39785531414992,186.29836370897362,188.958984375,2179831
2023-01-26,189.99218831813255,191.47335511513694,188.2458640979756,191.40936279296875,1949779
2023-01-27,190.07444173974133,191.84818894006594,189.8458675246351,190.29388427734375,2147155
2023-01-30,188.8309862848671,191.44589211906015,187.98982756738016,188.145263671875,2575392
2023-01-31,188.8675676301397,190.69617549770328,187.89841011791003,190.6138916015625,2325612
2023-02-01,189.63560642102436,190.5864724410399,186.34410912207048,189.00473022460938,5455092
2023-02-02,181.90056603946738,190.37615965759417,180.74854922407997,189.60813903808594,7267285
2023-02-03,189.44356261921303,189.44356261921303,184.3417499027367,185.32005310058594,4509692
2023-02-06,184.91782504869684,186.636712014386,183.5555111187272,186.55442810058594,2887490
2023-02-07,185.6035138081745,188.36471022177338,184.48806593809093,187.86184692382812,2982182
2023-02-08,186.42636219721828,187.2583892337228,183.96689247907543,184.8903350830078,3603748
2023-02-09,185.9326446285403,186.4537994572006,181.61712980036185,182.14743041992188,3048446
2023-02-10,181.77257808749326,183.6194634180304,181.37029028581586,183.29031372070312,2924416
2023-02-13,183.03430131607263,186.28006906710561,182.63201354719976,185.94178771972656,3007878
2023-02-14,185.68577871278572,185.69492450367898,181.6445670450719,183.77488708496094,3034384
2023-02-15,182.6777320042235,184.4514791208909,181.8182817048589,184.42404174804688,2561734
2023-02-16,181.73598886969333,184.26861068840066,181.01368312847342,182.27542114257812,2787032
2023-02-17,182.18403708749827,184.67094469035663,181.63545888674176,184.158935546875,2883646
2023-02-21,184.29606901547965,184.36920712563168,179.61483477719662,179.8982696533203,2863918
2023-02-22,180.19086513725475,180.56572973882885,177.94167752781001,178.73712158203125,2997862
2023-02-23,180.1893439338723,180.1893439338723,177.00910365229566,179.25181579589844,2475136
2023-02-24,178.21317891906563,178.21317891906563,175.42817721679836,176.51275634765625,3344054
2023-02-27,178.70034304417433,179.23345259841852,176.237025876755,176.88961791992188,3402326
2023-02-28,176.02561431880508,176.80688301887741,174.29762326899464,175.99803161621094,3146375
2023-03-01,175.21675748482838,178.63597673030227,175.16160626998268,177.2848358154297,3269393
2023-03-02,176.099148723268,179.34373454362947,176.0164289885672,178.7279052734375,4303920
2023-03-03,179.63787441890017,181.56808206623126,178.51651825791788,180.9062957763672,3152849
2023-03-06,181.2463762050711,183.1949580593319,180.7500294123923,181.10850524902344,2753546
2023-03-07,181.45774913812824,182.1746865298131,179.0036265745433,179.80328369140625,2813436
2023-03-08,180.4099467831518,180.75003415912082,178.43379636123885,179.75735473632812,2088984
2023-03-09,180.96142266730592,181.02575392743205,176.79768330436417,177.2848358154297,3225790
2023-03-10,177.2848429654718,180.7776020344833,176.37488335540007,177.69845581054688,3709871
2023-03-13,177.3951313298037,179.44482111267675,176.63223696288193,177.48704528808594,3261198
2023-03-14,180.20772064277048,180.30882883750422,174.79394861666597,177.3675537109375,4909805
2023-03-15,174.70203491548105,175.56603750027892,169.82137236861084,172.90969848632812,3972094
2023-03-16,172.2203613109944,174.42631078945521,171.23687615215968,173.8472442626953,3897130
2023-03-17,172.6247828632468,172.80861080717537,169.33423996511016,169.71109008789062,7469820
2023-03-20,170.9243433857343,174.85829788941678,170.5107305525668,174.52740478515625,2873934
2023-03-21,175.62118453646232,176.6046696512342,173.8564307082131,175.70391845703125,3170452
2023-03-22,176.2186677586538,176.47602123007735,171.95381931078552,172.02735900878906,2375892
2023-03-23,171.75158096298355,174.1045954090462,170.54749103826055,171.80673217773438,2387627
2023-03-24,171.31958927902602,173.0016233858137,169.67431792125717,172.94647216796875,2359503
2023-03-27,173.37846870193314,174.2608455971962,172.27550113001254,172.79022216796875,2157979
2023-03-28,172.5696164404643,174.27923319475897,172.24791756692812,172.7258758544922,2093840
2023-03-29,174.3251568771442,174.37111385029925,172.5879719409791,173.78286743164062,2715507
2023-03-30,174.27923300661288,175.04212741906912,172.78102688401057,173.828857421875,2022720
2023-03-31,174.7480050954409,175.90612392990425,174.0218733973738,175.66714477539062,2734122
2023-04-03,175.16161087943382,178.2223685919048,174.60093285957464,177.65249633789062,2907116
2023-04-04,177.5054420418141,177.606550246453,174.3435901256546,175.501708984375,2528248
2023-04-05,174.90427833254097,175.56606462983405,173.97593015609937,174.1138153076172,3065138
2023-04-06,174.27923240928038,176.57709568424386,173.72774862856105,175.0605010986328,2814751
2023-04-10,175.31786584343735,177.02748256207843,174.9318215277916,176.18185424804688,2569828
2023-04-11,177.28483827356243,177.54219169490048,176.310547426555,176.650634765625,2464008
2023-04-12,177.81797804720705,179.11396798585113,176.77934157371652,177.6065673828125,3699451
2023-04-13,177.62490450533943,180.53859665471785,177.02746381592564,180.06063842773438,3399796
2023-04-14,179.8124973844981,181.74270491645737,179.46322997877834,180.65811157226562,1986806
2023-04-17,181.23717438819463,182.05520585546162,180.83274158313378,181.86219787597656,1702326
2023-04-18,182.6526411756694,183.3419958528957,180.35477806294992,181.0073699951172,2427992
2023-04-19,182.22067230694054,182.59752243523286,181.27394986868092,181.81625366210938,1885842
2023-04-20,181.53130313798363,181.77028228739653,180.15257945885273,180.84193420410156,1969810
2023-04-21,181.1544528184904,181.39343196761172,179.60109544351837,180.22610473632812,1993685
2023-04-24,181.26471590028845,182.06437296824208,180.40072757830083,180.86949157714844,1624327
2023-04-25,182.46884419124672,182.82730584643932,180.02391549523,180.11582946777344,2270476
2023-04-26,178.20397994889308,178.74628368854357,174.80314908508495,175.46493530273438,3621148
2023-04-27,180.09742152382023,182.772134861978,177.91904074600166,182.55154418945312,3907449
2023-04-28,182.9099945406488,184.57365418769112,182.44123052250868,183.6820831298828,2896494
2023-05-01,183.82915862316426,185.81450304238174,183.79238168741574,184.2703399658203,2250850
2023-05-02,183.51665396725366,183.51665396725366,180.4926730296287,182.2298583984375,2618286
2023-05-03,183.69128678878232,184.38983573512573,181.72430246971714,181.9541015625,2807670
2023-05-04,182.19306128495603,182.9099986785162,179.16908068218729,180.3547821044922,2331682
2023-05-05,181.3842432322004,182.5331678410445,180.86952216971153,182.37692260742188,2112455
2023-05-08,183.59937618678023,183.81077262701382,180.12500567063861,181.0257568359375,1511931
2023-05-09,180.1158391910545,182.2574433801086,179.1966852273667,181.1912384033203,2263799
2023-05-10,181.52210251157763,182.6710270465344,178.60841002684145,181.3842315673828,2183473
2023-05-11,181.03312587964962,181.36575513414536,178.51070044087896,179.2313995361328,2904284
2023-05-12,180.11842442148344,180.49725182582839,178.0487374113295,178.89878845214844,2126517
2023-05-15,178.78788840528017,180.61734216626547,178.0025062519656,179.5363006591797,1584063
2023-05-16,179.21293648061527,179.21293648061527,176.75517953965692,177.04161071777344,2074618
2023-05-17,178.35361459942052,181.49511458338486,177.90087597723436,181.1162872314453,2449237
2023-05-18,180.58960390595743,183.30606387687246,180.07218227992237,183.1767120361328,2466436
2023-05-19,184.33170324716437,185.0339317023734,182.0772238519465,182.34518432617188,2700636
2023-05-22,182.06794392037136,183.32454949036446,180.3770847218113,181.9570770263672,1784271
2023-05-23,182.20654704293443,182.54841874122877,180.07219163903116,180.14610290527344,2183979
2023-05-24,180.1091670681761,180.35864257954913,176.37633392496153,177.2725830078125,1764847
2023-05-25,177.28182806050611,177.91011669098833,175.54477045686173,177.6514129638672,2449844
2023-05-26,178.12262607896653,179.54553928357717,177.5405213326045,179.0188751220703,1995000
2023-05-30,178.8802621208707,179.97054596563027,175.9420397979267,179.75802612304688,2282920
2023-05-31,179.11126249337354,179.28681245084329,175.88660888721566,177.03233337402344,3698439
2023-06-01,177.26334786985288,179.52706972680218,175.9882713611724,179.1205291748047,1931063
2023-06-02,181.51358608180243,184.38712563205817,180.99616439852613,183.73110961914062,2772666
2023-06-05,183.61099297245332,183.98057783687068,181.14399403415877,182.18807983398438,1682093
2023-06-06,182.53921178543212,183.0381628504231,180.5064804113163,181.41197204589844,2321262
2023-06-07,181.9848016078048,183.59250717101287,179.4623763620291,183.3060760498047,2585205
2023-06-08,182.82561735503626,183.63871264343138,182.0772051254387,183.08433532714844,1645572
2023-06-09,182.6038679309199,183.64795376004602,181.18095475251934,182.84410095214844,1780629
2023-06-12,183.13978390725273,183.8235131079043,181.6799150194565,183.40773010253906,1700303
2023-06-13,183.40771653393938,185.97635417575904,182.72398738387048,185.81927490234375,2011086
2023-06-14,186.64162733395736,187.39003959978228,183.55556778372596,185.27415466308594,2687788
2023-06-15,185.94861764843262,188.5819239550778,185.19096300435064,188.2400665283203,2496482
2023-06-16,189.4135241755489,190.35597134349638,187.0666487304794,187.53787231445312,5064185
2023-06-20,187.242198292819,187.53787190728013,183.89743510134738,185.16326904296875,2109521
2023-06-21,184.13766959289438,187.36230916400905,183.04738561110196,186.45681762695312,2583080
2023-06-22,186.60464992820138,186.9003235378696,184.45180944117274,185.39425659179688,1635759
2023-06-23,183.98982450724085,185.4034952037246,183.54631410197862,184.8768310546875,3361657
2023-06-26,185.07089336577772,187.62104648166732,184.28551113162365,187.1775360107422,2156462
2023-06-27,187.15903019755484,188.55421588988767,187.05739150893348,187.8797149658203,2386312
2023-06-28,187.95367346473145,188.41565461852284,186.64164128273208,187.10362243652344,1995000
2023-06-29,187.02968343070742,190.91959584439027,186.40139481201052,190.77175903320312,2573773
2023-06-30,191.88051372277982,192.63816840937199,191.08588913882986,191.7234344482422,3045006
2023-07-03,191.0673847039422,192.77672868401342,189.45043692478967,192.4625701904297,1229272
2023-07-05,191.6310206587821,192.49955643164915,190.29126136859017,190.73477172851562,2363145
2023-07-06,189.38580115853733,189.4597266955727,186.7155388749033,188.49879455566406,2126820
2023-07-07,187.45471768330034,190.07879624423794,186.789459133377,187.8058319091797,2279986
2023-07-10,188.68358100576543,192.1669527706655,188.13844615419748,191.9451904296875,3138383
2023-07-11,192.59199336572783,193.59910940163215,191.6680168196024,192.8599395751953,2834175
2023-07-12,194.39370862977486,194.83721905795935,192.50881427037825,192.6658935546875,3001606
2023-07-13,191.88051286170298,193.3034117481851,191.4370024630987,192.8414306640625,2351409
2023-07-14,192.10226139838431,192.10226139838431,189.87549545178467,190.4668426513672,2186407
2023-07-17,189.94016775020256,192.95230137111193,189.6537366409561,192.3424835205078,2175785
2023-07-18,190.98427547980455,191.40930095568712,188.44335083629133,189.64451599121094,3711591
2023-07-19,188.35093716654072,190.39291060921298,188.33246648160892,189.57058715820312,2535229
2023-07-20,190.4760944251874,193.33116355875634,189.94944448070015,192.1484832763672,2562240
2023-07-21,192.47184569408452,194.39369556085592,191.98213718732924,192.7397918701172,7617421
2023-07-24,192.80448437598136,194.18119948386394,192.37945890537026,193.40505981445312,1868239
2023-07-25,192.3240154346468,194.16271162146123,191.51092014152871,193.73768615722656,1991358
2023-07-26,192.90610994421007,193.47897218253723,191.43699871500144,192.42564392089844,3331509
2023-07-27,188.22159011005627,188.60041744926406,180.7744094391014,181.47662353515625,6672427
2023-07-28,182.63157269530058,183.13976613785073,180.1830587493084,180.34938049316406,3980390
2023-07-31,180.2847148761008,180.6450715577721,178.7139648154471,179.3699951171875,3486597
2023-08-01,178.64928454344093,179.98902969650595,178.288927884913,178.76939392089844,4019440
2023-08-02,179.1574521047589,180.45101332817006,177.7714946698953,178.23348999023438,3032563
2023-08-03,178.12263707922148,178.23351825577947,175.97902466526764,176.0252227783203,2538163
2023-08-04,176.71820299884132,177.23562470084528,174.4544812696892,174.82406616210938,2436389
2023-08-07,175.6556107399932,176.17303237887148,174.2604250887046,175.18438720703125,2875856
2023-08-08,174.26040758183342,174.26040758183342,172.384741849144,173.38262939453125,3299743
2023-08-09,172.82830254582998,175.80348110329487,172.7821044310916,174.85179138183594,3262311
2023-08-10,174.86105131163217,177.09071033167376,174.71240546481164,175.34414672851562,2844494
2023-08-11,174.84249459760755,177.8525266461986,174.84249459760755,177.13717651367188,2731491
2023-08-14,177.39730765240935,178.19626658720287,175.73435273862475,176.05950927734375,2472708
2023-08-15,174.63810293994482,175.04686829381328,173.3188906685469,174.4708709716797,2278266
2023-08-16,174.33152506089846,175.12120531684621,173.17954471222208,173.2538604736328,2267441
2023-08-17,174.15501614362105,174.86107324874672,172.78005981445312,172.78005981445312,2509836
2023-08-18,172.04608563441425,174.24787962350956,171.9346120157258,173.33743286132812,2077653
2023-08-21,172.80790911685986,174.00635464737525,172.25979098199446,173.6811981201172,1953320
2023-08-22,174.0527881842637,174.1921409677325,172.38054044150564,172.80789184570312,1732980
2023-08-23,173.26314633485464,174.25720206397423,172.9379897951976,173.80197143554688,1921452
2023-08-24,173.67191137222073,175.39061027698963,171.97179857756646,172.01824951171875,2419292
2023-08-25,172.4456054761135,173.885598813562,171.47941454761454,173.0773468017578,1966573
2023-08-28,175.06546515665843,176.18028764902817,173.83915467859762,174.5452117919922,1963740
2023-08-29,174.54519977232212,176.34750748378278,174.05281126741824,176.0688018798828,2205932
2023-08-30,176.06878638138022,177.16503693156966,174.3872455098406,175.1769256591797,2232539
2023-08-31,175.07473926585808,175.9573069768066,174.58235078033286,174.60093688964844,2628808
2023-09-01,175.6042722388001,176.0409023630849,174.22930180603615,175.01898193359375,1614413
2023-09-05,175.1954784196093,175.39986822542406,172.44556645883296,172.51988220214844,2255099
2023-09-06,171.9067723900156,172.64070866888068,170.59685309596674,171.41439819335938,2254796
2023-09-07,171.637338067267,172.64068678582373,170.22522402239457,171.0520477294922,2110532
2023-09-08,170.75477636792678,171.86030570101602,170.40174067375057,171.42367553710938,1790341
2023-09-11,172.73356342106229,173.39316941596726,171.63731300021323,172.99368286132812,2140073
2023-09-12,172.97513592147382,176.45898443478475,172.77074608826587,175.78079223632812,3710276
2023-09-13,176.3474983511244,179.91495571033497,176.3196191874976,177.9918670654297,5116286
2023-09-14,178.74438835839058,181.44784998723586,178.31703688777102,179.8220672607422,3725147
2023-09-15,180.71389954627776,181.08550696794074,178.73508142124297,179.3389434814453,6084144
2023-09-18,179.06954786172122,181.48501067152873,178.78154921453722,180.65817260742188,2323589
2023-09-19,179.43183723027528,181.73581174517346,179.43183723027528,181.4849853515625,2905599
2023-09-20,182.21891805024114,183.10150003094793,180.59312121515603,180.6395721435547,2401790
2023-09-21,180.85324651635216,180.85324651635216,177.8153358643176,177.84320068359375,2951528
2023-09-22,177.37871998572908,178.22412984720643,176.1338234897935,176.3103485107422,2857241
2023-09-25,175.62286873730946,178.40066047359667,175.17694549627922,178.2427215576172,2754861
2023-09-26,177.4530319204209,177.75960231497456,174.4336928570284,174.55447387695312,3439150
2023-09-27,175.52997452847916,175.52997452847916,173.1238045095396,174.5452117919922,2261776
2023-09-28,174.40586186900475,175.56713531778988,173.4303778308897,173.82986450195312,2946268
2023-09-29,174.86105964206422,174.87035269689574,171.2564442936243,171.6280517578125,3369750
2023-10-02,170.9405783493487,171.70237937638967,168.21853076765512,169.64923095703125,2732301
2023-10-03,168.9524685043404,169.75142741628443,167.44743820486693,168.2835693359375,2519346
2023-10-04,168.5529719486261,169.97437901246602,167.61466029363365,169.54702758789062,2325511
2023-10-05,169.22190640596617,169.472747216992,166.41624956835494,167.2430877685547,2314888
2023-10-06,167.66112732992033,172.14831054845362,166.94577720216364,171.55374145507812,3814781
2023-10-09,172.1204193205202,173.70904390495468,171.64661699307382,173.2816925048828,2305480
2023-10-10,174.65667585116032,174.74029900640693,171.2936081061585,173.114501953125,3300755
2023-10-11,173.31888561709525,174.9260965027171,172.62210728133346,174.09925842285156,2235979
2023-10-12,174.06207482497948,174.08993964419363,169.84430492001647,170.8848114013672,2442055
2023-10-13,171.73024484854847,171.73024484854847,169.4169769357224,170.53179931640625,2271792
2023-10-16,172.43630128619847,174.192158002522,171.99037807194304,173.01229858398438,2461377
2023-10-17,172.18548416093688,173.9970706210894,171.84174150640285,173.09591674804688,1870465
2023-10-18,172.4548785368131,172.83577903087075,170.0487088909742,170.44818115234375,2288383
2023-10-19,170.16950617220544,172.66857812738417,168.9524887196757,169.33338928222656,2595625
2023-10-20,169.68639384703906,170.73619355390466,168.20924268167659,168.45079040527344,3078897
2023-10-23,168.70163631480867,170.0858856548223,167.58679953036724,167.70758056640625,2097684
2023-10-24,168.6830512494054,170.0301427178819,167.46603387302832,168.5808563232422,2582069
2023-10-25,168.57157712677375,168.87814756325156,165.34786213987323,165.45004272460938,4195773
2023-10-26,165.90526452323377,170.0022683482383,162.46786681246556,163.56411743164062,4873790
2023-10-27,163.18320376235118,166.4069183176588,162.9044981879084,164.43739318847656,3439959
2023-10-30,164.93906962772135,167.50317826611797,164.06579498026178,166.99221801757812,2664519
2023-10-31,166.75997012044516,170.86625272551464,166.4626784091512,170.2530975341797,3814275
2023-11-01,171.11709340702228,171.19140916423692,168.54369161117012,170.93128967285156,3397874
2023-11-02,172.42701076512023,173.8577109759077,171.07993370672648,173.19810485839844,3095286
2023-11-03,174.78673493587021,176.70980920102832,174.6380890895794,175.57640075683594,2994524
2023-11-06,175.27914216706984,175.49282509307267,173.746261166287,174.1921844482422,2367191
2023-11-07,173.5139870442462,173.95991027628008,172.38985722682236,173.36534118652344,2511050
2023-11-08,173.61615599916428,173.61615599916428,170.73618392942524,171.51657104492188,3230747
2023-11-09,171.82491866653672,173.2733849797181,171.19880788682343,171.64736938476562,2750005
2023-11-10,172.5164638161229,174.6751418651389,171.62868848087473,174.47889709472656,2204010
2023-11-13,174.5630052714272,175.22649265402075,173.54440485458338,174.29200744628906,1695447
2023-11-14,176.40393556297892,178.17947176907165,176.29180600057015,177.77764892578125,2986026
2023-11-15,178.00195352941634,179.19810338241993,176.41331407571184,177.13287353515625,4124350
2023-11-16,178.693463545893,179.75878830337183,177.93652758550803,178.2168731689453,2158384
2023-11-17,179.22612349136227,179.42236828220834,177.4879780125448,178.6841278076172,2233450
2023-11-20,178.1795269511761,179.77751435921124,177.61883568892821,179.23550415039062,2023529
2023-11-21,178.57197016522753,179.0579082363447,177.61878949708236,178.71214294433594,1899297
2023-11-22,178.58132139954597,180.23536599562536,177.67486497335187,179.71205139160156,1903546
2023-11-24,180.4689779963447,181.02033578363142,179.80549064466723,180.739990234375,1087032
2023-11-27,179.99237885898947,180.99228370588943,179.74940984310064,180.32879638671875,2509431
2023-11-28,180.34750569686193,182.29124354759148,179.80549563128923,181.5436553955078,3367929
2023-11-29,182.72111903942206,183.45937391807777,181.22592823265757,181.53431701660156,2269161
2023-11-30,181.54367142253568,183.2724836023721,181.31938341669397,183.08558654785156,3150320
2023-12-01,183.62756551463792,185.1134085031926,182.52486433806578,184.82371520996094,3148398
2023-12-04,183.6462583951009,185.45917117368117,183.59018639953823,185.36572265625,2749196
2023-12-05,184.58075806452044,184.8797991139917,182.53422383164812,184.048095703125,2614341
2023-12-06,185.1694711244415,186.08527521714487,184.3564632822635,184.8330535888672,2256920
2023-12-07,185.95443575710203,186.01050775061765,184.524664837291,184.8330535888672,2465323
2023-12-08,183.1976963522693,184.30974524705744,180.3661832010611,181.8613739013672,4598314
2023-12-11,183.58084344032375,187.374885082911,183.20704936087125,187.2627410888672,3749427
2023-12-12,188.7672965359342,189.04764212072138,187.70197177332565,188.30938720703125,3129986
2023-12-13,189.3279726456189,189.85128724736614,187.13191798061388,189.77651977539062,3099130
2023-12-14,190.63627387114528,191.23435601368118,189.19716936990253,190.08493041992188,3829855
2023-12-15,190.4960645761948,191.61746116583768,189.1784376482457,190.07554626464844,7611048
2023-12-18,190.64558423534805,191.99125436672736,190.15031288527035,191.6641845703125,3005349
2023-12-19,191.1315407134169,191.63617427412692,190.159664541324,191.19696044921875,2627189
2023-12-20,190.3652580630855,191.91652085167104,189.55225014478933,189.6083221435547,3388668
2023-12-21,190.44003832472478,191.7670132073557,190.1036207350627,191.61749267578125,2183777
2023-12-22,191.6174798428576,193.5892609842549,191.53337905745485,192.1688232421875,1911741
2023-12-26,192.636098988407,194.8882114913412,192.30901470137442,194.41162109375,1881896
2023-12-27,193.5892472921468,195.92547462206733,193.5892472921468,195.327392578125,2367394
2023-12-28,195.60773258474583,196.21516234820018,195.14983775356015,195.46755981445312,1666918
2023-12-29,195.51428921757005,196.40206454497795,195.2245959329026,195.97219848632812,2282718
2024-01-02,195.1778916029434,196.81325522523096,194.67327245018822,195.30873107910156,3169238
2024-01-03,194.76671960394066,194.76671960394066,190.87922923314682,191.1315460205078,3858485
2024-01-04,190.7484182364433,192.71085182884082,190.66431744296733,191.47732543945312,2571649
2024-01-05,191.0007121638947,191.16891373069905,189.01023559508096,190.19705200195312,2713889
2024-01-08,189.81389925807622,190.21572210316052,188.06639182840436,189.384033203125,4066887
2024-01-09,187.3468667599285,188.51498783891802,185.87037129463246,188.42153930664062,3118048
2024-01-10,187.8327738437761,189.20647281135032,187.29076379086393,189.1410675048828,2399868
2024-01-11,189.0382947275468,189.31864031284528,186.47777908254872,188.4589080810547,1963335
2024-01-12,190.06620634652873,190.62691187717436,187.04781057528973,187.9262237548828,2457533
2024-01-16,187.53376165833166,187.95429447424456,184.5714230236246,184.81439208984375,3541227
2024-01-17,183.86120819949,185.1134300368344,183.16034422732935,184.98260498046875,2539579
2024-01-18,184.76766378613647,187.40293250405662,184.33779766691606,187.01979064941406,2634979
2024-01-19,187.15995464181907,188.05706336463066,185.62738729531884,187.627197265625,3125636
2024-01-22,188.1505238147086,190.56151898719395,187.30013930037873,187.87017822265625,3631063
2024-01-23,188.0477032286012,189.85126815453606,187.48699773449465,189.6456756591797,2057521
2024-01-24,189.6456995504678,190.43067868579612,186.59926038339978,186.7768096923828,3524534
2024-01-25,188.5243199662649,189.86064252248906,187.5244149834863,189.2906036376953,2684146
2024-01-26,189.72980884303618,190.53348348924737,188.19724145336292,188.58038330078125,1947149
2024-01-29,188.2346175850835,189.75783711699052,187.66457872775683,189.7484893798828,2222422
2024-01-30,187.98230307149345,192.85100276009138,187.98230307149345,192.4117889404297,5711852
2024-01-31,193.6266516607274,194.1032420468719,188.5430112581714,189.01025390625,5690101
2024-02-01,183.0388655529008,184.62749054469487,177.23566574473685,184.384521484375,7910298
2024-02-02,184.1322331166271,186.94505136196003,182.7304906505534,183.26315307617188,4368059
2024-02-05,181.25395574490707,182.08564464982885,180.18863112513267,180.36618041992188,4686228
2024-02-06,179.9269918026209,181.35676283408532,179.4597347705148,180.95492553710938,3785139
2024-02-07,182.6650313202617,182.99210112551182,180.90819056817782,181.38478088378906,3065138
2024-02-08,180.90822048446452,181.3100578241057,179.65599862544335,180.7867431640625,2545548
2024-02-09,180.35684499435274,182.44075552608464,180.1979767492609,182.07630920410156,3729295
2024-02-12,181.27265501685932,184.68354033811718,181.0764102446033,184.42189025878906,2860883
2024-02-13,183.85184296850937,184.0574354843237,180.09519223943116,181.30068969726562,4483794
2024-02-14,181.70251755291864,182.77718999632881,181.17920293736398,182.10435485839844,2139871
2024-02-15,183.16034422732935,185.2162263045223,182.8052311594549,184.98260498046875,2019584
2024-02-16,184.58074718558083,185.87034540670751,183.58084225927013,184.25367736816406,2358188
2024-02-20,184.98257742342096,186.57121661584557,184.01070131972222,185.90771484375,2793304
2024-02-21,186.52448123457074,187.25338832524884,185.22554972844517,186.45907592773438,1992471
2024-02-22,186.36564460612615,188.35610686474962,185.59936092290604,187.65524291992188,3677397
2024-02-23,187.65524603415986,189.35601500537544,187.393581501769,187.48703002929688,2478778
2024-02-26,186.92635274386845,187.0852210226707,185.22558364636657,186.14138793945312,2052261
2024-02-27,186.51516656140805,186.6179628258744,184.04809949077983,185.19752502441406,2480397
2024-02-28,185.132120770062,185.8984044635349,184.32846055080245,184.6274871826172,2695173
2024-02-29,186.3188089263534,188.12290267942464,184.75903419157893,186.7322540283203,3477391
2024-03-01,185.66107279187977,186.92956192684062,184.23284218614808,186.67587280273438,2817888
2024-03-04,186.45036063569594,187.72826345129835,186.19667149986606,187.2114715576172,2173964
2024-03-05,187.1081126085751,187.48396126320668,184.759044012317,185.43557739257812,2561734
2024-03-06,187.45574967217215,190.190080337502,186.67586957497522,188.3953857421875,2745048
2024-03-07,190.00214284792582,190.98876000309872,189.55113029539794,190.3780059814453,2476046
2024-03-08,190.86661831103592,191.6089310258717,188.3484235607506,188.63031005859375,2164353
2024-03-11,189.41018248418771,190.34040491681182,187.09869606768774,188.19805908203125,2471696
2024-03-12,187.6718814901375,188.16049053240738,185.73624355530316,187.1081085205078,2973077
2024-03-13,187.87859755030607,188.98735972178704,186.83560018678804,187.671875,2567197
2024-03-14,187.2208584116834,187.67188549990996,183.18985548404666,184.49594116210938,3882765
2024-03-15,184.53352799517845,186.56312818852928,184.07311628229206,185.7550506591797,6383698
2024-03-18,186.9953274580469,186.9953274580469,184.52411417806758,184.88116455078125,2510645
2024-03-19,184.88118308723148,187.21146787882677,184.27982816009057,187.02352905273438,4577575
2024-03-20,186.6007014374301,189.532341189278,186.35639691604192,189.0343475341797,2746059
2024-03-21,189.80483068798313,190.8290152828063,189.1376819776179,189.22225952148438,2844595
2024-03-22,189.35379330528536,189.7766229823063,188.01012585097817,188.61148071289062,2085342
2024-03-25,188.28262518906547,188.59270900820005,186.45034863369455,186.49732971191406,1984176
2024-03-26,186.09330562763725,189.30683181213848,185.81141914713137,188.86520385742188,2728558
2024-03-27,190.6880970462286,192.86803964810196,190.00216451771664,192.74588012695312,2792292
2024-03-28,192.99954002164125,194.33380830512772,192.79281749722233,192.8585968017578,3636020
2024-04-01,192.99015294489251,193.45996370714448,189.7014631043199,189.814208984375,2247815
2024-04-02,189.8800076172855,190.08673017563828,187.94436967404496,188.14169311523438,2645601
2024-04-03,187.3806240115546,188.80885488423252,185.97117687113067,186.01815795898438,2525112
2024-04-04,188.56452157252622,188.56452157252622,183.71604213477232,184.21405029296875,3454527
2024-04-05,184.073107865258,186.422176414943,183.36839165179563,185.2476348876953,2238609
2024-04-08,185.66105932206847,187.16446824812914,185.41675482765328,185.82080078125,2412514
2024-04-09,186.37518413640302,187.47454716527744,184.185857195231,186.4315643310547,2065817
2024-04-10,183.76300211863338,184.5898777467282,182.66363915478348,183.8381805419922,2941209
2024-04-11,184.17646537083644,185.29461217232637,182.54151218525186,184.9845428466797,3061597
2024-04-12,184.08249268504628,184.58988541836885,182.8609701717745,184.31739807128906,3540316
2024-04-15,186.14968846133274,186.50673887310674,181.51731618689993,182.3253936767578,3216989
2024-04-16,181.47974582484122,181.99653774612585,179.02731584715343,179.20584106445312,2834580
2024-04-17,180.79380785036355,180.8971691324676,178.29439686425027,178.86756896972656,2452576
2024-04-18,179.46891872004008,180.69042672667427,178.51989806007782,179.54408264160156,2168096
2024-04-19,180.98171442236762,182.78580811384026,180.0608765960212,182.5321044921875,3611639
2024-04-22,182.55090711086953,184.44894849858716,182.41934848622412,183.7724151611328,2394506
2024-04-23,184.19523856755725,185.6798493114972,183.86637102681735,184.31739807128906,2587127
2024-04-24,181.8744079075277,183.9039937959928,181.59252138148568,183.0301513671875,3620036
2024-04-25,187.41816192474957,188.0571132722502,178.98970742869577,181.36695861816406,3939721
2024-04-26,178.81115938331635,181.95892039221457,178.63263420073673,181.77099609375,3076772
2024-04-29,181.59247591576255,182.5320974339808,180.6152579329685,182.07168579101562,2623850
2024-04-30,182.2784085313302,184.01672298511835,180.7092346673557,181.094482421875,3164382
2024-05-01,180.3803451267929,185.27580494573348,180.31456582130235,183.50930786132812,5143904
2024-05-02,184.52412843559185,184.6180905940723,181.05689867900625,181.9495391845703,3458574
2024-05-03,183.01130740730727,184.3925568417518,181.85556423639417,183.988525390625,2277659
2024-05-06,184.51471955597106,185.29459962817063,182.24081513432483,183.22743225097656,2283932
2024-05-07,183.2556420302048,185.28524225007897,183.2556420302048,184.96575927734375,2076136
2024-05-08,184.81538954422075,186.38457781285194,184.0918896658716,186.09329223632812,1809158
2024-05-09,186.84499724544213,188.66787470130754,185.92415940081546,188.5175323486328,2723398
2024-05-10,188.86523272450816,190.96059791942048,188.60214443774836,190.66932678222656,2345441
2024-05-13,192.09755481474275,194.23990106544517,191.43980509788207,191.49618530273438,3546184
2024-05-14,192.62373740772242,192.98078784805247,190.65991647147246,190.94180297851562,2406140
2024-05-15,192.031733770793,192.95257157048695,190.52832482221496,192.68008422851562,2707009
2024-05-16,193.61522935273683,195.78781583647077,193.2468396421757,195.173828125,2596738
2024-05-17,195.42889491149714,195.53280345111202,193.8136172696451,194.5598602294922,2293643
2024-05-20,194.3520249717033,194.76765909128676,191.99051917249383,193.2846221923828,2031724
2024-05-21,193.8514073572594,193.8702905392724,191.88662320501282,192.2361297607422,1763127
2024-05-22,191.8677369284882,192.64231191872176,190.69642556147986,191.56546020507812,2036782
2024-05-23,190.365808511104,190.38469169199274,188.18377311517045,188.3443603515625,2646916
2024-05-24,189.2511832075671,189.6857005272804,188.15544831747494,188.62774658203125,2388133
2024-05-28,187.18248663787813,189.71401383458712,187.12580793541338,188.14598083496094,2445494
2024-05-29,186.87077406503144,187.41864878482966,185.98285627000115,186.1528778076172,2879397
2024-05-30,186.8424388001396,190.12965789937178,186.4646002060406,189.7801513671875,2339775
2024-05-31,189.23229072142536,191.07426858616932,188.09877485488002,190.9892578125,3200397
2024-06-03,192.5289473673658,192.5289473673658,189.85571594563643,191.24429321289062,2472000
2024-06-04,189.92183537543684,196.6190650916442,189.92183537543684,195.75003051757812,3399999
2024-06-05,196.4112760466836,197.8470685937432,194.46538971211123,197.67703247070312,2754557
2024-06-06,197.5825811780333,198.56497326843177,196.1184565059912,196.9024658203125,3308949
2024-06-07,196.968589604219,199.2828657194727,196.1562336597605,197.2141876220703,2593096
2024-06-10,198.1493483194633,199.36787493583512,197.5447948705154,199.06561279296875,2679087
2024-06-11,198.1587756796827,198.23435214895812,195.67447812548724,197.87539672851562,2331581
2024-06-12,199.0750485781093,199.9063022858098,196.23179548268567,196.94969177246094,2500023
2024-06-13,195.61777389776663,197.39362384235915,194.8243012727332,197.0724639892578,1982557
2024-06-14,195.7217204233399,197.11973208715196,194.59763884679114,196.97804260253906,2265317
2024-06-17,196.47737202465362,200.41637417851803,196.04285474557832,200.20855712890625,3136764
2024-06-18,199.3490009684375,201.4176791453105,198.77279413792968,201.07762145996094,2471899
2024-06-20,201.57823848192768,203.2690632107923,201.07759361455697,202.27723693847656,4089144
2024-06-21,203.83585373714845,204.10978381556666,201.69159919165938,203.17462158203125,8021480
2024-06-24,203.2879787194315,206.26347237774493,203.00459975974522,203.93031311035156,2967411
2024-06-25,204.81821669893128,204.81821669893128,201.88050418976724,202.570068359375,3000290
2024-06-26,201.71994005502577,202.2111214894476,199.87796228572094,201.60658264160156,2199255
2024-06-27,202.42839013748028,203.42021648255917,201.2098489625261,202.5039520263672,1935515
2024-06-28,202.27725290976164,204.1759094217493,199.4434487549321,201.7104949951172,4860841
2024-07-01,201.33265440701012,203.59025174344598,199.18839990342502,199.2639617919922,2173559
2024-07-02,200.03855032949204,201.46490866196623,199.27342418404393,201.4176788330078,1930557
2024-07-03,201.200402085062,201.45544898040845,200.3219185645634,200.69032287597656,1099375
2024-07-05,200.7942390429634,201.1153989585504,199.06561858107878,200.48251342773438,1371108
2024-07-08,200.15187850860065,201.41764940503845,199.33007377214997,199.90628051757812,1859539
2024-07-09,199.962956120774,200.3502435719671,198.89555340984643,198.93333435058594,1391442
2024-07-10,199.5001000586089,203.032902239899,199.09391485994448,202.6078338623047,1812699
2024-07-11,203.08962650270462,204.6671232499329,201.81442108383166,202.94793701171875,2731593
2024-07-12,203.59024832522516,204.83712153689913,200.56751036435986,203.19351196289062,2113567
2024-07-15,202.5228411706469,204.34592112393352,201.58767899122716,203.76971435546875,1752404
2024-07-16,203.89252198184013,206.8774643727131,203.70358810321156,206.36737060546875,3013240
2024-07-17,206.8680368058472,208.4832998781311,205.78173615443976,208.01100158691406,2719453
2024-07-18,207.79374514493736,208.55887127439655,205.4700201108122,205.61170959472656,2190656
2024-07-19,205.66838353515325,206.05567103185956,202.37171537230125,202.72122192382812,2691632
2024-07-22,203.34465654992755,205.08272582712013,201.795506578377,204.9504852294922,2817078
2024-07-23,204.9599001387547,206.73576477435157,204.2325550482022,205.33775329589844,1812092
2024-07-24,205.3377602567429,205.70614996405916,201.32319609235103,201.81439208984375,3565709
2024-07-25,191.55600792187644,193.86083508833337,187.97596087603316,191.23484802246094,6761655
2024-07-26,191.78270387114313,196.2884641514983,187.2580604098381,191.50877380371094,7539321
2024-07-29,192.25505627273967,192.47230767882553,188.09880167294907,190.2430419921875,2907420
2024-07-30,190.7625532073283,192.65174627517547,190.30913812208047,191.41432189941406,2638924
2024-07-31,192.47227794151476,195.306082155686,190.94202570728734,193.40744018554688,3362668
2024-08-01,193.0107075488248,195.3060859446971,190.33747594633917,193.24685668945312,3786656
2024-08-02,196.71355164189578,197.38421813517292,190.14856161560542,192.4061737060547,3417096
2024-08-05,191.31043516514615,191.31043516514615,185.9923181609507,188.6466522216797,3960966
2024-08-06,188.63718448940472,190.979792494284,187.49420525774397,187.7870330810547,3671428
2024-08-07,189.44009209480603,192.6517346987667,186.747977553285,186.95578002929688,3330599
2024-08-08,186.9558012247171,189.4306646897118,186.9558012247171,188.75054931640625,2489805
2024-08-09,188.00430322804758,188.1270949397947,186.5779450222062,187.2486114501953,1910122
2024-08-12,187.46589391725712,187.5036748640782,185.6428137716557,185.88839721679688,3109752
2024-08-13,186.33234110942695,186.47403057923069,184.77375694158593,185.8317108154297,3782812
2024-08-14,185.142149725446,186.83298909183895,184.73596448962374,186.6535186767578,3511686
2024-08-15,187.9287307237989,189.13782301226132,187.12582368585097,187.46588134765625,2934026
2024-08-16,187.66535858695042,189.58389010205397,186.94353412278298,188.52964782714844,2843887
2024-08-19,188.49163785660406,189.41291583051927,187.90277765410664,189.04249572753906,2068043
2024-08-20,189.00449752969644,190.43866028588712,187.9882431062679,190.020751953125,3096095
2024-08-21,190.75206028551946,191.64485104478658,189.8497836061084,191.3029327392578,1805617
2024-08-22,190.6666093687597,191.2554695644407,189.3084365501385,190.08724975585938,1970316
2024-08-23,191.55941139932196,192.59465243204158,190.75209639825027,192.30972290039062,2982789
2024-08-26,193.36394378762495,194.5321635354716,192.7181094516229,193.6108856201172,1856200
2024-08-27,193.72487628662114,195.93783768389503,193.5254226907837,195.75738525390625,2389650
2024-08-28,196.23226492270487,196.6976615266655,193.5539216151558,194.70314025878906,2366079
2024-08-29,195.9568193481344,197.9418398646421,194.17125240761453,197.08705139160156,2396833
2024-08-30,197.53345413661177,198.26476439390228,194.9880604640231,197.4669647216797,1945834
2024-09-03,197.2200313790485,197.46697322335194,193.85783672481836,194.57017517089844,2080891
2024-09-04,194.95959089910178,196.72615690010525,194.87410031182264,195.2160186767578,1759789
2024-09-05,194.8835900016238,195.11153067837478,191.55939770854923,192.7845916748047,1529838
2024-09-06,192.8035984526759,192.89857495920305,187.91227904374236,188.17820739746094,2570333
2024-09-09,189.93529863347192,191.56890050665837,189.14698478595986,191.0560302734375,2327231
2024-09-10,190.23922008399677,191.0750221469219,188.59611770723566,190.8565673828125,1411675
2024-09-11,190.75207401460284,194.09526731962117,187.44686837706817,193.79135131835938,2769631
2024-09-12,193.69638684849505,194.69364015418603,191.73035266275377,194.38970947265625,1967382
2024-09-13,194.19975893246638,195.29200341874895,193.33546979092762,193.8958282470703,1996316
2024-09-16,195.65291146920168,196.55520295717255,193.49693887166495,194.3992156982422,1580421
2024-09-17,194.7031629559373,195.4059862431116,193.32598881047852,193.98133850097656,1458414
2024-09-18,193.98130551667052,194.43718685207838,190.51463394415333,191.51190185546875,2419292
2024-09-19,193.90532441772257,195.2160089746012,192.02478083473835,193.4684295654297,2726635
2024-09-20,193.55392520487914,193.55392520487914,191.81583167162213,193.13601684570312,3874469
2024-09-23,193.76286805620347,193.80085572731107,192.4331969376809,193.53492736816406,2290204
2024-09-24,193.53490210655963,195.65288676573036,192.50914715218082,194.95956420898438,2611812
2024-09-25,195.84283481525884,197.32448571020993,194.95005870702144,196.39370727539062,2891435
2024-09-26,197.28652944933881,198.02734035334615,196.1847843536981,196.6311798095703,1616638
2024-09-27,197.07755570249503,200.2592830925311,196.72613679029686,197.20101928710938,2482926
2024-09-30,197.64744049155954,198.31227607385773,193.97182896061614,196.32725524902344,2655010
2024-10-01,196.06132449837878,197.5524615794012,194.54168566733907,195.7194061279297,2327130
2024-10-02,195.24450363244134,195.70038497221324,193.43043487154483,193.63938903808594,1863282
2024-10-03,192.32870088086594,193.3449552857973,191.47389772756992,192.68960571289062,2071482
2024-10-04,194.29474510022592,194.7791282398021,191.51192452421046,193.54443359375,1662669
2024-10-07,192.05329265919886,194.06681533674364,191.5879106602137,193.11705017089844,1822411
2024-10-08,198.2077756025866,199.14803995625763,193.55389809682228,196.6026611328125,4180598
2024-10-09,196.62167264985445,203.27957260982697,196.50770963995407,202.96615600585938,5141881
2024-10-10,200.87664885763553,202.93764479794035,200.51572935629116,202.8711700439453,5015423
2024-10-11,204.3718007151248,205.69197110512664,202.994626832649,205.14111328125,3853932
2024-10-14,205.3785741398471,206.78423524140797,204.44779557366624,206.67025756835938,1871577
2024-10-15,207.05016468174648,208.20889860009711,205.60651590206822,206.35684204101562,3994452
2024-10-16,206.1668769628507,208.57929184318587,205.68249387028763,207.96194458007812,2626683
2024-10-17,207.99993757514116,209.0256926200237,207.38259029622418,208.52230834960938,3171565
2024-10-18,206.78422150077006,210.91572860682777,206.78422150077006,210.8682403564453,4080747
2024-10-21,210.82076984536192,211.78003551608225,209.03520268390176,210.37437438964844,3733139
2024-10-22,209.47210914913657,211.64708304914564,208.72178295931968,211.1816864013672,4058288
2024-10-23,210.41234680663277,211.43810182367616,208.16139784773085,209.2726287841797,6255925
2024-10-24,203.60251093758973,205.34058984246835,198.4072607278448,198.5972137451172,8801675
2024-10-25,198.59720064548677,199.79390750764583,196.26076109347724,197.5524444580078,6158906
2024-10-28,197.60942069097965,198.22676791702855,194.61764639565854,195.74786376953125,6165482
2024-10-29,194.73163489704837,197.17255169796783,192.83209006058206,195.63392639160156,6141607
2024-10-30,194.18077012088102,196.25126673508063,192.8890720539914,193.94332885742188,5416649
2024-10-31,194.3707321756316,195.79537982267462,193.17401055844272,195.3489990234375,4708889
2024-11-01,195.9283600167724,199.00561068472337,195.4439768811583,198.6826934814453,4536603
2024-11-04,198.3407480979325,198.3407480979325,196.0517969139747,197.11553955078125,4076903
2024-11-05,197.7424014042109,201.19957254994878,196.24176383999486,198.29327392578125,7463649
2024-11-06,201.4085411253739,205.9959300675975,198.58771822106618,205.53054809570312,6223956
2024-11-07,206.05290084143596,207.38258654103444,204.59975155284695,206.5752716064453,5435870
2024-11-08,206.52776926110857,208.67425566997318,205.63499312866006,208.46530151367188,5761221
2024-11-11,208.18987687035698,214.00247374708314,208.18987687035698,213.92649841308594,7383525
2024-11-12,227.33730510851302,230.576021736712,218.04853486326593,222.16104125976562,11218033
2024-11-13,223.19629088822353,224.64944026804648,220.51793281715953,221.3632354736328,5595612
2024-11-14,221.28723147884875,222.78786901813913,218.7228512449068,219.08377075195312,3881753
2024-11-15,218.568354725704,220.66813876680672,217.98614301644676,218.55880737304688,3751147
2024-11-18,219.0265078657679,219.58962490265733,217.87163173234188,218.42520141601562,3486294
2024-11-19,216.9744555325231,218.48248066804175,215.96274545093624,217.80482482910156,3739614
2024-11-20,216.88853470878772,218.4633616776449,215.1418848605269,216.34449768066406,4686632
2024-11-21,217.61392336507816,218.4442926108098,214.57877857260118,215.79092407226562,5696475
2024-11-22,217.37531289431706,219.63734308904944,216.77400645509437,218.67335510253906,3879021
2024-11-25,220.5917892452684,221.42215845513593,219.2364777089158,220.09547424316406,3882461
2024-11-26,221.2408036271013,221.90892677822478,219.37964446391362,219.9045867919922,4252123
2024-11-27,221.60350544019576,222.34797796424482,219.0169536786443,219.17921447753906,2903474
2024-11-29,218.9596843262317,222.6438575353362,218.9596843262317,222.3193359375,1939865
2024-12-02,222.56749710446556,223.06381212872893,219.34146418032324,219.47509765625,3263019
2024-12-03,217.7475562353648,218.75926632064346,212.99440325822167,216.62130737304688,4070226
2024-12-04,217.04126275161232,219.65644192330225,216.459036273975,219.3223876953125,2685764
2024-12-05,219.47509664984528,219.65643742318204,215.23735372402572,215.9818115234375,5244160
2024-12-06,216.93626240961933,217.57574351317987,215.42823740229883,216.06771850585938,3216989
2024-12-09,216.3158544598013,217.36575383362973,214.69330547030904,214.8364715576172,2572458
2024-12-10,214.9032869390808,219.0837752560535,214.34971726044904,218.6447296142578,3589281
2024-12-11,221.32674697920487,223.3406198749137,217.48032724698487,218.6256561279297,4433615
2024-12-12,217.3753083239472,219.4655450541365,216.9839847257416,217.3180389404297,2747273
2024-12-13,215.64775164355873,218.65425428854934,215.58094964122415,217.251220703125,2460568
2024-12-16,221.87077979847544,227.10113849397692,219.66600406502792,225.24951171875,8292909
2024-12-17,227.31109800270687,227.45426409535364,221.08810981509453,222.51022338867188,5445178
2024-12-18,223.0542792776645,224.00873470951078,216.09636533323686,216.52586364746094,6503883
2024-12-19,218.20570632452072,222.86340070577913,215.99138318245895,216.5449676513672,4927307
2024-12-20,214.9032923824726,219.28421629183708,214.3878973697315,217.9193572998047,6912899
2024-12-23,217.3943977983949,217.85253815299112,215.65730991266102,216.79310607910156,3508247
2024-12-24,216.32540952961224,218.8356119236749,215.3709689135089,218.47291564941406,1895453
2024-12-26,218.35837941209897,221.44123126996118,218.01477786279096,221.29806518554688,3107324
2024-12-27,220.47725832682548,221.0117480249815,218.3774742125905,219.0551300048828,3089317
2024-12-30,216.802637058489,217.0698892800406,215.1323659246781,216.27769470214844,2399261
2024-12-31,216.80265011536673,217.18444113108652,215.3232670220388,215.6000518798828,1959390
2025-01-02,216.72628492589658,217.60437620414513,214.41651796056644,215.24688720703125,2113871
2025-01-03,215.6859604431911,217.06036692127373,215.5714363923985,216.2013702392578,2667858
2025-01-06,214.44516592893666,216.5831247986163,211.27640230418223,211.6390838623047,3873963
2025-01-07,211.4100354636543,212.91806065253064,209.8924629207933,210.5796661376953,3051177
2025-01-08,210.0642451271236,211.29547056611582,209.214781198192,210.14059448242188,3156896
2025-01-10,209.94970658312593,209.97833390800085,206.42779421148393,208.25079345703125,3626915
2025-01-13,207.75446490685303,218.53971676578865,207.5158547698819,209.11932373046875,5455193
2025-01-14,210.30284378854853,210.46508984308466,204.82431373781165,208.54666137695312,4068607
2025-01-15,209.7683841939729,210.484214714259,206.34191558310997,209.539306640625,4702010
2025-01-16,209.97833510853042,214.30198940422008,209.90198575271467,212.54580688476562,4665489
2025-01-17,216.50677606157254,216.5354033880861,212.1640415699611,212.44082641601562,3388162
2025-01-21,213.19483418795818,217.35622795061062,213.0230407596469,214.81739807128906,4710912
2025-01-22,213.7961256884856,214.31152067091207,212.4980835128258,212.92758178710938,3007170
2025-01-23,213.2711921671477,215.7718472944296,212.60308371287329,215.38052368164062,3072017
2025-01-24,214.75059539326372,216.8026428409628,211.20004072783934,211.41957092285156,6406764
2025-01-27,210.2169301232645,215.58093609045278,210.0737640412434,215.42822265625,3146880
2025-01-28,214.48332567847328,214.48332567847328,210.1405915016464,210.64645385742188,3641179
2025-01-29,210.8850857157772,212.65081573286008,210.59875350764003,210.98052978515625,1938651
2025-01-30,211.93496538478564,214.464247896106,211.48637237605848,213.85340881347656,1834551
2025-01-31,212.69851567691063,215.6572962539359,212.41216876494272,213.5288848876953,2510544
2025-02-03,212.36447643073114,213.12804374680252,209.65385297599803,212.27857971191406,3258163
2025-02-04,214.34017354786877,215.41870033120404,212.94668724092273,213.36663818359375,3483056
2025-02-05,213.36665710091162,213.99659093755372,209.26253244181498,212.2213134765625,4650516
2025-02-06,205.20612676503262,205.43518959306402,196.78790944899058,200.26210021972656,12327423
2025-02-07,202.342772685219,203.67900432480533,196.02432550691756,196.157958984375,6774706
2025-02-10,197.14103213357527,199.63212504859345,195.73798382328079,199.0212860107422,6705508
2025-02-11,197.1601109739677,199.80393205023734,196.40610585031118,197.5132598876953,3113091
2025-02-12,196.22475802805943,196.892881204554,194.94579579331872,195.6711883544922,3452808
2025-02-13,197.10286080677153,197.85688073750518,195.2894087651417,195.9193572998047,3421547
2025-02-14,195.48982758874615,195.795254476438,192.3592535573965,193.51412963867188,5413816
2025-02-18,195.10807533725446,198.89724037384292,193.54278076231964,198.56317138671875,4955027
2025-02-19,198.45817239714714,202.05643415101306,198.44862504426123,201.20697021484375,5123671
2025-02-20,200.04253327971088,201.8655324159352,199.355330188232,201.7223663330078,3678408
2025-02-21,201.54103464286362,202.81999692158035,199.86121612475043,202.28550720214844,6294671
2025-02-24,202.11372197990354,205.38746243582935,200.1666511562546,200.34799194335938,6820838
2025-02-25,201.53149888440228,204.07986131520775,201.407412759669,202.3427734375,3842703
2025-02-26,201.22608774274133,203.020445146739,200.19528291910754,201.70330810546875,3163168
2025-02-27,202.14232354735995,205.101104087236,201.9800627548769,202.6004638671875,2787538
2025-02-28,204.3756480251855,205.12409007090704,202.07270156744906,204.27967834472656,4022981
2025-03-03,205.076118053625,207.3214738749403,202.49492018530879,203.44488525390625,5395707
2025-03-04,203.13782320550715,203.93425751659774,199.42433417439725,199.58746337890625,7042999
2025-03-05,199.58746243906293,201.91918947667963,198.42640555120107,201.14193725585938,5357568
2025-03-06,200.48944780865713,203.1761989470774,199.4915053233488,202.71560668945312,5101212
2025-03-07,202.70602035388035,206.64978318337367,202.26462500085827,205.84376525878906,5748980
2025-03-10,205.62305188955116,209.63398888962993,204.94176939521392,205.17205810546875,4225820
2025-03-11,204.85542852964042,205.10491415652874,198.55114314766084,200.1536102294922,5304658
2025-03-12,198.71425875438922,199.38594280489517,196.44970618063516,198.00418090820312,3856967
2025-03-13,197.34211550323627,199.49151653476878,196.8143636952555,198.33045959472656,3572184
2025-03-14,200.03846760430974,202.6100819625268,199.481920440051,200.99801635742188,3929706
2025-03-17,200.00967635791287,202.5716773165186,199.32837900477335,201.9095916748047,4466596
2025-03-18,201.90001421768085,202.95551789933626,200.38391822384895,201.25711059570312,3855450
2025-03-19,201.78485345498703,203.54085138345846,199.8849380251193,200.211181640625,6483043
2025-03-20,199.1940552027284,203.1090378032861,198.91578902766454,202.360595703125,3624689
2025-03-21,200.6717847057835,202.89795868309662,200.33594262217488,201.6217498779297,6621439
2025-03-24,203.0802453518411,204.0781878434077,201.98634799088714,203.28175354003906,4297749
2025-03-25,202.55248850211728,204.39482787322683,201.76565266785929,203.54083251953125,3854741
2025-03-26,204.12616045045053,208.37698476365435,204.01100868494024,204.50038146972656,5311942
2025-03-27,204.48119624975308,206.5058618364833,203.68477673215654,205.50791931152344,3626105
2025-03-28,205.60387491339455,206.20839950036128,201.4778005646119,201.83282470703125,3291346
2025-03-31,202.30301551804473,203.84789193547982,201.27629245220797,203.18580627441406,4014584
2025-04-01,202.5716609707418,204.98974424139072,201.19949755052684,204.8170166015625,2593703
2025-04-02,203.89586807950792,207.65733462622788,203.74233732123136,207.2543182373047,3463835
2025-04-03,204.951391044334,207.54218746834462,197.98501975564486,198.32086181640625,6586638
2025-04-04,195.02957033424562,196.35375638401484,182.9967441211526,183.2654266357422,8543802
2025-04-07,183.09273768767486,188.29351288601686,175.9728352774198,179.8782196044922,9461279
2025-04-08,180.62665918233202,183.43814576449302,173.51635590620447,175.46424865722656,7033085
2025-04-09,173.1996857640601,191.6999110235671,172.10580327141673,191.0474090576172,9247920
2025-04-10,189.02276422678696,191.4792117950979,181.16400429828784,185.568359375,5889197
2025-04-11,184.98305183617876,191.34489874987798,183.85077539010481,190.51968383789062,5162418
2025-04-14,190.97067083994625,193.21602675102955,190.1838349448323,192.1509246826172,4544494
2025-04-15,192.70745945143463,194.17557793578268,190.3661486365145,190.7691650390625,3054718
2025-04-16,189.51214546640713,190.55805060540075,184.72395589403246,185.4628143310547,4177057
2025-04-17,187.3531383381067,190.30855715226582,187.09405427021247,188.64852905273438,3253105
2025-04-21,187.09406646225,187.88090235404468,184.34973929085345,186.37440490722656,5006217
2025-04-22,187.9384994787272,191.57521627676985,187.50668768449404,190.34698486328125,4397398
2025-04-23,191.55599247884413,193.13926266893046,188.85964281833984,189.32981872558594,4206193
2025-04-24,189.3490148742252,193.44630860302598,188.30309493046153,192.62109375,3277486
2025-04-25,191.14337471301545,192.46756080511582,189.79040808491328,191.10499572753906,3681443
2025-04-28,191.4984068873298,193.5614513297174,189.98231110901804,192.54432678222656,5756972
2025-04-29,199.05970649060686,203.83828260983955,198.4935609203038,202.93630981445312,8846593
2025-04-30,202.58128478912207,203.09945296107708,197.4668514687681,201.98635864257812,5090691
2025-05-01,201.8904011271065,202.9747000816333,201.28589135096385,202.21665954589844,3633491
2025-05-02,203.59840860042024,206.2467808994094,203.44489265186087,205.46954345703125,4429569
2025-05-05,204.45242510197568,206.82253130138605,203.87669583994702,205.58470153808594,6358406
2025-05-06,204.12615796122827,204.6635081730209,201.0171936421572,201.43939208984375,5189024
2025-05-07,205.24886266384723,208.00278841414936,204.5100041744388,205.93014526367188,4384550
2025-05-08,206.9760403138433,207.89722487710557,205.13370081216402,205.8629608154297,3947106
2025-05-09,205.86296885445998,206.1892272880144,204.06860671960365,204.41404724121094,2421922
2025-05-12,209.18300395801202,210.58396280136733,207.77246147782384,210.46881103515625,4079533
2025-05-13,210.87183613643413,211.45716381613843,209.24058850553024,209.3941192626953,3903200
2025-05-14,207.61894221172085,209.37494008767752,207.09119041016655,208.3961944580078,3272731
2025-05-15,208.8951447543622,213.9616004122807,208.8951447543622,213.2995147705078,4181104
2025-05-16,214.39899847735614,215.06448192522836,212.77871101867956,214.95838928222656,2929777
2025-05-19,213.73352787411284,217.09949038759785,212.77870898433144,216.94517517089844,3455033
2025-05-20,215.324900294986,217.25380339604322,215.324900294986,217.0609130859375,3372481
2025-05-21,216.45329708294207,216.9644504081973,213.63707793949533,213.98428344726562,3653522
2025-05-22,213.52133375080035,217.0319638430885,213.32844345993777,215.6817169189453,2949505
2025-05-23,212.97159145022005,215.07411945130102,212.97159145022005,214.1385955810547,2566793
2025-05-27,216.44363998515118,218.70046824145072,214.42792458631058,218.4111328125,3126850
2025-05-28,218.4111268153637,219.79030125502234,216.2121686828543,216.6268768310547,2612823
2025-05-29,217.52382202375816,217.88067499242473,215.30556894409378,217.18626403808594,6818713
2025-05-30,218.5943829940249,218.95123599036603,215.81675384936403,218.61367797851562,8396402
2025-06-02,217.00304128413777,217.90962269458245,215.10305103175847,217.50454711914062,2560925
2025-06-03,217.00304369626375,219.1441319535035,216.99339620376875,218.7101287841797,2841864
2025-06-04,219.39489438652708,220.63904872747108,218.1507400455831,219.365966796875,1854076
2025-06-05,219.38523914845942,219.8192423065528,218.08322967417925,218.61367797851562,3287502
2025-06-06,220.61975442156705,222.27861695586262,220.04108352189732,220.64869689941406,2241543
2025-06-09,220.5618745201898,220.57152201237534,218.47865639663823,219.0573272705078,2590971
2025-06-10,219.04767768219133,219.5202559137082,217.70707826007117,218.21824645996094,2696184
2025-06-11,217.89032942576986,218.73905566478308,213.77210074462684,217.79388427734375,2522785
2025-06-12,217.0319700857967,218.65225750851138,215.81675824078712,218.01571655273438,1617448
2025-06-13,216.90658621412152,218.09287049044195,215.56600160848652,216.31826782226562,2526124
2025-06-16,217.55279400636817,218.35329775432726,215.58530086360133,216.12539672851562,2467447
2025-06-17,215.6527947932285,216.16396300982575,213.60813681494503,213.90711975097656,3141620
2025-06-18,214.26397139670917,215.64314593544287,213.0391120712184,213.98428344726562,3640269
2025-06-20,215.4502530391222,215.45990053135316,212.37362607997494,213.91676330566406,5943624
2025-06-23,215.38273166588013,217.00303391260627,213.85888945164942,216.7522735595703,2609788
2025-06-24,217.57206741957233,218.07358814900084,215.70101962077754,216.61724853515625,3625600
2025-06-25,216.69441132313455,216.69441132313455,213.289873782202,213.90711975097656,3038835
2025-06-26,214.90051952271196,218.4400773888371,214.23505096199094,218.33399963378906,2660574
2025-06-27,218.13146280494925,220.82229442584983,217.76496229862397,220.71620178222656,5052753
2025-06-30,220.71618789173192,225.2587869675886,220.20503457931505,224.6029510498047,4108365
2025-07-01,225.27808522375116,230.38970775079204,224.9019372429228,230.2836151123047,3967137
2025-07-02,229.69529845180222,231.97142178577863,228.49936671901708,230.75619506835938,4151159
2025-07-03,231.36379391798798,232.72368827056636,230.88156821343017,231.8556671142578,1925398
2025-07-07,231.3445383192118,232.3379174205457,229.4831230815505,230.843017578125,2742215
2025-07-08,230.77550256879755,233.0612735190568,230.53438968832177,231.2770233154297,2800082
2025-07-09,232.1450202071332,233.12876667455257,228.3064794857084,230.2353973388672,2202391
2025-07-10,229.36737944548128,230.87192666002127,228.103930201317,228.3546905517578,2290507
2025-07-11,226.03999355256275,227.66028090395133,225.6831405646693,227.5445556640625,2445393
2025-07-14,228.0942843222629,230.29325742812333,226.2907541728328,229.59884643554688,2945155
2025-07-15,228.75976050071154,229.16483604826962,226.83084279205332,226.9369354248047,2382771
2025-07-16,227.0912730776759,228.57654030681522,224.72835200080135,228.46080017089844,2857646
2025-07-17,228.2003747633327,230.20645756174835,227.7760191111089,229.8978271484375,2535836
2025-07-18,231.1998529275317,231.1998529275317,226.87907177823692,228.13287353515625,3655950
2025-07-21,228.13288415818226,229.87854431905473,226.82121227631086,226.85980224609375,2927754
2025-07-22,226.78264094450512,228.64404126929338,226.0014322531746,228.1714630126953,3448862
2025-07-23,229.15519874105988,231.96177033542548,228.79834574815575,230.76583862304688,3873761
2025-07-24,218.08322287970734,222.39434162580113,215.84567471323462,216.5015106201172,11324865
2025-07-25,218.27613303172595,218.5461735021276,214.38936958452075,216.27005004882812,6038721
2025-07-28,217.12842277108916,219.65530658513404,216.73299467209944,217.0802001953125,4879354
2025-07-29,217.66850804251274,217.96749097545128,213.37666923029312,213.83961486816406,3808407
2025-07-30,214.4857945536179,216.41469741242514,213.35736553786893,214.2639617919922,4801456
2025-07-31,213.68530614279786,215.77817184879945,213.4345457756848,214.4472198486328,3090430
2025-08-01,213.50206267695944,213.76245564776474,209.44168912888358,209.97213745117188,4013269
2025-08-04,210.56045668378468,212.96196771471315,210.05893594909827,212.9426727294922,3492566
2025-08-05,212.20002257368353,213.50204688382019,211.70814936996163,213.20306396484375,2508723
2025-08-06,213.7720883931785,214.01320125031265,211.21627721945197,211.43809509277344,2825475
2025-08-07,212.45077841061536,212.672596278121,207.9467546259889,208.8822784423828,2936353
2025-08-08,209.06553783378482,209.96247169091995,208.32290429195137,208.62188720703125,3095184
2025-08-11,208.62189200839666,208.89193245449397,206.58688161829275,208.7569122314453,2439424
2025-08-12,208.9401593361573,209.5574201767209,207.88889534163164,209.29701232910156,4400635
2025-08-13,209.64420638356026,212.12286732642573,209.4898911818448,211.92996215820312,3670416
2025-08-14,211.30307620643035,211.30307620643035,209.5574161321208,210.44471740722656,3007069
2025-08-15,211.36572504162717,211.36572504162717,209.19409551329443,210.1538848876953,2772970
2025-08-18,210.11508581751488,210.77433581485084,209.3298104353394,209.795166015625,4161174
2025-08-19,209.65944575597393,211.51114045700157,208.8935508257671,210.12478637695312,2404421
2025-08-20,210.43501763089665,212.81993688586567,209.62064911823103,210.37684631347656,4108871
2025-08-21,209.8824091084611,211.12334231909787,208.43788377300973,210.78402709960938,2718744
2025-08-22,212.85872066170185,216.27128343216336,212.0055762276844,216.02891540527344,3321089
2025-08-25,214.97217565269514,215.6314256554399,213.77003325024168,213.8766632080078,2283426
2025-08-26,213.49855908763337,216.009503628664,213.1301507352779,215.7671356201172,4104319
2025-08-27,214.85584199839764,215.9222612712304,213.9542239974562,214.49713134765625,2136330
2025-08-28,214.93340092782174,215.1272953475145,213.07200851252784,214.59408569335938,2630629
2025-08-29,214.32262958492004,214.8364587885983,212.49031530309006,212.80055236816406,2014323
2025-09-02,210.4059367707825,211.46267336304038,208.82568822240196,210.9585418701172,3289930
2025-09-03,210.55137491268846,210.59984851964262,206.0723777126628,207.4684295654297,3562674
2025-09-04,207.20666345756135,209.0486754639232,205.62641491165525,208.593017578125,4709799
2025-09-05,208.4185238205535,209.68853533159236,206.8576556985811,207.71080017089844,4152778
2025-09-08,208.2633951565661,208.63178856982063,206.05297481460582,208.19552612304688,4617030
2025-09-09,208.39912481334085,208.73844006039386,205.4712980154885,207.66232299804688,2979450
2025-09-10,207.4393399818785,207.79805066573886,204.92839512607412,205.23863220214844,4335180
2025-09-11,205.45189646202485,209.56250009320547,205.01563401453316,208.73843383789062,5645588
2025-09-12,207.5168799069655,208.03069409683064,204.50180393371647,205.00592041015625,3205962
2025-09-15,205.29680021420154,206.43108860434822,204.25944407245487,205.27740478515625,3835924
2025-09-16,205.2192287523353,206.80917499806597,204.17218988571207,204.51150512695312,3378754
2025-09-17,205.2095405664997,207.1291193939114,203.8328841090133,205.21923828125,5475426
2025-09-18,204.6472354351826,206.88673390117626,203.63897249838686,203.78439331054688,4505545
2025-09-19,204.65694708757198,204.65694708757198,201.0892506756827,202.979736328125,11134470
2025-09-22,202.37864972190945,204.11401677004986,201.0019933404548,202.62103271484375,4861448
2025-09-23,203.04761018569894,204.57938519384237,202.43683373916247,202.92156982421875,6308025
2025-09-24,202.91187603859677,203.861967692997,201.86483717245824,202.2332305908203,6230633
2025-09-25,202.52408400279828,202.98942462557162,200.97291367380123,201.36070251464844,4121517
2025-09-26,202.05872669669864,202.66950309520567,201.02138557000762,201.8357391357422,3593024
2025-09-29,203.48386757436936,203.74563103999836,198.13234541169436,202.89248657226562,5703759
2025-09-30,202.57255931789956,204.6666220692729,202.08780829714036,204.0752410888672,4231080
2025-10-01,204.07523644412734,206.2953394986755,203.5808026860051,203.76499938964844,3932538
2025-10-02,204.07523786928425,206.51832850055294,203.6777513172098,204.56967163085938,4357842
2025-10-03,204.54058467128988,205.55853032733654,202.05871825591376,202.66949462890625,4376962
2025-10-06,203.5905048241475,204.07524087879938,201.4576512180709,202.62103271484375,5217452
2025-10-07,202.2623235531642,203.28026927550755,201.4673504313765,202.6016387939453,3918577
2025-10-08,202.46591379652065,203.47416179514414,201.5545980430336,203.44508361816406,2846922
2025-10-09,203.58080475824977,203.59050247235245,197.26950847524952,197.99661254882812,3798695
2025-10-10,198.71401341091797,199.20844716039466,194.59374214235095,194.77793884277344,5597231
2025-10-13,196.23216763674796,197.03682349313195,194.48710289194807,196.71690368652344,3766929
2025-10-14,195.27238851600376,202.35927782494863,195.20451947923627,202.24293518066406,4097440
2025-10-15,202.40775150721043,203.0185279415165,195.9316386299546,196.31942749023438,4481973
2025-10-16,197.4827778344292,198.61706614373225,196.06734561766024,196.96896362304688,3137978
2025-10-17,196.93016686835293,198.74310053864826,195.8540499086678,196.76536560058594,3918577
2025-10-20,198.10327922059992,199.8968177645974,198.0838837902653,199.74169921875,3954795
2025-10-21,199.84830295583126,204.18186376859185,199.5962372414936,202.6985626220703,3844321
2025-10-22,203.39661334848495,203.77470448346838,199.71258934855095,200.30397033691406,4314441
2025-10-23,208.43787228296952,215.689576735907,207.71076828128972,213.934814453125,9578835
2025-10-24,214.1868888371139,214.1868888371139,208.19551271016394,209.5430908203125,8134584
2025-10-27,212.27704132861285,212.5194093599915,208.14705714958177,208.50576782226562,5457014
2025-10-28,208.2537098852543,208.90326221994832,206.66376356730638,207.8659210205078,4290971
2025-10-29,206.86734150718388,207.91438034945634,204.07523792779065,206.3922882080078,4235430
2025-10-30,207.57486185374967,211.09272245227112,205.51762958276208,205.83648681640625,6208429
2025-10-31,204.48901605340586,207.64687923458877,204.3347355923105,207.0914306640625,3878647
2025-11-03,207.09142502546595,207.21484639786001,202.74036893892077,203.42955017089844,4732602
2025-11-04,203.31639521645036,203.67640789190406,200.2511093745906,202.08206176757812,5460695
2025-11-05,201.73233262756534,205.44562935255988,200.89915230268235,202.68893432617188,4010802
2025-11-06,201.59860782332618,202.89467447132458,200.8065828910257,201.51632690429688,2890345
2025-11-07,201.6603272800242,202.0614954010773,199.24308207699144,199.62367248535156,3534529
2025-11-10,200.56998087185613,202.10262378727865,199.16078925960727,201.68089294433594,3643037
2025-11-11,202.10263046441543,207.2765706809125,201.38260509230687,206.1450958251953,4001363
2025-11-12,206.73140836366076,208.06861547556036,205.29135758544172,207.35887145996094,4392679
2025-11-13,207.0297110824859,208.85035220836127,205.23991407613238,205.5896453857422,3968658
2025-11-14,205.36198067844632,206.50023243724084,202.474941831522,205.96214294433594,3552169
2025-11-17,204.77214814558354,206.28292688729394,201.75060571740738,202.89920043945312,2705556
2025-11-18,198.50139769289498,200.5813098447634,197.19758340011524,198.10818481445312,5790129
2025-11-19,197.31140371027521,198.00471278866303,195.58333260138488,197.1975860595703,3234844
2025-11-20,199.12226445233074,199.97079310821766,193.25508497564138,194.68307495117188,3502396
2025-11-21,194.81760374278906,197.7253287223756,194.37264595752947,196.6284637451172,4492415
2025-11-24,196.6595091623394,196.80438579235891,193.5448347522459,195.22117614746094,5057555
2025-11-25,196.42149682638117,198.29444449479718,195.81097655911213,197.66322326660156,3493052
2025-11-26,198.9774054696564,198.9774054696564,196.5560252407013,196.597412109375,2975778
2025-11-28,196.6077712196945,199.09122423795398,196.1938573649029,198.87393188476562,1567649
2025-12-01,196.89750653124432,198.8428850595278,196.58706738088208,196.83541870117188,3070461
2025-12-02,197.43557147188116,200.46747182510208,196.12141426090568,199.8673095703125,4269010
2025-12-03,200.0535791802689,201.98861486695688,199.47410276964857,200.19845581054688,3986584
2025-12-04,200.18806875669637,200.66407039391112,198.11851474910284,198.91529846191406,3819912
2025-12-05,199.47410193888493,200.0846222637903,197.2803719728509,197.98402404785156,4094615
2025-12-08,198.82219651358503,199.04984688631842,197.15621311659206,198.66697692871094,3089149
2025-12-09,197.81845325389102,199.39131987555297,196.462894040048,196.78367614746094,2643102
2025-12-10,196.77333090994654,199.4016605143009,196.73192898639346,198.73941040039062,5308897
2025-12-11,199.3809619002357,201.191836892036,199.3395750314402,200.59165954589844,3560083
2025-12-12,200.87103643105297,201.49189962723767,199.2050382151262,200.39503479003906,3169911
2025-12-15,202.4646019981574,204.4099804986616,200.09496670171302,204.3168487548828,3302257
2025-12-16,204.36860349621819,205.6724178615693,203.53043281699374,205.155029296875,4514250
2025-12-17,205.31022550620136,209.50107842526506,205.01014438830657,206.84169006347656,5998564
2025-12-18,207.81441741233488,208.33180597566223,203.49938836324736,204.96876525878906,3974474
2025-12-19,205.74483823224398,208.0524007493253,205.061887168049,206.03457641601562,7500708
2025-12-22,205.17573430591054,206.6968561139022,201.98861406022786,202.77505493164062,4180144
2025-12-23,202.60946584222387,203.03373769818205,201.4919150147949,202.29904174804688,2307184
2025-12-24,202.29904321196116,203.99607042709474,201.79199761598454,203.77877807617188,1411275
2025-12-26,203.57181989080746,204.34790273862706,202.69226234099435,204.2340850830078,1390108
2025-12-29,204.2133731592916,204.47206742801262,203.0647633796528,203.9443359375,1971743
2025-12-30,203.1682484205104,204.45136172604904,202.2059021499232,203.18893432617188,1815559
2025-12-31,203.18892829845396,203.90292323796808,201.83336919758074,201.87477111816406,1933031
2026-01-02,202.49565429337696,203.41659870567415,200.07427402064988,202.6922607421875,3009532
2026-01-05,202.60946859151596,208.79744531549673,201.69886714784866,208.0834503173828,3667352
2026-01-06,207.3694532414247,212.7089012437186,207.3177083645891,212.0673370361328,3818768
2026-01-07,212.24326558033968,213.16421000289577,205.42408246202797,206.44850158691406,4850550
2026-01-08,205.85867535254636,212.63647137440958,205.45510445513065,212.37777709960938,4951049
2026-01-09,211.7672575328687,215.99949768978703,210.58760380699474,214.59219360351562,5442292
2026-01-12,214.30246400377948,215.9684624325297,211.75692306871693,215.85464477539062,5264846
2026-01-13,216.5479280497613,218.5553944051666,215.5648958338007,217.59304809570312,3929564
2026-01-14,221.28720626565126,222.032245144953,218.3173937013426,220.44903564453125,4215519
2026-01-15,220.82155300351937,223.0463267434043,219.21765755773794,222.49789428710938,5310423
2026-01-16,226.84397671483626,228.30301065752698,224.06042744714858,227.01988220214844,8132878
2026-01-20,224.22597810691587,225.93336328739267,221.64937837901013,222.5496368408203,7839677
2026-01-21,223.47058243332367,228.07534946379752,223.0359826848499,226.79222106933594,5392519
2026-01-22,227.6510894200355,231.21072131331846,227.3303073259974,230.2794189453125,4150872
2026-01-23,229.68959671226293,231.08654271888906,228.26160679192313,229.161865234375,3642275
2026-01-26,229.0583898305765,229.5447344723863,227.36136258860014,228.8514404296875,3531669
2026-01-27,229.027327389945,230.52776311838505,227.76490001404562,228.5927276611328,3357083
2026-01-28,227.661441362107,228.9652556956492,223.7085964375382,224.1742401123047,4870001
2026-01-29,228.9342057833142,235.78444749738335,228.45821916765334,235.14288330078125,6622248
2026-01-30,234.62550568641058,237.57461748222772,233.34237723346396,235.43263244628906,6406757
2026-02-02,234.1081121193982,236.30184198680163,232.90777248643587,235.47401428222656,4304576
2026-02-03,234.41852779454928,239.82007853167028,234.41852779454928,238.9405059814453,4320690
2026-02-04,241.6412938738729,244.55936173773853,241.15494922989532,243.53494262695312,5666746
2026-02-05,241.8586124170368,244.29033574885543,240.63757174650797,241.9827880859375,4784186
2026-02-06,242.92440798417985,247.39464126356674,242.29318675198803,246.67030334472656,3791593
2026-02-09,245.6562211395638,249.32968585307353,245.2423072900459,248.1810760498047,2866888
2026-02-10,248.3156094497821,253.29287342615515,247.5705705435547,251.8028106689453,3707971
2026-02-11,252.47540696024677,253.55158599261793,247.4360400341613,251.1405487060547,3997263
2026-02-12,252.92037427616998,254.17242865487557,247.5084804824741,248.1707305908203,6232171
2026-02-13,247.9741108353765,251.67861922768523,247.27045884160373,249.77462768554688,5082346
2026-02-17,248.0051606896709,253.26181969791543,248.0051606896709,251.0887908935547,3527759
2026-02-18,251.38891105097653,251.5958604596043,247.42570792826444,249.52630615234375,2720526
2026-02-19,248.93648321153302,251.2336878573782,247.49813515992406,249.1434326171875,2250355
2026-02-20,249.1951761917602,253.00315965573515,248.6570866625315,252.45472717285156,2556524
2026-02-23,252.20637082346212,254.55532028929608,250.80942473229678,251.51307678222656,2380031
2026-02-24,251.5130654845885,253.94478857927544,251.5130654845885,252.08218383789062,2455739
2026-02-25,253.26184163081965,253.52055097220793,249.02961635814285,250.6231689453125,3211960
2026-02-26,251.1715978627803,252.33055065705952,248.16039822152558,249.25726318359375,2898640
2026-02-27,251.01471195493798,253.6664999931939,249.8500052891941,253.31292724609375,3707303
2026-03-02,252.38742130771757,258.08616305851723,250.84835313041708,257.9405822753906,3465686
2026-03-03,253.66649754623867,257.0254007863128,251.28508246050583,253.5832977294922,6071125
2026-03-04,254.38402137868042,257.1397976419184,248.7268729645294,255.78790283203125,4552772
2026-03-05,253.26091530799596,253.6560803830213,245.38875132661016,247.89495849609375,4107869
2026-03-06,244.71283866658388,246.4182912598592,243.46493213322017,244.681640625,3678508
2026-03-09,243.47531686833202,247.90536294918212,240.00200060512634,247.07342529296875,3246763
2026-03-10,246.25189850052655,255.04957950262104,246.0647102572927,250.21397399902344,4852457
2026-03-11,249.33003767314094,251.60744913274718,246.90703032137344,248.9972686767578,3090484
2026-03-12,247.26059982143826,249.34042871662888,242.49778499425634,242.71617126464844,4379235
2026-03-13,244.88959706072112,247.06302009651122,243.16334087367986,243.86007690429688,2972536
2026-03-16,244.38004647969166,245.7423357007539,242.9657706110259,243.87049865722656,3028983
2026-03-17,243.75608992920382,245.0455887081269,237.62059155625,240.6571502685547,4027584
2026-03-18,240.80274258203417,242.37302378878414,237.68299903563081,239.0972900390625,3103833
2026-03-19,237.27743433396788,239.81482448460068,236.0607259052686,238.1717529296875,2890917
2026-03-20,237.03825006412205,238.6605179217231,228.6045360653119,230.34120178222656,7721824
2026-03-23,233.9289014648894,235.54077502338848,231.80748007982507,231.91146850585938,3487331
2026-03-24,229.41566405874596,233.61692949409124,229.38446601883038,230.4139862060547,3171341
2026-03-25,232.75379821925767,236.69508510663718,231.526695465984,234.80242919921875,4361881
2026-03-26,233.64812126907793,237.77658108059475,233.38814265341568,234.1576690673828,4533320
2026-03-27,235.23920129322002,235.23920129322002,231.5683024742775,232.02586364746094,3161997
2026-03-30,234.8128359129107,235.38477980892026,231.49549474409773,232.4002227783203,3067886
2026-03-31,234.67764071995936,235.72796468017174,230.98595322869033,235.05201721191406,3317227
2026-04-01,236.27910411384522,238.86849595263297,235.66555276879154,237.30862426757812,3659247
2026-04-02,235.9463382528922,239.70042162386036,234.1056841932824,238.6085205078125,2848391
2026-04-06,237.14222157478113,237.94296114288846,235.4159654145664,237.3190155029297,2993513
2026-04-07,235.72795613187967,235.86314259463074,230.27879936874922,232.77459716796875,3546543
2026-04-08,238.69170660408153,241.76985769140785,237.42301154774955,241.74905395507812,3630737
2026-04-09,239.88760818943243,245.79432597203322,237.85978103804172,245.4823455810547,3043477
2026-04-10,245.75273725599624,246.2830887984952,243.412929679103,244.42164611816406,1818229
2026-04-13,242.75778255238706,244.2656676970782,241.04193568393183,242.9657745361328,2533736
2026-04-14,242.54978942871094,243.83928819946792,240.9067179262951,242.54978942871094,3008579
2026-04-15,242.20662358637642,242.2170330199004,238.0677692712753,241.4578857421875,3351076
2026-04-16,240.9483339545421,242.924159392814,238.11975200082586,238.5357208251953,2789846
2026-04-17,240.35556042503762,245.887916794318,239.9811990908699,242.87216186523438,3882557
2026-04-20,242.64339003814683,242.93456669965764,238.0885518766585,238.91009521484375,3068172
2026-04-21,236.06072720821183,238.96208442113985,229.96682098773525,231.08993530273438,4667478
2026-04-22,233.2425645185708,235.0208226214823,228.0429918094654,228.75013732910156,4262336
2026-04-23,216.16713986573754,226.70148593800613,216.12554752419555,222.8953857421875,7646307
2026-04-24,221.30433444250633,223.26978078124122,218.1950002712666,221.6787109375,4393347
2026-04-27,221.8762814871241,222.67702108255335,218.92292255189247,220.5139923095703,3447379
2026-04-28,223.31135402374383,223.51934599094523,218.75653117089513,221.42910766601562,3620344
2026-04-29,220.9819587468834,221.39792758503586,216.6143237712599,218.69415283203125,4293229
2026-04-30,217.87261042738703,223.15536742556452,217.81021434922047,222.88499450683594,3936620
2026-05-01,223.61296367226316,224.16411899194676,220.4724162674634,220.98196411132812,2849249
2026-05-04,220.36840834250378,221.76189553936905,217.58143394877325,217.95579528808594,2690777
2026-05-05,218.36137764085325,219.54687290958566,216.86390196982785,217.40464782714844,2531733
2026-05-06,221.3459388254592,226.7846863207084,221.3459388254592,225.5159912109375,4097476
2026-05-07,225.51598622441927,226.9718695468802,222.5522329326179,224.6944580078125,3406951
2026-05-08,225.12081358224702,225.30800181670884,221.25233238665217,221.62669372558594,3558176
2026-05-11,223.87294020555163,229.86284314804632,223.4465619273613,227.85580444335938,4246889
2026-05-12,227.88699193728073,228.59413742692615,225.0480308053091,227.26304626464844,3423637
2026-05-13,226.70150432549232,228.18858573862806,224.58006778493848,226.65989685058594,3198134
2026-05-14,226.27512238065518,227.68939816018317,224.37207228652272,226.41030883789062,3220637
2026-05-15,225.47969842960862,225.47969842960862,221.15078393888058,222.97018432617188,4256901
2026-05-18,223.879890785966,228.836180137989,222.74015265503854,227.1422576904297,5574828
2026-05-19,226.9122281563814,228.1669776829746,224.98826772596766,227.05860900878906,4868094
2026-05-20,226.84947923321403,228.2819942615009,224.5700029869348,227.30955505371094,3839745
2026-05-21,228.0310383488606,235.5909503181128,227.16317427440805,234.01205444335938,4512439
2026-05-22,235.83144177715508,239.4388731647679,232.70500428385225,238.32005310058594,4835294
2026-05-26,243.76777777142397,246.68509548408235,241.1432521860155,242.29344177246094,6280514
2026-05-27,244.46835888690794,245.9426948902255,242.0215836431654,242.11569213867188,4270059
2026-05-28,241.4360319213903,244.13376317670614,238.7278492375298,243.63185119628906,4232110
2026-05-29,243.63184048856093,250.88852411030675,242.41891194443173,248.71360778808594,5235382
2026-06-01,244.67747897481735,248.09669346233855,243.3181695357217,247.33338928222656,4782470
2026-06-02,246.67463959708843,249.91608845053437,242.66987136718862,245.96360778808594,4467910
2026-06-03,244.5729101143256,248.32672230694314,231.492073114326,233.44740295410156,5895872
2026-06-04,235.62232613107713,237.10711355325225,226.66126839038827,227.5709686279297,6447853
2026-06-05,228.85709341013774,228.9825561850213,222.71924513001204,223.73350524902344,4696846
2026-06-08,223.5453007178268,225.6574781365554,221.08807402595318,221.46449279785156,3583062
2026-06-09,222.58331130048464,226.0757162130094,221.82000712048762,225.54244995117188,4307341
2026-06-10,223.9949214043549,224.67456851080678,214.8979342617044,215.27435302734375,4433012
2026-06-11,217.40743898267056,229.5158365740082,216.62321677427963,229.11849975585938,6339535
2026-06-12,232.1299211335681,235.8105430086677,229.16033107748913,230.36280822753906,4443310
2026-06-15,237.35806735092956,241.90655328355254,235.31909561969422,237.78677368164062,7949520
2026-06-16,239.4493217946012,242.0111235117742,237.2744054739947,239.96168518066406,3973235
2026-06-17,240.95502813128294,245.4094207091303,238.28868169721386,239.04153442382812,5710321
2026-06-18,242.88945890047742,243.50636700547366,237.24305575644482,239.45977783203125,6344780
2026-06-22,240.2649173474936,241.95883980644402,237.56718616969445,238.5187225341797,3842605
2026-06-23,235.92554764870633,236.08239513566681,230.70785093238234,232.5167999267578,6104784
2026-06-24,234.03296228823046,239.2506591268376,233.91795093719153,237.7972412109375,3911066
2026-06-25,238.16320026132965,248.20124154199578,238.16320026132965,241.79153442382812,5579501
2026-06-26,240.00351028782893,244.3219582937692,236.61566536496528,242.80580139160156,17047627
2026-06-29,239.93007985896725,251.24613196735692,226.4804454674429,227.1185302734375,7773000
2026-06-30,230.65790372188192,231.85431078154005,218.67385827096732,223.2301788330078,6010600
2026-07-01,226.62998870238158,226.62998870238158,219.94007051140784,221.0866241455078,6204600
2026-07-02,221.61503739294244,229.44155982284752,219.5612024168571,229.17236328125,5659100
2026-07-06,228.46447740887555,231.16637696876774,222.1833364220113,230.4884033203125,7539100
2026-07-07,229.7306852701253,233.93806214703193,221.38572941013413,224.3767547607422,4462900
2026-07-08,222.33287675605735,222.39269482691157,218.04573752485942,219.70077514648438,4323100
2026-07-09,220.5582019693638,222.83137993012318,217.44754059424912,222.75161743164062,3026400
2026-07-10,223.37974016985288,228.09558574999377,221.44554139552793,225.74264526367188,2601700
2026-07-13,225.27405701939819,226.19130297101555,219.73069245219585,221.5851287841797,2585800
2026-07-14,222.63199532059,225.1045720768052,221.55522434292965,222.0138397216797,2123900
2026-07-15,221.83437588716876,225.23417828787436,219.88023266871758,222.17335510253906,2515100
2026-07-16,220.50835634747548,225.72270626442494,220.50835634747548,225.65292358398438,3149600
2026-07-17,225.28403791903355,229.78054058899167,223.85830791290815,224.3468475341797,3920200
2026-07-20,224.32689430134337,227.08861188197722,222.9211087792344,225.50335693359375,3114100
2026-07-21,227.21822002243445,232.1434442071821,224.83537043176142,229.17236328125,2405300
2026-07-22,231.76458601744565,237.39767755405396,230.62799701731186,232.29299926757812,3798800
2026-07-23,237.28801513747192,249.52131328680198,236.97894494681572,245.5332794189453,6306300
2026-07-24,246.15140914484988,247.0088369978484,238.40464943220047,242.42259216308594,3822500
2026-07-27,243.7685709552629,247.26806520880982,241.80446305198714,245.01483154296875,4053300
2026-07-28,249.0527168742804,251.2461324482639,245.3538087861208,246.31094360351562,2945300
2026-07-29,244.70575007681202,245.50335985882327,239.6010718129659,240.39866638183594,2775200
2026-07-30,241.15640077899354,241.69477863040672,236.64991847434644,241.18630981445312,2839500
2026-07-31,239.80047633603323,245.26407837511633,237.3079552143349,242.32290649414062,3888100
2026-08-03,244.7356700058008,248.8931934943114,241.475448053779,246.0317840576172,3279000
2026-08-04,248.87324944660844,249.51133425896845,244.26707518279545,248.0457305908203,3568900
2026-08-05,247.87623554739068,250.4086455254243,246.00187000952863,247.3777313232422,2230400
2026-08-06,248.21523189211842,249.25211399254505,239.2122315386173,240.0198211669922,5041000
2026-08-07,239.83037840040038,245.9918831318113,238.76357208901834,245.47344970703125,2837400
2026-08-10,245.02478271169858,245.5133223120147,241.15640040457112,242.2032470703125,2245100
2026-08-11,241.59509484739078,244.07763615087472,229.01283786652286,229.43157958984375,5436300
2026-08-12,230.30894295764796,234.96497041177759,227.87624000052955,234.63595581054688,3145900
2026-08-13,234.7954858009273,235.6429490536182,231.8044605041002,233.29000854492188,2477500
2026-08-14,232.38999938964844,234.8000030517578,232.38999938964844,233.9600067138672,2686400
2026-08-17,232.30999755859375,232.77000427246094,228.27999877929688,229.4499969482422,2599400
2026-08-18,229.2899932861328,229.75999450683594,227.42999267578125,227.7100067138672,2505800
2026-08-19,226.89999389648438,227.0,221.49000549316406,221.72999572753906,2306600
2026-08-20,221.08999633789062,222.17999267578125,218.0500030517578,218.32000732421875,2438300
2026-08-21,219.3800048828125,219.8300018310547,215.77999877929688,215.89999389648438,3470400
2026-08-24,216.00999450683594,216.99000549316406,213.10000610351562,214.77000427246094,2686700
2026-08-25,216.50999450683594,216.5399932861328,214.44000244140625,215.67999267578125,2265500
2026-08-26,216.52000427246094,221.27000427246094,216.41000366210938,220.6699981689453,3214100
2026-08-27,219.67999267578125,221.25,217.1999969482422,220.38999938964844,2246600
2026-08-28,221.4499969482422,221.4499969482422,215.08999633789062,217.42999267578125,2109000
2026-08-31,214.74000549316406,215.5399932861328,212.22000122070312,213.52999877929688,5081600
2026-09-01,213.1699981689453,214.0,208.80999755859375,209.97999572753906,2345400
2026-09-02,210.6300048828125,210.72999572753906,204.80999755859375,206.07000732421875,2911200
2026-09-03,208.36000061035156,209.2899932861328,204.91000366210938,207.6300048828125,2490100
2026-09-04,207.05999755859375,210.0,206.9199981689453,209.61000061035156,2698300
2026-09-08,209.0,209.7899932861328,207.0500030517578,208.24000549316406,2278300
2026-09-09,207.05999755859375,208.22999572753906,204.72000122070312,204.92999267578125,2126000
2026-09-10,202.52999877929688,204.2100067138672,201.0800018310547,202.17999267578125,2006000
2026-09-11,203.6199951171875,204.1999969482422,201.5399932861328,202.36000061035156,2746400
2026-09-14,199.3000030517578,201.5399932861328,196.97999572753906,201.3800048828125,3290700
2026-09-15,201.3800048828125,205.22000122070312,199.91000366210938,203.44000244140625,3686800
2026-09-16,204.85000610351562,210.58999633789062,204.32000732421875,207.66000366210938,5045800
