Date,Open,High,Low,Close,Volume
2010-01-04,0.42327469060324685,0.4257901079246736,0.41412775817625347,0.4228173494338989,800204000
2010-01-05,0.4212166764104877,0.43356505256017813,0.4212166764104877,0.4289915859699249,728648000
2010-01-06,0.42876278745350016,0.4326502275670506,0.42464666316738636,0.4317355453968048,649168000
2010-01-07,0.42944889714636053,0.4312782891065379,0.4200732803879569,0.4232746958732605,547792000
2010-01-08,0.41984472709577725,0.4271622972184149,0.41732933621863605,0.4241895377635956,478168000
2010-01-11,0.42647601360872794,0.42830540503266906,0.4122982505181854,0.41824376583099365,556612000
2010-01-12,0.41206967834819075,0.41367038595074024,0.3953764952101523,0.4040660858154297,627432000
2010-01-13,0.40681019874178437,0.410926323594248,0.3910317246840083,0.40955427289009094,508868000
2010-01-14,0.40452338375815006,0.4074961142480045,0.39629113572162444,0.40315133333206177,608524000
2010-01-15,0.40017863017724353,0.4036087294504192,0.3860008647067794,0.3912603557109833,818192000
2010-01-19,0.3882875452452318,0.4010932583772299,0.3871441789748749,0.39857786893844604,545328000
2010-01-20,0.39354714603353896,0.398577980843573,0.38828765426123696,0.3969772458076477,719728000
2010-01-21,0.3967484843316414,0.40383736623474314,0.386229503558007,0.38988828659057617,608632000
2010-01-22,0.38531484373839703,0.3924037265534427,0.3741098635572021,0.3763965964317322,1067916000
2010-01-25,0.3825708219647664,0.3901170469328335,0.37982674759274465,0.38279950618743896,643676000
2010-01-26,0.38097006392213284,0.3834854809996158,0.3704510817472118,0.3706797659397125,714636000
2010-01-27,0.3704511764009461,0.382113527998198,0.3663350507042682,0.3807414770126343,812504000
2010-01-28,0.3837140993758308,0.3850861498729566,0.36267613713992086,0.3679356276988983,687764000
2010-01-29,0.37205166080329416,0.3761677840265019,0.3464402395300002,0.3519284129142761,774700000
2010-02-01,0.3533005707903331,0.3795980271908441,0.3503278124789704,0.3789120018482208,949832000
2010-02-02,0.3775400144060583,0.3876016567834844,0.37639664781271504,0.38279950618743896,849812000
2010-02-03,0.3793693571814266,0.38760160648930636,0.37753996541745266,0.3860008716583252,562296000
2010-02-04,0.3825708165655677,0.3825708165655677,0.35947480080198363,0.36359092593193054,783480000
2010-02-05,0.3631335579130485,0.37182314870955635,0.3567306728419296,0.3709084391593933,604856000
2010-02-08,0.36976504858273884,0.3791406641162039,0.3629048500733758,0.37022238969802856,445160000
2010-02-09,0.3761679734650244,0.3779973655143998,0.36359094060808284,0.3672496974468231,930144000
2010-02-10,0.36953629687641315,0.3777685166202453,0.3670208804974652,0.37433841824531555,535828000
2010-02-11,0.38028402192957506,0.3956051533951456,0.3775399480399224,0.39148902893066406,695980000
2010-02-12,0.38874491917296883,0.40475204718903074,0.3844001109268933,0.39674848318099976,780212000
2010-02-16,0.40200803707786703,0.405666820677986,0.39720588701021176,0.4040660858154297,457024000
2010-02-17,0.4090969268387498,0.4093255837800303,0.39629121128679384,0.40795356035232544,876560000
2010-02-18,0.38554360588813086,0.3876016822473619,0.3706798391981793,0.38119882345199585,1515508000
2010-02-19,0.3795981057112168,0.38371423135837535,0.37731137226946354,0.3791407644748688,510548000
2010-02-22,0.3807412574739413,0.38645811511072514,0.3773111592478694,0.3798265755176544,458084000
2010-02-23,0.38097006392213284,0.38257077148961915,0.36679229822723763,0.3706797659397125,489764000
2010-02-24,0.373881160093226,0.38211340892118745,0.3727377937148983,0.37845462560653687,445868000
2010-02-25,0.3697650365072393,0.37593923677203833,0.3603894212799558,0.3750245273113251,576972000
2010-02-26,0.3731951968343688,0.3759392984063928,0.3681643893856737,0.3704511225223541,393396000
2010-03-01,0.37067980086289337,0.3871442737339464,0.3677070423803401,0.3853148818016052,555868000
2010-03-02,0.3887449321211027,0.39354705432986664,0.3823420752494141,0.38508614897727966,538648000
2010-03-03,0.38737292406150525,0.3894309727678502,0.3770826260097675,0.38028404116630554,399300000
2010-03-04,0.3818847729417788,0.3848575313526438,0.3761679403285801,0.3809700906276703,557396000
2010-03-05,0.37822600175298976,0.39537649892727456,0.37822600175298976,0.3926324248313904,632832000
2010-03-08,0.3928611109596461,0.39400447744354467,0.385314859453907,0.3869155943393707,439312000
2010-03-09,0.39080293783006775,0.4052093573996371,0.39057425368610615,0.4013219177722931,830832000
2010-03-10,0.4001786809393421,0.40658153918013135,0.39994999672145315,0.4022367298603058,418520000
2010-03-11,0.39903522743583375,0.4004072779242332,0.3914890042696434,0.3930897116661072,540660000
2010-03-12,0.3974345688387126,0.3985779352994336,0.39240373460353484,0.39446181058883667,520352000
2010-03-15,0.39400451645800105,0.3978919574361904,0.3887450246592697,0.392403781414032,358904000
2010-03-16,0.3921750060117958,0.4084108176915375,0.39194632185743256,0.406124085187912,664988000
2010-03-17,0.4084108274216074,0.4193871491525124,0.4084108274216074,0.4138989746570587,651168000
2010-03-18,0.4145850219010378,0.4145850219010378,0.3956051352084713,0.3992639183998108,740964000
2010-03-19,0.40520944986761265,0.40635281632833364,0.3894309763536589,0.39446181058883667,584612000
2010-03-22,0.38943096908605873,0.40246536830303414,0.38943096908605873,0.4008646607398987,435336000
2010-03-23,0.40383743516616427,0.4111549752203383,0.40109333379334267,0.40909692645072937,493612000
2010-03-24,0.4056668291503062,0.40681019564172166,0.39469047812070907,0.3953765034675598,436252000
2010-03-25,0.4010933656731553,0.40360878304483716,0.39560521701131607,0.39651989936828613,495184000
2010-03-26,0.399949999096938,0.40406612422332217,0.3933184838588815,0.39651989936828613,344676000
2010-03-29,0.3990352041324636,0.4024653028931436,0.39354702975937456,0.40155062079429626,394456000
2010-03-30,0.4061240910819183,0.4081821394610487,0.39629113572162444,0.40315133333206177,324104000
2010-03-31,0.4015506322996288,0.4033800238097413,0.39583377360802613,0.3978918492794037,389840000
2010-04-01,0.39972124701054723,0.4042947122270061,0.3896596071783359,0.39377573132514954,339664000
2010-04-05,0.3962912248670005,0.40040734981118214,0.3958338564487517,0.39972132444381714,413636000
2010-04-06,0.3946904086533202,0.39560511804146387,0.3830280615895083,0.38988828659057617,809260000
2010-04-07,0.3873729738387276,0.3990353240333055,0.38417153101079937,0.392403781414032,817468000
2010-04-08,0.38988833937927225,0.3928610975882292,0.3839428229613584,0.3860008716583252,1037600000
2010-04-09,0.38508614830365884,0.3898882977640259,0.3830280725663572,0.38851624727249146,817572000
2010-04-12,0.3889736055623832,0.39720585435587336,0.38828758028625826,0.3956051468849182,546460000
2010-04-13,0.397205929621267,0.4052094957526197,0.3956052218469984,0.4038374722003937,648696000
2010-04-14,0.4125270971244277,0.41458514624933324,0.40246545396041433,0.40886831283569336,900720000
2010-04-15,0.41024029744184337,0.414356422286277,0.40612417259740974,0.4118410050868988,957596000
2010-04-16,0.3951478840654009,0.3967485918534526,0.3814274576049305,0.3901170492172241,1917736000
2010-04-19,0.38714420769762586,0.3894309404079955,0.37525320305570486,0.38828757405281067,1094492000
2010-04-20,0.39103172367616096,0.39514784851801565,0.3846288658399433,0.38965967297554016,678188000
2010-04-21,0.3917177695259709,0.39217511069677574,0.37502458508151965,0.37959805130958557,895908000
2010-04-22,0.37342391375047573,0.3823421901204537,0.36816442162356744,0.38119882345199585,656932000
2010-04-23,0.3800553473003108,0.3809700567931909,0.3693077083940116,0.3759392499923706,752916000
2010-04-26,0.376396635853943,0.38417151753765144,0.37571061046773135,0.37959805130958557,491092000
2010-04-27,0.3768539149609581,0.38074135516259267,0.36770698401122753,0.36885035037994385,606704000
2010-04-28,0.3686216903304602,0.3747958909336664,0.361990148601833,0.3695363998413086,672164000
2010-04-29,0.3706798606518778,0.3811988455144977,0.3651916839696362,0.3807414770126343,987128000
2010-04-30,0.3761678212821777,0.3768538464306557,0.35901732887022403,0.35924598574638367,1068048000
2010-05-03,0.3610754928585676,0.36313356896406096,0.3498704845331258,0.35535866022109985,1078972000
2010-05-04,0.3498706012722132,0.35055662686961275,0.3322627290656997,0.3372935652732849,1311376000
2010-05-05,0.3304332787596285,0.3400375528708508,0.3274605201094856,0.3315766453742981,1330840000
2010-05-06,0.3292900033742882,0.33615020496291476,0.29819038467515624,0.3247165083885193,1002888000
2010-05-07,0.3276891689971603,0.3276891689971603,0.3077945685844076,0.31922826170921326,1153712000
2010-05-10,0.3384368004710552,0.34255292519354136,0.3292898687588667,0.33294862508773804,979156000
2010-05-11,0.3297471648416481,0.33592133745184416,0.32677440698933063,0.32928982377052307,829124000
2010-05-12,0.33157654984268264,0.3375220381699839,0.3295184741732302,0.3356926739215851,901236000
2010-05-13,0.33432048032153117,0.3496416037914895,0.33180506466706283,0.3350065052509308,1252000000
2010-05-14,0.3123680383874456,0.3132827206829253,0.2881286304371421,0.29636088013648987,2493068000
2010-05-17,0.29681821559604094,0.30070568342734977,0.2876712837765042,0.2970468997955322,856060000
2010-05-18,0.2995622676925484,0.30139165937412193,0.28561318678805603,0.28721392154693604,674112000
2010-05-19,0.2858418406194249,0.29224469719505997,0.2837837922336861,0.29178735613822937,826520000
2010-05-20,0.28332645458793265,0.2917873877252343,0.27463686452746383,0.2849271893501282,1129136000
2010-05-21,0.27669491572403565,0.2991049005364931,0.27669491572403565,0.291101336479187,1069600000
2010-05-24,0.29018667822362637,0.29361677738754566,0.2817257451446214,0.2826404273509979,664564000
2010-05-25,0.27372203532444295,0.2915585469734083,0.270977935639994,0.2901865243911743,966652000
2010-05-26,0.30184900701332296,0.3075658385881958,0.29064400077057023,0.2915586829185486,995028000
2010-05-27,0.29887619075251576,0.30870914459228516,0.2981901656455555,0.30870914459228516,713560000
2010-05-28,0.30825190646393147,0.30825190646393147,0.2959035321982833,0.300476998090744,545116000
2010-06-01,0.29636088889244067,0.29979098849184294,0.28744261357798984,0.28767129778862,527492000
2010-06-02,0.2881285895029082,0.29133003160227566,0.2862991979118416,0.2908726632595062,649088000
2010-06-03,0.28492725712556694,0.29110143167980784,0.28401254743530174,0.2904154062271118,586360000
2010-06-04,0.2819545053001359,0.2869853133107906,0.275094277863773,0.27669501304626465,671456000
2010-06-07,0.27783841612034016,0.27966780852556267,0.26183125301965543,0.2629746198654175,577248000
2010-06-08,0.26183119129047966,0.26183119129047966,0.24902547473300682,0.25565701723098755,967636000
2010-06-09,0.2570290044846897,0.263889230233538,0.24856809846711808,0.24948278069496155,697152000
2010-06-10,0.2545136836327398,0.2606878584922347,0.25382765814612634,0.2595444917678833,611768000
2010-06-11,0.25680040338593796,0.2666333621429579,0.2561143779359112,0.26548999547958374,442104000
2010-06-14,0.269377346899843,0.26983468796075905,0.2590870503592217,0.2597730755805969,375080000
2010-06-15,0.262745878325138,0.2739508589048814,0.26228850992595903,0.2725788354873657,528632000
2010-06-16,0.2707494747955963,0.27326489224022077,0.26548998294047904,0.2691487669944763,366480000
2010-06-17,0.27852429039735727,0.2801249976599855,0.26891999230158586,0.27943897247314453,859068000
2010-06-18,0.28103979319860745,0.2846985774989018,0.2789817440671994,0.28126847743988037,932832000
2010-06-21,0.28721385994845267,0.28789985782941296,0.2721214158873396,0.27463680505752563,579836000
2010-06-22,0.27806699802183893,0.2814970976325843,0.2629745488305559,0.2643465995788574,818164000
2010-06-23,0.2668620102832214,0.270063425603633,0.2593157586136629,0.26731935143470764,614060000
2010-06-24,0.26571862453590056,0.2670906752917861,0.2531415925603151,0.25405627489089966,725028000
2010-06-25,0.2558855848607318,0.2561142690001426,0.24925407193781737,0.2533701956272125,507220000
2010-06-28,0.255199682302591,0.25748641551100043,0.24925416505672235,0.25382763147354126,372008000
2010-06-29,0.24833948451545587,0.24856816876709595,0.2380491838718919,0.23964989185333252,660808000
2010-06-30,0.2401071850694084,0.2426226022942523,0.2334756702184677,0.2334756702184677,623072000
2010-07-01,0.23416165547528764,0.2389637776366924,0.22707275979654154,0.2373630702495575,737008000
2010-07-02,0.23827786150940622,0.23873520273997817,0.2263868259544601,0.23439039289951324,737096000
2010-07-06,0.2334757253244137,0.2410219515200304,0.22981694072653466,0.23187501728534698,712020000
2010-07-07,0.23278964677517855,0.24445199617171492,0.23233230561962986,0.24307994544506073,608412000
2010-07-08,0.24468063111957147,0.24490928802130782,0.23278959990919884,0.235762357711792,783272000
2010-07-09,0.23690573476264273,0.2382777852754007,0.23370429265287543,0.23667705059051514,571516000
2010-07-12,0.23667704825803226,0.24399461457395408,0.23644839134816192,0.24102185666561127,565396000
2010-07-13,0.24490933350855978,0.25131219136643046,0.2435373100633067,0.24971148371696472,723316000
2010-07-14,0.2606878261957561,0.2625172181800785,0.24856813496713095,0.25222691893577576,1355664000
2010-07-15,0.2524555595261319,0.25268424373184706,0.24216526094909122,0.245138019323349,953088000
2010-07-16,0.24513803255314928,0.24582405794731085,0.22890221635136593,0.22981689870357513,1288604000
2010-07-19,0.2330182980313403,0.24010715308991523,0.23141756332327104,0.23919247090816498,798440000
2010-07-20,0.23301832888061064,0.24651004277761637,0.2309602528091978,0.245138019323349,1160988000
2010-07-21,0.2474247371357254,0.2476533940673813,0.23484767905444207,0.2371344119310379,624940000
2010-07-22,0.23964980616637505,0.24353727349420984,0.23827778292714238,0.24102185666561127,462612000
2010-07-23,0.24079322431932815,0.2410219085384195,0.23461905026396462,0.2369057834148407,817604000
2010-07-26,0.23621969396713596,0.24216520945130435,0.23256091101380125,0.24125050008296967,683548000
2010-07-27,0.24193654471341994,0.24239388580429505,0.23621971292747038,0.23919247090816498,683472000
2010-07-28,0.23530506829183948,0.23942119328650763,0.23096025908524195,0.23164628446102142,1320808000
2010-07-29,0.21495313571023617,0.21952660233279256,0.20740691033101583,0.20877894759178162,2664476000
2010-07-30,0.20717821362653555,0.21380974211983417,0.20397678466804617,0.21015097200870514,984288000
2010-08-02,0.2138097381328248,0.21472443405105132,0.20900758796963667,0.20992228388786316,917020000
2010-08-03,0.2083216113171254,0.20855028192766978,0.20283344851402993,0.20443415641784668,955444000
2010-08-04,0.20626342361570404,0.2138096446024984,0.2053487280976081,0.213123619556427,855496000
2010-08-05,0.2138097105553455,0.2163251137835253,0.20992225681179313,0.2158677726984024,800504000
2010-08-06,0.2149530790520922,0.22066991082342363,0.21312368743326532,0.21838317811489105,739904000
2010-08-09,0.22066995238342135,0.22089863660134562,0.2151817901233267,0.2204412817955017,466456000
2010-08-10,0.216782484789868,0.2172398259093601,0.21037962733696067,0.21129432320594788,772560000
2010-08-11,0.20694948239811897,0.20694948239811897,0.202376017390868,0.203062042593956,796148000
2010-08-12,0.1994033266494215,0.20946496940035841,0.19780261881132113,0.20489150285720825,1343584000
2010-08-13,0.21152294875250308,0.21769713433176532,0.21106559410033546,0.2147243767976761,1797392000
2010-08-16,0.21175162244505155,0.21609641674092192,0.20649213246110318,0.20923621952533722,814008000
2010-08-17,0.21129439057167976,0.215867857744744,0.20923632761779937,0.211980402469635,481224000
2010-08-18,0.21129424215023285,0.2149530105926189,0.20992219205809007,0.213123619556427,352920000
2010-08-19,0.21541045595571404,0.22661546444645905,0.21426708941135283,0.22592943906784058,1615100000
2010-08-20,0.224328654575514,0.23347559742963273,0.22409998407091097,0.22798742353916168,1305308000
2010-08-23,0.22867346402410504,0.23439029517270743,0.22387131495527857,0.22455734014511108,748620000
2010-08-24,0.21723989030083163,0.2245574457917024,0.21678254904578026,0.22227071225643158,641332000
2010-08-25,0.2197552188873599,0.22867347878068603,0.2186118389538551,0.22684408724308014,757532000
2010-08-26,0.22981680943531788,0.23233222581683838,0.22409997880458832,0.22409997880458832,657596000
2010-08-27,0.22547206412388188,0.23324695818677357,0.2197552322585207,0.23141756653785706,1060416000
2010-08-30,0.228673532000646,0.23050292396401242,0.2204412817955017,0.2204412817955017,602804000
2010-08-31,0.21723980735559156,0.22410001897208487,0.2126663420312639,0.21335236728191376,931488000
2010-09-01,0.2165537708751139,0.21929784430269705,0.21380968381753052,0.21495305001735687,851440000
2010-09-02,0.215639125523783,0.2195265660585997,0.21358106315770217,0.218840554356575,596292000
2010-09-03,0.22410003775224302,0.22707278228417854,0.22135595014968376,0.22638677060604095,566484000
2010-09-07,0.2257007861869599,0.23370435262521788,0.22524344498534732,0.2284448742866516,899820000
2010-09-08,0.22890223362163126,0.23759182566327025,0.2263868160732582,0.23599109053611755,1224156000
2010-09-09,0.23896376322420929,0.2391924473771517,0.22981683326653665,0.23278959095478058,697748000
2010-09-10,0.23439034000694148,0.23507636532799708,0.22821616663745395,0.23027421534061432,609292000
2010-09-13,0.23439032950929348,0.24628136184834262,0.23439032950929348,0.24330860376358032,1015792000
2010-09-14,0.2412505135754816,0.2442232714838244,0.23896378091675693,0.24102185666561127,698536000
2010-09-15,0.23873521769658124,0.24170797677155917,0.23553377436198417,0.24147929251194,555572000
2010-09-16,0.23827789493348245,0.24376604499021307,0.23827789493348245,0.24170799553394318,365280000
2010-09-17,0.2439946009279717,0.24422325782505386,0.24056450213172118,0.24125050008296967,416884000
2010-09-20,0.2412503860655765,0.2458238762257678,0.23896365461547542,0.2449091672897339,443168000
2010-09-21,0.2435373405084971,0.26228854801781754,0.2435373405084971,0.2581724226474762,1779624000
2010-09-22,0.25725774166961024,0.2627459179473132,0.25565703381111776,0.26045918464660645,999996000
2010-09-23,0.2634317875034902,0.2739507664546364,0.2611450553193278,0.2657185196876526,1240872000
2010-09-24,0.2716642206500291,0.28126852422069454,0.2696061711763245,0.2803538143634796,1086976000
2010-09-27,0.282411847756729,0.28264050474092933,0.2707494965021274,0.2744082808494568,999504000
2010-09-28,0.27463694366666747,0.27760970260450946,0.2689201100400533,0.27372226119041443,723192000
2010-09-29,0.2712068014414245,0.27966773570499787,0.2686913841317121,0.2716641426086426,974904000
2010-09-30,0.2750942134098986,0.27829565576477977,0.2648039155563633,0.26709064841270447,787632000
2010-10-01,0.27097815901139727,0.2714355275091482,0.257486442568056,0.2595444917678833,999120000
2010-10-04,0.2570289969444275,0.2613738055492376,0.2517695061386072,0.2570289969444275,749500000
2010-10-05,0.2625172868366968,0.26297462813738426,0.25817247633012375,0.25885850191116333,753588000
2010-10-06,0.2588583871417445,0.26000175351654,0.2439946242694028,0.24651001393795013,1057604000
2010-10-07,0.24765341901619373,0.2478821032308936,0.23736312003485907,0.24468068778514862,761488000
2010-10-08,0.24376589042454783,0.25039743040322654,0.24033579199902408,0.24833935499191284,706932000
2010-10-11,0.24948278133362184,0.25154085724154657,0.2460526820804196,0.2471960484981537,442680000
2010-10-12,0.24513792995638373,0.25314149259854235,0.24307985463525847,0.2519981265068054,605208000
2010-10-13,0.2561144024878615,0.2629746031257472,0.25337032768471,0.2593158185482025,968732000
2010-10-14,0.25954460433616444,0.26000194577225805,0.2540564253229667,0.2551998198032379,599172000
2010-10-15,0.25931578929145926,0.26228854801781754,0.255199691181129,0.2581724226474762,639940000
2010-10-18,0.25840102513784646,0.2609164418628882,0.2538275600086814,0.2597730755805969,448156000
2010-10-19,0.25405629727713486,0.26000181472985134,0.25199824822196976,0.2581724226474762,866136000
2010-10-20,0.25840110688027723,0.26526130674417575,0.2538276403043449,0.2581724226474762,763532000
2010-10-21,0.2584011091039182,0.25885845031344484,0.2497115170828673,0.2535989582538605,1014428000
2010-10-22,0.2551995628617332,0.27189271292224193,0.252455462487953,0.26983463764190674,1322676000
2010-10-25,0.271892791357798,0.2744082083394109,0.26937737437618514,0.27235013246536255,673136000
2010-10-26,0.26914864777614783,0.27555150340451845,0.26686191557030103,0.27143537998199463,675248000
2010-10-27,0.26892011450799,0.27623765621962987,0.2682340890093958,0.27532297372817993,496796000
2010-10-28,0.2789815961769493,0.279896278137137,0.27303608165573606,0.2755514979362488,704448000
2010-10-29,0.27509425445023905,0.27783835609523605,0.27212152310150894,0.27486559748649597,554664000
2010-11-01,0.2766950247253683,0.2810398074497757,0.27303624023954165,0.27532297372817993,473920000
2010-11-02,0.2764661320741136,0.28561305913377216,0.27486542529067187,0.28103959560394287,581036000
2010-11-03,0.2828691491829694,0.28492722531125747,0.2755516087779652,0.2830978333950043,671748000
2010-11-04,0.2858419129572229,0.28881467146893886,0.2830978386617962,0.28355517983436584,700016000
2010-11-05,0.28561324553321293,0.2908727374770113,0.2842412219348377,0.28835734724998474,735116000
2010-11-08,0.28812872181467214,0.2920161636933408,0.28584198809074746,0.28950077295303345,605156000
2010-11-09,0.2895007060531518,0.2917874392486419,0.28629926322345967,0.2878999710083008,633964000
2010-11-10,0.2899579889556885,0.2913300395011902,0.2858418645791879,0.2913300395011902,521016000
2010-11-11,0.28446987890456155,0.29315947073431403,0.2805824378191491,0.28835734724998474,1089980000
2010-11-12,0.29933354785122884,0.31282528481442395,0.2979614975634465,0.3032209873199463,2142560000
2010-11-15,0.30459307917580725,0.3089378602467217,0.29887624762986553,0.2995622456073761,733548000
2010-11-16,0.29453133931240294,0.2986474620801535,0.2901865597164402,0.2906439006328583,739356000
2010-11-17,0.29041529444311454,0.29887622633630817,0.28767122094856573,0.29544612765312195,551764000
2010-11-18,0.2993336542218187,0.3075659043539094,0.2993336542218187,0.30459314584732056,993120000
2010-11-19,0.3039070249417364,0.315569371086724,0.30344968391369775,0.3144260048866272,716484000
2010-11-22,0.312368152885658,0.316484251984076,0.30962405047335584,0.3146548867225647,462668000
2010-11-23,0.3109960084294865,0.3141974239372264,0.3050504913322445,0.30733722448349,457832000
2010-11-24,0.3105385412038473,0.31602668763519753,0.3103098570775417,0.3148833215236664,397784000
2010-11-26,0.31465474964519186,0.31648411410975197,0.3109959661960602,0.3109959661960602,143104000
2010-11-29,0.3096238559422204,0.315569371086724,0.30825183285810454,0.3144260048866272,468192000
2010-11-30,0.30962408004066333,0.31282552407406267,0.30550795328916147,0.3112247884273529,720936000
2010-12-01,0.3173988673351387,0.32700314113743606,0.31694152615598353,0.3249450922012329,626536000
2010-12-02,0.3249450665277915,0.33089058316709097,0.32471638232627714,0.3288325071334839,529316000
2010-12-03,0.3272318147004006,0.3382081389427185,0.3265457893240041,0.3382081389427185,606044000
2010-12-06,0.33935154407243534,0.3400375695268426,0.3304332949451761,0.3318053185939789,438424000
2010-12-07,0.33958017181546685,0.35055649547984424,0.33889414647519195,0.34255293011665344,1026812000
2010-12-08,0.3420955530886512,0.34918440816781077,0.33958013619152744,0.3455256521701813,613252000
2010-12-09,0.33729357973812574,0.3420957318658457,0.3324914276104058,0.33980897068977356,942408000
2010-12-10,0.3398089232713121,0.3450684159963059,0.338894240736537,0.34186699986457825,451900000
2010-12-13,0.34323887781068235,0.3439248757357662,0.3322625293693273,0.33317723870277405,609108000
2010-12-14,0.33958013082922633,0.3457543036264834,0.33317727385947676,0.333634614944458,755160000
2010-12-15,0.3343206972830125,0.3384368222706287,0.32585976309624254,0.3263171315193176,624176000
2010-12-16,0.3297472966035095,0.3315766888790093,0.3258598277955671,0.326774537563324,631872000
2010-12-17,0.3270030101310765,0.33043313575056205,0.3231155707756576,0.32860374450683594,593156000
2010-12-20,0.3297470916089791,0.3313477986324215,0.3270029912716526,0.32723167538642883,344088000
2010-12-21,0.33043319346348965,0.34003746509552,0.3302045092955828,0.34003746509552,466952000
2010-12-22,0.3393514872381506,0.3441536373547299,0.33615007200043584,0.3436962962150574,477988000
2010-12-23,0.3436962479992555,0.3436962479992555,0.33980878070737885,0.34118083119392395,273784000
2010-12-27,0.3402662615403381,0.34552575379762845,0.3340920595695991,0.3430103361606598,255500000
2010-12-28,0.34301016829734976,0.3452969005718655,0.33958006988557615,0.34163811802864075,194260000
2010-12-29,0.34140946115718857,0.34415353443460767,0.3384367037483183,0.34163811802864075,177660000
2010-12-30,0.3411808066502176,0.3448395895111318,0.34003744041368206,0.34278151392936707,174488000
2010-12-31,0.34301041858253034,0.35261472295148993,0.34255307724591766,0.3521573543548584,391252000
2011-01-03,0.35490125288181273,0.36519154971036927,0.35444388454809655,0.3617614507675171,817448000
2011-01-04,0.36244765594610895,0.36404836412878144,0.35261469530966816,0.3606182634830475,651384000
2011-01-05,0.36724961130940714,0.3887449424028879,0.36359085532881835,0.38828757405281067,1428216000
2011-01-06,0.39834926175557345,0.4422545840893471,0.3972058952642776,0.44202589988708496,3493312000
2011-01-07,0.4369950443036145,0.455746274488888,0.42716208811719164,0.454374223947525,2579984000
2011-01-10,0.4461419610827194,0.47266807080185413,0.4427118620980039,0.47175338864326477,1750348000
2011-01-11,0.4781562353945633,0.48272970034980517,0.45437417401130326,0.46443578600883484,2711088000
2011-01-12,0.4646645861354873,0.5344099672788846,0.46306387854754194,0.5339526534080505,3431896000
2011-01-13,0.5282358632135646,0.5451577326163646,0.511771362261659,0.5348674058914185,2695192000
2011-01-14,0.5257205872274813,0.548359267323781,0.5225191709358911,0.5394409894943237,1595352000
2011-01-18,0.5321233654552926,0.5357821499233859,0.5138294976348523,0.5268638730049133,1813348000
2011-01-19,0.5270925064632144,0.5396695114673123,0.5113140314486017,0.5124573707580566,1197896000
2011-01-20,0.5074265688033535,0.51588747560254,0.4982795821198906,0.5129147171974182,1111408000
2011-01-21,0.5184028759309234,0.5257204436156345,0.5071978674512148,0.5081125497817993,739244000
2011-01-24,0.5314373370339313,0.5728273054338295,0.5254918736410452,0.5655097365379333,2056900000
2011-01-25,0.5629942514405356,0.5689397689297393,0.5444717280503448,0.5481305122375488,1086856000
2011-01-26,0.5538471115000894,0.5716836573099194,0.5499596717897423,0.5611646771430969,1074660000
2011-01-27,0.5691682929200707,0.5705402888332692,0.5488163568809041,0.5595639944076538,657396000
2011-01-28,0.5609361791252633,0.5703117684632639,0.5305225689751272,0.5433282852172852,1094796000
2011-01-31,0.5442429504851607,0.5545332208040746,0.5353246762274276,0.546986997127533,750160000
2011-02-01,0.5517891146461759,0.5636800911872585,0.5481303316643026,0.5595639944076538,654104000
2011-02-02,0.5563625680756232,0.598438489704754,0.5563625680756232,0.5849467515945435,1606616000
2011-02-03,0.5858613468905314,0.5858613468905314,0.5613932636900469,0.5739703178405762,1030776000
2011-02-04,0.5819740019104629,0.5915782458337915,0.5796872693782412,0.5870047807693481,872900000
2011-02-07,0.5790014569710734,0.5815168473250153,0.5604788784883407,0.5625369548797607,934236000
2011-02-08,0.5632227795679193,0.5668815625639438,0.5433281572495372,0.5458436012268066,1076584000
2011-02-09,0.5479016581699022,0.5533898602825948,0.5227475983934243,0.532580554485321,1277520000
2011-02-10,0.5206895492905582,0.5307512173328949,0.5168021089414782,0.5218329429626465,1042352000
2011-02-11,0.5200035175770764,0.5536185387456771,0.5115426116840306,0.5366966724395752,1359276000
2011-02-14,0.5430995143730495,0.5602500362572522,0.5264063608201611,0.5284644365310669,1287828000
2011-02-15,0.5293792546621271,0.531208619417305,0.5133720677142298,0.5156588554382324,886980000
2011-02-16,0.5225190124249864,0.542184927278966,0.5206895932990258,0.5346387028694153,1318364000
2011-02-17,0.519546241849913,0.5947798272329851,0.5170307974257887,0.5872336030006409,3470096000
2011-02-18,0.5840320122934429,0.5934076536672704,0.5769431579298199,0.586090087890625,1394412000
2011-02-22,0.5668815767529516,0.568482284131277,0.5289217499240699,0.5307511687278748,1396648000
2011-02-23,0.5307513559265349,0.535782136741366,0.4980510080300058,0.5055972337722778,1491604000
2011-02-24,0.5081124579588709,0.5268636876873267,0.5044537292977154,0.5179454684257507,1246120000
2011-02-25,0.5318946145570738,0.537382763030263,0.5245770469128102,0.5286931991577148,775652000
2011-02-28,0.5373829639648353,0.5376116755217485,0.506283371628193,0.518174409866333,903696000
2011-03-01,0.5190888071663619,0.5257203482704269,0.49507808685302734,0.49507808685302734,988448000
2011-03-02,0.4943921592087535,0.5037678031779765,0.46306392087261367,0.47449758648872375,1718140000
2011-03-03,0.48547400676679625,0.4882181090184522,0.4628353267507305,0.47724175453186035,1593704000
2011-03-04,0.4776988983666531,0.4825010205280579,0.4694666500042403,0.474726140499115,959760000
2011-03-07,0.47815634556890974,0.479757053220071,0.45620367056152333,0.46809467673301697,1019140000
2011-03-08,0.4731254186248272,0.475640808081874,0.4372236684069536,0.4470566511154175,1947184000
2011-03-09,0.44568467398012834,0.45002948290963496,0.4337936409183265,0.43768110871315,1318976000
2011-03-10,0.4276195306847043,0.4308209463609051,0.40932563725209276,0.4097830057144165,1722736000
2011-03-11,0.41321300671382377,0.4241893292420595,0.40383739164053806,0.4127556383609772,1486832000
2011-03-14,0.41595717163896595,0.42647615537835737,0.40932562893021557,0.4161858558654785,1003360000
2011-03-15,0.3958338788090312,0.41069767174155314,0.38897367926787174,0.4038374722003937,1256280000
2011-03-16,0.4001786354242674,0.4196158921537909,0.3956051696667339,0.4008646607398987,1476520000
2011-03-17,0.41161241219899497,0.4122984377019291,0.39331854417415923,0.4084109961986542,1238516000
2011-03-18,0.41481366075276216,0.41618571111461283,0.4024652892761087,0.4029226303100586,886960000
2011-03-21,0.41161223229261246,0.4157283562511387,0.40200796122938576,0.406124085187912,751832000
2011-03-22,0.40498079146061056,0.4088682319609417,0.3972058831999417,0.3990352749824524,718332000
2011-03-23,0.39834923646896725,0.4084108773096774,0.3896596462347194,0.4072675108909607,782396000
2011-03-24,0.41595718465391973,0.444770062355526,0.4150425022392705,0.4397392272949219,1780592000
2011-03-25,0.4436266094766455,0.4447699759027191,0.42533271939946227,0.42601874470710754,1196392000
2011-03-28,0.4360802494948271,0.44911464530632395,0.4321928100685908,0.4417971074581146,1204284000
2011-03-29,0.44179722772793645,0.4433979353086157,0.4324216119182335,0.4383671283721924,715764000
2011-03-30,0.4417972246872487,0.4436266164497226,0.41641445146543166,0.4219026267528534,1176320000
2011-03-31,0.42258866837580383,0.4271621343284412,0.41435641875705365,0.4221312999725342,655112000
2011-04-01,0.4276195219908995,0.42807686318391425,0.4104689955427577,0.4161858558654785,850072000
2011-04-04,0.4161857056297857,0.4173290718295928,0.3983491602007946,0.4013219177722931,924328000
2011-04-05,0.4072675179070063,0.41046893303056187,0.40109331733156806,0.4020080268383026,821076000
2011-04-06,0.4049807500987764,0.40543809118269286,0.39583379212042763,0.3992639183998108,856984000
2011-04-07,0.40017857930842804,0.41641439137497527,0.3985778719697549,0.4138989746570587,1021208000
2011-04-08,0.4171003876856311,0.4171003876856311,0.40017855157248605,0.4013219177722931,746552000
2011-04-11,0.4029227522951047,0.40498082846096417,0.3917177709010141,0.39606255292892456,546208000
2011-04-12,0.3921751116166576,0.3999499933186027,0.38485754382658094,0.3972059190273285,840756000
2011-04-13,0.4013219360262978,0.408639474585899,0.396291129970322,0.406124085187912,749588000
2011-04-14,0.40246541343875947,0.42350338009078614,0.40017868030354,0.4232746958732605,1254704000
2011-04-15,0.42007328104135344,0.43310768174038605,0.41801520486044913,0.4278481900691986,969720000
2011-04-18,0.4177864253315808,0.4205304988410489,0.40703876092449526,0.41367030143737793,743584000
2011-04-19,0.41389904284644746,0.41549977770884217,0.40086467056985103,0.4120696783065796,659860000
2011-04-20,0.4271620625395906,0.43333623508601826,0.41778644800834674,0.42464664578437805,650516000
2011-04-21,0.4292202017825311,0.43196430328154106,0.4225886867666103,0.4235033690929413,421300000
2011-04-25,0.42533274231148815,0.43722374833120264,0.4251040581099522,0.4301348924636841,619612000
2011-04-26,0.43379377300723354,0.4456848096898205,0.42944899001476033,0.44133999943733215,676000000
2011-04-27,0.4436267603270732,0.4436267603270732,0.4321930649184284,0.44133999943733215,450004000
2011-04-28,0.44133992671087857,0.45506035348832086,0.43630911900648905,0.4461420774459839,684000000
2011-04-29,0.4491147857175548,0.46740864968747076,0.44842876036668144,0.45734703540802,836000000
2011-05-02,0.466951301546941,0.4671799584737872,0.4488860958458206,0.4511728286743164,613824000
2011-05-03,0.44591354378528003,0.44728556776042294,0.4241895446153265,0.42967769503593445,808000000
2011-05-04,0.4310495870297424,0.43585173731874405,0.41847255530712746,0.4264761209487915,639356000
2011-05-05,0.42304595140036394,0.43173554096858724,0.41732911974495435,0.4267047345638275,544000000
2011-05-06,0.43562290849056384,0.44591323101648206,0.4321928100685908,0.4417971074581146,841080000
2011-05-09,0.4431692417404669,0.4539169079691392,0.4420258753127363,0.451630175113678,706328000
2011-05-10,0.45528904289426686,0.45574638409804574,0.44774279036186554,0.4523162841796875,690976000
2011-05-11,0.4546029081244203,0.4591763463222866,0.4482000510314004,0.454374223947525,616000000
2011-05-12,0.4527736519089202,0.46923815428961096,0.4516302852024841,0.4687807857990265,1224000000
2011-05-13,0.4390532046655851,0.44019657132122425,0.4143564794517783,0.41755789518356323,2025192000
2011-05-16,0.416414454183872,0.4173291637010836,0.404523448540174,0.40475210547447205,728188000
2011-05-17,0.40338001748974384,0.4036086743874238,0.3914889864903175,0.40315133333206177,1420364000
2011-05-18,0.40475220403341466,0.41595721434268146,0.40338018031351325,0.4125271141529083,658844000
2011-05-19,0.4157283922358398,0.4159570764099975,0.40040728858738217,0.40658146142959595,650884000
2011-05-20,0.4056667377997618,0.4145849835205336,0.4038373463734493,0.41367030143737793,575820000
2011-05-23,0.4077247807907706,0.41618571261944104,0.4024652907313271,0.41321295499801636,588000000
2011-05-24,0.4152710384123903,0.43150685099957026,0.4141276720966735,0.41481369733810425,720372000
2011-05-25,0.41275568463197376,0.4225886691604095,0.4086395598149564,0.4198445677757263,545312000
2011-05-26,0.4198446117688635,0.4340223795419765,0.4187012451587744,0.43036359548568726,706436000
2011-05-27,0.4321930068342004,0.446599432217337,0.4317356656217223,0.4459134340286255,658824000
2011-05-31,0.45460285350673624,0.45849032048687505,0.4436265322745818,0.4582616090774536,1200716000
2011-06-01,0.456203656377874,0.45688968170990213,0.43676639918377697,0.43768110871315,762208000
2011-06-02,0.4383670312111226,0.44156844566290937,0.4303634405616547,0.4356229305267334,607592000
2011-06-03,0.4305922337929192,0.4344796744006595,0.42007325119785033,0.4221312999725342,549300000
2011-06-06,0.4214452026788845,0.42533264237151636,0.41275558670241186,0.41321295499801636,435988000
2011-06-07,0.4164144706756781,0.41870120366926167,0.41115497933843437,0.41298437118530273,433956000
2011-06-08,0.4109262821549209,0.4134416718455375,0.3985779088427856,0.40177932381629944,569288000
2011-06-09,0.4015507283101876,0.40246541065394265,0.3827994949231276,0.3972059190273285,741632000
2011-06-10,0.39789188617985705,0.4004073031470416,0.38828758667606506,0.39148902893066406,493548000
2011-06-13,0.3914890541633337,0.3965198611619487,0.3860008787702935,0.388744980096817,574760000
2011-06-14,0.39217499991618965,0.40063590459609516,0.3903456084897233,0.39194631576538086,534576000
2011-06-15,0.38668685120249,0.3889735838217594,0.3754818450120683,0.38348543643951416,935916000
2011-06-16,0.38371412978911257,0.3896596460678961,0.36473424179454045,0.37022238969802856,1024908000
2011-06-17,0.37456711397977704,0.3747957981158573,0.3500990563391689,0.36153271794319153,1467884000
2011-06-20,0.3583313227932293,0.3658775453081217,0.35444385583161736,0.357187956571579,745960000
2011-06-21,0.3585598724529898,0.3677068267507652,0.35512977481382135,0.36496272683143616,704276000
2011-06-22,0.36244742182481565,0.3672495432709243,0.3592459802674107,0.359932005405426,651720000
2011-06-23,0.3553586338023262,0.37319515575718926,0.35215719140734725,0.3706797659397125,744024000
2011-06-24,0.3688502776796263,0.37205169197703203,0.35764527311870786,0.359932005405426,529052000
2011-06-27,0.35993207215829437,0.3622188048691091,0.33980879159111954,0.35238584876060486,1142152000
2011-06-28,0.3523859480292064,0.3585601226356963,0.3498705304347048,0.3544439971446991,692200000
2011-06-29,0.35673056384802115,0.36359078796817473,0.3443822204037428,0.359932005405426,960544000
2011-06-30,0.3608467757476283,0.3683929995930347,0.3553586278200632,0.3645055592060089,652300000
2011-07-01,0.36450554709720806,0.3706797473856204,0.35718800768353987,0.3693076968193054,540804000
2011-07-05,0.36885029120977936,0.37228038976567934,0.3599320186084394,0.3631334602832794,535296000
2011-07-06,0.36290478755501127,0.3635908127397657,0.3539865146732054,0.3583313226699829,529580000
2011-07-07,0.3601607601453972,0.3619901245254081,0.3533005346803387,0.35970339179039,986136000
2011-07-08,0.35467261680519213,0.35718803394168497,0.3498704667300719,0.3528432250022888,619516000
2011-07-11,0.346211761390673,0.34758378499998166,0.33958021853564296,0.34049490094184875,714388000
2011-07-12,0.33889416521145055,0.3420956078897276,0.3302045740275681,0.33592140674591064,867604000
2011-07-13,0.3404948484595833,0.3427815813826424,0.3320339420962658,0.3352353572845459,634368000
2011-07-14,0.33660738688895375,0.3386654354869817,0.32037157324671567,0.3219722807407379,1088996000
2011-07-15,0.32380164784568355,0.32585969628754036,0.3157980837229027,0.3224295973777771,827736000
2011-07-18,0.3199142695379353,0.32174363416779483,0.31145333545479786,0.3155694603919983,818200000
2011-07-19,0.31648411800495274,0.3258597336712416,0.31648411800495274,0.3251737356185913,602224000
2011-07-20,0.32631713911436133,0.3281465038092061,0.320142937859228,0.32105764746665955,662956000
2011-07-21,0.3215149438244324,0.33843678297308677,0.31671279401981306,0.33615005016326904,1143420000
2011-07-22,0.3391228948435364,0.3441537028574615,0.33477808503968254,0.3430103361606598,737192000
2011-07-25,0.3377506543871118,0.33912270455740373,0.33271984919603664,0.3375219702720642,566920000
2011-07-26,0.32791777329714483,0.3361500216174082,0.32448767437370224,0.32928982377052307,698276000
2011-07-27,0.3247163503536044,0.3263170850865763,0.31602676045177597,0.3169414699077606,652212000
2011-07-28,0.31579813890182895,0.3228869948646295,0.3107673044804772,0.31625548005104065,648176000
2011-07-29,0.31305403748654337,0.31922823841092823,0.3114533298342986,0.31625548005104065,677656000
2011-08-01,0.32357294063158865,0.3340919207762198,0.32082886715125036,0.33317723870277405,1019620000
2011-08-02,0.3308906860646079,0.3516999735132406,0.3297473192214966,0.3297473192214966,1356432000
2011-08-03,0.33043317528344396,0.33980876223173373,0.32723173340890455,0.3386653959751129,765236000
2011-08-04,0.3324912403143105,0.3324912403143105,0.30642247200012207,0.30642247200012207,979732000
2011-08-05,0.3135113534129425,0.3173987934204834,0.2881285831307553,0.2961321473121643,1270588000
2011-08-08,0.28172569179339285,0.29178733045815686,0.27097802797375864,0.27280741930007935,1084180000
2011-08-09,0.27806693818529576,0.296132141937153,0.2744081824104912,0.29567480087280273,1329832000
2011-08-10,0.28698520024482127,0.29521744811711914,0.2805823438174787,0.28218305110931396,1140052000
2011-08-11,0.2821831104158858,0.31076729982336226,0.2821831104158858,0.30665117502212524,1078792000
2011-08-12,0.3393514315700678,0.33980877263471687,0.28972928544557647,0.2945314347743988,3195784000
2011-08-15,0.2975042908259142,0.30642256720155986,0.2959035829410583,0.3057365417480469,864152000
2011-08-16,0.3023063910437673,0.30642251581456026,0.2915587243478059,0.2970468997955322,716868000
2011-08-17,0.29796158900708947,0.30299242343290855,0.2890433411795151,0.2929307818412781,553328000
2011-08-18,0.2796677239834764,0.28241179813178297,0.2698347393703633,0.2730361819267273,802564000
2011-08-19,0.2684626390450027,0.2833263992900498,0.2664045635781502,0.2682339549064636,761332000
2011-08-22,0.27578025607503387,0.2789816986313978,0.270063423574392,0.2730361819267273,611876000
2011-08-23,0.2796676166335921,0.3027636219748303,0.27921024840109454,0.30253493785858154,938312000
2011-08-24,0.3018489891851113,0.3027636712790655,0.29041529945067435,0.2981902062892914,687500000
2011-08-25,0.2922447342927934,0.297504225263994,0.284927194674604,0.28538453578948975,690968000
2011-08-26,0.2842412178819702,0.30047703468132464,0.2792103829796281,0.2975042760372162,732660000
2011-08-29,0.305965266867483,0.30665126515264407,0.2988763816673523,0.3055078983306885,601528000
2011-08-30,0.3034497365814493,0.3153407416742986,0.3013916607080682,0.31282535195350647,684760000
2011-08-31,0.3151120479187438,0.31831346255646586,0.3018489937938916,0.3043643832206726,705808000
2011-09-01,0.30848042204522497,0.3151119609064768,0.3034496173208234,0.3036782741546631,762312000
2011-09-02,0.29681815077039575,0.3009342746422195,0.2931593679376633,0.29544612765312195,471356000
2011-09-06,0.2858418161418247,0.30207762671900035,0.2830977427758231,0.3013916015625,696248000
2011-09-07,0.3258596658706665,0.33477793855959015,0.3169414204417433,0.3258596658706665,1606620000
2011-09-08,0.3226583944120115,0.3304333043498953,0.3189996100577117,0.32425910234451294,880164000
2011-09-09,0.321514910629502,0.3302044998616504,0.3146547129083326,0.3173987865447998,869828000
2011-09-12,0.3130540579831405,0.32768916653617364,0.3130540579831405,0.3249450922012329,916480000
2011-09-13,0.3276890807103272,0.33386328042185603,0.32265827453723167,0.3322625458240509,853836000
2011-09-14,0.3409522493398832,0.35375796583321156,0.3407235651217844,0.3494131565093994,1547192000
2011-09-15,0.3571880989787051,0.3590174911147052,0.3512425813517078,0.3544439971446991,752908000
2011-09-16,0.35512998217793695,0.36816438262569434,0.3516998825358974,0.35352927446365356,1391588000
2011-09-19,0.3475836950836038,0.3500991119399732,0.3372933980057353,0.34621167182922363,968204000
2011-09-20,0.35055662686961275,0.35192867806441186,0.3356928570526975,0.3372935652732849,792436000
2011-09-21,0.33912284584445157,0.3450683354527629,0.33066191170261017,0.33089059591293335,715252000
2011-09-22,0.31785615147993396,0.3183134925770264,0.3029923886343998,0.3089378774166107,1314632000
2011-09-23,0.30710844817381083,0.3242589401430117,0.305279056911763,0.31534066796302795,1011440000
2011-09-26,0.31922806888176664,0.32014275069443937,0.30184889636103857,0.31602662801742554,972124000
2011-09-27,0.32403037477788293,0.326774448815873,0.3139687336252443,0.31648412346839905,781388000
2011-09-28,0.3171702078499714,0.3251738017793879,0.3018490999633986,0.3068799078464508,1236532000
2011-09-29,0.3123680627102317,0.3176275544687935,0.2915587526376551,0.2993336617946625,866416000
2011-09-30,0.2945314306332667,0.2961321379670339,0.2856131573279886,0.2860705256462097,677784000
2011-10-03,0.28241171143030364,0.29132998374936564,0.2700633406639099,0.2700633406639099,949896000
2011-10-04,0.2634319447346288,0.2949889004230499,0.2622885779601214,0.2949889004230499,1361548000
2011-10-05,0.2943028871195147,0.3082520005113941,0.2883573960013549,0.3055078983306885,856708000
2011-10-06,0.307108623460455,0.3185422912991852,0.3066512549388942,0.31762760877609253,773192000
2011-10-07,0.31899961579041297,0.3283752338292863,0.3123680996965846,0.3235730826854706,806976000
2011-10-10,0.32906124881100823,0.3379795253276825,0.3283752233466468,0.3379795253276825,534376000
2011-10-11,0.3352354362935853,0.34072361295839704,0.3331773870817891,0.3343207538127899,816080000
2011-10-12,0.34072341145069707,0.34095209556565614,0.3338632151218904,0.3340918719768524,612064000
2011-10-13,0.33249130818447054,0.35421529984406325,0.33157662585059683,0.35352927446365356,854832000
2011-10-14,0.35970349476295566,0.363362279090389,0.35078524544735384,0.3594748377799988,702452000
2011-10-17,0.3553585389357342,0.3553585389357342,0.33980872675702833,0.34163811802864075,611780000
2011-10-18,0.3398087964793644,0.3549012707518571,0.3377507479140272,0.35398656129837036,590916000
2011-10-19,0.3544438848179646,0.36061808472780205,0.3459829795378212,0.3468976616859436,557568000
2011-10-20,0.3375220615411514,0.33889411208245845,0.3164840986278001,0.32951849699020386,990308000
2011-10-21,0.3336345363861195,0.33912270989364884,0.3256309738734703,0.3311191201210022,628428000
2011-10-24,0.3324912989923034,0.34872711441976667,0.3318052736308598,0.3434676229953766,535256000
2011-10-25,0.33866541092397023,0.34140951186898766,0.3297471646326727,0.330433189868927,577996000
2011-10-26,0.33683617152499695,0.33866553648658776,0.32471645146437267,0.3343207538127899,503116000
2011-10-27,0.34666902864077603,0.35215717642727606,0.3388941208065617,0.3487270772457123,577732000
2011-10-28,0.3457544038211549,0.35993217238411607,0.34483972138613045,0.35673072934150696,490156000
2011-10-31,0.3452969807771042,0.3473550566582156,0.3384367823600769,0.3384367823600769,519984000
2011-11-01,0.326088460238054,0.3270031426004567,0.3183135511175923,0.3215149939060211,790824000
2011-11-02,0.32471621427778957,0.3263169483399567,0.309395116725565,0.31602662801742554,961608000
2011-11-03,0.3194566977178423,0.3356925301803304,0.3109957962818892,0.3350065052509308,749372000
2011-11-04,0.3320340178716232,0.3400375849288694,0.3267745254962874,0.33889421820640564,654840000
2011-11-07,0.33637871772535205,0.34209557719068256,0.32928986214675365,0.3370647430419922,613536000
2011-11-08,0.3414094743620529,0.34689762112915884,0.3359213003349468,0.34483957290649414,549728000
2011-11-09,0.3368360834624466,0.3411808650003431,0.3260884171929024,0.32746046781539917,532244000
2011-11-10,0.3354640620393305,0.3388941616341284,0.32265834598141513,0.33089059591293335,990484000
2011-11-11,0.3402661971557418,0.345297004217746,0.32174362200834733,0.34255293011665344,1751560000
2011-11-14,0.34255294905519323,0.34598304868619884,0.3350067244149793,0.33592140674591064,500292000
2011-11-15,0.33271988625573795,0.34278149775859185,0.3318051769536603,0.3402661085128784,505660000
2011-11-16,0.3338633996144037,0.34278164886606743,0.3322626644451202,0.3334060311317444,512420000
2011-11-17,0.33272000277550745,0.33363468513791017,0.3155694767703745,0.3215149939060211,657504000
2011-11-18,0.3233443624523907,0.3233443624523907,0.3151121127474634,0.3185422122478485,501352000
2011-11-21,0.3135115418523502,0.33775093313224536,0.30870938955311944,0.33454951643943787,1330788000
2011-11-22,0.33820803269790767,0.3466689642488628,0.336378641355539,0.34483957290649414,1287480000
2011-11-23,0.3411809621850773,0.34369637995616464,0.3299759516029774,0.33020463585853577,825340000
2011-11-25,0.3258597706806409,0.3334059954569079,0.320142937859228,0.32105764746665955,406620000
2011-11-28,0.33157654929461616,0.3441535784115832,0.33157654929461616,0.3391227722167969,690616000
2011-11-29,0.3386655461982645,0.3452970897842452,0.3354641301636627,0.3409523069858551,623440000
2011-11-30,0.351242545226745,0.3583314288021559,0.3482697867189917,0.35741671919822693,730324000
2011-12-01,0.35444388454809655,0.36267613291494305,0.3528431771600995,0.3617614507675171,529760000
2011-12-02,0.3656490124800318,0.3670210634178223,0.35604473769553463,0.3594748377799988,546464000
2011-12-05,0.36542025227692515,0.3658775933736662,0.3510138032795464,0.35398656129837036,644696000
2011-12-06,0.35604484564278727,0.35673084405965433,0.3452971736449297,0.3489559590816498,573832000
2011-12-07,0.3466690047789146,0.349413078483285,0.3395801227209548,0.3468976616859436,510016000
2011-12-08,0.3434676313861246,0.3491844641044672,0.33477804020224217,0.33592140674591064,491488000
2011-12-09,0.33340600610833687,0.34346764855147177,0.3288325397050965,0.34072357416152954,555840000
2011-12-12,0.3334059121024818,0.3347779625405998,0.3260883733725244,0.3322625458240509,573208000
2011-12-13,0.3366075107720551,0.3407236367429914,0.3210577166929708,0.3231157660484314,516596000
2011-12-14,0.32037148401721227,0.3222008751837199,0.30710843213502864,0.31053853034973145,636020000
2011-12-15,0.3157979808853855,0.31785602865705265,0.3071083943583576,0.30779439210891724,435148000
2011-12-16,0.31030992796789264,0.31625544401010813,0.3075658541253334,0.3089378774166107,619116000
2011-12-19,0.3103099914096549,0.3139687754544288,0.29979100772593736,0.300934374332428,463276000
2011-12-20,0.30779455085146057,0.318999559109413,0.30779455085146057,0.31785619258880615,445208000
2011-12-21,0.3160268077265816,0.31945690736462595,0.3075659007380739,0.313740074634552,548424000
2011-12-22,0.3146546487936717,0.32814635732553965,0.3146546487936717,0.32723167538642883,576560000
2011-12-23,0.3288323712177808,0.3292897394317663,0.3212861500669692,0.3240302503108978,248948000
2011-12-27,0.32265836048902935,0.3265458014192554,0.32060028428360876,0.3215149939060211,195712000
2011-12-28,0.32151502794799014,0.32220105342243327,0.31328277677469746,0.313511461019516,233960000
2011-12-29,0.3167128013410363,0.320142900635054,0.3121393356156793,0.31945687532424927,211112000
2011-12-30,0.3183134932017306,0.3217435923266625,0.316484101549766,0.3169414699077606,186956000
2012-01-03,0.3270031372449235,0.3292898976334979,0.32037162207608816,0.32105764746665955,468044000
2012-01-04,0.321286407594206,0.32608855961025174,0.3183136481204643,0.3247165083885193,347372000
2012-01-05,0.32311572424602,0.3379795181236556,0.32174367334654236,0.3363787829875946,563548000
2012-01-06,0.33615003204859767,0.3363786889612542,0.32860380873085393,0.3324912488460541,533252000
2012-01-09,0.3327199330187145,0.33889410582050344,0.3302045161594653,0.3324912488460541,508244000
2012-01-10,0.337521975583121,0.33775065970176715,0.32883238797453096,0.3311191201210022,546328000
2012-01-11,0.3281465626725272,0.3311193217249208,0.3231157543392532,0.3244878053665161,484272000
2012-01-12,0.32517369831359005,0.3254023552182392,0.31534071539359854,0.3224295973777771,652364000
2012-01-13,0.320142951922907,0.32082897734361504,0.3123680698482433,0.3139687776565552,504300000
2012-01-17,0.31877091109108785,0.31877091109108785,0.30870926907188356,0.3091666102409363,627176000
2012-01-18,0.31511208297551985,0.3222009655105577,0.31351137547857727,0.31968554854393005,632676000
2012-01-19,0.3224295378051315,0.32860373650995195,0.31899943952911924,0.328146368265152,608312000
2012-01-20,0.32768912541832307,0.3315765931033735,0.32403036918416617,0.3251737356185913,546272000
2012-01-23,0.3254022845083645,0.33432055609181144,0.3212861612590811,0.3340918719768524,562792000
2012-01-24,0.3318051637962232,0.34301016829734976,0.33157650692477103,0.34163811802864075,730920000
2012-01-25,0.33249120750286704,0.3404947709107351,0.322886909605425,0.33958008885383606,1274152000
2012-01-26,0.3446110338644372,0.34849850232628654,0.33454941813497313,0.3363787829875946,799672000
2012-01-27,0.3343207633998744,0.34278167199990534,0.33157668861878514,0.3409523069858551,449996000
2012-01-30,0.3350066831515633,0.3400374898720489,0.3299758491710723,0.3384367823600769,399076000
2012-01-31,0.3393513804090159,0.3395800645368651,0.3318051585699744,0.3377506732940674,357900000
2012-02-01,0.3416383402477215,0.34529712517080746,0.33683621570368993,0.34140968322753906,428020000
2012-02-02,0.34323905662990883,0.35558740735462285,0.3398089289174714,0.3542153835296631,696236000
2012-02-03,0.359474718138949,0.3647342086366563,0.3587886928983779,0.3617614507675171,495232000
2012-02-06,0.35993208414445427,0.36038942524984635,0.3558159596759151,0.35901740193367004,278868000
2012-02-07,0.3594746644000822,0.3619900535594727,0.3535291495506154,0.359932005405426,410296000
2012-02-08,0.3599320413865795,0.3800552929733505,0.3581026499223273,0.3729664385318756,847612000
2012-02-09,0.37753994482552744,0.37959799341024336,0.37205176983294364,0.3727377951145172,561944000
2012-02-10,0.3690790745985201,0.37045112539517216,0.3615328497369524,0.36359092593193054,440268000
2012-02-13,0.3727377959750878,0.3741098465414028,0.3617614732245831,0.3693076968193054,610668000
2012-02-14,0.36930773678656104,0.3745672281799549,0.366106294205361,0.3713657855987549,453756000
2012-02-15,0.374795907442232,0.3864582565841927,0.3688503907698584,0.3697650730609894,1110856000
2012-02-16,0.34438234625705433,0.3791407115254913,0.34301029547961265,0.3761679530143738,1888588000
2012-02-17,0.3763966739471707,0.37891206427117163,0.3590174896176563,0.362447589635849,1020360000
2012-02-21,0.3622188397944738,0.3731951633167293,0.3615328144630815,0.3642769157886505,518176000
2012-02-22,0.3624474760080882,0.3713657223555025,0.3613041096938041,0.3617614507675171,492432000
2012-02-23,0.3624475161737828,0.3658776154967516,0.3567306567088286,0.36381953954696655,323968000
2012-02-24,0.3649629314314974,0.36542029984778385,0.3594747830361413,0.3610754907131195,366668000
2012-02-27,0.35650193175919587,0.35810263901917916,0.3487270250878468,0.3537578582763672,745268000
2012-02-28,0.3537579653568289,0.3578740904569993,0.34689773868320534,0.35055652260780334,699884000
2012-02-29,0.3516998964311412,0.3576454136162469,0.3462117476910512,0.3464404046535492,689196000
2012-03-01,0.34781239503463063,0.3528432017155898,0.3464403444580031,0.3487270772457123,449944000
2012-03-02,0.3475837930650742,0.3567307263794146,0.3475837930650742,0.35169991850852966,684076000
2012-03-05,0.34918459064960067,0.3498706162764204,0.33729357973812574,0.33980897068977356,514848000
2012-03-06,0.3359214010384061,0.3386654752445854,0.3306619095748911,0.336607426404953,471400000
2012-03-07,0.33843673907978983,0.34003744638705863,0.33386327405330646,0.3386653959751129,441984000
2012-03-08,0.3395803136541793,0.3432390988238725,0.33775092106933274,0.33980897068977356,430852000
2012-03-09,0.3407236104143502,0.3432390281077756,0.33706482599846105,0.33889421820640564,367836000
2012-03-12,0.34026615608670024,0.34255288877161055,0.33271993277449546,0.333634614944458,299948000
2012-03-13,0.33500672353287975,0.34003753085977295,0.3334059885679517,0.3382081389427185,553288000
2012-03-14,0.3382080144613998,0.3388940395852969,0.327460378387007,0.32860374450683594,735708000
2012-03-15,0.3295185898492246,0.33523542328234546,0.3283752231626004,0.3334060311317444,382380000
2012-03-16,0.33363478269060176,0.3352354909228483,0.33180539017088395,0.3338634669780731,428340000
2012-03-19,0.33569272035591247,0.3372934279246788,0.333177303276418,0.3347780108451843,405400000
2012-03-20,0.3329485795995266,0.3329485795995266,0.3263170659182056,0.32928982377052307,449616000
2012-03-21,0.3292899288443976,0.33363471129647687,0.32563114458790116,0.33066195249557495,467840000
2012-03-22,0.32814655933855147,0.33294871062516773,0.3272318768363454,0.33020463585853577,425372000
2012-03-23,0.32928991163401566,0.33363469385901423,0.3270031511482144,0.332720011472702,315456000
2012-03-26,0.3359214010384061,0.3382081340868902,0.3327199856745317,0.336607426404953,288600000
2012-03-27,0.33797953573243983,0.3430103438592777,0.33729351024695897,0.33889421820640564,419968000
2012-03-28,0.34323891918964855,0.35124248370716743,0.3407235022944266,0.3466690182685852,892448000
2012-03-29,0.34621180073777374,0.35101392480613364,0.3418669906644798,0.34826985001564026,372700000
2012-03-30,0.35124267168163315,0.35421543125964355,0.3462118624588565,0.3521573543548584,527240000
2012-04-02,0.3512425480011666,0.35421530653240135,0.34552571515648806,0.35055652260780334,407776000
2012-04-03,0.3530718203171531,0.3535291613377453,0.34301018156412544,0.34483957290649414,430476000
2012-04-04,0.3395799684336071,0.3439247475531533,0.3329484304627319,0.3350065052509308,495896000
2012-04-05,0.33546419913452014,0.3395803257824294,0.3334061221805557,0.33454951643943787,369424000
2012-04-09,0.3292899533563297,0.3313480026163002,0.32380177656305204,0.33020463585853577,365504000
2012-04-10,0.32883250333565306,0.3334059692330602,0.3222009886884155,0.3238016963005066,470360000
2012-04-11,0.3281463817195709,0.3350066058128713,0.32700301558068734,0.3279177248477936,372960000
2012-04-12,0.3283751078879797,0.3375220381699839,0.32700305744167807,0.3356926739215851,384868000
2012-04-13,0.33271997115645474,0.33454936296741905,0.3235730121016334,0.3238016963005066,311324000
2012-04-16,0.3260883946173886,0.3270030767957245,0.31465473108816905,0.31991422176361084,463468000
2012-04-17,0.3208288659655252,0.3247163056533039,0.31945681560042644,0.3206001818180084,460696000
2012-04-18,0.31854216382068673,0.32014287122551344,0.3132826732676818,0.317170113325119,400764000
2012-04-19,0.31305403340132903,0.3249450666857068,0.31076730042510364,0.3123680353164673,667188000
2012-04-20,0.31419736326427544,0.31511207270414465,0.30550777351554037,0.3061937987804413,509592000
2012-04-23,0.30093423082483167,0.30390698803607974,0.29521740051858436,0.30253493785858154,706244000
2012-04-24,0.3034498431255292,0.3059652609895133,0.29155880659762046,0.29315951466560364,730440000
2012-04-25,0.29750422145870803,0.30139166177552257,0.2920160463702593,0.2991049289703369,727112000
2012-04-26,0.2988763206113114,0.30184907919310805,0.2968182443962169,0.2993336617946625,539208000
2012-04-27,0.29887639269427974,0.30070578512890644,0.2936168996672341,0.2968183159828186,475356000
2012-04-30,0.2952174057631121,0.29887618812810746,0.2931593304603031,0.29727545380592346,262268000
2012-05-01,0.2956747414910847,0.3057363791860783,0.2956747414910847,0.30253493785858154,408680000
2012-05-02,0.3013916382350658,0.302535004548355,0.2922447077287522,0.29384541511535645,684008000
2012-05-03,0.29453146615185605,0.2963608578653466,0.286985242371211,0.28881463408470154,419536000
2012-05-04,0.2869853586032256,0.288586066778331,0.2803538143634796,0.2803538143634796,545092000
2012-05-07,0.2853846362447186,0.290186787791388,0.28286921833741263,0.2851559519767761,604440000
2012-05-08,0.282640429298421,0.2867565537754857,0.2776096226086775,0.2849271893501282,462312000
2012-05-09,0.27989632595024705,0.28835725819730634,0.27715225234093155,0.2860705256462097,520608000
2012-05-10,0.288814676824783,0.28927201800583363,0.2794390599432019,0.2840125262737274,597092000
2012-05-11,0.3075659468325356,0.3128254391844378,0.30093440351578477,0.3020777702331543,1435140000
2012-05-14,0.29956226977587913,0.3048217606744787,0.29338809666013416,0.30024829506874084,437472000
2012-05-15,0.30024821106998245,0.3068797506990368,0.29590343086404847,0.29727545380592346,599940000
2012-05-16,0.29773289661352387,0.3011629957172736,0.29041533005085424,0.2913300395011902,470484000
2012-05-17,0.29247348316092064,0.2952175577170947,0.2892720401287079,0.2892720401287079,335364000
2012-05-18,0.28995800146695566,0.29133005207165935,0.27486555385523787,0.2762375771999359,567288000
2012-05-21,0.2766948161546022,0.2824116455668888,0.27486542529067187,0.28103959560394287,416260000
2012-05-22,0.28081111900418393,0.2812684601986836,0.27349355085214755,0.2776096761226654,410140000
2012-05-23,0.2746368856965208,0.28492721131236515,0.2705207609021845,0.2844698429107666,496000000
2012-05-24,0.2860706168440145,0.28652795804803133,0.27486560741554183,0.27692365646362305,520420000
2012-05-25,0.27669498046579466,0.2858419129572229,0.27669498046579466,0.28355517983436584,391752000
2012-05-29,0.2881285895029082,0.2927020548505728,0.28698522316599206,0.2908726632595062,310000000
2012-05-30,0.28767139826641136,0.28972944784088434,0.28241190492495843,0.28744271397590637,379792000
2012-05-31,0.28744258475888274,0.28858595117738245,0.28058238624788445,0.2842411696910858,358192000
2012-06-01,0.2782956840297812,0.2810397582840904,0.2734935336397337,0.27395087480545044,440984000
2012-06-04,0.2753228360811783,0.27692354327095264,0.2659472225610718,0.2682339549064636,432856000
2012-06-05,0.2668619443674962,0.27669489936571573,0.2668619443674962,0.27600887417793274,365224000
2012-06-06,0.2780671025232515,0.2840126216536208,0.27600905288736455,0.2833265960216522,368968000
2012-06-07,0.28744260570504565,0.28904334061559656,0.27166413162395675,0.27189281582832336,526780000
2012-06-08,0.2728075496028755,0.2780670419556722,0.2723502083678525,0.2771523594856262,370308000
2012-06-11,0.2860706760060273,0.2911014848106513,0.27966781604558916,0.2803538143634796,839080000
2012-06-12,0.28355510893600255,0.2888145992555252,0.2830977678777837,0.2860705256462097,496128000
2012-06-13,0.2858419400381215,0.28652796549197507,0.27715234789600385,0.27852439880371094,494276000
2012-06-14,0.2780669089930796,0.28035364133476615,0.2723500781388633,0.2750941514968872,589884000
2012-06-15,0.27715215705558655,0.2812682796844315,0.2746367412101833,0.28103959560394287,385288000
2012-06-18,0.2789817135886517,0.2858419129572229,0.27669498046579466,0.28355517983436584,304424000
2012-06-19,0.29521753519118465,0.30710856946063964,0.2938454843877831,0.30276376008987427,960476000
2012-06-20,0.30573650579559686,0.3132827303768339,0.30390711388802294,0.3075658977031708,972720000
2012-06-21,0.30733719928276176,0.30733719928276176,0.29293077615919694,0.29361680150032043,516376000
2012-06-22,0.29727545380592346,0.30070557931060515,0.2931593304603031,0.29727545380592346,865360000
2012-06-25,0.2975042722373672,0.29841895461155926,0.2867566044105557,0.2878999710083008,494616000
2012-06-26,0.28950062911972635,0.2931593849042075,0.2853845050096827,0.291101336479187,437152000
2012-06-27,0.29133006630582253,0.30253504683834853,0.29133006630582253,0.300476998090744,506064000
2012-06-28,0.2977329525774178,0.30459315207440657,0.29521753519118465,0.30276376008987427,545896000
2012-06-29,0.30985245763190145,0.3167126530069267,0.3096237735487366,0.31602662801742554,616508000
2012-07-02,0.317627539564823,0.31785619651576447,0.30505048042275557,0.3075658977031708,581684000
2012-07-03,0.30756589472633394,0.31625548575819973,0.30733721051759744,0.3155694603919983,219284000
2012-07-05,0.31351140180458,0.3148834252343108,0.3075658851623911,0.3123680353164673,280076000
2012-07-06,0.3100812278487779,0.31099593725594427,0.30299237305825544,0.30642247200012207,382760000
2012-07-09,0.30459314677640087,0.3059651975559374,0.2997909963080321,0.3023064136505127,306336000
2012-07-10,0.299105032929558,0.3080233103254896,0.2908727810656235,0.29315951466560364,512028000
2012-07-11,0.29407418039324157,0.2977329645089302,0.28698529639159887,0.28835734724998474,485216000
2012-07-12,0.28515588756836396,0.28561322874093353,0.28103976249521945,0.28355517983436584,472160000
2012-07-13,0.2837838223664876,0.28858594486311234,0.28195443068491405,0.28721392154693604,324260000
2012-07-16,0.28538462898717704,0.2904154374138365,0.2826405268817132,0.28812870383262634,334460000
2012-07-17,0.28904333108729047,0.29064403868506644,0.2780669803196664,0.2828691303730011,447476000
2012-07-18,0.28218291586360794,0.30276352568039927,0.2808108933824809,0.298647403717041,616008000
2012-07-19,0.30070577105163,0.30550789530019945,0.2986476944365159,0.3016204535961151,403036000
2012-07-20,0.29979098086556843,0.30184905692886016,0.28972933927393796,0.2929307818412781,451000000
2012-07-23,0.2851559630645877,0.29887639269427974,0.28195454674900317,0.2968183159828186,451584000
2012-07-24,0.29727555788630045,0.2991049497092941,0.2901867020547101,0.29361680150032043,351164000
2012-07-25,0.29270211922603767,0.30230642037645916,0.29133009567598445,0.2993336617946625,415044000
2012-07-26,0.30482179886561306,0.3082519257596824,0.2984189407633647,0.3007057011127472,338440000
2012-07-27,0.3018490886176761,0.3091666295597966,0.2995623281095022,0.3082519471645355,376516000
2012-07-30,0.30825194618839474,0.31213938724595996,0.3023064288579935,0.30482181906700134,363552000
2012-07-31,0.30482171815318265,0.31396867534870304,0.304364377108407,0.3096238672733307,387788000
2012-08-01,0.311453289464676,0.3144260474392438,0.30482174825063946,0.3061937987804413,335912000
2012-08-02,0.3045931501539973,0.3119106907859809,0.29956231541324974,0.30733722448349,367912000
2012-08-03,0.31213936692213307,0.3169415173193987,0.30482179921963143,0.313740074634552,326548000
2012-08-06,0.3167128143704858,0.3219723056230211,0.31625547323113645,0.3203715980052948,360324000
2012-08-07,0.3242591081717318,0.32700318285676383,0.32174369047544493,0.3235730826854706,407340000
2012-08-08,0.3233443600572886,0.32883250831324945,0.32242965050795686,0.3254024088382721,517064000
2012-08-09,0.3258597987849637,0.3370648084373334,0.3254024575718083,0.3363787829875946,822300000
2012-08-10,0.34529707988240027,0.34804115458479956,0.329975943878979,0.3343207538127899,1278744000
2012-08-13,0.33477795615460243,0.3388940801304378,0.33340590574265666,0.3386653959751129,447244000
2012-08-14,0.3398087877417151,0.34026615608670024,0.3322625644295103,0.333634614944458,388828000
2012-08-15,0.33477790245935507,0.337521975583121,0.3295184130704718,0.3311191201210022,594404000
2012-08-16,0.3340920567829718,0.3391228920149475,0.3329486900957068,0.3379795253276825,371008000
2012-08-17,0.33797926177166854,0.33797926177166854,0.332033748730193,0.3350065052509308,309864000
2012-08-20,0.3338631394552617,0.33546384611720026,0.3299756739419942,0.3350065052509308,314392000
2012-08-21,0.3361499472314926,0.3382079952261358,0.33066177381244904,0.3340918719768524,340248000
2012-08-22,0.3320339368330125,0.33615006148127335,0.3308905703896071,0.3347780108451843,313556000
2012-08-23,0.3340918717097509,0.33432055582452713,0.3258596252177656,0.32723167538642883,379040000
2012-08-24,0.32723192250159816,0.3354641752103196,0.32654589689920177,0.3338634669780731,347724000
2012-08-27,0.33363454186277036,0.3345492510923724,0.3279177114027499,0.328146368265152,340944000
2012-08-28,0.32563117079863835,0.32997595360043824,0.32494514528782414,0.326774537563324,310764000
2012-08-29,0.32654575831373267,0.3295185164891384,0.3258597330024843,0.32746046781539917,250412000
2012-08-30,0.32677440589449536,0.3279177721984788,0.31968552390579696,0.32128623127937317,307488000
2012-08-31,0.32357298852886707,0.3258597213109788,0.31762749965137954,0.320828914642334,485064000
2012-09-04,0.31556930183415066,0.3167126677833326,0.30070554449478565,0.3036782741546631,694452000
2012-09-05,0.3048218028032064,0.30916661208514673,0.3013917031248368,0.30459314584732056,480256000
2012-09-06,0.3068798937425892,0.32220102818503116,0.3066512095156831,0.3139687776565552,657296000
2012-09-07,0.3059651309265405,0.3084805204612408,0.2961321479145189,0.30642247200012207,781064000
2012-09-10,0.30573634921918724,0.31008112892208073,0.3029922763931495,0.3036782741546631,371108000
2012-09-11,0.3034497835783746,0.3121393750051092,0.30230641700275185,0.30733722448349,382808000
2012-09-12,0.3098526701410263,0.31236808774103836,0.30687991132101533,0.31076735258102417,322608000
2012-09-13,0.31351137724463346,0.3146547436431768,0.30687983577707917,0.31282535195350647,433836000
2012-09-14,0.312596682976246,0.32197229880438555,0.312596682976246,0.31648412346839905,339468000
2012-09-17,0.31717000364649894,0.31717000364649894,0.3043642943161426,0.30779439210891724,493348000
2012-09-18,0.30436439564379897,0.3135113533963571,0.304135738737487,0.30985257029533386,359952000
2012-09-19,0.31053870213693735,0.31785624359096837,0.30687991777991563,0.313511461019516,451936000
2012-09-20,0.31282552407406267,0.31442623246075224,0.3087093973225608,0.3112247884273529,320596000
2012-09-21,0.3116819370566746,0.31442601053419456,0.3105385708360412,0.3125966191291809,340136000
2012-09-24,0.3075658851623911,0.31282537645971087,0.3071085440191475,0.3123680353164673,357832000
2012-09-25,0.3164841322528561,0.31785618293993756,0.3061938338797672,0.30665117502212524,481544000
2012-09-26,0.30550772524150227,0.3057364093803357,0.2977328461611645,0.3013916015625,436812000
2012-09-27,0.30207756727780727,0.3041356423423314,0.29956215128560926,0.3036782741546631,558888000
2012-09-28,0.3023062702774223,0.3093951505096759,0.2984188039990918,0.3050503432750702,485508000
2012-10-01,0.30642257011636886,0.3082519622564682,0.2988763445759666,0.3000197112560272,504236000
2012-10-02,0.3020776701141972,0.3020776701141972,0.2977328889322086,0.301162987947464,295492000
2012-10-03,0.3018489891851113,0.3027636712790655,0.29658949899487075,0.2981902062892914,430872000
2012-10-04,0.29887625319772615,0.31328267441388163,0.29727551852703943,0.31145328283309937,502608000
2012-10-05,0.3123680800064706,0.3155694957272046,0.3029924625585891,0.30413582921028137,483068000
2012-10-08,0.3029923795409343,0.30436440279103416,0.29887625527062706,0.301162987947464,240596000
2012-10-09,0.3007056233938053,0.301620305489147,0.29384539863873627,0.2947601079940796,366360000
2012-10-10,0.293388110524922,0.29476016117548515,0.2885859605079576,0.2897293269634247,326568000
2012-10-11,0.29247340586910675,0.2933880880594382,0.28904330676535706,0.2913300395011902,320516000
2012-10-12,0.2892719751980728,0.2915587080249346,0.286985242371211,0.28881463408470154,260696000
2012-10-15,0.28927193394027184,0.29270203269134204,0.28584183518920164,0.29247337579727173,249580000
2012-10-16,0.29498885707467287,0.30184908397362653,0.2922447826710975,0.300934374332428,367696000
2012-10-17,0.2972753539759254,0.3000194534581566,0.2943025977101673,0.298647403717041,391752000
2012-10-18,0.29796164898865635,0.29796164898865635,0.29293084081011145,0.2940742075443268,254772000
2012-10-19,0.28972937373616015,0.29178745004425233,0.27532294861955864,0.27692365646362305,709412000
2012-10-22,0.278067043842636,0.27966777906609835,0.27143552773976876,0.27372226119041443,480840000
2012-10-23,0.2712068859931892,0.28378394920278194,0.27052086039848167,0.2819545567035675,573948000
2012-10-24,0.2837838717820905,0.28492723837466905,0.2755516214115213,0.27829569578170776,332916000
2012-10-25,0.2805824479052599,0.2835552066986175,0.2773810321339589,0.27852439880371094,307356000
2012-10-26,0.2789815961769493,0.2805823032372766,0.2755514979362488,0.2755514979362488,389376000
2012-10-31,0.2766949763197683,0.2789817094083607,0.27326487668687965,0.27395087480545044,347112000
2012-11-01,0.2753228139905234,0.2872138430404786,0.2750941298703328,0.2869851589202881,473220000
2012-11-02,0.2899579574870773,0.2904152985326086,0.2837837852224004,0.28561314940452576,256700000
2012-11-05,0.28492723276799875,0.2988763158269768,0.28492723276799875,0.297732949256897,444840000
2012-11-06,0.29841895842309096,0.29841895842309096,0.29247346839488436,0.2975042760372162,350804000
2012-11-07,0.2952175470218929,0.2970469390797372,0.28698529639159887,0.28835734724998474,324620000
2012-11-08,0.2915587077081685,0.2991049314806149,0.28927197488379114,0.28995800018310547,839024000
2012-11-09,0.291558728031913,0.2949888275075817,0.2778383301292383,0.27875301241874695,846280000
2012-11-12,0.279210350155376,0.28035371663330927,0.2698347341323202,0.2725788354873657,643624000
2012-11-13,0.2712068317701098,0.27738103362803657,0.270292149333386,0.27052080631256104,492120000
2012-11-14,0.27212147221264904,0.2748655460844726,0.26366053915618615,0.26388922333717346,619300000
2012-11-15,0.26548990068330336,0.2723500982140343,0.2632031681730597,0.265032559633255,466688000
2012-11-16,0.26503257140883363,0.26594725354957033,0.254970931560715,0.2602304220199585,624552000
2012-11-19,0.2650325164496816,0.26846261465615756,0.2618310751009723,0.2675479054450989,404092000
2012-11-20,0.2665123398288154,0.26766308286602924,0.2616792080981658,0.26444101333618164,336976000
2012-11-21,0.26444104591430045,0.27272638034143487,0.2642108863041516,0.27203595638275146,422312000
2012-11-23,0.27318660330161876,0.27709912324436126,0.2718057009990641,0.2738770544528961,276932000
2012-11-26,0.27433740379874016,0.27940066758035415,0.2738771120796621,0.2787102162837982,364600000
2012-11-27,0.2775594576540342,0.28400362366624293,0.27525797175223654,0.2798609435558319,451404000
2012-11-28,0.27871019906855543,0.28354333041003854,0.2752579702348892,0.2821624279022217,398332000
2012-11-29,0.28262289687578007,0.2840037726798632,0.27617872748238737,0.2770993113517761,488688000
2012-11-30,0.2768689833611962,0.27894033696200593,0.2738770738864829,0.27548810839653015,460504000
2012-12-03,0.27894045491932556,0.27894045491932556,0.2697345081850797,0.2704249322414398,391380000
2012-12-04,0.27088520238745295,0.2789404043186797,0.2692741400525033,0.2784801125526428,528068000
2012-12-05,0.27617861559769874,0.2780197825905879,0.2713454836516661,0.27525800466537476,633024000
2012-12-06,0.2745675881027228,0.27755952599895534,0.27364700448967405,0.2757183313369751,412896000
2012-12-07,0.2759484560056479,0.2773293586861941,0.2720359349919393,0.27525800466537476,338288000
2012-12-10,0.2752579399042475,0.28653523597977215,0.27456748872641984,0.28446388244628906,513644000
2012-12-11,0.2853845463946126,0.29482065023466475,0.2846940950879955,0.29113826155662537,816724000
2012-12-12,0.2920588047525587,0.29366983913735145,0.2869955146348219,0.2881462574005127,399404000
2012-12-13,0.2876859993115735,0.2939000054833796,0.28561467306626315,0.28837645053863525,377556000
2012-12-14,0.2895272685729555,0.2927493385542287,0.28745591435423823,0.2897574007511139,338660000
2012-12-17,0.2890668733331382,0.290677907747238,0.28423374265496654,0.28860655426979065,445232000
2012-12-18,0.2886065321110636,0.29228891971988324,0.2876859489267937,0.2890668511390686,416436000
2012-12-19,0.29113826155662537,0.294590490653833,0.28998751852422283,0.29113826155662537,458544000
2012-12-20,0.29228897325012554,0.2925191328062798,0.2876860016140409,0.2909080982208252,334332000
2012-12-21,0.2869956465419354,0.2869956465419354,0.2810117704357236,0.28423386812210083,462172000
2012-12-24,0.2840036206842628,0.2849242314968414,0.2810116835561654,0.2819322943687439,127376000
2012-12-26,0.28124186910438487,0.285844841284954,0.2805514177901238,0.2817021608352661,196740000
2012-12-27,0.28216242945762954,0.28262274858668995,0.2766388742676656,0.2798609435558319,299804000
2012-12-28,0.27732936941961045,0.28285292548381374,0.27686905021769315,0.2784801125526428,220600000
2012-12-31,0.277559456124,0.2833131708467771,0.2768690048700916,0.2821624279022217,326460000
2013-01-02,0.2890669245893206,0.29297944527042175,0.287916181598651,0.292749285697937,478836000
2013-01-03,0.29274925967938586,0.29620148834457233,0.2895271905662283,0.2929794192314148,298888000
2013-01-04,0.2934397415851714,0.3035662965235304,0.29251915815253765,0.3026457130908966,524968000
2013-01-07,0.30241550192837124,0.30333608520397076,0.2918286570796131,0.2938999831676483,610732000
2013-01-08,0.2945904741762599,0.29551108501221546,0.28538453043196316,0.28745585680007935,466424000
2013-01-09,0.2897573529837449,0.29113825556857714,0.2791705337649149,0.281011700630188,695020000
2013-01-10,0.2835434138417637,0.28492431675590674,0.2798610243613049,0.2814720869064331,506368000
2013-01-11,0.28262276279111814,0.2828528949313385,0.27824992289640094,0.281011700630188,513172000
2013-01-14,0.2828528635056289,0.2828528635056289,0.27755944076638855,0.2807815372943878,305684000
2013-01-15,0.27940072066093563,0.27940072066093563,0.27410729629619845,0.2757183313369751,375888000
2013-01-16,0.27525812955141005,0.2805515556473197,0.27525812955141005,0.2782500684261322,337376000
2013-01-17,0.27917051680276,0.2830830373075602,0.2784800655522951,0.2819322943687439,580736000
2013-01-18,0.28193233112326566,0.28193233112326566,0.27663890742745073,0.28009113669395447,397088000
2013-01-22,0.27986095929943217,0.28239260490817797,0.27732934112656404,0.2787102162837982,308224000
2013-01-23,0.2796308943897899,0.279861026586721,0.2761786645128646,0.27917060256004333,421808000
2013-01-24,0.278249976901395,0.28170220659763473,0.276869074048546,0.2805514633655548,396980000
2013-01-25,0.28101169967019957,0.28584483126472415,0.2796308245259621,0.2856146991252899,393920000
2013-01-28,0.2869956004514719,0.29205889208322044,0.2863051490984262,0.29021769762039185,422492000
2013-01-29,0.28906684549695605,0.2897572691537475,0.28285281309887694,0.2840035557746887,388872000
2013-01-30,0.2842337398600931,0.28814625980896996,0.28262270546183454,0.28354328870773315,287592000
2013-01-31,0.28354333041003854,0.2867654271163193,0.2803212611396338,0.2821624279022217,470544000
2013-02-01,0.284464005354034,0.2856147761048731,0.2821625187241253,0.2846941649913788,288816000
2013-02-04,0.2830830402798743,0.28883675503436845,0.2796308114271778,0.2798609435558319,511744000
2013-02-05,0.2812416900266399,0.2879160119001866,0.280321107151049,0.28630495071411133,367296000
2013-02-06,0.27940058507144166,0.2863050411263122,0.27778955081247914,0.2840035557746887,530688000
2013-02-07,0.2830830476778449,0.2853845336397886,0.28009111044014273,0.2828528881072998,440000000
2013-02-08,0.2846941649913788,0.2869956516212875,0.28285297020027483,0.2846941649913788,307232000
2013-02-11,0.28699563202568795,0.290908180978098,0.2842338537455442,0.28791624307632446,408308000
2013-02-12,0.2853846041528568,0.28929712576769495,0.2849243123339142,0.28607505559921265,277804000
2013-02-13,0.28630520014513794,0.29159862488110494,0.28377358131376923,0.2846941649913788,856396000
2013-02-14,0.28078153912724757,0.2932095787834437,0.2773293104620611,0.2929794192314148,882096000
2013-02-15,0.2922889680112026,0.29436032167183923,0.2865352535692251,0.2929794192314148,733860000
2013-02-19,0.2932095303400232,0.2934396624181556,0.28722565733465877,0.2890668511390686,433552000
2013-02-20,0.2899874418318929,0.2945904127441657,0.28400356867159,0.284924179315567,713012000
2013-02-21,0.28446392279348504,0.28768601960173235,0.28216243683154135,0.2828528881072998,580408000
2013-02-22,0.2846940291034404,0.28837641692799953,0.2830829947186476,0.2881462574005127,370148000
2013-02-25,0.28883688805672897,0.2911383750184648,0.2826228787472201,0.2830831706523895,644444000
2013-02-26,0.28366206746765527,0.2880617087011451,0.2827358083208846,0.28644078969955444,487504000
2013-02-27,0.2864407439937347,0.2938507055687065,0.28574605664555586,0.2917666435241699,476980000
2013-02-28,0.2908404807609717,0.2975557289682046,0.289682677442193,0.29315608739852905,591392000
2013-03-01,0.2910719236857664,0.29524001970538355,0.2885247738323663,0.29431378841400146,389396000
2013-03-04,0.292229828180981,0.29593480984275616,0.28991422154342367,0.29315608739852905,353680000
2013-03-05,0.2947768571077669,0.296860890983532,0.2933874827877938,0.29639777541160583,366168000
2013-03-06,0.29825018507718964,0.30102890536549337,0.2947767778157632,0.29616615176200867,342928000
2013-03-07,0.29778712449941536,0.30079741686815864,0.29385060106530136,0.29547151923179626,314824000
2013-03-08,0.29616621418384187,0.2982502479382668,0.29477683994476334,0.29686087369918823,246464000
2013-03-11,0.2938506207846196,0.2952399674759101,0.291534987757414,0.2940821647644043,299748000
2013-03-12,0.29361904666074784,0.29593465206372865,0.2908403256980096,0.29500842094421387,310856000
2013-03-13,0.29500842094421387,0.30010274730993297,0.2922296723772818,0.29500842094421387,485840000
2013-03-14,0.29686090336058635,0.29778716214725187,0.2933874950200309,0.29523998498916626,383304000
2013-03-15,0.29523995963213734,0.29523995963213734,0.2915349800120731,0.29269281029701233,355776000
2013-03-18,0.29084024580616047,0.2933873944872386,0.2885246410392606,0.290608674287796,298312000
2013-03-19,0.29084034268438397,0.2922296894448002,0.2866722471947443,0.28875628113746643,355480000
2013-03-20,0.29153493557905424,0.29315588116840385,0.2889877866321418,0.29222962260246277,340588000
2013-03-21,0.2906088437933143,0.29107195949598186,0.2871354346170041,0.28759855031967163,339032000
2013-03-22,0.28852472960771347,0.2901456479212795,0.2873669268688528,0.2889878451824188,232476000
2013-03-25,0.2906087030179089,0.290840274559167,0.28528280600667394,0.2873668670654297,362076000
2013-03-26,0.2880615988839395,0.2896825448717863,0.28690379609501804,0.2894509732723236,232540000
2013-03-27,0.2882931926327882,0.29454532265247213,0.28759850538522375,0.2929244041442871,254944000
2013-03-28,0.29222971426384414,0.2973240689639532,0.29014568014412523,0.2970924973487854,349276000
2013-04-01,0.296397715507471,0.296397715507471,0.28528280600667394,0.2873668670654297,442828000
2013-04-02,0.28759849053936426,0.2882931777510689,0.28250416366052467,0.28435665369033813,371524000
2013-04-03,0.2838935781870016,0.28551452460229926,0.27879925009318907,0.2808833122253418,353156000
2013-04-04,0.27995695214708977,0.28458816285257915,0.2790307210476692,0.28366193175315857,294676000
2013-04-05,0.27949381068910767,0.28852468729019165,0.27879912362684106,0.28852468729019165,551352000
2013-04-08,0.2887562261525726,0.2887562261525726,0.28250409791073966,0.2878299951553345,326660000
2013-04-09,0.28806166745135353,0.29454537013347076,0.28597763297690987,0.2924613356590271,380584000
2013-04-10,0.2926928574941797,0.2975556129749232,0.29199817025287417,0.2970924973487854,384688000
2013-04-11,0.29292442133228597,0.2975556331155316,0.284819800711606,0.29570314288139343,969220000
2013-04-12,0.297092458150233,0.30635487986769055,0.2945452811362545,0.30311304330825806,770548000
2013-04-15,0.3021867714767322,0.30311303017084884,0.2950084115193407,0.29686087369918823,430420000
2013-04-16,0.299639565464247,0.30218671428153226,0.29801861995738915,0.30010268092155457,468844000
2013-04-17,0.2977870696298369,0.3005657899181406,0.2943136623684105,0.29616615176200867,532948000
2013-04-18,0.29686087021340085,0.2987133599756891,0.2903771698474884,0.2903771698474884,402548000
2013-04-19,0.2901455714723379,0.29199806088725117,0.28644059264251126,0.2910718023777008,303028000
2013-04-22,0.29084044944842824,0.29408228735030145,0.2885248430601743,0.2915351092815399,245568000
2013-04-23,0.29408216021356526,0.3021867790686889,0.29361904465696836,0.29917651414871216,376948000
2013-04-24,0.30010281889821416,0.3119124203122254,0.2998712472609981,0.30936524271965027,556556000
2013-04-25,0.31098624550760096,0.31260716445018766,0.30820749577264617,0.311912477016449,353224000
2013-04-26,0.3114492322668633,0.31191234782947536,0.30890205526620573,0.31052297353744507,324332000
2013-04-29,0.3109861612498446,0.31538580113115405,0.3095967867588006,0.31422799825668335,269712000
2013-04-30,0.3149226068746012,0.31885913014411926,0.3128385456583686,0.31885913014411926,276712000
2013-05-01,0.3188592622540252,0.32094332433372735,0.3149227373535245,0.3160805404186249,341316000
2013-05-02,0.3158488649158483,0.3207116472321146,0.31399637509992806,0.3197854161262512,323480000
2013-05-03,0.3218695174755941,0.32349043605317573,0.3200170272708441,0.32117483019828796,293864000
2013-05-06,0.3211748052467966,0.32302729530763,0.3183960839576449,0.3202485740184784,217116000
2013-05-07,0.32024863697382666,0.32094332433372735,0.3130702469285234,0.3160805404186249,448068000
2013-05-08,0.3165435939564963,0.3237219825920055,0.3153857911187817,0.32186949253082275,334032000
2013-05-09,0.31608038318356135,0.3234903135932727,0.31561726770873977,0.322100967168808,566800000
2013-05-10,0.32881621967762126,0.33807866745171317,0.32881621967762126,0.336689293384552,861136000
2013-05-13,0.33437382239621427,0.335763197020391,0.3283532358303826,0.3297426104545593,289812000
2013-05-14,0.3336790773985479,0.3373840573530447,0.3304372406415101,0.33460533618927,454140000
2013-05-15,0.3329844755059048,0.3415522403949256,0.3329844755059048,0.34039443731307983,313172000
2013-05-16,0.3399313218835429,0.3434047311319653,0.3376156881137251,0.3387735188007355,308368000
2013-05-17,0.3403943530823186,0.3466464826563522,0.33784717589087715,0.34433087706565857,312116000
2013-05-20,0.34294149774273425,0.34502555930693574,0.34178369496402083,0.3436361849308014,236380000
2013-05-21,0.34561442545230453,0.3486400089154977,0.34165790603631835,0.3472435772418976,357784000
2013-05-22,0.3486401021516393,0.3486401021516393,0.3337449287126899,0.3351413607597351,480404000
2013-05-23,0.33118483337255716,0.3416580188953167,0.3302538971122504,0.3404943346977234,393884000
2013-05-24,0.33863224746354936,0.3414250824468804,0.3346757011807256,0.3383994996547699,283304000
2013-05-28,0.34095981651505264,0.34189075281273,0.33490864734688697,0.3381669521331787,279300000
2013-05-29,0.33607226610183716,0.3381668862356496,0.33467583418301855,0.33607226610183716,335052000
2013-05-30,0.33560684997006357,0.3439853872905033,0.3346758859653371,0.3404943346977234,284504000
2013-05-31,0.33863243478233657,0.34351989177062303,0.33677053451538086,0.33677053451538086,577508000
2013-06-03,0.33723592849393463,0.3397960442661281,0.32932286103541825,0.33630499243736267,444468000
2013-06-04,0.3383996868448097,0.3444508557763108,0.3346758863108983,0.33677053451538086,363676000
2013-06-05,0.336305136295914,0.33886522541880254,0.32862478569397174,0.3295557498931885,464520000
2013-06-06,0.32955560731896677,0.33421034306801556,0.32932285943374895,0.3316502273082733,341044000
2013-06-07,0.3339775968071054,0.33839961243685646,0.33258119272224745,0.33630499243736267,274584000
2013-06-10,0.3353740501424278,0.3381668862356496,0.33351215016547486,0.33607226610183716,224148000
2013-06-11,0.33165022913376135,0.33630499265284464,0.32978835701942444,0.32978835701942444,296336000
2013-06-12,0.33141753780080563,0.33421037395949754,0.3251336217632288,0.32699552178382874,312588000
2013-06-13,0.32583175090911753,0.336072184421268,0.32559903080881947,0.33444303274154663,236256000
2013-06-14,0.33560672975677264,0.3360721977201968,0.3316501827066425,0.3339775502681732,236012000
2013-06-17,0.33653774140965925,0.34026154144378323,0.33467584139259726,0.3372359573841095,255336000
2013-06-18,0.338865133311159,0.3425889336070008,0.3323484966656447,0.3351413607597351,486772000
2013-06-19,0.3381668264203594,0.3602768465872622,0.3370031426086492,0.3453816771507263,1159588000
2013-06-20,0.3425889021489649,0.3430543702070993,0.3337448980667498,0.33607226610183716,628696000
2013-06-21,0.3379342415905714,0.3390979258681416,0.3300211718564408,0.3356068730354309,714228000
2013-06-24,0.33071925362790416,0.3349085208742875,0.32373715079873544,0.3286246061325073,580772000
2013-06-25,0.3321157023640555,0.33281389048733473,0.3274609391609192,0.3309520184993744,457360000
2013-06-26,0.33467563831402064,0.3351411338441391,0.3276935382950342,0.3290899693965912,579752000
2013-06-27,0.3300210465270793,0.33048651451245614,0.32257347552781657,0.3260645270347595,808036000
2013-06-28,0.3260646092243587,0.33002112971398034,0.32187534081117536,0.3267628252506256,431536000
2013-07-01,0.3290901171954024,0.329788333059759,0.326064533612798,0.3281591534614563,199524000
2013-07-02,0.3262971882499604,0.3328138221020445,0.3249007845459177,0.327926367521286,256392000
2013-07-03,0.325133621833001,0.33281394207936393,0.325133621833001,0.328857421875,140388000
2013-07-05,0.3297882600724463,0.33211562727561117,0.3276936129429546,0.33141741156578064,184684000
2013-07-08,0.33234844504884453,0.33397759702109614,0.32792645716067387,0.32978835701942444,262084000
2013-07-09,0.33048644803787136,0.3335120309508668,0.32955551225436763,0.33141741156578064,157364000
2013-07-10,0.3314175513134563,0.33677050368677725,0.33048658739299075,0.33583953976631165,208468000
2013-07-11,0.33770147042796367,0.34095980282787675,0.3370032543605237,0.3404943346977234,239832000
2013-07-12,0.3397960653143665,0.3439853333172666,0.3386323812993618,0.3407270014286041,216360000
2013-07-15,0.34142507494126295,0.34142507494126295,0.33467569382348117,0.34002864360809326,201332000
2013-07-16,0.34142516512036775,0.3437525327940986,0.33979601329763837,0.3418906331062317,162560000
2013-07-17,0.3418905428041849,0.34305422633369176,0.33909770788224936,0.34002864360809326,166100000
2013-07-18,0.3395632812145805,0.34072696510553113,0.33421032976732507,0.33863234519958496,344488000
2013-07-19,0.3365376138638622,0.33816676535719653,0.3279263607610333,0.33141741156578064,480532000
2013-07-22,0.33397764072089653,0.3370032249192016,0.3297884001710774,0.3311848044395447,292384000
2013-07-23,0.335374027925672,0.335374027925672,0.3290901401960935,0.3307192921638489,246792000
2013-07-24,0.33374487595791663,0.3346758120125158,0.33025382413654925,0.3307192921638489,284252000
2013-07-25,0.3304865515889174,0.3363049991643239,0.32815918365652047,0.3318829834461212,243320000
2013-07-26,0.32792650721049194,0.33258124369559117,0.32792650721049194,0.33048659563064575,227360000
2013-07-29,0.32978835701942444,0.33397759702109614,0.3288573932178423,0.32978835701942444,179540000
2013-07-30,0.33095192198289947,0.33979592232415684,0.3307191741800754,0.3353739082813263,266076000
2013-07-31,0.3337448980667498,0.3393305702531933,0.33351215016547486,0.33607226610183716,270160000
2013-08-01,0.3372359493835899,0.34142521738649007,0.33327942928145693,0.3407270014286041,277648000
2013-08-02,0.3400287846278394,0.344218052620355,0.33770141660359915,0.34351983666419983,209628000
2013-08-05,0.34258883537780943,0.34631263460594053,0.3407269357637439,0.3451489508152008,185188000
2013-08-06,0.34538159339270535,0.3460798090592902,0.3393304279415084,0.34002864360809326,206608000
2013-08-07,0.33816694578185635,0.34328717855617835,0.3379342255840183,0.33979612588882446,244380000
2013-08-08,0.34165798077051146,0.3437526009946778,0.33770143274466025,0.34212344884872437,345696000
2013-08-09,0.32862467327324973,0.3423561616227179,0.32839195311137703,0.3372359573841095,906224000
2013-08-12,0.3235043834396845,0.33933048778071073,0.3051181637845185,0.33444303274154663,257568000
2013-08-13,0.33490865692000443,0.3370032775218622,0.332814008573725,0.3356068730354309,197468000
2013-08-14,0.33490851696687823,0.3518983058685161,0.3346757691108573,0.3498036861419678,828508000
2013-08-15,0.34607996021698545,0.3549239644529227,0.34468352827389476,0.3521311283111572,723616000
2013-08-16,0.351432957350684,0.35841506247156446,0.35073474128971205,0.35352760553359985,660456000
2013-08-19,0.3514329578252404,0.3525966420136252,0.3477091573246413,0.34794190526008606,393432000
2013-08-20,0.3478249310662647,0.3520353218728275,0.34735711606204805,0.34969621896743774,234192000
2013-08-21,0.3475909174017699,0.3520352284734625,0.3466552876415708,0.3480587601661682,261540000
2013-08-22,0.3478248688225097,0.3532048101190191,0.3478248688225097,0.349930077791214,129016000
2013-08-23,0.35039789271171456,0.3532048101190191,0.34922834146831255,0.349930077791214,245120000
2013-08-26,0.35016392880579356,0.3515674012812404,0.3492282990783608,0.3506317436695099,300152000
2013-08-27,0.34735705338743667,0.34969615587077557,0.3450179509040978,0.3461875021457672,277464000
2013-08-28,0.3468892384676291,0.3494622344687212,0.34478402950204345,0.3461875021457672,318824000
2013-08-29,0.34501796172834226,0.34876053697282067,0.3440823039750716,0.34548577666282654,276216000
2013-08-30,0.3457196761052738,0.3466553059147927,0.3433805736971763,0.3450179398059845,378120000
2013-09-03,0.3459535945843419,0.35016398479965793,0.3431466770688986,0.3452518582344055,284680000
2013-09-04,0.34525186640952155,0.3506318080406875,0.34478405145992075,0.34852662682533264,222080000
2013-09-05,0.34712307920207064,0.3508656537600398,0.34688918571988314,0.3494621813297272,174904000
2013-09-06,0.349696126188666,0.351567413593363,0.3454857364991725,0.3480587601661682,226756000
2013-09-09,0.35086573283693523,0.3539065718650818,0.34993010292872234,0.3539065718650818,246408000
2013-09-10,0.35647965332300613,0.36162567441515775,0.35484225889360127,0.36139175295829773,292132000
2013-09-11,0.36092387102570267,0.3684090216460356,0.3583508470144254,0.3674733638763428,396164000
2013-09-12,0.3656020514330519,0.37191765032629137,0.3656020514330519,0.36723944544792175,303808000
2013-09-13,0.3684089891295026,0.37121590642223196,0.3658359653453257,0.3695785403251648,159696000
2013-09-16,0.3726193740912341,0.37519236995714095,0.3684089842655778,0.3698124289512634,231412000
2013-09-17,0.37121588286673274,0.3740227999813492,0.3695785168735647,0.37098196148872375,168608000
2013-09-18,0.37121603931706454,0.3751925092290269,0.36934475115722637,0.3742568790912628,268168000
2013-09-19,0.37589406265419417,0.37659579885781486,0.3709819371131457,0.3726193308830261,227572000
2013-09-20,0.3735550720958965,0.3758941748834782,0.36864294508825307,0.36934468150138855,356036000
2013-09-23,0.36911069686789416,0.3721515355479434,0.36373075580077624,0.365835964679718,271244000
2013-09-24,0.36606989422832936,0.3686428901808523,0.36396468530248266,0.36723944544792175,229732000
2013-09-25,0.36653776072290045,0.370514229852271,0.3649003664775969,0.3677073121070862,233156000
2013-09-26,0.36864290106870357,0.3693446373980449,0.3644325109769571,0.3665377199649811,148816000
2013-09-27,0.3637306583994803,0.36677149626524147,0.3623272140736392,0.3644323945045471,151920000
2013-09-30,0.3606899446718435,0.36653770063411334,0.3585847357948464,0.36396467685699463,226640000
2013-10-01,0.3644325245864432,0.36606991871082073,0.36162560704855695,0.363730788230896,226976000
2013-10-02,0.3599882751786943,0.36490037436790684,0.3599882751786943,0.36349692940711975,162036000
2013-10-03,0.3637308531089691,0.36700561405753546,0.3581170170318659,0.35975438356399536,436768000
2013-10-04,0.35928652016255314,0.3677073010287087,0.35835086235281155,0.3646664619445801,246228000
2013-10-07,0.3632629891721196,0.3672394860659897,0.36139170143694016,0.3646664619445801,169952000
2013-10-08,0.3637308229677837,0.3688768714770507,0.35881872377844487,0.36162564158439636,290712000
2013-10-09,0.3639646225597588,0.36419854391707257,0.35414039958560983,0.35601165890693665,275860000
2013-10-10,0.3585848587289197,0.36092396191574516,0.3560118340696879,0.35998833179473877,223484000
2013-10-11,0.3543744274607817,0.3588187397452487,0.3532048759992335,0.3569474518299103,213704000
2013-10-14,0.35601179662209814,0.3623273968696594,0.35601179662209814,0.3623273968696594,166628000
2013-10-15,0.36232736701993906,0.36443254833949,0.36022215781608385,0.36045607924461365,208820000
2013-10-16,0.3625613071268387,0.3663038831581375,0.3620934920940033,0.3649004101753235,210072000
2013-10-17,0.36209348119118434,0.36653779358006966,0.36209348119118434,0.36560213565826416,213324000
2013-10-18,0.3649003028406145,0.37098198013148465,0.3634968581549288,0.3698124289512634,255068000
2013-10-21,0.37425678644176197,0.37449067997614627,0.36957858114243924,0.3707481324672699,195008000
2013-10-22,0.37074819224751154,0.37098208581960934,0.36560214328105395,0.3688769042491913,179452000
2013-10-23,0.36817511894399413,0.36817511894399413,0.3613917043351073,0.36256125569343567,252216000
2013-10-24,0.363496986574977,0.36583608976180243,0.3592865952618292,0.35998833179473877,236436000
2013-10-25,0.3618595871954028,0.36209348076234693,0.35531009328774915,0.3564796447753906,330492000
2013-10-28,0.3560116935789573,0.3576490874710279,0.35086567417554554,0.3557778000831604,394024000
2013-10-29,0.355310007130488,0.3569473732392884,0.3520352470285871,0.35624563694000244,387952000
2013-10-30,0.35741513128222757,0.35905249713053644,0.3529708206833369,0.35601165890693665,204032000
2013-10-31,0.3564796039871073,0.35905260023493296,0.3546083162441317,0.3553100526332855,293368000
2013-11-01,0.3571813453916361,0.35858481829921646,0.3543744274607817,0.3569474518299103,206136000
2013-11-04,0.3581168970514847,0.3581168970514847,0.3459535431523533,0.3466552793979645,410264000
2013-11-05,0.34455013598429024,0.34782486830724424,0.3408075608572276,0.3461875021457672,422368000
2013-11-06,0.34618752419302595,0.3487605482422845,0.3426788702445659,0.34852662682533264,198044000
2013-11-07,0.34735702716953865,0.34829265693853406,0.33963798398027994,0.340339720249176,553076000
2013-11-08,0.3508656923477902,0.3651342280494486,0.34946221976312547,0.36396467685699463,734532000
2013-11-11,0.36256130394279246,0.3679412464839219,0.36185959534185574,0.3670056164264679,297624000
2013-11-12,0.36864294206071296,0.37074815128282995,0.36349692154715674,0.3677073121070862,316032000
2013-11-13,0.3667716419517407,0.3777654469013214,0.3660699334522386,0.3777654469013214,332792000
2013-11-14,0.37659601694920586,0.38174203894872166,0.3763620954511,0.37940293550491333,307980000
2013-11-15,0.38080621800445436,0.3812740328820562,0.37449061956178437,0.3782331943511963,450332000
2013-11-18,0.370046420926198,0.37332115370174235,0.368175133104042,0.36911076307296753,316948000
2013-11-19,0.3673468936512303,0.37063936098203976,0.36264335287275135,0.3631137013435364,206716000
2013-11-20,0.36334884712834076,0.3642895720678578,0.3569990729366826,0.35770460963249207,204776000
2013-11-21,0.3581749405678645,0.3612322474099773,0.35652870704836126,0.3605267107486725,213568000
2013-11-22,0.3609970733090999,0.3609970733090999,0.35629353276336256,0.35699906945228577,158668000
2013-11-25,0.3569990744122337,0.3652302704816338,0.3569990744122337,0.3647599220275879,248208000
2013-11-26,0.3687579797219858,0.3718152871721517,0.36640620907344557,0.3678172826766968,753176000
2013-11-27,0.3675820714553052,0.37040421848566496,0.36523030095354925,0.369228333234787,181272000
2013-11-29,0.36922837114909596,0.3701690682322677,0.36452480162728107,0.3668765723705292,116964000
2013-12-02,0.36546554327326736,0.3729912043849315,0.3647600064113226,0.37040427327156067,373872000
2013-12-03,0.370404291456234,0.37534299366166857,0.3678173321805387,0.37016910314559937,290560000
2013-12-04,0.3692282313188237,0.3760483526772704,0.36828750655659476,0.37534281611442566,493176000
2013-12-05,0.37604845647575286,0.37604845647575286,0.36875795670618317,0.369228333234787,271812000
2013-12-06,0.3736966410338896,0.3736966410338896,0.3628784868126584,0.3638192117214203,281000000
2013-12-09,0.36381922361575597,0.36499510876366725,0.3569990729366826,0.35770460963249207,385220000
2013-12-10,0.3577046064965007,0.3675820360452974,0.35723425804852244,0.3659358024597168,524268000
2013-12-11,0.36664144388195696,0.36711179246429226,0.36170271367913376,0.36240825057029724,414156000
2013-12-12,0.3612322746638388,0.3631136965574951,0.35464731205369887,0.35535284876823425,258724000
2013-12-13,0.3560583449622657,0.35864527524074286,0.35276585001423444,0.35323619842529297,184588000
2013-12-16,0.3534714976248001,0.3567639655712275,0.35323630932777544,0.3537066578865051,237620000
2013-12-17,0.35347142687457794,0.35629354569740534,0.35041411980180076,0.35535284876823425,274104000
2013-12-18,0.3560585532257715,0.3609972564835669,0.35159017061882064,0.3602917194366455,426232000
2013-12-19,0.35982122874792993,0.36217299928599617,0.3574694582098637,0.36170265078544617,258544000
2013-12-20,0.36240817050267615,0.3692283215633709,0.3614674455105209,0.3689931333065033,382080000
2013-12-23,0.3711097240447998,0.3741670312780868,0.3680524448468283,0.3711097240447998,168568000
2013-12-24,0.37322631954533825,0.37322631954533825,0.3682875905148548,0.3720504343509674,79600000
2013-12-26,0.3734614618730948,0.37463734692286493,0.3675820085889332,0.3685227334499359,168920000
2013-12-27,0.3704042533440828,0.37134495041918697,0.36828764287212057,0.3706394135951996,210976000
2013-12-30,0.3708745644778839,0.37581329371239236,0.3704042159877678,0.3755781054496765,248180000
2013-12-31,0.37628357786746225,0.3786353479512649,0.37393180778365964,0.37675392627716064,235776000
2014-01-02,0.3744022779852034,0.375813351708627,0.3696987362875513,0.3729912042617798,260092000
2014-01-03,0.3736966220618622,0.3744021586987865,0.3673468484001658,0.3685227334499359,259332000
2014-01-06,0.37228557175144344,0.3762836035955185,0.3687579163845392,0.3734614849090576,409492000
2014-01-07,0.3772243758878994,0.3809872202455967,0.3746374449228861,0.3795761466026306,333288000
2014-01-08,0.38098725330581734,0.3866315203321453,0.3795761795404052,0.384750097990036,308192000
2014-01-09,0.37887063150893785,0.37957616837088265,0.3692283878467594,0.37040427327156067,292172000
2014-01-10,0.3715800455296259,0.3741669758551329,0.36664131703544933,0.3699337840080261,218492000
2014-01-13,0.3699338561160025,0.37228562670777066,0.3605267737489297,0.36123231053352356,243332000
2014-01-14,0.3631137513549458,0.3732263710285426,0.3614674894274881,0.3725208342075348,241828000
2014-01-15,0.37416701557053844,0.37792985939743745,0.37252078190951304,0.37651878595352173,175044000
2014-01-16,0.37651884062805274,0.3784002628147047,0.3748726067279767,0.3776947259902954,220652000
2014-01-17,0.37769473926417596,0.3821631206189281,0.37369673449910684,0.3760485053062439,340400000
2014-01-21,0.3765188605060066,0.37981135651530135,0.37346158083102426,0.3774595856666565,246076000
2014-01-22,0.37816504117913796,0.37863538964062365,0.3725207755353676,0.3769891560077667,337940000
2014-01-23,0.37581329371239236,0.37981129793135293,0.3727559864736641,0.3755781054496765,185028000
2014-01-24,0.37252076483735225,0.37393183821660025,0.3659358024597168,0.3659358024597168,246696000
2014-01-27,0.36593581193153635,0.3711097010638439,0.361467431471801,0.363584041595459,233812000
2014-01-28,0.3628784319263348,0.3673468114876467,0.3614673587942767,0.3671116232872009,167996000
2014-01-29,0.3657006236838031,0.36781723380746106,0.3633488533477257,0.363584041595459,162944000
2014-01-30,0.3657005823345342,0.3704041505101767,0.3645246972994512,0.3696986138820648,202896000
2014-01-31,0.3645247641959593,0.37134491547224097,0.3642896039669732,0.369228333234787,335348000
2014-02-03,0.3718152717337753,0.3722856202368902,0.3628785380333266,0.36428961157798767,431728000
2014-02-04,0.36405434287800426,0.3671116495257729,0.36217292124589195,0.366406112909317,280692000
2014-02-05,0.3638192380673711,0.36499512326199085,0.36029155444819744,0.3631137013435364,214676000
2014-02-06,0.3635840899022608,0.3687579797219858,0.3631137413796163,0.3678172826766968,168380000
2014-02-07,0.368757845943754,0.3736965737281404,0.36546537944436797,0.37322622537612915,157248000
2014-02-10,0.37275608027717816,0.37934104490184745,0.3725208919552775,0.37440231442451477,324372000
2014-02-11,0.37651884083215653,0.3831038044713488,0.37463744667980314,0.3821631073951721,235384000
2014-02-12,0.3833390012051871,0.3986255392947961,0.3833390012051871,0.39580339193344116,744528000
2014-02-13,0.4056808649206643,0.41061959492954586,0.3986255523567307,0.4082677960395813,902836000
2014-02-14,0.4045049284214182,0.4221432076042811,0.4042697401515201,0.42120251059532166,817536000
2014-02-18,0.42143771702943006,0.4228487626036861,0.41743968448074376,0.42096734046936035,428988000
2014-02-19,0.42096718892367846,0.4303742962088044,0.41908576746665327,0.42661145329475403,450340000
2014-02-20,0.4275521994537688,0.44260354481541225,0.4268466908566836,0.44166284799575806,398088000
2014-02-21,0.4409573652508112,0.4466016309644298,0.43554828778850285,0.43837040662765503,451052000
2014-02-24,0.4374297092848227,0.4480126759482528,0.4334317052634787,0.44472020864486694,403112000
2014-02-25,0.4441297821702406,0.4460196999717361,0.4379875563558583,0.44271233677864075,242184000
2014-02-26,0.441767297909686,0.44838199472574136,0.4405861030554585,0.4420035481452942,360884000
2014-02-27,0.44200353404326403,0.4464920630813603,0.4358613097324847,0.4370425045490265,388848000
2014-02-28,0.43468000099999,0.4389323068575258,0.4278290559623217,0.4342075288295746,321692000
2014-03-03,0.4245217907250953,0.4320814311504364,0.42074195643147333,0.4320814311504364,375948000
2014-03-04,0.4342076882531865,0.4394049403597753,0.43349896565639967,0.43657007813453674,260344000
2014-03-05,0.4360974219680405,0.4405859780376052,0.4342075332670646,0.4403497278690338,241472000
2014-03-06,0.44105844570534447,0.4434208347193201,0.4334988064930022,0.4342075288295746,290144000
2014-03-07,0.4360974918316626,0.43680621428901656,0.4304277684966373,0.43373510241508484,268452000
2014-03-10,0.43231771959737497,0.43420763691136827,0.42546677285438744,0.42735669016838074,300888000
2014-03-11,0.4294827778482732,0.435388779304307,0.4280653611548228,0.4316089451313019,297220000
2014-03-12,0.42948285723062013,0.43538885977827463,0.42782919003499237,0.43279021978378296,239428000
2014-03-13,0.43373511315592533,0.4353888083180038,0.4169621366181027,0.41908830404281616,385172000
2014-03-14,0.41483611031344114,0.42475814317812055,0.41483611031344114,0.420978307723999,460048000
2014-03-17,0.42215950278317305,0.42523061556940783,0.42050583533271174,0.420978307723999,299656000
2014-03-18,0.42263194130885445,0.43373516760314446,0.4207420238591672,0.43090030550956726,293904000
2014-03-19,0.43420750631732513,0.4467281730746197,0.43302628370968144,0.4384597837924957,366168000
2014-03-20,0.4360975359279151,0.44247601052716085,0.4342076467330783,0.4386961758136749,191800000
2014-03-21,0.4424759738531254,0.44601955804259835,0.43562502752300214,0.43798741698265076,566116000
2014-03-24,0.438223679024619,0.4417672633097623,0.42948281525840865,0.4358612895011902,306096000
2014-03-25,0.4405860685480479,0.44105854082035273,0.4325539272712471,0.4358612895011902,304424000
2014-03-26,0.4398773164560285,0.44814567923159,0.4221593680607799,0.4259392023086548,557756000
2014-03-27,0.4249942681317763,0.428537852264361,0.4155446822829805,0.4202694892883301,540728000
2014-03-28,0.4195607392781345,0.42546671244461465,0.4183795446448384,0.4228680729866028,398820000
2014-03-31,0.42357678820908834,0.42735662223623666,0.4207419267696776,0.42310431599617004,273404000
2014-04-01,0.43657009239543415,0.4457834019688964,0.4313728119571634,0.4405861496925354,656272000
2014-04-02,0.44058606555186125,0.4415310100900449,0.4358612865371342,0.4377512037754059,239948000
2014-04-03,0.43869619924902237,0.45310678818186306,0.43845994900609414,0.4424760341644287,599548000
2014-04-04,0.44483840364009886,0.44743704354605646,0.42688423085435206,0.4287741482257843,368032000
2014-04-07,0.4290103816128001,0.43845994055732296,0.4266479918766694,0.4301915764808655,428576000
2014-04-08,0.4301916299340507,0.4467283883036371,0.42948290729276817,0.4455471932888031,470692000
2014-04-09,0.4476731677938552,0.4514530017107765,0.441530944719333,0.44507452845573425,421968000
2014-04-10,0.4431846127150616,0.44932680725425916,0.43279008415642983,0.4342075288295746,372748000
2014-04-11,0.43090025113058184,0.43751494728876855,0.4223956377612127,0.42806538939476013,353112000
2014-04-14,0.4309003023479624,0.4344438869794107,0.42806544027518517,0.43279021978378296,290184000
2014-04-15,0.43326264976065665,0.438223679024619,0.4290103429861038,0.4358612895011902,304636000
2014-04-16,0.43798739660969555,0.4384598688472675,0.4313727007979808,0.43680620193481445,235136000
2014-04-17,0.43515245060916374,0.44247586743755213,0.43420750631732513,0.4384597837924957,153532000
2014-04-21,0.43869618565631313,0.4431847429995217,0.4358613236385485,0.4420035481452942,117004000
2014-04-22,0.4427121163043613,0.44861811705351506,0.44034972726945926,0.44578322768211365,255120000
2014-04-23,0.4464920466599967,0.4521617984680148,0.4457833241637563,0.45098060369491577,261580000
2014-04-24,0.4540517009276957,0.45972142438888147,0.4540517009276957,0.45499664545059204,391492000
2014-04-25,0.45405176099166844,0.4583040682310237,0.44153106135462333,0.4424760341644287,313600000
2014-04-28,0.44601965222951223,0.44838204218803174,0.43515264715555857,0.4405861496925354,226788000
2014-04-29,0.44223963544347766,0.443184607936017,0.4365699131358346,0.44153091311454773,171300000
2014-04-30,0.4408223627622939,0.4412948350817548,0.43538886068372534,0.4363338053226471,305740000
2014-05-01,0.44294848282587,0.44389342742328847,0.4351525913304967,0.4386961758136749,198104000
2014-05-02,0.44082230484676727,0.44082230484676727,0.4327901638235708,0.43538880348205566,156376000
2014-05-05,0.4349162655948852,0.44342087814279957,0.4344437933782014,0.44011354446411133,239260000
2014-05-06,0.4443658501327001,0.4481456560229229,0.42995526449111626,0.43113645911216736,416188000
2014-05-07,0.4311364729001517,0.43515252910778096,0.4268841664959964,0.4316089451313019,293900000
2014-05-08,0.4299553356497761,0.44389342322020614,0.4278291680828575,0.4370425045490265,432728000
2014-05-09,0.4238129583572596,0.427829013651464,0.4183794585300909,0.42641156911849976,539532000
2014-05-12,0.4273566057557258,0.43987727380567093,0.4271203555774269,0.438932329416275,299856000
2014-05-13,0.4330263230893897,0.4401135185702813,0.43042771196956564,0.43184512853622437,221104000
2014-05-14,0.43208146042363604,0.43373512747841675,0.4273566813174597,0.4275929033756256,214320000
2014-05-15,0.426647918141425,0.42901030746927676,0.4209781668574394,0.425230473279953,325896000
2014-05-16,0.421923082430965,0.42735658278265676,0.421923082430965,0.4242854714393616,283960000
2014-05-19,0.4287741093547826,0.4403498064422994,0.42688419215468293,0.43798741698265076,360076000
2014-05-20,0.4381059699475211,0.4392926047323218,0.43074885125671986,0.4328847825527191,256200000
2014-05-21,0.43454606559311904,0.4383433082211232,0.4302741747095156,0.4328847825527191,216712000
2014-05-22,0.43193571816795107,0.43715690836867116,0.43193571816795107,0.4347836375236511,130364000
2014-05-23,0.43715675416274163,0.4409539974919539,0.434546145837457,0.4388180375099182,182656000
2014-05-27,0.4414286608779417,0.44664984941482544,0.44000468750805927,0.44664984941482544,209680000
2014-05-28,0.4483111211444093,0.4532949709114778,0.44403922970720155,0.45044705271720886,224676000
2014-05-29,0.45020990256477655,0.45400714727182045,0.4487859570183504,0.44973525404930115,171884000
2014-05-30,0.4497350496084778,0.4521083193986328,0.44736177981832287,0.4509216845035553,239128000
2014-06-02,0.4523457075482555,0.4551936259519949,0.4457005457451229,0.449497789144516,181500000
2014-06-03,0.45044712102059753,0.45092176940968076,0.44166599851030036,0.4475992023944855,243212000
2014-06-04,0.44641258042661774,0.45139643109622746,0.44617524207927806,0.4480738639831543,161236000
2014-06-05,0.4487857859486893,0.4513963659345045,0.4461751776712644,0.4499724209308624,188696000
2014-06-06,0.4521083401091723,0.4556682449574797,0.45044705683828395,0.4516336917877197,161052000
2014-06-09,0.45115902696588,0.4563802148941195,0.44807377055186326,0.45210832357406616,247456000
2014-06-10,0.4504470190811874,0.4566175316176761,0.44854839766291343,0.4544815719127655,217608000
2014-06-11,0.4528203989537509,0.4616015216132919,0.4528203989537509,0.4604148864746094,266228000
2014-06-12,0.4604148185430117,0.46539866841517125,0.4563802370334803,0.46326273679733276,337148000
2014-06-13,0.4680093501891669,0.46824668853582335,0.4592282274454694,0.46373745799064636,227852000
2014-06-16,0.46160151478525246,0.4653987301978997,0.4582789194711216,0.4623134732246399,198620000
2014-06-17,0.46278808929325893,0.4672972908463192,0.4604148193618358,0.4653986692428589,157608000
2014-06-18,0.46421205079343175,0.46705999744575455,0.4599401591065579,0.46492403745651245,215536000
2014-06-19,0.4563803670599093,0.4587536376632756,0.45092183901384353,0.4542444348335266,474592000
2014-06-20,0.45543095679885526,0.4570922401494692,0.44570053842987184,0.4492604434490204,353148000
2014-06-23,0.4433272389634591,0.4442765355888522,0.4381060226489721,0.4440392255783081,414200000
2014-06-24,0.44332721972045985,0.44688712434857575,0.43525808558843293,0.43715670704841614,275780000
2014-06-25,0.43834349911880477,0.4419034050235384,0.4343089447517634,0.4416660666465759,215420000
2014-06-26,0.44166586629654947,0.4419032045658497,0.43430874773909894,0.4357326924800873,256908000
2014-06-27,0.4352582077404741,0.43881811336765153,0.432647598963898,0.43620753288269043,302820000
2014-06-30,0.43454614985359186,0.4411913115953237,0.43454614985359186,0.4400046765804291,180512000
2014-07-01,0.43952993379466915,0.4475990671371714,0.43810596076610864,0.4449884593486786,321180000
2014-07-02,0.443327397108078,0.4452260193277528,0.4407167880195729,0.443327397108078,179284000
2014-07-03,0.43929269178601665,0.44854846191662107,0.43929269178601665,0.4473618268966675,136892000
2014-07-07,0.44807380129832197,0.4483111396124584,0.4430899230343354,0.4438019096851349,127496000
2014-07-08,0.4426153223084576,0.44451394415094864,0.43597016000554556,0.44024205207824707,221940000
2014-07-09,0.44403925802828526,0.45543095982353904,0.4407166630133806,0.453532338142395,387668000
2014-07-10,0.4449886055109432,0.4530577415038576,0.44142870006184926,0.45115911960601807,266308000
2014-07-11,0.45163367526997306,0.4535322967779532,0.4499723920598434,0.45210832357406616,191188000
2014-07-14,0.45400710766924507,0.45899098737604893,0.4523458238641831,0.4578043520450592,272636000
2014-07-15,0.45851621437939594,0.4608894843968491,0.45543095769838476,0.45970284938812256,395440000
2014-07-16,0.4616016359679923,0.4651615422659517,0.456617755834201,0.4592283368110657,319728000
2014-07-17,0.45400705434045496,0.4627881773916206,0.45400705434045496,0.45804160833358765,324832000
2014-07-18,0.44854848223650523,0.4521083874576348,0.4369194415391815,0.43763142824172974,567816000
2014-07-21,0.43597016000554556,0.44332730903584333,0.43597016000554556,0.44024205207824707,243364000
2014-07-22,0.4435645942797433,0.4459378643772405,0.4373941090012174,0.4383434057235718,298816000
2014-07-23,0.43858071715205077,0.4388180271722797,0.4286129607205908,0.4290876090526581,297352000
2014-07-24,0.43146089972464247,0.4326475347576011,0.4267143595928078,0.4297996163368225,254576000
2014-07-25,0.42837554449828524,0.42932486928137154,0.42149307420603005,0.4222050607204437,266132000
2014-07-28,0.42410372454097967,0.42410372454097967,0.4134240099157671,0.4205438196659088,330352000
2014-07-29,0.4207812585967623,0.42766375997602885,0.4205439202316919,0.42196789383888245,217972000
2014-07-30,0.42457840746060477,0.43027424402863096,0.4233917724846319,0.4290876090526581,246184000
2014-07-31,0.42386638420078626,0.427188950529845,0.4146106152127962,0.41532260179519653,401880000
2014-08-01,0.41532267153737795,0.4222051719341676,0.4138986981334596,0.41983190178871155,219884000
2014-08-04,0.41935713747596876,0.4229170419500928,0.41674655783657466,0.41888248920440674,241724000
2014-08-05,0.41769595087162553,0.42529043813744366,0.4141360455751279,0.4191199243068695,298136000
2014-08-06,0.4162719939371694,0.4238664815040287,0.413186765191198,0.41864529252052307,223456000
2014-08-07,0.4222051346695826,0.42600234959219624,0.4115253916660318,0.41437333822250366,407696000
2014-08-08,0.4324101744820251,0.45329495429371025,0.4324101744820251,0.4509216845035553,894348000
2014-08-11,0.45139644436554854,0.453295066325237,0.4473618903834697,0.4485485255718231,344624000
2014-08-12,0.4483112155091212,0.45092179594853005,0.4435646464640928,0.4485485255718231,296152000
2014-08-13,0.4492604977081786,0.45495636340169704,0.4464125790072262,0.45115911960601807,256596000
2014-08-14,0.45282028904351806,0.45282028904351806,0.4442765068021377,0.44617512822151184,255992000
2014-08-15,0.4475992049782263,0.4544816773886936,0.4433273128685925,0.4518710970878601,369796000
2014-08-18,0.4537697159854882,0.45851628504352115,0.4492605135740366,0.45804160833358765,284076000
2014-08-19,0.45816078765128726,0.46412020933009074,0.456492126847811,0.46173644065856934,248260000
2014-08-20,0.46006768924054986,0.46221309767241975,0.45768392103853345,0.4588758051395416,221468000
2014-08-21,0.457684010129937,0.4600677787959707,0.4538699973143414,0.45458510518074036,272796000
2014-08-22,0.454108298162576,0.4586374750899614,0.4512477818181411,0.45482343435287476,251224000
2014-08-25,0.4567304849403161,0.45982938969213843,0.4545850762274719,0.4555386006832123,153380000
2014-08-26,0.4567305152655814,0.46459695756812247,0.4550618828781973,0.46364346146583557,269636000
2014-08-27,0.4607829154632939,0.4643585684653256,0.4576840105115137,0.4583991467952728,182972000
2014-08-28,0.45744559208000635,0.4631666247834872,0.4560153196957559,0.4622131288051605,179704000
2014-08-29,0.46388182128302524,0.46459695756812247,0.4588758957041089,0.46364346146583557,207932000
2014-09-02,0.46483534574508667,0.46483534574508667,0.4605445564517936,0.46483534574508667,192636000
2014-09-03,0.46721899576475845,0.4707946478649879,0.4641200915945416,0.46912601590156555,259456000
2014-09-04,0.4684110276710421,0.480329900184571,0.4681726394224005,0.4774693548679352,491832000
2014-09-05,0.4769924883860956,0.47913789696884146,0.47294008784103403,0.47603899240493774,253792000
2014-09-08,0.4755622738356044,0.47651576987575145,0.4698412123444354,0.4717482328414917,319288000
2014-09-09,0.46960291253121034,0.4727018176826947,0.4653121229689063,0.465788871049881,198588000
2014-09-10,0.4684109082056884,0.4691260443524563,0.4631665954072301,0.4674573838710785,172376000
2014-09-11,0.46412011904546374,0.46578875110757934,0.4576839221509689,0.4626898467540741,250720000
2014-09-12,0.4655504523562824,0.4655504523562824,0.4553002414101937,0.45577698945999146,262536000
2014-09-15,0.4572072631551711,0.4579223994400156,0.4476721884686152,0.4495792090892792,294152000
2014-09-16,0.44838738329145106,0.45863759560104,0.4469571105350367,0.4562538266181946,219936000
2014-09-17,0.4550618224199497,0.4607828551071187,0.4529164138496911,0.4564920663833618,173584000
2014-09-18,0.459352642092232,0.46388179090665854,0.45792236961569605,0.463405042886734,219604000
2014-09-19,0.46483528418353715,0.4653120321714829,0.454108298162576,0.45482343435287476,601316000
2014-09-22,0.46412014816887026,0.46412014816887026,0.44981750960776307,0.45029428601264954,221464000
2014-09-23,0.44791057811286206,0.4533932521060853,0.44624194561495045,0.44838735461235046,196144000
2014-09-24,0.4481489948526801,0.4524397847034916,0.44767224673964945,0.45100951194763184,159592000
2014-09-25,0.4505325824598046,0.45172446647093806,0.44028237428070527,0.44123587012290955,298440000
2014-09-26,0.4426662328532951,0.4455267493818019,0.4407592123620365,0.442189484834671,241188000
2014-09-29,0.43861377256160045,0.444573193027772,0.4343229841426053,0.4414742887020111,208540000
2014-09-30,0.4395674472031765,0.4429047410712735,0.4345615206094159,0.4398058354854584,277204000
2014-10-01,0.44052085214310893,0.44361972846960623,0.43432304265659,0.4355149269104004,350976000
2014-10-02,0.4347997903560709,0.4369451706446523,0.4235960556450553,0.43360790610313416,288996000
2014-10-03,0.43623000245756094,0.4421894228975362,0.4345613420009613,0.4345613420009613,239140000
2014-10-06,0.43623009316733086,0.439805746174838,0.4290787587355525,0.4319393038749695,199032000
2014-10-07,0.4300323126193443,0.4343231022047053,0.4269334074512077,0.42741015553474426,301896000
2014-10-08,0.42693337759875355,0.43742197678699374,0.42359608441381913,0.4352765679359436,260172000
2014-10-09,0.43336951745497077,0.43384629388908114,0.4233576954236081,0.4269333481788635,306956000
2014-10-10,0.4235959897043663,0.4250262619519465,0.4014269403674192,0.4016653001308441,691376000
2014-10-13,0.4042875172369247,0.412392347163974,0.39975836846648677,0.400235116481781,397628000
2014-10-14,0.405717879349647,0.42073562985878765,0.4033341103296808,0.40953192114830017,376620000
2014-10-15,0.40357241034825536,0.41787505076432135,0.40095028186510845,0.4157296419143677,404428000
2014-10-16,0.4083400936547937,0.4207356886060596,0.4073865688636057,0.4159681499004364,351116000
2014-10-17,0.4209740164428621,0.425741554463716,0.41358432114383126,0.4152529537677765,290716000
2014-10-20,0.41525271671254166,0.42264240779302104,0.41239220121636483,0.4188283681869507,200336000
2014-10-21,0.4219275676767715,0.43718370838213727,0.42073568301620096,0.4367069602012634,351092000
2014-10-22,0.4359917049162595,0.43742197748591155,0.42645663022994995,0.42645663022994995,239512000
2014-10-23,0.43384620540577284,0.43909048936055206,0.43074730129989,0.4359915852546692,214476000
2014-10-24,0.4386138619851808,0.44314301109616033,0.4359917050787627,0.44052088260650635,210156000
2014-10-27,0.4402824042204744,0.4424277842197007,0.4355148678517418,0.44075915217399597,145092000
2014-10-28,0.4395672995261124,0.4517245295027471,0.43909055153848675,0.45124778151512146,192580000
2014-10-29,0.4493408507777954,0.45196300785791793,0.44433492486729464,0.44838735461235046,168340000
2014-10-30,0.44719540958415194,0.44910240165656745,0.4398057158448743,0.44552674889564514,170260000
2014-10-31,0.45577701926558295,0.4660272592987513,0.4533932504439436,0.465788871049881,256316000
2014-11-03,0.47651577018783475,0.4781844308843283,0.4712714851300669,0.47365525364875793,308732000
2014-11-04,0.4767540998401778,0.4815216362918982,0.46888765901148743,0.4798530042171478,360196000
2014-11-05,0.482713548821587,0.4829519085941178,0.4762773518783575,0.4798530042171478,335652000
2014-11-06,0.4808065904545849,0.4827136394936,0.4734168961996487,0.4819985032081604,394088000
2014-11-07,0.48748114483801597,0.49320217791242277,0.46698069580723195,0.4717482328414917,450800000
2014-11-10,0.4712713688366393,0.4803297210724929,0.4700794848714094,0.47723081707954407,293388000
2014-11-11,0.4743703904092567,0.47699251873264237,0.4674574446473949,0.4715098738670349,212992000
2014-11-12,0.46984118294893285,0.47103306713292786,0.4619747416512139,0.4684109389781952,204584000
2014-11-13,0.4700796611446844,0.47079479747533953,0.4622132183410103,0.46602725982666016,225328000
2014-11-14,0.4665039477871584,0.4717482328414917,0.4619747705545543,0.4717482328414917,160248000
2014-11-17,0.46960291266441345,0.4746088385579824,0.4665040075120501,0.46960291266441345,158732000
2014-11-18,0.46984118364621075,0.48199844212446646,0.4686492994604469,0.48080652952194214,207772000
2014-11-19,0.4811656961631588,0.48260202172594135,0.4739841254232968,0.479011207818985,240300000
2014-11-20,0.47565987570799095,0.48738979309005914,0.47422354997564664,0.48691099882125854,220968000
2014-11-21,0.4912199667207899,0.4919381295733691,0.4854747209742127,0.4895442724227905,198976000
2014-11-24,0.4907410221412735,0.4948105723433,0.48882595983703947,0.4926561415195465,136004000
2014-11-25,0.4916986065557374,0.4960075828180843,0.4907410752998976,0.49241676926612854,190240000
2014-11-26,0.4895441256436821,0.5012740392867756,0.4893047000485713,0.5007952451705933,219264000
2014-11-28,0.5024709601787233,0.5048648167126164,0.4979226156421137,0.5019921660423279,124832000
2014-12-01,0.49983771077148254,0.5027103042278336,0.491937978886949,0.4926561415195465,190060000
2014-12-02,0.4921774502955146,0.4955288385655469,0.4876291050295845,0.49337440729141235,245952000
2014-12-03,0.4957682615792005,0.5063012205465913,0.49433193602136294,0.506061851978302,284424000
2014-12-04,0.5053436634075342,0.5072587260042091,0.49816209305893183,0.5015134811401367,185332000
2014-12-05,0.5017529631957243,0.5070194721389676,0.5015135945855053,0.5043862462043762,165680000
2014-12-08,0.5036679607602322,0.5086950427961365,0.49385310816635886,0.4979226589202881,226944000
2014-12-09,0.4948105491346027,0.49744383102196116,0.48738961171122036,0.496246874332428,239448000
2014-12-10,0.4948107020166918,0.49672582189685394,0.4847565366735432,0.4852352738380432,204364000
2014-12-11,0.48810780145232835,0.4914591890509237,0.4840382512148855,0.4849957823753357,135652000
2014-12-12,0.4785324229699408,0.48284137094861257,0.46943576135652804,0.4699145555496216,323964000
2014-12-15,0.47542040601590996,0.48403833055769707,0.46704190710901133,0.4684782326221466,254696000
2014-12-16,0.4679994573208686,0.47542039622043597,0.46297234666549736,0.46321171522140503,185308000
2014-12-17,0.47254771067444984,0.4828412991662349,0.45722701219874035,0.48212313652038574,345596000
2014-12-18,0.4881079040592262,0.49385314930369517,0.4794900076554971,0.4840383529663086,226156000
2014-12-19,0.48738974067768315,0.4907411289767169,0.4828413953723937,0.48882606625556946,325528000
2014-12-22,0.4883472831996098,0.4974439740180969,0.4866715890117943,0.4974439740180969,148976000
2014-12-23,0.5012741885567354,0.5036680457024137,0.49385319145329315,0.4943319857120514,109280000
2014-12-24,0.4955287886531418,0.496246951363533,0.4919380321752312,0.49241676926612854,45644000
2014-12-26,0.4924168387497502,0.49552885857589224,0.4912199387795703,0.49289563298225403,52636000
2014-12-29,0.49145926406656615,0.4955288149251794,0.48906540726302605,0.49217742681503296,82944000
2014-12-30,0.48882598297688185,0.49121983950751325,0.4869108635079517,0.4876290261745453,112120000
2014-12-31,0.48834725672447304,0.49098053922603957,0.4785324321697538,0.479968786239624,166300000
2015-01-02,0.481883704662323,0.4854745174196274,0.47422334216276213,0.481883704662323,113680000
2015-01-05,0.48188385070885514,0.48332017624709,0.4715902604502384,0.4737447202205658,197952000
2015-01-06,0.47446291518173017,0.47494168088128413,0.45890284445555163,0.4593816101551056,197764000
2015-01-07,0.46273294611424176,0.46680252544151984,0.4567483042059194,0.4581846296787262,321808000
2015-01-08,0.46345118911647953,0.4782931264492361,0.46321179198387563,0.4754204750061035,283780000
2015-01-09,0.4770961142821271,0.4809262965106433,0.47063267820437815,0.47733548283576965,209540000
2015-01-12,0.4785322375299627,0.4787716345337388,0.46704172355196344,0.47135066986083984,190732000
2015-01-13,0.47494162012873226,0.48451704704307036,0.4672812843046664,0.4706326723098755,236720000
2015-01-14,0.4656055963581271,0.47398409501715083,0.4644086679782665,0.4725477695465088,155260000
2015-01-15,0.47589909310209455,0.4787717149448061,0.4689568927337723,0.46919628977775574,188932000
2015-01-16,0.46847825749261196,0.478293082433693,0.4670419319032254,0.47781431674957275,181512000
2015-01-20,0.48116561263865854,0.48379883766396353,0.4732658804887028,0.47925055027008057,140308000
2015-01-21,0.4766173604238308,0.48715034754420294,0.47326594375674785,0.4859533905982971,144780000
2015-01-22,0.48691098860860915,0.49576831141426964,0.4818839057249016,0.4943319857120514,159712000
2015-01-23,0.4948106606378525,0.4967257803578615,0.4907411097096509,0.4957682490348816,120416000
2015-01-26,0.4936136305332184,0.49600748674617345,0.49050161174897344,0.4936136305332184,133240000
2015-01-27,0.48595339051859904,0.48643218471169253,0.4689569957004588,0.4699145555496216,357948000
2015-01-28,0.47565971415721164,0.47757480497089555,0.462014709945351,0.4622541069984436,272728000
2015-01-29,0.46249356591594526,0.4761385434159765,0.4603390777609785,0.47350531816482544,235340000
2015-01-30,0.47015384862682774,0.4756597241302268,0.45890272909893737,0.459620863199234,298200000
2015-02-02,0.462493465731079,0.4715901249395984,0.45339680652255965,0.4696750342845917,259604000
2015-02-03,0.4730265799136031,0.48188387359160756,0.4706327229275535,0.4814050793647766,183468000
2015-02-04,0.47996871559193993,0.48810781631465194,0.47853236173348984,0.48260194063186646,181516000
2015-02-05,0.48308058885120914,0.4907409511073994,0.4826018518814664,0.4905015826225281,140448000
2015-02-06,0.49002298616424,0.49576828871000045,0.486192803491751,0.48834729194641113,210524000
2015-02-09,0.48547454215911506,0.4893046665300438,0.4823625233022089,0.48786839842796326,273944000
2015-02-10,0.4883472402973419,0.5017528496962091,0.48619275207054685,0.5015134811401367,226204000
2015-02-11,0.5027103786931436,0.5027103786931436,0.4948106456384411,0.49816209077835083,320832000
2015-02-12,0.5266489538520108,0.5386182365835024,0.5235369346344187,0.5338305234909058,676904000
2015-02-13,0.5326336298360733,0.534788118105416,0.5244945280283994,0.5340699553489685,310084000
2015-02-17,0.5331122768542677,0.5383787832562644,0.5297608896321029,0.5357455015182495,203340000
2015-02-18,0.5350276413331204,0.5359852300012381,0.5285642317306851,0.5295217633247375,170948000
2015-02-19,0.5362245053070515,0.5371820367344557,0.5285641397397072,0.5309579968452454,169432000
2015-02-20,0.5304792712639794,0.5350275599120814,0.5266490883965858,0.534788191318512,157752000
2015-02-23,0.5345485033446881,0.5345485033446881,0.5278456730630195,0.5304789543151855,125008000
2015-02-24,0.532521910800298,0.5361264944076538,0.5277157611279413,0.5361264944076538,149356000
2015-02-25,0.5339635688939701,0.5363667003895155,0.5296380582483666,0.5320411324501038,123820000
2015-02-26,0.5325218696151438,0.5366070907913143,0.5291575192696337,0.53348308801651,152864000
2015-02-27,0.532040960852056,0.5332425262122903,0.5281960319106118,0.5301185250282288,157492000
2015-03-02,0.5286768453064357,0.5459790026492661,0.5279559173093337,0.5430952906608582,301512000
2015-03-03,0.5390099101699696,0.541653273845301,0.5313200520132701,0.5330021977424622,160344000
2015-03-04,0.5310799562939972,0.540211616066376,0.5289171721529813,0.5390101075172424,226840000
2015-03-05,0.5390101216629298,0.5503045658727339,0.5375682655310794,0.5493433475494385,323056000
2015-03-06,0.5462194110654499,0.5488627760975447,0.5414132615741021,0.5418938994407654,257392000
2015-03-09,0.5421339890980225,0.5474207744995369,0.5409324235229419,0.543335497379303,222388000
2015-03-10,0.5457387974633332,0.5563123726494759,0.5447775789810904,0.5527077317237854,527212000
2015-03-11,0.5527076544484654,0.5599168779980843,0.5483821432362203,0.5498239994049072,262120000
2015-03-12,0.5445370435474873,0.548622263228327,0.5344441107929554,0.5447773337364197,406972000
2015-03-13,0.5421341378655681,0.5469402868971501,0.5346845667609448,0.5454984307289124,359288000
2015-03-16,0.54982408624443,0.5553511642348027,0.5462194452533936,0.551986813545227,236956000
2015-03-17,0.5507850746918665,0.5589555144671485,0.5469401450053218,0.5587152242660522,299900000
2015-03-18,0.5587153307806861,0.5615989856249899,0.5445371749246377,0.5495836138725281,413844000
2015-03-19,0.5515058354597753,0.5599165628873536,0.5474206168101252,0.5579941272735596,310756000
2015-03-20,0.5625602383317042,0.567366386837315,0.5572734520580084,0.5640020370483398,462084000
2015-03-23,0.5471804933948669,0.5543897158386084,0.5454983472207079,0.5457386374473572,426012000
2015-03-24,0.5440565565266465,0.5479014870832262,0.5358861149025486,0.5382891893386841,330480000
2015-03-25,0.538048583016216,0.538048583016216,0.5039248658571182,0.5056070685386658,542552000
2015-03-26,0.4952740056699525,0.5060878090582914,0.4916693663446406,0.5039250254631042,311920000
2015-03-27,0.506808977192799,0.5157003486854173,0.4986385339070228,0.5137779116630554,318288000
2015-03-30,0.5161809564890578,0.5185840312737979,0.5094523127154921,0.5159406661987305,253252000
2015-03-31,0.5144985693065715,0.5149791496625227,0.5024832010008603,0.5029637813568115,357276000
2015-04-01,0.5048863291740417,0.5065684751890813,0.49623525160112303,0.5048863291740417,330768000
2015-04-02,0.5077702248365369,0.5092120813329454,0.5017625658266065,0.5060880780220032,192204000
2015-04-06,0.5039251306131766,0.522428854187806,0.49863840155797695,0.5207467079162598,515864000
2015-04-07,0.5207466256980637,0.5310798492302491,0.5178629140913883,0.5253124833106995,413964000
2015-04-08,0.5257932262883733,0.531080013437324,0.5207467867101607,0.5291575193405151,366432000
2015-04-09,0.5250721319436621,0.5430952147649225,0.5248318417428108,0.5414130687713623,379432000
2015-04-10,0.5418938870284955,0.5471806169715909,0.539971392899699,0.5469403266906738,258728000
2015-04-13,0.5457387731987866,0.5488627760975447,0.5394907674012702,0.5418938994407654,236724000
2015-04-14,0.5397309596819717,0.5418937435189157,0.5320410997909293,0.5373278856277466,220276000
2015-04-15,0.5387698883476901,0.5479015493248361,0.5361264660619786,0.543816328048706,243560000
2015-04-16,0.5406921744855024,0.5452580323483034,0.5366069543480823,0.5404518842697144,155284000
2015-04-17,0.5291575192696337,0.5387698751647525,0.5289172289927468,0.53348308801651,293636000
2015-04-20,0.5358858801236145,0.5392501714014994,0.5298781680184296,0.5308394432067871,231624000
2015-04-21,0.5373277453082654,0.5373277453082654,0.5274751041532292,0.5301185250282288,230456000
2015-04-22,0.5332428389805338,0.5368474225878896,0.5250723387024687,0.5361264944076538,207420000
2015-04-23,0.5262736406091054,0.5390099365773627,0.5202659278872657,0.5339634418487549,259380000
2015-04-24,0.5337232363617453,0.5339635265747324,0.523390012383854,0.52939772605896,240960000
2015-04-27,0.531080013366185,0.542855096340923,0.5265141543424219,0.53348308801651,248456000
2015-04-28,0.532521910800298,0.5380489886528905,0.5274754135386471,0.5361264944076538,234484000
2015-04-29,0.532281422682135,0.5375682088434799,0.5298783484803979,0.5320411324501038,195156000
2015-04-30,0.5293978668403395,0.5361264529437217,0.5281963008682675,0.53348308801651,218844000
2015-05-01,0.5378083388819378,0.5483819080551453,0.535405265395989,0.5466997623443604,256968000
2015-05-04,0.5462192089244563,0.549823848355898,0.5416533514092302,0.543335497379303,200720000
2015-05-05,0.5414130961153681,0.542134024048133,0.5269946520476783,0.52939772605896,292928000
2015-05-06,0.5322815162182021,0.53732801303432,0.524111073955293,0.5310800075531006,316484000
2015-05-07,0.528917094504818,0.54213403036784,0.5272349484066924,0.5404518842697144,534564000
2015-05-08,0.5048862678009539,0.5248317846467685,0.4923902620153081,0.5005607008934021,1146552000
2015-05-11,0.4935920532955085,0.5008013356098373,0.48974717911963644,0.49575483798980713,544144000
2015-05-12,0.4921499718405979,0.5046459203324491,0.491909624372093,0.5005607008934021,388800000
2015-05-13,0.504165480440341,0.5080104107758511,0.4986384038256349,0.5034445524215698,308524000
2015-05-14,0.5048862169351532,0.5142582203301859,0.503684651595067,0.5116147994995117,293052000
2015-05-15,0.5137778004520615,0.5161808748567633,0.5087313613903314,0.5118553638458252,215824000
2015-05-18,0.5106541056025001,0.5142587480278107,0.5082510297502423,0.5111347436904907,324972000
2015-05-19,0.5118102934027339,0.5135002833334393,0.5069818987524444,0.5079476237297058,253808000
2015-05-20,0.508189026194519,0.5142245482868832,0.5074647612410751,0.5079476237297058,196824000
2015-05-21,0.508189071109809,0.5103618661621789,0.5038434810050694,0.504326343536377,239692000
2015-05-22,0.5055333604318913,0.507464695016364,0.5023948985628754,0.5036019682884216,212592000
2015-05-26,0.5011878102376447,0.5045676748027007,0.49660081829421077,0.5004635453224182,259732000
2015-05-27,0.5038435458362914,0.5296755146254374,0.5021536130977798,0.5272613167762756,432332000
2015-05-28,0.5272611076737979,0.5361936304173133,0.5262954404289031,0.534503698348999,327656000
2015-05-29,0.534503880855495,0.5378837461461794,0.5335382132808729,0.534262478351593,335168000
2015-06-01,0.5376422067193152,0.5456090629092786,0.5342623422893912,0.54029780626297,372660000
2015-06-02,0.5369180768282845,0.5398151371017585,0.5291926211383631,0.5296754837036133,224304000
2015-06-03,0.5311238474358743,0.5352279764981036,0.5229155317524201,0.5238812565803528,250788000
2015-06-04,0.52074279745028,0.5349865768066842,0.52074279745028,0.5332966446876526,323712000
2015-06-05,0.5316068991051789,0.5398152185995899,0.5260542377820577,0.537401020526886,313320000
2015-06-08,0.5357110657943811,0.5393323339763098,0.5190530825040571,0.5250885486602783,342812000
2015-06-09,0.5255711412567664,0.5316066043121558,0.5246054740749829,0.527743935585022,256888000
2015-06-10,0.5214670689316503,0.5248469332127258,0.5154315476648756,0.5183286070823669,529460000
2015-06-11,0.51832859783522,0.5275025232286158,0.51832859783522,0.5238812565803528,283052000
2015-06-12,0.5205015759697581,0.5236400392172258,0.5084305856175834,0.509637713432312,323728000
2015-06-15,0.5069818898672842,0.5110860770512061,0.5031192202619518,0.5086718797683716,306548000
2015-06-16,0.5077061341466165,0.5156729906116547,0.5026363373266836,0.5149487257003784,256892000
2015-06-17,0.5147074850744219,0.5238814717955694,0.5135004148821242,0.520984411239624,233544000
2015-06-18,0.525329950852416,0.5330553489833239,0.523881420715679,0.5296754837036133,299404000
2015-06-19,0.5296752663427264,0.5340207974106642,0.5231569409613248,0.5279853343963623,355656000
2015-06-22,0.5289513277274656,0.5318483885984364,0.5178460044674443,0.5258128643035889,514236000
2015-06-23,0.5267784053176359,0.5308825355246004,0.5081890893593807,0.5122932195663452,414064000
2015-06-24,0.5115690201596651,0.5142246781794437,0.5048092889653611,0.5072234869003296,253368000
2015-06-25,0.5072236746857567,0.5142248685568677,0.5072236746857567,0.5110864043235779,350460000
2015-06-26,0.5069818079622207,0.5074646703643805,0.49853214761688,0.5007048845291138,421296000
2015-06-29,0.4949109533131643,0.4999808084091844,0.4850127607240453,0.48573702573776245,391724000
2015-06-30,0.4886340298720723,0.4908068249205094,0.4821157022857704,0.48549556732177734,315916000
2015-07-01,0.4975667041527565,0.50456783799938,0.48815131476851387,0.4924968481063843,302892000
2015-07-02,0.4922553509165355,0.4961180784513035,0.4898411534021816,0.49297961592674255,145764000
2015-07-06,0.4888754120495603,0.4956351410448963,0.4833227528495342,0.4869440197944641,214776000
2015-07-07,0.4840470131211093,0.4859783477987348,0.46256061264777715,0.477770060300827,594252000
2015-07-08,0.4751146228738055,0.47801165465842643,0.4705276295002718,0.4743903577327728,332492000
2015-07-09,0.4818743362378535,0.4840471314505904,0.46569918851233716,0.4685962200164795,357588000
2015-07-10,0.47463155137930424,0.4811499060004229,0.4734244529353189,0.47680434584617615,216708000
2015-07-13,0.4816327306486965,0.4825983978740944,0.476804336962714,0.47994279861450195,212472000
2015-07-14,0.4806671791435761,0.4811500128725169,0.4739074205998943,0.48018431663513184,249216000
2015-07-15,0.478977111533551,0.4821155732438124,0.4724587856919294,0.47680434584617615,265732000
2015-07-16,0.4797015111921526,0.4874269664287567,0.4780115786514598,0.4874269664287567,282848000
2015-07-17,0.48573706992644067,0.48621987494016783,0.478253016623524,0.48452994227409363,220372000
2015-07-20,0.48452990684169756,0.48646129943241223,0.47439028280722906,0.4755973815917969,188412000
2015-07-21,0.4746315982804358,0.4845298180110158,0.4746315982804358,0.477770060300827,149720000
2015-07-22,0.4743903118042711,0.4743903118042711,0.46280215700819477,0.4685962200164795,356472000
2015-07-23,0.4695619618319014,0.48139152027723253,0.4685962653840213,0.4743903577327728,169916000
2015-07-24,0.47777008326478304,0.47825291695739675,0.46690619567321895,0.46883755922317505,188844000
2015-07-27,0.4647334931419279,0.47149325251891033,0.4608707940547286,0.46618202328681946,192420000
2015-07-28,0.4673890837696101,0.479460071387514,0.46256068872244854,0.47632163763046265,198308000
2015-07-29,0.4753558979329945,0.48597838333416526,0.47342453433464504,0.48211565613746643,232680000
2015-07-30,0.48090857304510765,0.488151193968119,0.48090857304510765,0.48332279920578003,190180000
2015-07-31,0.48525415474067085,0.48549555722136073,0.4787358272899785,0.48163285851478577,218340000
2015-08-03,0.48549560254855584,0.49032399796719484,0.47921870577202924,0.48984119296073914,397132000
2015-08-04,0.48815132381224047,0.4932211223935182,0.4862199308581672,0.4917725920677185,260100000
2015-08-05,0.5038434871924308,0.504326349729668,0.4958766294615819,0.4968423545360565,234628000
2015-08-06,0.4956352069181918,0.4992565319034208,0.48549555451855864,0.4937038719654083,655676000
2015-08-07,0.5422290817879559,0.5641982534135458,0.5282267070788211,0.5547829270362854,1405248000
2015-08-10,0.5509203737250593,0.5782008094072336,0.5475404514038039,0.5740966796875,662304000
2015-08-11,0.5656471136017865,0.5767524358824665,0.5656471136017865,0.5711997747421265,435008000
2015-08-12,0.56202571050121,0.5767522974577431,0.56202571050121,0.5726481676101685,384048000
2015-08-13,0.5733724339718903,0.574579561461207,0.566371244187271,0.5678197741508484,276884000
2015-08-14,0.5673369063720906,0.5716824962224468,0.5639570415278176,0.5683026313781738,214652000
2015-08-17,0.5673369512641903,0.5673369512641903,0.5576801609112866,0.564681351184845,273880000
2015-08-18,0.5629358477576235,0.5668148278238145,0.5551778876252413,0.5595417618751526,287084000
2015-08-19,0.558814140566435,0.5651174724641248,0.5512986027801933,0.557359516620636,249248000
2015-08-20,0.5510564630581293,0.5537232364382925,0.5345708130142062,0.5372376441955566,426932000
2015-08-21,0.5333586895908939,0.5423287984776235,0.5200247064557943,0.5205096006393433,382664000
2015-08-24,0.4914174005798488,0.529237422213742,0.4848716453897378,0.5020846128463745,682284000
2015-08-25,0.5241461422710323,0.5260856613430198,0.4916597902774811,0.4916597902774811,622684000
2015-08-26,0.5076605587555356,0.5292373404031275,0.5037815783310748,0.5287524461746216,614976000
2015-08-27,0.5343283728876974,0.5488745034930678,0.5311767054764154,0.5486320853233337,463764000
2015-08-28,0.5486321488678801,0.5544505902237041,0.5447531686969337,0.5510565042495728,320944000
2015-08-31,0.5483898697912613,0.5522688509462677,0.5428138452186657,0.5449957251548767,219352000
2015-09-01,0.5292372997425353,0.538207408771767,0.5188125659407383,0.5226914882659912,353408000
2015-09-02,0.5369950802049461,0.5386921227870246,0.5280249732134555,0.5384497046470642,344044000
2015-09-03,0.5464501688447454,0.5491170000163738,0.5389346850910361,0.5399044156074524,262556000
2015-09-04,0.5306918208561379,0.539177092762085,0.5270553170401505,0.5272977352142334,287972000
2015-09-08,0.5401469611404558,0.5520263217206977,0.5379650814143793,0.5498443841934204,238448000
2015-09-09,0.5515411952893521,0.5561474283570543,0.5377223226827342,0.5389345288276672,289392000
2015-09-10,0.5357830237292157,0.5542081349579636,0.5333586685096748,0.5474199056625366,357076000
2015-09-11,0.5413590098115452,0.5527534727907534,0.5391770729215317,0.5491169691085815,301584000
2015-09-14,0.5517837795520638,0.5534808224250505,0.5471774872961356,0.5500867366790771,192460000
2015-09-15,0.5503291346276387,0.5590568246544004,0.5486320918170441,0.556147575378418,327976000
2015-09-16,0.5551778164403709,0.5631781937382101,0.5510564187113601,0.5600265264511108,173508000
2015-09-17,0.5697241311456418,0.574815318768028,0.5639056888069732,0.5651178956031799,268712000
2015-09-18,0.5573597677985064,0.5694815431409921,0.5539656822628471,0.5646328330039978,326412000
2015-09-21,0.5653600723617622,0.5716634062868338,0.562450823534444,0.5704512000083923,281840000
2015-09-22,0.5580870629901664,0.5619660425410826,0.5520261466041381,0.5549353957176208,228356000
2015-09-23,0.5554202896726261,0.5609963125179795,0.5532384104122792,0.5576022267341614,161632000
2015-09-24,0.5542080203358714,0.5740877521450268,0.5454803317903597,0.5682693123817444,382440000
2015-09-25,0.5753000460753521,0.5835429004422521,0.5668148313168836,0.5723908543586731,369692000
2015-09-28,0.5723909673796415,0.5760274721938308,0.5612389190940443,0.5648754239082336,395584000
2015-09-29,0.5709362335632432,0.5757849442592257,0.5629358551347531,0.5748152136802673,380736000
2015-09-30,0.5801486578030627,0.5983313485866133,0.5767545724784795,0.5976040363311768,556380000
2015-10-01,0.5976040033508646,0.5993010459195005,0.5689965822197395,0.5859671235084534,489296000
2015-10-02,0.582815582617929,0.6012406945228577,0.5767546654460542,0.6012406945228577,386144000
2015-10-05,0.6051196880106966,0.6237872185205487,0.6019680202595434,0.6162717342376709,482024000
2015-10-06,0.6097260342278107,0.6269389414756756,0.6073016786520046,0.6242721676826477,453216000
2015-10-07,0.6257268201785637,0.6371212861071496,0.6155445031907301,0.6308179497718811,310152000
2015-10-08,0.6281513296893132,0.6361517111815684,0.6174841158321642,0.6344546675682068,460068000
2015-10-09,0.6310600433942548,0.6371209583839907,0.6201504773343668,0.6320298314094543,423248000
2015-10-12,0.6327574645979998,0.6424549459484136,0.6281512288729675,0.6388183832168579,227588000
2015-10-13,0.6337269311899996,0.6439091860622281,0.631544994659733,0.6400302648544312,298444000
2015-10-14,0.6407576434607444,0.6737289425289217,0.6400303889441623,0.6633042097091675,612148000
2015-10-15,0.6645163789945902,0.6785776738395745,0.6577282075530028,0.6650012731552124,526048000
2015-10-16,0.6671832690718832,0.6817294015603633,0.6654861682604873,0.6754260659217834,448396000
2015-10-19,0.6776081500276596,0.6807598185301699,0.6664561011420393,0.6742140054702759,294712000
2015-10-20,0.671304895239779,0.6763960259975764,0.6662137066807696,0.6732443571090698,264824000
2015-10-21,0.6773654779146052,0.681486933841276,0.6633042406512641,0.6645163893699646,386280000
2015-10-22,0.6722742786732256,0.6906993881123255,0.6713045482398378,0.6885174512863159,306884000
2015-10-23,0.6945782629613477,0.697729929745731,0.6841535323209659,0.6931236386299133,381776000
2015-10-26,0.6936087240788169,0.6953057670000732,0.6836688269385014,0.6899721622467041,247436000
2015-10-27,0.6865781479020963,0.693851214522525,0.6860932536735895,0.6894873976707458,208268000
2015-10-28,0.6938511460338243,0.6950633525848389,0.6836688306498225,0.6950633525848389,217036000
2015-10-29,0.6839110146254248,0.6909416015351169,0.6698497252037104,0.6710618734359741,327168000
2015-10-30,0.6783354463493871,0.6926391633950627,0.6732442585358055,0.6877903938293457,301160000
2015-11-02,0.6899719114221424,0.6965176625391881,0.6858505147114533,0.6957903504371643,190088000
2015-11-03,0.6916691825551995,0.6955481624489078,0.6831839682263258,0.6909418702125549,376768000
2015-11-04,0.6890024924859887,0.6940936216989729,0.6763958207572338,0.6795474886894226,442264000
2015-11-05,0.6829416949781707,0.6848812144013714,0.6698501845266857,0.6717896461486816,478800000
2015-11-06,0.7382170359305631,0.7743399533362496,0.7229435891832244,0.7648849487304688,1172272000
2015-11-09,0.7573694231320375,0.7636727592009819,0.7508236110442285,0.7614908218383789,492568000
2015-11-10,0.7515507209954215,0.755672176392446,0.7309437330162034,0.7469444870948792,552260000
2015-11-11,0.7474292498478331,0.7527628532829251,0.7370045189073181,0.7396713495254517,619896000
2015-11-12,0.7379744875558214,0.7447627175565273,0.7338530890345185,0.7370047569274902,291080000
2015-11-13,0.7377319848949019,0.7408836524270768,0.7188219797018525,0.72245854139328,292940000
2015-11-16,0.7319136277778562,0.7374896511422527,0.7260951284054814,0.7370047569274902,344280000
2015-11-17,0.7389442759853464,0.7433080927134337,0.7338530890345185,0.7370047569274902,257048000
2015-11-18,0.7400465998933915,0.7561081725729176,0.7320158425639648,0.7551347017288208,350216000
2015-11-19,0.7578114308623425,0.7648687152182567,0.7517275010154867,0.7573246955871582,254072000
2015-11-20,0.7629220393025464,0.7682758962935794,0.7582982563566846,0.7638954520225525,239744000
2015-11-23,0.770222738015824,0.770222738015824,0.7497808383808965,0.7524577379226685,242552000
2015-11-24,0.7524578309121523,0.7651123721656036,0.7490508568887384,0.7585417628288269,195428000
2015-11-25,0.7570814436461668,0.7660856121131457,0.7548912216880383,0.7575681209564209,138300000
2015-11-27,0.7590283304018557,0.7663290128329008,0.7551346215011651,0.7638954520225525,86996000
2015-11-30,0.764625718774634,0.7753334354553418,0.7638956445454639,0.7719264030456543,327244000
2015-12-01,0.7787402675644892,0.7977220780134759,0.7780101934687074,0.7969920039176941,409496000
2015-12-02,0.7982089017054494,0.8064829989466926,0.7892047302346047,0.7909082174301147,294240000
2015-12-03,0.7972352944159646,0.8055093896404233,0.7853108289332643,0.7892045378684998,246656000
2015-12-04,0.7892045407916831,0.8227877152092299,0.7892045407916831,0.8213275671005249,458756000
2015-12-07,0.821084192643418,0.821084192643418,0.8033191934765169,0.8057527542114258,333588000
2015-12-08,0.7957751612354471,0.820110770011189,0.7906647007987416,0.8167037963867188,314488000
2015-12-09,0.8164605608340939,0.8213276832040193,0.7877445040391292,0.7960186004638672,372676000
2015-12-10,0.7984521909099584,0.8069696843798088,0.795775290914601,0.8025892972946167,236596000
2015-12-11,0.7945583218240121,0.8001555170247113,0.788961126623313,0.7906646132469177,227320000
2015-12-14,0.791394787915342,0.7969919838281354,0.7831206343786024,0.7926115393638611,275892000
2015-12-15,0.8016158573175002,0.8079431284787013,0.7972354700631885,0.8023459315299988,307296000
2015-12-16,0.8040493730029219,0.8098899663710726,0.796992086050867,0.8072130084037781,236356000
2015-12-17,0.8084297520881005,0.8167038479905216,0.7945584600115305,0.7950451374053955,254160000
2015-12-18,0.7894478513762143,0.7974786076676416,0.7811737564155514,0.7821471691131592,395896000
2015-12-21,0.7906646113012746,0.801372266346439,0.7836072681489488,0.800642192363739,284216000
2015-12-22,0.8030758360579056,0.8094031058821965,0.796505227554424,0.8013723492622375,130012000
2015-12-23,0.8025892784369673,0.8076997395863954,0.8011291301026517,0.8045361042022705,122524000
2015-12-24,0.8021025472273225,0.8091598922000538,0.8008857376020656,0.8072130084037781,52448000
2015-12-28,0.7986955502101236,0.8064829111099243,0.7875011572696932,0.8064829111099243,142024000
2015-12-29,0.8069698204090862,0.8220579260604348,0.8047795974869498,0.8196243643760681,203660000
2015-12-30,0.8188939670854308,0.8259513105927854,0.8123233589312493,0.8125666975975037,180344000
2015-12-31,0.8113499525893884,0.8150002646944018,0.8021023869514465,0.8021023869514465,148528000
2016-01-04,0.7857975773957274,0.7928548633114254,0.7797136462042163,0.787744402885437,358076000
2016-01-05,0.8025894070795215,0.8137838020759925,0.7909082765533706,0.8003991842269897,490272000
2016-01-06,0.7872577388782703,0.7909081095282663,0.7582983444641046,0.7673025727272034,449344000
2016-01-07,0.7480773185600463,0.7531878371550742,0.7271486828450507,0.7368829846382141,645304000
2016-01-08,0.7463739514590169,0.7471040256611626,0.7196047767894952,0.7210649251937866,398472000
2016-01-11,0.721794957381604,0.7273921539251332,0.7093837546882379,0.7222816348075867,409372000
2016-01-12,0.7351796993580586,0.7451573433625303,0.7293391626363497,0.7344496250152588,469356000
2016-01-13,0.7400466756786994,0.7449138563355947,0.7113306753332919,0.7120607495307922,481672000
2016-01-14,0.697459130367352,0.705733282973073,0.6770172325628946,0.6977025270462036,600236000
2016-01-15,0.6697166583457053,0.6777474155642084,0.6483012864228065,0.6597390174865723,841452000
2016-01-19,0.673366860848644,0.6923486686343076,0.662415808969121,0.6650927662849426,457140000
2016-01-20,0.6524382235750491,0.6772605651275527,0.6436773937317736,0.6687430739402771,481180000
2016-01-21,0.67604386264233,0.6869948572216719,0.6621725138768088,0.6765305399894714,481456000
2016-01-22,0.6894283631056355,0.6969724415920946,0.6879682151391814,0.6923486590385437,257996000
2016-01-25,0.6921052970573233,0.7001360525814873,0.6901584138274492,0.6916185617446899,270728000
2016-01-26,0.6930789434080675,0.7013530403687205,0.6860215981083674,0.6984327435493469,227944000
2016-01-27,0.6974593494046272,0.6996495720781576,0.677017445180385,0.6901586651802063,231700000
2016-01-28,0.6957558441589456,0.6981894055039098,0.6692300080926319,0.6826146245002747,276776000
2016-01-29,0.6884551733044562,0.71425093565907,0.6857782731799503,0.7127907872200012,310504000
2016-02-01,0.712060799597713,0.7166845258127507,0.7059768668643249,0.7130342125892639,289884000
2016-02-02,0.7057333294256639,0.7093836416214222,0.6779906898428364,0.6828578114509583,341908000
2016-02-03,0.6882118160288054,0.6923488644809143,0.6704468125470373,0.6862649321556091,326772000
2016-02-04,0.6872382543984392,0.7020830171426139,0.6796942326895447,0.6865082383155823,348140000
2016-02-05,0.6818844990474202,0.6894285212436316,0.641243975422261,0.6431908011436462,600428000
2016-02-08,0.6334565024375189,0.6366201374802981,0.6047404483632681,0.6137446761131287,608852000
2016-02-09,0.6064438462496812,0.6461108859931923,0.6035235506040119,0.6203151345252991,425372000
2016-02-10,0.6242090961446841,0.6422174385493742,0.6154482636713896,0.6188552379608154,335800000
2016-02-11,0.6030368848533689,0.6220186926975221,0.6030368848533689,0.6156914234161377,340144000
2016-02-12,0.6254257791438096,0.6273726628245,0.6023069198225693,0.6261558532714844,340816000
2016-02-16,0.6351600360268908,0.6577922183903503,0.633213210328432,0.6568187475204468,485352000
2016-02-17,0.6650929590740451,0.6794509884040051,0.6624160009822592,0.6731237173080444,771468000
2016-02-18,0.7283653667224175,0.7539177812291074,0.7276352927633126,0.7310422658920288,1068660000
2016-02-19,0.7271488217780007,0.747347445287919,0.7215516247373194,0.740776777267456,525628000
2016-02-22,0.751484426942229,0.775576700142567,0.7500242786232978,0.7670592069625854,449668000
2016-02-23,0.7609751389750393,0.7763065763735354,0.7573247691084162,0.7690058946609497,369380000
2016-02-24,0.7658422699667307,0.7755765123753763,0.744670240509331,0.7743597030639648,336852000
2016-02-25,0.777280013145209,0.779956912450121,0.7621919139288647,0.7760632038116455,349616000
2016-02-26,0.77971347073745,0.781660295789046,0.7631652257162654,0.7709526419639587,361964000
2016-02-29,0.7720518285316464,0.7820657606502548,0.7654572821869974,0.7659457325935364,323344000
2016-03-01,0.7678997518828232,0.7998955845832825,0.7666785093340492,0.7998955845832825,348700000
2016-03-02,0.7954993669327426,0.8074672788362631,0.7940338988250358,0.8045363426208496,233812000
2016-03-03,0.8035591430971838,0.8069785288383515,0.7867063813602264,0.7974531054496765,302004000
2016-03-04,0.8035594515785611,0.8042921856946813,0.7889048857202936,0.7950109839439392,175304000
2016-03-07,0.7906144998850059,0.7959878634531508,0.7796235474785473,0.7898817658424377,239968000
2016-03-08,0.7818217118680247,0.7864623411696002,0.773028962013693,0.7754713892936707,274940000
2016-03-09,0.7823100906430178,0.7835312749640879,0.7649688190738314,0.7749828100204468,222788000
2016-03-10,0.7796235034403017,0.7840199074473724,0.7581301668459314,0.7737616896629333,286084000
2016-03-11,0.7852411332961696,0.7871951101461887,0.7759599325127816,0.7869508266448975,277400000
2016-03-14,0.7832873157774456,0.7920800671572599,0.7796236451058272,0.7889049053192139,190312000
2016-03-15,0.7847527015094505,0.7898817816781937,0.7710750961607387,0.7849969267845154,226216000
2016-03-16,0.779134959145901,0.81113079316192,0.7754712895809914,0.808444082736969,363644000
2016-03-17,0.8055132986680817,0.8094211356807952,0.7906144516868907,0.8016054034233093,353680000
2016-03-18,0.811130835915324,0.8365320660533637,0.8060016982541018,0.8257853984832764,545512000
2016-03-21,0.8184581097228469,0.8284720432498559,0.8096653606159845,0.8282278180122375,337780000
2016-03-22,0.8255410747209383,0.8326240716877042,0.816504043140357,0.8267622590065002,242012000
2016-03-23,0.8304259934254762,0.8470344736961897,0.8267623238174935,0.8409284353256226,429008000
2016-03-24,0.8333571024361038,0.8436153219567474,0.830670449465106,0.8421498537063599,244956000
2016-03-28,0.8406842990615719,0.8543619042728038,0.8397073397390689,0.8506982922554016,265388000
2016-03-29,0.8470345555955725,0.8663297481884676,0.8450806371037602,0.8643758296966553,261812000
2016-03-30,0.8675510927281784,0.8853808194285274,0.867062583931869,0.8734129071235657,376700000
2016-03-31,0.8773205847878239,0.8792745030233917,0.8633987572212632,0.8702375292778015,379884000
2016-04-01,0.8648641997829416,0.883426714889389,0.8582696526962054,0.8829382061958313,348292000
2016-04-04,0.8902655131446441,0.89490614205646,0.8709703217837772,0.8743897080421448,393940000
2016-04-05,0.8665740399219256,0.8812286034461736,0.8631545951806205,0.8731685876846313,339568000
2016-04-06,0.8621775726679356,0.874878216749935,0.8458133170897008,0.8743897080421448,453376000
2016-04-07,0.868772195986821,0.8765879866032205,0.8616891976122727,0.8653528094291687,378104000
2016-04-08,0.8724358363550413,0.8780534247509538,0.8624218440499497,0.8709703683853149,255936000
2016-04-11,0.8760994436300551,0.8907540650213732,0.8734127911871413,0.8763437271118164,387524000
2016-04-12,0.879274464469802,0.8804957069875221,0.858269582314221,0.8753666281700134,292764000
2016-04-13,0.8792745755309318,0.8975928079861711,0.8792745755309318,0.8973485827445984,350716000
2016-04-14,0.8949060295288196,0.9036987775390399,0.8912423602612081,0.89979088306427,416564000
2016-04-15,0.8995468384611527,0.9149341360103685,0.8966159024586128,0.9068741202354431,436972000
2016-04-18,0.9051642837501744,0.9051642837501744,0.8941733337118516,0.9029660820960999,307320000
2016-04-19,0.906385541685834,0.908095234811624,0.8812285370416942,0.886846125125885,309152000
2016-04-20,0.8853805516207951,0.8956387673838918,0.8844035925557496,0.8902654051780701,200172000
2016-04-21,0.8905097887499549,0.8946619674208836,0.8853807090723016,0.889288604259491,178280000
2016-04-22,0.8922196473702031,0.8983256870200207,0.8829383879068718,0.8858693242073059,223540000
2016-04-25,0.886113285477591,0.8951502587353452,0.8836708586989536,0.8902654051780701,191972000
2016-04-26,0.895638813267705,0.9058970295563328,0.8870902899885067,0.8909981846809387,214536000
2016-04-27,0.8887999699382219,0.9117588290818919,0.887090276953914,0.9112703204154968,352396000
2016-04-28,0.9056528396756854,0.9110262027119624,0.88196130208457,0.8841594457626343,381224000
2016-04-29,0.8804956926072259,0.8824496107252088,0.8582695682969228,0.8677950501441956,321904000
2016-05-02,0.8760993861340653,0.8846479098653133,0.8719472660013061,0.8792745471000671,256076000
2016-05-03,0.8692608963628151,0.8729245089873414,0.8612008787103699,0.8687723875045776,224024000
2016-05-04,0.8582696126993808,0.8590023465895441,0.840195665360821,0.84898841381073,525764000
2016-05-05,0.8560714891995705,0.8641315039470409,0.8477671909949894,0.8541175127029419,246884000
2016-05-06,0.8526520541108066,0.8651084724363816,0.8509423610527967,0.862910270690918,183240000
2016-05-09,0.8651084170211029,0.8687720281301474,0.8546059758860338,0.861689031124115,333336000
2016-05-10,0.8670625093171517,0.8797631546075961,0.8587582681189659,0.8782976865768433,269676000
2016-05-11,0.8809845088391663,0.8905099357800937,0.8760995953745987,0.880740225315094,328176000
2016-05-12,0.8870906253234274,0.8909985214931089,0.8531408610579246,0.8687723875045776,670540000
2016-05-13,0.9571880217971341,1.001395990776784,0.9525474513102501,1.00090754032135,2110256000
2016-05-16,0.9933354635295054,1.0453592535122023,0.9901603042788814,1.0304603576660156,973032000
2016-05-17,1.0258202841575292,1.0399863958686164,1.012631189843937,1.0326591730117798,628392000
2016-05-18,1.025820482287905,1.0710055366433888,1.025820482287905,1.0590375661849976,541072000
2016-05-19,1.0548856916142344,1.0712500712394217,1.0534203395080206,1.063678503036499,398880000
2016-05-20,1.0702723273864432,1.087125146282136,1.068562634624745,1.0827287435531616,391084000
2016-05-23,1.0873696174180718,1.091521679436737,1.0778441342494476,1.084438681602478,413636000
2016-05-24,1.0877445299721096,1.114191336470253,1.084805982942699,1.1107629537582397,415788000
2016-05-25,1.1141911598537213,1.1188437223518084,1.0972945754962564,1.1061102151870728,458076000
2016-05-26,1.1080690558982484,1.1259450754899405,1.1048856503504192,1.1178641319274902,309964000
2016-05-27,1.1190890615569924,1.125700735086588,1.1154158187776622,1.1239866018295288,277416000
2016-05-31,1.1288843488038014,1.1465155203665613,1.1281496534067825,1.1440666913986206,412524000
2016-06-01,1.1386789295698037,1.1572895311087492,1.1352506639380646,1.1462701559066772,387132000
2016-06-02,1.15239248221266,1.164146674253761,1.1411281260176653,1.1543515920639038,329208000
2016-06-03,1.1430863739178643,1.144555530048586,1.1181088514315642,1.1381887197494507,461076000
2016-06-06,1.1411275824676281,1.1499432222993253,1.1264349661813344,1.1323120594024658,322512000
2016-06-07,1.1391686804548051,1.1455354930259711,1.1340262818626814,1.1345160007476807,193400000
2016-06-08,1.1347607892769926,1.1389237498389673,1.1215374460760112,1.1308428049087524,234616000
2016-06-09,1.1269247972509195,1.1619421467138067,1.1244759694964757,1.1602280139923096,472168000
2016-06-10,1.1465149687266782,1.1567997652037303,1.1298632433497147,1.131332516670227,400024000
2016-06-13,1.1325573347268514,1.16806453298276,1.1325573347268514,1.1457806825637817,475588000
2016-06-14,1.1430864899634416,1.1533712845216124,1.1303528680724604,1.1479840278625488,298344000
2016-06-15,1.1575346886171154,1.1697784796815816,1.1448010618381483,1.159738540649414,301036000
2016-06-16,1.1511674614099938,1.166349794237539,1.1399031122906809,1.1643908023834229,246456000
2016-06-17,1.1658608255002427,1.1661056850437184,1.139414009772807,1.1440666913986206,471000000
2016-06-20,1.1624321639818531,1.1795734938755573,1.161697468834093,1.1646360158920288,293768000
2016-06-21,1.169533529968882,1.172716936417999,1.1558203495855517,1.1575345993041992,212508000
2016-06-22,1.1599833225112952,1.1675745495292795,1.154596064144705,1.1565550565719604,202620000
2016-06-23,1.167574386447173,1.1886338148234115,1.166839691410477,1.1874094009399414,297880000
2016-06-24,1.138678671652893,1.1597380963110298,1.109293444236867,1.1198230981826782,1017684000
2016-06-27,1.1105180153842351,1.1190887964053815,1.0914175778169395,1.107824444770813,449088000
2016-06-28,1.1288841421020652,1.1301084395952714,1.1085592857494253,1.1239866018295288,381920000
2016-06-29,1.1337809664762921,1.1511672643339428,1.130842420814929,1.1423516273498535,318932000
2016-06-30,1.1443108649998517,1.1582689015103291,1.1350056240927218,1.1511675119400024,430940000
2016-07-01,1.1448010480493498,1.1597385266806979,1.1386790942075746,1.1425970792770386,218488000
2016-07-05,1.1362305168060371,1.1614529161544682,1.1271701305452118,1.1594939231872559,371084000
2016-07-06,1.151412641517276,1.173696486577027,1.1455355475513704,1.166839838027954,273104000
2016-07-07,1.174675652132861,1.2013673114805743,1.169288395090447,1.197204351425171,395400000
2016-07-08,1.2099377231831003,1.2510771293405933,1.205285045298235,1.2452000379562378,481932000
2016-07-11,1.2630762872167758,1.2831561585324525,1.2616070141001994,1.273850917816162,448776000
2016-07-12,1.2880539260915713,1.3047055338471745,1.2718919203956236,1.2929514646530151,436760000
2016-07-13,1.2954005386239047,1.3027469069083675,1.2905029986897838,1.2924619913101196,324604000
2016-07-14,1.2993187038287088,1.317439590789682,1.2885440687429501,1.3056854009628296,316892000
2016-07-15,1.289033036926623,1.29637940128948,1.2694428876476713,1.2905023097991943,428616000
2016-07-18,1.306420091203023,1.308379083911134,1.2922171897277255,1.2971147298812866,252992000
2016-07-19,1.2963798587273598,1.3157251554814406,1.2939310308201526,1.3105827569961548,382652000
2016-07-20,1.3149905922143614,1.3348257265980377,1.3096033337516566,1.3277242183685303,296460000
2016-07-21,1.3247852710059838,1.3289482309010607,1.2988283076166702,1.3032361268997192,361308000
2016-07-22,1.3078889435539676,1.3387434482574463,1.298338725816399,1.3387434482574463,315768000
2016-07-25,1.3468241942111214,1.3666592050038058,1.3409471020800239,1.3634757995605469,312528000
2016-07-26,1.3754751412353854,1.3938408829747442,1.3735161490227206,1.3867394924163818,514508000
2016-07-27,1.398738605666972,1.4011874338294532,1.36445582875811,1.3727816343307495,446676000
2016-07-28,1.3759652412353465,1.38600518127701,1.3715574199609928,1.3757203817367554,221916000
2016-07-29,1.3808626043028365,1.4019220364445735,1.3561300466204569,1.3982489109039307,409588000
2016-08-01,1.4041260040019181,1.4092684031078064,1.380128024741217,1.3891884088516235,301120000
2016-08-02,1.3958000658657461,1.3965347610249477,1.3590685773691904,1.372291922569275,282748000
2016-08-03,1.370577384650167,1.3786583284147438,1.3629861596693464,1.375964641571045,299828000
2016-08-04,1.382576578557611,1.4077989690442192,1.3798830079615418,1.4014321565628052,272712000
2016-08-05,1.4175938589080943,1.425919662562527,1.4107373284593292,1.4251850843429565,371588000
2016-08-08,1.4447751861935167,1.4482034512948192,1.4232259244617256,1.438408374786377,305064000
2016-08-09,1.445510313866949,1.4560400893377838,1.438408921567167,1.4420820474624634,372344000
2016-08-10,1.4548153153564516,1.4570191669953265,1.4281236524270027,1.4327763319015503,375740000
2016-08-11,1.4403678899393753,1.4680389969654075,1.4374293425661293,1.4619170427322388,681064000
2016-08-12,1.5157896248541591,1.552031386389438,1.4846902612272814,1.5437055826187134,1425744000
2016-08-15,1.5454198534813457,1.554970071922514,1.5214218776625028,1.5422364473342896,573304000
2016-08-16,1.5400327189780159,1.5424814302590464,1.528278647942663,1.5329313278198242,287652000
2016-08-17,1.532930824046637,1.5363590887733645,1.4854246030813933,1.497423529624939,595212000
2016-08-18,1.4952200918048215,1.5231360528431988,1.4893429982108297,1.5206873416900635,331684000
2016-08-19,1.5199528324160927,1.5361147250087592,1.5133411596978705,1.5246055126190186,291560000
2016-08-22,1.5292579903263293,1.533176091604665,1.5111371076178306,1.5309721231460571,244748000
2016-08-23,1.5465506984160549,1.5534198658413438,1.5389454819199229,1.5433614253997803,339764000
2016-08-24,1.5487587044567457,1.5494946365343603,1.5124500313812472,1.5195645093917847,298448000
2016-08-25,1.5200548051188405,1.5207907369821518,1.490615424915817,1.5095056295394897,406032000
2016-08-26,1.5134315927055135,1.530359202562544,1.5014104313161967,1.5217727422714233,300024000
2016-08-29,1.5279060074754165,1.5340391266679294,1.5183381871191861,1.5207914113998413,274652000
2016-08-30,1.5188287207315216,1.5269245592584042,1.5077889196527285,1.5119595527648926,285544000
2016-08-31,1.5149032217944178,1.5190737371167737,1.5004288395368162,1.5048446655273438,388544000
2016-09-01,1.5060716837596408,1.5548920274551112,1.5048450131536963,1.549249529838562,428492000
2016-09-02,1.55243860714905,1.5541558989877762,1.5166206722479216,1.5340389013290405,323148000
2016-09-06,1.5394358571055717,1.5485129356384277,1.5315853317651917,1.5485129356384277,306812000
2016-09-07,1.5436067956643498,1.5512120124539692,1.5168660570203711,1.5256978273391724,397988000
2016-09-08,1.5242255434403502,1.539190663341966,1.506807316967511,1.536737322807312,315808000
2016-09-09,1.519809765204987,1.5283962233815236,1.4474378549121227,1.4601949453353882,697760000
2016-09-12,1.4408142399806216,1.4933144744419988,1.4062228568615798,1.490370512008667,598260000
2016-09-13,1.486690558070412,1.5038635935910267,1.4604404418883126,1.468781590461731,471768000
2016-09-14,1.4722158117836006,1.4866901921216369,1.4599494611297241,1.4817836284637451,319048000
2016-09-15,1.4842370923236745,1.5396812779709048,1.4808023921937292,1.5379639863967896,515212000
2016-09-16,1.543361030163187,1.551702176612359,1.5239800863324007,1.541643738746643,902444000
2016-09-19,1.55783548400085,1.6010133160519842,1.5507210073648963,1.5620061159133911,417128000
2016-09-20,1.579915456124579,1.579915456124579,1.5391909547881926,1.5477774143218994,331112000
2016-09-21,1.5524383419368524,1.5941441942926042,1.552193031284904,1.5912002325057983,336212000
2016-09-22,1.6005229782774515,1.6054295429945646,1.5860485948147087,1.595125675201416,308732000
2016-09-23,1.5970883573643118,1.6017494943022101,1.5862938684461394,1.5934083461761475,276132000
2016-09-26,1.5752540160692452,1.5848218342708116,1.5585717203760279,1.5784432888031006,230040000
2016-09-27,1.5723097436885003,1.6348685156636347,1.5715738118098084,1.6324151754379272,402752000
2016-09-28,1.6348694105218702,1.6395306659167277,1.6174510597267215,1.6383039951324463,319788000
2016-09-29,1.635604704639042,1.658665661855126,1.6203943905865654,1.6535136699676514,336684000
2016-09-30,1.662590990935847,1.6974276815421783,1.652777861719193,1.6809906959533691,429932000
2016-10-03,1.6809905370927751,1.7052780471559823,1.6763292836081132,1.6792731285095215,242596000
2016-10-04,1.6817266111038784,1.709939328072829,1.663081595590555,1.675593376159668,281624000
2016-10-05,1.6898224108415163,1.7069954449065015,1.668724172009421,1.6738760471343994,305440000
2016-10-06,1.6537592038243998,1.6640629542976544,1.6255463698906325,1.6520419120788574,360212000
2016-10-07,1.6630813277073662,1.6674972701937008,1.6353592365651752,1.640020489692688,286260000
2016-10-10,1.6486073893195703,1.6574392766615975,1.6306984209102662,1.6461541652679443,287876000
2016-10-11,1.6407569558074753,1.6432101798247696,1.6098454675247087,1.6223572492599487,388540000
2016-10-12,1.615733230837659,1.638303451053119,1.6022402076368807,1.6297169923782349,419920000
2016-10-13,1.6105814413541055,1.614261335698953,1.5627423469441581,1.6032215356826782,390116000
2016-10-14,1.6228474377548179,1.633887235342,1.6093544168047655,1.618922233581543,330636000
2016-10-17,1.6186775043180206,1.6338878221796294,1.6073923920394888,1.609600305557251,195328000
2016-10-18,1.6319250679874293,1.6434554899224585,1.6253012110669176,1.634132981300354,269372000
2016-10-19,1.6230929865550066,1.6383033000891842,1.614751722346051,1.6306980848312378,199060000
2016-10-20,1.6498337994994436,1.6670068330779495,1.6265276482687838,1.6616095304489136,312084000
2016-10-21,1.6557216577437601,1.659892172902414,1.6412472760543104,1.6569483280181885,279508000
2016-10-24,1.668233615669596,1.7366802099582062,1.667988188003079,1.734717607498169,339836000
2016-10-25,1.731773734022629,1.7737249047952508,1.7234325854039223,1.7631757259368896,397460000
2016-10-26,1.7484558488069257,1.789671083186635,1.7467385571229148,1.7702901363372803,333792000
2016-10-27,1.7837833062515411,1.7872178899028235,1.7268671313499306,1.7339816093444824,388664000
2016-10-28,1.742322486499889,1.7688179070379089,1.7278481060625657,1.7310373783111572,290856000
2016-10-31,1.736680025910024,1.7572876420108012,1.7356986662931426,1.7457572221755981,252388000
2016-11-01,1.7521358113120602,1.7617036291359283,1.6753479580561519,1.6939929723739624,473224000
2016-11-02,1.70699507693099,1.730055913175435,1.6839341237048464,1.6868780851364136,295848000
2016-11-03,1.6947292094911337,1.6962011907276486,1.6348690681392424,1.6672524213790894,309664000
2016-11-04,1.656212702490444,1.6861428331372077,1.6333971676689194,1.6576846837997437,328780000
2016-11-07,1.7062592878705576,1.7594955614215628,1.7050326175903534,1.7484557628631592,487580000
2016-11-08,1.7550796121182473,1.7607222251973114,1.7295655488782125,1.7457572221755981,429884000
2016-11-09,1.6984088074279138,1.7393787302214427,1.6858971445755786,1.7163177728652954,456532000
2016-11-10,1.7538532220515357,1.7540985327331575,1.637812846960078,1.6625909805297852,869280000
2016-11-11,1.9506068911698624,2.1777809866599944,1.925828637688048,2.1581547260284424,2175344000
2016-11-14,2.1610981673731238,2.163551507851318,2.0514364683882085,2.051927089691162,1348796000
2016-11-15,2.067873909727401,2.1453977122673917,2.059042021928753,2.1144864559173584,626092000
2016-11-16,2.142699395422341,2.2707607286992726,2.118411876977042,2.2479453086853027,987984000
2016-11-17,2.2646278750942606,2.325469392215885,2.223903245176367,2.2665905952453613,832988000
2016-11-18,2.2665897855387107,2.314183334074491,2.2521154022402903,2.29038667678833,576060000
2016-11-21,2.308295506707171,2.3146740520867572,2.2668348447581383,2.281064033508301,436436000
2016-11-22,2.288914153036366,2.2997085230949827,2.266343936394957,2.2975006103515625,330368000
2016-11-23,2.302660309278451,2.340251725836745,2.2793193837209693,2.308802843093872,443236000
2016-11-25,2.3198591734630005,2.3365664437037506,2.295043711709819,2.3134710788726807,195564000
2016-11-28,2.306346482782881,2.327721991024473,2.2997125912460827,2.3122432231903076,278736000
2016-11-29,2.309539313785562,2.320350077487929,2.2734222060417766,2.291112184524536,444568000
2016-11-30,2.2997120715084702,2.3134712074541426,2.26285780376182,2.265314817428589,440500000
2016-12-01,2.2628579694083286,2.2645778322382206,2.082763025235029,2.153277635574341,1035524000
2016-12-02,2.119125317195087,2.1817777459950167,2.0913617249633223,2.1731784343719482,478292000
2016-12-05,2.211016192752038,2.2753885067965265,2.186692316508916,2.2574527263641357,602284000
2016-12-06,2.265560929217461,2.3029067962313845,2.2498363659649554,2.29455304145813,498796000
2016-12-07,2.2810396817298964,2.3414806795401173,2.262858106204951,2.335829734802246,480804000
2016-12-08,2.338777262341323,2.3739116594250005,2.2861984470772163,2.2967631816864014,381544000
2016-12-09,2.314454890330919,2.3161747537565605,2.228707045616505,2.255979299545288,382312000
2016-12-12,2.20757618245106,2.2100331961341038,2.1508204785295875,2.201188087463379,601332000
2016-12-13,2.213472316072874,2.2675254307450836,2.2124896045939644,2.2400074005126953,387796000
2016-12-14,2.2736678056474684,2.3859509140349453,2.249835294127629,2.3697350025177,983980000
2016-12-15,2.3807920549863812,2.4554837836165118,2.373421247039793,2.4252631664276123,746548000
2016-12-16,2.4527807475290047,2.4741562526166447,2.4011846280476785,2.467031240463257,1089528000
2016-12-19,2.4495866989845863,2.517152936671192,2.432387837109991,2.4970059394836426,744656000
2016-12-20,2.5694859392775564,2.607568711077909,2.5581838178236005,2.583981990814209,848056000
2016-12-21,2.5955305123173873,2.6031471160030972,2.5481112613823114,2.600198745727539,576136000
2016-12-22,2.6245216265846274,2.674889228639016,2.617396381602483,2.6316468715667725,718612000
2016-12-23,2.6137113859615093,2.6987222840548797,2.6110088113253136,2.6972479820251465,647692000
2016-12-27,2.7532659056467756,2.883484552092557,2.732627323927478,2.8825018405914307,1194272000
2016-12-28,2.9385210922961225,2.9466290499313517,2.6704671344638053,2.6842260360717773,2295764000
2016-12-29,2.5773484248266985,2.739262025544286,2.5257523066816976,2.7377877235412598,2175368000
2016-12-30,2.735821802828987,2.7498264977442783,2.611745440447328,2.62255597114563,1212932000
2017-01-03,2.565064028015936,2.6134662239394943,2.441724773035918,2.506342887878418,1501996000
2017-01-04,2.5404937962176275,2.592089907073034,2.4945486288434027,2.5648176670074463,1199220000
2017-01-05,2.568257595108628,2.599952274436208,2.4827553479805204,2.499708414077759,984296000
2017-01-06,2.52697976915074,2.5613772451351244,2.4864399955290457,2.5331223011016846,822856000
2017-01-09,2.5429513709050635,2.6535144230501206,2.5429513709050635,2.635824203491211,916248000
2017-01-10,2.648846359188557,2.6827522640356976,2.595284575472892,2.6159231662750244,880920000
2017-01-11,2.6043745260756723,2.609288318255861,2.558920718262107,2.583735942840576,525664000
2017-01-12,2.5608868064079657,2.572434489434211,2.4967600620348613,2.5414767265319824,625616000
2017-01-13,2.54540827504514,2.5798057696602306,2.53214072688409,2.541231632232666,457820000
2017-01-17,2.5306663328205405,2.5355801260957644,2.4709622566343707,2.484229803085327,580612000
2017-01-18,2.462854950647116,2.5363179486309937,2.435091343497068,2.5294384956359863,654424000
2017-01-19,2.5323856312735202,2.6156764121096825,2.5301744130767516,2.583735942840576,644872000
2017-01-20,2.606340155250578,2.6240303708504813,2.5336143381763945,2.555481195449829,492024000
2017-01-23,2.5503215535791326,2.6019176631777796,2.5478645401902225,2.5820162296295166,369904000
2017-01-24,2.5920896045952624,2.6431943536601095,2.5773477599366825,2.637051820755005,428052000
2017-01-25,2.6793118183337445,2.6854543520534233,2.6124827385222997,2.6483542919158936,522760000
2017-01-26,2.6510573205864087,2.701424934152856,2.6215738566192504,2.694054126739502,458800000
2017-01-27,2.700933411559871,2.7490898033619673,2.6743983190582767,2.7461414337158203,471996000
2017-01-30,2.725257925965952,2.727469145141868,2.651303575269564,2.7031452655792236,496004000
2017-01-31,2.6768553785730607,2.7038818274253735,2.658428009391218,2.6825063228607178,362756000
2017-02-01,2.7169029844791974,2.8038792857170285,2.6992130044833127,2.7997026443481445,590004000
2017-02-02,2.7837324545236743,2.8436823163113707,2.7532662849684155,2.835082769393921,483240000
2017-02-03,2.836558178726433,2.8476145090522342,2.798475393334111,2.8102686405181885,372744000
2017-02-06,2.800930911420922,2.882747625243688,2.800930911420922,2.882256269454956,506768000
2017-02-07,2.916409797185346,2.9709543074822564,2.8967541473521674,2.9269747734069824,746224000
2017-02-08,2.90903761841703,2.9313958334310657,2.8594069267720092,2.9141972064971924,449580000
2017-02-09,2.9203390410860437,2.925253067606443,2.840242423901191,2.8594064712524414,842568000
2017-02-10,2.9466288800161626,2.9655473686362037,2.766533959725165,2.791594982147217,1651092000
2017-02-13,2.7859433061407652,2.8004393552828497,2.658427232697145,2.6628499031066895,1180724000
2017-02-14,2.653268389863246,2.706338809464525,2.611500093018377,2.6726784706115723,850632000
2017-02-15,2.6756268787262303,2.6977393000380108,2.647617483692082,2.678083658218384,373020000
2017-02-16,2.6876658419011523,2.688894348769158,2.596021291508716,2.635087013244629,647176000
2017-02-17,2.6215743549617825,2.639018782129984,2.5746464582218263,2.634596109390259,563740000
2017-02-21,2.65916494600546,2.732873713849054,2.6589191509198424,2.728942632675171,551952000
2017-02-22,2.7409969128497185,2.7503451603460376,2.705817932090532,2.7247605323791504,433772000
2017-02-23,2.595361682052486,2.61725614007072,2.4521863363258594,2.4721126556396484,1592888000
2017-02-24,2.3879788872834853,2.509259786751888,2.354276062989488,2.4959754943847656,1029904000
2017-02-27,2.514178854917912,2.5835523757351675,2.4984344548593214,2.5685460567474365,715400000
2017-02-28,2.578140748695995,2.587981206216109,2.4792465436349347,2.496466875076294,625360000
2017-03-01,2.5532950780680457,2.567563558672313,2.4873655854433303,2.5286946296691895,504804000
2017-03-02,2.5159020139332373,2.5299243875099204,2.4327519592113185,2.435457944869995,754332000
2017-03-03,2.424879900075746,2.4297998953837587,2.367068371592642,2.421435832977295,864692000
2017-03-06,2.385272609256085,2.4133173533771104,2.341237589029916,2.4027390480041504,883568000
2017-03-07,2.4027387020152746,2.4484957489963097,2.389946389129444,2.4290611743927,603400000
2017-03-08,2.4772779590651077,2.492038408077584,2.422418779004941,2.4246327877044678,638712000
2017-03-09,2.408643107701738,2.446527839351342,2.396096664308392,2.4241414070129395,478060000
2017-03-10,2.4504640338800736,2.4622721609818687,2.4202052829521365,2.4384095668792725,499740000
2017-03-13,2.4487428239885087,2.5154103997948702,2.4480047424810456,2.50557017326355,774136000
2017-03-14,2.5183614680247293,2.5277094800133795,2.471620235034422,2.503847122192383,522016000
2017-03-15,2.515409845519268,2.5336141315556318,2.467930522493065,2.52278995513916,615036000
2017-03-16,2.5333684575613016,2.554278965282561,2.519346083968061,2.5537867546081543,523100000
2017-03-17,2.5712534552370663,2.6106145943346024,2.5537870128138374,2.609384536743164,1119688000
2017-03-20,2.6268505933323514,2.696470247437388,2.61086008160185,2.6925339698791504,748568000
2017-03-21,2.6753137705452845,2.7050805514055054,2.5975759212882488,2.605448007583618,913484000
2017-03-22,2.5943764628507173,2.6632582401689207,2.590440421617798,2.6585841178894043,616764000
2017-03-23,2.650713044670087,2.6706396000132964,2.6248825420117314,2.634476661682129,533940000
2017-03-24,2.6807260758962754,2.688598162483514,2.617994550107934,2.643825054168701,439500000
2017-03-27,2.5973298430900025,2.666949501440766,2.5481287167061453,2.663013458251953,506644000
2017-03-28,2.664243002135655,2.6787573492165864,2.6389044797197596,2.6492366790771484,432444000
2017-03-29,2.6566169448882717,2.6689172834919868,2.638412659595463,2.6406266689300537,349992000
2017-03-30,2.647760216859272,2.7060637038776627,2.642102141843388,2.691303253173828,525532000
2017-03-31,2.6817097597721022,2.7033583476353713,2.6667034349224865,2.679741621017456,440808000
2017-04-03,2.6802334992728953,2.6974538314549887,2.6425944045457865,2.6662111282348633,445232000
2017-04-04,2.5437004050494108,2.5687930587341223,2.468422678604726,2.4792468547821045,1271280000
2017-04-05,2.4605497741098095,2.5183612825177755,2.4477574622978624,2.4607958793640137,747048000
2017-04-06,2.4659629189797956,2.4908094709294026,2.420943705208998,2.478755235671997,635120000
2017-04-07,2.4851505863065446,2.50261702205979,2.4531698049702797,2.4681761264801025,429068000
2017-04-10,2.4689142715372645,2.4755562986350217,2.401016665084627,2.405198812484741,756332000
2017-04-11,2.3751864850574176,2.4329980116368706,2.3702664899114136,2.4138095378875732,618148000
2017-04-12,2.4138095450772874,2.4280777891136123,2.3887168893904707,2.393882989883423,414092000
2017-04-13,2.369774043659178,2.391422393381388,2.349109411239624,2.349109411239624,506892000
2017-04-17,2.361901857551798,2.4413617268578096,2.3567357578083206,2.4411158561706543,497292000
2017-04-18,2.4268475002838685,2.448742192220133,2.4010170002819105,2.442591905593872,370116000
2017-04-19,2.4600584316841823,2.4841668992096517,2.4455440831834943,2.452186346054077,380828000
2017-04-20,2.466700205318042,2.4957288965619684,2.445543598142899,2.4910547733306885,404016000
2017-04-21,2.480722486826468,2.504093104362313,2.4689143600263215,2.501387119293213,341896000
2017-04-24,2.532876075865548,2.5456683911279727,2.511965804165636,2.532630205154419,371820000
2017-04-25,2.547143547639307,2.5911785523104283,2.5257410737528008,2.5766642093658447,388440000
2017-04-26,2.590195513857343,2.5926553939114743,2.556984669727375,2.558952808380127,327004000
2017-04-27,2.566332667903805,2.607169488139887,2.5483742549051143,2.5988054275512695,319700000
2017-04-28,2.5919173243375804,2.598805457115776,2.560182410968773,2.565840721130371,348248000
2017-05-01,2.576665633716631,2.6285729843075605,2.569531393607616,2.6234066486358643,307732000
2017-05-02,2.5965917533584926,2.597821810729194,2.5230358240910626,2.545668363571167,629972000
2017-05-03,2.538779750574116,2.5742045984887425,2.5240195341318445,2.564610481262207,336904000
2017-05-04,2.5707609844770896,2.5818312660604823,2.5468983879355296,2.5547707080841064,209788000
2017-05-05,2.5432086269297973,2.5621509953665464,2.52771009087208,2.5550167560577393,228428000
2017-05-08,2.5668243872850383,2.5683003150262858,2.5168851955937694,2.5282015800476074,365240000
2017-05-09,2.5338605584763743,2.5813396529192634,2.52549626113195,2.5323843955993652,847672000
2017-05-10,2.8116004404431463,2.9968428832950087,2.8049584129302483,2.98380446434021,2129096000
2017-05-11,2.953300118710733,3.2086542052950953,2.949856051987478,3.111973762512207,1939792000
2017-05-12,3.1151721068165155,3.1882358274213143,3.0942616001687777,3.1461687088012695,962620000
2017-05-15,3.18725169664791,3.306564442825433,3.1828234433201725,3.3041043281555176,1087540000
2017-05-16,3.3550268126075387,3.381103647531832,3.2807332881933133,3.365605115890503,1120700000
2017-05-17,3.2989384674204794,3.31763496489297,3.1378046986034867,3.141986846923828,1271368000
2017-05-18,3.1857756888646738,3.282456135528904,3.1255042841786036,3.273599863052368,1156032000
2017-05-19,3.374568800702876,3.4038742035014646,3.329994902578579,3.349203586578369,1018372000
2017-05-22,3.392791811678894,3.4349029953138306,3.381956001440817,3.4206197261810303,836608000
2017-05-23,3.440320763540692,3.4425371044559427,3.34206102582695,3.374567985534668,681248000
2017-05-24,3.47135039136654,3.474059461547216,3.400426065067246,3.4124932289123535,815996000
2017-05-25,3.4477083881124697,3.448447246648032,3.360038102252431,3.404858350753784,608228000
2017-05-26,3.3967319590813596,3.5777365834344166,3.3765382909423374,3.4930214881896973,779140000
2017-05-30,3.5388269272658746,3.602609499324451,3.5228198105537465,3.5676400661468506,989652000
2017-05-31,3.6124596907371465,3.6200939363580624,3.4981928406124054,3.5548338890075684,887316000
2017-06-01,3.5705955153224203,3.571580738611516,3.50976813476719,3.5550808906555176,503340000
2017-06-02,3.5521252264932444,3.5782292953979007,3.5314390629729058,3.5373494625091553,487456000
2017-06-05,3.521096222752997,3.657773105835991,3.5095217873907476,3.6449673175811768,817376000
2017-06-06,3.6402876459760996,3.6863392498595435,3.615168802818321,3.628467082977295,758728000
2017-06-07,3.652847673825219,3.6910186714007622,3.6373330512050077,3.672302484512329,612612000
2017-06-08,3.779181847162666,3.9402391937236616,3.7380556456706344,3.9387617111206055,1161744000
2017-06-09,4.056969118049822,4.149564606312565,3.515432156151196,3.6841237545013428,3692928000
2017-06-12,3.592512937863152,3.7358390752595,3.499671093252213,3.693235158920288,1697532000
2017-06-13,3.8023303024767348,3.8114422661963125,3.586848495152453,3.7284510135650635,1672504000
2017-06-14,3.7314048578100536,3.7939560540456214,3.6570328669115812,3.736330032348633,1184640000
2017-06-15,3.619109467765831,3.782629273760976,3.6077811625177807,3.7523388862609863,963824000
2017-06-16,3.7619426381815324,3.8097180891606337,3.6998839187474015,3.733868360519409,924960000
2017-06-19,3.777949453417478,3.8794107462848753,3.7742556304991965,3.874239206314087,778176000
2017-06-20,3.9163505452755443,3.9830883084248727,3.864388778975007,3.868575096130371,1095444000
2017-06-21,3.8961574816238085,3.9308807860218438,3.8343448846198918,3.9271867275238037,682652000
2017-06-22,3.935314128287521,3.9486126471680145,3.876210591546436,3.9000983238220215,469132000
2017-06-23,3.9077317634806783,3.923492750322967,3.773270998606998,3.7882933616638184,1088588000
2017-06-26,3.8210464772321058,3.8565086391354506,3.6528476314064036,3.7469208240509033,1063960000
2017-06-27,3.7294362379549546,3.73805547321653,3.6040874276011583,3.6097514629364014,999492000
2017-06-28,3.677227233332566,3.7417486526602435,3.589310584608701,3.737069606781006,994948000
2017-06-29,3.7087499909381565,3.7117049559422983,3.548185149552703,3.6122140884399414,1064424000
2017-06-30,3.629452025797201,3.642996670265678,3.5339013605165364,3.5600054264068604,731060000
2017-07-03,3.5720732441981373,3.586849010159393,3.4127397393291323,3.4312095642089844,709072000
2017-07-05,3.494500059164399,3.5516336225261074,3.4755377378513543,3.5228207111358643,820188000
2017-07-06,3.493760637684429,3.580199586980964,3.4417986283599933,3.5334091186523438,746284000
2017-07-07,3.59005028245495,3.6324078348739786,3.567147541766869,3.6141841411590576,654972000
2017-07-10,3.6875707567500564,3.7924795201053314,3.6614666894416916,3.7850916385650635,958492000
2017-07-11,3.788786218427922,3.8464122660319835,3.7469211591746205,3.838778018951416,757956000
2017-07-12,3.898373002561674,4.014117326202499,3.8555229663688366,4.002050399780273,1145208000
2017-07-13,4.014118717783688,4.095386136962693,3.9094562961653065,3.955754041671753,1369132000
2017-07-14,3.972007217057032,4.063617712498059,3.965111828675079,4.062140464782715,941948000
2017-07-17,4.096124522593807,4.124937662792359,3.983335137229177,4.044901371002197,930792000
2017-07-18,3.9840723476556494,4.101540966197325,3.9722515529921343,4.087011337280273,776640000
2017-07-19,4.096124432602658,4.122474866505804,4.053767116463618,4.065834045410156,687044000
2017-07-20,4.0862740421849155,4.125183663982333,4.036528609515007,4.124937534332275,699596000
2017-07-21,4.1044984348153015,4.169266245721007,4.090214926737501,4.139714241027832,648332000
2017-07-24,4.1468555472670205,4.1564597710688105,4.081102758647979,4.091691970825195,652524000
2017-07-25,4.0687884492316915,4.086273516109263,4.028401115307334,4.071990013122559,496556000
2017-07-26,4.1293706976577464,4.184780406725558,4.084304071654176,4.119027614593506,640404000
2017-07-27,4.14389944513966,4.1554741135415485,3.880149709281552,3.983088493347168,782856000
2017-07-28,3.9473793919818627,4.072728401060417,3.9225069165797573,4.0483479499816895,513348000
2017-07-31,4.061892772689749,4.0978474223556,3.9555065407231162,4.002050399780273,559672000
2017-08-01,3.9926936979072956,4.052536091647077,3.9648660125120925,4.050812244415283,431384000
2017-08-02,4.0818403627303175,4.085780315021009,3.971513713470661,4.0483479499816895,478444000
2017-08-03,4.047856226828955,4.103512052865201,4.030863888614545,4.099818229675293,442420000
2017-08-04,4.122474278668921,4.188227054368191,4.099818141346504,4.117795467376709,589096000
2017-08-07,4.146856225418697,4.244869395642132,4.137251530333111,4.244377136230469,717412000
2017-08-08,4.282298981875207,4.2987985859417375,4.154733890293444,4.19389009475708,755336000
2017-08-09,4.147839818293603,4.240928014512272,4.129123633258059,4.238465309143066,530784000
2017-08-10,4.239695943607912,4.252009469050086,4.046870785341834,4.056967735290527,1328088000
2017-08-11,3.8698059018073083,3.915611133279617,3.7656360194587664,3.8407466411590576,1497196000
2017-08-14,3.9321143462107773,4.150797612183596,3.9205399049139316,4.147103786468506,1279020000
2017-08-15,4.152274248084884,4.1783780905041406,4.0779022055928404,4.112133026123047,764532000
2017-08-16,4.12715470874477,4.150549711145425,4.034805347570884,4.067065715789795,596632000
2017-08-17,4.058693068263968,4.075684941084923,3.9742240846768198,3.976440191268921,525444000
2017-08-18,4.030618542421544,4.047610883938748,3.9313735636881906,3.9771788120269775,601204000
2017-08-21,4.001558907981509,4.012886978060727,3.8754712455131295,3.9193062782287598,623672000
2017-08-22,3.955786184888933,4.0124768836128215,3.936560588393784,4.006561279296875,450456000
2017-08-23,3.9732847636012867,4.097757801234255,3.96465747255601,4.086666107177734,579520000
2017-08-24,4.118709437735313,4.123146492450236,4.04525827038042,4.07163143157959,469700000
2017-08-25,4.095786424167436,4.105892263816767,4.031207965031281,4.037616729736328,357200000
2017-08-28,4.056596161480304,4.069413222104093,4.001137680884426,4.066208839416504,389496000
2017-08-29,4.0075482259918305,4.081246239775903,3.999414092499709,4.059555530548096,324096000
2017-08-30,4.079274090753267,4.0948028484424945,4.048957025054219,4.08371114730835,384400000
2017-08-31,4.1039205759083695,4.180329778067489,4.096526425131839,4.17638635635376,612684000
2017-09-01,4.1889578257212285,4.237021694936312,4.180330531382972,4.201528072357178,445432000
2017-09-05,4.150261217127027,4.155190966943864,4.031457349378257,4.089380264282227,695364000
2017-09-06,4.1221613391327265,4.135964258037105,4.0521604188662375,4.0869140625,397672000
2017-09-07,4.103674607557556,4.138181901363906,4.065716584370572,4.105893135070801,352868000
2017-09-08,4.094308592257942,4.109097366445899,4.010504754981762,4.0346598625183105,498856000
2017-09-11,4.080257863345354,4.1761392199886,4.074834954325016,4.1655402183532715,567444000
2017-09-12,4.190189957794529,4.190189957794529,4.115506107954333,4.180577278137207,411488000
2017-09-13,4.155435255594529,4.22814738394143,4.123146491575563,4.199309349060059,580960000
2017-09-14,4.160365620097038,4.25328944439174,4.13596416618348,4.175401210784912,513712000
2017-09-15,4.2606836546972495,4.439383029937744,4.255507560152269,4.439383029937744,1364792000
2017-09-18,4.563362682950798,4.712730831553845,4.5564612246763705,4.622764587402344,1684460000
2017-09-19,4.5724824058944185,4.679455473129059,4.550545360424358,4.61783504486084,874280000
2017-09-20,4.621532532436422,4.668856886411097,4.540439925009208,4.580616474151611,724920000
2017-09-21,4.477094035298645,4.503221320582178,4.37776192818237,4.455403804779053,1075600000
2017-09-22,4.444064996457335,4.493607868316694,4.402163090762314,4.412022113800049,491232000
2017-09-25,4.381211038867278,4.382443710332978,4.194131753195312,4.214836120605469,874580000
2017-09-26,4.34917026223493,4.404135583014258,4.198816255680122,4.238499641418457,1125620000
2017-09-27,4.328713015744183,4.344734462812006,4.25797258434237,4.331424236297607,713720000
2017-09-28,4.338571141706631,4.342515033591728,4.282866313291657,4.330191135406494,435244000
2017-09-29,4.413995395407725,4.430016370605665,4.368889096171666,4.4063544273376465,619092000
2017-10-02,4.456388892786132,4.485473739443541,4.362726058358353,4.412022113800049,503480000
2017-10-03,4.418185018321986,4.450967417075299,4.377022612716945,4.421143054962158,390332000
2017-10-04,4.427305831164107,4.4802994529720275,4.390826349925435,4.458116054534912,427848000
2017-10-05,4.48251616565208,4.485966894228168,4.425825020310832,4.455649375915527,437364000
2017-10-06,4.428044990047925,4.482024463272777,4.412023543527492,4.468714237213135,318800000
2017-10-09,4.5054380472055975,4.602552068384927,4.4867053886011945,4.569523334503174,563492000
2017-10-10,4.718400688712322,4.755866025062479,4.615617830262761,4.656780242919922,974876000
2017-10-11,4.67329202851993,4.707799780462528,4.627446706982264,4.706320762634277,529508000
2017-10-12,4.709773118307905,4.759316001536056,4.681427774145952,4.708540916442871,528292000
2017-10-13,4.770652941755351,4.806392899220946,4.723821759689926,4.7962870597839355,628728000
2017-10-16,4.82611160180822,4.881570077582146,4.763012159588707,4.878612041473389,576640000
2017-10-17,4.8579082352764695,4.902521367394289,4.839668734277744,4.874176025390625,478596000
2017-10-18,4.883048979231887,4.883788018114932,4.764984226779905,4.869985103607178,567316000
2017-10-19,4.792590212722617,4.880337449288368,4.74354050132985,4.875408172607422,570772000
2017-10-20,4.892416884076737,4.919529559101271,4.844352544001426,4.853226184844971,451620000
2017-10-23,4.8749156560253,4.901289287801833,4.8261122844662685,4.8463239669799805,428696000
2017-10-24,4.855445342658859,4.89882629070516,4.829564863764805,4.897100925445557,407244000
2017-10-25,4.857662009874665,4.910409273425949,4.711991404334285,4.773365020751953,828160000
2017-10-26,4.8009702856707435,4.834984407486311,4.777061532798599,4.823400020599365,322744000
2017-10-27,4.875408469962976,4.975726425968318,4.849527532708483,4.975480079650879,572192000
2017-10-30,4.975479569221269,5.079740936115808,4.959704474118861,5.024282932281494,504056000
2017-10-31,5.056079654790002,5.124108380250737,5.050410398448869,5.0974884033203125,411908000
2017-11-01,5.160095533477373,5.175377470353398,5.043016603009311,5.107101917266846,502576000
2017-11-02,5.077523577688236,5.122136709285966,5.019600222458373,5.07604455947876,342308000
2017-11-03,5.107100196467483,5.143826007843018,5.061254871413296,5.143826007843018,353640000
2017-11-06,5.107100466940725,5.175622346932733,5.09477657044455,5.166995525360107,389944000
2017-11-07,5.189672940245491,5.247596297681058,5.17759538803687,5.226151943206787,427700000
2017-11-08,5.2217155636978,5.22541310950757,5.108087841887508,5.155412197113037,522988000
2017-11-09,5.059530203692128,5.085657016917476,4.938754221318985,5.060762405395508,978564000
2017-11-10,5.252032180919687,5.389815454407801,5.216292221737924,5.327455520629883,1253256000
2017-11-13,5.327456091914961,5.352843397467768,5.225659112995033,5.240941047668457,582376000
2017-11-14,5.250060864829348,5.2944276531725345,5.206433585642095,5.27914571762085,529292000
2017-11-15,5.224180925477437,5.225413597571365,5.121891237634284,5.175623893737793,501948000
2017-11-16,5.249569021711645,5.279639734868709,5.206927591122523,5.215800762176514,441768000
2017-11-17,5.27273612592925,5.307982919522093,5.194601572845647,5.209636688232422,515664000
2017-11-20,5.2251663586878525,5.288758976022154,5.188440537360121,5.276681423187256,396100000
2017-11-21,5.316363629503131,5.336821654896491,5.284567562966016,5.325236797332764,399176000
2017-11-22,5.352370756388935,5.352370756388935,5.2687552089477245,5.301313400268555,356640000
2017-11-24,5.317592910836993,5.3523711740105515,5.293174030214423,5.351384162902832,180752000
2017-11-27,5.3600153335212015,5.361248391238456,5.278619410587834,5.281826019287109,422896000
2017-11-28,5.287005408645444,5.296378246305685,5.136300453765076,5.197223663330078,512752000
2017-11-29,5.179959259648263,5.182672363477055,4.716744884725683,4.844758033752441,1396788000
2017-11-30,4.913328114727049,4.999163259213799,4.85043180242646,4.950572490692139,823768000
2017-12-01,4.916041318118306,4.936267046563432,4.747330647414634,4.8758368492126465,811548000
2017-12-04,4.934292949495936,4.940459650722941,4.550747938110795,4.604024887084961,1240844000
2017-12-05,4.498951060295475,4.753003842062851,4.454060406045252,4.630663871765137,981488000
2017-12-06,4.580345560606925,4.689859539097982,4.559133296120606,4.668154239654541,467032000
2017-12-07,4.734749822443466,4.775201267594271,4.689365675831851,4.735489845275879,542600000
2017-12-08,4.78531416171226,4.804306828533258,4.7147715836452955,4.72315788269043,466876000
2017-12-11,4.737216477573849,4.804306393405347,4.721430891762423,4.801346302032471,372748000
2017-12-12,4.757936496844971,4.781121844490045,4.683693798607918,4.707125663757324,455016000
2017-12-13,4.7480696905522,4.749302748407478,4.584785261955489,4.592185020446777,554280000
2017-12-14,4.585773016066638,4.670128591562527,4.553214822812786,4.599339008331299,438164000
2017-12-15,4.643244871108573,4.745112629408758,4.57837498431871,4.724886894226074,670036000
2017-12-18,4.7653346446392915,4.88422144626465,4.7357365557954605,4.881261825561523,477704000
2017-12-19,4.871890206992257,4.8770698973589575,4.808746911657305,4.837111949920654,373100000
2017-12-20,4.87632859284108,4.885454442734573,4.79863278730648,4.854129791259766,288820000
2017-12-21,4.857583514434146,4.88249542230185,4.823298767625337,4.8316850662231445,300904000
2017-12-22,4.7949345901227485,4.825766216012639,4.717238761153306,4.8163933753967285,466276000
2017-12-26,4.7611424757385965,4.877562715512984,4.731297392853621,4.8699164390563965,355080000
2017-12-27,4.856596713057989,4.932318972934472,4.842044185256856,4.863255977630615,329488000
2017-12-28,4.886935998174205,4.917767624290388,4.862764108680652,4.868930339813232,240248000
2017-12-29,4.895076532091634,4.895076532091634,4.772736549377441,4.772736549377441,279964000
2018-01-02,4.828972733285586,4.920728065591667,4.797401552373363,4.917027950286865,355616000
2018-01-03,5.034187351222553,5.270974459812394,5.025554534443815,5.240635871887207,914704000
2018-01-04,5.321784891005477,5.378268447512615,5.246062149382652,5.268260955810547,583268000
2018-01-05,5.283061652552235,5.350151121797819,5.206352353375697,5.312906742095947,580124000
2018-01-08,5.436232596375194,5.549692755787042,5.391341473561443,5.475697040557861,881216000
2018-01-09,5.4811231921568115,5.520587635932108,5.392821463925591,5.474216938018799,497000000
2018-01-10,5.381966870327986,5.52058588506808,5.327703394960035,5.517132759094238,582664000
2018-01-11,5.549692747751451,5.581017879622063,5.50554164801738,5.527000904083252,406032000
2018-01-12,5.515160467737318,5.549445214940854,5.459416938847152,5.499867916107178,359916000
2018-01-16,5.526260585323065,5.611602217712028,5.3447239638795185,5.429079055786133,702348000
2018-01-17,5.443630575604268,5.552651041138872,5.349902660839587,5.542785167694092,538408000
2018-01-18,5.523547156319014,5.590143580389749,5.492469013267313,5.535880088806152,408632000
2018-01-19,5.625907839641956,5.699903545658723,5.599022849167659,5.675731658935547,609380000
2018-01-22,5.683623923825004,5.765759403905469,5.6261538336060335,5.76403284072876,550944000
2018-01-23,5.81731075179538,5.915478822223645,5.798812059154426,5.892786979675293,475228000
2018-01-24,5.895993134251916,5.931757932087007,5.760580690221696,5.816077709197998,579972000
2018-01-25,5.870340746651141,5.913505300502726,5.814844202411313,5.829643249511719,409884000
2018-01-26,5.873301028435057,6.002053730327495,5.860475061745394,6.00180721282959,516356000
2018-01-29,5.987255503575934,6.119708338361881,5.934718571671923,6.088629722595215,455116000
2018-01-30,5.947051083034607,6.078023872790346,5.880454653575084,5.986762046813965,570832000
2018-01-31,6.061990289415672,6.1483189276848345,6.029432103138454,6.062730312347412,478576000
2018-02-01,5.883166696214036,6.089862201865626,5.871820775817728,5.932003974914551,519224000
2018-02-02,5.845676578607228,5.869601950904901,5.70187782729948,5.759840965270996,718464000
2018-02-05,5.599023095999776,5.75268771025319,5.056386326444,5.270974636077881,1165204000
2018-02-06,5.041586324004498,5.56695688948805,5.031719980393875,5.563997268676758,1114800000
2018-02-07,5.662658926393454,5.795604767983694,5.59162284473863,5.6434197425842285,802932000
2018-02-08,5.768719429525478,5.801770646973157,5.364948286435471,5.365195274353027,1144000000
2018-02-09,5.876507348422898,5.8922929356700235,5.365195739853088,5.724322319030762,1674604000
2018-02-12,5.80522438135887,5.808184473054197,5.550432089372135,5.624427795410156,1093172000
2018-02-13,5.5881712854567,5.784013952731397,5.555859609384392,5.737889766693115,625524000
2018-02-14,5.697684279601359,5.983555198711346,5.686584876006259,5.9546966552734375,744988000
2018-02-15,6.037819511452554,6.126121246790115,5.9571640538764745,6.0799970626831055,698900000
2018-02-16,6.05286503380497,6.166325191511204,6.00526080761794,6.014387130737305,637656000
2018-02-20,6.0368315366604435,6.212448425008004,6.033131422201149,6.143632411956787,686240000
2018-02-21,6.208009468399191,6.214915722242447,5.953216687815489,5.956916332244873,892292000
2018-02-22,5.9907291074539275,6.062302685013316,5.911010689034174,5.976414203643799,534364000
2018-02-23,6.036140867773988,6.069706439971924,5.985545603419587,6.069706439971924,415300000
2018-02-26,6.115858012207493,6.1203004373404974,6.023552354712518,6.085747718811035,469312000
2018-02-27,6.059094467614304,6.1432557886186405,6.049962943337151,6.072916030883789,455436000
2018-02-28,6.08377312407601,6.12326208093629,5.961110498869898,5.972710609436035,523116000
2018-03-01,5.97049055395094,6.024294423214244,5.630144774605524,5.731088638305664,1040120000
2018-03-02,5.623728079531313,5.844373156399444,5.475397537269043,5.837955951690674,913428000
2018-03-05,5.787853027814976,5.855477977141102,5.66469658186669,5.815989017486572,620776000
2018-03-06,5.901137596851519,5.995911392079758,5.858193360641316,5.976660251617432,636808000
2018-03-07,5.873990482066458,6.020840550102835,5.872756657541135,5.968764305114746,581208000
2018-03-08,5.996158361625562,5.996158361625562,5.90829510712101,5.9524736404418945,411912000
2018-03-09,5.999860100273098,6.067731728206355,5.983818032172269,6.054898262023926,505524000
2018-03-12,6.096114908568405,6.244198290359063,6.087970068367301,6.164233207702637,605060000
2018-03-13,6.206930755721556,6.281219587830296,6.072421323424346,6.113637924194336,619772000
2018-03-14,6.156582100395406,6.183730939722252,6.07686368945414,6.139059066772461,505496000
2018-03-15,6.15263389729927,6.234819962080704,6.111910635589565,6.153867721557617,401952000
2018-03-16,6.170156238411266,6.201007019603322,6.13264158303472,6.182003021240234,399456000
2018-03-19,6.125238926743748,6.154114936098762,5.849309476824786,5.948031902313232,713772000
2018-03-20,5.950993181224361,6.198539955665495,5.950993181224361,6.159791469573975,554696000
2018-03-21,6.15337466684124,6.219519141423582,6.104260358488814,6.134617805480957,438688000
2018-03-22,6.0714347105756685,6.117834224409769,5.9317423569067795,5.969009876251221,551196000
2018-03-23,5.9825845191133915,5.9850526385466,5.738740156358445,5.749846458435059,735620000
2018-03-26,5.8739887035492195,6.035153158563368,5.822159615755501,6.033919334411621,611424000
2018-03-27,6.114624915566505,6.170156417472876,5.426035704164232,5.565974712371826,1409000000
2018-03-28,5.531669156590106,5.661489029596808,5.355696441631368,5.463057041168213,945904000
2018-03-29,5.531176481803723,5.81228887627484,5.447015621289132,5.715787887573242,916628000
2018-04-02,5.645447485330812,5.791309911841081,5.368037066415771,5.455653190612793,922092000
2018-04-03,5.622245798901898,5.685181177177983,5.4630556757831785,5.5617780685424805,667432000
2018-04-04,5.306581299585368,5.594110820550993,5.281653908568248,5.583745002746582,789168000
2018-04-05,5.641992226672706,5.6550728364304,5.3924711338913776,5.4637980461120605,701240000
2018-04-06,5.361371538375999,5.469225926853435,5.258700058045322,5.28782320022583,662988000
2018-04-09,5.350759990061053,5.478358880158885,5.296462309575235,5.31645393371582,499524000
2018-04-10,5.546231532085034,5.651864510462041,5.489219051217735,5.62496280670166,761676000
2018-04-11,5.610153359377357,5.651369959907921,5.551166583719694,5.583745002746582,460244000
2018-04-12,5.676545102861869,5.807845957473086,5.632366562689012,5.790075778961182,593920000
2018-04-13,5.853504372510021,5.86189588403577,5.665438199778203,5.713565349578857,503036000
2018-04-16,5.72022889331756,5.746637250650378,5.619285031639001,5.713318347930908,350792000
2018-04-17,5.765393702894373,5.883860580715224,5.709862206807872,5.862635135650635,447224000
2018-04-18,5.812287189769074,5.9048395365535855,5.744909375055191,5.833759307861328,391364000
2018-04-19,5.719735104302074,5.753054007156208,5.5975662645825155,5.65285062789917,471996000
2018-04-20,5.644211960307537,5.728372793002783,5.613608320710985,5.644705772399902,386200000
2018-04-23,5.662477398869795,5.713566015355574,5.4995852709884945,5.5254998207092285,427508000
2018-04-24,5.551166260663302,5.646926734437676,5.394197566372865,5.459354400634766,414596000
2018-04-25,5.42973851030669,5.468734138552372,5.190336572729784,5.3473052978515625,588492000
2018-04-26,5.508715131149812,5.566714747447893,5.4428178169536,5.55856990814209,375824000
2018-04-27,5.6642045119618345,5.683948996221032,5.543762828458782,5.58596658706665,400848000
2018-04-30,5.602253503422976,5.651861599836029,5.531420436416541,5.550671100616455,327844000
2018-05-01,5.5425292503028505,5.60867325197152,5.484035807069009,5.605958461761475,253788000
2018-05-02,5.60250179763149,5.6469265250986265,5.559310423482256,5.585472106933594,268248000
2018-05-03,5.617310099741476,5.776500238111336,5.572144418313135,5.750338554382324,443144000
2018-05-04,5.721709021760126,5.903358423765307,5.704432660821404,5.900149822235107,400660000
2018-05-07,6.0045490806614294,6.194589996888159,5.994676605184203,6.137577533721924,687616000
2018-05-08,6.137825638522399,6.182744659246491,6.088958003281233,6.18002986907959,506616000
2018-05-09,6.200018843032239,6.3150304384219496,6.172870009424746,6.312808990478516,596760000
2018-05-10,6.365625494171687,6.429301350954787,6.34785532341403,6.420169830322266,994080000
2018-05-11,6.2387700470534675,6.411781327884589,6.1834856731022185,6.281960964202881,1214456000
2018-05-14,6.319968918578257,6.379696185414173,6.278752312270738,6.302445411682129,523140000
2018-05-15,6.239015354185989,6.241730614738236,5.960371154923462,6.060574531555176,963528000
2018-05-16,6.022073855403854,6.13363022440499,5.985299673876456,6.071681976318359,553828000
2018-05-17,6.073408476923989,6.20717742641007,6.057365938004435,6.113637924194336,519784000
2018-05-18,6.165467725314809,6.228649788472439,6.065017203183081,6.069953441619873,483716000
2018-05-21,6.167194086060734,6.170896028749809,5.935442776367162,6.0279951095581055,640624000
2018-05-22,6.041323595806813,6.066497656515398,5.929520111309346,5.989987850189209,518264000
2018-05-23,5.933929030106493,6.114456226925811,5.9331880892692,6.113221168518066,442956000
2018-05-24,6.109516297200285,6.159155088782999,6.0564200960958585,6.11692476272583,437372000
2018-05-25,6.129519361984635,6.172490154599155,6.093957505386535,6.156190872192383,292112000
2018-05-29,6.1381623788229716,6.207064206292989,6.092475121415454,6.139150142669678,352684000
2018-05-30,6.172737036191554,6.256455793707795,6.148041055491183,6.247812271118164,390996000
2018-05-31,6.215956449360895,6.302392171326767,6.205337395971548,6.228057384490967,493868000
2018-06-01,6.272755019233718,6.368328355355675,6.264111496720964,6.362154006958008,421968000
2018-06-04,6.39623496639572,6.5626852005448795,6.364130518907523,6.540706157684326,642024000
2018-06-05,6.543918324789671,6.583679015059712,6.499218813305792,6.546141147613525,391712000
2018-06-06,6.456246604314873,6.551325839817572,6.439947320258317,6.548115253448486,371356000
2018-06-07,6.544410079361371,6.55626418806795,6.40240854016811,6.492548942565918,369448000
2018-06-08,6.4199445721025,6.5197158164454185,6.401175640209652,6.47723913192749,360456000
2018-06-11,6.46464423271628,6.506133154072825,6.42340213464301,6.436244010925293,265372000
2018-06-12,6.462667277065748,6.496747253066128,6.41253437046188,6.484646320343018,319160000
2018-06-13,6.486128776463721,6.560957201601177,6.471064079513934,6.480201721191406,338208000
2018-06-14,6.525147721117693,6.648133043170649,6.510329849227607,6.591579437255859,430016000
2018-06-15,6.534531559200484,6.605655741064775,6.503661700048471,6.550830841064453,432260000
2018-06-18,6.506872565569409,6.564167113288093,6.479707408653355,6.546633243560791,356268000
2018-06-19,6.4436524821473435,6.51082562715143,6.297947139695928,6.425130844116211,594932000
2018-06-20,6.466125548958562,6.5308285712775636,6.4278467467428735,6.47797966003418,369780000
2018-06-21,6.509837114006674,6.528111926651796,6.341904977372701,6.349560737609863,359516000
2018-06-22,6.370304401232539,6.383640391929357,6.182121947314975,6.197432994842529,434160000
2018-06-25,6.091242156538294,6.094946389709086,5.8168707737489385,5.905282020568848,665816000
2018-06-26,6.018388947483066,6.066545860395572,5.924791119543864,5.976158618927002,478884000
2018-06-27,6.019623159983516,6.08580805821022,5.8158818800001555,5.821315288543701,453892000
2018-06-28,5.8114362929792005,5.960105833447963,5.8037805337442965,5.948251724243164,338012000
2018-06-29,6.0132027344304015,6.025797314777544,5.849221656298531,5.850456714630127,392300000
2018-07-02,5.781060146680569,5.986035985006223,5.760562515744338,5.9823317527771,357572000
2018-07-03,6.016907325891245,6.022834381540568,5.840578480156654,5.84897518157959,222732000
2018-07-05,5.904046169080395,5.999372222900518,5.865273724519082,5.994433403015137,306216000
2018-07-06,5.969984577675324,6.116431311579673,5.948746002347929,6.108034610748291,296352000
2018-07-09,6.182122806021269,6.191754094508613,6.076918160362605,6.155450820922852,303880000
2018-07-10,6.167798604991752,6.27621335831007,6.127544278022791,6.254234313964844,360016000
2018-07-11,6.161625198114032,6.196199295933689,6.102354643227826,6.112974166870117,367508000
2018-07-12,6.1581685972555364,6.252259614543873,6.148290013131288,6.204349517822266,345508000
2018-07-13,6.222869646558137,6.222869646558137,6.115195374857412,6.1571784019470215,246988000
2018-07-16,6.129520416259766,6.1823697993195825,6.11717265847861,6.129520416259766,197036000
2018-07-17,6.080376801925008,6.280166610121834,6.054939870039645,6.265101909637451,362136000
2018-07-18,6.257691944212039,6.271521582769676,6.1650823536963735,6.21595573425293,277640000
2018-07-19,6.197187020853802,6.257692162692672,6.182122794486167,6.224105358123779,235752000
2018-07-20,6.221636165334273,6.260408613393579,6.185086068664709,6.195952415466309,222352000
2018-07-23,6.16952729890954,6.1712560036652295,6.008015873799267,6.159401893615723,301584000
2018-07-24,6.207313217018934,6.29374894306131,6.124581724466278,6.142116069793701,354620000
2018-07-25,6.151500208499941,6.232749814913697,6.09371153133264,6.220154762268066,319112000
2018-07-26,6.200150835964377,6.330297820610557,6.183357433539448,6.293500900268555,325124000
2018-07-27,6.3300517329096015,6.336966553291199,6.170022157867132,6.2238593101501465,295420000
2018-07-30,6.237934822521967,6.243861877359639,5.994186046553237,6.029007434844971,340340000
2018-07-31,6.018635951492422,6.121617776607149,5.979863502534976,6.047036170959473,283988000
2018-08-01,6.078400529764167,6.133472267190155,6.023081498023042,6.086796760559082,283556000
2018-08-02,6.0156724203761,6.193235857991941,5.956896450995273,6.189284801483154,269668000
2018-08-03,6.213732483082271,6.249541635325923,6.196939553579779,6.225833415985107,214288000
2018-08-06,6.2132392592640695,6.276954514280771,6.166811052427346,6.273497104644775,207508000
2018-08-07,6.322147785866375,6.364130816722767,6.295476274280007,6.345608711242676,258132000
2018-08-08,6.346844486555111,6.426859030354189,6.312023093891665,6.3819122314453125,262100000
2018-08-09,6.399692432306545,6.402408900905554,6.325851778497302,6.333507537841797,204280000
2018-08-10,6.251763793810978,6.3246166777627195,6.240650626054386,6.292264938354492,256396000
2018-08-13,6.300909046836272,6.4456270643349765,6.299180342158649,6.325110912322998,375208000
2018-08-14,6.430316754671381,6.4703242640459075,6.347338443504889,6.456247329711914,466220000
2018-08-15,6.476990475627023,6.510824098989789,6.319677881261507,6.3982110023498535,591136000
2018-08-16,6.467852845439004,6.470322490628369,6.297697918873952,6.357708930969238,801260000
2018-08-17,6.246578868545709,6.247319809341985,6.019129356595547,6.046048164367676,1143188000
2018-08-20,6.005546564285344,6.252999104098668,5.895402637841754,6.12062931060791,854388000
2018-08-21,6.136928107986746,6.260407544883716,6.117171416924697,6.255962371826172,673988000
2018-08-22,6.223364636210694,6.495513174238628,6.219907226590649,6.490573883056641,749856000
2018-08-23,6.452047705061095,6.655048033237471,6.438218067769765,6.589850902557373,720684000
2018-08-24,6.59824909664087,6.737286912789674,6.593803922367403,6.722716331481934,531512000
2018-08-27,6.752350641222818,6.887684213973202,6.720987129308817,6.813596725463867,505776000
2018-08-28,6.807667562941988,6.830388014236098,6.65628157515381,6.77605676651001,475384000
2018-08-29,6.768398346735638,6.906276927029086,6.747642542911635,6.881320476531982,420108000
2018-08-30,6.850187050516337,6.961132583910305,6.827701593908492,6.864518642425537,346608000
2018-08-31,6.844504215708833,6.948283718005384,6.834620229159438,6.935434818267822,306592000
2018-09-04,6.92233777363557,7.04761441530764,6.89392202218405,7.010056495666504,391720000
2018-09-05,6.992512643685579,7.027846996897987,6.798790861002018,6.8795905113220215,393156000
2018-09-06,6.863282904561591,6.865753901185525,6.705884237101798,6.738747596740723,322796000
2018-09-07,6.646827698670961,6.84277350719621,6.602103750427109,6.717496871948242,295420000
2018-09-10,6.739981890261761,6.818063575972018,6.696246249083393,6.788412094116211,220140000
2018-09-11,6.742206307570554,6.829677600964378,6.721450503299689,6.740724086761475,243112000
2018-09-12,6.700941459984335,6.720462001123825,6.471885331108481,6.627060413360596,419092000
2018-09-13,6.692787900291968,6.79508470247253,6.675491396456412,6.704648494720459,305536000
2018-09-14,6.794837277185484,6.896392726322241,6.758020233854188,6.830418586730957,386936000
2018-09-17,6.80496937323966,6.8538939767110785,6.74937312581886,6.768646240234375,205528000
2018-09-18,6.772600198365273,6.87514397319947,6.690070884880213,6.696742057800293,299520000
2018-09-19,6.678209366866817,6.738253213919687,6.62829646388271,6.720462322235107,224860000
2018-09-20,6.5986450853909,6.640898041448498,6.525752338370183,6.57961893081665,430584000
2018-09-21,6.591478703181241,6.636943996137728,6.476579972697522,6.509690284729004,435128000
2018-09-24,6.478804594642573,6.56874689099045,6.39182768271744,6.5652875900268555,293912000
2018-09-25,6.6312605742763155,6.657205326950609,6.545765898270365,6.632248878479004,280388000
2018-09-26,6.637189878540061,6.677466214367921,6.579617043515133,6.595430850982666,268548000
2018-09-27,6.630520886744471,6.651771081947571,6.575913413356341,6.607294082641602,214428000
2018-09-28,6.738994228619711,6.966073277335361,6.711072394239323,6.9438347816467285,709396000
2018-10-01,7.021423361169476,7.216627380730317,6.982876662321223,7.149912357330322,622060000
2018-10-02,7.1224848297111265,7.233923806628516,7.056510681851803,7.078749179840088,383964000
2018-10-03,7.1489231934250075,7.156336182864405,6.981146632707836,7.084926128387451,320552000
2018-10-04,7.048851311876247,7.07306642060215,6.824242746551723,6.901089191436768,391220000
2018-10-05,6.876378757707457,6.9383992134025885,6.610752530205606,6.668078422546387,426636000
2018-10-08,6.585054450731145,6.7002001469970525,6.426420067086753,6.5670166015625,408612000
2018-10-09,6.546508154164182,6.640898052408182,6.493630337263265,6.561334133148193,273500000
2018-10-10,6.455577931761062,6.501290662675619,6.068628718135131,6.070852756500244,684940000
2018-10-11,5.98387361055741,6.117057603931005,5.788422688111067,5.809919834136963,725436000
2018-10-12,6.066404681163061,6.165983528734327,5.921607494025776,6.091855049133301,608236000
2018-10-15,6.078512091682682,6.078512091682682,5.815109908898005,5.816098213195801,449760000
2018-10-16,5.9285243767066635,6.085429071048844,5.879352834113323,6.074309825897217,408712000
2018-10-17,6.136332125568738,6.174384905851646,5.956941928303111,6.005866527557373,329668000
2018-10-18,6.075053355089918,6.113352624481227,5.858351711491363,5.918642520904541,524020000
2018-10-19,5.973744497573199,5.993264568527614,5.626330310891647,5.662652969360352,613608000
2018-10-22,5.714789595901414,5.814615397268397,5.61076314788748,5.713306903839111,368844000
2018-10-23,5.446691969721979,5.53959963408011,5.354773080859697,5.462259292602539,626436000
2018-10-24,5.423959874143082,5.470413473372287,4.913463727809758,4.927300930023193,884288000
2018-10-25,4.8299468279243145,5.182796949473837,4.785716789033116,5.135601997375488,951720000
2018-10-26,4.900118263949497,5.06147052702971,4.771876770943768,4.899624347686768,664784000
2018-10-29,5.040469938771781,5.043929239272605,4.3491009273157415,4.5865583419799805,758016000
2018-10-30,4.609538199239454,5.025891408463385,4.586558358134041,5.016007423400879,807192000
2018-10-31,5.180324622945915,5.252970397757551,5.040963369508959,5.209481716156006,745772000
2018-11-01,5.245805181764511,5.398756701387198,5.119540234767627,5.38936710357666,566528000
2018-11-02,5.379977940048865,5.485487091337592,5.194163048737129,5.310544490814209,452960000
2018-11-05,5.297446852435231,5.320674120491203,5.072344443286182,5.23270845413208,379332000
2018-11-06,5.224800737530947,5.308812702985864,5.178099721762267,5.2151641845703125,299012000
2018-11-07,5.28163403301866,5.372070241015222,5.218130885168222,5.282622337341309,483812000
2018-11-08,5.223566509948047,5.224307855973232,5.036516377365908,5.089889049530029,511352000
2018-11-09,5.0011815425701975,5.172170418215048,4.96757684420411,5.081981182098389,413240000
2018-11-12,4.99080298204079,5.012794514344701,4.661673699808988,4.683418273925781,617116000
2018-11-13,4.781021556606179,5.045905951173958,4.774843830190087,4.924829959869385,644712000
2018-11-14,5.097549495752821,5.111881088614247,4.764714287339788,4.8724470138549805,526580000
2018-11-15,4.866515335628465,5.072839031740589,4.830686599283498,5.000934600830078,840708000
2018-11-16,4.0355393745942125,4.216906185200407,3.9932859463314143,4.062966823577881,1963520000
2018-11-19,3.9977336989811865,3.9984745737201535,3.573720293229498,3.5754499435424805,1697820000
2018-11-20,3.3125418454000717,3.811671549744272,3.294009844501757,3.6836769580841064,1692032000
2018-11-21,3.820566870062842,3.837369220136449,3.548516455386355,3.5756967067718506,1025496000
2018-11-23,3.5411042864079247,3.696279150859607,3.5282553867654127,3.5828630924224854,411968000
2018-11-26,3.703692571137445,3.7921521866849437,3.6214102122082954,3.7817742824554443,814832000
2018-11-27,3.755829242874207,3.879623452939412,3.7200007307363907,3.798576593399048,738060000
2018-11-28,3.915945530644681,3.9604225251910212,3.7837502809066104,3.955233573913574,804524000
2018-11-29,3.957459192484639,3.9945602780610026,3.861985568722618,3.8921611309051514,549172000
2018-11-30,3.9018073643916384,4.052932853801496,3.8515970834381643,4.04229736328125,729564000
2018-12-03,4.2691100076797435,4.320557032680872,4.139008269364891,4.2057905197143555,890804000
2018-12-04,4.161268502328295,4.166215439909608,3.8708899653815085,3.8859779834747314,812112000
2018-12-06,3.7457353951942864,3.9201109339239735,3.7301529664919557,3.9151642322540283,692308000
2018-12-07,3.919369339043974,3.9295104207730804,3.601783314930206,3.6510040760040283,681676000
2018-12-10,3.6062347843390494,3.780857757874147,3.602524581310887,3.7561235427856445,629472000
2018-12-11,3.8476395858091017,3.8558018433926247,3.5864473431363764,3.665349245071411,671912000
2018-12-12,3.671038932677915,3.778879688485228,3.5819961652117036,3.6829113960266113,654136000
2018-12-13,3.7296576806140096,3.793719001292496,3.646798377869363,3.6826627254486084,471384000
2018-12-14,3.6411100571739334,3.7247114637579677,3.5988148252338936,3.622312307357788,471820000
2018-12-17,3.5923835734899243,3.6643597162474855,3.4934469535251655,3.5513248443603516,662868000
2018-12-18,3.5951042522127103,3.718280203883711,3.567896805524452,3.6344316005706787,564372000
2018-12-19,3.600793542984009,3.6542193866108357,3.374476326159526,3.4259233474731445,745364000
2018-12-20,3.417513707699646,3.5072985491377735,3.281970637111503,3.3415799140930176,749588000
2018-12-21,3.368045797324086,3.4009422769050137,3.177345711205671,3.204800605773926,863740000
2018-12-24,3.128618945125404,3.214941020052393,3.0793979566137915,3.143212080001831,463840000
2018-12-26,3.1892176004464607,3.2931009283476196,3.078408748802953,3.29211163520813,695100000
2018-12-27,3.23992317298767,3.2743035931787516,3.0962178191669945,3.244375228881836,637044000
2018-12-28,3.264903795478063,3.3982208288197224,3.2231032137878097,3.3057150840759277,628728000
2018-12-31,3.3490000177104666,3.381401609081078,3.271334844675895,3.3020052909851074,465140000
2019-01-02,3.231265703822605,3.425181080966381,3.2166725681874238,3.3692820072174072,508752000
2019-01-03,3.309177863997585,3.3430636293693605,3.1582998159622626,3.165719985961914,705552000
2019-01-04,3.2386860009683236,3.4066306700153226,3.208015788753287,3.3685402870178223,585620000
2019-01-07,3.4256759528263236,3.5837269755322927,3.374476139704022,3.546873092651367,709160000
2019-01-08,3.628247439800897,3.630473702748906,3.3861004185192307,3.458571434020996,786016000
2019-01-09,3.5097716640211716,3.573833229853513,3.459314176096234,3.5265910625457764,617260000
2019-01-10,3.507298713645063,3.6007935267759525,3.4469473460181335,3.5921366214752197,523156000
2019-01-11,3.5698760153464897,3.703935157819665,3.5421739172799653,3.6811797618865967,874764000
2019-01-14,3.628990048105779,3.746229770556117,3.605492568196538,3.721000909805298,730168000
2019-01-15,3.75365026760115,3.792977619724947,3.688599641824776,3.7069029808044434,617012000
2019-01-16,3.7341107600864265,3.767007001850454,3.6759856531433406,3.681427001953125,470104000
2019-01-17,3.648530916275884,3.7924834705310424,3.6213232275310365,3.7526614665985107,493436000
2019-01-18,3.8023766394178167,3.907496705882418,3.7509296199826263,3.881525754928589,651336000
2019-01-22,3.851349988777855,3.862975008613983,3.6495195660652597,3.6796951293945312,661552000
2019-01-23,3.7348530468309113,3.8234011671041355,3.661392711040588,3.6925575733184814,591020000
2019-01-24,3.7769007584765713,3.9215951539983154,3.772201261818545,3.90403413772583,708972000
2019-01-25,3.8446713738435534,3.979224899976783,3.742272230696433,3.9611690044403076,1154572000
2019-01-28,3.377443831559899,3.503340451934958,3.2401696336174215,3.41355562210083,2511528000
2019-01-29,3.367550107581684,3.415781798060501,3.2404167562150623,3.255009889602661,1153932000
2019-01-30,3.3309441284015135,3.412566710091489,3.2515475742334536,3.398221015930176,974228000
2019-01-31,3.395005804093513,3.591147461293076,3.3732397014718236,3.555530309677124,842852000
2019-02-01,3.5740798692574787,3.6307210199896716,3.5265905041281727,3.579768657684326,625048000
2019-02-04,3.5955989010224516,3.7269371103711824,3.5735855968003305,3.689836025238037,528592000
2019-02-05,3.7017086512924178,3.7454880591567816,3.668070324166557,3.7088816165924072,542424000
2019-02-06,3.7420248909658316,3.8486291221777678,3.7365835431549708,3.78432035446167,702464000
2019-02-07,3.738068038238784,3.740294065936095,3.603514488462521,3.6463043689727783,637120000
2019-02-08,3.579274075445576,3.675489777473582,3.5649283835284273,3.6648542881011963,461604000
2019-02-11,3.6208281317062947,3.674995825326401,3.5740806086947448,3.622312307357788,495180000
2019-02-12,3.6606507386046925,3.7546404468256993,3.6463048057117597,3.739057779312134,591060000
2019-02-13,3.7684910030988537,3.8543184402777513,3.7548871599384235,3.7813527584075928,605372000
2019-02-14,3.7803632359891957,3.850360798091592,3.7373256814451947,3.8221638202667236,827264000
2019-02-15,4.030425037561962,4.053180194895898,3.8689112575551996,3.8916666507720947,1516748000
2019-02-19,3.8810305343986,3.954738290641775,3.8619853461631073,3.874352216720581,551892000
2019-02-20,3.9035394354037853,3.9886247899066,3.8924092963662886,3.921595335006714,540988000
2019-02-21,3.9342098491476727,3.958696390685526,3.8382413259934585,3.852834463119507,448548000
2019-02-22,3.9045284220580823,3.9562226446169366,3.8909245799602954,3.937424659729004,401740000
2019-02-25,4.020779448426122,4.088056109245228,3.9164012230623424,3.925058364868164,656020000
2019-02-26,3.920358360077931,3.9762574332662384,3.852339384284789,3.885730504989624,488464000
2019-02-27,3.8713846565324657,3.897850016459146,3.7870411676496665,3.8439297676086426,500256000
2019-02-28,3.8377406356951043,3.8600243287793177,3.7971349733702637,3.819418430328369,324944000
2019-03-01,3.8691843733080757,3.91573237396247,3.810999372490083,3.8736412525177,357188000
2019-03-04,3.912019719266624,3.934798569878912,3.825360961195006,3.8818130493164062,409992000
2019-03-05,3.866214050306254,3.913504913927053,3.811990524306629,3.875375270843506,362924000
2019-03-06,3.8664610498022225,3.8748791799768414,3.7619755042596372,3.7646989822387695,403524000
2019-03-07,3.7411777555157997,3.750834131965574,3.6495672080075923,3.695620059967041,450104000
2019-03-08,3.6064849280856133,3.740434514030447,3.585191553100891,3.729787826538086,422416000
2019-03-11,3.7533094740706834,4.012542344270088,3.706266081637575,3.9897637367248535,859728000
2019-03-12,4.017493763725384,4.070231563832342,3.9414817310682904,4.023931503295898,579576000
2019-03-13,4.061318860643894,4.20418172942845,4.053890807518709,4.1749653816223145,768900000
2019-03-14,4.184128231638006,4.196012932372243,4.0915271166903695,4.099202632904053,519384000
2019-03-15,4.142282668685876,4.247015902836144,4.138816338373653,4.204429626464844,661484000
2019-03-18,4.23587379019164,4.289602378868903,4.156147725824761,4.183135986328125,486992000
2019-03-19,4.27747020210782,4.394830989700251,4.260633942280537,4.350511074066162,854972000
2019-03-20,4.3794792829241125,4.4327124765415435,4.2834118854468475,4.318075656890869,719148000
2019-03-21,4.341102869772194,4.58052807605089,4.336150834187309,4.5542826652526855,824312000
2019-03-22,4.527047608402401,4.575576236911883,4.380965858141229,4.39483118057251,747644000
2019-03-25,4.3542258344685685,4.4183529552564105,4.236617573332683,4.302725791931152,525212000
2019-03-26,4.444103339017081,4.500060029751345,4.3230287371521126,4.379233360290527,703508000
2019-03-27,4.404734708346293,4.451034773354926,4.300744330698513,4.370070934295654,474372000
2019-03-28,4.39606798355303,4.454253210706671,4.335654671358555,4.388640403747559,480264000
2019-03-29,4.455245702515035,4.470101813897003,4.404983895204245,4.445837020874023,456896000
2019-04-01,4.537446956234204,4.543389305207008,4.465891780679068,4.513182640075684,483824000
2019-04-02,4.53719947856981,4.57532911810016,4.494365263005259,4.531009197235107,440920000
2019-04-03,4.580527766879157,4.72908551863376,4.575575731628518,4.670157432556152,783504000
2019-04-04,4.654806175601139,4.703582728669663,4.59860204227738,4.661243915557861,457376000
2019-04-05,4.704327538968797,4.745181136383026,4.6679310582651095,4.727849006652832,481744000
2019-04-08,4.697394623832301,4.773654384894066,4.673377764829961,4.748647212982178,424192000
2019-04-09,4.71522147021944,4.726363316414161,4.643913749023665,4.686005115509033,439972000
2019-04-10,4.685261650699868,4.782071450392167,4.680805007254649,4.756321430206299,444772000
2019-04-11,4.758797299610469,4.790242207370964,4.693184478335227,4.742455959320068,374600000
2019-04-12,4.7810808343748965,4.785042557326087,4.695907805067246,4.704573631286621,471708000
2019-04-15,4.696899127450819,4.701851164141336,4.5334856946814615,4.573101043701172,440092000
2019-04-16,4.612220746124993,4.6788238817913825,4.579538064717605,4.660006523132324,394964000
2019-04-17,4.6949178621396275,4.715715846704068,4.614944322265305,4.637228012084961,351004000
2019-04-18,4.6439136499988285,4.677834108167068,4.58498554927499,4.612716197967529,380988000
2019-04-22,4.5891951787742755,4.682043746684063,4.557750735792783,4.666445255279541,279936000
2019-04-23,4.679566336092608,4.752112286478688,4.669910197465085,4.720914840698242,346856000
2019-04-24,4.731313389637736,4.773900135261135,4.670652613447029,4.733294486999512,318204000
2019-04-25,4.693184421651426,4.715468110164845,4.548340918566325,4.627819061279297,499296000
2019-04-26,4.474309051800788,4.478766167098218,4.290840528627895,4.4094390869140625,868988000
2019-04-29,4.41736259516939,4.467872324386639,4.3453120284149875,4.440141677856445,391920000
2019-04-30,4.407953864018122,4.506992223506752,4.388889044751232,4.481490135192871,362920000
2019-05-01,4.533732455985197,4.575823812477557,4.468119167414932,4.468367099761963,354280000
2019-05-02,4.478024292877047,4.577310123321939,4.434942613606475,4.535714149475098,394684000
2019-05-03,4.544131206921117,4.554034804968513,4.469852096431354,4.531256198883057,336824000
2019-05-06,4.345311631039512,4.4651484378754125,4.308172308225487,4.45301628112793,422176000
2019-05-07,4.404734701033539,4.404734701033539,4.238102448089224,4.286136150360107,555220000
2019-05-08,4.258652661144625,4.386164488117321,4.24676796647782,4.3061909675598145,419168000
2019-05-09,4.237360033834992,4.247016172854094,4.095240009746013,4.21383810043335,660248000
2019-05-10,4.183137637306675,4.248503014696945,4.060577318573798,4.1799187660217285,569500000
2019-05-13,4.048197112847471,4.071223656609961,3.9073148442360175,3.923161029815674,656912000
2019-05-14,3.9627748713886772,4.047205504831226,3.9241500867988903,4.012046813964844,524880000
2019-05-15,3.9565864067558403,3.987535925842952,3.8974110830490076,3.951139450073242,502320000
2019-05-16,3.9456917875289874,4.008828827285346,3.9033529675768066,3.9662420749664307,781088000
2019-05-17,3.9243993186190456,4.0533968982091,3.8362550969017906,3.8756227493286133,1022068000
2019-05-20,3.77707872150093,3.8320450886560913,3.7325113457262473,3.7572710514068604,572064000
2019-05-21,3.8179321526537056,3.855071475846897,3.779307124302193,3.8392252922058105,361848000
2019-05-22,3.800601312628378,3.826598797197206,3.757519395716149,3.768413782119751,325868000
2019-05-23,3.70626650873821,3.70626650873821,3.587915633723811,3.6475863456726074,591844000
2019-05-24,3.6664025172866244,3.701561208427773,3.587171850251032,3.5938570499420166,357584000
2019-05-28,3.6114373482718416,3.644120030658878,3.5468146000057823,3.548795461654663,428356000
2019-05-29,3.501257225214244,3.5361682325482295,3.440101038310798,3.474764585494995,559800000
2019-05-30,3.477986413949264,3.5136809634789703,3.410067601899992,3.4482409954071045,394300000
2019-05-31,3.39940839696326,3.466583501328477,3.356029577597958,3.357764720916748,389720000
2019-06-03,3.3689200673298636,3.407589187225042,3.2868723543429175,3.316122055053711,478644000
2019-06-04,3.380074213399917,3.549871243975112,3.358013069291645,3.544665813446045,641836000
2019-06-05,3.6182864353641984,3.62373984584108,3.46584104857377,3.5020313262939453,511616000
2019-06-06,3.5062449089870698,3.588540596250872,3.5037660648392492,3.5640006065368652,408140000
2019-06-07,3.569949577094456,3.64084271992165,3.550862761690876,3.606635570526123,348856000
2019-06-10,3.662655860005159,3.7476783604791355,3.662655860005159,3.6792638301849365,402780000
2019-06-11,3.739002687057581,3.7766803600690517,3.69735924180774,3.736771821975708,383872000
2019-06-12,3.6933931797938406,3.6995902902123228,3.6088666266878255,3.6239871978759766,358892000
2019-06-13,3.646048775351264,3.693393617134934,3.628449357911743,3.675050735473633,308080000
2019-06-14,3.5820957802225886,3.606387791213942,3.5407000753888216,3.585318088531494,394428000
2019-06-17,3.583582468395753,3.6319189777669725,3.560777625103327,3.594985008239746,276040000
2019-06-18,3.6562115384735345,3.8448471865550116,3.6453049548652916,3.7895703315734863,581920000
2019-06-19,3.824769050974875,3.8361713558137254,3.7694919612169655,3.7955193519592285,331644000
2019-06-20,3.885995016872234,3.899876165789767,3.8054344736815104,3.8198113441467285,350168000
2019-06-21,3.8049390056086914,3.854018988032907,3.7553630652081633,3.761807918548584,434428000
2019-06-24,3.7831250635560445,3.81361418219415,3.7360279741490294,3.784116506576538,282948000
2019-06-25,3.789075185635976,3.863934590363492,3.7521412049121383,3.7548677921295166,311868000
2019-06-26,3.8820294672374502,4.008695675277993,3.869139759890773,3.9477171897888184,584072000
2019-06-27,4.033237129724353,4.065213432555032,3.997294579581761,4.046126842498779,445440000
2019-06-28,4.089998460579333,4.099170134918949,4.024310757808632,4.070911884307861,397668000
2019-07-01,4.277644134618608,4.31185152757884,4.081571927225259,4.119001865386963,709756000
2019-07-02,4.102392817475487,4.123462755505762,4.008199107527468,4.021336555480957,400228000
2019-07-03,4.044638713484651,4.050340104322096,3.974489243153426,4.0342278480529785,246636000
2019-07-05,3.9759759304166837,3.9804376615442005,3.9085525870976436,3.97176194190979,396552000
2019-07-08,3.912270157498809,3.931108994720168,3.8669084444589887,3.8969016075134277,329788000
2019-07-09,3.8547624323267926,3.9273909624271464,3.842120704699303,3.899380683898926,342860000
2019-07-10,3.942759447031385,4.024807158528224,3.9288782974941214,3.9675474166870117,452076000
2019-07-11,4.040422992097374,4.162379467430619,4.003241278239525,4.121727466583252,682560000
2019-07-12,4.149491032461163,4.2255900997530675,4.149491032461163,4.154696464538574,506392000
2019-07-15,4.175766288148709,4.191878069186944,4.118010578897881,4.146268367767334,289840000
2019-07-16,4.131394575199453,4.168576288590352,4.08603262955534,4.141557693481445,341444000
2019-07-17,4.143295183491425,4.213692878085088,4.11404547044134,4.206752300262451,348204000
2019-07-18,4.217161769338876,4.281114350306893,4.160645249121269,4.218400955200195,442192000
2019-07-19,4.25657360049254,4.263018216492399,4.169319996004684,4.17526912689209,344896000
2019-07-22,4.196588790626697,4.259549943428975,4.189152255303709,4.246660232543945,315940000
2019-07-23,4.285824199703994,4.356221396581559,4.270207432340897,4.354238510131836,428176000
2019-07-24,4.397368680660208,4.434302653600209,4.321517848638418,4.428601264953613,366236000
2019-07-25,4.38720513851172,4.399847100226015,4.274420344431656,4.297720909118652,392700000
2019-07-26,4.324742270063911,4.386216022258207,4.324742270063911,4.3396148681640625,274160000
2019-07-29,4.332425018793409,4.349528713326907,4.245419617794768,4.33341646194458,248160000
2019-07-30,4.287064128736449,4.361179841544886,4.272687017505464,4.349033832550049,197772000
2019-07-31,4.317551148872514,4.318543064630112,4.140070092511964,4.182209491729736,359416000
2019-08-01,4.192621089638232,4.282849034536858,4.0359617263873595,4.088016510009766,421212000
2019-08-02,3.995558500289917,4.064716996215121,3.94821388668555,3.995558500289917,428348000
2019-08-05,3.812375055230867,3.8136144773001788,3.690914529185375,3.7377636432647705,589156000
2019-08-06,3.8123760076677056,3.8577377320383035,3.7288408777705344,3.7764334678649902,361272000
2019-08-07,3.715701827021282,3.8265037358300678,3.6983503928704673,3.814605474472046,372560000
2019-08-08,3.8721143956805033,3.924168947611292,3.814854412196198,3.922929525375366,309300000
2019-08-09,3.88202953628245,3.8854998239839995,3.7714755786567715,3.8217949867248535,341816000
2019-08-12,3.76973950169852,3.8217940407325393,3.7323098104711803,3.7541232109069824,279200000
2019-08-13,3.752636680092983,3.914005764872741,3.713719815365377,3.8681480884552,351956000
2019-08-14,3.7801508866940603,3.7913054492057885,3.676289773160059,3.719916343688965,419880000
2019-08-15,3.7387550279949506,3.7585853080031844,3.6534847766804277,3.6876919269561768,477200000
2019-08-16,3.949947796045755,4.004232969258714,3.8887215756327413,3.955153226852417,1007960000
2019-08-19,4.068186623792393,4.2491380163327985,4.052074371012667,4.233273506164551,815112000
2019-08-20,4.2278195977279545,4.228315555656023,4.140070503796948,4.161140441894531,463188000
2019-08-21,4.227074819267649,4.299455345255577,4.205509401532645,4.244426250457764,427244000
2019-08-22,4.2540949437817,4.296482089527698,4.2114595826774135,4.250624656677246,303488000
2019-08-23,4.1742780845028475,4.228563495368226,4.006711906139541,4.0265421867370605,568056000
2019-08-26,4.1051200958053276,4.129164364303277,4.062980690288697,4.10115385055542,318208000
2019-08-27,4.139327140718047,4.142053727566777,3.9814285909595064,4.010678291320801,290968000
2019-08-28,3.9843768009846867,4.052858819281227,3.945172959795155,4.000256538391113,255612000
2019-08-29,4.091566632451565,4.1759288700905,4.0880929099579335,4.143672943115234,357976000
2019-08-30,4.189823581943815,4.239448592536736,4.138213722370114,4.156326770782471,290616000
2019-09-03,4.083626127603737,4.1166264861590625,4.050625769048413,4.073452949523926,296140000
2019-09-04,4.133996859933692,4.194787493313513,4.133996859933692,4.187343597412109,227728000
2019-09-05,4.289320366125694,4.465984652966574,4.287583505448676,4.459781646728516,695676000
2019-09-06,4.436458583586314,4.493279023714771,4.39477391760945,4.432736873626709,376976000
2019-09-09,4.463753240386079,4.564988124663979,4.462264366813369,4.478640556335449,417524000
2019-09-10,4.445888320844689,4.571687256838014,4.436211588828107,4.545138359069824,352812000
2019-09-11,4.559776452935597,4.621807473399679,4.5307457914876315,4.573671340942383,361512000
2019-09-12,4.620071765636443,4.6746589068972995,4.5642437386314505,4.572183609008789,327840000
2019-09-13,4.5056847070655515,4.5426552320366245,4.470699030616971,4.514369010925293,324592000
2019-09-16,4.439436668217253,4.505933843259826,4.429015500929482,4.471444606781006,231832000
2019-09-17,4.478143268954454,4.49700075115441,4.431744000022863,4.4927825927734375,223048000
2019-09-18,4.485836191910457,4.50146794370118,4.379390729822373,4.465737819671631,258152000
2019-09-19,4.471692874494908,4.4900543855638855,4.379638751098391,4.390308380126953,245476000
2019-09-20,4.389315003161526,4.412886619826779,4.274681707434538,4.284854412078857,350244000
2019-09-23,4.2851032652130385,4.383608372625145,4.281381081944904,4.338201522827148,249712000
2019-09-24,4.369466584959769,4.398993231110503,4.245404505643562,4.280886173248291,317268000
2019-09-25,4.2803884946278545,4.441917517803333,4.235726083182854,4.42231559753418,308432000
2019-09-26,4.412639281386251,4.421323587396591,4.349367368157565,4.400232791900635,234564000
2019-09-27,4.358548034890815,4.409165469798091,4.201237158861238,4.26177978515625,362056000
2019-09-30,4.287584127080288,4.329268789372331,4.256320157102148,4.319095611572266,186184000
2019-10-01,4.342171953292758,4.491046514914633,4.312645312736866,4.317359447479248,366008000
2019-10-02,4.295525804127507,4.307435847872101,4.221336728490136,4.293540954589844,293372000
2019-10-03,4.29800588359513,4.504941296869655,4.267734807064955,4.4987382888793945,450588000
2019-10-04,4.500969531494089,4.544391518564927,4.435961254635947,4.51511287689209,265524000
2019-10-07,4.579874348336966,4.673168866816315,4.571190043332724,4.573671340942383,480984000
2019-10-08,4.482114568803181,4.482114568803181,4.379391277573757,4.3975043296813965,444436000
2019-10-09,4.474174700465516,4.533228465686125,4.445392491319718,4.483851432800293,292412000
2019-10-10,4.4816184414725875,4.59228159976039,4.476407857066908,4.541416168212891,309124000
2019-10-11,4.625282179727991,4.697982369452037,4.606424692488743,4.614861011505127,446404000
2019-10-14,4.606175486565861,4.649101038214642,4.575159974748541,4.62825870513916,200040000
2019-10-15,4.7183270950055665,4.94486437794279,4.704431735598203,4.872411727905273,664124000
2019-10-16,4.838420492650064,4.943129094185844,4.807404976671537,4.81881856918335,428944000
2019-10-17,4.863233229602868,4.908143638282121,4.766464493366643,4.820804119110107,263436000
2019-10-18,4.82130013821803,4.853804529516834,4.652327658247658,4.7265167236328125,307440000
2019-10-21,4.787803109175514,4.876879959848776,4.768945622235089,4.863481044769287,261868000
2019-10-22,4.920300354826486,5.025256921130636,4.845863322136834,4.853555202484131,328720000
2019-10-23,4.771675887794921,4.854797253245495,4.739915931328009,4.840654373168945,279916000
2019-10-24,4.881841316678145,4.918067411363147,4.8478485319089915,4.884571075439453,232020000
2019-10-25,4.964964234557789,5.0959737537874785,4.95727235193186,5.075131416320801,423092000
2019-10-28,5.1188000557823345,5.183312379594485,5.089521403946788,5.130958557128906,330792000
2019-10-29,5.117062478727796,5.123513946836008,5.015580109240692,5.034933567047119,211236000
2019-10-30,5.061731622001463,5.067438654333333,4.968933070897511,5.036919116973877,205960000
2019-10-31,5.016076812063298,5.036919146033415,4.908142958818643,4.987790584564209,209732000
2019-11-01,4.952557687400017,5.059003157203133,4.927497190501189,5.026747226715088,283640000
2019-11-04,5.107635161973665,5.235419415070301,5.0845599881369195,5.223012924194336,376716000
2019-11-05,5.22276535854175,5.248818281598434,5.153042435938191,5.200930595397949,300868000
2019-11-06,5.1768616032258,5.202418072769225,5.064461125716639,5.151801109313965,269012000
2019-11-07,5.238148345811392,5.252787672770663,5.124755440517977,5.169417858123779,280340000
2019-11-08,5.1525441200790985,5.187033347297519,5.11507714685845,5.155521392822266,189100000
2019-11-11,5.1547795116709585,5.188524319116942,5.068680394817068,5.165449142456055,243436000
2019-11-12,5.203659881633516,5.256758625704611,5.168674189772201,5.200930595397949,283504000
2019-11-13,5.169666076907561,5.197207870777653,5.10887592942984,5.1751251220703125,300188000
2019-11-14,5.184056440523006,5.207628531573418,5.1242587289005215,5.205395221710205,518080000
2019-11-15,5.20316285160327,5.254772716233634,4.978362355062665,5.066446781158447,1053628000
2019-11-18,5.059001326145493,5.293726469408185,5.056024053301111,5.267177581787109,574588000
2019-11-19,5.2361646145564515,5.259736240765409,5.1026737821457075,5.1607346534729,414564000
2019-11-20,5.137905085323587,5.32350168129509,5.125250610623569,5.239883899688721,472588000
2019-11-21,5.23541851257245,5.290998067686238,5.1934853851809555,5.215072154998779,288388000
2019-11-22,5.23765150302719,5.284050778422608,5.209117287982455,5.232689380645752,224100000
2019-11-25,5.360473109148967,5.493715914396623,5.347570644518459,5.488753318786621,506476000
2019-11-26,5.4711371035358365,5.475851712081747,5.377842563094921,5.384294033050537,385244000
2019-11-27,5.42973343957815,5.4639994792560005,5.39273562678228,5.419055938720703,215784000
2019-11-29,5.388265940558016,5.4165725647475265,5.357972055708968,5.381809711456299,141556000
2019-12-02,5.374858605082308,5.38826740849526,5.18068244169978,5.195828914642334,372036000
2019-12-03,5.0125768312869035,5.160319424647662,4.975330851085942,5.156346797943115,465232000
2019-12-04,5.239777554688436,5.262125237158131,5.1714931798569586,5.200048446655273,273424000
2019-12-05,5.2219005536134775,5.237543838915353,5.152622538351522,5.183164596557617,184884000
2019-12-06,5.252194284022518,5.30111093009585,5.2422617681542905,5.268333911895752,232236000
2019-12-09,5.245489883172307,5.322961801954157,5.236799168591819,5.268333911895752,211880000
2019-12-10,5.298377521688799,5.364924220810174,5.2457364352135185,5.313276290893555,256388000
2019-12-11,5.323706490073684,5.402171561329519,5.3212233612455915,5.3967084884643555,233796000
2019-12-12,5.367905134665788,5.581945822911809,5.358966249624642,5.563819408416748,404348000
2019-12-13,5.566799162383771,5.6857383315718675,5.507950004779443,5.561832904815674,454704000
2019-12-16,5.609260438974921,5.662894702865185,5.5812015056423645,5.59063720703125,320976000
2019-12-17,5.609259353915085,5.691200706121203,5.599823654351449,5.668604850769043,321196000
2019-12-18,5.703367280451248,5.759236487706067,5.694924738269037,5.698897838592529,343548000
2019-12-19,5.7334122035345985,5.860048908461118,5.728445946806113,5.846640110015869,445360000
2019-12-20,5.912939646392922,5.969057035341422,5.893820074180725,5.943729877471924,603044000
2019-12-23,5.972283588393631,6.004315138783203,5.919394328318598,5.9300713539123535,355060000
2019-12-24,5.914677192066785,5.942239305321778,5.880410678591197,5.925106048583984,138864000
2019-12-26,5.928582028747246,5.967317982505401,5.909710630228528,5.9392595291137695,182852000
2019-12-27,5.95440666121821,5.9678154624624895,5.855332044762571,5.88165283203125,254644000
2019-12-30,5.859801344894404,5.865015772917134,5.73738589814169,5.768672466278076,258056000
2019-12-31,5.733412765788655,5.852103755754159,5.714293196478144,5.842668056488037,231004000
2020-01-02,5.9283346184940875,5.9571380615234375,5.87792847479062,5.9571380615234375,237536000
2020-01-03,5.837701968795054,5.905490008291012,5.812871155604805,5.861787796020508,205384000
2020-01-06,5.7686728146404915,5.891584610374977,5.742600672952375,5.8863701820373535,262636000
2020-01-07,5.914678168348962,6.003323936985491,5.869734620146879,5.957635402679443,314856000
2020-01-08,5.953413535981772,6.010027738144992,5.913436250059325,5.968808650970459,277108000
2020-01-09,6.0549704262952675,6.106618363369138,5.9807266351536645,6.034360885620117,255112000
2020-01-10,6.141381945898443,6.171675359974287,6.052488017299634,6.066641330718994,316296000
2020-01-13,6.149576949548927,6.281924462411108,6.1269806168674785,6.256845474243164,319840000
2020-01-14,6.214135687983089,6.239463317637183,6.126979903415702,6.140140533447266,359088000
2020-01-15,6.152803842842512,6.175151528370707,6.0718556439041,6.097679615020752,263104000
2020-01-16,6.151065142101568,6.187069795920927,6.127724301895055,6.181110382080078,284192000
2020-01-17,6.200229116867411,6.207678501568275,6.142373602488057,6.189800262451172,253792000
2020-01-21,6.153299881678846,6.1900495201260926,6.122509656861109,6.156527996063232,217916000
2020-01-22,6.201720357984873,6.2968218681187,6.182848958433113,6.210411071777344,239240000
2020-01-23,6.250388007668793,6.287137171560822,6.161742265023293,6.2786946296691895,244516000
2020-01-24,6.393910829739287,6.44357246252044,6.165468171441158,6.21959924697876,373512000
2020-01-27,5.915670782034059,6.015242215037423,5.766438191541949,5.964339256286621,470536000
2020-01-28,6.030138826194003,6.189552058514575,5.977000924217719,6.1572723388671875,310976000
2020-01-29,6.142871011283525,6.178875663738441,6.057204736572978,6.0969343185424805,258848000
2020-01-30,5.999348676845142,6.117046493141974,5.944473105422862,6.1036376953125,290504000
2020-01-31,6.057950619667328,6.0698694486625415,5.8290116343504925,5.870727062225342,370420000
2020-02-03,5.8526018296347235,5.986936143343454,5.846394243082121,5.967568397521973,255564000
2020-02-04,6.109103436607039,6.155536960600173,6.0591936262661195,6.136416912078857,271544000
2020-02-05,6.257093597361398,6.267274284490505,6.143368843165741,6.2265520095825195,208220000
2020-02-06,6.260818503807543,6.313210964202881,6.17987029595165,6.313210964202881,218284000
2020-02-07,6.273233053761534,6.2953325687371064,6.221833281757143,6.247160911560059,189752000
2020-02-10,6.269756755214002,6.530479123908256,6.264790497583461,6.5297346115112305,529608000
2020-02-11,6.637748408041317,6.766371455351388,6.575919776508791,6.651901721954346,638556000
2020-02-12,6.70454318700568,6.773821209071166,6.665807226145709,6.767364978790283,374644000
2020-02-13,6.709509062531158,6.790705436408653,6.6821951180236105,6.723662376403809,528016000
2020-02-14,7.132872187223781,7.3243170050003235,7.101585618170038,7.1956939697265625,1041924000
2020-02-18,7.092647159324658,7.3824221104221035,7.073279416105086,7.364047050476074,620164000
2020-02-19,7.486213974968702,7.831857654033963,7.486213974968702,7.81422758102417,694332000
2020-02-20,7.76630358951414,7.854452522643423,7.358583160433912,7.665242671966553,810052000
2020-02-21,7.553257651855542,7.578336639966872,7.217297816442467,7.301970481872559,768180000
2020-02-24,6.709011544937188,6.999034626035026,6.654632306032912,6.785738468170166,856916000
2020-02-25,6.860726869565134,6.922555491031663,6.405331612652643,6.506889343261719,1055496000
2020-02-26,6.507137078696602,6.839620529958425,6.505647580569452,6.645940780639648,747732000
2020-02-27,6.3331371030939225,6.6337688114067115,6.183815236866364,6.275992393493652,906416000
2020-02-28,6.024056430486508,6.7694234632079855,6.007410040360973,6.710042476654053,1133252000
2020-03-02,6.879738226215909,6.896881729577299,6.484693639055509,6.86806058883667,890744000
2020-03-03,6.92371612752799,6.983345447200676,6.520969308117952,6.606189727783203,652792000
2020-03-04,6.713273723231877,7.07825514478719,6.638736722285123,7.068813800811768,597408000
2020-03-05,6.869800285651486,7.03626563028122,6.745572430670839,6.790046215057373,540328000
2020-03-06,6.610909007237286,6.668302495799002,6.410156667714396,6.609915256500244,515412000
2020-03-09,5.960451711553038,6.444940477533983,5.917717588561511,6.0980963706970215,614160000
2020-03-10,6.373884328537915,6.486683368682861,6.111763882193203,6.486683368682861,580648000
2020-03-11,6.347049964055862,6.375373996903059,6.026790637877311,6.123688220977783,499964000
2020-03-12,5.60168251557704,5.866536307886631,5.361674389912644,5.374345779418945,816540000
2020-03-13,5.726903333954018,5.988278725229075,5.456335393232123,5.983806610107422,634836000
2020-03-16,5.277448221100597,5.61758447680324,4.8200412987671255,4.8796706199646,726972000
2020-03-17,4.991724583367149,5.487394033851727,4.7455051181713985,5.398198127746582,833632000
2020-03-18,4.971599521592483,5.2160797892647,4.489098604368338,5.03917932510376,874268000
2020-03-19,5.017812527033039,5.384781995647036,4.804886318481578,5.291362762451172,765512000
2020-03-20,5.44118067542152,5.722432568837711,5.096572776070153,5.1119771003723145,804636000
2020-03-23,5.11098266460325,5.378569879183568,4.932343026928404,5.284404754638672,643876000
2020-03-24,5.689635972329596,6.277482494566809,5.666032849202426,6.191019535064697,1101644000
2020-03-25,6.305805593471,6.505067080541429,6.053871523402629,6.102569103240967,793432000
2020-03-26,6.309285031074328,6.515006644099514,6.211393690193772,6.391275882720947,696108000
2020-03-27,6.211392473893671,6.537366419164007,6.178596329213779,6.279221057891846,638828000
2020-03-30,6.344564499621034,6.6079278794529435,6.3005878299103735,6.5987348556518555,602252000
2020-03-31,6.638735812991768,6.842469875227869,6.403945263646195,6.549292087554932,949960000
2020-04-01,6.351769311501759,6.4978610818740785,5.994738446861879,6.039211750030518,656912000
2020-04-02,6.0682825701850485,6.36046665043996,6.020330892045501,6.347298622131348,675764000
2020-04-03,6.309781168533182,6.351273226478855,5.922935826420933,6.060083389282227,663212000
2020-04-06,6.341583273592423,6.705322589635028,6.284189783712524,6.668550968170166,727884000
2020-04-07,6.889676590192596,6.913280185472903,6.392765179884151,6.435748100280762,784520000
2020-04-08,6.544572565930502,6.657371589711409,6.474756468687239,6.63252592086792,542444000
2020-04-09,6.75799563614717,6.780853326872135,6.47028368318691,6.533143043518066,525564000
2020-04-13,6.473512640432895,6.713272402959416,6.385310990189265,6.70457649230957,398408000
2020-04-14,6.832531266209441,7.088937428093513,6.804952670297664,7.054899215698242,530948000
2020-04-15,6.8871921794394515,7.060365936147796,6.841973436906401,6.977630138397217,366148000
2020-04-16,7.132666967595268,7.4288260502279275,7.119498939335271,7.321990013122559,745620000
2020-04-17,7.4039804904478155,7.425347792957144,7.129188706028905,7.262857913970947,539120000
2020-04-20,7.136641245852962,7.292174366409352,7.08769535135848,7.131920337677002,449388000
2020-04-21,7.0141527743230325,7.075272471908903,6.636500013605862,6.696129322052002,735160000
2020-04-22,6.88793701048303,7.152294134687176,6.842469952682461,7.109559535980225,483356000
2020-04-23,7.151550600664706,7.283231848447864,7.031297726274832,7.056391716003418,424160000
2020-04-24,7.046203587942154,7.1970158065298095,6.971666595888947,7.195028305053711,352328000
2020-04-27,7.3291949610384926,7.540630723793758,7.304597615042217,7.38112211227417,479388000
2020-04-28,7.5282088970585805,7.558023795022882,7.233540652145725,7.239006519317627,442904000
2020-04-29,7.3734203929741255,7.468082150925123,7.298386754372791,7.415409564971924,379160000
2020-04-30,7.361494217734316,7.4154093460717885,7.247950249284272,7.261863708496094,375916000
2020-05-01,7.064837711480267,7.177885036259341,6.977629802301647,7.025830268859863,342096000
2020-05-04,6.978624046997186,7.250931680845557,6.978624046997186,7.237266540527344,317556000
2020-05-05,7.3411215423924565,7.460380176917266,7.237266757199791,7.298138618469238,368896000
2020-05-06,7.377396350477383,7.50336340077888,7.339630972534059,7.398763179779053,323464000
2020-05-07,7.537649417392085,7.6377770415196595,7.486467694868089,7.574669361114502,373732000
2020-05-08,7.646224187677115,7.77045203954479,7.612434291582904,7.764240741729736,339216000
2020-05-11,7.759268970984669,8.062385133492539,7.730696631286082,8.01567554473877,469060000
2020-05-12,8.073319732712656,8.122016839695085,7.744612838906281,7.754302501678467,493060000
2020-05-13,7.868592147324393,8.028597396671517,7.547835743178876,7.7319416999816895,625852000
2020-05-14,7.793307914777422,7.986358046046124,7.640010646522393,7.980892181396484,602312000
2020-05-15,7.841015060461227,8.447992184242215,7.825362416366955,8.438302993774414,987660000
2020-05-18,8.706384284090324,8.861420771854155,8.626878538742194,8.696197509765625,774460000
2020-05-19,8.735949308514005,9.031362884264832,8.708619034200986,8.751105308532715,717320000
2020-05-20,8.935462935324942,8.9871417777898,8.833844433095647,8.914592742919922,587536000
2020-05-21,8.995587993509218,8.996581270452394,8.683527484566827,8.721044540405273,761068000
2020-05-22,8.770734713042978,9.036831514550855,8.65942703996952,8.97049331665039,1038764000
2020-05-26,9.100187815628933,9.125033957478843,8.618432356392493,8.663899421691895,770780000
2020-05-27,8.5717200048594,8.5794216903098,7.947350829276159,8.472586631774902,1175892000
2020-05-28,8.360286872605021,8.706386109655163,8.327490722077602,8.434576034545898,734896000
2020-05-29,8.501658565221103,8.82067584991455,8.432587896373802,8.82067584991455,745256000
2020-06-01,8.778683763704354,8.786137130114783,8.63582157154475,8.751850128173828,389876000
2020-06-02,8.741915542097436,8.78266169957155,8.604519169266093,8.770735740661621,391320000
2020-06-03,8.767752949429001,8.811480823540192,8.646257567101596,8.715328216552734,365440000
2020-06-04,8.67804533176041,8.892063372207687,8.62783444992384,8.716325759887695,424280000
2020-06-05,8.74416371287131,8.945504066976902,8.658158641672431,8.868945121765137,481748000
2020-06-08,8.826438305141293,8.838866568264795,8.636034697013924,8.754602432250977,387736000
2020-06-09,8.749631339266706,9.057608018513038,8.701160447107585,8.994222640991211,468488000
2020-06-10,9.1152757341884,9.445623635871778,9.101106547747797,9.313136100769043,632180000
2020-06-11,9.097627526364212,9.208240685971829,8.735711592301131,8.745903015136719,583652000
2020-06-12,9.110057459617575,9.134665556600186,8.653435597146515,8.881373405456543,570908000
2020-06-15,8.76479584104821,9.129694925278905,8.693704301366452,9.121243476867676,400004000
2020-06-16,9.172200921487875,9.213711919077781,8.788161137420968,9.016595840454102,535716000
2020-06-17,9.061587984964056,9.245777040629367,9.018336061726147,9.183137893676758,408304000
2020-06-18,9.174186691720614,9.229369050917883,9.062330430075383,9.165238380432129,254408000
2020-06-19,9.189601443060338,9.390941840343315,9.174438520649856,9.208243370056152,524160000
2020-06-22,9.246769799517342,9.47669600474337,9.22017234709144,9.472221374511719,398468000
2020-06-23,9.496333923986104,9.587310498937892,9.353655876844556,9.395912170410156,375108000
2020-06-24,9.422012461612931,9.501803887247242,9.092161313313138,9.18264102935791,449372000
2020-06-25,9.302201008306115,9.450596783301863,9.129694001574956,9.43568229675293,376072000
2020-06-26,9.445625718185534,9.445625718185534,9.072772071415052,9.10260009765625,592084000
2020-06-29,9.117266222856149,9.151817312552694,8.849059572517856,9.147342681884766,342248000
2020-06-30,9.26068956384979,9.471724465250414,9.213461781076331,9.443387985229492,367892000
2020-07-01,9.466257584270018,9.520943092607503,9.359124357158036,9.475454330444336,326648000
2020-07-02,9.58383127402163,9.681767761145823,9.523428968107915,9.557234764099121,364056000
2020-07-06,9.685993330757256,9.852037332291824,9.656910597586103,9.78293514251709,315892000
2020-07-07,9.889323129713429,10.012364587676132,9.794369726464941,9.8152494430542,357800000
2020-07-08,9.936547196680957,10.166474321926895,9.908459152504701,10.157525062561035,365480000
2020-07-09,10.320839579456528,10.50950328226475,10.17492904190796,10.4488525390625,494548000
2020-07-10,10.528144672391011,10.594263768223163,10.319346579441985,10.419271469116211,497676000
2020-07-13,10.53436161891402,10.730482108617588,9.967623270356814,9.994717597961426,457076000
2020-07-14,10.017334456489614,10.343208748675954,9.729491205941963,10.317605972290039,542676000
2020-07-15,10.354644503548622,10.373286429515986,9.998195897240302,10.16871452331543,403984000
2020-07-16,9.957681331276373,10.148333460626006,9.838865108242135,10.076745986938477,344964000
2020-07-17,10.166973074910793,10.189841196144675,10.0300118318398,10.143110275268555,266284000
2020-07-20,10.21544491768399,10.470973936765288,10.098617130568732,10.450591087341309,284852000
2020-07-21,10.452828136180505,10.499560010526949,10.227873386769945,10.269384384155273,277036000
2020-07-22,10.308162313037716,10.541816958152879,10.23259708373545,10.37900447845459,367292000
2020-07-23,10.390188199099878,10.486633131352665,9.973835145892702,10.071771621704102,411660000
2020-07-24,9.818479092225905,10.305425850353402,9.721040433377166,10.136150360107422,473292000
2020-07-27,10.173683955005732,10.381984204127468,10.159266334109978,10.36185073852539,292132000
2020-07-28,10.314871041356408,10.32257624250495,10.15081549413575,10.157029151916504,271636000
2020-07-29,10.331277485949975,10.456058901678837,10.287778082878747,10.405599594116211,284508000
2020-07-30,10.31561979259606,10.562200535140692,10.236326172540638,10.553252220153809,308880000
2020-07-31,10.502791478278828,10.704879069341306,10.373286978905037,10.553997039794922,386080000
2020-08-03,10.671070091242163,11.035223811270463,10.65391876498306,10.947230339050293,412720000
2020-08-04,10.986756094966408,11.163488388061523,10.843580218303728,11.163488388061523,310336000
2020-08-05,11.1796422711166,11.306660504702798,11.102337090051451,11.222146987915039,249924000
2020-08-06,11.284788588104904,11.292991603889252,11.114767787246265,11.270620346069336,244316000
2020-08-07,11.247751053622988,11.438900929592537,10.974325440445547,11.135397911071777,342516000
2020-08-10,11.269377922253069,11.342953785393757,10.794361590484725,11.101096153259277,427796000
2020-08-11,11.010367521177148,11.073007607753555,10.733958811085435,10.787899017333984,354512000
2020-08-12,10.927842871271675,11.40136666941188,10.895528625086735,11.374770164489746,464412000
2020-08-13,11.479916428422287,11.654661258068517,11.290755870974403,11.377506256103516,374460000
2020-08-14,11.464004577753204,11.63775467378837,11.375017379271375,11.497810363769531,366436000
2020-08-17,11.783417060907157,12.338720679866736,11.749612219421017,12.266386985778809,621300000
2020-08-18,12.37874242255525,12.424479620147759,12.017074833283205,12.19057559967041,503448000
2020-08-19,12.22612167908348,12.244515173044023,12.028757156275493,12.069025993347168,622624000
2020-08-20,11.906461006424056,12.30417121176024,11.810761365998337,12.071510314941406,921388000
2020-08-21,12.131915234151235,12.73544152542663,12.125452193013906,12.610908508300781,999868000
2020-08-24,12.81001165016241,12.838597520838839,12.435914798059068,12.64744758605957,490564000
2020-08-25,12.558456133077177,12.688209041803288,12.501782219926314,12.677023887634277,289076000
2020-08-26,12.7259907297815,12.794844470546327,12.605186142774583,12.699891090393066,321244000
2020-08-27,12.708346642679762,12.776455107840516,12.494577014962143,12.555974006652832,317604000
2020-08-28,12.602454409975303,13.07274675410688,12.570140159294503,13.072498321533203,537160000
2020-08-31,13.107294890616904,13.497299807575946,12.963125328470161,13.297947883605957,500840000
2020-09-01,13.406857617406526,13.917820106850497,13.36359369973899,13.746007919311523,511316000
2020-09-02,14.62396658977693,14.64684250423329,13.824577727830716,14.268655776977539,874012000
2020-09-03,13.75371449896683,13.809161891775185,12.808869413540275,12.944877624511719,945128000
2020-09-04,12.71438074626908,13.103508301994463,11.641236233560134,12.554006576538086,1463684000
2020-09-08,11.670826550949025,12.481901768077714,11.64074109472669,11.848358154296875,795728000
2020-09-09,12.3327152920004,12.739744895840701,12.16537815920074,12.64600658416748,736200000
2020-09-10,12.918769110397905,12.994356938663318,12.100980363374202,12.244945526123047,698684000
2020-09-11,12.417751873748696,12.583845521051666,11.83120166985141,12.098493576049805,636928000
2020-09-14,13.010022440993444,13.242752006584764,12.562712850650161,12.802404403686523,1201744000
2020-09-15,13.207941722010666,13.226590173176504,12.758146125908663,12.920510292053223,727556000
2020-09-16,12.88694376690276,13.021708500069288,12.44585062487237,12.446596145629883,556384000
2020-09-17,12.066420242616426,12.521438302822826,11.969449429392025,12.395873069763184,792512000
2020-09-18,12.525414964806158,12.563954399639542,11.923698214828766,12.123109817504883,698460000
2020-09-21,11.860294969517335,12.45455277423042,11.839906020697956,12.449331283569336,721044000
2020-09-22,12.506767294795011,12.579371147984176,12.08954412011194,12.56917667388916,646452000
2020-09-23,12.507265827431572,12.657944498012013,12.013709239052593,12.057967185974121,647012000
2020-09-24,12.006744330754543,12.50129577509505,11.948809980000965,12.280997276306152,731240000
2020-09-25,12.37995930307491,12.81359341042278,12.179304208660158,12.803895950317383,588016000
2020-09-28,12.969493035987947,12.980930993277246,12.680818115759017,12.964271545410156,573808000
2020-09-29,12.86730007540991,13.369808525156131,12.863073561182524,13.153985977172852,621460000
2020-09-30,13.086107461833182,13.548584516215799,13.078896967384146,13.457083702087402,689184000
2020-10-01,13.683347244338666,13.688070771976735,13.387709427168113,13.54062557220459,525004000
2020-10-02,13.153239241621401,13.446140634224474,12.98018265968585,12.991372108459473,552496000
2020-10-05,13.164178752952756,13.57021335878919,13.15100030117963,13.568472862243652,479820000
2020-10-06,13.754956254284847,14.065263568306756,13.590851607157786,13.66196346282959,784420000
2020-10-07,13.923783860981324,14.042635582326085,13.788272695610392,13.888227462768555,418084000
2020-10-08,13.998629425692702,14.008078379882168,13.683350016470648,13.76366138458252,378900000
2020-10-09,13.692298713449562,13.749238090470126,13.586625429092514,13.688071250915527,346892000
2020-10-12,13.91359008305016,14.269150288914334,13.837008235079223,14.14880657196045,434744000
2020-10-13,14.218925925974037,14.27064381415561,13.94268301085505,14.170937538146973,344604000
2020-10-14,14.212957463317636,14.264923856549403,13.884251150985698,14.018767356872559,276100000
2020-10-15,13.735813200132517,13.9297548311597,13.693046297077895,13.89419937133789,267224000
2020-10-16,13.960585989677563,14.044876308011847,13.717661001997262,13.736557960510254,242392000
2020-10-19,13.82756165113079,13.907624505901477,13.334004171483173,13.424510955810547,298068000
2020-10-20,13.509792111347073,13.724869096859207,13.433707282038606,13.571455955505371,229212000
2020-10-21,13.551070803924599,13.716667466639537,13.40437110040084,13.451364517211914,219596000
2020-10-22,13.449126364383108,13.537891703010716,13.15995348572998,13.28850269317627,290480000
2020-10-23,13.37701607509531,13.519489220485832,13.21912791756246,13.516505241394043,233484000
2020-10-26,13.354144270624808,13.618452225556153,12.96775208441768,13.069944381713867,336896000
2020-10-27,13.233798365065633,13.369061027837251,13.119919622663886,13.324056625366211,250520000
2020-10-28,13.126385854290977,13.188049707227659,12.540582096891148,12.558484077453613,376520000
2020-10-29,12.768838326092173,13.121166120183615,12.680818504298344,12.95333194732666,320080000
2020-10-30,12.780275414072687,12.866305277684038,12.233259561410113,12.46599006652832,416820000
2020-11-02,12.58906543818287,12.76709403265931,12.327741523587449,12.512483596801758,299652000
2020-11-03,12.63954209787184,13.033890278158362,12.534365826303068,12.948854446411133,272900000
2020-11-04,13.316599172080933,13.752471747994806,13.264632773822745,13.719401359558105,410228000
2020-11-05,14.08565213447711,14.261193784268926,13.915082519116078,14.083165168762207,319028000
2020-11-06,14.03318896935885,14.509589961526343,13.819604883139405,14.482985496520996,383348000
2020-11-09,14.473538060697685,14.611783787458327,13.536898411202461,13.55678939819336,582976000
2020-11-10,13.53266964084014,13.53266964084014,12.55972815670973,12.700709342956543,644068000
2020-11-11,12.982916398010092,13.362097998306274,12.877988653224927,13.345190048217773,404744000
2020-11-12,13.405860329921897,13.691302714348726,13.243744694427015,13.3837308883667,365812000
2020-11-13,13.553305579639913,13.594580483530914,12.988387818739444,13.224847793579102,346312000
2020-11-16,13.101023821758483,13.575435787930013,13.084613831121814,13.441914558410645,413776000
2020-11-17,13.478960898278817,13.522473311365049,13.231560936588995,13.349417686462402,312028000
2020-11-18,13.392187433545983,13.531925147427977,13.113458475022282,13.35588550567627,510924000
2020-11-19,13.141056448609183,13.414315378972356,13.028918190667222,13.367321968078613,565936000
2020-11-20,13.38099780808852,13.421277740192645,12.994107670676497,13.016735076904297,341088000
2020-11-23,13.099781223360337,13.309884305156885,12.94487607234443,13.068700790405273,361356000
2020-11-24,13.071186853481274,13.090580823661265,12.815084388554446,12.887439727783203,346500000
2020-11-25,12.96178411756884,13.197497637148764,12.94935213399809,13.162936210632324,259916000
2020-11-27,13.302426146106399,13.334750064003929,13.099035582696706,13.189292907714844,167276000
2020-11-30,13.193022390006243,13.339722070023917,12.901860540365371,13.328781127929688,286952000
2020-12-01,13.419040904899328,13.45534283154815,13.156472492583589,13.31734561920166,296948000
2020-12-02,13.278059756096301,13.599307099572938,13.162440495333444,13.471007347106934,283360000
2020-12-03,13.517763528464098,13.589891659268064,13.26059109649441,13.32724666595459,199520000
2020-12-04,13.379480943382095,13.490409453047432,13.320037979676624,13.488668441772461,202244000
2020-12-07,13.53144416609202,13.660777082523387,13.430714113847694,13.53691577911377,223244000
2020-12-08,13.515278179379305,13.528957686598924,13.213335648092489,13.281484603881836,271920000
2020-12-09,13.232236003515796,13.345153115732616,12.802204474515289,12.864383697509766,401300000
2020-12-10,12.802953380691694,13.001678158655883,12.783552731095787,12.905673027038574,207764000
2020-12-11,12.900700138792804,12.953180002897902,12.757190533366504,12.946464538574219,209264000
2020-12-14,13.020828245041423,13.32003447401288,13.010382180140862,13.240445137023926,270156000
2020-12-15,13.3707718895099,13.39489745979019,13.11907107095995,13.291929244995117,193016000
2020-12-16,13.3536122578648,13.368287035609647,13.144689988892607,13.17453670501709,223116000
2020-12-17,13.298150805461166,13.310835994099438,13.110867325576123,13.272782325744629,231384000
2020-12-18,13.310335327964504,13.336201912214122,13.003419287690592,13.203885078430176,342064000
2020-12-21,13.007645399918461,13.30138000486994,12.900945634831366,13.263823509216309,302332000
2020-12-22,13.25089297888134,13.26880025003233,12.98700409143935,13.210103034973145,185580000
2020-12-23,13.187966443845962,13.206868984202535,12.938255185424696,12.942482948303223,179144000
2020-12-24,12.970338727219502,13.065100006417657,12.872344955272986,12.927062034606934,97884000
2020-12-28,12.9954590638984,12.9954590638984,12.69774525994913,12.833792686462402,212564000
2020-12-29,12.858665667551723,13.005408696448747,12.776340043671759,12.876821517944336,170372000
2020-12-30,12.923579073766286,13.145932243119045,12.830559761023274,13.07828140258789,225396000
2020-12-31,13.069080738298597,13.083505986905843,12.84871713388404,12.987998962402344,192424000
2021-01-04,13.036996628743378,13.582433110247534,12.895973780811365,13.046198844909668,560640000
2021-01-05,13.03251966866756,13.374505491666145,13.01983542997663,13.335954666137695,322760000
2021-01-06,13.15463928774817,13.177023851121177,12.521406527298588,12.549759864807129,580424000
2021-01-07,12.900944926798237,13.309090007060597,12.8203612761621,13.2755126953125,461480000
2021-01-08,13.293919104792138,13.352118201712143,12.975063652438749,13.208608627319336,292528000
2021-01-11,13.349881280512768,13.889348941876813,13.293920349716162,13.551590919494629,518344000
2021-01-12,13.681916283179843,13.683906822949615,13.276508418363603,13.41554069519043,291476000
2021-01-13,13.420763670245865,13.555071023692324,13.316303027862848,13.462299346923828,210028000
2021-01-14,13.505330358708365,13.529953094168745,13.112855226974897,13.132503509521484,283120000
2021-01-15,13.160108417536335,13.256859277308203,12.782556721687804,12.793499946594238,277780000
2021-01-19,12.94944518994785,13.026796351578763,12.7780794490241,12.958399772644043,226188000
2021-01-20,13.044455477389974,13.361569918313185,12.9897384021598,13.297152519226074,258572000
2021-01-21,13.349628886074438,13.927398623322913,13.18497863354207,13.796324729919434,337780000
2021-01-22,13.669482236438519,13.77071039880611,13.557310847947868,13.642123222351074,246820000
2021-01-25,13.711016129258498,13.757526257382864,13.168564636769304,13.583175659179688,251112000
2021-01-26,13.510799710027586,13.574719948658196,13.31879041384867,13.36629581451416,163980000
2021-01-27,13.162099460401164,13.164835741319445,12.728088683861888,12.851452827453613,371272000
2021-01-28,12.92954887671929,13.271286051874542,12.893981971050982,12.984017372131348,228316000
2021-01-29,13.007893762775277,13.266310987846254,12.845233076128466,12.923081398010254,271552000
2021-02-01,12.986258366188409,13.202641846107586,12.83653046690739,13.169065475463867,217204000
2021-02-02,13.329983047797578,13.502343114382933,13.217313559304229,13.48717212677002,220440000
2021-02-03,13.56601739761025,13.860250172849762,13.447131481428253,13.4610595703125,245408000
2021-02-04,13.46155368214579,13.603322239769158,13.269295813752072,13.594120025634766,201340000
2021-02-05,13.654559959985026,13.666747036533561,13.476229206080044,13.521246910095215,169152000
2021-02-08,13.656798344420974,14.399467130873976,13.656798344420974,14.364646911621094,434624000
2021-02-09,14.267147945822208,14.50840365374763,14.149504952867572,14.190046310424805,287560000
2021-02-10,14.389020780396104,14.828503172781936,14.267895756343098,14.688475608825684,485352000
2021-02-11,14.90336584704324,15.193867006521918,14.848399244695507,15.172476768493652,450828000
2021-02-12,14.972757696636352,15.21276954512142,14.699168535050127,14.8844633102417,374756000
2021-02-16,14.98693515502818,15.29360353659292,14.873271342590193,15.251569747924805,321960000
2021-02-17,15.093136657546811,15.14536793027898,14.704143611075722,14.829497337341309,274756000
2021-02-18,14.653406299348754,14.796915880160729,14.500196394226357,14.752893447875977,233868000
2021-02-19,14.947390182953654,15.099107664393724,14.770552807333134,14.849893569946289,271724000
2021-02-22,14.698921307165705,15.055581855788054,14.251479612238253,14.282072067260742,325884000
2021-02-23,14.003012864242908,14.165674533529184,13.32078225361046,14.06942081451416,391780000
2021-02-24,14.050269867109018,14.43229893762585,13.685401378528587,14.424588203430176,448320000
2021-02-25,13.97341582362996,14.30097638862867,13.148422295447304,13.239203453063965,824436000
2021-02-26,13.681917670854737,13.783394411878966,13.29242744323524,13.644113540649414,500932000
2021-03-01,13.803787286000736,13.853530853363873,13.48368896229806,13.770708084106445,353184000
2021-03-02,13.828661800999605,13.849056772712135,13.327248726912291,13.337446212768555,264116000
2021-03-03,13.357342042126135,13.382461933778034,12.733062069739823,12.739031791687012,377592000
2021-03-04,12.735051323937004,12.908407604408795,12.02173124079755,12.306760787963867,573344000
2021-03-05,12.485590681099316,12.485590681099316,11.61930914685573,12.397544860839844,542840000
2021-03-08,12.38610197088301,12.407242680598653,11.507136309244094,11.5337495803833,543112000
2021-03-09,12.072157351075006,12.556327255527819,12.001497276395105,12.46028995513916,521824000
2021-03-10,12.779007652547866,12.917839263049766,12.397842388909234,12.408540725708008,384376000
2021-03-11,12.887987539350979,12.983777168838303,12.673519602486424,12.931279182434082,299916000
2021-03-12,12.587675358151452,12.827024017393462,12.529704849600746,12.79443073272705,243964000
2021-03-15,12.803140232452149,13.143502391712138,12.706107314755066,13.128076553344727,221988000
2021-03-16,13.29253611095089,13.447789171984342,13.053934351963948,13.227599143981934,272128000
2021-03-17,12.977305373429337,13.388825038522612,12.927295957365558,13.277361869812012,243864000
2021-03-18,13.073590340581577,13.120862523869793,12.656098955024245,12.661572456359863,293896000
2021-03-19,12.688940826273994,12.859619725532603,12.552099497380718,12.784232139587402,299208000
2021-03-22,12.850913393081935,13.330355915344027,12.84494160969425,13.123103141784668,297804000
2021-03-23,13.190776400457926,13.280594218123273,12.958892409753085,13.008155822753906,222048000
2021-03-24,13.088268026267176,13.096230085998668,12.576232321336645,12.582451820373535,245840000
2021-03-25,12.439641491398485,12.65386069712674,12.2132310027731,12.4752197265625,295144000
2021-03-26,12.494377029182635,12.794682152334557,12.314244068153682,12.777763366699219,363968000
2021-03-29,12.758854634186175,12.999944962976231,12.639180750258788,12.886241912841797,273520000
2021-03-30,12.780500784061243,12.913112896753688,12.644156781650523,12.810108184814453,200204000
2021-03-31,12.953171610679242,13.405992636649641,12.92032964824426,13.28432846069336,314776000
2021-04-01,13.507256145400948,13.803579814393816,13.446547439602472,13.745609283447266,308276000
2021-04-05,13.801089845669066,13.946887903270396,13.667233455346796,13.920515060424805,255672000
2021-04-06,13.932705651391382,13.98694428007725,13.707539461225052,13.795117378234863,191744000
2021-04-07,13.814276132527263,14.175289010956332,13.645837117597932,14.07576847076416,251284000
2021-04-08,14.184495575099847,14.402198005906836,14.180762736178757,14.248437881469727,244416000
2021-04-09,14.145932176310351,14.339003397951725,14.107119378716153,14.33104133605957,195172000
2021-04-12,14.221319152451406,15.278979704341099,14.07153957274633,15.1361665725708,869324000
2021-04-13,15.158558477798532,15.624815043568274,15.053314813963015,15.604413032531738,676212000
2021-04-14,15.550171339256597,15.645213978889275,15.154574942421624,15.203838348388672,385500000
2021-04-15,15.587495731609307,16.136603691041266,15.556644047872503,16.059972763061523,598480000
2021-04-16,15.976123314232588,16.08833436820493,15.789272566562536,15.836297035217285,335208000
2021-04-19,15.46209570767448,15.731797798065214,15.160048993973174,15.288182258605957,404420000
2021-04-20,15.24986717123968,15.422785011070824,14.891342877489341,15.09859561920166,334132000
2021-04-21,15.046345697974633,15.28892894500283,15.02992519507416,15.286938667297363,216776000
2021-04-22,15.301369588101839,15.364565890935939,14.712701982849865,14.779132843017578,277788000
2021-04-23,14.862730170890476,15.26156114974352,14.828893550222844,15.192145347595215,227500000
2021-04-26,15.11228113181427,15.404872871832849,15.05256804757207,15.403877258300781,197796000
2021-04-27,15.503894807552262,15.595454229797074,15.280967559873904,15.308087348937988,164572000
2021-04-28,15.290919638482547,15.457866642599491,15.142633030660882,15.20358943939209,209416000
2021-04-29,15.326249241914937,15.362574421161485,14.999322628696001,15.251359939575195,173196000
2021-04-30,15.101830901269981,15.291417919862836,14.925180214363863,14.937620162963867,201912000
2021-05-03,15.052567032150492,15.173733855204558,14.716683684629688,14.765697479248047,203912000
2021-05-04,14.56715281088662,14.567401476976356,13.94315563012395,14.282522201538086,405324000
2021-05-05,14.638561381478151,14.742561720214292,14.318601150830188,14.389261245727539,292024000
2021-05-06,14.425833080432389,14.501469334711977,14.149911470541818,14.453450202941895,193380000
2021-05-07,14.737335285779373,14.89905652104171,14.601488612944612,14.741315841674805,229328000
2021-05-10,14.716432759148066,14.73509315437272,14.18175610645374,14.197430610656738,268904000
2021-05-11,13.758794372476588,14.286007365956934,13.684153723804577,14.237739562988281,285584000
2021-05-12,13.942410098916847,14.191959832815755,13.64359884835176,13.692612648010254,303408000
2021-05-13,13.966543750646617,14.013319554436475,13.39454620795062,13.599808692932129,285404000
2021-05-14,13.82348120873412,14.259383355821084,13.682658380691983,14.174790382385254,258616000
2021-05-17,14.089203532423051,14.101394815593933,13.787157729474968,14.097662925720215,216980000
2021-05-18,14.198678365986758,14.335271049826762,13.936937334846162,13.948631286621094,186256000
2021-05-19,13.50153158198769,14.012075380470698,13.478393295136081,13.998391151428223,344000000
2021-05-20,14.234004704040196,14.613429266885895,14.202158362939752,14.542520523071289,321592000
2021-05-21,15.09113341773736,15.149104894905113,14.79829298748573,14.919957160949707,672992000
2021-05-24,15.139648534960056,15.669598713415175,15.10332335245462,15.537236213684082,554816000
2021-05-25,15.690500473600698,15.742748836809902,15.408358363163579,15.572816848754883,435408000
2021-05-26,15.658899315983863,15.718114114485589,15.51160831799245,15.624813079833984,370440000
2021-05-27,15.62456385589873,15.674573261836494,15.38596210958284,15.413827896118164,581476000
2021-05-28,15.426773277221024,16.199554727016704,15.426773277221024,16.166711807250977,644536000
2021-06-01,16.19208753443209,16.309771158745168,15.827093093833488,16.186613082885742,472804000
2021-06-02,16.17442249509747,16.837730875688383,16.157752372791514,16.69790267944336,594168000
2021-06-03,16.62077215706791,17.1763491798281,16.503585882792244,16.88848304748535,580008000
2021-06-04,17.030548852392332,17.576422190681168,17.013631964827372,17.494070053100586,617120000
2021-06-07,17.487104196499413,17.727197966588108,17.110416805068787,17.534624099731445,575756000
2021-06-08,17.443307124117386,17.537105459755146,17.168379331546557,17.373394012451172,323848000
2021-06-09,17.435866151003694,17.494845805819946,17.177051714798523,17.279083251953125,381656000
2021-06-10,17.270872745755277,17.412225327997316,17.09766651507908,17.345529556274414,287772000
2021-06-11,17.39977791669959,17.857432176144524,17.364191530157925,17.74395179748535,416308000
2021-06-14,17.82433244551483,17.957222713161077,17.582191993695638,17.936567306518555,321376000
2021-06-15,17.83329490038093,17.934082819672014,17.647147489049146,17.70737075805664,243032000
2021-06-16,17.709607366236927,17.87285892613583,17.504296927782022,17.72901725769043,307124000
2021-06-17,17.693435236474446,18.749097779560163,17.675268955812072,18.572158813476562,809656000
2021-06-18,18.698327387768984,19.286631467550436,18.49923881961197,18.553739547729492,968856000
2021-06-21,18.351173158185755,18.451962990256742,17.741467297516483,18.343210220336914,672384000
2021-06-22,18.38725647206684,18.877261882587188,18.302145702434846,18.80061149597168,580144000
2021-06-23,18.92105744176349,19.065396569450836,18.821513150301545,18.9703311920166,332356000
2021-06-24,19.14005621589849,19.331428697030866,19.001190887629537,19.11790657043457,320924000
2021-06-25,19.192566694456715,19.257270776737716,18.80832746643894,18.944204330444336,278364000
2021-06-28,19.272944526076227,19.987172738905034,19.23088754454261,19.893850326538086,495436000
2021-06-29,19.79181849083902,20.007081674259897,19.567346857383377,19.93541145324707,367632000
2021-06-30,19.908040564289646,20.07054600562494,19.773158579736535,19.91127586364746,326568000
2021-07-01,20.033214626548176,20.36270439094077,19.927697171358744,20.11981773376465,480136000
2021-07-02,20.347030221460038,20.41173431290762,20.195225563823374,20.393566131591797,342764000
2021-07-06,20.642922875408352,20.746946105788652,20.257439987474626,20.604101181030273,446708000
2021-07-07,20.758392448778196,20.779794027787037,20.23927125233733,20.278839111328125,418428000
2021-07-08,19.76593893142942,20.041176667969573,19.61089900392695,19.81197738647461,503300000
2021-07-09,19.871455805781903,19.988668945478935,19.664155534759942,19.958805084228516,296624000
2021-07-12,20.147690934282892,20.43910519307565,20.09567932268978,20.418949127197266,321984000
2021-07-13,20.3074610648703,20.367934966049543,20.022268645532385,20.15764808654785,290708000
2021-07-14,20.264907111014647,20.324632945533605,19.662666708102567,19.75101089477539,380100000
2021-07-15,19.72139214020743,19.756481081917247,18.77248888227508,18.87974739074707,550564000
2021-07-16,18.943708276091723,19.069630529102028,17.990574677215164,18.07817268371582,688224000
2021-07-19,17.83354040544613,18.95515041008201,17.784016036287866,18.6940975189209,749060000
2021-07-20,18.64457864969428,18.752085902495235,18.08115999036989,18.527116775512695,434687000
2021-07-21,18.79588046130681,19.437939116174313,18.65651959928261,19.32147216796875,371017000
2021-07-22,19.55241818326864,19.79629973923482,19.1880862893461,19.504636764526367,323826000
2021-07-23,19.56635412004103,19.61015406998916,19.162205646075567,19.468801498413086,195672000
2021-07-26,19.222931578837176,19.353332761447216,18.82774086594712,19.206008911132812,203943000
2021-07-27,19.17713490295772,19.532507034154946,18.655524613503584,19.12039566040039,248863000
2021-07-28,19.230886448455678,19.556394670076585,18.908364802076598,19.414047241210938,202191000
2021-07-29,19.42997730193718,19.762455536602744,19.239848425490685,19.57232666015625,190781000
2021-07-30,19.32943286615587,19.54046581793175,19.17514104352935,19.410064697265625,183497000
2021-08-02,19.610150452043428,19.869959730520304,19.27269590837672,19.659921646118164,217444000
2021-08-03,19.649967848258107,20.129769849720965,19.13233905420484,19.724626541137695,301811000
2021-08-04,19.89882869548474,20.225333759526567,19.737566897497963,20.181533813476562,231309000
2021-08-05,20.40649721328562,20.63843427683566,20.249216927180143,20.542871475219727,211435000
2021-08-06,20.430391658316715,20.476181384713264,20.117822711619997,20.27311134338379,178497000
2021-08-09,20.352752588106764,20.41447010269398,20.051134959059496,20.202442169189453,146443000
2021-08-10,20.229318686706037,20.336825937530577,19.744538317496026,19.84507942199707,179238000
2021-08-11,19.951588533994844,19.957561686039927,19.34138529513122,19.60915756225586,185925000
2021-08-12,19.779382108012353,19.937655472039182,19.5305222530475,19.81422233581543,151652000
2021-08-13,19.814221709491452,20.121812495694318,19.76046713192301,20.095930099487305,183063000
2021-08-16,20.043168322323123,20.194475504529578,19.364277685801866,19.859012603759766,210876000
2021-08-17,19.595222897143497,19.679836228431526,19.17912998166198,19.369258880615234,204585000
2021-08-18,19.411060357563738,19.54444995723382,18.91334086121595,18.95315933227539,285913000
2021-08-19,19.405095827311523,20.401532053475176,18.676433811620484,19.70771026611328,766555000
2021-08-20,19.89982729696695,20.769841836804602,19.842093151241713,20.721065521240234,675741000
2021-08-23,20.87536045023141,21.89668035418166,20.85445631384193,21.857858657836914,575807000
2021-08-24,21.65379265057936,21.85885253592805,21.436786460048275,21.6936092376709,297299000
2021-08-25,21.637863490780983,22.367520297278727,21.62293250890913,22.111692428588867,347701000
2021-08-26,22.09875368815787,22.238114585545677,21.690623718393724,21.967355728149414,237940000
2021-08-27,22.0828224516965,22.61836882879445,22.06589978843184,22.532760620117188,304722000
2021-08-30,22.725874798350432,22.937902675579686,22.448147955070617,22.584522247314453,262580000
2021-08-31,22.59547280041693,22.59547280041693,22.022995550957603,22.286832809448242,259850000
2021-09-01,22.386396092304786,22.597466292510102,22.258957158391045,22.342588424682617,201767000
2021-09-02,22.41925336542852,22.493925233851396,22.197231693882596,22.297788619995117,187834000
2021-09-03,22.227098408861508,22.885199011095356,22.102646574319134,22.742826461791992,280532000
2021-09-07,22.73286979951559,22.798580352130667,22.423232818730735,22.562620162963867,198107000
2021-09-08,22.414274113005263,22.510848859948066,21.88062343636692,22.241037368774414,254434000
2021-09-09,22.214154452621685,22.43916319750874,22.033948443162565,22.07974624633789,196856000
2021-09-10,22.249999779634756,22.52678058064279,22.172342704078865,22.379430770874023,248376000
2021-09-13,22.58452386410975,22.86329666367151,21.762145909437695,22.05485725402832,297500000
2021-09-14,22.177316913239693,22.311725124711973,21.989146556569096,22.14446258544922,199755000
2021-09-15,22.211171283679054,22.268917505986135,21.86967498640837,22.243030548095703,166538000
2021-09-16,22.08572130335323,22.179308947795626,21.830843425347233,22.14446258544922,156033000
2021-09-17,22.20221017104686,22.22311799153432,21.73427187990997,21.803964614868164,294503000
2021-09-20,21.053268680937446,21.33901075751113,20.57139190308022,21.020414352416992,349440000
2021-09-21,21.323081688701794,21.33104602969822,20.858130525552628,21.15283203125,204688000
2021-09-22,21.272298955129237,21.8636938403798,21.103044411600585,21.844778060913086,268726000
2021-09-23,22.04291208043508,22.43618040031982,21.79400836896139,22.383413314819336,248555000
2021-09-24,21.973213750163456,22.051867773910164,21.76513066495934,21.98416519165039,217655000
2021-09-27,21.614790036559732,21.70340042651335,21.23148012245108,21.56501007080078,245215000
2021-09-28,21.1209676506168,21.325068556326013,20.560435036406435,20.608224868774414,343069000
2021-09-29,20.84817209585024,20.924834092595493,20.37724487487281,20.427026748657227,218394000
2021-09-30,20.676924594998866,20.97361809338779,20.59727549936959,20.625152587890625,221009000
2021-10-01,20.65900727941029,20.767528549150793,20.11440509795195,20.651042938232422,240978000
2021-10-04,20.41408754199275,20.45192101438955,19.469249598030608,19.64547348022461,345635000
2021-10-05,19.86251053602597,20.5574494289942,19.76693087317069,20.361312866210938,279282000
2021-10-06,20.03176974378131,20.629137078715868,19.99194424199397,20.60922622680664,297202000
2021-10-07,20.999505841929384,21.228498682857182,20.880033132647856,20.982582092285156,256919000
2021-10-08,21.00846523888015,21.113004324739432,20.683894639844777,20.739648818969727,151258000
2021-10-11,20.484777230220068,20.970636266074724,20.42105679829809,20.604249954223633,163388000
2021-10-12,20.736663894521275,20.964659771807728,20.437980218130104,20.580352783203125,162134000
2021-10-13,20.826267780379947,20.897952540851815,20.622166840732383,20.84717559814453,180652000
2021-10-14,21.194648710999132,21.659599896985824,21.029376283806112,21.6506404876709,243589000
2021-10-15,21.71435462616983,21.834824285475865,21.56700484536949,21.76612663269043,226994000
2021-10-18,21.653622673782255,22.19324560945146,21.54908169662989,22.124547958374023,189494000
2021-10-19,22.178314574588498,22.28086353804833,21.94036421502088,22.1922550201416,161473000
2021-10-20,22.207186839128415,22.334625782730672,21.885603327165416,22.006072998046875,146276000
2021-10-21,22.00009915262171,22.611406925381793,21.986160606952357,22.59248924255371,187590000
2021-10-22,22.72292136580193,23.028574384407335,22.46207109868114,22.626346588134766,249384000
2021-10-25,22.87225483930817,23.252579603731718,22.670145947280098,23.064409255981445,230235000
2021-10-26,23.883805688435576,25.14823704248469,23.819090189484406,24.608612060546875,485898000
2021-10-27,24.36667273808714,24.979970559191603,24.17551339728853,24.343772888183594,245990000
2021-10-28,24.768903437739628,24.840588199418896,24.41546066539416,24.831626892089844,234204000
2021-10-29,24.89136187149755,25.596257241681755,24.890366803732874,25.454879760742188,292503000
2021-11-01,25.536522381847643,25.78044692731383,25.11637208457716,25.713741302490234,265740000
2021-11-02,25.708765384211045,26.56101063434502,25.68686059809661,26.28522491455078,294112000
2021-11-03,26.55304424185898,26.666544637188032,26.11995237716791,26.481359481811523,239910000
2021-11-04,27.109591491333024,31.227453379184272,26.999078204026905,29.670312881469727,1153631000
2021-11-05,30.05462047753978,31.262300425460428,29.28102744943848,29.62152862548828,851260000
2021-11-08,30.016782776306982,30.963612411572573,29.775843481598162,30.66891098022461,503101000
2021-11-09,32.14043393327905,32.16831102221569,29.832598362114123,30.522558212280273,646746000
2021-11-10,29.22726595064239,30.714713791904344,28.65179963773985,29.32981300354004,636206000
2021-11-11,30.334384263378848,30.455848979191135,29.646414630331254,30.256725311279297,332172000
2021-11-12,29.878392621027647,30.54545443985306,29.500058031791962,30.256725311279297,413054000
2021-11-15,30.41802673194024,30.50962236163145,29.118748972430197,29.89333724975586,384909000
2021-11-16,29.628495874144114,30.256727308905166,29.575726902303593,30.070547103881836,264484000
2021-11-17,30.28460468714921,30.37520712128107,28.673700206648128,29.132678985595703,428508000
2021-11-18,32.22505942148186,32.61633372407065,31.18364508674992,31.53609275817871,781711000
2021-11-19,32.10160069976278,32.94289622909161,31.7650836274217,32.84034729003906,533867000
2021-11-22,33.37002012110695,34.495065927789035,31.76011228365292,31.815866470336914,754335000
2021-11-23,31.39670778185482,32.21809062628642,30.744579503591616,31.606782913208008,532163000
2021-11-24,31.323035910804574,32.71092196803006,30.792372310199486,32.53071594238281,435162000
2021-11-26,32.45703265452056,32.56655086216809,31.212516371997406,31.364845275878906,283069000
2021-11-29,32.22406422648845,33.26547475913897,31.895509575688923,33.22963333129883,454964000
2021-11-30,33.023541458568594,33.20673647061269,31.724265919380148,32.5327033996582,622066000
2021-12-01,33.07737601000796,33.1470772684117,31.24621379716434,31.300979614257812,484368000
2021-12-02,31.080920379263713,32.33953127754449,30.892725098561222,31.989030838012695,472890000
2021-12-03,31.863566255273128,31.99201786727533,30.001538266575324,30.5621395111084,544325000
2021-12-06,29.75260913184593,30.11207010956424,27.918463234495462,29.9089412689209,658938000
2021-12-07,30.825023080342124,32.310662878163335,30.52032598088665,32.288753509521484,593053000
2021-12-08,31.86257802352817,32.15233775708551,31.287041214384153,31.69031524658203,475551000
2021-12-09,31.59870204936308,32.06769651903593,30.29827039453706,30.36000633239746,488507000
2021-12-10,31.017190899282223,31.171530737037585,29.733687020196054,30.069250106811523,488825000
2021-12-13,30.120032572835907,30.164840789277438,27.996125392567258,28.04093360900879,598344000
2021-12-14,27.580907982463,28.555734222401295,27.13382283364954,28.216188430786133,667035000
2021-12-15,28.278921661014024,30.369969093174348,27.7193173668591,30.329143524169922,698297000
2021-12-16,31.019184946678816,31.02715026159255,27.973226872595866,28.265972137451172,707366000
2021-12-17,27.865689688111814,28.79869516682683,27.64164857062036,27.68247413635254,713758000
2021-12-20,27.188587940382853,28.02400974051841,27.02927023764738,27.60082244873047,461847000
2021-12-21,28.25303433423604,28.99585421850797,27.28418102866078,28.951045989990234,524385000
2021-12-22,28.767827479708327,29.428996155845503,28.327710555903725,29.274656295776367,395184000
2021-12-23,29.628137470740068,29.93084220480684,29.305519450918823,29.513628005981445,343022000
2021-12-27,29.53354519901358,30.954461266705604,29.51363001268846,30.813066482543945,403686000
2021-12-28,31.178501216751027,31.196424124096993,29.884042641533675,30.19272232055664,420591000
2021-12-29,30.14393618740853,30.41776338511472,29.240801560831677,29.87309455871582,343139000
2021-12-30,29.699839255631407,30.327154462138402,29.41406405862047,29.459867477416992,308864000
2021-12-31,29.54749135107495,29.9019745214391,29.2059532443293,29.285612106323242,266530000
2022-01-03,29.68788338969948,30.580063175803403,29.658010611876605,29.992578506469727,391547000
2022-01-04,30.147916396398475,30.33810206507223,28.228136800951273,29.165124893188477,527154000
2022-01-05,28.82557789334784,29.290587837147367,27.41561641931234,27.486312866210938,498064000
2022-01-06,27.522162492695948,28.31676073412731,26.949615014905067,28.05786895751953,454186000
2022-01-07,28.021028032592206,28.300830190157978,26.941647883892415,27.13083839416504,409939000
2022-01-10,26.467679186121405,27.351893948324527,25.53467353356285,27.283187866210938,594681000
2022-01-11,27.206514697544513,27.945351930449434,26.724578863489402,27.698408126831055,404089000
2022-01-12,27.947340025615873,28.47308885587238,27.490297267388375,27.87963104248047,383413000
2022-01-13,28.258004112252298,28.35857332545509,26.38502335400236,26.46169662475586,540171000
2022-01-14,26.187875711062546,27.08105283504242,26.098259251810827,26.827138900756836,395832000
2022-01-18,26.14804076534196,26.524429421318242,25.660130107362825,25.79256248474121,424270000
2022-01-19,25.967813271965568,26.42983381864652,24.94519143672525,24.960126876831055,488315000
2022-01-20,25.19612432099179,25.46995155552905,23.975349297157585,24.047042846679688,435181000
2022-01-21,23.40678352912288,24.717173064459438,23.163824281021945,23.274351119995117,718958000
2022-01-24,22.234800479522537,23.280323256927787,20.79894871741768,23.272357940673828,913982000
2022-01-25,22.44987442301741,22.845183070459672,21.906202770713605,22.22882080078125,664616000
2022-01-26,23.140920495841154,23.954436811095526,22.204927473512953,22.674915313720703,755959000
2022-01-27,23.46751957498949,23.892699123335404,21.58258875418974,21.85044288635254,573353000
2022-01-28,21.91815335328116,22.760547192328307,21.205206336859245,22.742624282836914,543774000
2022-01-31,23.083163840300895,24.40450780299976,22.95371892485848,24.38160514831543,564680000
2022-02-01,24.996973791149287,25.03779935981821,23.788148758594023,24.532960891723633,518925000
2022-02-02,25.68402691294979,25.706927666454995,24.448316839792206,25.134380340576172,543419000
2022-02-03,24.353729361756347,24.97008988703977,23.678620353637253,23.845903396606445,410178000
2022-02-04,23.869797957184883,24.529971431012495,23.531247360390374,24.21531867980957,354829000
2022-02-07,24.268090747101677,25.074636814466327,24.098815458966705,24.622573852539062,376868000
2022-02-08,24.255146434255927,25.12243327791411,23.877762561815906,25.000953674316406,410359000
2022-02-09,25.51276718294738,26.611065474963386,25.244914889084622,26.591150283813477,524282000
2022-02-10,25.884171987627038,26.81020536713915,25.49085560163504,25.713899612426758,513200000
2022-02-11,25.80551006541594,26.040503963564735,23.671646883125344,23.846895217895508,605472000
2022-02-14,23.831961302784133,24.768949487290513,23.653723589292724,24.163541793823242,440424000
2022-02-15,24.8426335224846,26.431829912184345,24.67833795995591,26.382043838500977,699869000
2022-02-16,26.147049472381745,26.468672364813905,25.44306293139375,26.397974014282227,732676000
2022-02-17,25.52073073259493,25.675070604494053,24.061978217389743,24.40251922607422,810595000
2022-02-18,24.562831248228793,24.879476296810182,23.001517271399226,23.54120635986328,761255000
2022-02-22,22.93679145884349,23.961403708378384,22.90194083125501,23.2902774810791,633422000
2022-02-23,23.700523668904758,24.052019342712313,22.205923511795177,22.291555404663086,566511000
2022-02-24,20.92540691455172,23.698533574396834,20.800939822460943,23.64675521850586,735801000
2022-02-25,23.619868407786754,24.11375214772827,23.281317813989904,24.05400848388672,528866000
2022-02-28,23.889712256178317,24.559843299003468,23.605927486955995,24.281036376953125,477319000
2022-03-01,24.187439989958865,24.273073784814436,23.033380786073458,23.376909255981445,412056000
2022-03-02,23.658752163102065,24.309078898961875,23.31914848717471,24.120851516723633,389642000
2022-03-03,24.162677458354135,24.226416539633046,23.372924502534758,23.61692237854004,365095000
2022-03-04,23.288271806116654,23.583059575930694,22.389963970849855,22.842105865478516,431415000
2022-03-07,22.72359821703987,22.93871552707428,21.24268572682127,21.26459503173828,450821000
2022-03-08,21.221769289134286,22.281412867963464,20.565466582728256,21.42593002319336,557467000
2022-03-09,22.295356137775286,23.124946367225654,22.155929846956987,22.919790267944336,492742000
2022-03-10,22.43876187931811,22.694709732633942,21.792418612832495,22.565242767333984,428066000
2022-03-11,22.927751696595113,23.050249252253458,21.955747421099613,22.0095272064209,367209000
2022-03-14,21.779474563363422,22.170865393438028,21.072381995476352,21.2426815032959,385354000
2022-03-15,21.429913984102225,22.94369219754842,21.23471717688526,22.878957748413086,491996000
2022-03-16,23.403792965468472,24.49630206078878,23.07713665142216,24.395715713500977,671422000
2022-03-17,24.021260266549067,24.74030282145656,23.808135623978337,24.664615631103516,471941000
2022-03-18,24.69747741085638,26.460231824316143,24.523194587296928,26.34470558166504,730719000
2022-03-21,26.39848370359878,27.040843612026414,25.860693482717917,26.624553680419922,591727000
2022-03-22,26.617588642474022,27.12649837424718,25.965271190591476,26.415420532226562,547007000
2022-03-23,26.019046837158616,26.50305734840452,25.470303785598432,25.529062271118164,502120000
2022-03-24,26.058882339128612,28.204063653708854,25.800941854899072,28.034759521484375,877379000
2022-03-25,27.771842231076484,28.241910117249173,27.159360096245305,27.578636169433594,579016000
2022-03-28,27.64237355173041,28.134350707606135,27.094623991150144,28.103477478027344,425494000
2022-03-29,28.57753047133925,28.827502401169717,27.865457327415218,28.5386905670166,488984000
2022-03-30,28.188131660804462,28.379345100642087,27.390410153130244,27.576644897460938,463487000
2022-03-31,27.668267123207887,28.13235904221387,27.15836398762896,27.174297332763672,523440000
2022-04-01,27.262931780225625,27.383436717189806,26.159467926180007,26.602645874023438,517235000
2022-04-04,26.61858452561167,27.44518668797612,26.504055527761597,27.247997283935547,397120000
2022-04-05,27.142430269538746,27.207164711525582,25.714300606563835,25.824846267700195,436615000
2022-04-06,24.83192809110766,25.19642902764495,23.90473955432291,24.307085037231445,703833000
2022-04-07,24.340940265125937,24.620790007832454,23.381883372233684,24.10889434814453,557992000
2022-04-08,23.81909236344926,23.825068318317854,22.967592876759955,23.02435874938965,524781000
2022-04-11,22.12306125571871,22.228626311058377,21.57132836419141,21.8272762298584,575207000
2022-04-12,22.44474005075557,22.63197015423266,21.194876629839,21.41596794128418,662258000
2022-04-13,21.639057958013215,22.40789716930999,21.36717475813151,22.112112045288086,516943000
2022-04-14,22.412871600546225,22.683759389398876,21.076366219253643,21.170976638793945,569097000
2022-04-18,21.113215008567124,21.997578418558497,20.99271005360588,21.693828582763672,525701000
2022-04-19,21.631086156894693,22.281412909495184,21.22674802485446,22.10713005065918,512781000
2022-04-20,22.424823034682213,22.577196581632325,21.11321496007185,21.394060134887695,468974000
2022-04-21,21.620130170301234,22.30033475649145,19.918126615701347,20.100378036499023,656209000
2022-04-22,20.219882348509838,20.402133738806455,19.42017020020564,19.435108184814453,624713000
2022-04-25,19.12339284572606,19.863351272784346,19.01782777863427,19.820528030395508,641566000
2022-04-26,19.637285372225445,19.706998525410906,18.593574994286346,18.711091995239258,653143000
2022-04-27,18.521866304544144,19.088537274074934,18.215128478854176,18.339616775512695,499460000
2022-04-28,18.88935323961421,19.954974541798094,18.414306664090166,19.701017379760742,570327000
2022-04-29,19.322570499448265,20.04559815796076,18.441193376572677,18.471071243286133,500435000
2022-05-02,18.46509770793821,19.493867882415657,18.315712153889976,19.45303726196289,572049000
2022-05-03,19.320588136708288,19.743849591874316,19.054680870396393,19.521760940551758,475751000
2022-05-04,19.84144044981811,20.316487014368857,18.67423744950525,20.250757217407227,648855000
2022-05-05,19.785667939358376,19.843429158431288,18.424263663115507,18.766855239868164,626331000
2022-05-06,18.65929999241693,19.432122333318322,17.916353624000763,18.598548889160156,633297000
2022-05-09,17.9601754415391,18.180269513135514,16.75811575231476,16.880613327026367,644455000
2022-05-10,17.61658525253339,18.12350232079174,16.955303927577983,17.52297019958496,761474000
2022-05-11,17.27598988657447,17.68032805554246,16.50017940475814,16.56192398071289,670167000
2022-05-12,16.15260613492584,16.719277132650767,15.503275671521447,16.10878562927246,708728000
2022-05-13,16.719273249889806,17.854605700388568,16.525071846466627,17.633514404296875,670437000
2022-05-16,17.437320969728997,17.71517810760899,17.03597092632894,17.193323135375977,521446000
2022-05-17,18.00001156413309,18.295796644400493,17.561814118646062,18.102590560913086,585830000
2022-05-18,17.632516285349375,18.043825584450513,16.794959704465033,16.868656158447266,545161000
2022-05-19,16.86766690277533,17.614596699783718,16.665496886231242,17.05390167236328,621310000
2022-05-20,17.26104864553038,17.33872845520384,15.69050380184821,16.625659942626953,739105000
2022-05-23,16.207378932516523,16.845755601223512,16.112768519957527,16.828824996948242,639889000
2022-05-24,16.44241123290059,16.529054964044875,15.715399228807048,16.087867736816406,588550000
2022-05-25,15.954417701062567,17.040950964789868,15.934499121271301,16.905508041381836,781132000
2022-05-26,15.97034965113775,18.017932366337,15.956407026409044,17.77791976928711,996575000
2022-05-27,18.111555803971783,18.803710493636046,18.025907407236858,18.733997344970703,738379000
2022-05-31,18.902301701134324,19.121402309598214,18.27488154857996,18.595563888549805,664100000
2022-06-01,18.647346215803537,18.97499788497941,18.047809575252625,18.244998931884766,544514000
2022-06-02,18.21711762991746,19.53868493920684,18.123502575652576,19.511795043945312,648656000
2022-06-03,19.003879532900317,19.252856039601355,18.44617079022119,18.643360137939453,598779000
2022-06-06,19.060652505586596,19.257841926957315,18.48800556646816,18.709096908569336,422406000
2022-06-07,18.39637655675563,18.92221482614315,18.11353884530264,18.84851837158203,388914000
2022-06-08,18.726002870282798,19.105523955961853,18.4630280486972,18.575590133666992,363252000
2022-06-09,18.409233910241724,18.859478331118886,17.97094202357339,17.977914810180664,395574000
2022-06-10,17.531657297722646,17.628280755740548,16.803494968741788,16.90808868408203,465248000
2022-06-13,15.937868732069086,16.248657445936082,15.545398661343508,15.5862398147583,604153000
2022-06-14,15.669911913017133,16.003611048891642,15.352150439310131,15.774504661560059,469680000
2022-06-15,16.032502129668625,16.802501270573813,15.864158686622957,16.462825775146484,563936000
2022-06-16,15.798414650179138,15.880096970510953,15.34119733013796,15.540420532226562,545749000
2022-06-17,15.587236076673541,15.932888741748645,15.268478991865372,15.81833553314209,630334000
2022-06-21,16.41102270722772,16.941951940881246,16.343285982511887,16.50166893005371,483089000
2022-06-22,16.162992114105894,16.59729988882193,16.117171209417034,16.296472549438477,437135000
2022-06-23,16.454851986991518,16.5205956784527,15.79143880496092,16.16199493408203,463680000
2022-06-24,16.435929188204064,17.07344340934076,16.24666644132576,17.059497833251953,472153000
2022-06-27,17.244772067670773,17.262701818144645,16.561435211155498,16.803491592407227,427968000
2022-06-28,16.834372525159395,17.135199826222774,15.88308111450523,15.919938087463379,461149000
2022-06-29,15.752592549454855,15.758568817578366,15.111093222281093,15.481648445129395,482352000
2022-06-30,15.301349140819207,15.50654951386169,14.804287295645784,15.100133895874023,686070000
2022-07-01,14.841145535452219,15.004508262689948,14.336114308605408,14.466605186462402,577610000
2022-07-05,14.11995661407491,14.912865159719473,14.000422705433717,14.905892372131348,651397000
2022-07-06,14.951716038721823,15.259516199525306,14.731573518231853,15.071249961853027,529066000
2022-07-07,15.395981666093258,15.883082152996206,15.329241452564782,15.796420097351074,492903000
2022-07-08,15.37008313178978,15.974726402731946,15.329241976596508,15.776498794555664,467972000
2022-07-11,15.465709825855997,15.466706345467303,14.97960489954158,15.093162536621094,437321000
2022-07-12,15.208711284952944,15.371078433295626,14.819229812840817,15.023433685302734,458483000
2022-07-13,14.533345395566592,15.315296992454249,14.408830785871842,15.10511589050293,521918000
2022-07-14,15.049333517821207,15.412915948428,14.670808992131683,15.312308311462402,456235000
2022-07-15,15.59819449374581,15.720716063425629,15.38502478396033,15.700794219970703,385935000
2022-07-18,16.238700502303253,16.831389474301076,15.939866141619524,16.038480758666992,670517000
2022-07-19,16.421982128219415,17.0435595776271,16.109202264221235,16.92601776123047,702366000
2022-07-20,16.881191075573774,17.863362252554914,16.73575812116985,17.737850189208984,760538000
2022-07-21,17.815549700814543,18.073542834559365,17.476869827222348,17.979907989501953,557049000
2022-07-22,17.823517582725398,17.897229633267205,17.07045276387724,17.251747131347656,536671000
2022-07-25,16.952913630167462,17.05750735482923,16.584351419267783,16.957895278930664,480748000
2022-07-26,16.823414211540268,16.85329839532214,16.414010963419933,16.46879768371582,397865000
2022-07-27,16.965857151954715,17.866347769939157,16.847319795915983,17.720914840698242,569776000
2022-07-28,17.9051958503533,18.069554097577566,17.37227363368964,17.914159774780273,474646000
2022-07-29,17.743825155861124,18.17315117776117,17.623294755524277,18.092466354370117,435460000
2022-08-01,18.111393572390696,18.772816539459214,17.9201397228468,18.369388580322266,476469000
2022-08-02,18.051629067336524,18.864460391381805,18.021744878238078,18.454059600830078,489527000
2022-08-03,18.113388905855146,18.89434491533446,18.066570532098716,18.81963539123535,418146000
2022-08-04,18.77580669644715,19.199155581116848,18.68715160109545,19.140384674072266,409652000
2022-08-05,18.736958353398986,19.154331957599457,18.593518416599398,18.915264129638672,386068000
2022-08-08,17.43403710855411,18.168174706690454,17.175046511530418,17.723905563354492,981859000
2022-08-09,17.185009085897445,17.379251571998445,16.659059498937633,17.0196533203125,668263000
2022-08-10,17.629273135163704,18.047642220988486,17.24975215946494,18.026723861694336,597422000
2022-08-11,18.06059689418251,18.634360468808346,17.806586008570317,17.872329711914062,509327000
2022-08-12,18.08948452029827,18.645318367215353,17.883287572264184,18.6363525390625,478094000
2022-08-15,18.628377746767622,19.089579103680688,18.540720134854304,18.958091735839844,457666000
2022-08-16,18.84653383477583,19.06767193176584,18.42916018596427,18.805692672729492,451240000
2022-08-17,18.45107316928741,18.615431461944837,18.074540740730857,18.26380157470703,446799000
2022-08-18,18.229938308651626,18.791747491250643,18.112396469035968,18.700105667114258,415447000
2022-08-19,18.334526059114626,18.448083694133654,17.70099608999701,17.77968978881836,441588000
2022-08-22,17.422084130919913,17.4898208696324,16.90011871477872,16.96785545349121,409593000
2022-08-23,16.92303062961487,17.397182115122416,16.904103405013966,17.11428451538086,369986000
2022-08-24,16.945935367801415,17.33840632607673,16.8293910435938,17.155120849609375,522661000
2022-08-25,16.77858828041363,17.877305555233242,16.767631316738164,17.84343719482422,770691000
2022-08-26,17.787655912695254,17.8543951679038,16.173946054363714,16.196857452392578,769127000
2022-08-29,15.957790614919103,16.27455462835807,15.705772821557588,15.739640235900879,496132000
2022-08-30,15.898025221954772,15.9767179755962,15.123046421676525,15.407936096191406,530181000
2022-08-31,15.324260876966457,15.479655236596056,14.900911041431531,15.03538703918457,573710000
2022-09-01,14.153823343963365,14.32415979672276,13.218470483091595,13.882880210876465,1178865000
2022-09-02,14.045247525726571,14.115970968690647,13.538223289757255,13.594006538391113,743157000
2022-09-06,13.677680890653752,13.725494835509304,13.299156360470214,13.412714004516602,535751000
2022-09-07,13.514346107743526,13.788360189278626,13.298124529340985,13.664804458618164,512657000
2022-09-08,13.410719244419383,13.957750598170398,13.321042892410091,13.939814567565918,624873000
2022-09-09,14.106215606366773,14.422078851833046,14.075327622967663,14.3353910446167,486612000
2022-09-12,14.317453934016807,14.494814885628871,14.1470668903582,14.45296573638916,484159000
2022-09-13,13.75248813020251,13.872057540165086,13.052009933725518,13.083894729614258,714956000
2022-09-14,13.206456253054055,13.242327368226784,12.86667985035143,13.08090877532959,588507000
2022-09-15,12.968313711994472,13.185531175680374,12.74412043844494,12.882621765136719,523625000
2022-09-16,12.696293036048875,13.164607373852498,12.571741421226356,13.150657653808594,670751000
2022-09-19,12.96532505837295,13.414707500219304,12.963332376962292,13.33399772644043,569685000
2022-09-20,13.167596153339607,13.434634451270144,13.01016292838732,13.128735542297363,524818000
2022-09-21,13.165602253694058,13.980667741595738,13.062971099601787,13.21342945098877,807679000
2022-09-22,13.023115583255532,13.10183266935545,12.38341928920965,12.515941619873047,759162000
2022-09-23,12.375448310956983,12.565763159913388,12.213032901606326,12.47110366821289,663309000
2022-09-26,12.446193464778984,12.61359104915648,12.170186671175692,12.184136390686035,547343000
2022-09-27,12.462132843167092,12.690311428678491,12.214026499011162,12.368470191955566,553854000
2022-09-28,12.365481627957845,12.777000185243523,12.309682759242014,12.690312385559082,542414000
2022-09-29,12.403346432766009,12.455159943744142,11.903147353863744,12.176164627075195,532763000
2022-09-30,12.043641657389104,12.587683536419725,12.031684619918396,12.095455169677734,565638000
2022-10-03,12.3027092319889,12.632522202880898,12.061576751367282,12.467117309570312,547478000
2022-10-04,12.832800195456576,13.172577516081788,12.832800195456576,13.119767189025879,584182000
2022-10-05,12.864685926402442,13.273215022829856,12.57572625208159,13.161616325378418,507131000
2022-10-06,13.172577350446693,13.607013197671234,13.055996476257599,13.082900047302246,644157000
2022-10-07,12.460142467451544,12.624550545260242,11.978875271525471,12.032681465148926,672478000
2022-10-10,11.993820717893747,12.080508526082841,11.367077348214593,11.628137588500977,698699000
2022-10-11,11.519527473651838,11.803504950434311,11.242524855590247,11.544438362121582,667482000
2022-10-12,11.537463990629318,11.692903570079896,11.304303196073544,11.458746910095215,492590000
2022-10-13,10.931644516028966,12.034673832144149,10.774211301684586,11.917097091674805,850103000
2022-10-14,12.013750129635845,12.067556325773387,11.163810263463406,11.186727523803711,713432000
2022-10-17,11.476681483829186,11.90513926216049,11.475685618444233,11.845354080200195,580774000
2022-10-18,12.299718771902551,12.447187622313416,11.57632328719115,11.924071311950684,659362000
2022-10-19,11.836385721556873,12.305696754279046,11.791547075752167,12.007768630981445,523131000
2022-10-20,12.069548299667495,12.72319524071747,12.061576624677791,12.15025806427002,652398000
2022-10-21,12.054600015489106,12.45316565230335,11.84435745216042,12.421279907226562,609494000
2022-10-24,12.463134071674045,12.664409161491927,12.020726460130167,12.553807258605957,517457000
2022-10-25,12.648463971781274,13.252290058434822,12.618570904437151,13.21342945098877,505482000
2022-10-26,12.822836454280946,13.339973788252896,12.662413746395243,12.849739074707031,532953000
2022-10-27,13.581107454000612,13.788361512216962,13.074929346453251,13.128735542297363,583113000
2022-10-28,13.056994256397354,13.800318541551777,13.014148282801942,13.784375190734863,521040000
2022-10-31,13.728573795724296,13.788358974689332,13.249299349428489,13.44858169555664,486341000
2022-11-01,13.761458357625319,13.875049746891053,13.470505974860513,13.494420051574707,432817000
2022-11-02,13.800319289979248,14.159027598253079,13.16361149639749,13.171582221984863,672628000
2022-11-03,12.996212781616933,13.731565367636188,12.909524971705448,13.372856140136719,500065000
2022-11-04,13.935830529915377,14.177958888937177,13.647866699718021,14.105220794677734,612576000
2022-11-07,14.176959603652595,14.360299555911872,13.903943306481167,14.2496976852417,410061000
2022-11-08,14.747905225291545,14.837582527688992,14.165003709961418,14.549619674682617,595292000
2022-11-09,14.111199503066569,14.160024473634925,13.70964521718475,13.726584434509277,454414000
2022-11-10,14.746909510215898,15.716418731024099,14.49481681539553,15.693501472473145,700819000
2022-11-11,15.750292878376628,16.33020474511368,15.42645899911689,16.2684268951416,655487000
2022-11-14,16.159825913451986,16.480671390641938,15.864887196216745,16.236549377441406,527852000
2022-11-15,16.662019132860014,16.937028207033112,16.32323854404051,16.606220245361328,545876000
2022-11-16,16.104024034799696,16.30330545087524,15.816060231495598,15.852927207946777,649547000
2022-11-17,15.658629484135167,16.207653606331878,15.479274851083211,15.620765686035156,710894000
2022-11-18,15.908725591523805,15.94459765168975,15.065760685221573,15.353724479675293,492072000
2022-11-21,15.092665143329405,15.421481294578124,15.025905097362354,15.262055397033691,404739000
2022-11-22,15.273017439942477,16.00039937204481,15.067756049737582,15.980470657348633,472866000
2022-11-23,16.040252289045704,16.467714217291594,15.990432410924427,16.459741592407227,427241000
2022-11-25,16.259467561128588,16.42786007515215,16.113991359394493,16.211639404296875,167934000
2022-11-28,15.968512050766721,16.298325994560756,15.668593078367639,15.77022647857666,303741000
2022-11-29,15.770225383983295,15.874849224323373,15.46432743853725,15.582900047302246,298384000
2022-11-30,15.644692293883454,16.873584309435355,15.54502609510109,16.866607666015625,565298000
2022-12-01,16.942353455622023,17.207465887298017,16.579566121809616,17.077899932861328,470977000
2022-12-02,16.603491006042972,16.87657817899184,16.39020337504846,16.819766998291016,371389000
2022-12-05,16.623421575647185,16.93836855658918,16.41711062983356,16.554651260375977,352255000
2022-12-06,16.474917069486207,16.517773048794822,15.766285923687203,15.93372631072998,352694000
2022-12-07,15.719443294997907,16.132064232758374,15.614792692114394,16.0662841796875,372388000
2022-12-08,16.218775465562125,17.12175660926792,15.905820703517822,17.11178970336914,515456000
2022-12-09,17.10281409430415,17.524404780057147,16.918431139660054,16.94434356689453,465338000
2022-12-12,16.980224799876666,17.47955466837452,16.741024828722146,17.476564407348633,457328000
2022-12-13,18.469247954138357,18.727385645434474,17.65198080321333,18.011777877807617,656589000
2022-12-14,17.92705944978632,18.191177653739228,17.36194948910425,17.615102767944336,496888000
2022-12-15,17.088865417042985,17.26228539533921,16.64435244524807,16.895511627197266,478542000
2022-12-16,16.80780430040909,16.98421452775994,16.355316696171542,16.515779495239258,478232000
2022-12-19,16.51677591008969,16.553651364106894,16.09119880078537,16.1998348236084,354039000
2022-12-20,16.010470747950464,16.255651316160492,15.799178230906909,16.031400680541992,403260000
2022-12-21,16.060304842306547,16.571595897427166,16.048343794868938,16.446014404296875,325025000
2022-12-22,16.040370897342594,16.084224902594713,14.832409670787916,15.287886619567871,565045000
2022-12-23,15.14536375199491,15.287886895394593,14.83340700919184,15.155330657958984,349326000
2022-12-27,15.023769443130346,15.049682826445732,14.009161111934528,14.073945045471191,464902000
2022-12-28,13.880592209011148,14.214475953122395,13.837735273982746,13.989229202270508,351066000
2022-12-29,14.354008039804668,14.634070838145426,14.17959100951328,14.554337501525879,354923000
2022-12-30,14.28623425846336,14.580251302126825,14.185570989377842,14.565301895141602,310490000
2023-01-03,14.801513863050983,14.94603115548883,14.049029532918041,14.26729965209961,401277000
2023-01-04,14.518458311262469,14.803504564817873,14.193544438500394,14.699851036071777,431324000
2023-01-05,14.442713107430109,14.515469810414057,14.100855645137985,14.217466354370117,389168000
2023-01-06,14.425769075047109,14.959983243102146,13.987235680701085,14.809486389160156,405044000
2023-01-09,15.233068483772803,16.00249525698764,15.090544411674909,15.575922012329102,504231000
2023-01-10,15.455326689560788,15.908810437445068,15.42044347056914,15.855987548828125,384101000
2023-01-11,15.787216717511937,15.97458997371224,15.511139335336974,15.94767951965332,353285000
2023-01-12,16.046348710283624,16.581557963434708,15.440374057820266,16.455978393554688,551409000
2023-01-13,16.22375851425544,16.865613588598475,16.11113608569389,16.842689514160156,447287000
2023-01-17,16.842687440869174,17.668925426357585,16.842687440869174,17.64301109313965,511102000
2023-01-18,17.608130198283973,17.813443145734695,17.224412859359354,17.3190975189209,439624000
2023-01-19,16.979229999863364,17.139694698743703,16.675247952454153,16.70913314819336,452932000
2023-01-20,16.954312559037017,17.79649791430325,16.768933461540048,17.77955436706543,564967000
2023-01-23,18.00380774628692,19.18087416913429,17.758629060077922,19.129047393798828,655163000
2023-01-24,18.76426355229002,19.430038785893963,18.757286908397305,19.200803756713867,496204000
2023-01-25,18.849974303107246,19.30545212333689,18.51808381196262,19.258607864379883,449537000
2023-01-26,19.63535393948921,20.098804651583823,19.213763095481273,19.73601722717285,489535000
2023-01-27,19.397145547454056,20.559260383334514,19.340336282657464,20.297136306762695,542142000
2023-01-30,19.883518678793106,20.07288414739655,19.08618348633209,19.09814453125,488611000
2023-01-31,19.10612138016746,19.621398819093155,18.886855153366426,19.471899032592773,498017000
2023-02-01,19.625385818373413,21.121383652696668,19.54565246966647,20.873214721679688,660477000
2023-02-02,20.9300225588854,21.875859651889073,20.631022997012753,21.636659622192383,564276000
2023-02-03,20.93002263417135,21.672540940249053,20.71972529905481,21.02968978881836,429366000
2023-02-06,20.736666558099405,21.498120569952917,20.716732749173072,21.01872444152832,452197000
2023-02-07,21.31075078020512,22.184829243176587,21.07952350178786,22.0991153717041,664150000
2023-02-08,22.31240089472821,22.801765903840348,21.934664092168923,22.13100814819336,559651000
2023-02-09,22.530670219439532,22.943290193315832,22.046289671543487,22.26256561279297,523876000
2023-02-10,21.6177224771655,22.00442812205311,20.74165187678693,21.194137573242188,550737000
2023-02-13,21.466229945466377,21.974530722285284,20.89214911284721,21.715396881103516,474919000
2023-02-14,21.506093473695493,22.972192242637163,21.294800040276197,22.894453048706055,675474000
2023-02-15,22.473857186049795,22.778837224069242,22.032334555587305,22.688140869140625,420575000
2023-02-16,22.059248242228534,22.47485853992091,21.85393529520588,21.928686141967773,412026000
2023-02-17,21.558924652966695,21.66756071286323,20.905110349706753,21.316734313964844,465888000
2023-02-21,20.93002371650124,21.422377090666945,20.54929664883601,20.58617401123047,410015000
2023-02-22,20.637998793039895,21.03367523119019,20.352950629424083,20.68484115600586,513184000
2023-02-23,23.361891451181727,23.80839853574855,22.94827344265805,23.58514404296875,1117995000
2023-02-24,23.147606985640458,23.39577778263142,22.870533495406775,23.208402633666992,589716000
2023-02-27,23.59112307758857,23.800422369181604,23.375843263094975,23.422685623168945,452994000
2023-02-28,23.294115924763044,23.74560738657694,23.128668730813548,23.138635635375977,455963000
2023-03-01,23.11471543588402,23.178503244860902,22.432994752211638,22.62236213684082,460026000
2023-03-02,22.413063250752206,23.302089102000206,22.35724820401247,23.236309051513672,389415000
2023-03-03,23.24229019406714,23.82035737741727,23.05292280095457,23.81039047241211,412393000
2023-03-06,23.811386520323765,24.167195304458623,23.40873157565337,23.475509643554688,437429000
2023-03-07,23.525357494191162,24.048696625996275,23.16749179565289,23.214344024658203,515154000
2023-03-08,23.412709959422333,24.12345598243845,23.34990950267541,24.104515075683594,513573000
2023-03-09,24.09853264786072,24.376651390603612,23.309037961330453,23.36187171936035,501257000
2023-03-10,23.334960424456437,23.55227132624744,22.654120112006748,22.892364501953125,474866000
2023-03-13,22.680036313439018,23.224308845911295,22.22647555282617,22.89335823059082,421890000
2023-03-14,23.421686584006782,24.142399436597263,23.38579924402724,23.986892700195312,474910000
2023-03-15,23.68584709694348,24.209186218115047,23.28611632940407,24.151371002197266,524486000
2023-03-16,23.951003432054158,25.507064935559395,23.818422785484607,25.460214614868164,583253000
2023-03-17,25.89981997420156,26.31550083175522,25.586812067911023,25.643632888793945,848547000
2023-03-20,25.533980590026932,25.941687335476704,25.050514016475315,25.818078994750977,432747000
2023-03-21,26.09719563603672,26.3085249951989,25.300723004441352,26.116134643554688,547408000
2023-03-22,26.34141790205971,27.50173767157012,26.154012813178745,26.3842830657959,797295000
2023-03-23,27.02923209610895,27.412018238340906,26.605577177571398,27.104991912841797,564889000
2023-03-24,26.94549959949804,27.081069104608634,26.271637231409848,26.69429588317871,454920000
2023-03-27,26.752114397420495,26.91459893449874,26.28160721288135,26.44708251953125,361026000
2023-03-28,26.363349230566957,26.42914045882786,25.768237406573,26.326465606689453,356104000
2023-03-29,26.74014794813045,26.992346016054373,26.51286851865388,26.898643493652344,393694000
2023-03-30,27.142876388177367,27.412022850595726,27.016277275445294,27.296388626098633,364516000
2023-03-31,27.054157877093186,27.74596305741618,27.01926873122524,27.689144134521484,433933000
2023-04-03,27.4219935638243,27.91143982211084,27.249540404577512,27.876550674438477,398716000
2023-04-04,27.87754496966134,27.911437825351527,27.2206289482267,27.366167068481445,368592000
2023-04-05,26.74413726044268,26.91260141633157,26.311510037121913,26.79597282409668,515015000
2023-04-06,26.499912714821207,26.99434412357807,26.34340972671135,26.951480865478516,397654000
2023-04-10,26.738158599933065,27.5336348544528,26.584646372375655,27.49176788330078,395279000
2023-04-11,27.636311817588748,27.70210304890554,27.040201775147455,27.083066940307617,314378000
2023-04-12,27.2834300542219,27.381119656216434,26.364345440236946,26.411197662353516,446259000
2023-04-13,26.649439996093154,26.801955937603214,26.245722222126854,26.379297256469727,353615000
2023-04-14,26.420170212204003,26.797971184144085,26.137068080300253,26.67336654663086,395660000
2023-04-17,26.480975507689482,26.920580610646343,26.349393053761112,26.916593551635742,321471000
2023-04-18,27.445911825397904,28.021086392851622,27.270467934497674,27.579486846923828,604812000
2023-04-19,27.274456503625604,27.911435269103396,27.145864822992923,27.842653274536133,358660000
2023-04-20,27.583476516154896,27.94134215983428,26.914599351934957,27.01827049255371,427713000
2023-04-21,26.86674870571586,27.09701893484949,26.63747666725273,27.033220291137695,345103000
2023-04-24,26.927557165010345,27.279439347819814,26.586637967974482,26.956464767456055,339282000
2023-04-25,26.99234953614374,27.160815601118838,26.14204889645108,26.157997131347656,378527000
2023-04-26,26.91659109618502,27.24355272101591,26.620529651196374,26.87073516845703,406337000
2023-04-27,27.276448822954162,27.4080312626638,26.54078232749637,27.139881134033203,377161000
2023-04-28,27.138887339013703,27.670200494580325,26.985373211032865,27.661230087280273,292216000
2023-05-01,27.751942445275365,28.96609033128575,27.692132757184343,28.818557739257812,570329000
2023-05-02,28.58928602409841,28.74479273603856,27.994174201759634,28.120771408081055,402730000
2023-05-03,27.7519454686492,28.27727905481044,27.38510937944624,27.714065551757812,383387000
2023-05-04,27.563536466695737,27.770878726472898,27.153837196427407,27.47481918334961,321850000
2023-05-05,27.737986024481625,28.66404652957751,27.64328719583459,28.589284896850586,361494000
2023-05-08,28.43178384704761,29.127576016939173,28.260328904734493,29.058794021606445,344979000
2023-05-09,28.80759252115136,28.881357865661336,28.360013303057926,28.480628967285156,314869000
2023-05-10,28.91325569457964,29.02091579172388,28.370977656526804,28.793636322021484,369350000
2023-05-11,28.804599067442442,28.858429112011763,28.156655460539202,28.48760414123535,322149000
2023-05-12,28.43875993883251,28.68896736052221,27.957287902221466,28.25035858154297,274222000
2023-05-15,28.417829411901007,28.877371722844355,28.062956433881705,28.861421585083008,293926000
2023-05-16,28.749776627024,29.775523171518977,28.740806219257955,29.1205997467041,449405000
2023-05-17,29.49042519794485,30.103479719693794,29.336912970483333,30.08254623413086,432535000
2023-05-18,30.31381549594501,31.72732974738972,30.22410000650582,31.577804565429688,748725000
2023-05-19,31.43625056372688,31.48011201484415,30.818212695710137,31.165111541748047,473908000
2023-05-22,30.803260867315778,31.420304387689416,30.582961110509476,31.077392578125,372000000
2023-05-23,30.901948183114918,31.18903735658012,30.534115833189922,30.59093475341797,356253000
2023-05-24,30.114448378708214,30.510193976457117,29.711726852880343,30.4414119720459,721419000
2023-05-25,38.401152701662475,39.35512649385782,36.519123854187846,37.85987091064453,1543911000
2023-05-26,37.770151547520655,39.04610163074743,37.43122683133464,38.822811126708984,714397000
2023-05-30,40.4666011461992,41.8053518099001,39.82264450499864,39.984130859375,923401000
2023-05-31,39.363100391824844,40.16754710014043,37.702369501651916,37.714332580566406,1002580000
2023-06-01,38.367260487804366,39.92332397878751,38.218733498055144,39.64421081542969,635873000
2023-06-02,39.970174994520356,40.37190020075976,38.934459847678006,39.20261001586914,482731000
2023-06-05,38.785927762163986,39.43985101130171,38.584567040791214,39.04710006713867,396094000
2023-06-06,38.70718026277856,39.03613447609746,38.02733445700801,38.531734466552734,388729000
2023-06-07,38.79592485025507,39.37813750275476,37.2416933197928,37.360328674316406,511998000
2023-06-08,37.60857182578051,38.74508306628558,37.39024395636986,38.39216613769531,417772000
2023-06-09,38.91754848393105,39.58948588191824,38.448989234454245,38.6513671875,427717000
2023-06-12,39.08005597622932,39.40904425940009,38.49983605891858,39.36119079589844,388701000
2023-06-13,40.06304748096175,40.97524885388428,39.61841291726842,40.896488189697266,613208000
2023-06-14,40.699085309650826,42.868425731448234,40.427914429279454,42.86543655395508,740465000
2023-06-15,42.47164119138032,43.1565392794632,42.01803164323478,42.522483825683594,568622000
2023-06-16,43.31704703395712,43.5872177031006,42.53045985415552,42.56136703491211,655709000
2023-06-20,42.86643115503074,43.85539630398405,42.543421257103255,43.6739501953125,451153000
2023-06-21,43.36789797033513,43.481551381643484,41.9512482252179,42.913291931152344,551603000
2023-06-22,42.12371527633215,43.293126539128146,42.104776210367746,42.89335632324219,417737000
2023-06-23,42.33406622553571,42.678007983073286,41.88643880055925,42.0798454284668,358140000
2023-06-26,42.33107741154621,42.63315169907878,39.97730148068593,40.50767517089844,594322000
2023-06-27,40.674163315350505,41.81167093605906,40.3242393713419,41.747867584228516,462175000
2023-06-28,40.535589450400664,41.71696498768914,40.39402564201727,40.99119186401367,582639000
2023-06-29,41.430830406659986,41.47270170333191,40.47576172197274,40.69708251953125,380514000
2023-06-30,41.55247077216965,42.41980774252162,41.37401761190044,42.17256546020508,501148000
2023-07-03,42.38690406882019,42.76673879586181,42.07286928017555,42.28322219848633,198209000
2023-07-05,42.00606914984757,43.04488054432272,41.95622290579701,42.18751525878906,323618000
2023-07-06,41.71596810959315,42.04994216880029,41.21949078738844,41.97417449951172,303582000
2023-07-07,42.19250935690469,43.08178227500966,42.050945526720156,42.372955322265625,355881000
2023-07-10,42.52647159560561,42.679999688168024,41.52155283823929,42.05093002319336,353908000
2023-07-11,42.35100950902143,42.6271623304336,41.938278668558176,42.27524185180664,298244000
2023-07-12,42.90132541025079,43.80056583036438,42.64610822063504,43.76766586303711,481277000
2023-07-13,44.381783639889846,46.01377191487625,44.35586222212897,45.83631896972656,478204000
2023-07-14,46.44046184420574,47.94085779132301,44.92212322629915,45.329872131347656,772075000
2023-07-17,46.14736542203415,46.35372896631426,45.12350743190866,46.3188362121582,510488000
2023-07-18,46.5581057196224,47.74944898576326,45.594065463977465,47.34867858886719,569164000
2023-07-19,47.31876592185892,47.67168281088611,46.59897504315981,46.93294906616211,427502000
2023-07-20,46.36469771901338,46.942924858819666,44.92411943835553,45.38071823120117,537865000
2023-07-21,45.6478906079313,45.72565485492813,43.965056025974754,44.17341613769531,963769000
2023-07-24,44.594129747804274,44.970975292246095,43.90524600694248,44.475494384765625,382516000
2023-07-25,44.803489544215395,46.04168599596265,44.78554306973034,45.53923034667969,348081000
2023-07-26,45.88019034589932,45.912093926904774,44.49344751779218,45.312931060791016,364237000
2023-07-27,46.37666127130996,47.249980321992574,45.610013268331116,45.75955581665039,455976000
2023-07-28,46.52520665161332,46.88310935590441,46.23908604851757,46.606956481933594,331194000
2023-07-31,46.610938817532,46.985787745643954,46.36369657868276,46.58601379394531,251055000
2023-08-01,46.31783943234634,46.75649554152621,45.886165676964275,46.36469650268555,237858000
2023-08-02,45.69076572472491,45.69973706046443,43.25424373168055,44.133544921875,530142000
2023-08-03,43.665971916513115,44.97993964791756,43.665971916513115,44.3787841796875,324176000
2023-08-04,44.84735241415571,45.50233976816819,44.25716479958756,44.54328536987305,362666000
2023-08-07,44.972970743442104,45.400658953676526,44.426647163135996,45.27803421020508,322154000
2023-08-08,44.71575315581905,45.10356277836036,43.92119104559553,44.5273323059082,353843000
2023-08-09,44.138528337331145,44.17641407263371,42.005076934408166,42.42379379272461,586449000
2023-08-10,42.03099019324286,43.44066481177175,41.70698393305918,42.25829315185547,492705000
2023-08-11,41.62325415005366,41.88943931090986,40.51465701705144,40.72999572753906,533085000
2023-08-14,40.36211972462702,43.665978621737146,40.187655955736346,43.61912155151367,690286000
2023-08-15,44.42364752699655,45.12948122569519,43.57624624979999,43.8055419921875,676512000
2023-08-16,44.38377612065419,44.53830062758481,43.27318256792619,43.35293960571289,527451000
2023-08-17,43.83546018459533,43.927177736442225,42.86942340203336,43.21137619018555,452395000
2023-08-18,42.504541812711565,43.44465716941068,41.53252668330837,43.16651153564453,583768000
2023-08-21,44.35785896625514,46.92099149712555,44.086691857163586,46.82329177856445,692573000
2023-08-22,47.98771355577138,48.03955639191804,45.19428904679984,45.528263092041016,755293000
2023-08-23,45.72565339980645,47.05557105969461,45.06966590460551,46.97182846069336,779046000
2023-08-24,50.0623439279402,50.11219017259599,47.014698817328394,47.01868438720703,1156044000
2023-08-25,46.8681553415664,47.6587282173918,44.88623538665841,45.877197265625,925341000
2023-08-28,46.339768044393274,46.836245308048305,44.75064756794707,46.691688537597656,685192000
2023-08-29,46.5232082617889,48.93081957760332,46.249048206065815,48.634727478027344,701397000
2023-08-30,48.893934114542816,49.77423173710802,48.27682864513261,49.11326217651367,735206000
2023-08-31,49.22891214982183,49.59179683011506,48.80820246885937,49.20398712158203,528570000
2023-09-01,49.60973326514342,49.64761519313272,47.994687598350154,48.360565185546875,463830000
2023-09-05,48.07543831193929,48.70151880661507,47.71355011794706,48.399444580078125,382653000
2023-09-06,48.29675585100986,48.404432152677344,46.441297415473116,46.92086410522461,468670000
2023-09-07,45.38944205496558,46.206003567946354,45.01755163903208,46.103309631347656,433330000
2023-09-08,45.80519551015305,46.46721591183993,45.136192180115536,45.43629455566406,473069000
2023-09-11,46.010585175997676,46.025539902373815,44.180053643461356,45.04347610473633,473966000
2023-09-12,44.60478224808882,45.536999459957386,44.39839790348207,44.73638916015625,349256000
2023-09-13,44.46718918081737,45.79323054977972,44.37047790444444,45.34955596923828,398355000
2023-09-14,45.81317890696642,45.8500674873585,44.99661733815953,45.44527816772461,370097000
2023-09-15,45.2059787843747,45.46320990888578,43.67754295698432,43.76927185058594,506831000
2023-09-18,42.62071131068282,44.11026214230338,41.87493751856223,43.8350830078125,500271000
2023-09-19,43.70247908606619,43.835082475156234,42.87395226873784,43.390411376953125,373064000
2023-09-20,43.470171462670386,43.7722706240914,42.09727282869751,42.113224029541016,367108000
2023-09-21,41.45917965283468,41.97463849257789,40.85797455001659,40.89486312866211,450736000
2023-09-22,41.44820657571994,41.98959271748376,41.10822239223327,41.4860954284668,479236000
2023-09-25,41.46715374615769,42.40933950772004,41.05438505683627,42.096275329589844,419091000
2023-09-26,41.87592599161224,42.6924873606105,41.53095566477393,41.78619384765625,402282000
2023-09-27,42.203947925620064,42.74433372903221,41.50503521048072,42.34153366088867,444935000
2023-09-28,42.33356849695518,43.31663260486512,41.98959836899157,42.960697174072266,424663000
2023-09-29,43.696494927606466,44.01255232767132,43.178042888017536,43.36947250366211,397830000
2023-10-02,43.89888769595612,45.04047860898654,43.73039221652358,44.648651123046875,433298000
2023-10-03,44.67457296774722,44.995616545503985,43.11722389309479,43.38741683959961,470850000
2023-10-04,43.61174546536846,44.01155233952571,43.163084716605525,43.909854888916016,361821000
2023-10-05,43.91882717512689,44.76629832762735,43.75731082612685,44.554927825927734,393483000
2023-10-06,44.061407980133865,45.65265626506475,43.89490543600504,45.625736236572266,434436000
2023-10-09,44.70847483791379,45.46920337034592,44.235887222293606,45.13819122314453,409675000
2023-10-10,45.17508663765547,46.121258407060864,44.95374754155894,45.6616325378418,368582000
2023-10-11,46.05844175921358,46.71946955859621,45.91287659330196,46.6666259765625,378137000
2023-10-12,46.637711102575786,47.4672343606174,46.19204354796514,46.80521011352539,481325000
2023-10-13,46.82017113247599,46.97570866593482,45.14517319115468,45.32563400268555,474115000
2023-10-16,44.92881235422657,46.0873509348349,44.778261024252274,45.957740783691406,375099000
2023-10-17,43.86897889171314,44.62073527897283,42.353504619053396,43.80716323852539,812333000
2023-10-18,42.46417874850183,43.09031094806606,41.70046078038666,42.07035446166992,627294000
2023-10-19,42.683520414055806,43.16807328895168,41.75728589082115,41.97563552856445,501233000
2023-10-20,41.7652678682802,42.34354268783243,40.955685402910255,41.26376724243164,477266000
2023-10-23,41.10623502417962,43.119224175669935,40.82308027803106,42.8470344543457,478530000
2023-10-24,42.94873204239224,43.56688484318148,42.56388363101051,43.53298568725586,401463000
2023-10-25,43.26876906154992,43.52002136864502,41.431258603349754,41.65459060668945,398379000
2023-10-26,41.72837068029658,42.13017050427248,39.76124631016128,40.20591735839844,541001000
2023-10-27,41.00752725918924,41.08330116511961,39.895845748458264,40.37940216064453,416784000
2023-10-30,40.96465211390715,41.64162722288695,40.36045387343674,41.038429260253906,388028000
2023-10-31,40.32954637763823,40.75726972821826,39.113178148142396,40.65856170654297,517969000
2023-11-01,40.762256048704266,42.25479998188949,40.747301323669774,42.19896697998047,437593000
2023-11-02,43.198985826861175,43.7533300399268,42.76627999009409,43.37645721435547,409172000
2023-11-03,43.88892315557369,45.17408258825645,43.59280664299351,44.87099075317383,424610000
2023-11-06,45.15015696243412,45.798223011195105,44.765304753189504,45.614768981933594,400733000
2023-11-07,45.582863690228386,46.080374555632474,45.02353336587058,45.81816101074219,343165000
2023-11-08,45.96273414416628,46.727452474746855,45.831127209129946,46.435325622558594,346719000
2023-11-09,47.32565858468725,48.08638711878528,46.610794508396026,46.81019973754883,540496000
2023-11-10,47.358561621942854,48.32766746778713,47.14220871523475,48.19107437133789,421245000
2023-11-13,48.176113818422,48.96974494304787,47.9557712363459,48.4752197265625,384136000
2023-11-14,49.532067353089744,49.6856081153753,48.89397370012533,49.50813674926758,416954000
2023-11-15,49.78631497714017,49.811238255169,48.056480502384446,48.742431640625,475497000
2023-11-16,48.534047157885986,49.37752865421783,48.186087364869636,49.33266067504883,339756000
2023-11-17,49.37653577909823,49.568961894077866,48.86107690035848,49.15121078491211,325205000
2023-11-20,49.165169788318394,50.397489558773835,49.03455933420522,50.25890350341797,414120000
2023-11-21,49.97673388984551,50.366568411025234,49.07542649691953,49.7952766418457,565747000
2023-11-22,49.703560932235554,50.185120642893004,47.54799598832388,48.57094192504883,899420000
2023-11-24,48.32567707703601,48.7753343936509,47.6028335530589,47.63374328613281,294645000
2023-11-27,47.65766532815117,48.38549115302334,47.51010721393193,48.098350524902344,395662000
2023-11-28,48.09236545909725,48.17910819028839,47.33163699319086,47.6786003112793,401491000
2023-11-29,48.234937402003986,48.6167963168034,47.717481889258046,47.996646881103516,382005000
2023-11-30,47.880989431191615,47.966735677933855,46.28376258247159,46.6307258605957,526247000
2023-12-01,46.38646066120802,47.05944990418179,46.049465900778685,46.6257438659668,369317000
2023-12-04,45.93979802137365,45.93979802137365,44.87597384591377,45.37448501586914,437543000
2023-12-05,45.33460369954444,46.46532533448676,45.14016755025648,46.431427001953125,371718000
2023-12-06,47.07854839373765,47.25005219470193,45.280757679582,45.37149429321289,380590000
2023-12-07,45.56792383673814,46.49423979899288,45.47220061553475,46.461334228515625,350823000
2023-12-08,46.46035051057807,47.60303869679262,46.41547857412716,47.368717193603516,359224000
2023-12-11,47.353746056504626,47.393627560593224,45.69754725900702,46.49224090576172,509728000
2023-12-12,45.912927610504205,47.52824471452688,45.912927610504205,47.51927185058594,372387000
2023-12-13,47.49134732333681,48.45355849420569,47.47040810748177,47.94902038574219,447792000
2023-12-14,48.2501437897404,48.52933332337193,47.28494297084845,48.21025848388672,391232000
2023-12-15,48.05471535600333,49.2612174369844,47.98092791403106,48.74870300292969,479948000
2023-12-18,49.25722476890154,50.287236313694024,49.00794732331736,49.93226623535156,412587000
2023-12-19,49.281159865930675,49.55636317420033,48.75368939419547,49.46063995361328,464444000
2023-12-20,49.51149468672903,49.854502283693236,47.95899524383034,47.97195816040039,397894000
2023-12-21,48.66993565248791,48.953115280045736,48.27906644393615,48.848419189453125,300425000
2023-12-22,49.05282008065704,49.24027646361489,48.32692345139222,48.68887710571289,252507000
2023-12-26,48.82647939940057,49.45665286845571,48.81850309781851,49.13658142089844,244200000
2023-12-27,49.36791146455285,49.53642176515991,48.943140137976336,49.2741813659668,233648000
2023-12-28,49.49952822100173,49.73982902864742,49.26919303504833,49.378875732421875,246587000
2023-12-29,49.66903507790819,49.85250521620105,48.610104092310245,49.378875732421875,389293000
2024-01-02,49.10167999879026,49.15253129584884,47.457447488056715,48.02878952026367,411254000
2024-01-03,47.34776550065434,48.04474284454288,47.183241449788504,47.431522369384766,320896000
2024-01-04,47.62895205059956,48.35983539054749,47.37070168440111,47.85928726196289,306535000
2024-01-05,48.321941715696894,49.40380504311915,48.166390532700504,48.95510482788086,415039000
2024-01-08,49.36890655044413,52.123921699220006,49.33600098033536,52.10198211669922,642510000
2024-01-09,52.24955327952862,54.16799238326001,51.54060584592602,52.98641586303711,773100000
2024-01-10,53.46104467716742,54.44219815586451,53.33440901365928,54.19292068481445,533796000
2024-01-11,54.840053191345746,55.18605048150879,53.40521272938546,54.6635627746582,596759000
2024-01-12,54.46214745952533,54.811138243808735,54.172988448593486,54.55188751220703,352994000
2024-01-16,54.85900246020817,56.67074896213712,54.74134344349828,56.219058990478516,449580000
2024-01-17,56.18415935716655,56.30780154944078,54.5818050801591,55.89101028442383,474394000
2024-01-18,57.09452091474022,57.43353849056932,55.944853126147336,56.94196319580078,491650000
2024-01-19,57.8214070619552,59.3280417723161,57.05961512425851,59.319068908691406,543501000
2024-01-22,59.87545679775879,60.15664330232137,58.89928603895681,59.481597900390625,452955000
2024-01-23,59.39784450488147,59.73686206906665,58.415690511418234,59.69997024536133,294654000
2024-01-24,60.12972084943654,62.66736391279241,59.76477747230483,61.184661865234375,560271000
2024-01-25,62.169802358134476,62.53773920716308,60.67413746929077,61.43892288208008,482777000
2024-01-26,60.78382030493906,61.60444363196895,60.39794153183259,60.8546142578125,390309000
2024-01-29,61.05503888144962,62.308406139769886,60.73098116954014,62.28447723388672,348733000
2024-01-30,62.718210354121275,63.30949499722746,62.0800568624882,62.59257125854492,410735000
2024-01-31,61.262435580323725,62.08904212424609,60.52457632784889,61.349185943603516,453795000
2024-02-01,61.92052952927185,63.00837994825412,61.471833071842404,62.844852447509766,369146000
2024-02-02,63.78912362662744,66.40753432722695,63.50594394904797,65.96881103515625,476578000
2024-02-05,68.02782694293316,69.29615400361993,67.01077810938553,69.13162994384766,680078000
2024-02-06,69.42876454653677,69.55240673067756,66.10839412447636,68.02583312988281,683111000
2024-02-07,68.12154618534456,70.01705293105977,67.40462245828914,69.89640045166016,495575000
2024-02-08,69.87148269785355,70.5894031052992,69.25427593719057,69.43973541259766,414422000
2024-02-09,70.32917051969086,71.97639698775139,70.0090989991364,71.92455291748047,436637000
2024-02-12,72.39016457689355,74.39535381795112,71.04406796843402,72.0391845703125,613710000
2024-02-13,70.19654512895808,73.23772604754565,69.4188005504822,71.91954803466797,602580000
2024-02-14,72.99043592470231,74.02144406218807,71.73008918323228,73.68641662597656,504917000
2024-02-15,73.65553513860904,73.7612240097967,72.19077851996437,72.44802856445312,420122000
2024-02-16,73.88583908151942,74.18696820662582,72.29146138961607,72.40313720703125,495327000
2024-02-20,71.73905822029711,71.74803488638726,67.53823713980917,69.25127410888672,704833000
2024-02-21,67.8094614044966,68.68891622407938,66.05654635382845,67.27700805664062,673755000
2024-02-22,74.80817959484354,78.34791554573746,74.00550573707999,78.31102752685547,865100000
2024-02-23,80.55651569183838,82.15587637734276,77.3458203592003,78.58921813964844,829388000
2024-02-26,79.46966317926245,80.41293598535317,78.27811704521838,78.8634262084961,503973000
2024-02-27,79.151576284054,79.25029679601072,76.9389952975712,78.47354125976562,391705000
2024-02-28,77.39567023328642,78.70487140466068,76.90209811291284,77.43854522705078,393110000
2024-02-29,78.86540846143546,79.7588149945745,78.12355544458728,78.88335418701172,507289000
2024-03-01,79.76879352380037,82.06214938054762,79.20542398518815,82.04120635986328,479135000
2024-03-04,83.8868661680974,87.44156594765833,83.47705843914093,84.99066925048828,615616000
2024-03-05,85.02755456111447,85.85220668028344,83.17982622827054,85.7195816040039,520639000
2024-03-06,87.77172605056263,89.4688825349032,86.78254226902789,88.44779205322266,582520000
2024-03-07,89.90166281939615,92.50324615104638,89.34724386412462,92.40552520751953,608119000
2024-03-08,94.86749190765931,97.12306133342042,86.26003174516178,87.27912902832031,1142269000
2024-03-11,86.18326495849031,88.5445284611464,83.92669865835357,85.5301284790039,678364000
2024-03-12,87.79866748859284,91.69854344348778,85.90506455225947,91.65167999267578,668075000
2024-03-13,90.79611026460987,91.24383116033475,88.18355678072699,90.62958526611328,635713000
2024-03-14,89.32232245586333,90.38828336998239,86.35378152826699,87.69396209716797,602318000
2024-03-15,86.68285360690051,89.29141349932793,86.01177045145751,87.58727264404297,642086000
2024-03-18,90.13099363074502,92.14225684199752,86.8373838940454,88.2034912109375,668976000
2024-03-19,86.45348714580204,90.28655945618765,84.76829741224358,89.1438217163086,672171000
2024-03-20,89.54168157483528,90.15294523438696,87.97215934887909,90.11505126953125,479063000
2024-03-21,92.0375720151123,92.38458214165158,90.1479556941056,91.1750259399414,480372000
2024-03-22,90.88186017417289,94.50852022791372,90.57573384993215,94.02091217041016,586719000
2024-03-25,93.67390745044557,96.4908723257128,93.2441331194467,94.73188781738281,552136000
2024-03-26,95.57846759747075,96.10097979295517,92.23899068459922,92.29782104492188,513648000
2024-03-27,92.8472628285773,92.97489725482532,88.8696059634602,89.99340057373047,586067000
2024-03-28,89.74411520186113,91.0404221311914,88.93941042675222,90.09910583496094,435212000
2024-04-01,90.04226569169144,91.96278458075767,88.95037777581965,90.1060791015625,452441000
2024-04-02,88.19651163521841,89.83783523468522,87.37087059473389,89.19766235351562,433064000
2024-04-03,88.23242095077572,90.11704664082849,88.14866014711569,88.71105194091797,370067000
2024-04-04,90.14893737073052,90.3762935173085,85.63580564756691,85.66073608398438,434965000
2024-04-05,86.61901544259366,88.22942906906539,85.68169327218381,87.75777435302734,399678000
2024-04-08,88.44779987998065,88.57743512523471,86.4854007087341,86.88526153564453,283220000
2024-04-09,87.19338119556187,87.38583323801888,82.78595022062588,85.11131286621094,501700000
2024-04-10,83.68737890315158,87.15150043777531,83.47099303047223,86.7915267944336,431929000
2024-04-11,87.17145528616896,90.4810193154172,86.67886409357953,90.35836791992188,431637000
2024-04-12,89.44395551817271,89.91860764142923,87.28112393379013,87.93525695800781,426805000
2024-04-15,88.84466403718538,90.35535577476978,85.68467584656017,85.7564697265625,443077000
2024-04-16,86.18725549413733,87.86746232886081,85.81930894271287,87.16646575927734,370453000
2024-04-17,88.08882656112145,88.52259493497695,83.7113088922385,83.79607391357422,495400000
2024-04-18,84.72841317391251,85.94494566791495,82.16771376078896,84.43025970458984,447260000
2024-04-19,82.91359767384262,84.08425585640761,75.39104730583979,75.98335266113281,875198000
2024-04-22,77.88192715774476,79.8453305652036,76.18277728835372,79.29190826416016,596341000
2024-04-23,80.53934787289336,82.53366130187051,80.03578647084935,82.18864440917969,438559000
2024-04-24,83.71129217484813,83.84292061734187,78.9578484435489,79.45044708251953,512208000
2024-04-25,78.64375847887948,83.08609383460076,78.00059569231401,82.39706420898438,424641000
2024-04-26,83.57968703669025,88.07985603184983,83.1499127117647,87.48554992675781,551011000
2024-04-29,87.34594249418755,87.74180926182623,85.0235621625501,87.50748443603516,388971000
2024-04-30,86.99194868469957,88.5664614931565,86.05462655663052,86.15633392333984,363709000
2024-05-01,84.83509991070004,85.75547203094351,81.02396098069623,82.80488586425781,559863000
2024-05-02,84.20889135183461,85.99180970266082,82.96344197206183,85.57300567626953,377898000
2024-05-03,87.53938813243457,89.0271426544853,86.79251724081982,88.53654479980469,398341000
2024-05-06,89.13584021044993,91.95779560513117,88.80179361610953,91.87802124023438,376203000
2024-05-07,90.8389759868272,91.52003263915564,88.75791206874568,90.29652404785156,437342000
2024-05-08,89.22857828050421,90.93471200217493,89.16575387590268,90.15493774414062,325721000
2024-05-09,90.27159797496299,90.81305333122494,87.9801353538175,88.49466705322266,378013000
2024-05-10,90.04823965753017,91.14112411341107,88.973301771079,89.62245178222656,335325000
2024-05-13,90.22073791617511,90.73926364427145,88.2772820639822,90.1419677734375,289680000
2024-05-14,89.34424430460986,91.39041184902159,88.68113417048747,91.09625244140625,296507000
2024-05-15,92.20908510921412,94.5922892882104,91.33856611429667,94.36094665527344,417735000
2024-05-16,94.64014168326462,95.54655367350442,93.8354294469824,94.09070587158203,323952000
2024-05-17,94.10069789533013,94.47063766933178,91.54498136339171,92.216064453125,359691000
2024-05-20,93.48343554827802,94.92930964167746,93.17431942252952,94.51050567626953,318764000
2024-05-21,93.33287026664621,95.1287520032466,92.915062881723,95.11479187011719,328946000
2024-05-22,95.18757094825777,95.74697281531282,92.9838557882849,94.68001556396484,548648000
2024-05-23,101.73791493789797,106.0177117858919,101.23135605250833,103.5038833618164,835065000
2024-05-24,104.15201429523188,106.1722546778935,102.70713677897801,106.16627502441406,429494000
2024-05-28,109.93054862844438,114.61219912037285,109.57057499198291,113.5771484375,652728000
2024-05-29,112.7285727659483,115.16362326202471,110.58568085733936,114.49851989746094,557442000
2024-05-30,114.32402359196342,115.4896985615827,109.35120333690087,110.18582153320312,484553000
2024-05-31,112.20007402311614,112.39652011050696,106.63594514688756,109.3212890625,613263000
2024-06-03,113.29795006188645,114.67302703857422,111.68454659500959,114.67302703857422,438392000
2024-06-04,115.38699108204422,116.26847269779265,113.72073695926161,116.1059341430664,403324000
2024-06-05,118.03444216742467,122.10084264977675,117.13400975669744,122.09187316894531,528402000
2024-06-06,123.69528439320365,125.2299099350453,117.98357427866928,120.65396118164062,664696000
2024-06-07,119.42944840947749,121.34598817369331,117.68642510058785,120.54427337646484,412386000
2024-06-10,120.02775723865274,122.74999082651334,116.6773100476689,121.44371795654297,313434100
2024-06-11,121.43374431859081,122.53071289546243,118.41211249470811,120.57612609863281,222551200
2024-06-12,122.72019591619149,126.52964756781702,122.23155106787934,124.85428619384766,299595000
2024-06-13,129.0327119863157,129.4415834964467,126.80887399420205,129.25210571289062,260704500
2024-06-14,129.60114223243076,132.4731792100278,127.9656714477386,131.51583862304688,309320400
2024-06-17,132.6227916073861,133.36073857025062,129.22220369566065,130.6183319091797,288504400
2024-06-18,130.77788509132313,135.95355648117285,130.32913071079423,135.20562744140625,294335100
2024-06-20,139.41394956266274,140.37129003031137,129.16233868973217,130.41885375976562,517768400
2024-06-21,126.76897377617152,130.2692833981682,123.95676122395307,126.22048950195312,649445800
2024-06-24,122.89969086195553,124.11632324977303,117.71405285075953,117.78385925292969,476060900
2024-06-25,120.86532476106613,126.1506927991438,118.99051878494626,125.7418212890625,414192600
2024-06-26,125.78169805160451,127.7662006748868,122.26144711805412,126.05095672607422,362975900
2024-06-27,123.757295109187,126.06092119515536,122.58055338644618,123.64759826660156,252571700
2024-06-28,124.23599694106169,127.35735127952529,122.41104832536521,123.19886779785156,315516700
2024-07-01,123.12906191428952,124.49527404629498,118.50187501478464,123.95677185058594,284885500
2024-07-02,120.79551228090267,123.06922274393042,120.69578993975959,122.33126068115234,218374000
2024-07-03,121.324065820501,127.92578125,121.02489116241942,127.92578125,215749000
2024-07-05,127.02824387543221,128.49419337092286,125.33294138222224,125.48252868652344,214176700
2024-07-08,127.1379469199517,130.40889591730686,126.6891925935073,127.84598541259766,237677300
2024-07-09,129.99005737514514,133.4504765285805,128.29473958471138,131.0172119140625,285366600
2024-07-10,133.65988550841513,134.72693809179796,132.0543307877707,134.53746032714844,248978600
2024-07-11,135.3751516521801,135.77404103999976,126.69917812553707,127.04821014404297,374782700
2024-07-12,127.90582806874107,131.5557253023775,126.86870653322082,128.8831329345703,252680500
2024-07-15,130.19948360408995,131.02719355977734,126.82881950170466,128.08534240722656,208326200
2024-07-16,128.0853361228611,128.68367018979245,124.23599428065054,126.01107788085938,214769500
2024-07-17,121.01490699704938,121.51352631521466,116.39769484983655,117.6641845703125,390086200
2024-07-18,121.51352635797906,122.0620106514847,116.23813305693453,120.75562286376953,320979500
2024-07-19,120.01766279092804,121.26421102849133,117.04589605324009,117.6043472290039,217223800
2024-07-22,120.01767396475167,123.72740308245356,119.52902914046476,123.19886779785156,258068900
2024-07-23,122.44095787706307,124.34568731396223,121.76283530375956,122.25148010253906,173911000
2024-07-24,118.8409292880146,119.61877422549412,113.12675602679064,113.93451690673828,327776900
2024-07-25,112.72785127466838,116.30793416547407,106.00646529957123,111.9699478149414,460067000
2024-07-26,115.86914899111223,115.8791158985684,111.27187868948438,112.74778747558594,293399100
2024-07-29,113.3760598876514,115.95890423286832,110.99266022089631,111.28185272216797,248152100
2024-07-30,111.21204752075072,111.68075088933978,102.2568489765504,103.44356536865234,486833300
2024-07-31,112.58823561538453,118.01320824039244,110.57380945153913,116.69685363769531,473174200
2024-08-01,117.20545726694776,119.82819978465332,106.51505772619602,108.90843200683594,523462300
2024-08-02,103.47347587762454,108.4197782586363,101.09007631034588,106.9737777709961,482027500
2024-08-05,91.80579073756999,103.12445587816262,90.43957861096249,100.17262268066406,552842400
2024-08-06,103.55325619325184,107.41257244920943,100.27234777984627,103.96212768554688,409012100
2024-08-07,107.51229690555586,108.4995686514933,98.41748524596572,98.63687896728516,411440400
2024-08-08,101.71833775867768,105.208672877848,97.2507054584759,104.68013763427734,391910000
2024-08-09,105.348288539487,106.30563671378638,103.14439207443418,104.46074676513672,290844200
2024-08-12,106.02642207987165,110.7633060746513,105.96659019039194,108.71896362304688,325559900
2024-08-13,112.1295103919247,115.90904559128121,111.27188458899278,115.81929016113281,312646700
2024-08-14,118.2026834397928,118.27248983356148,113.75500044516707,117.7539291381836,339246400
2024-08-15,118.4320598996148,122.89968462856436,117.14562117487446,122.52073669433594,318086700
2024-08-16,121.6032680775869,124.6548155270241,120.84536466885129,124.23597717285156,302589900
2024-08-19,123.93681555512863,129.64102172851562,123.07918972579691,129.64102172851562,318333600
2024-08-20,128.0454312895895,129.52135538667704,125.54236785937302,126.89861297607422,300087400
2024-08-21,126.96843015643721,128.99283109530663,126.31025657503493,128.14517211914062,257883600
2024-08-22,129.66096486520394,130.3889447703718,122.7600680862335,123.39830017089844,376189100
2024-08-23,125.51246908853835,129.24214747384983,124.87423690023081,129.0127716064453,323230300
2024-08-26,129.21222218734667,130.8975427630235,124.0265765218376,126.11080169677734,331964700
2024-08-27,124.70469137157046,128.843225521312,123.5379164141598,127.94571685791016,303134600
2024-08-28,127.76620894054898,127.97563574905244,122.30134548595971,125.26314544677734,448101100
2024-08-29,121.02487540717718,124.08639756190335,116.38771446055243,117.2652816772461,453023300
2024-08-30,119.19992897597831,121.41379989153823,116.89631023816276,119.04037475585938,333751600
2024-09-03,115.68965834345619,115.88910303086084,106.99373606605621,107.70177459716797,477155100
2024-09-04,105.11892359162538,112.95721192187169,103.83248489547353,105.91670989990234,372470300
2024-09-05,104.70008464878364,109.34722045042044,104.47072401794104,106.91395568847656,306850700
2024-09-06,107.74165540315337,107.85135225389573,100.6712300257278,102.5460433959961,413638100
2024-09-09,104.59038154400555,106.25577578698045,103.4036727846321,106.17599487304688,273912000
2024-09-10,107.51229828657068,109.09791172390229,104.66019508943653,107.80149841308594,268283700
2024-09-11,109.0879346022382,116.86639906475774,107.12337325723898,116.58717346191406,441422400
2024-09-12,116.52732649632485,120.46676065848584,115.07123444451854,118.82117462158203,366052700
2024-09-13,118.76134501471007,119.63898740485247,117.2853021309932,118.78128814697266,238358300
2024-09-16,116.47747415009144,117.8637539403752,114.05397645754886,116.46749877929688,248772300
2024-09-17,117.85375994861732,118.482078856766,114.52270187351898,115.2806625366211,231925900
2024-09-18,115.57987289959789,117.38502682895009,112.91701975753097,113.06661987304688,310318900
2024-09-19,117.0359679559666,119.33979153223306,116.93623707940027,117.55458068847656,293506400
2024-09-20,116.74675151820551,118.30258221910756,115.0812221714436,115.68959045410156,382462400
2024-09-23,116.23810026304875,116.67691759238959,114.55262048539709,115.9488754272461,206228500
2024-09-24,116.20818908018337,121.47406618937484,115.07124032940908,120.54655456542969,354966800
2024-09-25,121.69346336275538,124.60565503965537,121.28456450552947,123.17948150634766,284692900
2024-09-26,126.46067739619816,127.32834434574869,121.47405774507013,123.70806121826172,302582900
2024-09-27,123.63825663510784,123.69809363981746,118.94086154094774,121.07513427734375,271009200
2024-09-30,117.99339197466074,121.17485775300766,117.83382410218941,121.11502075195312,226553700
2024-10-01,121.44413691318621,122.11234975829879,115.48014381228901,116.68690490722656,302094500
2024-10-02,116.12840510154699,119.06053238913914,114.831880901423,118.53195190429688,221845900
2024-10-03,120.59640479294298,124.02720146176961,120.01795510176126,122.521240234375,277118000
2024-10-04,124.60565935860969,124.70539023390367,121.50398120040512,124.58570861816406,243678100
2024-10-07,124.65550686574433,130.2903881845544,124.61561299835192,127.37820434570312,346250200
2024-10-08,129.91142617119655,133.12281085179842,129.07367761572408,132.53439331054688,285722500
2024-10-09,133.75111306364067,134.16001952786942,131.02842299164354,132.29501342773438,246191600
2024-10-10,131.55700075403345,134.63872798675436,130.64943234270237,134.44923400878906,242311300
2024-10-11,133.6513755856735,135.4166432187145,133.30232133780012,134.43927001953125,170209500
2024-10-14,136.10479144805439,139.22642006970023,135.9352482142016,137.7005157470703,232347700
2024-10-15,137.5010272539466,138.19916608738376,128.39547132022776,131.24781799316406,377831000
2024-10-16,133.6214472599385,136.25438165655956,131.22787606953918,135.35679626464844,264879700
2024-10-17,138.96712260930138,140.512977854023,136.50373111006368,136.56356811523438,306435900
2024-10-18,138.29892734851708,138.5283076242321,136.91264749604844,137.63072204589844,176090200
2024-10-21,137.76036967912168,143.325439453125,137.63071268872676,143.325439453125,264554500
2024-10-22,142.52756130979012,144.03351491090646,141.40058044009385,143.2057342529297,226311600
2024-10-23,141.64993025905358,142.04885378245024,137.09216737152124,139.18653869628906,285930000
2024-10-24,140.4431777464081,140.97175826689335,138.08949241788707,140.03427124023438,172354900
2024-10-25,140.55287134358582,143.74432048434818,140.42322956503693,141.16123962402344,205122100
2024-10-28,142.617310298629,142.75693502866474,139.67520798990546,140.14395141601562,173586700
2024-10-29,139.91457158033694,141.8793009979601,138.52829188537018,140.87200927734375,157593600
2024-10-30,139.16654849713757,139.95444277669785,136.4438589379193,138.9670867919922,179418100
2024-10-31,137.2317836775648,137.24175143875112,131.756469630996,132.40472412109375,270039600
2024-11-01,134.3395349599235,136.94255111570317,134.2098931927627,135.03765869140625,207127800
2024-11-04,136.8428124063768,138.58812914709054,135.2072018980832,135.6859130859375,187528200
2024-11-05,137.08217511986183,139.99435925396384,136.9625011145287,139.5355987548828,160537400
2024-11-06,142.57743460752744,146.09798683530676,141.58011068537002,145.2203369140625,242043900
2024-11-07,145.9982557303204,148.53145192465237,145.77884323892675,148.48159790039062,207323300
2024-11-08,148.3718728926044,149.3691967390222,145.868580298605,147.23492431640625,175665800
2024-11-11,148.28212306443757,148.45168153400843,143.18581210072784,144.87127685546875,182325600
2024-11-12,146.38721941597868,149.24953450275174,145.61927565442116,147.89317321777344,198634700
2024-11-13,148.67109606044525,148.93039482211316,145.50956558703103,145.8785858154297,191903300
2024-11-14,147.24489842760545,148.60125952595652,145.16049515099348,146.36724853515625,194463300
2024-11-15,144.4823175216733,144.85133773586546,139.70514243904907,141.6000518798828,250132900
2024-11-18,139.1266784396513,141.1711953957962,136.7829612819808,139.77493286132812,221205300
2024-11-19,140.94181709193657,146.7362663614533,140.61269838756368,146.6165771484375,227834900
2024-11-20,147.0155246522584,147.16511715506326,142.34804073132528,145.4995880126953,309871700
2024-11-21,148.95033233522298,152.48085228758558,140.3234713661803,146.27749633789062,400946600
2024-11-22,145.53949007763015,146.7662096056562,140.72242834878378,141.5701446533203,236406200
2024-11-25,141.61001503848368,141.66985203296244,135.45652887967213,135.65599060058594,344941900
2024-11-26,137.33151565059862,138.9272401830298,135.30694909062626,136.55360412597656,190287700
2024-11-27,134.64871022731037,136.85280300357402,131.44730865073987,134.9778289794922,226370900
2024-11-29,136.41395288721657,138.977082446908,135.68591074894266,137.88002014160156,141863200
2024-12-02,138.45849496272686,140.07415499884576,137.45120318506554,138.259033203125,171682800
2024-12-03,137.8899957715255,140.1638930268938,137.58082780000817,139.8846435546875,164414000
2024-12-04,141.61997562000002,145.3998260198739,139.91454527402882,144.75157165527344,231224300
2024-12-05,144.73165063129176,146.1579148411047,143.57467148409813,144.68177795410156,172621200
2024-12-06,144.2229906612707,145.3201135010368,140.94156015213164,142.06861877441406,188505600
2024-12-09,138.6076455444956,139.58508599383495,136.77244688316378,138.44805908203125,189308600
2024-12-10,138.64753308216282,141.4502189353748,133.44114274667672,134.7178192138672,210020900
2024-12-11,137.00184953896905,139.8045203384501,134.85746151474785,138.94676208496094,184905200
2024-12-12,136.72258646567687,138.07904108019704,135.44592508954074,136.98190307617188,159211400
2024-12-13,138.57773734651352,139.2360201486468,132.19441524956173,133.89996337890625,231514900
2024-12-16,133.8301313094174,134.04955889819416,130.07994062496547,131.65582275390625,237951100
2024-12-17,128.75342001528475,131.24690176576593,126.5292385551769,130.05003356933594,259410300
2024-12-18,133.51095751271384,136.34354849340636,127.94550566757769,128.57386779785156,277444500
2024-12-19,131.41644980197495,133.68053537391728,129.212220572867,130.33926391601562,209719200
2024-12-20,129.4715360054975,134.92727495716574,127.88568536239204,134.34878540039062,306528600
2024-12-23,135.92467137837366,139.42551415908295,134.76769223262775,139.3058319091797,176053500
2024-12-24,139.63497303105362,141.53001300601622,138.28848684636677,139.85440063476562,105157000
2024-12-26,139.33575896662117,140.48276971800976,137.37089410442982,139.56515502929688,116205600
2024-12-27,138.1887488761999,138.65752461945982,134.35876491420703,136.6527557373047,170582600
2024-12-30,134.4784624698932,139.90428131004603,133.67057680049638,137.13153076171875,167734700
2024-12-31,137.67010377599792,137.71000800391963,133.48105776544256,133.93984985351562,155659200
2025-01-02,135.64539681236818,138.51789243847597,134.27897378808947,137.94937133789062,198247200
2025-01-03,139.6449446721197,144.52219430432945,139.36567593719187,144.09332275390625,229322500
2025-01-06,148.20255341856054,151.76325208073058,147.43457212276107,149.0403594970703,265377400
2025-01-07,152.63098706400407,152.73073241075815,139.6449312609891,139.77459716796875,351782200
2025-01-08,142.20825109505992,143.57467420574872,137.20133554653654,139.74468994140625,227349900
2025-01-10,137.09161147098868,139.55517244006612,133.870037595658,135.55563354492188,207602500
2025-01-13,129.6510717959939,133.1419459563911,129.17231238202828,132.8826141357422,204808900
2025-01-14,135.6952813829554,136.02442280388445,129.71092511662002,131.4164581298828,195590500
2025-01-15,133.30152233922777,136.094224818832,130.9476750631476,135.88478088378906,185217300
2025-01-16,138.2785134363621,138.38822723428095,133.14194748607855,133.22174072265625,209235600
2025-01-17,136.33360735729912,138.13888566634566,135.10681862678206,137.3509521484375,201188800
2025-01-21,138.79715528751996,141.46019165371834,136.7325453387914,140.46279907226562,197749000
2025-01-22,144.2828338584672,147.40466270866227,143.2954095914058,146.68655395507812,237651400
2025-01-23,144.67181084027297,146.8461195709751,143.34527675360425,146.83615112304688,155915500
2025-01-24,147.98314630855361,148.58158800111045,141.51007758845265,142.24813842773438,234657600
2025-01-27,124.47460659166907,128.06521102414737,116.39571998533557,118.11123657226562,818830900
2025-01-28,121.49239920882492,128.66365497133788,115.94689837533355,128.6536865234375,579666400
2025-01-29,126.17016667976266,126.55914919357254,119.73698731182846,123.3774642944336,467120600
2025-01-30,122.77904281152207,124.67409050916186,117.7920791911556,124.32500457763672,392925500
2025-01-31,123.45726093608867,127.51664871512425,118.8792323275003,119.7569351196289,388161100
2025-02-03,114.45081126895413,118.26085104341853,112.71535011762803,116.3558349609375,371235700
2025-02-04,116.65504874608332,120.88399164410859,116.39572451460701,118.34064483642578,256550000
2025-02-05,121.44252170959459,124.6740715125392,120.44512913749428,124.5045166015625,262230800
2025-02-06,127.08775801782105,128.43424405982125,124.8835213759819,128.34446716308594,251483600
2025-02-07,128.88307105233656,130.03006643749526,124.67407312607986,129.50144958496094,228186300
2025-02-10,129.7508034170435,134.64800487659767,129.621152724233,133.22174072265625,216989100
2025-02-11,132.23432300379022,134.12936300336048,130.67839286199495,132.45375061035156,178902400
2025-02-12,129.68099034166102,131.89520313508,128.74343886096966,130.79806518554688,160278600
2025-02-13,131.2169852346524,136.14410776005724,130.8280026783839,134.937255859375,197430000
2025-02-14,136.12414513567924,138.8869270481558,135.1467045962306,138.48797607421875,195479600
2025-02-18,140.90166414837108,143.06600437599374,137.57036112568994,139.03652954101562,219176600
2025-02-19,139.1462426003846,140.99142508356047,136.86222013681927,138.86697387695312,167536000
2025-02-20,139.6648967001902,140.29325896288867,136.43333891646114,139.74468994140625,143903600
2025-02-21,139.67487215272783,141.09118323158302,133.68054728393315,134.07949829101562,228217600
2025-02-24,136.20393197137406,138.22863774598196,129.74083213959625,129.9403076171875,251381100
2025-02-25,129.64109140603463,129.86051900489684,124.11554286315072,126.2998275756836,271428700
2025-02-26,129.6510837247691,133.38132271635274,128.1549946612343,130.93771362304688,322553800
2025-02-27,134.64800202891726,134.65797047615226,119.69708897132982,119.83672332763672,443175800
2025-02-28,117.71228788508736,124.76385425600982,116.09651651556653,124.59429931640625,389091100
2025-03-03,123.18796891235903,123.37746834229016,111.98724605192426,113.76260375976562,411381400
2025-03-04,110.36150296756519,118.9989197292815,109.82291000037466,115.68757629394531,398163300
2025-03-05,117.2734398915339,117.9716117639233,114.21144449205002,116.99417114257812,284337900
2025-03-06,113.2339891683523,115.04924353236196,109.93262184934352,110.28170776367188,321181900
2025-03-07,110.95993136050063,113.18412029909872,107.27955007853643,112.39617919921875,341755500
2025-03-10,109.61344966651625,111.5583622176382,105.18502403072868,106.70106506347656,366487400
2025-03-11,106.71103594468934,111.94734728122161,104.49682307629253,108.47642517089844,354865700
2025-03-12,113.83292501602207,116.46628328215824,112.59603885298675,115.44884490966797,323857500
2025-03-13,116.73560262668995,117.46376961532557,113.50375517662202,115.28925323486328,299033100
2025-03-14,118.31162236591584,121.57339292473429,117.85278046649132,121.36392211914062,277593500
2025-03-17,122.43123309193861,122.58085727393843,117.73308248243704,119.22930908203125,255501500
2025-03-18,117.70316797338417,118.72059878873276,114.25187260535502,115.13963317871094,299686900
2025-03-19,116.97498651717953,120.14698705841565,115.3889900516623,117.22435760498047,273426200
2025-03-20,116.25680439544837,119.89761619602571,116.17700382075364,118.23181915283203,248829700
2025-03-21,116.64582513098318,117.6931791575635,115.1296446207881,117.4039077758789,266498500
2025-03-24,119.57842622721644,121.91254366285413,119.03978374206928,121.10458374023438,228452500
2025-03-25,120.24674348347415,120.98487978418257,118.62083909476823,120.38639068603516,167447200
2025-03-26,118.4313220614094,118.5410383402261,112.42646191953317,113.47382354736328,293463300
2025-03-27,111.0698805170997,114.16208047077859,110.38162149260253,111.1496810913086,236902100
2025-03-28,111.20953292547101,112.58606625933987,108.79562251910656,109.39411163330078,229872500
2025-03-31,104.86552901006266,110.68086470981991,103.38925640513808,108.10735321044922,299212700
2025-04-01,108.24699756669231,109.92277156753886,106.20215922942107,109.8729019165039,222614000
2025-04-02,107.0200962834212,111.69830029652357,106.5213541109438,110.14221954345703,220601200
2025-04-03,103.24961996040646,105.36428217323731,101.34442096353821,101.5439224243164,338769400
2025-04-04,98.66119636165205,99.87812106911886,91.87829866162578,94.07276153564453,532273800
2025-04-07,87.23998007579976,101.49403230771996,86.40209687721266,97.39437103271484,611041300
2025-04-08,103.54885717389794,105.58372634261488,94.2223791915971,96.05775451660156,476243400
2025-04-09,98.6412345329499,114.8104562069238,97.28465510127192,114.04239654541016,612918300
2025-04-10,109.09487535601897,110.58112503277279,98.90058321638736,107.29940032958984,437812400
2025-04-11,108.2270675758849,111.26939832601622,107.2096367407114,110.65095520019531,313417300
2025-04-14,113.82295197096049,114.00249947758738,108.7956293956101,110.43150329589844,264705000
2025-04-15,110.69084593782598,113.33418114021705,110.22202704858428,111.9177474975586,228966900
2025-04-16,104.2869965726397,106.52135948725393,100.1973044637503,104.22714233398438,397016900
2025-04-17,104.1872406628714,104.20719461222582,99.79831546993584,101.23468780517578,292517500
2025-04-21,98.52153569265882,99.18985605733366,94.80092295909544,96.66622161865234,288501100
2025-04-22,98.53150383378456,99.55891150664588,97.03527729423074,98.64122772216797,241004800
2025-04-23,104.25705857766793,104.53636058197965,101.76334775853866,102.45161437988281,247526000
2025-04-24,103.21968611105362,106.2719858525715,102.85061415392688,106.16226196289062,220815000
2025-04-25,106.5812047250048,111.63845023877658,105.46402708737592,110.73074340820312,251064700
2025-04-28,109.41407373912219,110.0923634818257,105.75329995750923,108.45648956298828,207708500
2025-04-29,107.39914795371472,109.9227823722281,107.16973079396023,108.7457504272461,170444300
2025-04-30,104.20719367744803,108.64599609375,103.81817538074749,108.64599609375,235044600
2025-05-01,112.79553450528941,114.6508560442669,111.02001354244473,111.32923126220703,236121500
2025-05-02,113.8927727544179,115.10970497913567,113.08481279973248,114.21196746826172,190194800
2025-05-05,112.62595414763081,114.38152100794352,112.37658307665673,113.53366088867188,133163200
2025-05-06,111.19955636031543,114.45134979394626,110.54121305019045,113.2543716430664,158525600
2025-05-07,112.7656187028628,117.38396890879066,111.99755142427854,116.7655258178711,206758800
2025-05-08,117.95252869863282,118.38144728921775,115.55856464909375,117.07474517822266,198428100
2025-05-09,117.05479580716789,117.9325869721132,114.92017974547274,116.35655975341797,132972200
2025-05-12,121.66316698651148,122.6905746459961,119.97741600529791,122.6905746459961,225023300
2025-05-13,124.66561195964681,130.88991289915035,124.15689275092413,129.6031494140625,330430100
2025-05-14,132.86491109788813,135.09928149974084,131.34873063875938,134.99952697753906,281180800
2025-05-15,133.9521641466833,135.9571173935552,132.32627503661865,134.49081420898438,226632600
2025-05-16,135.87733175434735,136.0070096021913,133.1242801768634,135.05938720703125,226542500
2025-05-19,132.05696494191162,135.5282065455698,132.05696494191162,135.22897338867188,193154600
2025-05-20,133.95217650431997,134.24145551049554,132.286379343903,134.04196166992188,161514200
2025-05-21,132.72528507307794,137.05436414816955,130.26149714159004,131.4684600830078,270608700
2025-05-22,131.89735290411087,133.9122755767364,131.21907084385478,132.495849609375,187344000
2025-05-23,129.67296865108418,132.3462194682512,128.8350854296202,130.959716796875,198821300
2025-05-27,133.81252390577552,135.31873506532702,132.9746406768617,135.1591339111328,192953600
2025-05-28,135.68778777349254,136.9047198340945,134.4509017652276,134.47085571289062,304021100
2025-05-29,141.89214330786072,143.12902933343943,137.56306504893934,138.83984375,369241900
2025-05-30,138.37103486307464,139.26876471984463,132.58562239610197,134.79006958007812,333170900
2025-06-02,135.14916370580715,137.7725372671851,135.05937854437917,137.03440856933594,197663100
2025-06-03,138.43088175862894,141.64278269656361,137.60296789247522,140.86474609375,225578800
2025-06-04,141.83229805086768,142.03179187100486,139.1889554677409,141.56297302246094,167120800
2025-06-05,141.8123566062966,143.63775490128222,138.48076233301106,139.63784790039062,231397900
2025-06-06,142.1515008770834,142.9095987862069,141.15401644541944,141.36349487304688,153986200
2025-06-09,142.8297985646697,144.63524295526028,141.58294302195193,142.27120971679688,185114500
2025-06-10,142.33106034435926,143.92702635161132,141.17397471532814,143.59786987304688,155881900
2025-06-11,144.25625056305435,144.6353258646159,141.52294776727436,142.48060607910156,167694000
2025-06-12,141.62270753548705,144.64529418945312,141.5030059559913,144.64529418945312,162365000
2025-06-13,142.13145812905782,143.2287733742275,140.50545582034982,141.62271118164062,180820600
2025-06-16,142.99931091676874,145.82237413621124,142.84966874779792,144.33602905273438,183133700
2025-06-17,144.13653073401778,144.8647406282524,143.42826095310537,143.76742553710938,139108000
2025-06-18,143.65770976302605,145.29369730081095,142.76988753620614,145.12411499023438,161494100
2025-06-20,145.09416929186932,145.84233449814036,142.30101614416546,143.4980926513672,242956200
2025-06-23,142.15140884759998,144.4258301714446,141.6825573691225,143.81732177734375,154308900
2025-06-24,145.20390562225958,147.59804349475166,145.1440548392029,147.53817749023438,187566100
2025-06-25,148.90483162044157,154.0721520137232,148.8948463426075,153.9324951171875,269146500
2025-06-26,155.59842060814296,156.33661581991106,153.6232685600938,154.64077758789062,198145700
2025-06-27,155.65826650868465,158.32174817747665,154.880175871103,157.3640899658203,263234500
2025-06-30,158.01248577811177,158.27185945851633,155.57846775508057,157.60350036621094,194580300
2025-07-01,155.90764810734902,156.81542555199195,151.1194029227986,152.9249725341797,213143600
2025-07-02,152.6057523429847,157.21446053326332,152.59578228626097,156.8653106689453,171224100
2025-07-03,157.98255188610304,160.5861672776582,157.38402888502534,158.95018005371094,143716100
2025-07-07,157.81297934590498,158.92026447090194,156.95508262544374,157.85289001464844,140139000
2025-07-08,158.94022243433284,159.82804456030718,158.0025195823342,159.60858154296875,138133000
2025-07-09,160.82559421950873,164.01776272716893,160.76574343834326,162.48153686523438,183656400
2025-07-10,163.91802564623063,164.0975779997467,161.214648514871,163.6985626220703,167704100
2025-07-11,163.319494380175,167.4792915182188,163.07010595303956,164.5165557861328,193633300
2025-07-14,164.96544774793,165.08516454052796,161.62365204151925,163.66864013671875,136975800
2025-07-15,170.77121644956358,171.97824787505814,168.78607915204378,170.28240966796875,230627400
2025-07-16,170.64152069930245,171.32983513615645,168.48680121561864,170.9507598876953,158831500
2025-07-17,171.59918390717252,173.7339481189201,170.4120926228971,172.5767822265625,160841100
2025-07-18,173.21522225123383,173.8237306114437,170.841039596405,171.9882354736328,146456400
2025-07-21,172.32738268326037,172.95584631586675,170.58166390065136,170.9607391357422,123126100
2025-07-22,170.9208374301641,170.97071815657463,164.17738028748298,166.6213836669922,193114300
2025-07-23,169.1152710575868,170.84103463039327,167.55908978070133,170.36221313476562,154082200
2025-07-24,172.01816431437092,173.40476336343244,170.88095369299285,173.3149871826172,128984600
2025-07-25,173.18529303585547,174.29257821699642,172.53688923976992,173.0755615234375,122316800
2025-07-28,173.59430945229414,176.56701539294556,173.54442872003753,176.317626953125,140023500
2025-07-29,177.52464594674228,178.94117023690123,174.59183591750704,175.08062744140625,154077500
2025-07-30,176.07819353379378,179.4499298230835,175.60934208925488,178.83145141601562,174312200
2025-07-31,182.45256948733228,182.85160010862035,175.49961883405416,177.43487548828125,221685400
2025-08-01,173.6641186818972,176.1081221843386,170.47194991004753,173.29502868652344,204529000
2025-08-04,174.7315057215643,179.75916955634796,174.09307197712414,179.55966186523438,148174600
2025-08-05,179.180556437907,179.81899007488775,175.46965616625067,177.82388305664062,156407600
2025-08-06,175.89862689332494,179.45988530544022,175.81882077930385,178.98106384277344,137192300
2025-08-07,181.12583532286254,183.43018196887525,178.3626072705472,180.32778930664062,151878400
2025-08-08,181.10587113034643,182.85159004607542,179.95867528141937,182.2530517578125,123396700
2025-08-11,181.6046539661726,183.39026839012567,179.80905426349312,181.6146240234375,138323200
2025-08-12,182.51243687865426,184.02870758664506,179.02099882862018,182.71194458007812,145485700
2025-08-13,182.17326161923742,183.51996527523906,178.9112718042809,181.14578247070312,179871700
2025-08-14,179.3102712094187,182.57227595462552,179.02098734413144,181.57472229003906,129554000
2025-08-15,181.43506987144983,181.45500998578265,177.6044521364236,180.00856018066406,156602200
2025-08-18,180.15820389652,182.49247589603021,180.14821861780752,181.5647430419922,132008000
2025-08-19,181.98370991508045,182.0535459787435,175.06070018553257,175.2103271484375,185229200
2025-08-20,174.74148365399904,175.5694550698242,168.38707131580557,174.97091674804688,215142700
2025-08-21,174.42225404103465,176.46722675550242,173.38478976711397,174.5519256591797,140040900
2025-08-22,172.1877223514448,178.15308843889832,170.78116816439123,177.5545654296875,172789400
2025-08-25,177.91369740024777,181.46498591558236,176.13805314258047,179.3701171875,163012800
2025-08-26,179.61950918930867,181.94381103857447,178.37256711704984,181.32533264160156,168688200
2025-08-27,181.53482178191953,182.0435839210746,178.66187741767394,181.15576171875,235518900
2025-08-28,180.37766708382995,184.01873199506826,175.97845161993425,179.729248046875,281787800
2025-08-29,177.674269227683,177.71416467354967,172.72639675993378,173.75387573242188,243257900
2025-09-02,169.58412249632292,171.9583050821389,166.81092453439402,170.36221313476562,231164900
2025-09-03,170.64153226145447,171.9882358353705,168.46687251736884,170.20260620117188,164424900
2025-09-04,170.15272152001435,171.43955894132503,168.9955557135668,171.24005126953125,141670100
2025-09-05,167.61894341349083,168.61649709218636,163.66863936987482,166.61141967773438,224441400
2025-09-08,167.140134281122,170.54179623040895,166.94062657490792,167.8982696533203,163769100
2025-09-09,168.67635699060992,170.56173293634785,166.33211485189898,170.34226989746094,157548400
2025-09-10,176.20789518840485,178.851406558282,175.04075911822534,176.89620971679688,226852000
2025-09-11,179.25053151190707,179.84910351407555,176.05818301908454,176.7465362548828,151159300
2025-09-12,177.3451207317183,178.1731387966239,176.02826832324598,177.39500427246094,124911000
2025-09-15,175.2501343169162,178.4225418052247,174.0929031464731,177.32516479492188,147061600
2025-09-16,176.5769489507663,177.0757538913052,173.96321593348455,174.46202087402344,140737800
2025-09-17,172.22736966160153,172.78602876073558,168.00748411706098,169.8829803466797,211843800
2025-09-18,173.56417834624654,176.67673180432445,172.54662713675344,175.81878662109375,191763300
2025-09-19,175.34989886544702,177.65437533147113,174.76129744715922,176.24774169921875,237182100
2025-09-22,174.88102184557565,184.10891359634738,174.2924356467209,183.17115783691406,269637000
2025-09-23,181.53508786527138,181.98400930831284,175.78885990523673,178.0035400390625,192559600
2025-09-24,179.34033838980653,179.35030900890538,174.98077271717747,176.54702758789062,143564100
2025-09-25,174.06295512355928,179.82913859886173,172.7161910154847,177.26528930664062,191586700
2025-09-26,177.7441731762758,179.34035527690486,174.5119112725463,177.76412963867188,148573700
2025-09-29,179.99874009736317,183.56021461148362,179.8890176259668,181.4153594970703,193063500
2025-09-30,181.6448190078555,186.90222763381766,181.04624695721463,186.13406372070312,236981000
2025-10-01,184.7972757932568,187.69033860903804,183.46046686832446,186.79249572753906,173844900
2025-10-02,189.14686265639136,190.59339411626704,187.6105347272827,188.4385528564453,136805800
2025-10-03,188.7378093314507,189.90501102540352,184.93691825112066,187.1715545654297,137596900
2025-10-06,185.0566446584491,186.78250559975277,182.8918329061041,185.09654235839844,157678100
2025-10-07,185.78489078203316,188.6081286768816,183.56022492696124,184.5977325439453,140088000
2025-10-08,186.12409742063042,189.14685437964263,186.0941551173159,188.65802001953125,130168900
2025-10-09,191.77054228398893,194.83321191134357,190.60334055524348,192.1097412109375,182997200
2025-10-10,193.04749823427522,195.15245586263575,181.61489659616785,182.7222442626953,268774400
2025-10-13,187.52074924115996,189.6556339904095,185.51555866051012,187.8699188232422,153482800
2025-10-14,184.32839277968645,184.35831986008523,179.2705030798172,179.59971618652344,205641400
2025-10-15,184.35831474003746,184.42813951825556,176.86625456034105,179.4001922607422,214450500
2025-10-16,181.79443681084305,182.84193018690272,179.34032512988762,181.3754425048828,179723300
2025-10-17,179.74934657743225,183.65999082680747,179.3203816221287,182.78208923339844,173135200
2025-10-20,182.69231029505525,184.75735492260156,181.2956472677441,182.20347595214844,128544700
2025-10-21,182.35311411361405,182.35311411361405,179.37027013728058,180.72702026367188,124240200
2025-10-22,180.7070509305708,183.00155667206866,176.33751483638122,179.84910583496094,162249600
2025-10-23,179.98879302554099,182.59255571493648,179.3602938591047,181.72463989257812,111363700
2025-10-24,183.40059008116805,187.0219186862977,183.06140638753934,185.81480407714844,131296700
2025-10-27,189.5359184602369,191.54110896467577,187.9796341631504,191.03233337402344,153452700
2025-10-28,192.58860677151606,202.6644582837766,191.45133202040452,200.54953002929688,297986200
2025-10-29,207.48290651547202,211.68285096872194,204.29055782184227,206.54515075683594,308829600
2025-10-30,204.65966800141675,205.66726375798942,200.9286166610889,202.4050750732422,178864400
2025-10-31,205.95656932325562,207.4729406961805,201.5870481318289,202.00604248046875,179802200
2025-11-03,207.58267267525224,210.83487551397138,205.06869143040765,206.3855438232422,180267300
2025-11-04,202.51481474882632,203.4824975937368,197.4569251230167,198.21511840820312,188919300
2025-11-05,198.29492759193732,202.43500266122365,194.18476438007542,194.74343872070312,171350300
2025-11-06,195.95054108781363,197.1476699621838,185.9345440647224,187.63047790527344,223029800
2025-11-07,184.45805485831954,187.86989393508227,178.48238160939712,187.70028686523438,264942300
2025-11-10,194.64369382605648,199.46215210416702,193.32684127795724,198.57427978515625,198897100
2025-11-11,194.69355355890158,194.9529266552934,190.84277869998112,192.69833374023438,176483300
2025-11-12,195.25221648764446,195.4218083488666,190.673190567689,193.33680725097656,154935300
2025-11-13,190.59337913278358,190.9824463944715,183.41059072037282,186.41339111328125,207423100
2025-11-14,182.42294356130517,190.55345800755302,180.14839424900484,189.71546936035156,186591900
2025-11-17,185.52552307898492,188.54828000089623,183.87947275520656,186.15402221679688,173628900
2025-11-18,182.9416897271721,184.358293814419,179.22059421855408,180.926513671875,213598900
2025-11-19,184.34831228056447,187.41098174033533,182.39300555425,186.07418823242188,247246400
2025-11-20,195.4816571057099,195.53154064523628,179.42014682895694,180.208251953125,343504800
2025-11-21,180.80681345200097,184.11887021564362,172.51666286870193,178.45245361328125,346926200
2025-11-24,179.0610093294625,183.06141961318156,176.0581937395723,182.1136932373047,256618300
2025-11-25,174.49195573568102,177.73418799379976,169.1447659257062,177.39500427246094,320600300
2025-11-26,181.1958831941039,182.4728225932506,177.81398638784032,179.8291473388672,183852000
2025-11-28,178.58215589898685,178.86148547381688,176.0781603452176,176.57696533203125,121332800
2025-12-01,174.3423041351479,179.8690716163194,173.2648835948944,179.48997497558594,188131000
2025-12-02,181.32557695606172,185.2162648499111,179.56978894419797,181.02630615234375,182632200
2025-12-03,180.6472109015755,182.01393165685582,178.68191808959097,179.1607666015625,165138000
2025-12-04,181.19598816136636,184.08922700452197,179.53987513877786,182.95188903808594,167364900
2025-12-05,183.46070200471706,184.22890867632069,180.48766317737477,181.98416137695312,143971100
2025-12-08,182.21361127014939,187.5610985176648,181.97416608957425,185.1168212890625,204378100
2025-12-09,185.12681175320978,185.28644189022677,182.89205072764324,184.53819274902344,144719700
2025-12-10,184.53817644999398,185.04698034073257,181.61500881382975,183.3509521484375,162785400
2025-12-11,179.85912243695617,180.89670300875093,176.20766331092784,180.50759887695312,182136600
2025-12-12,180.6871989054384,182.39321360477518,174.21234434473615,174.61141967773438,204274900
2025-12-15,177.52459033283526,178.0034654802094,174.6213802569945,175.87843322753906,164775600
2025-12-16,175.84850127733236,178.0733061224419,174.4916756985292,177.3050994873047,148588100
2025-12-17,175.68889685369163,175.71882560019336,169.91240520818417,170.5409393310547,222775500
2025-12-18,174.1225483861358,175.7387615308714,171.41888356310693,173.73345947265625,176096000
2025-12-19,176.2575523358494,181.0263919449467,175.92832091222974,180.56747436523438,324925900
2025-12-22,183.49062822521734,183.73007341419415,181.9243013805983,183.26116943359375,129064400
2025-12-23,182.54285710968043,188.88801027625055,182.47301321780614,188.76829528808594,174873600
2025-12-24,187.50124372172942,188.4689804086018,186.154389299292,188.169677734375,65528500
2025-12-26,189.47662851874142,192.240166195598,187.5611125998212,190.085205078125,139740300
2025-12-29,187.2717899684254,188.31932652162573,185.47598909796272,187.7805938720703,120006100
2025-12-30,187.80056616478433,188.5488153175326,186.49361152385626,187.10218811035156,97687300
2025-12-31,189.12744593978846,190.11512498868174,186.05463453876877,186.06460571289062,120100500
2026-01-02,189.39681300359115,192.47959571470966,187.8204997023152,188.4091339111328,148240500
2026-01-05,191.31233377676458,193.1779786425506,185.7154296257417,187.6808319091797,183529700
2026-01-06,190.07524399309986,191.72138605392453,186.38388451934557,186.8029022216797,176862600
2026-01-07,188.12978540958392,190.9232365533545,186.12446806753155,188.66851806640625,153543200
2026-01-08,188.66850725549676,189.10748247384038,183.2811201033086,184.60800170898438,172457000
2026-01-09,184.64792389684447,185.9049768874807,183.2412119543349,184.42843627929688,131327500
2026-01-12,182.79226917353867,186.6831584288149,182.59273912358015,184.5082550048828,137968500
2026-01-13,184.5681140987238,187.6708543554723,182.97184323887342,185.376220703125,160128900
2026-01-14,183.88970125566945,184.02937380837906,180.37791464347094,182.7124481201172,159586100
2026-01-15,186.06460797964908,189.25713440169068,185.895006678512,186.6133270263672,206188600
2026-01-16,188.63859508159712,189.99542077422674,185.64559857342888,185.7952423095703,187967200
2026-01-20,181.47532662721457,181.95421697054311,177.19534884297914,177.65428161621094,223345300
2026-01-21,178.6320081827799,184.94723253133864,177.9835164834521,182.8920440673828,200381000
2026-01-22,184.31869154642928,185.7353746560278,183.5005985718231,184.40847778320312,139636600
2026-01-23,187.06227125943187,189.15737478680413,186.38386606278428,187.23187255859375,142748100
2026-01-26,186.7230595290241,188.67847518398236,185.5557928402329,186.03466796875,124799600
2026-01-27,186.80288446054914,189.55643562401056,185.2664711415707,188.07989501953125,143711600
2026-01-28,190.82345963399504,191.9009400606663,189.39679023846315,191.0728759765625,148552700
2026-01-29,190.89331059974717,193.0283141326731,185.62563804704834,192.06057739257812,171764400
2026-01-30,190.76362243793778,194.0359639826301,189.0276790286862,190.68380737304688,179489500
2026-02-02,186.7629659025267,189.8557348322644,184.44839001538193,185.1766815185547,165794100
2026-02-03,185.8052108647954,185.8351396091497,175.81857039871747,179.91897583007812,204019600
2026-02-04,179.04105715530034,179.16077214377114,171.50867959294058,173.78335571289062,207014100
2026-02-05,174.52161198787914,176.40721432559468,170.63072277473634,171.47874450683594,206312900
2026-02-06,176.27751351666032,186.56344202919422,174.19239634754115,184.97715759277344,231346200
2026-02-09,183.82983865020864,193.20790343822367,183.52056478242866,189.59634399414062,196387400
2026-02-10,190.93321971968697,192.0306425866914,187.6808205923615,188.09983825683594,136764800
2026-02-11,192.0007297023972,192.80883635229745,188.32932783046314,189.60633850097656,144192700
2026-02-12,192.57938064366328,193.15802849168205,186.07459697001164,186.50360107421875,189932500
2026-02-13,187.04230481693136,187.0622623874058,181.16605622339495,182.38320922851562,161888000
2026-02-17,181.32570855160378,186.71309627900055,178.7617008539599,184.53819274902344,162276900
2026-02-18,188.3093443160685,189.92555739322245,186.3239846890322,187.5411376953125,164749100
2026-02-19,186.62328370338446,187.99008040371612,185.22655825948098,187.46131896972656,126554500
2026-02-20,186.13444888465776,189.88566546751952,185.5059147845697,189.37686157226562,178422300
2026-02-23,190.9531547742145,193.49720463285962,189.13741163084848,191.10281372070312,171584800
2026-02-24,191.04296985904048,193.31764595479845,186.96250644177093,192.39979553222656,175123600
2026-02-25,193.9960453222018,197.16862939564908,193.33758246616242,195.10345458984375,250637100
2026-02-26,193.81648130196652,193.83642365132246,183.8897126034445,184.4583740234375,360807900
2026-02-27,180.82685580423004,182.16372380185732,175.96823012244815,176.77633666992188,311636500
2026-03-02,174.60140889187144,183.03169334881736,174.23227758067924,182.05397033691406,209095300
2026-03-03,178.07331350693755,180.4776756968921,176.50697142699124,179.62966918945312,178099400
2026-03-04,180.01876499488523,184.26881453838726,179.63964723402094,182.61268615722656,177731200
2026-03-05,180.74703993972415,183.63029235671348,177.46472744924466,182.91197204589844,198779700
2026-03-06,179.42014994688597,182.3333312190456,176.40721126414203,177.40487670898438,189021900
2026-03-09,176.4171820751478,182.48298979408452,175.1501427003192,182.2235870361328,177213600
2026-03-10,181.97417604353973,186.00475307627937,181.5850871183009,184.33865356445312,179118500
2026-03-11,185.4860219488843,187.1921136401388,184.02934488988058,185.60574340820312,145280400
2026-03-12,183.63026415055788,184.5182338343672,181.3355064165816,182.7223358154297,155762700
2026-03-13,184.49829181300376,185.66562182453413,179.52965286608148,179.8389434814453,160988400
2026-03-16,182.55272468439094,188.44925014875608,180.99628481489137,182.80215454101562,217307400
2026-03-17,184.63797319169822,184.9771941770484,181.2656763194747,181.51510620117188,182497800
2026-03-18,182.06384475172882,182.96180140975886,179.91875397930713,179.98858642578125,156683100
2026-03-19,177.6040222894031,179.56953069628346,175.3890840362079,178.15277099609375,170968500
2026-03-20,177.59406866914642,177.85347025510498,171.32839150930033,172.30615234375,241323500
2026-03-23,176.85574153065542,177.96321071223454,174.36144294367455,175.23944091796875,182836300
2026-03-24,174.4312942297872,175.81812366395545,173.58322660302642,174.80044555664062,147667800
2026-03-25,176.69612335614488,180.8067226806179,176.44669348987364,178.2725067138672,162602100
2026-03-26,175.66847416549638,176.10745794358192,170.74970926821888,170.8494873046875,186152200
2026-03-27,169.61230999497113,170.58009909933227,166.629123297364,167.13796997070312,196212700
2026-03-30,168.3950875250076,169.0635577295173,163.89537828689438,164.79331970214844,185627000
2026-03-31,166.58921042239905,174.22175778800025,166.57923870897636,174.00225830078125,226181300
2026-04-01,175.5986119754623,176.9654826629128,174.35146274268203,175.34918212890625,168132000
2026-04-02,171.78733317216196,177.0852364118599,170.97918282725632,176.98545837402344,143143200
2026-04-06,176.75597747742694,177.3845303646084,175.35916114415525,177.23487854003906,107564300
2026-04-07,175.32922705160684,177.8235255680002,173.26395579650787,177.69383239746094,132534900
2026-04-08,184.079243714486,184.83750503722598,179.8888249511496,181.66476440429688,147732700
2026-04-09,181.42531387192042,183.66021107746678,180.2080948395415,183.4906005859375,116428500
2026-04-10,183.88967366981893,189.56669990817062,183.87970195572368,188.1998291015625,160459500
2026-04-13,185.605746824658,189.2274732756209,185.3164148846483,188.87826538085938,133648200
2026-04-14,190.40477641072036,196.0618438720703,190.33494396561244,196.0618438720703,161307000
2026-04-15,196.09178511161633,199.94298301571828,195.2936216855987,198.41647338867188,185338400
2026-04-16,196.97974400923295,199.39423847906178,195.36344336942167,197.8976593017578,134012900
2026-04-17,199.44410763257105,201.2400056483541,198.8155547450397,201.2200469970703,160324400
2026-04-20,199.52392392325544,201.70893187328167,197.38880498867078,201.59918212890625,119381400
2026-04-21,201.66904795828867,202.28762917830338,198.54618104306965,199.42417907714844,107945300
2026-04-22,200.53164182940822,202.03819274902344,198.54617460274403,202.03819274902344,107501000
2026-04-23,201.99828375930824,203.3651545152774,196.77022843278436,199.18470764160156,113561800
2026-04-24,199.50398270942756,210.46890943516505,199.35431566144254,207.79502868652344,214134400
2026-04-27,209.17187844164343,216.33551207209098,206.90706623150768,216.1160125732422,187172400
2026-04-28,209.01225288404052,214.2402930542568,207.72518626919629,212.68385314941406,180275400
2026-04-29,212.2149257168926,212.23488436877426,207.10660696252424,208.77279663085938,123711800
2026-04-30,209.45122654333912,209.82039307402036,198.24684193288383,199.1148681640625,225239200
2026-05-01,200.82098460367052,202.5370634031337,196.6704677294345,197.9974365234375,128647000
2026-05-04,199.04502180842945,201.2699318245734,194.29588290907526,198.02734375,125368100
2026-05-05,198.84548202478717,199.7833407086998,195.58293528206713,196.05186462402344,113406600
2026-05-06,199.43413852494058,207.7950323152332,198.15705885791613,207.3560333251953,188362800
2026-05-07,207.86487247229027,213.7115092245668,206.02907228582575,211.01766967773438,168307900
2026-05-08,212.5441790763045,217.30330524675068,212.40449895841255,214.709228515625,136421400
2026-05-11,213.55186573785767,221.79303819063418,213.40221390900197,218.93955993652344,160685800
2026-05-12,218.05159434962442,223.23973257586303,214.42986778297353,220.27650451660156,159176600
2026-05-13,224.41703053540263,227.32039781394542,221.0647077692387,225.3149871826172,150405400
2026-05-14,229.32582552778115,236.00055597235212,228.77707677625682,235.202392578125,180782900
2026-05-15,229.23601388526635,230.97205119780003,223.72861351776262,224.80615234375,180977600
2026-05-18,229.34577348371204,229.4754818886306,217.8719993892805,221.81300354003906,146280900
2026-05-19,219.11914008419038,223.96805720569674,217.41304835521052,220.1068878173828,140948200
2026-05-20,222.6710257508039,225.61431038954527,219.9971448577806,222.9603729248047,184201600
2026-05-21,221.78305837384474,226.8814055684356,217.43300079554024,219.0093994140625,203381800
2026-05-22,220.39621757095847,220.50596731800164,214.3101381389001,214.83892822265625,169275700
2026-05-26,216.04617181279934,217.68243116855118,211.5165320236786,214.37001037597656,187202600
2026-05-27,213.63168066177133,213.66161102691768,208.30386252985457,212.1151580810547,167601200
2026-05-28,210.79817024571656,215.0285063161196,210.73830951283205,213.7613983154297,143996000
2026-05-29,214.09065053210412,217.36316924965476,210.64852132770383,210.6584930419922,289410600
2026-06-01,215.23801892090273,224.35717434911126,215.20808855445495,223.8483428955078,212850700
2026-06-02,226.66188583823322,231.75026086454594,220.84519513709748,222.3118438720703,193362900
2026-06-03,221.2143597561905,222.31185725112735,214.02079575535723,214.26025390625,160907000
2026-06-04,213.67091279390368,221.35231998810906,210.73419644348996,218.4156036376953,169022200
2026-06-05,214.2902104723603,214.62982678346356,204.10161444712602,204.87075805664062,219655500
2026-06-08,209.94507132882276,210.23475572682116,205.76975069388217,208.40679931640625,138372800
2026-06-09,210.3845825512031,211.16370951624515,199.11719156565087,207.95730590820312,180962500
2026-06-10,204.20149632565034,206.98838641050182,199.696542748819,200.19598388671875,161746600
2026-06-11,201.26479475008583,205.43013200106668,199.31696212361035,204.64100646972656,158643200
2026-06-12,204.6310298517525,206.83856645475237,203.21261880599855,204.96066284179688,112001800
2026-06-15,208.68648640498938,212.47225882321928,208.10713284720606,212.21253967285156,149936700
2026-06-16,210.94395209283806,211.25361840198772,207.05830064217733,207.1781768798828,125694100
2026-06-17,208.29691745433288,208.9761653200819,202.8530121596522,204.42124938964844,128363500
2026-06-18,207.09826842291386,211.1537281092123,206.26919428756833,210.4545135498047,241272000
2026-06-22,211.2036686200953,213.7508214450341,207.48782537372824,208.41677856445312,122041400
2026-06-23,201.94403040148535,203.54224815949766,199.77645766483005,199.81640625,153496200
2026-06-24,199.89631590195674,201.44458647582786,196.36027935647695,198.77757263183594,151810700
2026-06-25,199.85637045714446,200.5755669254449,191.9152592982058,195.52122497558594,149550000
2026-06-26,192.90414096411192,195.33143282930595,191.0062707295152,192.31480407714844,179304100
2026-06-29,193.63333194293918,195.96071419295149,189.58785574691487,194.7520751953125,148835700
2026-06-30,197.0195429632178,200.4057532237791,194.89191886651452,199.86634826660156,166476700
2026-07-01,195.98069896251877,199.62662840490702,193.23377271109229,197.35916137695312,146147600
2026-07-02,196.9196593659626,199.8363939026278,192.1350197738411,194.61224365234375,142068700
2026-07-06,194.20269428466304,197.32920075051607,193.77318221313826,195.33143615722656,108999000
2026-07-07,192.15498377986222,198.18824142626735,190.92636281467173,196.7098846435547,124154600
2026-07-08,194.9618356993413,204.93069180759116,194.84197470333905,203.891845703125,147419100
2026-07-09,204.23147485952867,204.36131918975943,198.73762239526957,202.5533447265625,132037400
2026-07-10,201.7742207048944,210.7641612313501,201.69430829342895,210.72421264648438,148421000
2026-07-13,208.3069001369788,210.33464515051216,202.77309911383117,203.30250549316406,121411000
2026-07-14,207.96729575339148,212.31243993744155,203.57221964678251,211.5632781982422,124379600
2026-07-15,211.7230919717581,213.57101502024952,205.80969553973085,212.26248168945312,124797200
2026-07-16,209.93509060438328,210.84407715298516,205.61992700554663,207.16818237304688,122986100
2026-07-17,202.41350482950477,206.41901728963356,197.74872640584337,202.58331298828125,144281900
2026-07-20,205.63989694335598,207.50781723343968,202.05391309694542,203.05279541015625,88701500
2026-07-21,207.30802440628602,208.4167843613107,203.78197113093626,207.0583038330078,108685600
2026-07-22,205.57996827489498,214.15038042761168,204.72092886821054,211.82298278808594,137645600
2026-07-23,209.22588688656515,210.63429930291466,205.72979894313582,208.5266571044922,110505300
2026-07-24,207.21812923496972,211.6731509810223,204.5810805834776,206.6088104248047,114836800
2026-07-27,207.96729627325774,208.51668459839084,195.22156333884286,196.2903594970703,154353700
2026-07-28,194.78204700134697,198.47790843456414,192.52457850774027,196.789794921875,134111500
2026-07-29,195.63110696844683,196.84974460884015,189.79762268066406,189.79762268066406,147680800
2026-07-30,193.23377181769484,197.02952748682713,191.3059363552755,194.82199096679688,129010200
2026-07-31,198.2182038580375,201.77422236802423,194.73209918257555,200.52561950683594,139961200
2026-08-03,197.46904862701152,208.50670133078404,196.62999113475112,206.40904235839844,128406900
2026-08-04,211.06382570110384,212.82185300096492,208.8163406042335,211.70310974121094,134922000
2026-08-05,216.6176127852948,221.9716224388697,216.15812022814887,218.9749755859375,158187400
2026-08-06,221.28239358061882,223.38005249670454,216.75745800384053,218.7452392578125,113940600
2026-08-07,221.29237770419127,224.50877992471257,220.41337164588714,223.70968627929688,105669400
2026-08-10,223.15029107269072,223.88946943306019,216.5277120448001,217.3068389892578,115846600
2026-08-11,221.92167541427946,221.9516406634887,215.95834695389817,217.25689697265625,101273100
2026-08-12,220.7929293559802,224.84840415873398,219.95387191061064,223.8395233154297,108783600
2026-08-13,224.80845001468583,226.97602279610956,223.45996804263754,225.04818725585938,98867200
2026-08-14,226.51654155338588,227.23573802273873,224.24907448357243,224.90834045410156,75680900
2026-08-17,225.72741618855906,227.66525027466162,224.60867289832842,224.7584991455078,93678700
2026-08-18,220.20359791537197,221.39227027986857,218.44557057093272,219.49440002441406,103128200
2026-08-19,221.4222404106533,222.62089613745684,216.51772459764655,217.31683349609375,96797300
2026-08-20,218.1159423024499,219.6142657707553,215.41896310784705,216.60763549804688,92457000
2026-08-21,218.17587248780362,218.49552214328025,214.26025565862156,214.48001098632812,98869300
2026-08-24,215.28910206110334,215.34903256074918,207.01835779182306,208.24697875976562,135187300
2026-08-25,210.79412790131315,214.48998931653267,209.87515802586688,212.81187438964844,122309000
2026-08-26,212.40232405945306,213.3612577394914,208.99613188036045,209.4256591796875,179900000
2026-08-27,222.61090164325523,230.21239627098788,220.6530857022795,227.7251739501953,298909800
2026-08-28,227.10587153371227,229.00374173344596,216.56766062888835,217.3068389892578,195116400
2026-08-31,218.62536478578363,221.05265670783686,215.96834944345454,220.53323364257812,124702700
2026-09-01,216.50774446342592,220.1636574397174,214.8595947199138,217.1969757080078,109756200
2026-09-02,218.5454508199983,227.6952163087265,218.23579974693772,224.1591796875,157104700
2026-09-03,225.76737972053164,230.14247379152744,224.49879494304554,228.1946563720703,134681600
2026-09-04,230.83170360414334,234.49759976142684,229.37334400327853,230.10252380371094,135352400
2026-09-08,232.84944771666764,233.44878317831424,224.59868561283858,225.47769165039062,122965600
2026-09-09,225.0281992525124,225.92718720955042,223.21024142511232,223.4199981689453,82955500
2026-09-10,220.52999877929688,220.99000549316406,217.1999969482422,218.36000061035156,105768000
2026-09-11,221.24000549316406,222.0,218.14999389648438,218.2899932861328,89060100
2026-09-14,211.24000549316406,212.77000427246094,208.92999267578125,210.9600067138672,132267200
2026-09-15,213.3800048828125,213.94000244140625,211.16000366210938,212.1699981689453,88059700
2026-09-16,214.13999938964844,216.75999450683594,212.5,213.89999389648438,96079300
