Date,Open,High,Low,Close,Volume
2010-01-04,36.81106341206397,37.00958798473407,36.480191419149996,36.84114456176758,6585900
2010-01-05,36.69676917050029,37.35851327038101,36.636611450463825,37.28632354736328,8886000
2010-01-06,37.29233388546974,37.58109501967322,36.8351270351621,36.913333892822266,9998000
2010-01-07,36.90733506946831,36.925384227040205,36.41403426675509,36.678733825683594,10792000
2010-01-08,36.55237442426023,36.5884704203611,36.257598488144964,36.55839157104492,8674700
2010-01-11,36.50426056941699,36.582467438911294,36.155339378496144,36.516292572021484,6461200
2010-01-12,36.408011809095406,37.105851991244826,36.39597980484988,37.027645111083984,9081800
2010-01-13,36.94342285423968,37.50289842196562,36.94342285423968,37.32843780517578,7380100
2010-01-14,37.31038452049009,37.851810841417254,37.153970789317775,37.77962112426758,7211600
2010-01-15,37.665323926869185,37.845799383370476,37.19007013201551,37.472816467285156,8361200
2010-01-19,37.43671956366024,37.545005293948016,37.28030811706117,37.49687957763672,5615800
2010-01-20,37.35249793952353,37.388593948006594,36.96146587966829,37.26827621459961,5606000
2010-01-21,37.304376206485756,37.394615095445545,36.54036340473937,36.66067886352539,7121500
2010-01-22,36.546351920133795,36.84113008939641,36.281654888757956,36.32978057861328,7229000
2010-01-25,36.516293542236795,36.516293542236795,36.143310631066875,36.23354721069336,4903800
2010-01-26,36.155336087287495,36.41401838256178,35.98689265589759,36.245574951171875,5001700
2010-01-27,36.12523734427703,36.32977666759725,35.85452319651964,36.26961898803711,6145900
2010-01-28,36.27565718836679,36.395974919802924,35.79438855749213,35.93877029418945,9285900
2010-01-29,35.99892304956086,36.31174819021991,35.56578019405301,35.866573333740234,8127200
2010-02-01,36.053070798662695,36.5463714310978,35.80642048244514,36.516292572021484,7303200
2010-02-02,36.504260058103206,36.86521095170287,36.299720606431435,36.78700637817383,6296700
2010-02-03,36.6486424583585,36.937405950410586,36.43207328162444,36.87123107910156,4863000
2010-02-04,36.59449791200536,36.65465562764363,35.866576701511676,35.87860870361328,6920300
2010-02-05,35.8004035949707,35.968849337793074,35.46351669906568,35.8004035949707,7347800
2010-02-08,35.85455078071156,35.89064679313863,35.34320322644719,35.46953582763672,7047700
2010-02-09,35.668054788967346,36.383941710216085,35.668054788967346,36.12525939941406,7940200
2010-02-10,36.07113157087046,36.49825750119495,35.800417145006094,36.32379913330078,10917200
2010-02-11,36.618554442470526,37.117872132156,36.39596817224503,36.81106185913086,14391100
2010-02-12,36.73287516681564,36.82912892196654,36.38997102066114,36.648651123046875,8566800
2010-02-16,36.71481688348237,36.967484362239844,36.39597682909006,36.883262634277344,6930800
2010-02-17,36.98551728401529,37.41866005875674,36.84715274094379,37.36451721191406,6703500
2010-02-18,37.2803195711913,37.7315094877255,37.2803195711913,37.61720657348633,6942900
2010-02-19,37.49085320120547,37.85180401674422,37.286313793768365,37.69539260864258,6416500
2010-02-22,37.71344541818546,37.821731138925784,37.35850939906319,37.54500198364258,4709500
2010-02-23,37.43071132886839,37.58712280312695,37.11788608548098,37.166011810302734,5159400
2010-02-24,37.28632131194257,37.394607037412094,37.04568815135345,37.34648132324219,6888100
2010-02-25,37.00357843830908,37.502896251631476,36.70880238756332,37.47883224487305,8074100
2010-02-26,37.59914732022255,37.653290184158465,37.24421127772486,37.58110046386719,14785800
2010-03-01,37.689386118414085,38.24886161304012,37.58110039075293,38.15862274169922,9016500
2010-03-02,38.26690593853261,38.50152423465841,38.15260306974437,38.38120651245117,9527200
2010-03-03,38.66596385165705,38.93859885349487,38.65384638094873,38.762901306152344,8486300
2010-03-04,39.03553060036542,39.077940583546926,38.750775875143226,38.84165573120117,7830600
2010-03-05,38.956769857631485,39.06582475856815,38.720482698154925,38.99917984008789,8448600
2010-03-08,38.938590689594754,39.05370548160307,38.65383827675006,38.86589050292969,5086300
2010-03-09,38.70230599977152,39.168818098050245,38.653836129792666,38.99311828613281,7655400
2010-03-10,38.95678524269516,39.132480509157375,38.781085353889715,39.035545349121094,6450000
2010-03-11,38.89619067578302,39.38088028203747,38.71443554019459,39.36270523071289,7536900
2010-03-12,39.33241995775191,39.53235481560714,39.187014889468,39.44147491455078,6896400
2010-03-15,39.798918966701635,40.14425875696254,39.623219126415634,40.077613830566406,10468000
2010-03-16,40.13819920191013,40.168494031376675,39.88373927482237,40.029144287109375,7474500
2010-03-17,40.07762845265835,40.338148362980995,39.99886371690317,40.332088470458984,6922300
2010-03-18,40.33207171366612,40.42901146436806,40.08367169159042,40.30177688598633,6961900
2010-03-19,40.326011657714844,40.58047619108942,40.14425655940924,40.326011657714844,10947400
2010-03-22,40.24725009814108,40.32601017561133,40.07761016368729,40.17454528808594,6763000
2010-03-23,40.22303095717259,40.59260579765513,40.13215106450021,40.50778579711914,6412800
2010-03-24,40.36236640781293,40.59259138145578,40.13819670181262,40.144256591796875,7661200
2010-03-25,40.210914234740116,40.59260422233947,40.19879445093768,40.319969177246094,6246600
2010-03-26,40.374483519231134,40.47747854223901,40.19272378964151,40.34418869018555,5313400
2010-03-29,40.35631928396703,40.51384411699638,40.16850423611796,40.319969177246094,6825600
2010-03-30,40.30177835637364,40.59259299674794,40.204843224476804,40.453243255615234,5733800
2010-03-31,40.39873189268334,40.41690694721806,40.02309715037289,40.08368682861328,8123900
2010-04-01,40.18061374795047,40.39872360229492,40.13820375529141,40.39872360229492,5074100
2010-04-05,40.39870143953463,40.39870143953463,39.88372191909494,39.97460174560547,6732600
2010-04-06,39.85950380915392,40.368423656606375,39.85950380915392,40.223018646240234,6734700
2010-04-07,40.22301567656758,40.301775755046464,39.83526592932422,39.98067092895508,8204200
2010-04-08,39.83527701513389,40.10185677392862,39.75651691473676,39.96856689453125,6646300
2010-04-09,39.94432939257488,40.247259236406826,39.90191939933211,40.20484924316406,4757700
2010-04-12,40.198793338990534,40.392668273378,40.14426818041736,40.18061828613281,5074000
2010-04-13,40.083673526155756,40.28966357231262,39.998848929238406,40.223018646240234,5190800
2010-04-14,40.10790766591574,40.16849732982416,39.88374254988713,40.162437438964844,5202300
2010-04-15,39.96856681627106,40.289671731094394,39.86557177233581,40.15032196044922,5968500
2010-04-16,39.9927998096039,40.38054964508573,39.96250497588018,40.07155990600586,7374400
2010-04-19,40.035217109951375,40.22303217075579,39.8049874252559,40.059452056884766,6354600
2010-04-20,40.08975049654381,40.22910031440677,39.81711537672447,39.926170349121094,6780900
2010-04-21,39.87766203137024,40.17453181712065,39.750432123191494,39.97460174560547,6534300
2010-04-22,39.83528115955483,39.85951610581599,39.07795642268117,39.23548126220703,9689700
2010-04-23,39.289997288147475,39.289997288147475,38.87801254219629,39.205177307128906,9008900
2010-04-26,39.28393139263288,39.64745082410908,39.144586283263045,39.39298629760742,8096900
2010-04-27,39.338475297900345,39.502055402996035,38.8174355226426,38.91437530517578,8615300
2010-04-28,38.94466487967506,39.27182970682661,38.53268005537421,39.22941970825195,10229300
2010-04-29,39.35058357547854,39.683808241712335,39.277883373640215,39.50204849243164,7714000
2010-04-30,39.58082800259179,39.97463785834179,39.48994809398114,39.514183044433594,8274200
2010-05-03,39.5505188071911,39.986738512355224,39.31423390395094,39.79892349243164,5807900
2010-05-04,39.56263167428382,39.97461636578141,39.411166782150026,39.64139175415039,8383100
2010-05-05,39.44146345011889,39.95644324329094,39.392993567331715,39.50204849243164,7658800
2010-05-06,39.47781908919144,40.107909090671896,37.50877281195176,39.199119567871094,14046200
2010-05-07,39.05372781476809,39.405127659071425,38.5690403667394,39.1203727722168,13221500
2010-05-10,39.865574555535204,40.28361465197029,39.78075455786181,40.23514938354492,10833800
2010-05-11,40.083684238873666,40.59260422233947,39.998859619286186,40.319969177246094,7240800
2010-05-12,40.73799517484155,40.96216487418443,40.4774753813561,40.55624008178711,13170400
2010-05-13,40.60470602650753,40.64106074361242,40.265426149139564,40.27754592895508,7800500
2010-05-14,40.23513895832947,40.35024914114994,39.847384554994115,40.029144287109375,9731800
2010-05-17,40.053393120388236,40.56837304356754,40.029158172876514,40.44114303588867,6943800
2010-05-18,40.544127151163366,40.77435677920246,40.229082163244556,40.30784225463867,7237500
2010-05-19,40.16849969927085,40.21696496197711,39.68381009346702,40.0109748840332,7867800
2010-05-20,39.52023025857606,39.52023025857606,38.69020080566406,38.69020080566406,11587400
2010-05-21,38.29638767049237,38.55690750317636,37.648118034140445,38.52055740356445,14586400
2010-05-24,38.223674448391336,38.78106636834025,37.926802288119006,38.36302185058594,6334000
2010-05-25,37.5208876603611,38.12068740922998,37.35124770087028,38.10251235961914,9156900
2010-05-26,38.205514708754094,38.205514708754094,36.98167779914268,37.0967903137207,15152900
2010-05-27,37.54512799762997,38.12675278049494,37.27249065842094,38.108577728271484,9428400
2010-05-28,38.12068740922998,38.44785216925179,38.0055749097428,38.10251235961914,7546700
2010-06-01,37.96316526514122,38.52661491991293,37.502712951833615,38.02375030517578,7180000
2010-06-02,38.219119574490534,38.74417495727539,37.74901423118965,38.74417495727539,10023900
2010-06-03,38.76860513729028,38.860185451098,38.46334052991004,38.68923568725586,6448400
2010-06-04,38.13365392296861,38.13365392296861,37.4193358647066,37.51091384887695,10309800
2010-06-07,37.468174519179726,38.194705722192246,37.41933339664044,37.687965393066406,7694100
2010-06-08,37.51091080782104,38.341230839294845,37.48649141141245,38.24965286254883,7538300
2010-06-09,38.377842032976076,38.50605252633763,38.054262503354245,38.151947021484375,7056300
2010-06-10,38.48164028143585,39.012802162860915,38.48164028143585,38.97616958618164,6567800
2010-06-11,38.76859660375517,38.80522918701172,38.42669948031158,38.80522918701172,5466100
2010-06-14,39.01280523062882,39.214280924733046,38.609856171403756,38.982276916503906,4941800
2010-06-15,39.00059040765755,39.25090718675514,38.97616869043262,39.22037887573242,6249100
2010-06-16,38.94565043182237,39.104389296281205,38.80522902340639,39.01891326904297,5960000
2010-06-17,39.0494556292826,39.41577229795367,38.92124502814618,39.3730354309082,5179300
2010-06-18,39.44627551850422,39.48290576466378,39.0921676124078,39.12269592285156,8947600
2010-06-21,39.403567983942615,39.55620033374501,38.915144930371916,39.086090087890625,5158800
2010-06-22,39.09217411430314,39.226491249849715,38.57322535620981,38.646488189697266,5978900
2010-06-23,38.597645044120476,38.597645044120476,38.042063734053784,38.298484802246094,6509700
2010-06-24,38.078694111956025,38.45722377910342,38.005431282081815,38.09701156616211,6185400
2010-06-25,38.15195925566973,38.15195925566973,37.10184860229492,37.10184860229492,22934200
2010-06-28,37.31553231023109,37.95658730272081,37.24226948139941,37.82837677001953,8532400
2010-06-29,37.52311947840961,37.71238434566875,37.17511806334044,37.38269805908203,9054500
2010-06-30,37.41323109812756,37.68796972204339,36.93701903599628,37.21175765991211,8760700
2010-07-01,37.32164363266635,37.64522330256732,36.8271142351901,37.559749603271484,10852500
2010-07-02,37.571967344492435,37.94439052732126,37.474282766126194,37.565860748291016,5987800
2010-07-06,37.69406516761304,37.78564312917059,37.21174665153261,37.63301086425781,6950100
2010-07-07,37.608595976325454,38.51218119829433,37.40712256110469,38.42060089111328,7296200
2010-07-08,38.59154918326567,39.07386779785156,38.40839089376004,39.07386779785156,6660800
2010-07-09,39.09216477726329,39.14100820724449,38.64647895910806,38.768585205078125,5020500
2010-07-12,38.615962724172554,38.92122725163637,38.49385644739033,38.915122985839844,4205300
2010-07-13,39.2264981301789,39.23260472594766,38.677020960185956,38.72586441040039,7312300
2010-07-14,38.60375347257613,38.89070288562671,38.499964646824665,38.80522918701172,5687500
2010-07-15,38.81743566393374,38.8968027585502,38.457223454037184,38.561012268066406,8124100
2010-07-16,38.49386479860875,38.7869185290738,37.999337647379484,38.12754821777344,9510200
2010-07-19,38.09091512766734,38.17028457309972,37.85280912035416,37.88333511352539,5969400
2010-07-20,37.71238971484753,39.60503166994636,37.67575712368341,39.51955795288086,11243100
2010-07-21,39.550061291425415,39.672169865879816,38.872373841592456,39.0433235168457,8690200
2010-07-22,39.35469675630747,39.598909275336446,39.073853989712376,39.202064514160156,7032800
2010-07-23,39.10440194060602,39.53177057006791,39.10440194060602,39.348609924316406,5187700
2010-07-26,39.29365804014919,39.70271146911744,39.18986919840523,39.67218780517578,4029100
2010-07-27,39.867549708048465,40.16670764492001,39.50733513845583,40.105655670166016,6032200
2010-07-28,39.99575902308381,40.10565443745001,39.684387906051725,39.80649185180664,4321400
2010-07-29,39.88587909498129,40.044613354500136,39.507349263424295,39.617244720458984,5579600
2010-07-30,39.34860043910105,39.794288752077236,39.26312673381262,39.62944793701172,5337400
2010-08-02,39.971340332950795,39.971340332950795,39.61112574711864,39.8492317199707,6479700
2010-08-03,39.751552248056825,40.24607935555802,39.68439367074585,40.15449905395508,5577200
2010-08-04,40.12396454156551,40.50859611472293,39.91028033425584,40.39870071411133,6663800
2010-08-05,40.09955372132958,40.215555747379405,39.7210239812501,40.03850173950195,5143100
2010-08-06,39.76377272170854,40.276619769905025,39.76377272170854,40.233882904052734,5500700
2010-08-09,40.29491711389715,40.66123361061191,40.25218026691321,40.55133819580078,5492700
2010-08-10,40.32545218726149,40.80166417859192,40.294923866599696,40.61850357055664,7411000
2010-08-11,40.282709836570696,40.33765521670337,39.95912551879883,39.95912551879883,5544600
2010-08-12,39.62944782067231,39.89807746880409,39.55007605316064,39.794288635253906,4924700
2010-08-13,39.72713290449389,40.117871200645766,39.59892233775355,40.02629089355469,4516700
2010-08-16,39.86754376859489,39.98964769991188,39.56227928233603,39.9469108581543,3564500
2010-08-17,40.099554490030286,40.29492363040445,39.81871164186541,40.02018737792969,4357200
2010-08-18,40.08733992516318,40.197230683244975,39.83702077717591,40.001861572265625,3857900
2010-08-19,39.98965261950397,40.00186115095102,39.232597904678464,39.476810455322266,4549600
2010-08-20,39.257025621214716,39.85534157080673,39.257025621214716,39.56229019165039,5655000
2010-08-23,39.769862520715776,39.92860138024701,39.55007168689316,39.574493408203125,3263900
2010-08-24,39.379128123187755,39.830918366416675,39.202074119956855,39.55007553100586,5442800
2010-08-25,39.29977100849856,39.5928224512895,39.19597749195676,39.421875,5322700
2010-08-26,39.57448375406097,39.57448375406097,38.98226996617352,39.15321731567383,4604900
2010-08-27,39.19596784864152,39.3608133203774,38.695336482889495,39.14712905883789,5227700
2010-08-30,39.12882037403013,39.33640275696893,38.82966232299805,38.82966232299805,3697900
2010-08-31,38.76250108924268,39.2814476641479,38.57323619316165,39.18376541137695,6624800
2010-09-01,39.688167980840824,40.014190678818245,39.688167980840824,39.915767669677734,6382100
2010-09-02,39.9649772644043,40.174119109232365,39.68816608422537,39.9649772644043,4158600
2010-09-03,40.051082585342385,40.42015935101335,40.051082585342385,40.334041595458984,5862600
2010-09-07,40.04494186714638,40.604712137533504,40.04494186714638,40.27869415283203,5284700
2010-09-08,40.254085044525596,40.41401537152481,40.143361521874844,40.24793243408203,4318900
2010-09-09,40.53704446044352,40.72773314821857,40.24178016650359,40.66006851196289,5835800
2010-09-10,40.690826394021876,40.90612082818848,40.51243823626478,40.85076141357422,4234800
2010-09-13,40.875366285684045,40.91842517653779,40.50628940792807,40.752342224121094,4469200
2010-09-14,40.703117904238596,40.81999401106432,40.555488138240484,40.586246490478516,4145400
2010-09-15,40.493992128010305,40.93073368258774,40.450933233701754,40.9061279296875,4745000
2010-09-16,40.8446201481025,41.00455521207821,40.70313822745706,40.97379684448242,4174900
2010-09-17,41.06606503473176,41.15218282766402,40.66007713113587,40.67238235473633,7908400
2010-09-20,40.758500355850806,41.201394546374765,40.62932366579261,41.14603042602539,5057100
2010-09-21,41.1583228175409,41.1583228175409,40.55549375881544,40.88151168823242,7455500
2010-09-22,40.98609691234555,41.15218458657645,40.78925556393452,41.004554748535156,5225800
2010-09-23,40.715447570289676,40.715447570289676,40.38942949029516,40.46939468383789,5877800
2010-09-24,40.66007087783902,40.85076426977664,40.49398792931737,40.678524017333984,6366300
2010-09-27,40.64161584373016,41.066056804595874,40.63546323316299,40.82615661621094,5230300
2010-09-28,40.81386312700602,41.15833902178516,40.481692456898365,41.078369140625,5305300
2010-09-29,40.930717928561364,41.21367693840342,40.74002928331395,41.05989456176758,5553200
2010-09-30,41.18291429681413,41.40436127155217,40.75232556430417,40.86920166015625,7002300
2010-10-01,41.06606189099596,41.21369171142578,40.77079755706894,41.21369171142578,5397000
2010-10-04,41.207536772157816,41.207536772157816,40.91842506589281,41.133724212646484,4890200
2010-10-05,41.232132416381106,41.718085317340226,41.15831987496237,41.68117904663086,7246100
2010-10-06,41.55200567702567,41.89647674560547,41.45973529992284,41.89647674560547,7204100
2010-10-07,40.96763333382807,41.02914535958776,40.09415036606699,40.66006851196289,20029500
2010-10-08,40.67853371622377,40.69083894086566,40.149521690257735,40.444786071777344,8810500
2010-10-11,40.438624417892115,40.450929639782714,40.16797054617106,40.30329513549805,5283100
2010-10-12,40.16180561574812,40.887658613427014,39.98341749759099,40.64775848388672,7807800
2010-10-13,40.78925562845604,41.09067261014655,40.72159097485759,40.84461975097656,5990500
2010-10-14,40.87536476647385,41.11526496275224,40.87536476647385,40.99224090576172,6162300
2010-10-15,41.1460185411738,41.213683172574086,40.88151262562717,41.016841888427734,6272100
2010-10-18,41.10296925982194,41.22599333125566,40.893827399771126,40.9061279296875,4820100
2010-10-19,40.63546437997872,40.73388737956398,39.9526700728235,40.235633850097656,8357700
2010-10-20,40.41401931621381,40.48783656954162,39.9034652331647,39.9649772644043,11569400
2010-10-21,39.99572754710914,40.27253870385086,39.87270349504622,40.09415054321289,8670700
2010-10-22,40.13105160455153,40.29098660590065,39.89115144906093,39.98957443237305,5043200
2010-10-25,40.094140559661746,40.186410922266745,39.90959983445175,40.01417541503906,6580800
2010-10-26,39.860396841755446,39.97726826533567,39.706614453775,39.854244232177734,6900800
2010-10-27,39.67585992730054,39.68201253747192,39.2329658562912,39.53437805175781,7961700
2010-10-28,39.59589188525686,40.05723906013359,39.583586665809776,39.98957443237305,6436100
2010-10-29,40.026498266769984,40.1679801940918,39.897321564294344,40.1679801940918,5549400
2010-11-01,40.284839670395016,40.53089247026631,40.0695452304077,40.32175064086914,5916600
2010-11-02,40.45706707429071,40.66006094528136,40.38940714369303,40.47552490234375,4670800
2010-11-03,40.42631531084182,40.44476844669499,39.72506799002502,40.1064453125,7577100
2010-11-04,40.438611521887466,40.4939756166052,39.67585226526477,40.19871139526367,9981300
2010-11-05,40.143369724474404,40.19872915057817,39.835804842384185,40.03264617919922,6940900
2010-11-08,39.98342179806231,40.1741104617796,39.82963940653131,40.05108642578125,5521500
2010-11-09,40.18643333829286,40.24179277089604,39.86041527589222,40.1679801940918,6301300
2010-11-10,40.00804178364677,40.22333626980515,39.74968840025671,40.1372184753418,7065800
2010-11-11,39.97111700394959,40.11874676999832,39.79887680164948,39.921905517578125,4743500
2010-11-12,39.75583316738673,39.92192082430476,39.59590281495801,39.761985778808594,4914000
2010-11-15,39.89730263591106,39.96496726125846,39.58973786362871,39.626644134521484,5533000
2010-11-16,39.54053217255532,39.9834262604852,39.26372571413247,39.39290237426758,8021500
2010-11-17,39.44210477976046,39.515917315356795,39.196052043952974,39.33137893676758,5016700
2010-11-18,39.36829034058764,39.97726726773515,39.128390196769956,39.84193801879883,6984000
2010-11-19,39.626650293331515,39.80503845214844,39.53437990869286,39.80503845214844,5511800
2010-11-22,39.835803951164564,39.89116337602981,39.47287495802249,39.798892974853516,4630100
2010-11-23,39.435961749022965,39.515926913029546,39.11609405339653,39.30063247680664,7198400
2010-11-24,39.49130778842075,39.620489099467385,39.30677177404653,39.5712776184082,5270200
2010-11-26,39.57129920152005,39.57744712020681,39.288337724161096,39.306793212890625,2386800
2010-11-29,39.22066592271282,39.45441584955039,39.017674355971494,39.37445068359375,5782100
2010-11-30,39.39905343531476,39.89730691810884,39.22681554870784,39.75582504272461,11252100
2010-12-01,40.15245043721243,40.72880158140903,40.028501158353116,40.67302322387695,9970600
2010-12-02,40.59246914366127,40.62965157184313,40.13386852608203,40.40654754638672,8829800
2010-12-03,40.332181071878935,40.6730310156304,40.30119256418224,40.38795471191406,5679100
2010-12-06,40.38176143125367,40.38795535034497,40.084287828483376,40.11527633666992,4502700
2010-12-07,40.270211151523974,40.32598479483716,40.040908474365644,40.08428955078125,5630100
2010-12-08,40.1586532154149,40.20822820387823,39.95414043038939,40.05329513549805,5431600
2010-12-09,40.15245470908677,40.15245470908677,39.83638992459586,40.109073638916016,6173400
2010-12-10,40.18343967824635,40.28259911482567,40.02850660472779,40.22062683105469,5426900
2010-12-13,40.31978991565395,40.728815584243094,40.15866289001261,40.61106491088867,9261700
2010-12-14,40.67924291232112,40.82178347469697,40.48712734093905,40.64825439453125,5751600
2010-12-15,40.51189985498763,40.58007078237501,40.3445694956979,40.431331634521484,4526400
2010-12-16,40.43135250781658,40.77220732072491,40.40036871548771,40.74741744995117,4830000
2010-12-17,40.735008848206284,40.90233449985081,40.56767846837922,40.88374328613281,7334800
2010-12-20,40.7907767941472,41.11923413245936,40.74739572546789,41.094444274902344,5549500
2010-12-21,41.13162805454006,41.218390184788404,40.35696280005018,40.530487060546875,7830800
2010-12-22,40.56767957861737,40.72881131555404,40.41274648915053,40.70402145385742,3977600
2010-12-23,40.6854076008278,40.85273316394576,40.598645497258495,40.71019744873047,3297400
2010-12-27,40.67924199555764,40.722623082575424,40.536706164578014,40.54290008544922,2358500
2010-12-28,40.40654363382069,40.6110564253832,40.39415106835425,40.45612335205078,3071200
2010-12-29,40.55529252892512,40.75980064142343,40.48712158203125,40.48712158203125,3248600
2010-12-30,40.474721496154174,40.66684175515329,40.338379611762214,40.35697555541992,3507400
2010-12-31,40.31359725473169,40.623463475818994,40.30119995810554,40.48712158203125,2977400
2011-01-03,40.8465769330461,40.95812425925131,40.65445661659577,40.74741744995117,6787300
2011-01-04,40.96430566129517,41.020084029097134,40.3569706316977,40.53669357299805,7897100
2011-01-05,40.72260455992907,41.447690139500466,40.629643779121565,41.267967224121094,10381900
2011-01-06,41.34233004897843,41.49106443709386,41.13781731020663,41.42289352416992,7648900
2011-01-07,41.41050511375591,41.41050511375591,41.05725795145181,41.144020080566406,4899100
2011-01-10,40.98289790022483,41.10064855772305,40.80317495442635,40.93332290649414,5220500
2011-01-11,41.1130435898839,41.36713613379149,40.90853549904588,41.106849670410156,4686400
2011-01-12,41.34235428919666,41.56545836627265,41.24319954837607,41.35475158691406,5265100
2011-01-13,41.336141579420755,41.807139440609,41.305157802034145,41.46628952026367,7943000
2011-01-14,41.615041115348,41.621239764655726,41.255595106444844,41.385738372802734,5986100
2011-01-18,41.18741758452581,41.61503448311198,41.15023515097339,41.25558853149414,6066000
2011-01-19,41.31758138975457,41.329978692563145,40.71024594133292,40.840389251708984,7872400
2011-01-20,40.86517912914048,41.106874523865415,40.784610845441726,40.840389251708984,7131000
2011-01-21,41.0200838680839,41.10064736772339,40.6978204131612,40.82176971435547,5564400
2011-01-24,40.77218647709606,41.01388168334961,40.65443583316362,41.01388168334961,4713700
2011-01-25,40.90853148795727,41.05726591985133,40.74739976196567,40.75979232788086,4986100
2011-01-26,40.83415441145523,40.927115187391365,40.604851794570294,40.8155632019043,6797600
2011-01-27,40.73501967944568,40.87135685902323,40.56149060617792,40.629661560058594,6819700
2011-01-28,40.56147501612615,40.803170222193756,39.73723469377912,39.91075897216797,10455700
2011-01-31,39.87978177795408,40.0842946189929,39.71865001881592,39.8549919128418,8666100
2011-02-01,39.991316183068314,40.3693531851124,39.84878043171602,40.31357955932617,7138100
2011-02-02,39.935557294630236,40.19584376738148,39.687663389455395,40.06570053100586,8221000
2011-02-03,39.97893066414331,40.08428401686749,39.669064524473086,39.774417877197266,6693300
2011-02-04,39.755830952114444,39.836394454970154,39.452161062293484,39.56371307373047,8423900
2011-02-07,39.63187801013399,39.65046922119517,39.20426124299933,39.46455001831055,8157900
2011-02-08,39.427381843353935,39.83020655863731,39.3592108886204,39.76823425292969,6064800
2011-02-09,39.89836306464152,40.1338643605038,39.644275284800074,39.923152923583984,6132000
2011-02-10,39.3406178465727,39.78062970743635,39.00596173743984,39.26625061035156,15759300
2011-02-11,38.8076404437803,39.675264345479036,38.770458014506495,39.582305908203125,9016500
2011-02-14,39.6380901471305,39.867392874360604,39.1485009045692,39.25385665893555,9108700
2011-02-15,39.22285371558307,39.94174064943787,39.080315585241955,39.87976837158203,9487900
2011-02-16,39.718644100396595,39.96034406718012,39.56371337676,39.63808059692383,8043300
2011-02-17,39.21666091744373,40.10287833466446,39.17947849082182,40.0966796875,10851000
2011-02-18,39.97893679715278,39.97893679715278,39.16708653560131,39.2972297668457,14023700
2011-02-22,38.83241572204676,39.371582020849125,38.776639734992,39.136085510253906,9637500
2011-02-23,39.1670800417168,39.520327247435596,38.981160833037066,38.999752044677734,9527000
2011-02-24,38.95017741854766,39.16708516043068,38.86341526743098,39.061729431152344,9120900
2011-02-25,39.03693570894932,39.59469331894173,38.97496106511177,39.41497039794922,6523300
2011-02-28,39.5265365340522,39.63808856877849,39.27244631364048,39.30343246459961,8022500
2011-03-01,39.47073850316997,39.63187018083835,39.16087243821281,39.17326736450195,8086400
2011-03-02,39.310674180231636,39.33565373445163,39.05463970493024,39.30442810058594,7061400
2011-03-03,39.46053897024785,39.95387434912412,39.341889684340536,39.810245513916016,8445800
2011-03-04,39.828988693132835,39.88519150166859,39.36063274939541,39.59169006347656,7662000
2011-03-07,39.61041931202215,39.71033514073666,39.466790457131374,39.635398864746094,7018900
2011-03-08,39.53548049939715,39.90392054080142,39.53548049939715,39.835227966308594,7520000
2011-03-09,39.77902507046452,40.484681903742924,39.691599023934316,40.372276306152344,7746100
2011-03-10,40.178677186056746,40.50340651443369,40.04129683182468,40.23488235473633,8663100
2011-03-11,40.34729675509197,40.522148848152376,40.17244466203155,40.372276306152344,6875600
2011-03-14,40.12872587386073,40.23488537734475,39.71032679134067,40.05378723144531,5896600
2011-03-15,39.61664960322697,39.74154494240206,39.15453994511371,39.34812545776367,8730100
2011-03-16,39.27318164749504,39.29191511100217,38.748623229675474,38.910987854003906,8406300
2011-03-17,39.28568381798731,39.504248901828504,39.06711873414611,39.391845703125,6753400
2011-03-18,39.647878846591844,39.722815104070335,39.27943887256662,39.49176025390625,8427000
2011-03-21,39.87267859231604,40.15369485414809,39.65411356490907,40.0287971496582,6524500
2011-03-22,39.978854577912436,39.99759281459445,39.860207665099814,39.928897857666016,5038200
2011-03-23,39.93513516793642,40.1911695562069,39.81023982147216,40.091251373291016,3908000
2011-03-24,40.1911695562069,40.26610819339382,40.07251790508458,40.091251373291016,4146500
2011-03-25,40.085017945144614,40.259870035280905,39.935143023469884,39.95387649536133,5048600
2011-03-28,39.978852599161854,40.44096712720096,39.95387543136544,40.17868423461914,4971000
2011-03-29,40.22239896722721,40.34729194327213,39.985095642635564,40.066280364990234,5163800
2011-03-30,40.34106527871317,40.796933912944404,40.23490572155107,40.6220817565918,5794900
2011-03-31,40.6470387075074,40.73446951166385,40.18492895939848,40.2224006652832,7403500
2011-04-01,40.50966439054014,40.85312252269574,40.25987362619625,40.72822952270508,6350000
2011-04-04,40.547120271554576,40.66577192421712,40.503407257051734,40.64703369140625,4210300
2011-04-05,40.58459484381259,41.0217298354424,40.540881821085826,40.95303726196289,5762300
2011-04-06,40.909323933135056,41.14037643823535,40.909323933135056,41.05919647216797,3815300
2011-04-07,40.959262782608384,41.24027904694611,40.93428800584799,41.165340423583984,6105100
2011-04-08,41.065444440713534,41.21531698664351,40.80940760890258,41.04671096801758,4076700
2011-04-11,41.03421009614325,41.433873309994105,41.0092305497324,41.24028778076172,4385100
2011-04-12,41.07791568293853,41.65867692997494,40.94053058470361,41.571250915527344,7492900
2011-04-13,41.57751117647432,41.73362979330004,41.41514648095418,41.4963264465332,4203200
2011-04-14,41.42764313657828,41.75861868031412,41.290262725119604,41.6524543762207,4207700
2011-04-15,41.646199676033575,41.92721125309215,41.49008107447623,41.908477783203125,5398300
2011-04-18,41.67117452858457,42.0458581772313,41.49007639946041,41.93345260620117,5668400
2011-04-19,41.995904453278094,41.995904453278094,41.527548641531496,41.721134185791016,4973900
2011-04-20,42.002151086125465,42.1457775355819,41.82729900972889,42.04586410522461,4292200
2011-04-21,42.1707667235127,42.1707667235127,41.871021599564344,42.09583282470703,3876100
2011-04-25,41.93347061956949,42.00840452287156,41.73988025252518,41.8585319519043,4197500
2011-04-26,41.77109611305913,42.37059102099543,41.746116563016535,42.283164978027344,6600000
2011-04-27,42.29565070379442,42.62037527624686,42.25193768895734,42.4205436706543,5939200
2011-04-28,42.42054329468307,43.66324593206154,42.38307635782944,43.538352966308594,12755900
2011-04-29,43.47591469754491,43.675746339121524,42.87017369403893,43.02004623413086,8034200
2011-05-02,43.23859747715398,43.388474733528895,43.1074584510964,43.282310485839844,6235200
2011-05-03,43.013811232544974,43.45718765258789,43.013811232544974,43.45718765258789,6107500
2011-05-04,43.42594609000318,43.66949070097579,43.276073582718745,43.6070442199707,8129500
2011-05-05,43.33853622222245,43.519634419711295,42.75152860031813,42.98258590698242,7642700
2011-05-06,43.49463896248018,43.68197840684817,43.20113525883974,43.2573356628418,6792600
2011-05-09,43.488386375612144,43.70071009801493,43.388472973109984,43.600791931152344,5763100
2011-05-10,43.59455609362125,43.78814639629567,43.59455609362125,43.73194122314453,6118300
2011-05-11,43.619531553240535,44.20029287811254,43.588310694959475,43.838096618652344,6167300
2011-05-12,43.91929258976235,44.36891499064055,43.688235310321524,44.31270980834961,6333900
2011-05-13,44.15034566638614,44.50629594421496,43.85060057156311,44.06291961669922,7501700
2011-05-16,43.96924101530461,44.393878997054316,43.90054845605423,44.16282653808594,5928900
2011-05-17,43.98799050805522,44.62495247708376,43.91305184402008,44.40638732910156,6453900
2011-05-18,44.3252198391648,44.54378504873202,44.18158855038393,44.50631332397461,5556400
2011-05-19,44.550009201839245,44.89347208766275,44.44384967871649,44.82477951049805,5163600
2011-05-20,44.75608838487238,44.86224791143812,44.475076752348336,44.5250358581543,5916600
2011-05-23,44.28773224014754,44.5500103976186,44.20030618765718,44.3626708984375,5546300
2011-05-24,44.39388311375872,44.475067835507254,44.12536369370312,44.3251953125,5267600
2011-05-25,44.100392653160476,44.25651128434849,43.86308928456268,43.99422836303711,5954400
2011-05-26,43.92553146954846,44.08165008540161,43.61954031649766,43.97549057006836,5896200
2011-05-27,44.09414031106906,44.35641843076577,43.88806260372371,43.9630012512207,4358200
2011-05-31,44.162829834366335,44.412620544433594,44.0941372699888,44.412620544433594,6547100
2011-06-01,44.39689664275978,44.579315746457056,44.20818590124853,44.2144775390625,7748200
2011-06-02,44.19562246546309,44.27739458841958,43.60433308667183,43.72385025024414,6139800
2011-06-03,43.384159088134766,43.62318853577222,43.22061009811254,43.384159088134766,5721400
2011-06-06,43.421903157586556,43.686094380834504,43.26464579149412,43.333839416503906,4933900
2011-06-07,43.52883317375407,43.59173995393131,43.30238220263389,43.3589973449707,7363600
2011-06-08,43.226918195285,43.40304572893526,43.031920540045824,43.302398681640625,5477100
2011-06-09,43.38417367939268,44.00062001977429,43.245786395070034,43.72385025024414,6047000
2011-06-10,43.59173516718811,43.667215616530754,43.13883327468024,43.20802688598633,6987200
2011-06-13,43.239483774840664,43.60432201375026,43.16400331100691,43.440773010253906,4796400
2011-06-14,43.69869085937282,43.89368851652143,43.560303567545255,43.761592864990234,4832000
2011-06-15,43.503675547139856,43.761575105242585,42.92496485261756,43.07593536376953,7750700
2011-06-16,43.113680063797275,43.53512865313767,43.10738842540167,43.333839416503906,6250500
2011-06-17,43.59173252541811,43.71124482933888,43.12624738682071,43.22689437866211,7575900
2011-06-20,43.17029298836063,43.56658464599666,43.17029298836063,43.39045715332031,5061200
2011-06-21,43.57915667825045,43.61689690706597,43.27722524949923,43.3589973449707,5653900
2011-06-22,43.359007645765594,43.497394916450524,43.245782133306534,43.264652252197266,5429900
2011-06-23,42.94383550844106,43.11367613585109,42.43432322443802,42.76142120361328,8321100
2011-06-24,42.76143561081785,43.18917594369833,42.74256069099132,43.05707550048828,14860400
2011-06-27,43.1073959524634,43.61062153147394,43.1073959524634,43.43449401855469,7453200
2011-06-28,43.63579143573622,43.893691113762486,43.51627425861037,43.79304885864258,5162800
2011-06-29,43.887383653309186,44.195611546464136,43.87480517562166,44.006900787353516,5512200
2011-06-30,44.1138366869864,44.34028768875783,43.981741069138764,44.302547454833984,5280400
2011-07-01,44.08238337498342,44.258510846601474,43.78673877657583,44.15157699584961,6466900
2011-07-05,43.95028929146111,44.3151227242404,43.818193683178535,43.88738250732422,7317900
2011-07-06,43.906258295142706,44.16415787859994,43.87480490244878,44.13899612426758,5989600
2011-07-07,44.340298884621056,44.50384793811059,44.18933311169285,44.359169006347656,5695000
2011-07-08,44.038360625718404,44.27739012967756,43.69239244975085,43.988037109375,6016400
2011-07-11,43.61689279060415,43.70496131471788,43.35270161560221,43.59173583984375,5248800
2011-07-12,43.52885228153427,43.74272486997038,43.3149844922138,43.409339904785156,5376300
2011-07-13,43.64206251029318,43.698677657625716,43.17029041201586,43.333839416503906,4955500
2011-07-14,43.239484334951136,43.453356849849726,43.05077837380838,43.15142059326172,4460000
2011-07-15,43.10738372802735,43.10738372802735,42.77399891609826,43.107383728027344,6760200
2011-07-18,43.15771041891661,43.15771041891661,42.38400209329933,42.77400207519531,6165000
2011-07-19,42.83061943307509,43.23320275722593,42.61675169126221,43.113685607910156,6550200
2011-07-20,43.31497225965634,43.32126389848178,42.95013399360923,43.08222961425781,5707000
2011-07-21,42.33995284068814,42.33995284068814,40.75480140856628,41.622859954833984,26300600
2011-07-22,41.62918920800366,41.67322109870935,41.03789970499915,41.36499786376953,10477200
2011-07-25,41.01272581101527,41.12595132493568,40.427728122278985,40.49063491821289,14148600
2011-07-26,40.66675242565602,40.66675242565602,40.26417398610276,40.30191421508789,12524600
2011-07-27,40.31449678474488,40.534660940480364,40.12579082154681,40.169822692871094,12889200
2011-07-28,40.352239182265755,40.5094965408879,40.18240094700701,40.188690185546875,6831700
2011-07-29,40.13836263426013,40.389972927924894,39.97481366379938,40.28303909301758,8711600
2011-08-01,40.396273688000015,40.52836930197288,39.91192070387583,40.169822692871094,7997200
2011-08-02,40.01256738354961,40.10692037000528,39.74208450317383,39.74208450317383,8047800
2011-08-03,39.84272272834096,40.629007087395635,39.74207811922097,40.559818267822266,11800200
2011-08-04,40.52836335320032,40.94352025059039,39.754657499779434,39.8490104675293,15201200
2011-08-05,40.34595924811383,41.18886143038486,39.930799796900175,40.679344177246094,18775700
2011-08-08,40.36481099936529,40.83029615944614,39.55336498642252,39.60997772216797,20127300
2011-08-09,39.94965797471529,40.18868982957967,38.125474070590016,39.68546676635742,27337100
2011-08-10,39.36466202380733,39.55965960714381,37.80466695977469,37.94305419921875,21692800
2011-08-11,37.99966911691042,39.99998296716,37.99966911691042,39.547080993652344,14654100
2011-08-12,39.81756737224979,39.98740562733857,39.352086880131345,39.74208450317383,8808000
2011-08-15,39.937071329285644,40.10061789154834,39.735779745610735,39.98739242553711,7026800
2011-08-16,39.73579084812935,40.29562669785427,39.53450160776886,40.10691833496094,6746300
2011-08-17,40.113207902157804,40.74852658432287,40.0565951562574,40.647884368896484,7568700
2011-08-18,40.144657961520025,40.61013839516679,39.3143393073141,39.68546676635742,12016800
2011-08-19,39.35837998874402,39.723218291000016,38.90547793064896,39.04386520385742,13212600
2011-08-22,39.49676223604113,39.49676223604113,38.85515186856966,38.94950485229492,8212500
2011-08-23,39.09417827630333,39.9307861328125,39.062724886572276,39.9307861328125,7631200
2011-08-24,39.86159864861684,40.100630529926114,39.647728523141616,40.06917953491211,6789100
2011-08-25,40.11320577343544,40.2075587452244,39.471595487132056,39.64143371582031,13773400
2011-08-26,39.849010721932764,39.95594696553331,38.99982200897927,39.729496002197266,12274200
2011-08-29,40.075458243096215,40.389972909702635,39.968524408237144,40.358524322509766,18839600
2011-08-30,40.23901667583252,40.830305923812524,40.037727433835045,40.58498001098633,7969600
2011-08-31,40.66424772339464,41.05738582344115,40.58815991145184,40.85447692871094,8353600
2011-09-01,40.82276383359129,41.13980923259077,40.64521918418819,40.67692565917969,5986200
2011-09-02,40.3471982071902,40.651561500367556,40.06185686394131,40.13794708251953,5790000
2011-09-06,39.155123349105025,39.68142009525773,39.00928269410096,39.5989875793457,8216000
2011-09-07,39.935037658917345,39.941379921380616,38.79367472083367,39.07267379760742,14915300
2011-09-08,38.94585616416814,38.99024474596705,38.74294729964944,38.8951301574707,11827200
2011-09-09,38.723925084719234,38.80635756626147,37.84253925695554,38.03910827636719,14838300
2011-09-12,37.6650018238548,38.19763829635518,37.56988721778281,38.13422775268555,11253500
2011-09-13,38.235676481316,38.63515438062139,38.121539938657314,38.38785934448242,9470700
2011-09-14,38.590775067885964,39.41509280766091,38.22300116094016,39.04732131958008,10606900
2011-09-15,39.36435240186317,40.32182830878753,38.666851170182454,40.087215423583984,18666400
2011-09-16,39.985777783235065,39.985777783235065,39.04732342981958,39.34534454345703,16669100
2011-09-19,38.75564024507072,38.80002642041892,38.045459020634446,38.400550842285156,13587000
2011-09-20,38.463944660313835,38.92049077271322,38.22933176093714,38.29273986816406,9630200
2011-09-21,39.085355284706644,39.319968195979754,38.514675034134406,38.54637908935547,14350400
2011-09-22,38.045459771223356,38.80002718589448,37.785482559541265,38.628822326660156,16341000
2011-09-23,38.41955477605226,38.54637339707311,37.82351040177745,38.26103210449219,11139000
2011-09-26,38.52102180818501,39.33899964192341,38.508339700042,39.2438850402832,10312400
2011-09-27,39.770163865633734,40.03014091919096,39.459458402180594,39.58627700805664,7991500
2011-09-28,39.700419101281234,40.14428307491165,39.224851076433815,39.29460144042969,7054300
2011-09-29,39.782843248974224,40.02379592291966,39.28191112037727,39.68138885498047,6609100
2011-09-30,39.54824612549016,39.94138419892647,39.21851858915551,39.25022506713867,7405600
2011-10-03,39.05364946299853,39.44044520824719,38.19762791642783,38.229331970214844,10573100
2011-10-04,37.86790168530433,38.40053803064338,37.09431016927601,38.330787658691406,11390500
2011-10-05,38.1405596520655,38.26103602400186,37.62060542959282,38.229331970214844,9194000
2011-10-06,38.020087427694136,38.43224745470205,37.715724104816694,38.406883239746094,8023900
2011-10-07,38.66685456938362,39.0346283742331,38.42589940133963,38.69221878051758,7909800
2011-10-10,39.09803886889582,39.26924367620019,38.91415195525063,39.231197357177734,5985600
2011-10-11,39.04096654339511,39.19948922788798,38.36882949035422,38.647830963134766,10261900
2011-10-12,39.54823335944227,40.340846675874936,39.313620495060086,39.757484436035156,13796200
2011-10-13,39.4340925336245,39.624321643845235,39.319956035037514,39.54188919067383,6887300
2011-10-14,39.77651966705625,39.7892017746187,39.180475124809426,39.465816497802734,8736600
2011-10-17,39.224863087501085,39.70677110261161,39.18681676307204,39.2438850402832,5095000
2011-10-18,39.32631336303754,39.82724569666873,39.10438012236908,39.5736083984375,7361200
2011-10-19,39.56725630916575,39.795526904291044,39.326301192303504,39.38336944580078,5719700
2011-10-20,39.49116387725376,39.60530038478393,39.243868917226315,39.38970947265625,6210700
2011-10-21,39.675067361179174,39.8716364106816,39.31363574221957,39.491180419921875,10698900
2011-10-24,39.50386334393981,39.63068201014525,39.15511382602351,39.377044677734375,7490100
2011-10-25,39.54825056477758,39.675069234351625,39.129750648388686,39.199501037597656,9199100
2011-10-26,39.35801167739107,39.41507994022234,38.99658015241442,39.31996536254883,7588900
2011-10-27,39.890645939930955,39.985760512714265,39.42141775645818,39.87162399291992,11217200
2011-10-28,40.09989576296352,40.245736329447034,39.795530107238626,40.07453155517578,8076100
2011-10-31,39.68774255409223,40.315493499088596,39.68774255409223,39.916015625,9351500
2011-11-01,39.38337101075954,39.694074077474674,39.24387029247542,39.4594612121582,11377900
2011-11-02,39.7448132119139,39.814563589870716,39.408745847792375,39.5736083984375,7002600
2011-11-03,39.61165126660937,39.85260401817861,39.39606030756131,39.820899963378906,7680100
2011-11-04,39.63066282378542,39.64968476790445,39.104366460430974,39.30727767944336,6312800
2011-11-07,39.30729101547226,39.656040482871234,39.034631769228724,39.63067626953125,5022500
2011-11-08,39.70041998634082,40.42328301320577,39.51653309877297,40.366214752197266,8745400
2011-11-09,39.909680316552205,40.03015913544862,39.358021911645146,39.491180419921875,6851500
2011-11-10,39.725792850480694,40.11258623840439,39.49751975671285,39.922359466552734,5707900
2011-11-11,40.12525939941406,40.26476012980581,40.01746513964888,40.12525939941406,4932500
2011-11-14,40.06819497722668,40.093559188612176,39.630673215716335,39.820899963378906,3989700
2011-11-15,40.02380365820136,41.165166415934735,40.00478171154607,40.89884948730469,14947300
2011-11-16,40.85446709935286,42.262149334369916,40.759352519578755,41.27296447753906,17887600
2011-11-17,41.15248699083688,41.27296093299111,40.074532327717456,40.63887023925781,13519700
2011-11-18,40.6135074532367,40.67057328876416,39.97307455186066,40.51205062866211,10355300
2011-11-21,40.08089059072273,40.41696045767985,39.97943612985354,40.0428466796875,6964200
2011-11-22,39.877976005451785,40.2901360548089,39.87163616080136,40.06186294555664,4745100
2011-11-23,39.83992761931773,39.922357684827006,39.47215378046882,39.56726837158203,5386100
2011-11-25,39.75748325124918,39.89064170391437,39.56725654474693,39.624324798583984,2893500
2011-11-28,39.757488842103164,40.2964649894631,39.68139863257492,39.941375732421875,5459000
2011-11-29,40.00478323876479,40.58814795339216,39.94771497775629,40.366214752197266,6408900
2011-11-30,41.16210030519687,41.302738795640835,40.70183065544734,40.91278839111328,10022600
2011-12-01,41.08538142249609,41.21323679495061,40.80410935746369,40.970314025878906,7686200
2011-12-02,41.19405828123645,41.360262943893616,41.008671655487824,41.091773986816406,6571600
2011-12-05,41.3538703442379,41.40500760994972,40.970309149708484,41.16848373413086,5601300
2011-12-06,41.296339228285184,41.57761617117653,41.008673174643604,41.328304290771484,5992700
2011-12-07,41.2004609051075,41.66073062659455,41.05982726992885,41.49452590942383,5638400
2011-12-08,41.25797415385208,41.64153041642541,41.053410488667474,41.12372970581055,5170100
2011-12-09,41.19407231475823,41.807763658792965,41.18128433500746,41.673519134521484,6351700
2011-12-12,41.61597362597276,41.705469955370944,40.842466849211725,41.33470153808594,5834400
2011-12-13,41.52007849603723,41.70546512178585,41.00227766779067,41.091773986816406,4946400
2011-12-14,41.174886947647806,41.34109163352453,40.86803889870322,40.900001525878906,5665500
2011-12-15,40.93196657878225,41.615977082965074,40.87443287101957,41.45616149902344,6417700
2011-12-16,41.73103267544813,41.80774588979253,41.3091221895119,41.36665344238281,8619400
2011-12-19,41.31553105256394,41.6607333663812,41.0406479995531,41.14932632446289,4943000
2011-12-20,41.424202721427626,42.00592893068051,41.309135301977584,41.89086151123047,4800400
2011-12-21,41.69269346790313,42.35113294312208,41.69269346790313,42.216888427734375,4979700
2011-12-22,42.210494438282126,42.459806377885705,42.14017518586215,42.216888427734375,3537200
2011-12-23,42.37029651848741,42.63239635338762,42.2680171058024,42.55568313598633,2625700
2011-12-27,42.4917516695737,42.68992135568824,42.39586138116314,42.4342155456543,2544000
2011-12-28,42.434222939883185,42.510936159415564,42.08902076776275,42.13377380371094,3179800
2011-12-29,42.17212740009077,42.59403790880955,42.16573341258768,42.53650665283203,2840300
2011-12-30,42.459794851542874,42.63239837960337,42.34472745856375,42.41504669189453,2632900
2012-01-03,42.7410700599885,42.952027751467334,42.42143896763273,42.4470100402832,5348800
2012-01-04,42.453418603754265,42.72829675546117,42.268031921274996,42.664371490478516,6042400
2012-01-05,42.562097470487195,42.61962875315383,42.26803731231327,42.33196258544922,4909100
2012-01-06,42.363906281819126,42.363906281819126,41.737432021051355,41.80135726928711,6533000
2012-01-09,41.71827219297009,42.08265162355833,41.558456567673744,42.01872634887695,5859600
2012-01-10,42.17853993063474,42.22328810846224,41.85251470521399,41.973976135253906,4996000
2012-01-11,41.552039545635004,41.660712940076564,40.99587972208443,41.558433532714844,10470200
2012-01-12,41.61598248145777,41.667124645477635,41.21324891346804,41.309139251708984,5745700
2012-01-13,41.19405480557837,41.373047428527734,41.10455849410369,41.16848373413086,6677900
2012-01-17,41.39862352649432,41.60957635647905,41.296339228285184,41.328304290771484,7457600
2012-01-18,41.34109408349808,41.60319398221095,41.238814645911404,41.45616149902344,5373300
2012-01-19,41.64153918011599,42.22327012124029,41.520077801818935,42.13377380371094,8195800
2012-01-20,42.2296770286039,42.45342279390453,41.91643978524283,42.37031555175781,5538800
2012-01-23,42.14017397313854,42.287206463199404,41.801365699693484,42.25524139404297,5551000
2012-01-24,42.1657426826036,42.39587751147503,42.152959581970535,42.31916427612305,4148700
2012-01-25,42.11460658402268,42.7027317186225,41.980362060733604,42.63880157470703,5131300
2012-01-26,42.58766137122698,42.80500823866292,42.415057797971485,42.52373123168945,5345900
2012-01-27,42.351124057599904,42.45979746956319,41.98035078211866,42.069847106933594,5832500
2012-01-30,41.93561211712116,41.93561211712116,41.654339979937376,41.81415557861328,5712300
2012-01-31,41.871684692810845,41.99314610223721,41.731046192882374,41.9803581237793,5834300
2012-02-01,42.184903722096436,42.51092875181928,42.10180140663804,42.4342155456543,6351200
2012-02-02,42.57486052635215,42.638785769386615,42.319154677030845,42.4470100402832,5124100
2012-02-03,42.75385762804808,42.76664560430213,42.383089228807385,42.613224029541016,6295300
2012-02-06,42.45980596933682,42.67715771395765,42.27441929448476,42.52373123168945,4917700
2012-02-07,42.3639011274678,42.81778155224152,42.28079880259063,42.67714309692383,5597800
2012-02-08,42.71551365333868,42.77943891832133,42.491772787306836,42.664371490478516,6021900
2012-02-09,41.46256319735532,41.488134280802704,40.79133810771433,41.08539581298828,25593100
2012-02-10,40.98949325336578,41.034241411441734,40.67625370824234,40.88081741333008,10702500
2012-02-13,40.91917721309689,41.03424461100485,40.51644132041901,40.7146110534668,9295900
2012-02-14,40.605934143066406,40.899994161885004,40.45890413365711,40.605934143066406,12623200
2012-02-15,40.490876575504515,40.657083710358926,40.222385125549195,40.318275451660156,9099000
2012-02-16,40.40137951933751,40.46530477654557,40.10092544555664,40.10092544555664,11449400
2012-02-17,39.998639044344294,40.12009799473138,39.84521746897028,40.0689582824707,14646300
2012-02-21,40.30549957293958,40.52284891744006,40.25435984172393,40.363033294677734,6581800
2012-02-22,40.37580473407582,40.45890951169017,40.27352286877816,40.33744812011719,5506300
2012-02-23,40.388602497404925,40.426959122973834,40.16486161140153,40.35663986206055,19031400
2012-02-24,40.36941688630928,40.60594326426391,40.36941688630928,40.47169876098633,16088000
2012-02-27,40.38859204766029,40.752971361214364,40.305487266392404,40.47808837890625,25483800
2012-02-28,40.6123328757752,40.71461474556946,40.292701727844104,40.47808837890625,6407500
2012-02-29,40.53931188205712,40.68754754102786,40.48130641040873,40.56509017944336,7013800
2012-03-01,40.6359995874425,40.6359995874425,40.242851532715555,40.31374740600586,7660300
2012-03-02,40.30730490301837,40.39753512371213,40.21707468232461,40.29441452026367,6011800
2012-03-05,40.28150372460013,40.59086537817451,40.2363886371156,40.46841049194336,5646600
2012-03-06,40.18485510912827,40.487773014778384,40.10107129323365,40.139739990234375,7231200
2012-03-07,40.17196702182939,40.43621377083218,40.055956014112105,40.35887145996094,7509000
2012-03-08,40.53933517181887,40.68112449395955,40.42976812527556,40.57155990600586,4398300
2012-03-09,40.57798969336435,40.81001163219652,40.53932100928483,40.70044708251953,4096100
2012-03-12,40.80355510256654,41.28048921421308,40.61020190737135,41.209590911865234,8098100
2012-03-13,41.448069070028566,41.615641561242185,41.31917017966576,41.467403411865234,7450800
2012-03-14,41.37716408572867,41.65430106438797,41.216040508286504,41.28693389892578,6930200
2012-03-15,41.248269327027224,41.46739839758215,41.11936799366258,41.35783386230469,4734500
2012-03-16,41.39651358125985,41.570527579663086,41.364286399210776,41.55119323730469,8870500
2012-03-19,41.45451234655312,41.815433145945356,41.4222851678172,41.7187614440918,6555900
2012-03-20,41.50607637980637,42.253698783429876,41.460961277149586,42.073238372802734,7676400
2012-03-21,42.07324392140966,42.26659719668235,41.925010671921584,42.12480545043945,6555500
2012-03-22,41.98299325085838,42.253683770622274,41.91209741227607,42.14411926269531,5149000
2012-03-23,42.1828075826534,42.38260727408616,42.07324302368644,42.08613586425781,5356000
2012-03-26,42.19568640175537,42.40837394590628,42.18279356546823,42.39548110961914,5211800
2012-03-27,42.44061244309628,42.65974648924717,42.2859327686933,42.54373550415039,5274800
2012-03-28,42.50505253301963,42.55661405218673,42.27947703313493,42.492164611816406,5833300
2012-03-29,42.44059113018344,42.55015563964844,42.23435002882403,42.55015563964844,6320700
2012-03-30,42.71774424014534,42.859535972969745,42.563064584872166,42.76285934448242,5949300
2012-04-02,42.70485426632575,43.02065998151524,42.67262708598552,43.01421356201172,5203800
2012-04-03,42.91108619560577,43.065765810140896,42.749960162955254,42.898193359375,5108400
2012-04-04,42.68552917430774,42.87243112581246,42.62752122056132,42.75642013549805,4556500
2012-04-05,42.56305343195,42.67261795417659,42.343919470320536,42.633949279785156,5755800
2012-04-09,42.298807551570796,42.33748114604028,42.05389773342183,42.11834716796875,4526200
2012-04-10,42.01522311947168,42.118341216741065,41.75742050053426,41.79608917236328,5715700
2012-04-11,42.00879051903165,42.16347017439993,41.86699878612006,41.98945617675781,5376900
2012-04-12,41.93143891996596,42.21502232280649,41.66074835389628,42.13768005371094,5843100
2012-04-13,42.118356734800784,42.215033367168786,41.93144989013672,41.93144989013672,7412100
2012-04-16,41.97655261812901,42.78862920650408,41.97655261812901,42.530826568603516,7862600
2012-04-17,42.68552516256292,42.95621580879657,42.550174922268134,42.79508972167969,6748100
2012-04-18,42.6017230166168,42.73706829705504,42.569500759660876,42.6726188659668,5408000
2012-04-19,42.66617153605259,42.76929455733146,42.53727267663029,42.633949279785156,6531200
2012-04-20,42.64684225308462,43.014209454870084,42.601727155222434,42.94331359863281,7302500
2012-04-23,42.64683956174344,42.82729994180375,42.556609371713286,42.65328598022461,4944500
2012-04-24,42.74996728145385,43.078660902426286,42.71129368349813,42.8659782409668,5512500
2012-04-25,42.95620158891191,43.09154686722509,42.859524985209255,42.96908950805664,7056700
2012-04-26,42.85954063390989,43.0335546503689,42.67908019693666,42.7757568359375,7989100
2012-04-27,42.94975169746674,42.9819788684869,42.59527248494867,42.60171890258789,6248000
2012-04-30,42.517935256491356,42.69839561346805,42.38903148923948,42.537269592285156,5367500
2012-05-01,42.48572491645794,43.014218278617854,42.38904828201376,42.853092193603516,6591700
2012-05-02,42.87242018911756,43.130222870404324,42.801529246011434,43.07221984863281,5812400
2012-05-03,43.08511332292698,43.18178995551668,43.00132953051073,43.12378692626953,5821300
2012-05-04,43.091559096006705,43.11733985878872,42.4535011979794,42.472835540771484,6971200
2012-05-07,42.86598233802407,43.16245372574292,42.71129776577091,42.9368782043457,6910300
2012-05-08,42.698399679363554,42.988424578239616,42.64683816755293,42.872413635253906,6917600
2012-05-09,42.621079215708264,42.75642456556873,42.33105416846141,42.498626708984375,6013300
2012-05-10,42.64683059590014,43.30422746182829,42.64683059590014,43.046424865722656,8106700
2012-05-11,42.96265295226534,43.342908075508156,42.923979356026976,43.05288314819336,5114000
2012-05-14,42.90464781043898,43.47180978137387,42.74352174762117,43.27846145629883,7482800
2012-05-15,43.18824432720998,44.213004036672245,43.12379486600999,43.7296257019043,16062300
2012-05-16,44.06475963706066,44.51591066868044,43.98097093320452,44.309669494628906,12660500
2012-05-17,44.206548383884204,44.586808484759395,44.19366046120703,44.32255935668945,10532100
2012-05-18,44.10987428962048,44.11631579202249,43.54270737888952,43.90363311767578,11275700
2012-05-21,43.94875322145394,43.96808756521491,43.60072028222267,43.81340789794922,5500800
2012-05-22,43.768269818143,44.14852482500469,43.71026190012785,43.87783432006836,5514200
2012-05-23,43.74894784843619,44.08409282070137,43.42669571512284,43.826290130615234,5530300
2012-05-24,43.9422880250027,44.40633174569609,43.761827670772135,44.348323822021484,16245700
2012-05-25,44.20009322859027,44.53523320363299,44.026074364544584,44.23876190185547,9372400
2012-05-29,44.1485433887276,44.689924626242004,44.10987470524156,44.6834831237793,10044700
2012-05-30,44.55876827191996,44.55876827191996,44.201521637505714,44.31194305419922,7549600
2012-05-31,44.259981896831796,44.55227507207733,43.95469505054267,44.07161331176758,10839300
2012-06-01,43.53248474891465,43.915718708839016,43.43505700587981,43.850765228271484,10514100
2012-06-04,43.8182860851232,43.94170116735564,43.55197532765092,43.83127975463867,6034400
2012-06-05,43.75982258036783,43.79879367154017,43.29864649751064,43.51948928833008,5607400
2012-06-06,43.72735856499198,43.94820638820047,43.54548680213433,43.8377799987793,5743100
2012-06-07,44.03913642474216,44.15605467900949,43.64291372726026,43.96118927001953,6389200
2012-06-08,44.00665600755367,44.435357913416,43.909223305709226,44.370399475097656,3851800
2012-06-11,44.5262913638854,44.70166625318145,44.188525343239434,44.20151901245117,3874200
2012-06-12,44.33143843084328,44.493824652201674,44.19503459957832,44.428871154785156,5537800
2012-06-13,44.363912321123195,44.740644543078034,44.272976444551304,44.52629852294922,4964900
2012-06-14,44.604227923458794,45.24728066614164,44.545771286287,44.993953704833984,5879900
2012-06-15,45.143329281819035,45.29921852773387,44.94846400770316,45.130340576171875,8815900
2012-06-18,45.09139093182925,45.305741867651705,45.078402218582134,45.208309173583984,4337700
2012-06-19,45.29274811205465,45.29923999013914,44.95498213764038,45.019935607910156,5340200
2012-06-20,44.90951670087661,44.974470174744816,44.35740473954824,44.76012420654297,8799900
2012-06-21,44.87703771304074,45.14335339956911,44.46782636553275,44.49380874633789,7056100
2012-06-22,44.58475097745122,44.85106670206567,44.58475097745122,44.623722076416016,5330600
2012-06-25,44.25998261894488,44.6497085108419,44.23400023206727,44.565269470214844,5120700
2012-06-26,44.52630283602867,44.90303509447601,44.36391661847296,44.779624938964844,6461800
2012-06-27,44.883535333323266,45.41616176007697,44.78610264250548,45.30574035644531,7553700
2012-06-28,45.156344409330174,45.351209797465614,44.89003366488659,45.208309173583984,6067200
2012-06-29,45.442151019719354,45.89683532714844,45.3447183141536,45.89683532714844,8886700
2012-07-02,45.68896423838376,45.98126227826407,45.468121455730696,45.96177673339844,6248000
2012-07-03,45.740928995113414,46.04621574636015,45.740928995113414,45.96177673339844,3377200
2012-07-05,45.792907027719586,45.8253862489997,45.507105738481485,45.578556060791016,4417100
2012-07-06,45.403184063128144,45.78641312952384,45.214815470013185,45.61103820800781,4578900
2012-07-09,45.552575280326,45.747440703607616,45.266778936648834,45.461639404296875,4289200
2012-07-10,45.57205460713198,45.65649362683432,45.286253377935836,45.38368606567383,5074800
2012-07-11,45.30575271655084,45.65001068981103,45.20831999915192,45.55257797241211,6239200
2012-07-12,45.44213587395101,45.54606538008386,45.29923528083414,45.37068557739258,5637500
2012-07-13,45.46163492242254,45.792904127089386,45.3706990553584,45.73444747924805,4183800
2012-07-16,45.68899113874987,45.825399944386774,45.57207780072088,45.69548797607422,4543400
2012-07-17,45.87734795660721,46.01375177146726,45.18883204665641,45.68248748779297,5872300
2012-07-18,45.57855058337672,45.75393042819956,45.338222215065656,45.7149543762207,4221900
2012-07-19,45.701965183359526,45.77341549633317,45.53308217490975,45.740936279296875,4110900
2012-07-20,45.49411488531949,45.67598662242076,45.24728966434394,45.4421501159668,7628100
2012-07-23,45.1888223503447,45.40317328011664,44.77961099357036,45.039424896240234,5070600
2012-07-24,44.909537311490155,44.909537311490155,44.46784654859309,44.68219757080078,5930700
2012-07-25,44.85755164143139,45.760418302407025,44.84456292899702,45.66299057006836,8688300
2012-07-26,45.93579820280641,46.442442234279184,45.90331898822179,46.26057052612305,9457100
2012-07-27,45.85135662325838,47.046521412449856,45.79939681509298,46.936100006103516,10795700
2012-07-30,46.73473395889664,47.377786708073984,46.669780487283475,47.254371643066406,6198600
2012-07-31,46.96857767634386,47.31933242399395,46.92960657848263,47.241390228271484,6838800
2012-08-01,47.28036828827957,47.35831545111294,46.176139115158634,47.02704620361328,13038300
2012-08-02,46.83867878666978,46.93611150375041,46.40997681376855,46.63732147216797,6331400
2012-08-03,47.07249093054525,47.35179526509155,46.89061926258603,47.33230972290039,5431800
2012-08-06,47.325823749449334,47.384280389436,47.0660048974774,47.07899856567383,4092200
2012-08-07,47.17643595735881,47.260879951026446,46.897131501543,46.95559310913086,4924900
2012-08-08,46.82567516399411,47.22189782845758,46.79969773688455,47.13745880126953,3521400
2012-08-09,47.040014531600825,47.0919792843006,46.7412246370245,46.8581428527832,3992700
2012-08-10,46.773719482655025,46.87115218763061,46.56586535800263,46.851661682128906,3590200
2012-08-13,46.708751871198515,46.87113801183437,46.62430790646357,46.760711669921875,3949000
2012-08-14,46.85814605033099,46.96207556282256,46.552859301926865,46.923099517822266,6920700
2012-08-15,46.77372204206637,47.208915865052994,46.68927804717133,47.169944763183594,6502100
2012-08-16,47.05303347268967,47.8129998055304,47.02705108238303,47.793514251708984,8715500
2012-08-17,47.787011801204144,47.83897657571259,47.49471861695301,47.67009353637695,6204700
2012-08-20,47.59213890713419,47.73503953679368,47.33881686569525,47.6311149597168,3356800
2012-08-21,47.611624462141535,47.72854269647024,47.41675908638291,47.423255920410156,3917900
2012-08-22,47.26087118880253,47.46872528327091,47.0660058071492,47.34531021118164,4331800
2012-08-23,47.38429412371041,47.41027651200181,47.09200092779145,47.19593048095703,3832100
2012-08-24,47.195924130937605,47.58564999160481,47.14395936134647,47.45573806762695,3989900
2012-08-27,47.423258959780085,47.845463997228116,47.37129419549637,47.527183532714844,3472200
2012-08-28,47.429746772593,47.64409769016322,47.35180458848183,47.49470520019531,4387400
2012-08-29,47.43626624010466,47.572670083014856,47.24140573121921,47.27388000488281,3770500
2012-08-30,47.09847947399627,47.143947396941165,46.81917510286849,46.88412857055664,3881300
2012-08-31,47.05302469782246,47.26087882587883,46.89063850541488,47.04652786254883,5234100
2012-09-04,47.124466493096484,47.20890551384358,46.747729405518804,47.07899856567383,4925900
2012-09-05,47.01878864613174,47.17584374803501,46.69813302354416,46.81592559814453,5277300
2012-09-06,47.025348775115816,47.33945907718056,46.99917208449488,47.215126037597656,5226400
2012-09-07,47.215102771594665,47.4441424607983,47.11694147831003,47.18238067626953,4609200
2012-09-10,47.116951912297644,47.17584570569591,46.959896803877044,47.012245178222656,3953300
2012-09-11,46.97298429496563,47.103867717144794,46.76357581217101,46.842105865478516,4270400
2012-09-12,46.80283863003889,46.933722053022215,45.78197289422938,45.847412109375,10485400
2012-09-13,45.98484361904424,46.50836741280083,45.80815720944982,46.384029388427734,8461200
2012-09-14,46.40365677094729,46.48218183010102,45.97829439399406,46.10917282104492,7448100
2012-09-17,46.09608040532957,46.370928058577434,45.95211116047843,46.063358306884766,6596600
2012-09-18,46.06338164425035,46.403673666791995,46.01757367883441,46.28588104248047,4725400
2012-09-19,46.35783446497458,46.58033373724528,46.13534018539483,46.3643798828125,4902500
2012-09-20,46.32512705869726,46.842105336914294,46.30549579376492,46.619606018066406,4790100
2012-09-21,46.7897440340949,46.7897440340949,46.11571075802873,46.16806411743164,8268300
2012-09-24,46.18115724424001,46.377479876617684,46.07645550161268,46.26622772216797,4526800
2012-09-25,46.42327395512221,46.48216773162448,45.978280448351256,46.037174224853516,5642400
2012-09-26,46.22042021530899,46.45600537933661,46.076455941907206,46.0829963684082,3758200
2012-09-27,46.12228033574004,46.35786059107164,45.991396868673846,46.22698211669922,3373400
2012-09-28,46.2138782856913,46.33167086387388,46.03718692207151,46.312034606933594,5021800
2012-10-01,46.26622235549672,46.613059631491325,46.15497520664311,46.23350524902344,4794000
2012-10-02,46.36439980178073,46.50182367927106,45.971759438566465,46.213890075683594,4219000
2012-10-03,46.31858108982761,46.436373670715824,46.12880387658038,46.26622772216797,4276000
2012-10-04,46.31857314713798,46.50180490983427,46.26621978845588,46.377471923828125,4630500
2012-10-05,46.53454911374443,46.717780963486284,46.39712522643804,46.52800369262695,5491700
2012-10-08,46.462556971288016,46.730864274234406,46.37094106118258,46.58689498901367,3023600
2012-10-09,46.586887821406194,46.77011961342601,46.51490318987099,46.5345344543457,4673200
2012-10-10,46.58034614482403,46.70468415340958,45.86704519121779,45.997928619384766,5150900
2012-10-11,46.29894753255961,46.357841323741525,45.69035339355469,45.69035339355469,5258200
2012-10-12,45.87357174384198,46.246580623494665,45.76887003706257,45.84085464477539,6158600
2012-10-15,45.83432202117106,46.06336174932772,45.64454481992936,46.0306396484375,4700700
2012-10-16,46.13533777487796,46.3905541376216,45.96519186881863,46.004459381103516,5802400
2012-10-17,45.958675500009306,46.41675511068162,45.775438663047076,45.873600006103516,9153200
2012-10-18,45.89323101991581,46.403669002420436,45.86051390087522,46.30550765991211,8081400
2012-10-19,46.21387923312818,46.39711102679269,45.55293169795954,45.729618072509766,9572400
2012-10-22,45.59874390586813,45.72962234422792,45.16029564540123,45.546390533447266,5820400
2012-10-23,45.26498479281779,45.3238835685631,44.734920774565055,44.839622497558594,5692900
2012-10-24,44.86581014703263,45.17337995869895,44.64986123033886,44.7611083984375,5619700
2012-10-25,44.91815227928964,45.212631178271195,44.84616766083798,45.08175277709961,4805600
2012-10-26,45.23881183073319,45.278079348686624,44.944332905885176,45.140655517578125,5200000
2012-10-31,45.26498307742173,45.59872948015455,45.134104680466926,45.310791015625,5490500
2012-11-01,45.317339114159644,45.59218675963864,45.23226865037551,45.44167709350586,4420100
2012-11-02,45.60528315434946,45.65763152699423,45.107936169036286,45.186466217041016,4352400
2012-11-05,44.87236960301601,45.2061162044031,44.70876901309796,45.15376281738281,4759100
2012-11-06,45.17335833399513,45.552912600429,44.996672033518585,45.38276672363281,4800300
2012-11-07,45.26498647186037,45.41550113306728,44.852714997114596,45.147193908691406,5913100
2012-11-08,45.08176994449957,45.35007725957257,44.89199269564881,45.01633071899414,5531800
2012-11-09,44.911603284329075,45.251895088577385,44.86579534829841,45.055572509765625,5598700
2012-11-12,45.0097762129064,45.134114211152706,44.872352369277685,44.898529052734375,3906400
2012-11-13,44.970510695572386,45.26498962767991,44.833086861076104,44.8788948059082,3791000
2012-11-14,44.865815992094184,44.96397732666636,44.525529023962584,44.610599517822266,4711100
2012-11-15,44.57787597893511,44.70220899163342,44.3161141220199,44.62368392944336,4668900
2012-11-16,44.512428450665425,44.826543654076914,44.361918764230666,44.702205657958984,5178400
2012-11-19,44.87234181369828,45.02285645999485,44.60403960859225,45.009765625,5512100
2012-11-20,44.89198819298711,45.10794210891846,44.708756382872885,45.09485626220703,5457000
2012-11-21,45.14066043930477,45.41550813148866,44.94433780620658,45.35660934448242,4106000
2012-11-23,45.48093708505182,46.04372318077132,45.48093708505182,45.93247604370117,3427900
2012-11-26,45.670723587251686,45.840869532804106,45.546385589422016,45.80814743041992,3855800
2012-11-27,45.75580418657617,46.08300531203972,45.60529446477099,45.88014221191406,4794900
2012-11-28,45.74924077413615,46.19422928821667,45.6837965877686,46.037174224853516,4434100
2012-11-29,46.06337021967781,46.2269707688293,45.91940093759369,46.011016845703125,4284700
2012-11-30,46.01102257277328,46.03719926301888,45.63801347398651,45.94558334350586,6664600
2012-12-03,46.01754713185522,46.07644590637987,45.6772602983148,45.72306823730469,4769200
2012-12-04,45.70344282224951,45.821235406541575,45.579109811329936,45.71653366088867,3644900
2012-12-05,45.83325616565297,46.222341824521145,45.70136391585249,45.971744537353516,4841900
2012-12-06,46.037678200211005,46.17616653442383,45.99811154225461,46.17616653442383,4086200
2012-12-07,46.20256771934114,46.34105611870532,46.06407931997697,46.33446502685547,3891300
2012-12-10,46.17619340013816,46.38063299171033,46.16300618360207,46.30149459838867,4124000
2012-12-11,46.30147973878953,46.749920427623415,46.22234137086587,46.43996810913086,5840800
2012-12-12,46.49272247631211,46.6575902865118,46.268504669496345,46.321258544921875,4483400
2012-12-13,46.37403686775809,46.466362477615824,46.22895232901926,46.30149459838867,4325200
2012-12-14,46.22893721172811,46.459751160894136,46.16958720967116,46.26850891113281,5068300
2012-12-17,46.33445543439131,46.54548605135746,46.22893761022485,46.40699768066406,5934100
2012-12-18,46.34105205268825,46.670787745490934,46.16299699237644,46.512516021728516,5549700
2012-12-19,46.525700438443494,46.59164655963425,46.06406752737513,46.0838508605957,6275900
2012-12-20,46.18277956516194,46.32786407261451,45.94536946776086,46.235538482666016,6478200
2012-12-21,46.149806266661365,46.22234348470019,45.655202765094565,45.91898727416992,8748000
2012-12-24,45.7211594178524,45.89921450560511,45.51012874319044,45.787105560302734,2071300
2012-12-26,45.77391764066466,45.78710485640474,45.22655510714217,45.398014068603516,3731400
2012-12-27,45.33865521668614,45.457360260689974,44.96275674923521,45.28589630126953,4748100
2012-12-28,45.06826939913024,45.2990883954701,44.85064767865138,44.85723876953125,3764500
2012-12-31,44.69895957263587,45.14080409324354,44.44176619309611,45.12761688232422,5899600
2013-01-02,45.62222773679855,45.820071152361606,45.26611260760527,45.72114944458008,8055900
2013-01-03,45.68818879115329,45.82008612174175,45.53651315018744,45.74094772338867,5200100
2013-01-04,45.694787246524186,45.91900517290941,45.56948603391541,45.8068962097168,4512300
2013-01-07,45.853051895479275,45.95856974893784,45.60905066425067,45.80029296875,5658400
2013-01-08,45.66838845532259,45.96514853382128,45.66838845532259,45.93877410888672,5072500
2013-01-09,46.13001448311704,46.189369515219106,45.87941720551192,46.169586181640625,6280900
2013-01-10,46.2883049731345,46.76971633786014,46.268521633675654,46.697174072265625,6923200
2013-01-11,46.63782290557168,46.74993184732354,46.532305055898405,46.74333572387695,4668900
2013-01-14,46.74992049322373,47.09943948048518,46.67078212518902,47.013710021972656,5631800
2013-01-15,46.93457060654706,47.31046904143154,46.73673223792541,47.218143463134766,5546100
2013-01-16,47.04010871388964,47.35006115956461,46.99394590483393,47.13903045654297,5001000
2013-01-17,47.24452003743173,47.79188238350169,47.020302227060725,47.7655029296875,7495700
2013-01-18,47.62703604959906,47.83806674391709,47.56768099390753,47.798500061035156,7741200
2013-01-22,47.73913556059813,47.77870223565217,47.49512932457378,47.613834381103516,7042200
2013-01-23,47.534707616602496,47.67319602984587,47.31048468704062,47.35664749145508,4812000
2013-01-24,47.422605761237826,47.732553190745186,47.422605761237826,47.633636474609375,5136300
2013-01-25,47.74573802275195,47.84465975488848,47.633629074302426,47.80508804321289,4153600
2013-01-28,47.75232785207335,47.92378679838279,47.67978559349335,47.884220123291016,3741000
2013-01-29,47.78529630665548,48.10843587891188,47.78529630665548,48.101844787597656,6654600
2013-01-30,48.05568174083629,48.444767443776804,48.03589337289463,48.27989959716797,5179600
2013-01-31,48.37881990422665,48.385416026682016,47.93037917323958,48.04248809814453,5677900
2013-02-01,48.19417569274102,48.21395903159949,47.85784383804312,47.923789978027344,5964900
2013-02-04,47.79850159976498,47.92379777671419,47.7457426666449,47.77871322631836,5449500
2013-02-05,47.897405614116174,48.246929679862696,47.897405614116174,48.240333557128906,5558500
2013-02-06,48.08205381434277,48.2205421804574,47.96993987203097,47.989723205566406,4782800
2013-02-07,48.02270177390039,48.16119014864202,47.78529169395275,48.01610565185547,4146400
2013-02-08,47.983138531809566,48.055680785384546,47.79189122978164,47.877620697021484,3721400
2013-02-11,47.81168214124923,47.90400774563323,47.61383868535889,47.719356536865234,3744000
2013-02-12,47.758919216732494,47.77870255439149,47.521509102089226,47.594051361083984,6398000
2013-02-13,47.6402215701422,47.72595608849127,46.80929107100204,47.15221405029297,12029800
2013-02-14,47.56106361234394,48.27328866739021,47.152189666877916,47.66657638549805,8160800
2013-02-15,47.80508258186254,48.616234655072454,47.79189536705608,48.5898551940918,9345800
2013-02-19,48.636002572167,49.84942720433549,48.45794755621237,49.790077209472656,10825700
2013-02-20,49.65162476907804,50.02752343585657,49.65162476907804,49.73735427856445,7637900
2013-02-21,49.63839506717431,49.750508995141125,49.27568892557757,49.697750091552734,5645200
2013-02-22,49.737324788112005,49.842842612334096,49.55267362709013,49.836246490478516,4971300
2013-02-25,49.90879094378277,50.3374483187486,49.519700238966486,49.58565139770508,7600400
2013-02-26,49.724140048502946,49.96814122425861,49.46035050619649,49.869224548339844,6176900
2013-02-27,49.88053977594093,50.20599062055452,49.501952651738115,50.1329345703125,4655800
2013-02-28,50.10636797246841,50.44510036372604,50.10636797246841,50.32554626464844,6007400
2013-03-01,50.179407401901166,50.44507855847561,50.05985335450167,50.43179702758789,4282100
2013-03-04,50.33214770246307,50.890068056555265,50.17274405872978,50.87678146362305,5558800
2013-03-05,51.036187462008016,51.188952883673785,50.80372274847377,51.07604217529297,7424800
2013-03-06,51.14247531126041,51.20224979812632,50.890085698906184,51.009639739990234,3940800
2013-03-07,50.98307636752304,51.25539083423168,50.92329680772918,51.23546600341797,4461600
2013-03-08,51.24876270705914,51.41480975305036,50.910025314378025,51.275325775146484,4297000
2013-03-11,51.2221802770294,51.40150880701903,51.002997021323644,51.0428466796875,4023100
2013-03-12,51.02957782197431,51.262042665747295,50.93659188446511,51.069427490234375,4608300
2013-03-13,51.06940709204148,51.2088859425945,50.91000341531682,51.109256744384766,3544000
2013-03-14,51.182317644135864,51.288590139824436,51.04948209187665,51.2686653137207,4149900
2013-03-15,51.04285476275045,51.24211322082853,50.94322553371141,51.16905212402344,6650900
2013-03-18,50.91665011140798,51.13582828127583,50.87679538905322,50.929931640625,4176900
2013-03-19,50.99635897484024,51.109269730068576,50.810387126851744,50.92329788208008,5040200
2013-03-20,51.109243788114064,51.18894813994697,50.524760410056736,50.6908073425293,7579800
2013-03-21,50.67090110254515,50.976426962249676,50.47828598216255,50.57791519165039,3998200
2013-03-22,50.969792115985996,52.65018715669711,50.91666092048687,52.23175048828125,14228500
2013-03-25,52.21182581420242,52.23175064599387,51.54099442889019,51.69375991821289,6873800
2013-03-26,51.74025496442789,52.43101120933948,51.66719386668271,52.417724609375,5183700
2013-03-27,52.13874259413249,52.238371778164684,51.74687422225019,51.999263763427734,3601600
2013-03-28,52.138767266917704,52.557203957042,51.853166173462114,52.543922424316406,5338100
2013-04-01,52.31144050884816,52.62360963313755,52.31144050884816,52.537261962890625,3639000
2013-04-02,52.70332361918898,53.055342494049675,52.65018735613564,52.96235656738281,4034100
2013-04-03,53.048703745944294,53.055341978246716,52.33802270341222,52.44429016113281,3895400
2013-04-04,52.00590871617259,52.849425024154066,52.00590871617259,52.82285690307617,5299000
2013-04-05,52.437644020296545,52.52399170907849,52.07234363669317,52.19853591918945,4244000
2013-04-08,52.18524162176193,52.80957985162529,51.9727017024778,52.80293655395508,3726400
2013-04-09,52.86935774462873,52.94906211976695,52.57047520572589,52.61032485961914,3921900
2013-04-10,52.75646335736786,53.20146818820838,52.643552591456675,53.17490005493164,3540200
2013-04-11,53.15495241910743,53.45383998973736,53.00219205248976,53.10845947265625,5389900
2013-04-12,52.424357443594396,53.16160650649427,52.29816010589106,53.128395080566406,5540000
2013-04-15,52.82287976328808,53.14833051947373,52.411086376745914,52.417724609375,5356600
2013-04-16,52.62361397213135,53.15496129640524,52.53062299634767,53.13503646850586,5148600
2013-04-17,52.96233879854021,53.23465825481079,52.318075760389085,52.371212005615234,7532300
2013-04-18,53.27452621686881,55.42649421470168,53.20810842118225,53.96528244018555,18895600
2013-04-19,54.47007792619462,55.30695144388973,54.37709197978405,54.974857330322266,8368300
2013-04-22,54.65601965887674,55.54602895978505,54.49661599118519,55.379981994628906,6664800
2013-04-23,55.572606670597494,56.00432986796173,55.45969593097439,55.85820770263672,6670800
2013-04-24,55.831639820423334,55.984405285029176,54.60953637298509,54.68923568725586,6398300
2013-04-25,54.73573836674996,55.18738136564455,54.582972889148365,55.008052825927734,5602800
2013-04-26,54.93497482131057,55.12094660296857,54.66266044598306,54.80213928222656,3076000
2013-04-29,54.802155682905536,55.07447013972878,54.742376125281766,54.8951416015625,2849600
2013-04-30,54.7357240803444,54.88848445072191,54.47668615248239,54.77557373046875,4116100
2013-05-01,54.70252304091387,55.02133043710937,54.51655121524113,54.6028938293457,3532100
2013-05-02,54.556384751151306,55.08109371415993,54.516535105240756,54.83534240722656,2727000
2013-05-03,55.10102918975497,55.2936442944786,54.76893523002837,55.014686584472656,4777200
2013-05-06,54.92836402955846,54.92836402955846,54.60955652015312,54.795528411865234,3032100
2013-05-07,54.855279304635516,55.35342025756835,54.70916221501741,55.35342025756836,3706700
2013-05-08,55.32685155713477,55.55931629799306,55.00139585258187,55.29364013671875,4110700
2013-05-09,55.360063327604564,55.51282878217573,54.86192237672507,55.02796936035156,3711900
2013-05-10,55.114323907520934,55.29365244256445,54.848647687119204,55.12760543823242,3161800
2013-05-13,54.941644342082704,55.3600810505328,54.80880367224293,55.14754104614258,3010600
2013-05-14,55.167453383293534,55.47297925368741,55.074467469145496,55.45969772338867,4538500
2013-05-15,55.37999834690501,56.090679364924895,55.28701242434934,55.95784378051758,4087900
2013-05-16,55.81835707938787,56.30985475368455,55.57260570856353,55.61909866333008,4496300
2013-05-17,55.732015703378096,55.818358316328755,55.200663293683824,55.65895462036133,4505200
2013-05-20,55.65232204199845,55.68552840690579,54.77559394426569,54.85529327392578,3958200
2013-05-21,54.881839752197266,55.08109813243473,54.54310760008512,54.881839752197266,3982600
2013-05-22,54.85528658167388,55.971122666963026,54.84864834991413,55.10768127441406,5239900
2013-05-23,54.662679205733795,54.94828027339609,54.1379700317797,54.54312515258789,4687000
2013-05-24,54.33722801490237,54.98149129661595,54.164542753660946,54.848655700683594,3579600
2013-05-28,55.18738108843781,55.44641908260938,54.576329315805864,54.749019622802734,4052500
2013-05-29,54.61618591294536,54.61618591294536,53.746096116359475,53.878936767578125,4346000
2013-05-30,53.89221820127883,54.124683006298966,53.599973836480544,53.94535446166992,4959800
2013-05-31,53.81251231009095,54.20438588535667,53.61325894020975,53.64646530151367,7813300
2013-06-03,53.58004001771295,54.12467392697846,52.95570679858294,54.06489944458008,5758100
2013-06-04,54.230941777290184,54.50325617488431,53.81250016699353,54.217655181884766,4543000
2013-06-05,54.102623858827904,54.530682290145684,53.98892195425953,54.30996322631836,6998200
2013-06-06,54.303265921445,54.61762237548828,53.98221962078055,54.61762237548828,6031600
2013-06-07,54.83165660697158,55.186141967773445,54.503920429409824,55.18614196777344,6448200
2013-06-10,55.246329443182375,55.553996046497154,54.91859840312978,55.41353988647461,5036600
2013-06-11,55.099192807474196,55.386795022964314,54.72464298371353,55.199520111083984,6505000
2013-06-12,55.38680076205151,55.640963971246755,54.87179470101653,54.91861343383789,4277900
2013-06-13,54.88516087978973,55.005552617565854,54.343400611226336,54.83165740966797,5410700
2013-06-14,54.84504776290966,55.5138898087988,54.838357913650015,54.9319953918457,4034300
2013-06-17,55.239662704785374,55.467071656279714,54.905241678304215,55.212913513183594,4655200
2013-06-18,55.09250625116556,55.306535443828245,54.84503292411307,55.22627258300781,3355200
2013-06-19,55.018930502877204,55.29315300038013,54.10261535644531,54.10261535644531,5487200
2013-06-20,53.828394180511374,54.09592683746553,52.68467012974151,52.77831268310547,7031200
2013-06-21,53.21305963960886,53.78826407868685,52.985655844226656,53.59429931640625,9417000
2013-06-24,52.62448060786196,54.00898312916395,52.303434252362656,53.59429931640625,6787400
2013-06-25,53.78827679601384,53.875229528925644,53.28664525515926,53.53411865234375,5929200
2013-06-26,53.922037418534494,54.557435201286125,53.922037418534494,54.37685012817383,4519100
2013-06-27,54.69120702127366,55.206218208766444,54.523996524555635,54.671142578125,4464300
2013-06-28,54.82497778928653,55.02562732110331,54.57750442023391,54.704586029052734,5996000
2013-07-01,54.818290883160444,55.17946618324849,54.684524521435804,54.87179946899414,3804900
2013-07-02,54.80490082225408,54.998865564019916,54.3902170533556,54.63100051879883,5056000
2013-07-03,54.47047103108622,54.47047103108622,53.721366471489404,53.9955940246582,3862500
2013-07-05,54.243065082841895,54.36345680235218,53.7013048964744,54.042415618896484,3343200
2013-07-08,54.39023973838805,54.7380353874987,54.223029212249024,54.697906494140625,3749900
2013-07-09,54.98551925805003,55.426957580364196,54.81830870011793,55.360069274902344,3834500
2013-07-10,55.36005607608168,55.79480444362568,55.29317288942724,55.5072021484375,5654100
2013-07-11,55.94862040024369,56.60408253955974,55.94862040024369,56.55057907104492,4746500
2013-07-12,56.216173932706205,56.530525396322346,56.075712617713464,56.396759033203125,4349300
2013-07-15,56.47031899879249,56.79805008461243,56.40343583270698,56.664283752441406,4215000
2013-07-16,56.13591262280236,56.38338601463845,55.72122872096183,56.19610595703125,4480500
2013-07-17,56.216166530320976,57.192675140514474,56.135903661302436,57.0120849609375,7280100
2013-07-18,57.07229751414638,58.22939148744545,57.05223306764042,58.05549621582031,9202600
2013-07-19,57.747827183543706,58.08224824928911,57.43347566814584,57.79465103149414,6146200
2013-07-22,57.64748859826235,58.149120054626316,57.54047143819902,57.78794479370117,4780500
2013-07-23,57.76788563807181,57.8080145253381,57.500347816290954,57.654178619384766,6321200
2013-07-24,57.9885919204098,57.9885919204098,57.27962112426758,57.27962112426758,5939800
2013-07-25,57.2796299777178,57.386647149903965,57.03884644315857,57.21943664550781,5084900
2013-07-26,56.75123606866075,57.07896718168376,56.423504955637746,57.058902740478516,4189800
2013-07-29,57.025473418496716,57.25287726136536,56.82481876655162,57.01878356933594,3406300
2013-07-30,57.23281090952263,57.51372333059684,56.92514419555663,56.92514419555664,4354700
2013-07-31,57.04553452976869,57.29300790565902,55.801488007266144,55.87506103515625,8016500
2013-08-01,56.20949715202313,56.450280743906035,56.09579520665089,56.31650924682617,5790900
2013-08-02,56.18272132688647,56.41012513050398,55.781417195123346,56.376686096191406,4442800
2013-08-05,56.41012635535682,56.61078097702471,56.028886656475024,56.50376892089844,3590200
2013-08-06,56.477027130790404,57.139179364269246,56.262997868309355,56.8850212097168,3837800
2013-08-07,56.80473046865968,56.844859341054,56.42349087234079,56.6910285949707,3832600
2013-08-08,56.83817823163919,56.91174613477996,56.477003048424905,56.63752365112305,2707900
2013-08-09,56.6375691120056,56.69776247276066,56.303147944623156,56.410160064697266,3753900
2013-08-12,56.13590022372264,56.20278339237956,55.8683624462363,56.05563735961914,2868600
2013-08-13,56.12252368249231,56.2496001676706,55.68777544702932,55.774723052978516,2953000
2013-08-14,55.74130557367038,55.875077073167226,55.33331653307258,55.3466911315918,3080600
2013-08-15,55.00556474183751,55.03231903422474,54.062500173770474,54.11600875854492,5350200
2013-08-16,53.90864363148271,54.00897091381363,53.46721073322725,53.62773132324219,6032400
2013-08-19,53.58093731498274,54.20965047819811,53.386972507121406,54.095943450927734,4945100
2013-08-20,54.14942429627591,54.14942429627591,53.68123713983937,53.70130157470703,3452900
2013-08-21,53.54747955263987,53.61436782326744,52.845198636777816,52.89201736450195,5453900
2013-08-22,52.831833124818495,53.30002563061011,52.64455816364584,53.005733489990234,3821500
2013-08-23,53.18630153421164,53.493973274960325,53.0190910721283,53.407020568847656,3026900
2013-08-26,53.48729707410034,53.574244699537964,53.28664242726319,53.30002212524414,4079000
2013-08-27,52.96558811344573,53.09935444325965,52.57765861298364,52.87863540649414,5179700
2013-08-28,52.81175944383202,53.293326461409606,52.79838485017001,53.08598709106445,5057400
2013-08-29,53.0057336586413,53.3334648417362,52.87196728676664,53.059242248535156,5617000
2013-08-30,53.11943390828643,53.400346342072105,52.992357389874726,53.326778411865234,4362700
2013-09-03,53.82839711000916,54.03573646129015,53.534105047913364,53.641117095947266,5966600
2013-09-04,53.69364959007829,53.69364959007829,53.2153853511018,53.5723991394043,5335000
2013-09-05,53.57240770965349,53.69365817972453,53.08067340382815,53.26254653930664,4025500
2013-09-06,53.28947911202954,53.6734379869739,52.757324681974204,53.39052200317383,4443600
2013-09-09,53.383814327365236,53.53874753242787,53.07395305649778,53.47138214111328,3757100
2013-09-10,53.727344057396536,53.75428917893098,53.235604583091664,53.50505065917969,4682500
2013-09-11,53.532000528188725,53.821654186301345,53.309707110257825,53.78797149658203,4437900
2013-09-12,53.86878232863666,53.922672551935314,53.59259878867198,53.801422119140625,3322300
2013-09-13,53.95638048291111,54.158466364497095,53.821659988025424,54.104576110839844,3416100
2013-09-16,54.42116374300362,54.71081737281333,54.29991326682149,54.57609176635742,4083900
2013-09-17,54.56936054091702,55.12845511742496,54.542415419033084,55.00720977783203,4139300
2013-09-18,55.02743331623494,55.862711780203576,54.73104202868626,55.82902908325195,4916800
2013-09-19,55.82901031484506,55.86943056545026,54.7916462964202,55.11498260498047,5351700
2013-09-20,55.23621778403138,55.23621778403138,54.885941591063315,55.06107711791992,5330500
2013-09-23,54.93984319490379,54.95331832517758,54.52893908891195,54.57609176635742,5384600
2013-09-24,54.53568941578932,54.71756774225153,54.19888302971904,54.25277328491211,5686200
2013-09-25,54.34707057986336,54.67040692368051,53.94290400453457,54.03047180175781,5174300
2013-09-26,54.07763252516343,54.27298084579511,53.78797882757269,54.25277328491211,3941600
2013-09-27,54.131515542361385,54.34707139505381,53.82165432531958,54.02373504638672,3429200
2013-09-30,53.79470892220519,53.835124038357534,53.38380477713339,53.552207946777344,5231400
2013-10-01,53.47137002148847,53.76776123046875,53.22886905764217,53.76776123046875,4135500
2013-10-02,53.572432358662255,53.60611505889033,52.99312486169721,53.5926399230957,5448300
2013-10-03,53.599359024709905,53.82839000098535,53.41074830263408,53.51179122924805,3987600
2013-10-04,53.60610388451651,53.84186731919183,53.30297506342759,53.63304901123047,2841500
2013-10-07,53.38378634915415,53.61281211396737,53.188438123090165,53.25579833984375,4867100
2013-10-08,53.410767351043106,53.451182480399645,53.121113599051235,53.16826629638672,5526500
2013-10-09,53.289499413273326,54.01700233955686,53.12783380940706,53.552207946777344,5298600
2013-10-10,53.86206605373795,54.35380554199219,53.761023129931566,54.35380554199219,4663300
2013-10-11,54.38077891955592,54.62327486772852,54.192162965462835,54.44813919067383,4111000
2013-10-14,54.19212978624366,54.643454118853995,54.118031991602685,54.62324142456055,3642800
2013-10-15,54.67714140492712,54.91964238708906,54.15846188929337,54.293182373046875,5427700
2013-10-16,55.23624054358905,55.50568664726283,54.818598825931836,55.418113708496094,7383200
2013-10-17,55.26992395834701,55.653882990857255,54.98700271918917,55.62693786621094,4469200
2013-10-18,55.67408306493356,55.91658401489258,55.391167003066826,55.91658401489258,6371200
2013-10-21,55.88964402143607,55.88964402143607,55.364226961406196,55.485477447509766,3997400
2013-10-22,55.539357609160035,56.401586066475275,55.438319829119045,56.20623779296875,5125900
2013-10-23,56.091713237302386,56.20623127349293,55.768382100162334,56.13213348388672,4665200
2013-10-24,56.18602415774546,56.18602415774546,55.599979400634766,55.599979400634766,5510800
2013-10-25,55.606723797262255,56.15908593970022,55.53262599797429,56.14561080932617,4065100
2013-10-28,56.152349894936826,57.0617259280635,56.0647821021602,56.99436569213867,5402000
2013-10-29,57.088663468193076,57.593872879416026,56.92026033111876,57.587135314941406,4349400
2013-10-30,57.57367184021804,57.587141831435645,56.994364571988186,57.06846237182617,3556100
2013-10-31,57.021330707349954,57.18973392554103,56.64410400390626,56.64410400390625,4572200
2013-11-01,56.68449961529441,57.04825102507965,56.47567622087229,56.96067810058594,4170000
2013-11-04,57.001113455682976,57.250346887121324,56.677777070435866,56.83271026611328,3572800
2013-11-05,56.62389482828959,57.196469865248446,56.46896674994829,57.001121520996094,3207600
2013-11-06,57.223403431211715,58.422438492940444,57.03479267566673,58.388755798339844,6017100
2013-11-07,58.31465337968153,58.388751190549236,57.31770428571604,57.45916748046875,5870000
2013-11-08,57.4524180315128,57.84984699009759,56.79901300132516,57.82963943481445,5208100
2013-11-11,57.76229324741863,58.01153181477049,57.43222443928261,57.56020736694336,4309200
2013-11-12,57.53325100586369,57.71512413512538,57.27727494487677,57.68817901611328,4561000
2013-11-13,57.573660611011874,57.93741197401848,57.385049935213374,57.89699172973633,3228400
2013-11-14,57.91722659585389,58.355070772625155,57.84986120934375,58.19340515136719,2897300
2013-11-15,58.152971589635996,58.32137472399315,57.63428705783269,57.95088577270508,3324000
2013-11-18,57.94415535174501,58.05193583786365,57.52651881617638,57.83638000488281,4157500
2013-11-19,57.66797510747423,57.80269557179586,57.209918333821896,57.45241928100586,4026200
2013-11-20,57.58039585487499,57.9912947310196,57.243589621875444,57.344627380371094,4471100
2013-11-21,57.789237511096516,57.876805317057475,57.405278455333324,57.67472457885742,3137000
2013-11-22,57.634277055074215,57.7959477362624,57.33115352154247,57.75552749633789,3380100
2013-11-25,57.802691724210234,58.01151511104178,57.418732773269575,57.50630569458008,2536200
2013-11-26,57.526518702389396,57.76228209123704,56.83943095288321,56.846168518066406,4633800
2013-11-27,56.927018051497534,56.987640735465874,56.63062678074287,56.866390228271484,3611600
2013-11-29,57.00111776607436,57.1762533962051,56.71819648036723,56.89333724975586,2698100
2013-12-02,56.87309459421867,56.933717242797215,56.27357997508667,56.38135528564453,4495900
2013-12-03,56.26684841041878,56.55650197609986,56.13212797304606,56.448726654052734,5767500
2013-12-04,56.304961811602034,56.304961811602034,55.687793732313786,56.05402755737305,6819800
2013-12-05,55.891260383571165,56.013333154620575,55.53858846388714,55.545372009277344,5321600
2013-12-06,55.965848309933214,56.46094354505063,55.77595046884536,56.393123626708984,4841200
2013-12-09,56.237139181089205,56.42703704251669,55.85734345823424,56.081153869628906,5371700
2013-12-10,55.91837545159142,56.16253130407833,55.68778668775837,55.88446807861328,4888900
2013-12-11,55.83021647078952,56.338873692707914,55.83021647078952,56.067588806152344,6606300
2013-12-12,55.992997052999456,56.054038623057394,54.91464600049846,55.1248893737793,6327400
2013-12-13,55.29442931346661,55.50467263920749,54.833246566371734,54.88750457763672,3798300
2013-12-16,54.97566177093217,55.138435780465244,54.66368601415242,54.93497085571289,4245600
2013-12-17,54.968887177742836,55.104527020677786,54.49413737881384,54.56874084472656,8210200
2013-12-18,54.65013592567451,55.34869105117414,54.229644071553686,55.21982955932617,7416900
2013-12-19,55.1248607274726,55.47074897984274,54.948524829788006,55.38258361816406,4075700
2013-12-20,55.308002244589495,55.68101446919084,55.25374422759426,55.48433303833008,7496100
2013-12-23,55.84377193975141,55.87090094270793,55.240165853371565,55.51823425292969,3718700
2013-12-24,55.65388937165048,55.755621867083256,55.477558565518635,55.64032745361328,1115400
2013-12-26,55.708137412250814,55.91838073730469,55.61997202497987,55.91838073730469,1799000
2013-12-27,56.11507965881953,56.36601915766528,55.925181735079114,56.09473419189453,2361300
2013-12-30,56.09472832670069,56.35244617135455,56.07438286190299,56.23037338256836,2006900
2013-12-31,56.27783472383603,56.515207048291785,55.97942084490388,56.25070571899414,3009500
2014-01-02,56.24392259772249,56.28461351812742,55.49110952425935,55.681007385253906,3275900
2014-01-03,55.694561933619234,56.20321902145589,55.694561933619234,55.775943756103516,3287200
2014-01-06,55.74880826210898,56.02687658807364,55.667426449106145,55.80306625366211,3888400
2014-01-07,56.033701528566354,56.96284574231735,56.02691798102878,56.61696243286133,6332400
2014-01-08,56.51521942428891,56.711900871716466,56.16254745844304,56.45417785644531,5653300
2014-01-09,56.52200720385686,56.55591976656218,55.864147986616736,56.1896858215332,4565900
2014-01-10,56.42702824464012,56.72544207997219,56.12183603983439,56.6304931640625,3712000
2014-01-13,56.33208923079821,56.677977584885454,55.83021556215214,55.86412811279297,4487100
2014-01-14,56.0404588880048,56.19644937689238,55.78952464084614,55.86412811279297,4389200
2014-01-15,55.93872222463037,56.4270287215813,55.80307721909298,56.2167854309082,4189100
2014-01-16,56.07436372892848,56.406684947336736,55.81664597220976,56.196441650390625,3724700
2014-01-17,56.250680790726136,56.277809783545436,55.64029138810771,55.748802185058594,6259600
2014-01-21,55.75561244446497,56.33887313375771,55.71492152290043,56.23714065551758,4790700
2014-01-22,56.17612390104943,56.291418335318575,55.93196793769678,56.1896858215332,3920400
2014-01-23,56.189677791042136,56.189677791042136,55.52503512138394,55.90483093261719,5429100
2014-01-24,55.66066200910409,56.04045773166671,55.22660827636719,55.22660827636719,5906200
2014-01-27,55.226595723443886,56.135393902815586,55.219812180131825,55.653865814208984,5811000
2014-01-28,55.877712827955854,56.06761077063862,55.41652989244161,55.830238342285156,3867800
2014-01-29,55.52501443860976,55.52501443860976,54.3245807084558,54.405967712402344,7539700
2014-01-30,54.67727430534497,55.179148093539695,54.62979982773641,54.98925018310547,4589100
2014-01-31,54.39241475268435,54.81290662080321,54.18895495146241,54.50093078613281,6728600
2014-02-03,54.49414629119985,54.60266232275801,53.253021345481564,53.28693389892578,7073500
2014-02-04,53.558218233211264,53.693858096885506,53.09025190717559,53.456485748291016,5431700
2014-02-05,53.28693753680097,53.999059813112424,53.198772135887836,53.8634147644043,4829600
2014-02-06,54.385625434471656,54.39240380445087,53.47682194741943,53.843055725097656,6113800
2014-02-07,54.03973395613476,54.43309671371786,53.75488720381372,54.405967712402344,4553800
2014-02-10,54.37205834638405,54.745075668373325,54.36527997640477,54.66368865966797,4742000
2014-02-11,54.58231121600748,55.158788344640854,54.480578740524265,55.104530334472656,5068100
2014-02-12,55.26051365305967,55.51144786246732,54.92140889498188,55.26729202270508,4471200
2014-02-13,54.778998073984766,54.84682318701626,53.144515301652866,54.04653549194336,11197000
2014-02-14,54.09401723635481,54.134708170178584,52.94105742615452,52.961402893066406,13206500
2014-02-18,53.32761118143771,53.32761118143771,52.751134140663375,53.02241897583008,9800200
2014-02-19,52.927485353966404,53.19198672174594,52.22893019422406,52.28996658325195,10353400
2014-02-20,52.51377596644803,53.490399565842374,52.47308504124968,52.90713882446289,9580300
2014-02-21,52.90713713888902,53.517526869064014,52.832533662182676,53.049560546875,7488400
2014-02-24,53.110578881868996,53.978686125591956,53.110578881868996,53.49715805053711,7747000
2014-02-25,53.59211809786092,54.087213362080384,53.5310817200641,53.73454666137695,7509200
2014-02-26,53.917659797495595,54.17537756647387,53.286924702325344,53.341182708740234,6586200
2014-02-27,53.34119078235669,53.890538951052854,53.17163836739327,53.62603759765625,7809200
2014-02-28,53.63960481546181,54.528063076222054,53.476835929822286,54.30425262451172,9870600
2014-03-03,53.69386009496488,54.06009394970875,53.64638562347934,53.93123245239258,5767200
2014-03-04,54.12790572911976,54.887502332776336,54.12112735873543,54.83324432373047,7518000
2014-03-05,54.90701799629368,55.64466795802991,54.852376100401074,55.39878463745117,6398300
2014-03-06,55.439765581462304,55.62418068444249,55.29633450744338,55.549049377441406,5874500
2014-03-07,55.67200276969873,55.75396042300915,55.34415652363915,55.70615005493164,4032200
2014-03-10,55.69931632104163,55.890557767932364,55.46709084200387,55.82225799560547,4313500
2014-03-11,55.897360844046176,56.6759945996624,55.86321357755739,56.559879302978516,5837300
2014-03-12,56.14325142744514,56.38230837878775,55.91103122560471,56.10910415649414,5674500
2014-03-13,56.15010589007805,56.491610004634616,55.753959866567016,55.87007522583008,6119000
2014-03-14,55.822244665113324,56.13642771154021,55.22802584479925,55.323646545410156,7763000
2014-03-17,55.64467888354132,56.102293126881335,55.521737199113055,56.04082489013672,7762000
2014-03-18,56.02030255992994,56.15690725891985,55.72660897077218,55.97249221801758,3488300
2014-03-19,55.99300943492738,55.999835764430266,55.45343238070196,55.57637405395508,5106000
2014-03-20,55.56952964055009,55.945186113728134,55.494398345914476,55.911033630371094,3241100
2014-03-21,56.156917738181185,56.395969492351654,55.6651511519234,56.10227584838867,9206700
2014-03-24,56.2320398739574,56.395960305695596,55.68563148691465,55.931514739990234,5253600
2014-03-25,55.9383498597655,56.34815357082045,55.9383498597655,56.27985382080078,4170500
2014-03-26,56.39595616288012,57.19507407120471,56.34131428600249,56.600860595703125,6388200
2014-03-27,56.58721529227755,56.83309860451054,56.348163519533756,56.375484466552734,4352000
2014-03-28,56.48477316625403,56.83310878949851,56.48477316625403,56.65552520751953,4078100
2014-03-31,57.1950788807464,57.23606289731907,56.80576459439415,57.031158447265625,6620900
2014-04-01,56.73748500385672,56.87408454512788,56.50526474150806,56.60771179199219,4676800
2014-04-02,56.566717236629366,56.65550639266328,56.307176096035356,56.5052490234375,4919200
2014-04-03,56.63503449001765,56.757976165330696,56.41647209067655,56.62820816040039,3362700
2014-04-04,56.80574883325364,56.8125803692764,56.40277679380891,56.409603118896484,4404100
2014-04-07,56.259362582529505,57.52975769303394,56.21155223798092,57.311195373535156,8976500
2014-04-08,57.32484887825203,57.37265921916388,56.79210359068104,57.01066589355469,6552700
2014-04-09,57.01067023012305,57.372663583267595,56.88089706166114,57.311195373535156,4926400
2014-04-10,57.270221403194824,57.932740015979086,57.099469398289095,57.11313247680664,7665500
2014-04-11,55.99982250424599,57.522932583839456,55.99982250424599,56.7921142578125,6703700
2014-04-14,57.078976928126195,57.311202352022455,56.72381506979573,57.0653190612793,4617800
2014-04-15,57.35218371204727,57.399994064542014,57.058490057883105,57.34535217285156,5673800
2014-04-16,57.65954591054596,58.04203401226724,57.625398630119534,57.898597717285156,5578400
2014-04-17,58.67038720279626,58.69770814762475,57.70734343860733,58.43133544921875,11168400
2014-04-21,58.19912958556088,58.70455420742793,58.06253002644195,58.67723846435547,4889800
2014-04-22,58.622575692780366,58.622575692780366,58.15129852294922,58.15129852294922,4483300
2014-04-23,58.240082715843535,58.533776328218174,58.09665167876804,58.33570861816406,4805300
2014-04-24,58.31522980760435,58.513302782275424,58.05568860507239,58.410850524902344,3749700
2014-04-25,58.36986768104599,58.59526158953557,58.1308159042864,58.226436614990234,3749300
2014-04-28,58.42452501270494,59.42171640990324,58.363051561902815,59.29877471923828,5978500
2014-04-29,59.37390164993582,59.38073319083944,58.574783325195305,58.57478332519531,4869100
2014-04-30,58.55426515507944,58.78648532236109,58.34936071611864,58.663543701171875,4387500
2014-05-01,58.738697203978916,58.82748638195411,58.02153660722943,58.445003509521484,3848700
2014-05-02,58.29474039831739,58.64307598901053,58.12398837300835,58.410850524902344,3438000
2014-05-05,58.17180863154927,58.793348610700484,58.15131921877534,58.67723846435547,2989800
2014-05-06,58.390349191455826,58.72502684459104,58.27423908858224,58.30839157104492,3141100
2014-05-07,58.26739081868987,59.503638417922694,58.26739081868987,59.28507614135742,5500600
2014-05-08,59.278265177594015,59.48316445183441,59.02555034066626,59.189476013183594,3507900
2014-05-09,59.127988543697455,59.5924340836753,59.02553632543511,59.53779220581055,3330100
2014-05-12,59.64025498177562,59.88613826475775,59.16897782090366,59.37388229370117,3218600
2014-05-13,59.38755735436069,59.722235104223685,59.29193662895374,59.57880401611328,2259400
2014-05-14,59.585624168886405,59.722228913119984,59.27144107355643,59.31241989135742,2726300
2014-05-15,59.31239611584948,59.353380128160104,58.526941297844964,58.56108856201172,3877100
2014-05-16,58.45862628612965,59.16212859123903,58.444968425000866,59.107486724853516,3672600
2014-05-19,58.697697769304334,58.87527606288583,58.36302016253264,58.806976318359375,4201400
2014-05-20,58.71136076417977,58.90260214993961,58.30155705027485,58.499629974365234,4510200
2014-05-21,58.5884140093128,58.84112879609085,58.417662042528406,58.806976318359375,2647100
2014-05-22,58.77967277274495,58.80699372082779,58.3288901567232,58.45183181762695,2970600
2014-05-23,58.30154031186066,58.772817313562676,58.30154031186066,58.622554779052734,2750700
2014-05-27,58.60890336315721,59.168969605309876,58.49962481419245,59.100669860839844,4400100
2014-05-28,58.9777198091576,59.530959645466965,58.9708882724058,59.469486236572266,4030700
2014-05-29,59.41486981262859,59.99542562273364,59.339738508986265,59.9202995300293,4647300
2014-05-30,59.83832682677547,60.432545618323076,59.70172732135486,60.33009338378906,5181600
2014-06-02,60.18667456832381,60.371084459203075,59.940791239859344,60.01592254638672,2876100
2014-06-03,59.722232671242196,60.26863604974535,59.63343827916829,60.25497817993164,5174700
2014-06-04,60.223995421201856,60.588701828360605,60.1001341555424,60.16206741333008,3872400
2014-06-05,60.40979138193993,60.4992447009661,60.01756490633899,60.3891487121582,2937800
2014-06-06,60.45796265401462,60.602466600272614,60.23088277421651,60.49237060546875,3675400
2014-06-09,60.430429512182435,60.781370621857185,60.430429512182435,60.554290771484375,2280100
2014-06-10,60.44418319272649,61.049729396788294,60.32720458509276,60.843292236328125,3420600
2014-06-11,60.657513500550316,60.89835339620181,60.37538301570429,60.40290832519531,3747600
2014-06-12,60.272139799475234,60.354715694220246,59.83174552732954,60.017539978027344,3856200
2014-06-13,59.969407668787035,60.113911633059175,59.74232776068068,59.99693298339844,3047500
2014-06-16,59.77671683488537,60.37537517635637,59.66661561121719,60.24463653564453,3894500
2014-06-17,60.313462169703634,60.533659421866815,59.91435300955892,60.05885696411133,3393100
2014-06-18,60.10012571222423,61.22175958531921,59.94186176995319,61.17359161376953,5314400
2014-06-19,61.214883338433395,61.99933624267578,61.187358030400155,61.99933624267578,5380400
2014-06-20,62.026872086485454,62.09568274329876,61.31122970581055,61.31122970581055,5697000
2014-06-23,61.38002390505712,61.42131448800731,60.37537388518894,60.82265090942383,4187700
2014-06-24,60.71257206888141,60.946529355314155,60.44420157868404,60.58871078491211,4309700
2014-06-25,60.540515389748464,61.04972032667223,60.48546478848257,60.95338439941406,3965300
2014-06-26,61.30434950973783,61.33875746447484,60.547421754774874,60.974056243896484,3539300
2014-06-27,60.85707326296342,61.187366505278824,60.802022639272046,61.0772705078125,3646100
2014-06-30,60.870811794668484,61.58645390014596,60.795118526306425,61.47635269165039,4473400
2014-07-01,61.32497457077843,61.43507053504319,61.12542005751402,61.331851959228516,3541000
2014-07-02,61.44197807856458,61.71722597566893,61.24930612556663,61.703460693359375,2829600
2014-07-03,61.86172710012903,62.02687373084239,61.60712188826186,61.944297790527344,2216800
2014-07-07,61.66215732478202,61.88923716727016,61.57270401558159,61.83418655395508,2534500
2014-07-08,61.97181031944099,61.985575598278814,61.57270648171021,61.74473571777344,3128700
2014-07-09,61.86173642667223,61.999357764695624,61.66906445347246,61.77227783203125,2603300
2014-07-10,61.40067785517884,62.0819121667755,61.34562723911236,61.99933624267578,3145600
2014-07-11,61.88237072660222,62.07504267372383,61.552072210167445,61.82732009887695,3655300
2014-07-14,62.06815587540592,62.88701684574164,61.97870254878163,62.673702239990234,4496100
2014-07-15,62.14384707525479,62.58424155287356,62.054393751647204,62.16448974609375,3959100
2014-07-16,62.36403903991945,62.536068282250596,61.97181257740105,62.27458572387695,5121600
2014-07-17,62.033761541248964,62.39158014593275,61.909900245412814,61.92366027832031,2823800
2014-07-18,62.019987470034884,62.12320607692487,61.71721953971841,61.992462158203125,5273200
2014-07-21,61.669029178269874,62.026847602406086,61.50387736720899,61.86858367919922,3024100
2014-07-22,61.662167245516564,61.68280991635203,61.24929807905842,61.35939407348633,5304400
2014-07-23,62.79755080041335,64.0568007582609,62.45349234473486,62.49477767944336,10953700
2014-07-24,63.045272738030114,63.54071249979521,62.86636087271987,63.24482727050781,5614700
2014-07-25,63.293018119101895,63.40999677527259,62.81821560298676,62.997127532958984,2925000
2014-07-28,62.997081789271135,63.16911095281375,62.37089311401757,62.59797286987305,4653900
2014-07-29,62.5567161036506,62.59800144177259,62.026863098144524,62.02686309814453,4268600
2014-07-30,62.267709520401326,62.30900011277151,61.04974466876691,61.18048858642578,4250200
2014-07-31,60.71944005140626,61.18048241191491,60.6024614263154,60.623104095458984,4825900
2014-08-01,60.35476455679968,61.19426845832897,60.18273524090984,60.63001251220703,3987700
2014-08-04,60.78137693530334,61.73785916207445,60.6437503829415,61.71721649169922,6488900
2014-08-05,61.50387756063223,61.710314700150306,61.16670179933962,61.3800163269043,7678800
2014-08-06,60.85017172174874,62.45348520181629,60.85017172174874,62.281455993652344,6589900
2014-08-07,62.474144765544345,62.5154301066983,61.61399849206221,61.86172103881836,4625600
2014-08-08,61.861708384924604,62.17135888007227,61.59334322248592,62.13007354736328,4739900
2014-08-11,62.6874633246345,63.21043376195152,62.41221544973519,63.16226577758789,5231100
2014-08-12,62.935193807486165,63.23108439150554,62.632420582001075,62.76316452026367,2776000
2014-08-13,63.003999735464795,63.21731960552603,62.6737064687842,63.12786102294922,3690300
2014-08-14,63.182908449469934,63.36182035564197,62.93518588705222,63.16226577758789,3624900
2014-08-15,63.37556621440672,63.82284325485509,62.81819319856905,63.20353698730469,3844600
2014-08-18,63.444398740053046,63.66459601670285,63.30677741086587,63.409996032714844,2974700
2014-08-19,63.45814886386042,63.55448482126188,63.1553757120753,63.210426330566406,3086300
2014-08-20,63.18289259606283,63.60952695760449,62.97645542920697,63.465023040771484,5709300
2014-08-21,63.698989790813954,64.12562421616778,63.313645954956314,63.34117126464844,4060300
2014-08-22,63.49257337825382,63.7127706779594,63.03153610229492,63.03153610229492,3865500
2014-08-25,63.70585107741102,64.30450930032575,63.70585107741102,64.12560272216797,5031800
2014-08-26,64.13935993322443,64.34579705270473,63.69208300762645,63.719608306884766,3143400
2014-08-27,63.80219884671516,63.80219884671516,63.34803917959837,63.465023040771484,2955100
2014-08-28,63.368698069245525,63.788449899374754,63.17602613080914,63.70587921142578,3234300
2014-08-29,63.80908418296147,63.93294543832787,63.31363916149588,63.6439323425293,3657700
2014-09-02,63.73336746838263,64.09118582459186,63.568215688673575,63.63703155517578,5130300
2014-09-03,64.03552605194477,64.28501553335377,63.6266384567724,64.27808380126953,4929600
2014-09-04,64.41670766728393,64.55531591723275,63.598937498360314,63.654380798339844,4466800
2014-09-05,63.654365398852875,63.654365398852875,63.33557443213979,63.58506393432617,3148000
2014-09-08,63.39796436119122,63.93159157964345,63.33558932729396,63.661312103271484,3534300
2014-09-09,63.411827581355034,63.612805592872576,63.27322460869131,63.35638427734375,3259200
2014-09-10,63.529635648657525,63.70289199456574,63.43261251793805,63.61280059814453,3720500
2014-09-11,63.5434839723234,63.72366672222112,63.39794931093086,63.51576232910156,3670600
2014-09-12,63.4811368414571,63.619745118459,62.774253134525395,62.9752311706543,3587700
2014-09-15,63.11382324338986,63.28014785965756,62.91284524202445,63.203914642333984,3770700
2014-09-16,63.16236201240046,64.5137600153934,63.030685437156755,64.15338897705078,5155400
2014-09-17,64.22265970201589,64.66619551536463,63.79298735697653,64.34740447998047,4997200
2014-09-18,64.43057532948254,64.79787796286593,64.2434555017138,64.7077865600586,4753300
2014-09-19,65.0473442540676,65.28990201122194,64.74241148086638,64.99883270263672,6259500
2014-09-22,64.74243827676472,64.99192786948697,64.65234686892353,64.85332489013672,3790600
2014-09-23,64.83253259947928,64.85332251688456,64.34047987985322,64.4028549194336,3386300
2014-09-24,64.52760256711832,65.17211647202973,64.50681264879292,64.79788208007812,4227300
2014-09-25,64.72858244780934,64.74937236673149,64.09100025982715,64.22267150878906,4372400
2014-09-26,64.10486157846468,64.68007403781206,64.06328173858687,64.54146575927734,3536300
2014-09-29,64.11177730452862,64.7216377156942,64.11177730452862,64.55531311035156,2973500
2014-09-30,64.41672501153963,64.74937961362019,64.39593509029064,64.51374816894531,4219300
2014-10-01,64.22266708146356,64.60383319330954,64.0494107192362,64.20880889892578,4842800
2014-10-02,64.31967881376255,64.39591202261124,63.987029618207956,64.16028594970703,3513800
2014-10-03,64.45830107691205,64.81867199840353,64.20881148227765,64.79788208007812,4084400
2014-10-06,64.79787796286593,64.90183283525249,64.30583054009152,64.7077865600586,3733100
2014-10-07,64.65233691164885,64.82559325283538,64.38205744238697,64.52066040039062,6799900
2014-10-08,64.41672225405732,65.10282135009766,64.28505099599494,65.10282135009766,5715200
2014-10-09,66.07995865032244,66.68289254061936,64.83944277853467,64.84637451171875,9094000
2014-10-10,64.90877013481294,66.4611457568172,64.90877013481294,65.59486389160156,8350900
2014-10-13,65.63644869298595,66.1492861155152,65.02658811720428,65.10282135009766,5194500
2014-10-14,65.46318250370985,65.50476233820135,64.16722302595815,64.45829772949219,5869000
2014-10-15,63.64746482472407,64.14644407337147,62.89900123911838,63.59895324707031,8580700
2014-10-16,62.55941971058467,63.0861206565189,62.24756029992269,62.919795989990234,7226400
2014-10-17,63.12768749138612,63.75834320669173,62.75345839066258,63.41876220703125,6260100
2014-10-20,63.52271707560519,64.95034785089265,63.47420021686754,64.83253479003906,6883100
2014-10-21,64.63155259500233,65.11666827739926,63.87615213256782,64.957275390625,6982200
2014-10-22,65.04044977303326,65.85128843450443,64.89491503538706,65.46319580078125,5148200
2014-10-23,65.79581252952046,66.05916019546403,64.7978545745974,64.97804260253906,5805000
2014-10-24,64.97804205351774,65.69185713960297,64.83250740088155,65.5601806640625,4005800
2014-10-27,65.47705826396331,66.00375389093523,65.35923989851453,65.57408142089844,3135500
2014-10-28,65.62257674710466,66.0176010131836,65.35229726438561,66.0176010131836,3368300
2014-10-29,66.18393040387366,66.18393040387366,65.1929037999441,65.6225814819336,3274300
2014-10-30,65.45623876557524,66.59973159068012,65.24833434387843,66.28787231445312,3567200
2014-10-31,66.8145690079149,67.04326332926674,66.2393567632182,66.64823913574219,5259300
2014-11-03,66.48886139405755,66.82844237402942,66.26016173336929,66.41262817382812,4330400
2014-11-04,66.62743596881943,67.11255144774044,66.52348114123288,67.03632354736328,3944500
2014-11-05,67.5838131267815,67.81944443706003,66.78683840085522,67.14720916748047,3804100
2014-11-06,67.19572119247321,67.36204575613783,66.88386197468175,67.09176635742188,4198500
2014-11-07,67.09179583274616,67.09179583274616,66.18393413499771,67.08486938476562,5273400
2014-11-10,66.80764300889827,67.21652541651703,66.64131840981298,67.20266723632812,3345500
2014-11-11,67.19572912619958,67.48679846881953,66.97396125267535,67.01554107666016,3263600
2014-11-12,67.01555424818584,67.49374346744912,66.68290501620076,67.3343505859375,3247500
2014-11-13,66.89774312953703,68.58179511623624,66.89774312953703,68.29072570800781,6257900
2014-11-14,68.25608523511619,68.29767036370501,67.47296826367074,67.72245788574219,4335400
2014-11-17,67.11950802640602,68.29765436291943,67.11950802640602,68.20755767822266,3745200
2014-11-18,68.20755767382944,68.26300097404479,67.81946514705028,67.87490844726562,3908600
2014-11-19,67.87491500634665,68.22142773513157,67.7432384774517,68.20063781738281,3396800
2014-11-20,67.92342075016877,68.34616666601089,67.82639761742115,67.95806884765625,3727100
2014-11-21,68.63027962858905,68.69958108598539,68.0827891266421,68.53325653076172,5259800
2014-11-24,68.52631346315397,68.78273462920161,68.2560341228644,68.38771057128906,4540700
2014-11-25,68.26994282982929,68.74120037679815,68.26301109443366,68.5610122680664,3640900
2014-11-26,68.7827798073768,69.05305932519241,68.61645517042062,68.85208129882812,2685600
2014-11-28,69.10847848144805,69.78764026263025,68.96987025962095,69.371826171875,2504300
2014-12-01,68.30457115303251,69.40648411779763,68.25605959404055,69.0738296508789,3658500
2014-12-02,69.28869249185536,69.69757500290591,69.03227115090442,69.57283020019531,3888000
2014-12-03,69.54840077707007,69.54840077707007,68.48808644459659,68.58574676513672,4943800
2014-12-04,68.39042350145228,68.55784042708842,67.94397481836383,68.18812561035156,4582600
2014-12-05,68.09746142127936,68.31370856523642,67.80447506761772,68.19512176513672,5308200
2014-12-08,68.2718529867047,68.43926995219537,68.0137476182525,68.20906829833984,4233800
2014-12-09,67.81840753417063,68.18812233313851,67.11385357793519,67.75562286376953,3459700
2014-12-10,67.82539138888144,68.0834913865035,67.01619978465742,67.09293365478516,3972300
2014-12-11,67.17664736310238,67.6649489898639,66.97434945427587,67.16967010498047,4784700
2014-12-12,66.73019938477185,67.50450473809998,66.06749823010678,66.08842468261719,3935900
2014-12-15,66.36045247552157,66.77202539007865,65.47453263625393,65.66985321044922,4555200
2014-12-16,65.2513472173628,66.24888244850125,64.54679302197674,64.5886459350586,6962800
2014-12-17,64.72814551704101,65.64196933170848,64.47701746807944,65.37689208984375,6189200
2014-12-18,66.06749384451953,66.55580076639903,65.39084354046007,66.52091979980469,8122800
2014-12-19,66.47906088028762,67.10687564545375,66.41627621051832,66.57672119140625,7678700
2014-12-22,66.82087424536026,67.42776790405999,66.59764990918701,67.39986419677734,3623000
2014-12-23,67.83237314944448,68.0137446252969,67.5672958555749,67.91608428955078,3065800
2014-12-24,68.01374650512582,68.28580106537918,67.69983903470711,67.72773742675781,1604100
2014-12-26,67.74866689851807,68.06257435825486,67.64402930457611,67.69983673095703,1492700
2014-12-29,67.39985915880848,67.73469297699637,66.98130890294225,67.47659301757812,2453800
2014-12-30,67.11385493267987,67.51147344628693,66.91155704721832,66.93946075439453,2134400
2014-12-31,66.73717077652276,66.95342320223983,65.94891091322494,65.96286010742188,3727400
2015-01-02,66.22095384112745,66.50695750983253,65.60708828427953,65.87914276123047,3545700
2015-01-05,65.88612378962429,66.30467410924393,65.37689572795594,65.38387298583984,6441000
2015-01-06,65.62803065350604,66.00472278730075,64.83279347841354,64.88859558105469,6195000
2015-01-07,66.36047324695784,67.12781191731837,65.87217165862673,66.78599548339844,6526300
2015-01-08,67.48359087444109,68.29975992922107,67.44173796161276,67.99980163574219,7131600
2015-01-09,68.04862400738924,68.13232982345038,67.37894554636596,67.53939056396484,4061500
2015-01-12,67.63008327971335,67.90213786487277,67.09992862878666,67.26036834716797,4192700
2015-01-13,67.43476464043857,68.00677754488763,66.84182527835321,67.21154022216797,5371300
2015-01-14,66.59068606053714,67.52544181542038,66.59068606053714,67.43475341796875,5127800
2015-01-15,67.7626153919482,67.88817943895971,67.23245549100082,67.43475341796875,4424000
2015-01-16,67.42777706047401,67.96490886286341,67.20454737189912,67.86724853515625,4404400
2015-01-20,68.59274194416427,68.59274194416427,67.54637653177443,68.0207290649414,7029500
2015-01-21,67.67888718190876,68.51598239153277,67.38590625347982,67.9439697265625,5031100
2015-01-22,67.99979100517955,69.06010543375653,67.69285550018333,68.99034881591797,7620400
2015-01-23,68.61367484381003,69.05314644232855,68.43230333177961,68.73226165771484,4857700
2015-01-26,68.4950608171524,69.02521530001326,68.13231793720753,68.8438491821289,4298700
2015-01-27,68.11835859667752,68.39739031150874,66.44417362977748,67.46961212158203,7365300
2015-01-28,67.81145233855067,68.20209371404626,66.73021129649258,66.77206420898438,6280100
2015-01-29,66.77204941271438,67.30220924918514,66.17911022141745,66.98829650878906,4600300
2015-01-30,66.34653304325963,66.50000079812523,65.2652868227711,65.41875457763672,7741500
2015-02-02,65.47456121578597,66.57673387651185,65.29318975111352,66.5,6889500
2015-02-03,66.98131616203793,67.35800823988897,66.67438601578343,67.10688018798828,5090400
2015-02-04,66.98829910135471,67.85329284121865,66.98829910135471,67.38591766357422,5064700
2015-02-05,67.82539811389265,67.82539811389265,67.25338532118964,67.39289855957031,4466200
2015-02-06,67.44172766055166,67.7068049381259,67.2115260309776,67.46265411376953,4629200
2015-02-09,67.37197925007828,67.60218090769676,66.68137427722286,66.94645690917969,4217100
2015-02-10,67.47659462924844,68.4322712751532,67.23243853346564,68.35553741455078,6797400
2015-02-11,69.7925618278969,70.28784072334254,69.19961728292758,70.03671264648438,9736400
2015-02-12,69.79258244919764,70.10648997697486,69.32520180456254,69.946044921875,9062300
2015-02-13,69.86230326525892,69.86230326525892,69.01823614891173,69.15077209472656,5643000
2015-02-17,68.67644972104401,68.8578212211933,68.36254221724973,68.6136703491211,5877800
2015-02-18,68.52993705221311,69.40190797218457,68.47413495812192,69.29029846191406,3472500
2015-02-19,69.26936472353395,69.47863452905693,68.7322277129744,68.8647689819336,4186300
2015-02-20,68.51597455053191,69.1089135965212,68.24392010211226,69.10193634033203,3945500
2015-02-23,69.17170038300533,69.39492468913242,68.87871415701763,69.37399291992188,3075700
2015-02-24,69.37401040166719,69.73675331683683,69.15776329745093,69.4646987915039,3389900
2015-02-25,69.53447673367114,69.63213708953424,68.99734477642409,69.4089126586914,3366100
2015-02-26,69.16473228016204,69.31122275149944,69.04614551604433,69.10892486572266,5722000
2015-02-27,69.21354419644437,69.3181817404196,69.03915006384784,69.04612731933594,6461700
2015-03-02,69.04614754774634,69.26937188998434,68.87175336405764,69.06009674072266,3613600
2015-03-03,68.934536754595,69.0252198194747,68.44623514049135,68.64155578613281,4148100
2015-03-04,68.6239961930912,68.71528693103869,68.20264649508053,68.37118530273438,3884200
2015-03-05,68.60996855635226,68.70126467918288,68.26586682578909,68.27991485595703,3537200
2015-03-06,68.11839246583591,68.22373125769461,67.37400762347387,67.5355224609375,6466100
2015-03-09,67.41613079915206,67.76725648039763,67.39506411551775,67.44422149658203,4810500
2015-03-10,66.98071989450138,67.13521602120196,66.31358337402344,66.31358337402344,5390300
2015-03-11,66.33464742831923,66.45402884595362,65.6253722191507,65.75177764892578,4637300
2015-03-12,65.98353872816553,67.24759334964014,65.89926663414963,67.21247863769531,4455000
2015-03-13,66.63661874091315,67.12819245847928,65.96948221596601,66.23633575439453,4703800
2015-03-16,66.40488111096433,67.08606572815268,66.34870507894277,67.0298843383789,4687400
2015-03-17,66.67173240373509,66.91751925867771,66.05374790244898,66.1029052734375,4507400
2015-03-18,66.00461032858304,66.74900048678745,64.77567032751571,66.46107482910156,7692100
2015-03-19,66.3136000221564,66.41893880387512,65.80095414192682,66.08185577392578,4386400
2015-03-20,66.1520857375401,67.05097211159041,66.0818616627207,66.95265197753906,8810400
2015-03-23,67.04393743066396,67.50040188100077,66.95264132594504,67.310791015625,4739400
2015-03-24,67.91473028919447,68.2307466247174,67.28270297590146,67.31781768798828,7118600
2015-03-25,67.7181096822636,67.72513369715698,66.87541005867888,66.89647674560547,4965600
2015-03-26,66.88945738592507,67.4021033537486,66.56642232914399,67.15631103515625,5077700
2015-03-27,66.91049728856632,67.52848180871459,66.84027323611814,67.3810043334961,4245600
2015-03-30,67.6127645683532,67.8936662025361,67.10012404189096,67.78130340576172,5021200
2015-03-31,67.57062647635077,67.83045604966584,67.14927673339844,67.14927673339844,4397600
2015-04-01,66.8262623630061,66.91052912293523,66.13102944706473,66.777099609375,4241200
2015-04-02,66.55938162664609,67.36697174500468,66.55938162664609,67.19843292236328,3586200
2015-04-06,67.08605487561142,68.18156501021765,67.08605487561142,67.7531967163086,4861800
2015-04-07,67.88663359602337,68.02708707421444,67.54955596386957,67.5635986328125,3376600
2015-04-08,67.4863751082127,67.83750089478795,67.19845474925323,67.43721771240234,3879100
2015-04-09,67.29673510756471,67.85853286398091,67.16330566245577,67.66190338134766,3487000
2015-04-10,67.61276862099292,67.7813074685035,67.52147786145665,67.55658721923828,2704900
2015-04-13,67.4231731911798,67.61277875332398,67.05098072484756,67.08609008789062,3772900
2015-04-14,67.18437756288608,67.9779249251502,66.98774806497171,67.76022338867188,4501700
2015-04-15,67.93579147012727,68.3290558541821,67.76725265281942,67.8585433959961,3508700
2015-04-16,67.78830570900689,68.06218324123664,67.56358554518374,67.73212432861328,3699000
2015-04-17,67.30378153161686,67.50041645313311,66.96670381023942,67.28271484375,4991600
2015-04-20,67.59871125017315,68.07624234574234,67.58466322391253,67.76725006103516,4468600
2015-04-21,68.2588267172324,68.51163762311309,67.79534362828608,67.96388244628906,4184300
2015-04-22,68.29395864174816,68.5678362991976,67.89367549949486,68.31502532958984,5293600
2015-04-23,67.8866369813097,68.4273735232434,67.02988947375432,67.22652435302734,7827700
2015-04-24,67.21247595381935,67.21247595381935,66.3697764783215,66.83325958251953,5381700
2015-04-27,66.83324391016038,66.9034679570256,66.33464621234057,66.355712890625,5348500
2015-04-28,66.53127687027751,66.55234354893672,66.0256551514506,66.30655670166016,5065900
2015-04-29,66.16613071620019,66.34169357403016,65.49196998506348,66.27848815917969,4963600
2015-04-30,66.12397336346038,66.94560595426039,65.84307182125701,66.79813385009766,6714400
2015-05-01,66.82625851891336,67.14929358148632,66.5453568338813,67.1071548461914,4622300
2015-05-04,67.02987871350341,67.59168184859242,66.89645462117738,67.3810043334961,3729400
2015-05-05,67.43017697733937,67.5355157587443,66.88242174333733,67.00882720947266,3502800
2015-05-06,67.35993599137755,67.39505069561105,66.67875144816023,67.05094909667969,3376400
2015-05-07,66.8192138671875,67.18438219452403,66.67876038917164,66.8192138671875,3157400
2015-05-08,67.35292774075711,67.84450152944973,67.10011683292876,67.8023681640625,5231600
2015-05-11,67.60572199838057,68.1885917917231,67.50038860250675,67.66190338134766,3070300
2015-05-12,67.41613907260503,67.68299269430955,66.71388762393207,67.55658721923828,4229900
2015-05-13,67.60571281224058,68.09026779842604,67.53548877194942,67.70403289794922,3739800
2015-05-14,68.00601125025067,68.82062530517578,67.93578719393865,68.82062530517578,4018500
2015-05-15,68.70124297796104,69.12961668095697,68.6450615905431,68.9751205444336,3809500
2015-05-18,68.82766796530649,69.05238822103863,68.58889967985473,68.85575866699219,3328300
2015-05-19,68.7784885472902,69.05938475867018,68.51865365823674,68.78550720214844,3323900
2015-05-20,68.82063964767177,69.0523839037747,68.5959194059895,68.60294342041016,2789800
2015-05-21,68.39928833537493,68.6731659563737,68.04816263073518,68.25883483886719,3406100
2015-05-22,68.26584567335864,68.26584567335864,67.57764242547466,67.59870910644531,3311100
2015-05-26,67.4582746683974,67.61277084943801,67.06501555866019,67.26866912841797,3806200
2015-05-27,67.40909820116848,67.82342923830683,67.2124687019511,67.68297576904297,4028200
2015-05-28,67.80234772999934,68.39223609865175,67.36695010712434,68.16049194335938,5321700
2015-05-29,68.26584134418408,68.28690802381875,67.37398464055548,67.71808624267578,5731700
2015-06-01,67.8304577311013,67.8304577311013,67.1633210680353,67.39506530761719,4407000
2015-06-02,67.15627572508309,67.66189741167378,66.9736942831762,67.45122528076172,3959800
2015-06-03,67.7858370328782,67.91317445086375,67.31186096486422,67.41797637939453,3248800
2015-06-04,67.21285461223962,67.64438688689582,66.58324301097211,66.5973892211914,4793700
2015-06-05,66.40637032181698,66.48418795314647,65.7201632440509,65.82627868652344,4741200
2015-06-08,66.00313360473001,66.08095123328474,65.60696966010904,65.6777114868164,4466600
2015-06-09,65.6494277163987,66.01728850205751,65.59283208868008,65.8404312133789,3411900
2015-06-10,66.0526603679677,66.5549344068314,65.88287348931205,66.27903747558594,3892000
2015-06-11,66.4983533026871,66.70350844458964,66.42053564895657,66.56201934814453,3020100
2015-06-12,66.4700273313887,66.54784495216119,66.10216663094552,66.31439208984375,3748500
2015-06-15,65.98192575126981,66.0880412214032,65.46550540574805,65.53624725341797,7203000
2015-06-16,65.62819345899555,66.2931785221501,65.49378560376101,66.17999267578125,2728700
2015-06-17,66.19414592469082,66.68934417509057,65.96776881061434,66.5337142944336,3108900
2015-06-18,66.73176691406816,67.57360360316673,66.58320749834489,67.36845397949219,4035400
2015-06-19,67.12087380788323,67.42506854920438,67.00768795383087,67.10672760009766,5463300
2015-06-22,67.20576214021439,67.82829778334333,67.20576214021439,67.63021850585938,3626700
2015-06-23,67.63729430784252,67.72925814460135,67.30480177895636,67.63021850585938,3679900
2015-06-24,67.38972006111712,67.75050513646524,67.38972006111712,67.41094207763672,4742000
2015-06-25,67.73631298876435,67.90609440304037,67.08547973632812,67.08547973632812,4426400
2015-06-26,67.27649004067699,67.5240890862739,67.08548660471779,67.14208221435547,5119600
2015-06-29,66.78131151444964,67.03598643517714,66.2295176519587,66.27903747558594,3625600
2015-06-30,66.85912157325404,66.99352942371911,65.97483525352568,66.03142547607422,4188500
2015-07-01,66.35681340765748,66.90153112520689,66.17995623481966,66.86615753173828,4808600
2015-07-02,66.92277581372052,67.19160226182598,66.64687896232606,66.96522521972656,3209600
2015-07-06,66.52665131685522,67.14918715126589,66.50542930164058,66.78132629394531,4952400
2015-07-07,67.05013739705261,68.38010772120545,66.88035590361518,68.19617462158203,7724800
2015-07-08,67.70805569126993,68.11129016468271,67.56657199427694,67.63731384277344,6055100
2015-07-09,68.86114816467486,68.86822396712854,66.55493311231336,66.91571807861328,9932300
2015-07-10,67.50290225809556,68.1042160813943,67.21285905275452,67.5948715209961,7233600
2015-07-13,68.12541176211373,68.96724856371284,68.02637213839618,68.7762451171875,7263800
2015-07-14,68.9035866750469,68.96018229120584,68.42961053353955,68.71257781982422,4479400
2015-07-15,68.67015465409051,68.86115817004544,68.13958273534645,68.16080474853516,5464700
2015-07-16,68.6842811961773,68.86113845178257,68.52865134493896,68.54987335205078,4253000
2015-07-17,68.29520723256825,68.49328652069336,67.94856847834929,68.4649887084961,3573300
2015-07-20,68.67722199410649,68.9601947286824,68.47914269908016,68.83992767333984,3391800
2015-07-21,68.96020181108508,68.96020181108508,68.50744215091038,68.57111358642578,3065400
2015-07-22,68.63477504898282,68.9601972136882,68.4791451667511,68.74089050292969,3371300
2015-07-23,68.62061984201712,68.8823705411275,68.23860749625688,68.52865600585938,2742900
2015-07-24,68.38716607261675,68.54280132969113,67.97685592164893,68.04052734375,3631700
2015-07-27,67.93440610376855,68.21030298238344,67.43920796196107,67.67266082763672,4783400
2015-07-28,68.07588309316621,68.07588309316621,67.65849724987127,67.9909896850586,4937100
2015-07-29,68.04054020441416,68.45792083886342,67.94857635205832,68.28813934326172,3851100
2015-07-30,68.04051533860121,68.53571343532323,68.01929333406376,68.35885620117188,3380700
2015-07-31,68.7408964971384,68.7408964971384,68.05468928533502,68.16080474853516,5049600
2015-08-03,68.0476155789087,68.96019988256039,68.03346397263147,68.93897247314453,3711100
2015-08-04,68.83286428097418,69.32806256899295,68.74797083277531,69.19364929199219,3955000
2015-08-05,69.34218770211865,70.28306956063359,69.25022387579764,70.16988372802734,4320400
2015-08-06,70.50238427293372,71.17443973592735,70.10622032041927,70.14159393310547,6224000
2015-08-07,70.04257327546595,70.35383848298258,69.83741814025215,70.10623931884766,4608300
2015-08-10,70.40332337303354,70.53066079385347,69.95764509879098,70.09912872314453,4753700
2015-08-11,69.75252624831647,69.85864172025435,69.43418522975993,69.76667785644531,3581300
2015-08-12,69.3563471276604,69.63224403499865,68.62062024233991,69.59687042236328,3743300
2015-08-13,69.61102781337763,70.19819528950319,69.34927709097978,69.88692474365234,4190600
2015-08-14,69.91522367377033,70.22648882733861,69.82325443070529,70.19819641113281,3375600
2015-08-17,69.90815571071903,70.80658845054656,69.85863588092155,70.64388275146484,3253100
2015-08-18,70.38920431843474,71.04003787709281,70.38920431843474,70.58020782470703,4578500
2015-08-19,70.30429349021087,70.516524353379,69.78079753091919,70.02839660644531,3903500
2015-08-20,69.54735130367027,69.75250638506009,69.31390380859375,69.31390380859375,3956800
2015-08-21,68.76209751388615,69.04507019692886,67.98392668345991,68.09004211425781,7514400
2015-08-24,64.78633857954243,65.31691024325887,54.10416349616903,64.96319580078125,13366900
2015-08-25,66.59737520202358,66.59737520202358,63.35027821591473,63.413944244384766,8258100
2015-08-26,64.88539672389044,65.52915438649435,63.44931654082607,65.43011474609375,7614100
2015-08-27,66.1446054759328,66.49124414313158,64.98442245337596,66.21534729003906,6690000
2015-08-28,65.79090360484614,66.38514143382018,65.63526834566089,66.16584014892578,6002300
2015-08-31,65.74846221579878,66.02435913274421,65.53623132710736,65.74138641357422,5328000
2015-09-01,64.460945227867,65.1966721816862,64.2911583481161,64.60950469970703,8367800
2015-09-02,65.14632805669,65.70240766835829,64.7827444448706,65.3316879272461,5935400
2015-09-03,65.58834541838407,66.1230330169035,65.5027934445365,65.68102264404297,3774100
2015-09-04,64.87543217432882,65.26040791904717,64.61878167784992,64.81839752197266,5653600
2015-09-08,65.53844194124144,65.87351370903335,65.28892214792522,65.85212707519531,3638200
2015-09-09,66.32977197581468,66.358289297178,64.51896286266502,64.75422668457031,4474400
2015-09-10,64.5189735741092,65.37447160054731,64.46906961321903,64.91820526123047,3928100
2015-09-11,64.81841393068191,65.33171505358132,64.65444606255446,65.31745910644531,4062600
2015-09-14,65.31743453958208,65.33169048135622,64.86829350641116,65.01800537109375,4383600
2015-09-15,65.35307406086454,65.83072695527204,64.98235976169886,65.63111114501953,3725100
2015-09-16,65.83784966902017,66.52937967013128,65.6952685187203,66.35115051269531,4152000
2015-09-17,66.52223901021944,67.27793422308395,66.02319961984595,66.56501770019531,5300800
2015-09-18,65.72377491014063,66.75037098769884,65.43860721782728,66.33688354492188,9622400
2015-09-21,66.5293741663784,67.206642732958,66.46521428578787,66.80741119384766,3654000
2015-09-22,66.29413201217733,66.35829735281497,65.55269788409228,65.85212707519531,4547900
2015-09-23,65.7808143673107,66.087368732562,65.48852138041835,65.87349700927734,3401600
2015-09-24,65.50991551447112,66.20144558781176,65.19623042410065,65.92340850830078,4064000
2015-09-25,66.25846188434029,67.14247682984274,66.06597138159104,66.63630676269531,4897200
2015-09-28,66.27986686040438,66.76465043683021,65.73091795225606,65.92340850830078,4659200
2015-09-29,65.98044527585658,66.55790608435039,65.80934134516562,66.32977294921875,5632200
2015-09-30,67.05695390947974,67.29934845503645,66.67910886761429,67.22805786132812,5873600
2015-10-01,67.15674630235387,67.3706234731557,66.39392570387352,66.9072265625,5061800
2015-10-02,66.42242836012,67.17099285356159,65.96616223964246,67.12821960449219,5163700
2015-10-05,67.6629143496466,68.42573486288553,67.4347758254194,68.30453491210938,5700200
2015-10-06,69.83731521516485,69.86583253420004,68.96043077110336,69.20281982421875,7094300
2015-10-07,69.28836679420476,70.57161342369001,69.2099455322831,70.23654174804688,6528200
2015-10-08,69.58064502637266,70.5858598402349,69.58064502637266,70.55734252929688,4683300
2015-10-09,70.50744092475291,71.02074166035696,70.44327561324187,70.91380310058594,5607000
2015-10-12,70.54311005633112,71.36296540455774,70.35775561797412,70.6785659790039,4581300
2015-10-13,70.55024916167369,70.69283579178978,69.78742836770495,69.8088150024414,5989400
2015-10-14,69.70187413736983,70.01555927436537,69.44522908970139,69.50225830078125,4238400
2015-10-15,69.94425042558139,70.2151567846554,69.4594669036285,70.06544494628906,5763900
2015-10-16,70.47179610067107,71.156195299276,70.0796952826702,71.07777404785156,5550800
2015-10-19,71.07777296710182,71.48413515506724,70.94944777936952,71.41997528076172,4902700
2015-10-20,71.25604344062873,71.56972862358138,71.05642757479501,71.48417663574219,3613600
2015-10-21,71.22037466864295,71.9332913211036,71.10630539347049,71.46989440917969,4332000
2015-10-22,71.76931045632733,73.70131372609474,71.52692143107737,73.48744201660156,5934800
2015-10-23,73.65855088868986,73.74410284805884,72.66759714227017,73.02405548095703,5015800
2015-10-26,72.99551658134405,73.29494019193234,72.61054103667868,73.10245513916016,3770700
2015-10-27,72.81016815058054,73.57298867144972,72.72462164226143,73.38763427734375,3995700
2015-10-28,73.50885258846603,73.57301249047691,72.34680014823864,73.24507141113281,5164800
2015-10-29,72.7816509802839,73.50169824843317,72.64620052880055,73.28782653808594,3008100
2015-10-30,73.16662300137644,73.60150252863586,72.85294342041016,72.85294342041016,5425800
2015-11-02,72.81729825663979,73.13098328895805,72.07586436878324,72.28974151611328,5007300
2015-11-03,72.11865947444467,72.15430204769666,71.17047891214851,71.94755554199219,4174900
2015-11-04,71.92618114172531,72.24699155116429,71.57685340536136,71.73369598388672,3345600
2015-11-05,71.73368556108163,71.96181870420999,71.42713114008508,71.72655487060547,2834100
2015-11-06,71.34155307037365,71.49839556872683,70.68567120373412,71.09203338623047,4660400
2015-11-09,70.92097193743925,71.00651847997554,70.02982585852608,70.49321746826172,3959900
2015-11-10,70.222301469386,70.73560241130012,70.13674949935923,70.45756530761719,3367800
2015-11-11,70.77836110188561,71.26314462062957,70.64290520368414,70.88529968261719,3147300
2015-11-12,70.5074684244075,70.81402284778366,70.10823134149142,70.12962341308594,3892800
2015-11-13,70.00130201065332,70.54311485999311,69.7303901468599,69.89436340332031,4001000
2015-11-16,69.68760414169769,71.04927758532196,69.61631356288107,70.97798156738281,3446600
2015-11-17,70.96373555891492,71.2061246486392,70.26507473483775,70.45756530761719,3446500
2015-11-18,70.62867851384783,71.56259793148035,70.5146146358533,71.48417663574219,4074200
2015-11-19,71.66239814100187,72.26838180441877,71.64814219746064,71.95469665527344,3496000
2015-11-20,72.37530896497269,72.82445001649685,71.2916778547941,71.36296844482422,4800600
2015-11-23,71.63386835991795,72.49649686546083,71.46276444542166,71.89764404296875,4604000
2015-11-24,71.52695764998259,72.00461069275254,71.29169375520053,71.74082946777344,3405400
2015-11-25,71.6695189561454,71.9618174301377,71.6124843115923,71.64813232421875,2906000
2015-11-27,71.35581700803505,71.997443010006,71.35581700803505,71.8192138671875,1463400
2015-11-30,71.81922638021447,71.98319961339006,71.38434676083875,71.4057388305664,6083300
2015-12-01,71.37010211836794,72.09014961774918,71.37010211836794,72.04737091064453,4473200
2015-12-02,72.04952223513804,72.06387803994554,71.33161149582995,71.41776275634766,4361600
2015-12-03,71.51826889421264,71.78389235888845,70.90086522823633,71.13777160644531,5661000
2015-12-04,71.2167409861395,72.77461140582733,70.74292276073919,72.55205535888672,6422700
2015-12-07,72.53052013922743,72.87511969943354,71.87722422341113,72.2720718383789,3408000
2015-12-08,72.07823068591904,72.3725712056123,71.5254364156393,71.9131088256836,3385200
2015-12-09,71.45362339400138,72.4802355161005,71.0659511090246,71.16645812988281,4195100
2015-12-10,71.29571384629868,71.50390861819366,70.67831017163752,71.00137329101562,3926600
2015-12-11,70.30499146689836,70.92239507543381,70.02500674642573,70.19730377197266,5429700
2015-12-14,70.41985061627246,70.80034784860132,69.5009258921181,70.31934356689453,6633900
2015-12-15,70.73575329071815,71.55417119974877,70.4988414019922,71.35315704345703,5554200
2015-12-16,71.67617807255083,72.74586860715048,71.53977880894784,72.56639099121094,4994500
2015-12-17,72.50898502095495,72.58795564083889,71.91311778991228,71.93465423583984,4303600
2015-12-18,71.61158852408157,71.61876916432315,70.26909361453636,70.28345489501953,6926800
2015-12-21,70.63523974733191,70.81471743862551,70.19013310112297,70.80036163330078,3089100
2015-12-22,71.00855135773374,71.84132493789845,70.8075317569259,71.64749145507812,3882100
2015-12-23,71.9346439936628,72.33667767689084,71.80541985927226,72.25052642822266,2929600
2015-12-24,72.15722026496263,72.4874585950244,71.87005483270998,72.17875671386719,1044300
2015-12-28,72.0710335114911,72.35819880237204,71.8915558893433,72.27922821044922,4017700
2015-12-29,72.58793666094984,73.0115012593721,72.34384422407135,72.83202362060547,2362200
2015-12-30,72.87510933587197,72.89664577834262,72.49461757962804,72.61666107177734,2333000
2015-12-31,72.17156090853159,72.44437047660541,71.65466433452214,71.73363494873047,3041500
2016-01-04,70.75726707998653,71.07314949712965,70.21165896684161,70.90802764892578,6689000
2016-01-05,70.93673977306024,71.68336740317186,70.86494981342358,71.39620208740234,4893800
2016-01-06,70.62805656132934,71.61877688699805,70.44140371271071,71.41776275634766,5483400
2016-01-07,70.68546392531975,71.05878043541351,69.78807584154733,70.04652404785156,5440000
2016-01-08,70.23321549740663,70.80754085613258,69.59427531795448,69.7881088256836,4853500
2016-01-11,69.88142110486346,70.2978106027306,69.54400769509904,69.95321655273438,5638000
2016-01-12,70.64961641071493,70.64961641071493,69.73786647320445,70.08246612548828,5185800
2016-01-13,69.97476329701021,70.31218223366886,69.17070126661565,69.27838897705078,5161500
2016-01-14,69.20660551869429,69.69478510508422,68.6753530349604,68.78303527832031,6592500
2016-01-15,67.44768251977379,67.88560831903195,66.98104512335087,67.4333267211914,8229400
2016-01-19,67.9574271678045,68.99121481595006,67.81384174637887,68.75430297851562,6828900
2016-01-20,68.09383400450653,68.50304291569665,66.98107562078398,67.31848907470703,7558100
2016-01-21,67.51232022576309,67.96460197714579,66.94517013783788,67.8210220336914,6076300
2016-01-22,68.11536282987379,69.1276195100622,67.56975466081394,68.81173706054688,6946600
2016-01-25,68.86197386679395,69.51527505106306,68.58198920988504,68.87633514404297,4407000
2016-01-26,68.85481414016986,69.7952753535676,68.75430160856278,69.14915466308594,3735200
2016-01-27,68.84043742814288,69.83833258527413,68.6035256485361,68.87633514404297,5795100
2016-01-28,69.22812930594318,70.28345891565664,68.97686165535045,69.96039581298828,5169900
2016-01-29,70.26190097337124,71.28851318359375,70.0537062759446,71.28851318359375,7340600
2016-02-01,70.73573310253187,71.36031731894441,70.01064183665846,71.09468841552734,3648100
2016-02-02,70.82189443602665,70.84343088151789,70.35525136722775,70.50601196289062,3809900
2016-02-03,70.97982666806988,71.09468952185968,70.06807709162818,70.87213897705078,5146000
2016-02-04,70.84341021925968,71.0013514097624,69.63732032850187,69.91730499267578,5212000
2016-02-05,70.09681193147574,70.14706546971854,69.49376947256224,69.86708068847656,5574800
2016-02-08,69.73785413407248,70.27628722990518,69.20660167980714,70.01065826416016,4729500
2016-02-09,69.41478382900615,70.92239512739964,69.23530616307302,70.55625915527344,4994200
2016-02-10,70.50603094008598,70.8793476864956,70.01067065156097,70.08246612548828,4505500
2016-02-11,69.19939297930038,70.31215645037499,68.98401763740773,69.5655288696289,5898500
2016-02-12,69.20659288006858,70.77881359547666,69.02711520427859,70.70702362060547,5110600
2016-02-16,71.21672546579798,71.28852090368184,70.42702494408171,70.78598022460938,4709700
2016-02-17,71.07316447349362,71.71210460482486,70.92958451393187,71.468017578125,4493200
2016-02-18,71.48235179405798,71.76951710367605,71.05160656824222,71.51824951171875,3729100
2016-02-19,70.6854782423781,71.92746601185651,70.6854782423781,71.48954010009766,4531300
2016-02-22,71.77670161940725,72.19308558975906,71.48953629427899,71.6977310180664,4731500
2016-02-23,71.712075365689,71.79104595441663,71.34593949769928,71.46080780029297,3721100
2016-02-24,71.07314567176138,71.61157859351715,70.64240042980134,71.56132507324219,5691200
2016-02-25,71.66902945454848,72.29360828391226,71.66902945454848,72.2720718383789,4668900
2016-02-26,72.14282538818075,72.17872310445625,70.24036144725135,70.61367797851562,6506200
2016-02-29,70.6136778851275,71.08749597144705,70.2044691153514,70.22600555419922,5955300
2016-03-01,70.71420690481405,71.1736693338349,70.39114926720457,71.13777160644531,5160200
2016-03-02,70.89410720557025,71.11824794466649,70.52535508934739,71.0965576171875,4180000
2016-03-03,71.11101177267732,71.74729076151898,70.8724071518617,71.6966781616211,4856600
2016-03-04,71.44361163350753,72.30403137207031,71.27008350279532,72.30403137207031,7067200
2016-03-07,71.76176452636719,72.01482758011495,71.55931408336897,71.76176452636719,5967100
2016-03-08,71.55929687704761,72.39079429631018,71.40022713397971,72.11603546142578,4871200
2016-03-09,72.304055898946,72.72342074708669,72.11606380902748,72.44866180419922,5085000
2016-03-10,72.62938400267844,72.94029150128166,72.31847650407519,72.86798858642578,5502800
2016-03-11,73.02708755180397,73.32353679268934,72.73063831091862,73.25122833251953,5912400
2016-03-14,73.12107363668284,73.35244634393531,72.75232700461078,72.77401733398438,3580500
2016-03-15,72.49924956027213,73.43920417116144,72.48479118124975,73.13552856445312,3860300
2016-03-16,72.9836944254143,73.27290615126097,72.31126668173664,72.90415954589844,4176600
2016-03-17,73.02705809970638,73.83686508630515,72.87522032403638,73.6561050415039,5635800
2016-03-18,73.51151636743333,73.70674036518838,73.03431257049083,73.23676300048828,7273900
2016-03-21,72.96202034017423,73.8368986932511,72.53542357177072,73.41753387451172,4420300
2016-03-22,73.22953862582874,73.39584036273281,72.6149553236687,72.86078643798828,3457600
2016-03-23,72.80294814499278,73.57660124270501,72.68725901962668,72.88970947265625,3407900
2016-03-24,72.81015082162038,72.96922055891709,72.41248199473796,72.79569244384766,3183100
2016-03-28,72.99817800563667,73.46815549692353,72.89695276337328,73.01264190673828,3785500
2016-03-29,73.0632135410674,73.48980460610349,72.85353122361683,73.29458618164062,3356700
2016-03-30,73.3596737444017,74.39362167253789,73.32352503647365,74.24901580810547,4673600
2016-03-31,74.14054098507624,74.79850468272953,73.96701288583432,74.09716033935547,5367700
2016-04-01,73.72842340052073,75.116659511471,73.71395950474586,75.03712463378906,4128600
2016-04-04,75.05158166097078,75.16003328755725,74.30684555480053,75.0660400390625,4220400
2016-04-05,75.02988394440167,75.14557303168226,74.37915213570595,74.54544830322266,3589200
2016-04-06,74.6539157324843,75.1889640440007,74.37916238686452,75.13835144042969,4196800
2016-04-07,74.71897515760524,75.17449403564082,74.4948344502285,74.90696716308594,6220900
2016-04-08,75.18895689859886,76.09998919265934,75.1238859214886,75.9770736694336,6154500
2016-04-11,76.03491626014029,76.47596574293955,75.31187600136997,75.41310119628906,5354000
2016-04-12,75.3191178799228,76.00600957644984,75.28296916938592,75.85417175292969,3777200
2016-04-13,76.16507124670005,76.17230319510612,75.02267163475386,75.28296661376953,3802400
2016-04-14,74.27793673172395,75.26126652140702,74.26347283572801,74.5888442993164,5593300
2016-04-15,74.64668906923428,75.05882187502189,74.48039286702479,75.02989959716797,4553500
2016-04-18,75.31189106862135,75.6227931463881,74.83468175450768,74.9937515258789,7736900
2016-04-19,75.05883719405696,75.63727183646937,75.02268847663217,75.4275894165039,4996200
2016-04-20,75.36247988011814,75.44924117066313,74.03208308938792,74.0682373046875,4778000
2016-04-21,73.99593197037312,73.99593197037312,72.60769609997651,73.01982879638672,7145600
2016-04-22,73.14998273948254,73.79348813801201,72.98368656666317,73.73564910888672,5660200
2016-04-25,73.6055043208806,74.35023494295623,73.46812489943996,74.32854461669922,3501300
2016-04-26,74.61774482132019,74.7623561680112,73.88747820687624,74.18392181396484,3222900
2016-04-27,74.27068103167264,74.7334262610746,73.68502030741415,74.20560455322266,3730900
2016-04-28,73.87301219574319,74.58159398331368,73.86578576588498,74.45144653320312,4350200
2016-04-29,74.42252354510525,74.59605163812192,74.03931314469573,74.4442138671875,4604000
2016-05-02,74.28515047200865,75.1021894490304,74.21284755346171,74.78404998779297,3998100
2016-05-03,74.76959250747625,75.14557099824557,74.47314336661113,74.87804412841797,3945400
2016-05-04,74.84190860356064,75.51433635358275,74.5671497385098,75.21065521240234,3852600
2016-05-05,75.10219903263075,75.83246577440912,74.90697505964698,75.34803009033203,3401400
2016-05-06,74.96482145723708,75.89754414268785,74.96482145723708,75.89031219482422,3547700
2016-05-09,75.86139386972886,76.44706031725927,75.85416743784889,76.12168884277344,4432300
2016-05-10,76.23012460906605,77.0977705981604,76.15782169603465,77.05438995361328,3885500
2016-05-11,76.83027708609336,77.32194479562627,76.3747580879851,76.43983459472656,3424900
2016-05-12,76.7362594165861,76.93148337240771,76.33859059061197,76.71456909179688,3195200
2016-05-13,76.46150504343402,76.71456802304824,74.8635867820308,75.32633209228516,7811500
2016-05-16,75.18171715289674,75.66615272901124,74.92864868754988,75.29016876220703,4243200
2016-05-17,75.31911618312996,75.47095400322951,73.75735180756286,74.01764678955078,5443300
2016-05-18,73.71398586178121,73.75014009778569,72.49927745128086,72.96202850341797,6970100
2016-05-19,72.84632127362472,73.34522092152811,72.52095529582026,73.26568603515625,4722400
2016-05-20,73.54043825612,73.59828281191601,72.30403983687272,72.3763427734375,5704000
2016-05-23,72.39079538671379,72.86076715930865,72.30402856654447,72.60770416259766,4185900
2016-05-24,72.96200585719492,73.30183019489611,72.80293609432701,73.09214782714844,3446300
2016-05-25,73.1499923802568,73.46089995776403,72.9981545656175,73.09214782714844,3223800
2016-05-26,73.17167155156642,73.72118368958739,73.03429765433069,73.67780303955078,4543100
2016-05-27,73.84409929634428,74.02485936018995,73.46088884360896,73.72118377685547,2877000
2016-05-31,73.85132083983838,74.01762250234715,72.89690805783839,73.14997100830078,6368700
2016-06-01,73.25415037059932,74.01175165641091,73.06475421744018,73.98989868164062,4741400
2016-06-02,73.81506285070917,74.31041728037492,73.69850625185862,74.30313110351562,3618200
2016-06-03,74.24485429773019,74.9077574621486,74.24485429773019,74.68921661376953,4511700
2016-06-06,74.69651351499125,75.07531140781123,74.47069201490966,74.81306457519531,2944200
2016-06-07,74.90048143971245,75.16272827023136,74.5071111939341,74.66008758544922,4078700
2016-06-08,74.56538102666285,75.28655694975181,74.42697144914258,75.1627197265625,2860800
2016-06-09,74.95875733922395,75.62894119224516,74.696510517133,75.51239013671875,3552200
2016-06-10,75.2137098251184,75.38853916830688,74.87133175798604,75.25741577148438,3462400
2016-06-13,75.20643316683643,75.53424447924526,75.01703700346279,75.07530975341797,4368300
2016-06-14,74.74019262614382,75.2428331344302,74.11371492407554,75.19912719726562,4363600
2016-06-15,75.22829309328142,75.44683398841208,74.8494951738109,74.92962646484375,3434400
2016-06-16,74.6746809390267,75.70909619597963,74.6746809390267,75.65081787109375,3520900
2016-06-17,75.46137906052391,75.65806692105512,74.59451302361079,75.33026123046875,5577900
2016-06-20,75.81106114992062,76.2554235378178,75.28656747517473,75.30113983154297,3567000
2016-06-21,75.62165621765075,76.05873796657325,75.58523644372407,75.81834411621094,3214500
2016-06-22,75.81833582390273,76.11700239142739,75.49052454806382,75.5706558227539,3398900
2016-06-23,76.09517135385424,76.12431051284373,75.69452042263295,76.08060455322266,3068100
2016-06-24,74.66009358981981,75.35941667486992,74.15745842233977,74.28858184814453,8654800
2016-06-27,74.13558036588047,74.55080351197503,73.79320787094848,74.3978271484375,6381900
2016-06-28,74.4197008352941,74.55081869555268,73.93891311677724,74.4051284790039,5195100
2016-06-29,74.90047768762759,75.27199493853938,74.63823087024575,75.1190185546875,4898700
2016-06-30,75.57793751487134,77.21697712362759,75.41767497500149,77.17327117919922,7973200
2016-07-01,77.38454577704617,77.50838302331417,76.7653484302546,76.94746398925781,4115700
2016-07-05,76.97659497037024,77.9308841774509,76.94745581709734,77.52294158935547,5365200
2016-07-06,77.64675192019386,77.74874170017523,76.94742915711423,77.15868377685547,6126500
2016-07-07,79.05999231748683,79.40237040019153,77.9964382983195,78.3023910522461,9912800
2016-07-08,78.70307748972509,79.03816952308003,78.17858367830796,78.87062072753906,6052800
2016-07-11,78.79048342532683,79.49708717339462,78.50637802102541,79.33683013916016,6446600
2016-07-12,78.97987188733593,79.48251259333647,78.94345211128086,79.24940490722656,4175800
2016-07-13,79.45334329396233,80.17451905586253,79.3222199229147,80.06525421142578,5232100
2016-07-14,80.00697888632365,80.81557211144998,79.95598677112305,80.10167694091797,4834300
2016-07-15,79.96328917696104,80.4877828234905,79.38052278127016,79.88316345214844,5230600
2016-07-18,79.88315490078155,79.91228849338093,79.2858106557259,79.55534362792969,3688700
2016-07-19,79.30038388003415,79.81030512198919,79.191113454551,79.7884521484375,3987500
2016-07-20,80.02886488921538,80.06529022556111,79.1692791940807,79.34410858154297,3021800
2016-07-21,79.19112600378594,79.30768262483167,78.75404979031562,79.09642791748047,2765400
2016-07-22,79.24211458341887,79.70104931105413,79.24211458341887,79.54078674316406,2693100
2016-07-25,79.57719369440944,79.60633284366907,78.95071587963868,79.41693115234375,3053100
2016-07-26,79.40236722773038,79.56991595260058,78.69575811637611,78.81959533691406,3386100
2016-07-27,78.70304962644245,78.70304962644245,77.71962685706052,78.29511260986328,4724200
2016-07-28,78.34612704726989,78.95074656681068,78.06930780056952,78.76863098144531,3446500
2016-07-29,78.86332637659022,79.48251819038552,78.7613421040934,79.34410858154297,3995300
2016-08-01,79.19842585946775,79.46795336616317,78.92160661554071,79.35140228271484,3880700
2016-08-02,79.5844711051422,79.5844711051422,78.87786209716965,79.1983871459961,3431600
2016-08-03,79.35137186088951,79.3877971867235,78.44079429228375,78.70304107666016,3691900
2016-08-04,78.79775809969318,79.07457730408841,78.65935405522131,78.97987365722656,3226900
2016-08-05,79.21298161704131,79.6646302020362,78.94345414792285,79.15470886230469,3189400
2016-08-08,78.97986267187024,79.12555843226748,78.43351607526174,78.77589416503906,3304200
2016-08-09,78.85600805314027,79.22023903721943,78.71759850071858,78.87786102294922,2378200
2016-08-10,79.0017376883111,79.37325503382276,79.0017376883111,79.27127075195312,2189900
2016-08-11,79.4096665379818,79.53350377900071,79.00172392385255,79.0235824584961,2786800
2016-08-12,79.14013932527617,79.35868022593438,78.94345696086455,79.10371398925781,2563400
2016-08-15,79.19110097005263,79.39506943467896,79.14010885389604,79.1983871459961,2357800
2016-08-16,78.85602758548877,79.17655270934294,78.60835312267429,78.67391204833984,2677200
2016-08-17,78.63749292721172,79.06000234061358,78.38253226661598,79.01629638671875,2963900
2016-08-18,78.972564635753,79.27123115268157,78.81958273164284,78.87786102294922,2373000
2016-08-19,78.70306953855966,78.86333213782699,78.33883837939808,78.79776763916016,2846600
2016-08-22,78.73217757626108,78.82687563942848,78.50635056759386,78.64476013183594,2304600
2016-08-23,78.85603509663017,79.07457598511525,78.4553786536494,78.58650207519531,2473000
2016-08-24,78.54280410626966,78.88518227276825,78.34612173281633,78.75405883789062,3422600
2016-08-25,78.73947847404462,78.95073318418667,78.5209431432852,78.58650207519531,2129500
2016-08-26,78.61562482537744,79.03813415749258,78.18583487416427,78.27324676513672,2868900
2016-08-29,78.30972664809303,78.681244116727,78.23688150229164,78.66667175292969,2576400
2016-08-30,78.61564196088575,78.71762622773234,77.96731102547862,78.09843444824219,3708100
2016-08-31,78.01260023556247,78.40875292505493,77.95391530148135,78.31338500976562,3995000
2016-09-01,78.10062448501992,78.74620344076001,77.9759113226104,78.70952606201172,3799000
2016-09-02,78.92226846658257,79.41378895795289,78.86357794900633,79.13501739501953,3671200
2016-09-06,79.07633162491571,79.31842582667531,78.79022233084935,79.17169952392578,2913300
2016-09-07,79.05434646860932,79.2084049323518,78.33540137410677,78.6508560180664,3260500
2016-09-08,78.57014860246731,78.7462145976989,78.12264310026603,78.40875244140625,3491400
2016-09-09,77.7778584237853,77.90257722526776,76.3326416015625,76.3326416015625,6134500
2016-09-12,76.51603439510916,77.92457362459186,76.51603439510916,77.77784729003906,4569400
2016-09-13,77.71915182876467,77.72648394672139,76.50868631854908,76.72876739501953,4597700
2016-09-14,76.89748930812476,77.4990531122556,76.73609318557136,77.06622314453125,4007800
2016-09-15,76.99284766326892,77.55773402223554,76.8094440189095,77.38166809082031,3598600
2016-09-16,77.02954361320825,77.39635096374732,76.72142678204405,77.23495483398438,4934100
2016-09-19,77.18359506848644,77.85118707284238,76.97084615271484,77.52105712890625,3439300
2016-09-20,77.83650431942529,78.28400965236894,77.73379872796626,77.98323059082031,3561700
2016-09-21,77.98324425513671,78.76821175427939,77.67512182973506,78.5921401977539,3913900
2016-09-22,78.85625628839237,79.18638631918877,78.7242053954812,79.09835052490234,3869400
2016-09-23,78.99563247425864,79.22305124410622,78.52611950597174,78.74620056152344,3235900
2016-09-26,78.67283434645697,78.77553995080068,78.4014005051353,78.5187759399414,4440400
2016-09-27,78.76821676141948,79.13502413194423,78.29870377491069,78.85624694824219,3779300
2016-09-28,79.16437903329417,79.16437903329417,78.39408122257638,78.77555847167969,5030500
2016-09-29,80.33080154165309,80.48485994145858,79.01763068955624,79.05431365966797,7249100
2016-09-30,79.50183140870375,80.14007265056085,79.50183140870375,79.79527282714844,7173300
2016-10-03,79.79528033869626,79.83930103323588,78.84158444490207,79.41380310058594,4566000
2016-10-04,79.45779475073151,79.50181543228099,78.18864463959724,78.57012176513672,5830100
2016-10-05,78.67282774346495,78.85623139254794,77.53572847737159,77.7704849243164,6297000
2016-10-06,77.56508957080486,78.15197800948543,77.36701045500998,78.05661010742188,4886000
2016-10-07,78.32073074122289,78.43810621843517,77.5064177289863,77.75584411621094,4398400
2016-10-10,78.09328116108284,78.2179999115702,77.63110592339072,77.92455291748047,3119300
2016-10-11,77.85119080786755,77.91721344160102,77.02954036240239,77.44770050048828,3814400
2016-10-12,77.6677799840207,77.88052889039653,77.39634056615458,77.82183837890625,3419800
2016-10-13,77.65311496825765,77.88787144865636,77.24229252681893,77.7044677734375,3582600
2016-10-14,77.81449119767412,78.54076799863246,77.60174231718437,78.37203979492188,4788600
2016-10-17,78.37207180462195,78.5481377925459,78.17399267080027,78.3867416381836,4104400
2016-10-18,78.82689032546854,79.36243147194197,78.45275089132494,78.4600830078125,3850000
2016-10-19,78.35736493704948,78.50409119898356,77.82182947283522,77.9538803100586,4330600
2016-10-20,77.84385924148842,77.99791766273525,77.455044331146,77.66779327392578,3751600
2016-10-21,77.77049189986346,77.77049189986346,77.22761302001952,77.48438262939453,3615400
2016-10-24,77.85119209243976,79.157025331271,77.85119209243976,78.72418975830078,5126000
2016-10-25,78.78287989369362,78.95894584940234,78.35738203678136,78.6655044555664,3756300
2016-10-26,78.85623539411496,79.19369745390797,78.4600828203487,78.5481185913086,3440700
2016-10-27,78.7022001980898,78.89294162622534,77.98326077956199,78.22534942626953,4205300
2016-10-28,78.42340544689203,78.88558065110159,78.1446283040368,78.5481185913086,3378900
2016-10-31,78.51878049655126,78.81222749614933,78.43808243173588,78.64349365234375,3141700
2016-11-01,78.59947399698258,78.71685502881974,77.8511895086456,78.28401947021484,4289600
2016-11-02,78.26201192600429,78.8195606331594,78.21065912383446,78.28401947021484,3679200
2016-11-03,78.5481417512624,78.59949456687154,78.1446513450213,78.22534942626953,3447700
2016-11-04,78.17401344091421,78.47479828069368,77.6238021850586,77.6238021850586,2897600
2016-11-07,78.24734144803162,78.64348843461464,78.04192464401648,78.46742248535156,5469100
2016-11-08,78.47478749914585,79.91267204525487,78.47478749914585,79.75861358642578,4671000
2016-11-09,78.0932742158713,78.75352849459465,77.0295352535648,78.68016815185547,6515800
2016-11-10,78.41606124843523,78.41606124843523,75.12213338332951,75.7457046508789,9095200
2016-11-11,75.5623097272375,76.12719055085223,75.24685520061131,75.70169830322266,5888400
2016-11-14,75.45962506860712,75.81175706763207,73.69161056658852,74.38121032714844,7248800
2016-11-15,74.3885492519736,74.8654000388975,73.96305128228535,74.71867370605469,5672300
2016-11-16,75.09280221934867,75.48895483468834,74.43988557472477,74.61595153808594,3962900
2016-11-17,74.68932503014321,74.77736082583034,74.22714969611914,74.54994201660156,4212600
2016-11-18,74.38853800468036,74.68198502896053,74.22714186147445,74.322509765625,4919200
2016-11-21,74.32251750122147,75.06347005531511,74.32251750122147,75.01945495605469,3870800
2016-11-22,75.21751903217995,75.56231885841893,75.15149639159955,75.48162078857422,4540300
2016-11-23,75.21017128280884,75.4816107176191,74.43254154664373,74.48389434814453,4658400
2016-11-25,74.82870937405211,75.49630152661393,74.63796795945777,74.95342254638672,3644900
2016-11-28,75.02676615734296,75.7457109613668,74.75533232486255,75.40824890136719,5556900
2016-11-29,75.40824954630115,75.59899091994458,75.04877993973257,75.22484588623047,3886800
2016-11-30,75.02015557211192,75.3231598624373,73.97810363769531,73.97810363769531,8123500
2016-12-01,73.8228856704064,73.94113506601076,72.7956180094699,73.18730926513672,7123000
2016-12-02,73.46080772154887,74.37721861940776,73.46080772154887,74.34765625,4594600
2016-12-05,74.36239823700511,74.57672106527866,73.99287728586634,74.42890930175781,3961800
2016-12-06,74.7023701062325,75.09406148187237,74.50282559964104,75.04972076416016,4828400
2016-12-07,74.76147386391155,76.06957541570485,74.76147386391155,75.98088836669922,4873400
2016-12-08,75.48574154692969,75.83309215281126,75.38227612880868,75.49313354492188,3993900
2016-12-09,75.55225854746932,76.89731462674557,75.41183877728058,76.54257202148438,5040200
2016-12-12,76.72732488924566,77.5033210896284,76.6164674836993,77.39246368408203,4858400
2016-12-13,77.45898824238256,78.3458420028552,77.36291481466957,78.06500244140625,4508600
2016-12-14,78.24977190580614,78.7301503763185,77.0155730090087,77.20772552490234,5007500
2016-12-15,77.03031633086559,78.02062946974596,77.03031633086559,77.82109069824219,4179400
2016-12-16,78.00588502141349,78.27932695163929,77.69548309752572,78.24237823486328,7499300
2016-12-19,77.93936876093524,78.24237868784488,77.6954835473411,77.90242004394531,3683800
2016-12-20,77.51808255266316,77.62893993405098,77.13378335408477,77.52547454833984,4903400
2016-12-21,77.46637260571394,78.1093410958011,77.37029918747014,77.377685546875,3245200
2016-12-22,77.26684018089148,77.93197344281027,77.04512533462336,77.85807037353516,2605000
2016-12-23,77.57721977539597,77.78415058025217,77.3259426277552,77.66590118408203,1769300
2016-12-27,77.66590273825652,77.83588483904222,77.59199968339207,77.69546508789062,1505000
2016-12-28,77.50332584308079,77.67330232202731,77.24465666812719,77.31856536865234,1878600
2016-12-29,77.22988153182898,77.67330556126103,77.21510317417297,77.59201049804688,2438100
2016-12-30,77.38506005630043,77.7102402267794,77.10422622444015,77.32593536376953,3484000
2017-01-03,77.55505921795503,77.66591099281251,77.01555614706554,77.34073638916016,3741200
2017-01-04,77.68069311861225,78.06499241856652,77.44419994053837,77.48854064941406,3029700
2017-01-05,77.24465866168465,77.68808832251086,77.00077911436107,77.38507843017578,5087200
2017-01-06,77.58462522719327,77.71765300173392,76.9490487086593,77.27422332763672,4109700
2017-01-09,76.97861357996952,77.05251664858811,76.30608268712204,76.4612808227539,5603500
2017-01-10,76.35782064223649,76.35782064223649,75.19752490607847,75.36011505126953,5399200
2017-01-11,75.26401452919079,75.64831942437057,74.9462319667281,75.2418441772461,4650300
2017-01-12,75.1679417923263,75.76656385391667,75.07186838689869,75.2640151977539,3126000
2017-01-13,75.29360035002057,75.46358249865614,74.80583553985649,75.04972076416016,3478600
2017-01-17,74.69496844832888,75.61877087083143,74.68757645018495,75.52269744873047,3745800
2017-01-18,75.67788953936265,76.12131353908639,75.61876483581493,75.92916107177734,4340400
2017-01-19,75.58919835876104,76.1213093847664,75.50790330543012,75.64832305908203,3923100
2017-01-20,75.96610897514638,76.35780023564018,75.7074454671261,76.29867553710938,4750800
2017-01-23,76.04740754070744,77.02294255778575,75.99567483671244,76.86774444580078,4584800
2017-01-24,76.86035934586994,77.54766855401974,76.69776922202598,77.38507843017578,4992300
2017-01-25,77.38509081996317,77.73983347773196,77.25945502722051,77.31118774414062,3566100
2017-01-26,77.2372536252713,77.39984370979896,76.91207345621595,76.96380615234375,3634600
2017-01-27,77.14118446925917,77.16336046053176,76.43909698355382,76.4760513305664,4248200
2017-01-30,76.12869980866176,76.65341882667286,76.12130781166395,76.6312484741211,3462600
2017-01-31,76.27653826079391,76.98601803549262,76.27653826079391,76.69779205322266,3846600
2017-02-01,76.57213957298183,76.69777535565676,76.10654515801089,76.12871551513672,3515600
2017-02-02,76.68299137445773,77.14858575529009,76.33564076910748,76.88253021240234,3213700
2017-02-03,77.18553786017677,78.16845930221376,76.90469832950141,77.68069458007812,4287100
2017-02-06,77.67331520895583,77.77678064072653,77.25206148290566,77.28162384033203,4355200
2017-02-07,77.32594556248415,78.26453185527151,77.32594556248415,78.05020904541016,3980400
2017-02-08,77.96892470944921,78.5084278068369,77.78416422435573,78.10934448242188,3407100
2017-02-09,78.10933048742619,78.70056055072801,77.6141681908785,78.3162612915039,4012400
2017-02-10,78.2127918305621,78.59709106984275,78.03541774617912,78.4123306274414,2475500
2017-02-13,78.70795418839234,78.84837393913304,78.24974622806693,78.72273254394531,3463700
2017-02-14,78.46405976242114,79.07746575656238,78.09453889439983,79.01834106445312,5665000
2017-02-15,77.85805597875324,79.26223658913963,77.42941036238783,78.87793731689453,7617200
2017-02-16,79.18834085589657,79.94955311212243,78.57493472456112,79.90521240234375,5559900
2017-02-17,79.29179936260766,80.03823319668736,79.23267466242592,79.92737579345703,5498400
2017-02-21,79.86825246383086,80.9250825343375,79.77956541203636,80.82161712646484,5370700
2017-02-22,80.82901918868943,81.13202345277801,80.68120741729282,80.85858154296875,3815300
2017-02-23,80.64424703216427,81.29460181686012,80.64424703216427,80.95464324951172,3382700
2017-02-24,80.92508303556951,81.23547926111004,80.79944727358053,81.1689682006836,3991800
2017-02-27,81.06550594098069,81.20592006459344,80.72554735145395,80.7551040649414,3475100
2017-02-28,80.59252559024503,81.7380372110222,80.59252559024503,81.57544708251953,4684700
2017-03-01,81.5553529813064,82.09111898969078,81.23538193058634,81.65209197998047,4750700
2017-03-02,81.71158444258005,82.09108615960956,81.42882168553653,81.93482208251953,3880800
2017-03-03,81.92742063152681,82.35156781958224,81.5925696799148,82.26971435546875,4111300
2017-03-06,81.70418691349494,81.99439257963652,81.42886111454213,81.57768249511719,4491000
2017-03-07,81.22792892760825,81.68183571435488,81.10886731476508,81.34698486328125,4361100
2017-03-08,81.23536856119216,81.35443017775901,80.71448818163803,81.33210754394531,5244500
2017-03-09,81.55534628860238,81.56278905954451,81.04190863701115,81.1237564086914,4066900
2017-03-10,81.5404678743581,81.63720118964336,81.31723015948945,81.54790496826172,3488900
2017-03-13,81.34699736045977,81.70417657669185,81.131202411907,81.41397094726562,3131200
2017-03-14,81.31721691778188,81.65207343555676,81.19816098583101,81.36186218261719,3630000
2017-03-15,81.52558490234975,82.76826656111082,81.48093962883692,82.67897033691406,4973400
2017-03-16,82.66406288761463,82.74591631881036,82.2473586394688,82.7012710571289,4580700
2017-03-17,82.95428742320559,82.98404715098597,82.54502020159386,82.88731384277344,6444400
2017-03-20,82.708740234375,82.92453519668544,82.45573709067017,82.708740234375,3382100
2017-03-21,82.99894571282628,83.57191423579883,82.94685766528332,83.17008972167969,5587700
2017-03-22,83.57190455601581,83.62399259752563,83.02125873474475,83.35610961914062,3882200
2017-03-23,83.30402710810237,83.5867956469319,83.0956749282308,83.17752838134766,3208400
2017-03-24,83.32638112890166,83.52729059942529,83.18499681586879,83.43055725097656,3913200
2017-03-27,83.24450997888412,83.55703827876341,83.02127223487226,83.2147445678711,3514600
2017-03-28,83.1998512484222,83.90676692028129,83.0733525213174,83.67608642578125,3945400
2017-03-29,83.38588332980441,83.74306256227987,83.31891541712413,83.66120910644531,2683700
2017-03-30,83.55703503740747,83.75050736290112,83.34124007381293,83.47518157958984,2104900
2017-03-31,83.57191145892907,83.69097309345482,83.21473790969422,83.237060546875,3744400
2017-04-03,83.30402845841733,83.60911963901115,82.93941213773184,83.237060546875,3587100
2017-04-04,83.33378325575204,83.50493291429667,83.06590028935115,83.4007568359375,2360700
2017-04-05,83.37101866901985,83.78028034566242,83.11057838803414,83.2966079711914,2992000
2017-04-06,83.43051858482528,83.54957452180278,82.9096325386843,83.02869415283203,2740600
2017-04-07,83.11797802655065,83.31145029545388,82.92451143481719,83.05101013183594,2799600
2017-04-10,83.11799204692848,83.4528486084951,82.90220278722404,83.35610961914062,2873200
2017-04-11,83.12542665461422,83.40075237679737,82.85754370253608,83.14031219482422,3031500
2017-04-12,83.37844592744436,84.65832445259024,83.26682706288483,84.53926849365234,6260300
2017-04-13,84.27137610023784,84.36810941092025,83.82490636891575,83.84722900390625,3257300
2017-04-17,83.89186598613206,84.32345581054688,83.8472207205616,84.32345581054688,2917700
2017-04-18,84.41277755174856,85.28339455673449,84.38301213997488,85.03783416748047,4574200
2017-04-19,85.14201363962646,85.19410169299886,84.44254630536459,84.54672241210938,3044700
2017-04-20,84.47231837212944,84.80717505883781,84.37558502379476,84.52440643310547,2973000
2017-04-21,84.49460779525462,84.68063730983935,84.2862499700967,84.40531158447266,3885300
2017-04-24,85.09737711034873,85.18667335838708,84.76252611525696,85.06761169433594,3221500
2017-04-25,84.98572697355623,85.25360994200825,84.82946285482096,84.94852447509766,3643600
2017-04-26,83.15520171141327,84.65088075462235,82.85011055056205,84.3309097290039,5343900
2017-04-27,84.15976805912409,84.41277120158168,83.72074104212577,83.81747436523438,4096200
2017-04-28,83.59425100863267,84.40534294571606,83.48263780014756,84.2937240600586,4872000
2017-05-01,84.03328437977156,84.16722590808472,83.54216355023246,83.54960632324219,4074300
2017-05-02,83.89931573932053,84.00349181910258,83.3933152044489,83.55702209472656,3082400
2017-05-03,83.63142144615372,83.8695389787262,83.1179782101941,83.18495178222656,3342600
2017-05-04,83.46776403737698,84.08538370498827,83.19988094485095,84.05561828613281,3488800
2017-05-05,84.1151200844508,84.29370685875621,83.89188235869062,84.24906158447266,3046100
2017-05-08,84.23417604159734,84.4053257216363,83.92164776727006,84.24906158447266,3097200
2017-05-09,84.26393017739848,84.3904345662302,83.75049256031137,83.87699127197266,2708200
2017-05-10,83.86210962322566,83.9886140179286,83.69840840609785,83.9662857055664,2160100
2017-05-11,83.81747152599095,84.15232243686143,83.73561807183664,84.11511993408203,2277200
2017-05-12,84.03325907579224,84.3085848225226,83.87699495267631,84.01837921142578,2383500
2017-05-15,84.01092946948073,84.82945819381153,83.91419048902867,84.7848129272461,3500300
2017-05-16,84.87410426387055,85.32057964243246,84.52436786667651,84.6731948852539,2444300
2017-05-17,84.67320976739069,85.04526886347175,84.32347330872707,84.63600158691406,2999300
2017-05-18,84.66576945778054,85.03782856468038,84.3011531226267,84.85179901123047,3439500
2017-05-19,84.95598188045923,85.2015422731126,84.42765858779924,84.59880828857422,5750100
2017-05-22,84.59877905885509,85.57357184315667,84.59877905885509,85.35033416748047,3324000
2017-05-23,85.3578137688188,85.90102265286616,85.3578137688188,85.6108169555664,3261300
2017-05-24,85.80426185271415,86.563265543098,85.66288326503161,86.36235046386719,2816000
2017-05-25,86.58559038236012,87.56782613589554,86.42932624852166,87.45620727539062,3596200
2017-05-26,87.2478623978466,87.80595106990106,87.21065421550769,87.73898315429688,3104800
2017-05-30,87.61246992881746,87.8952384609414,87.43388316132985,87.81338500976562,3231600
2017-05-31,87.59237066570348,88.36407566985477,87.5624008178711,87.5624008178711,5232900
2017-06-01,87.5099464857405,87.85459112798297,86.95551292911426,87.83211517333984,4404900
2017-06-02,88.00443628003678,88.18424963670351,87.6897614768291,88.16177368164062,3162900
2017-06-05,87.9519788709824,88.38653299872142,87.69724379233988,88.31909942626953,2968800
2017-06-06,88.24420483819769,88.36408424115557,88.00445174844648,88.18426513671875,2643200
2017-06-07,87.78717709298334,88.08686989266371,87.52494803682478,87.69727325439453,3681100
2017-06-08,87.69726397305362,87.7197399303221,86.60338451256506,86.82815551757812,3956700
2017-06-09,86.65581740830436,87.00795019009549,86.43104645160435,86.8656005859375,3197700
2017-06-12,86.86561626519689,87.37509223833626,86.86561626519689,87.08289337158203,3492100
2017-06-13,86.51347841780914,87.35261128673199,86.51347841780914,87.15032196044922,2760000
2017-06-14,87.59236705712189,88.45397585311028,87.53242736392644,87.93701171875,3597200
2017-06-15,87.65980125300163,88.01943372197233,87.29268060896374,87.817138671875,3372700
2017-06-16,87.93700951237582,87.95948546771925,87.13533471353344,87.55490112304688,5156200
2017-06-19,87.67478015252199,87.8770751953125,87.08289423839976,87.8770751953125,2436600
2017-06-20,87.87707097055004,88.5139144836556,87.79465532243668,88.3715591430664,3703500
2017-06-21,88.24417199782724,88.58881657882365,87.83958773765865,87.97444915771484,3767100
2017-06-22,87.90701654389696,87.96695621982224,86.94800459374086,87.0229263305664,3288100
2017-06-23,87.06790761664331,87.93701606241561,86.97799807240905,87.62982940673828,3453400
2017-06-26,87.9744677236994,88.28165435716318,87.70474482666515,87.74970245361328,2704000
2017-06-27,87.83959472725749,87.94448631607406,86.8656005859375,86.8656005859375,2884300
2017-06-28,87.30013540792991,87.56237005529363,87.06038242566518,87.19524383544922,3110600
2017-06-29,86.96302470969661,87.06042243857489,86.07893410948765,86.29621124267578,3474400
2017-06-30,86.55842748824504,86.99298169032986,86.38610801524975,86.52845764160156,3313300
2017-07-03,86.57341296148445,86.9105637239481,86.4160698417602,86.49099731445312,2250800
2017-07-05,86.53594427352749,86.57340800773027,86.07142026376422,86.38610076904297,4023100
2017-07-06,86.13885436625935,86.47600511148275,86.04894483332356,86.25872802734375,4007000
2017-07-07,86.4685047715151,86.65581198498828,86.03395066437834,86.54342651367188,3972500
2017-07-10,86.85060091365462,86.91054058938826,85.56192646619154,85.61437225341797,5771200
2017-07-11,84.91761528999999,85.39712712679207,84.10095839323634,85.2173080444336,6368500
2017-07-12,85.77923806783295,86.14636444251137,85.6219006427555,85.98902130126953,3885200
2017-07-13,86.12387674888502,86.19131033558506,85.35217174432023,85.42709350585938,3089400
2017-07-14,85.60691984492225,86.2512573378375,85.59942595328431,86.10890197753906,2956400
2017-07-17,86.116395869177,86.28122718822479,86.04146838512656,86.10890197753906,2481300
2017-07-18,86.048943866287,86.2737148380188,85.704299234818,86.1688232421875,2694800
2017-07-19,86.16885063085093,86.42358581136183,85.88413988067393,86.41609191894531,2578200
2017-07-20,86.41605326422659,86.95549895361535,86.24373382888228,86.54342651367188,3518100
2017-07-21,86.74574005742205,87.41255346664376,86.4460472887893,87.38258361816406,3476400
2017-07-24,87.28518954016752,87.4125571143982,86.97800286755482,87.00797271728516,3681300
2017-07-25,87.38258026593805,87.49496576438443,87.0154596394328,87.24771881103516,3075100
2017-07-26,87.13534114120883,87.97447402213565,87.02295564003782,87.80215454101562,3305600
2017-07-27,87.90704734746792,88.45398136249187,87.37509539859413,87.91453552246094,2954800
2017-07-28,87.89205753289473,88.01193692398044,87.06041283477052,87.36759948730469,3276300
2017-07-31,87.30765979176182,87.55490674875313,87.0454307689668,87.36759948730469,3098600
2017-08-01,87.42751825389239,87.49494610811381,86.83562676346638,86.8506088256836,2946100
2017-08-02,86.70827959906663,86.89558685968176,86.26623149160967,86.61837005615234,2626400
2017-08-03,86.70826233029793,87.40504542966183,86.67079859917057,87.13532257080078,2986200
2017-08-04,87.15032617660401,87.27769374806103,86.81317537776742,87.18778991699219,2955200
2017-08-07,87.24772098894776,87.8246305611638,87.19527518385213,87.62982940673828,2569600
2017-08-08,87.50996899783081,87.62234879995628,87.187800227353,87.44253540039062,2412600
2017-08-09,87.27769200656722,87.43502942396249,86.88060151749858,87.38258361816406,2513800
2017-08-10,87.1727678865122,87.53988839019463,86.97047862991715,87.19524383544922,2236000
2017-08-11,87.47247691553231,87.84709137769732,87.17278420256768,87.29266357421875,2759700
2017-08-14,87.9295044922484,88.54387196391428,87.66727551949398,88.28913116455078,3191700
2017-08-15,88.31911770360159,89.27064179112274,88.29664174685391,89.13578033447266,2749800
2017-08-16,89.12828557714631,89.42797833525162,89.02339396923405,89.2331771850586,2373900
2017-08-17,89.15824778216547,89.45044662432656,88.59632605244595,88.70121765136719,3096900
2017-08-18,88.62626836597478,88.73115993231195,87.95945524447633,88.10929870605469,3776500
2017-08-21,88.25917615582185,88.7536643103589,88.07186891076805,88.60382080078125,2119500
2017-08-22,88.59634519193504,88.93349601613616,88.14680885427866,88.3490982055664,2313700
2017-08-23,88.33410536912636,88.49893667327746,87.83212328187638,87.8770751953125,2616300
2017-08-24,87.85459250822022,87.88456235360303,86.93303834023037,87.07539367675781,4760000
2017-08-25,87.4650006757798,87.58488007162197,86.76072923178185,86.79818725585938,3442500
2017-08-28,87.00047982140939,87.12784738872921,86.22128091919228,86.56592559814453,2932700
2017-08-29,86.57341617388718,86.98548870817055,86.54344632693066,86.79068756103516,2348700
2017-08-30,86.86236400076801,87.0811615833793,86.69638498694053,86.87745666503906,2491800
2017-08-31,86.94533759438866,87.39801956987989,86.71145315422031,87.31503295898438,4709500
2017-09-01,87.05099951240763,87.58667407842871,86.87747413155773,87.39805603027344,2591900
2017-09-05,87.4810382081232,87.56403060010555,87.0736283371475,87.42068481445312,2711400
2017-09-06,87.64703169153607,87.87337564780209,87.24716235747658,87.7828369140625,2617500
2017-09-07,88.00915307935544,88.49201466115977,87.81298876294615,88.26567077636719,2623800
2017-09-08,87.82054654550004,87.88090569013717,86.43986133179102,86.79446411132812,4818300
2017-09-11,86.82465313711751,87.435773713654,86.58322228844682,87.28488159179688,3247900
2017-09-12,87.2848851122367,87.48104372732948,86.6586718445583,86.76429748535156,2998500
2017-09-13,86.66617910550741,86.89251719538042,86.00978655693315,86.34929656982422,5141500
2017-09-14,86.34177045037204,86.42476282406793,85.78345707166079,86.15315246582031,3456900
2017-09-15,86.56811540784244,86.74919283173617,86.09280012149162,86.65110778808594,5543000
2017-09-18,86.89254959178733,86.93782183157141,86.52285987784806,86.75674438476562,2441200
2017-09-19,86.80953483606427,86.85480706418474,86.28140680935695,86.37948608398438,2568300
2017-09-20,86.26631903063004,86.50020924669334,85.05916507542817,85.69292449951172,4059800
2017-09-21,85.41377694704555,85.87400534110509,84.9082820736243,85.10444641113281,3630900
2017-09-22,84.92339279595043,85.15728310262539,84.35753862059113,84.3877182006836,3746300
2017-09-25,84.53105824448096,84.60650430634472,84.06328345106071,84.45561218261719,3885000
2017-09-26,84.67441902014826,84.72723184482561,84.29718291354827,84.35753631591797,2953800
2017-09-27,84.28961309296785,84.41032562023773,83.24843804492178,83.82183837890625,4016200
2017-09-28,84.0255583749509,85.05164087344102,83.88975316908706,84.22926330566406,11581100
2017-09-29,84.40277024632601,84.52348275243138,83.90481604871201,84.07080078125,5122300
2017-10-02,82.92402893320816,83.38425160554507,82.2072770047412,82.32799530029297,8306400
2017-10-03,82.55431542904915,82.72784650194059,82.15444623570912,82.33551788330078,6064400
2017-10-04,80.6832295043968,83.1126300239711,80.11737556062629,82.49395751953125,9092400
2017-10-05,82.73540829930943,83.73885175759274,82.65241591278122,83.33143615722656,5670400
2017-10-06,83.12019293795237,83.49742900185105,82.93157490600304,83.2937240600586,3240300
2017-10-09,83.43706299526325,83.69358649084539,82.83348879631215,82.99947357177734,1977800
2017-10-10,83.20317778866382,83.64077296459025,83.20317778866382,83.58041381835938,3032300
2017-10-11,83.67095139911133,84.35751797060863,83.57286634877963,84.13117980957031,4051100
2017-10-12,84.13117801079567,84.88565004378884,84.03309296256107,84.84037780761719,3287200
2017-10-13,85.0516584838813,85.24027654462637,84.63669644777558,84.96866607666016,3090500
2017-10-16,85.20254778699636,85.73067603699357,85.02147606644964,85.68540954589844,2675900
2017-10-17,85.42132371067213,85.67784143657096,84.24434919200264,84.64421844482422,3825200
2017-10-18,84.463134765625,84.8328301754797,84.33487591216405,84.463134765625,2590500
2017-10-19,84.21416317263964,85.09689399405836,84.19907050982185,85.00635528564453,2673700
2017-10-20,85.2628734748116,85.27041404958983,84.0330805586144,84.20661163330078,3772300
2017-10-23,84.22925712818922,84.8403776316736,84.04818545237251,84.26698303222656,2263200
2017-10-24,84.38011833740521,84.40275732523753,83.20314424128206,83.55774688720703,3351100
2017-10-25,83.31633386082153,83.39177990114048,82.37324396642491,83.04472351074219,3836900
2017-10-26,83.49740660329189,83.92745537052721,83.30124804712419,83.54267883300781,2865000
2017-10-27,83.30126481521262,83.6332286150226,82.93911568540656,83.44461059570312,3343200
2017-10-30,83.26352627049444,83.271072601848,82.50905430773618,82.72785186767578,2206100
2017-10-31,83.17299925544862,83.572868530939,82.95420166474979,83.16545867919922,4379400
2017-11-01,82.81086059927176,83.5049735606177,82.69768863127364,83.09001159667969,2822400
2017-11-02,82.92402220519313,83.12772711720274,82.64486548650285,83.02964782714844,2169800
2017-11-03,83.09755406039716,83.48233643120868,82.99192843016107,83.15791320800781,1725700
2017-11-06,82.96929877440056,82.99193201669138,82.38081145017775,82.43362426757812,3331800
2017-11-07,82.350624238014,83.42951948442273,82.350624238014,83.34652709960938,3882000
2017-11-08,83.42196695531884,84.5310416916509,83.36915414673942,84.50086212158203,3685300
2017-11-09,84.01045834936475,84.83283584509084,83.76148120106711,84.1085433959961,2856900
2017-11-10,84.07839272789525,85.24028072987286,83.9803076475454,85.0667495727539,3699500
2017-11-13,85.02143455247256,86.15314232659405,84.98370865753648,86.03997039794922,3194500
2017-11-14,85.77592774470918,87.66210783756554,85.70047593606306,87.33768463134766,4998900
2017-11-15,87.25468356127575,87.46593478966096,86.24368813893538,86.8397216796875,3861500
2017-11-16,87.05853297433585,87.39804310835191,86.71902284031978,86.93782043457031,3058100
2017-11-17,86.56059120489819,86.86992178927069,86.40969332311168,86.52286529541016,2646400
2017-11-20,86.5756470942704,87.40556500015052,86.54546752872666,86.69636535644531,3594300
2017-11-21,86.75674371034725,87.76773930057533,86.74165680131335,87.55648803710938,3179300
2017-11-22,87.34522780300064,87.51875890941294,86.22106604597661,86.82464599609375,3598500
2017-11-24,87.25468796919944,87.74509592053333,87.08870320817894,87.44330596923828,1183000
2017-11-27,87.5187429233825,87.82053284331661,87.26222523294508,87.40557098388672,2818900
2017-11-28,87.71492431714344,88.14497316604778,86.99063182194483,88.09970092773438,3600400
2017-11-29,88.15250396728516,88.55991952993804,87.73754782922043,88.15250396728516,3276300
2017-11-30,88.5209732055664,89.04517239357877,88.18670638367499,88.5209732055664,5984000
2017-12-01,88.50577378838445,88.7716698036363,87.39660341326355,88.71849060058594,4956600
2017-12-04,88.88562799640965,89.7972731446001,88.59694171857232,89.23509216308594,4403000
2017-12-05,89.36425888464119,89.59977180244975,89.02239333402505,89.33386993408203,3198600
2017-12-06,89.51616293620752,90.33664683994802,89.3718169357077,90.32904815673828,3203500
2017-12-07,90.04038828280926,90.13155512556399,88.54377173792136,88.6805191040039,5409500
2017-12-08,88.52095707662599,88.58173495902275,88.04994297829579,88.55894470214844,3127500
2017-12-11,88.37662852144814,89.21990291374195,87.79165146930266,89.18191528320312,2429400
2017-12-12,89.81246536539705,89.92642245141167,88.97678972812012,89.18950653076172,2664600
2017-12-13,89.27307745014956,89.80486947329025,89.25028719145757,89.49339294433594,3193900
2017-12-14,89.59976561890198,90.1011687782756,89.4402279865513,89.66053771972656,4057800
2017-12-15,90.07835629535198,90.67852483820162,89.9871894724553,90.5721664428711,7173500
2017-12-18,90.63295184035,90.96721862649385,89.64533146341542,89.68331909179688,3472700
2017-12-19,90.21511542828107,90.70132695511191,89.82007073626797,90.10875701904297,3942500
2017-12-20,90.14673815821776,90.49620230570807,89.31105672280812,90.42022705078125,4273400
2017-12-21,90.74688839045412,90.83805520609954,89.52376114534047,89.84284210205078,2790000
2017-12-22,90.10115814208984,90.21511523634494,89.77448422981114,90.10115814208984,2045600
2017-12-26,89.9568012304508,90.58735288243982,89.9568012304508,90.32145690917969,2156300
2017-12-27,90.30627593900462,90.7089192880803,90.25309673810968,90.63294982910156,2465100
2017-12-28,90.65573738217495,90.80767629559882,90.4430205849423,90.67092895507812,1999300
2017-12-29,90.75450920429479,91.59778361732815,90.72412025833609,91.10397338867188,3116400
2018-01-02,91.11155524155029,91.30148177162972,89.59214300091482,89.69090270996094,4165800
2018-01-03,89.57696196463971,90.00239558730496,89.37183804221297,89.45540618896484,4224000
2018-01-04,89.49338329492163,90.48859645782055,89.34143859319427,89.89602661132812,3147000
2018-01-05,89.95679274149087,90.47338727159102,89.83523699598709,90.15431213378906,2714200
2018-01-08,89.80488503910365,90.2075284687141,89.39464292324601,89.63774871826172,5730400
2018-01-09,89.84284779795622,90.38983713431237,89.60733495829871,89.70610046386719,4573600
2018-01-10,89.74410199826701,89.91883699534242,88.65772177115214,89.25029754638672,3363900
2018-01-11,89.37184248227153,89.53138009869694,88.41461098762038,88.79446411132812,3685200
2018-01-12,88.84765769394475,89.65295038786306,88.77168821612972,89.17433166503906,4335500
2018-01-16,89.03758484574152,89.91124833635061,88.90843615303487,89.53899383544922,4936500
2018-01-17,89.86564055930373,91.29388602485905,89.80486267665935,90.54177856445312,4554600
2018-01-18,90.47342209240233,90.87607130727983,90.13915525581046,90.44303894042969,6221800
2018-01-19,90.76969857442711,91.68134368843651,90.13154235774189,91.29389190673828,6002600
2018-01-22,91.2407088083258,92.570194590534,91.16473935141923,92.31189727783203,4308600
2018-01-23,91.97763927254354,93.07161817269305,91.81050296323193,92.15237426757812,3536900
2018-01-24,92.10676931928947,92.28910296316717,91.78769413665019,92.03079986572266,3445200
2018-01-25,91.62817995450001,92.26633048281332,91.43825337401164,91.84849548339844,2712900
2018-01-26,91.62816774166896,92.56260314730822,91.62816774166896,92.5018310546875,3993900
2018-01-29,92.21311330374361,92.80568885960014,90.89882515373247,90.91401672363281,3854700
2018-01-30,90.92164676579263,92.07639774769163,90.7848994051376,91.08118438720703,4945200
2018-01-31,91.04317688053342,91.7345122185099,90.79247827080894,91.39264678955078,4018100
2018-02-01,91.10395476002319,91.93203742880286,90.61774331630026,91.39264678955078,3485600
2018-02-02,91.09635177315243,91.37743929146023,89.94919405837264,90.15431213378906,3348900
2018-02-05,90.07835579959378,90.90643849707875,86.9179813058411,86.95596313476562,5347600
2018-02-06,85.42134218003886,86.56849403576412,83.68161479164966,86.27220916748047,6642600
2018-02-07,86.58371689557077,87.95118458350578,85.65687440040352,86.22665405273438,4931400
2018-02-08,86.37859420683726,86.39379157693124,83.6360543108165,83.681640625,4907900
2018-02-09,84.1830256321361,85.0794790038999,82.71679272228758,84.46411895751953,5301700
2018-02-12,85.01112240074767,85.65687149224563,84.37296619783218,85.0339126586914,4759200
2018-02-13,85.08709252576502,85.59609427748951,84.08428059569815,85.19345092773438,5274700
2018-02-14,84.83638646438926,85.01112143346667,82.62564452752864,82.89154052734375,7702700
2018-02-15,83.21061719039074,84.35777514816381,82.5952570376977,84.30459594726562,5125200
2018-02-16,84.37297058105469,84.85918209610728,83.3853559768972,84.37297058105469,5578500
2018-02-20,84.29700761045896,84.31220498178011,83.0662813578963,83.17264556884766,3835500
2018-02-21,83.07388113448137,83.4461355913534,82.00269828622953,82.04827880859375,4501900
2018-02-22,82.29898136212286,83.54489917732849,82.06346847781407,83.00550842285156,5394700
2018-02-23,83.08145636195474,83.60565540552999,82.48128787052299,83.3245620727539,4760400
2018-02-26,83.65884052608902,84.45652847924646,83.59046396090538,84.28179931640625,5355400
2018-02-27,84.47173436923728,85.14787242464189,84.10707284236481,84.24382019042969,6385800
2018-02-28,84.3273884130686,84.82119860353598,83.32457645837874,83.36256408691406,4638900
2018-03-01,83.58067197029693,84.09343543196498,82.07298927467384,82.74647521972656,6896300
2018-03-02,82.58575887085193,83.6648580128672,82.57810402901254,83.45056915283203,4903600
2018-03-05,83.00667673392442,83.87914180503068,82.66993378053844,83.74903869628906,3781700
2018-03-06,83.69548194679116,83.89446698681999,82.9913882223005,83.86385345458984,3380800
2018-03-07,83.33577568974853,84.23119956256667,83.12148681477673,84.06282806396484,4612600
2018-03-08,84.20825059617606,85.81542318294564,83.8638585557735,85.77716064453125,5437700
2018-03-09,85.9225562988606,86.15215485479929,85.44040633810992,86.12919616699219,3680600
2018-03-12,86.09859441177808,86.55013090422679,85.77716106065175,86.28992462158203,4509600
2018-03-13,86.68785724262379,87.17001293223242,86.26693443807771,86.94041442871094,4590000
2018-03-14,86.91747699174142,87.07053880554761,85.89194999358529,86.18276977539062,4055700
2018-03-15,86.02205917230538,86.67258068515766,85.45572341465055,85.7082748413086,3906800
2018-03-16,85.96848765401442,86.63431301920471,85.39449704874868,85.44041442871094,7730800
2018-03-19,85.44806465933675,85.70827091698989,84.22355260198717,84.46080017089844,4216700
2018-03-20,84.75927853072442,85.18020730595411,84.05518479664413,84.10875701904297,3319000
2018-03-21,84.10110553481371,84.24651836096106,83.06026873898274,83.22098541259766,3867600
2018-03-22,82.9990128972048,83.93270492026747,82.5015592013494,82.60870361328125,4325500
2018-03-23,82.72352612536604,83.22098583513866,81.07809100379174,81.23880767822266,4873300
2018-03-26,81.64442214244178,82.24902626744853,81.19287983992075,81.74391174316406,4119400
2018-03-27,82.0653642225639,83.06793275199699,81.5143322299507,82.37914276123047,5036300
2018-03-28,82.76178967757753,84.269472566542,82.65464523420349,83.55772399902344,6413000
2018-03-29,84.27710617541344,84.69037999813072,83.39698632178954,83.53474426269531,3829500
2018-04-02,83.12914277208303,83.5883340587433,81.460743287368,81.9275894165039,4325500
2018-04-03,82.18778992939662,83.06025506477772,81.57553103066824,82.800048828125,4699000
2018-04-04,82.4862578559681,84.74395725310309,82.07298400863898,84.32302856445312,4694200
2018-04-05,84.51437655073539,85.08836715326989,83.99395817088009,84.62152099609375,3275700
2018-04-06,84.23119857799685,84.93529809473195,83.24393412504486,83.6495590209961,3579100
2018-04-09,83.83323903974073,84.529677914108,83.25159361136015,83.71078491210938,2620000
2018-04-10,83.98628041823163,84.33832719108295,83.35871776420403,83.72607421875,2817000
2018-04-11,83.09088595417079,83.77967589941888,82.97608665680697,83.1750717163086,4000200
2018-04-12,83.38936650263723,83.81029534300042,82.8612932008971,82.89190673828125,2691700
2018-04-13,83.30515036674741,83.77199642353654,83.05259315459598,83.61893463134766,2828300
2018-04-16,83.99393559602633,84.67507046085215,83.81790928942816,84.12403869628906,2769800
2018-04-17,83.18270713101687,83.48118173108774,82.63933014527416,83.32046508789062,5022000
2018-04-18,83.39701799724371,83.69549267608262,81.47606093581933,81.87403106689453,6525500
2018-04-19,81.66737175304372,81.84339808437444,80.41990110555597,80.79490661621094,6320200
2018-04-20,80.70308227588274,80.81788157256223,78.26936170980346,78.43008422851562,8650000
2018-04-23,78.48365599364463,78.67498620734057,77.94027304848562,78.5066146850586,6670600
2018-04-24,78.53723418422159,78.71325472438579,77.274453510143,77.6341552734375,5695500
2018-04-25,77.45812594169355,78.33824612577064,77.18260995643577,77.4122085571289,4828300
2018-04-26,78.25404771289952,79.65458610509558,77.41219604465513,79.02702331542969,5978800
2018-04-27,78.23107442703002,78.82036873316325,77.79484190876876,77.84075927734375,4765900
2018-04-30,77.94793436073181,78.36120835728426,76.9759793636265,77.25149536132812,5479900
2018-05-01,76.80757306892909,77.24380556138847,75.4376485444504,75.86622619628906,4543900
2018-05-02,75.88920918953416,76.04227100560809,74.2590722375702,74.41213989257812,5927700
2018-05-03,74.60346249647792,75.07030273971542,74.00650746104621,74.69529724121094,6668200
2018-05-04,74.6570063303109,76.35601269027624,74.61873797526393,75.75906372070312,5937000
2018-05-07,75.75146565363583,76.0040171143871,75.05502082824644,75.17747497558594,3475400
2018-05-08,74.93257042616827,74.99379165919233,73.79989295066625,74.07540893554688,5333700
2018-05-09,74.38152590184414,74.63407731291177,73.42487495995988,73.59324645996094,6201500
2018-05-10,73.79989750379964,74.80246605350914,73.7769388101323,74.44276428222656,3100600
2018-05-11,74.67999244465568,75.20041073426395,74.14426447183146,74.56519317626953,3507300
2018-05-14,74.76418791809355,74.79480144957725,74.0294806792872,74.35091400146484,4307900
2018-05-15,73.93764077270035,74.41979076045239,73.74631057834783,74.08305358886719,6555700
2018-05-16,73.96060957043322,74.65705437575205,73.891733493741,74.38153839111328,5544700
2018-05-17,74.65704348693282,74.9937806554284,74.35091401099076,74.9402084350586,6531100
2018-05-18,75.23868747498038,75.34583192199524,74.48102150282267,74.62643432617188,6894000
2018-05-21,75.16979438702668,76.51676035176835,75.04734028162603,76.15705871582031,6678100
2018-05-22,76.363701089549,76.88411941667388,76.09584000329363,76.47850036621094,6807600
2018-05-23,76.47851581385243,76.99127940238893,76.23361336567567,76.87648010253906,6249900
2018-05-24,76.7693351929049,76.97597509920101,76.34841221452176,76.66984558105469,4696700
2018-05-25,76.66982803786759,77.3815765231519,76.45553917587809,76.76931762695312,5324300
2018-05-29,76.53206507790622,77.5193294180832,76.53206507790622,77.37391662597656,8302600
2018-05-30,77.80250643831972,78.2463880139966,77.36626802680226,77.93260955810547,6256600
2018-05-31,78.12416372214969,78.24001882436971,76.97334973007078,77.42903900146484,8270100
2018-06-01,77.65302396105415,77.95424369124503,76.96562448522003,77.42903900146484,4414200
2018-06-04,77.83065745729505,78.07781224010724,77.25911312691088,77.32862854003906,3932000
2018-06-05,77.59124511340903,77.97742491542239,77.14327512884084,77.39815521240234,4851900
2018-06-06,77.54490691771137,77.90019163529647,77.09693692450729,77.87702178955078,3946700
2018-06-07,77.62984691260881,78.40220633219563,77.49082198137779,78.13188171386719,5052900
2018-06-08,78.14734471876874,79.25181918466572,78.14734471876874,79.15913391113281,4795500
2018-06-11,79.25179551693911,79.8696853706932,78.9891902666716,79.7152099609375,3984500
2018-06-12,79.73066432587751,80.7501785093111,79.41399413995305,80.69611358642578,5075900
2018-06-13,80.44896841893062,81.56116209291277,80.44896841893062,81.30628204345703,7553500
2018-06-14,81.29853822273607,81.37577297103132,80.65747861588171,81.19812774658203,4812600
2018-06-15,81.1749777965038,83.22173153719855,80.95871809124729,83.11360168457031,10573000
2018-06-18,82.65020824740266,82.8046778211909,80.96646396551019,81.3912582397461,5964400
2018-06-19,81.47618541754737,82.39529492107168,81.26765098776188,81.83919525146484,5504400
2018-06-20,81.6615814953095,81.95507601619047,81.3758063275788,81.7233657836914,4601400
2018-06-21,82.31036318927241,82.97459292356668,82.10182868787126,82.82784271240234,6550700
2018-06-22,82.82782212956864,83.93229633025625,82.75058736648843,83.70059204101562,5709400
2018-06-25,83.19084696000326,84.64288080202068,83.19084696000326,84.1794662475586,5183000
2018-06-26,84.2258203262729,84.31849971093524,83.00549069203682,83.45346069335938,5034100
2018-06-27,83.70060034355245,84.15628961577129,83.12133072403918,83.62335968017578,6229200
2018-06-28,83.73922544477414,84.41890565616382,83.64654606513811,83.9400405883789,4297400
2018-06-29,83.9709140167106,84.57335339947437,83.26034479050894,84.0867691040039,4721400
2018-07-02,83.95549007568376,84.9595599595328,83.65427028905633,84.59654998779297,4711900
2018-07-03,83.86277958524481,84.62741369133322,83.46114942361862,84.03269958496094,3769100
2018-07-05,84.11767465210536,84.666049181375,83.41482468968108,84.61198425292969,4870400
2018-07-06,84.5656326462109,84.97498220276789,84.16400833391955,84.61969757080078,4387300
2018-07-09,84.28758269105904,84.41888827289878,83.04408353415411,83.22945404052734,7866400
2018-07-10,85.43841213362313,87.27662566793529,84.71239229994562,87.19166564941406,16107200
2018-07-11,86.9985680795527,87.23027827188092,86.58149326894289,86.92133331298828,5521400
2018-07-12,86.92135841921467,87.05265814956208,85.70875396673821,86.14127349853516,5500100
2018-07-13,86.25710099814383,87.11442043307812,86.21076131819109,87.03718566894531,4417100
2018-07-16,86.93679016600787,87.36931552649102,86.31118080820927,87.24573516845703,5413600
2018-07-17,87.6396216401049,88.84450041267777,87.6396216401049,88.72864532470703,6783800
2018-07-18,88.75955011318122,88.8213402858734,87.96402079083371,88.6900405883789,5379000
2018-07-19,88.6436867339633,90.04938062193688,88.62824213855025,89.41604614257812,9241300
2018-07-20,89.40060244331339,90.20385694344075,88.99125289546578,89.6014175415039,27559700
2018-07-23,89.22299171283943,89.57828236737465,87.72461787224893,88.35022735595703,7769300
2018-07-24,88.1571146439467,88.75955412332564,87.9331296772943,88.62052917480469,5095100
2018-07-25,88.77500129792627,89.3388204234113,88.43516123809295,88.98353576660156,4762300
2018-07-26,89.70183182653626,90.28882669626442,88.72865720694611,88.82134246826172,5096300
2018-07-27,88.64369803882184,89.091667967181,88.0721536534947,88.26524353027344,4563700
2018-07-30,87.87905857694615,88.50466785504887,87.79409856477973,88.18800354003906,3621800
2018-07-31,88.55874306682053,89.1997969731886,88.13394298491818,88.82134246826172,4892100
2018-08-01,88.37337390617722,88.45833392386707,87.45427009433268,87.74776458740234,4169000
2018-08-02,87.74004185314634,88.76728144723916,87.34613684100631,88.58191680908203,4167200
2018-08-03,88.64367893572289,90.13433269891776,88.33473991356294,89.82539367675781,3934500
2018-08-06,90.5591641587962,91.47827397918576,90.28883947416284,90.6595687866211,6704800
2018-08-07,89.94127652102505,89.94127652102505,87.68598781654593,88.21891784667969,6919600
2018-08-08,88.4505966901758,88.7054767086988,87.63962284846806,87.65506744384766,5172900
2018-08-09,88.14167913880722,88.14167913880722,87.57012879557543,87.8172836303711,4115400
2018-08-10,87.73229464193885,88.02579496255785,86.94449070754045,87.17620086669922,3711900
2018-08-13,87.12987369284768,87.38475374320198,86.51198962570935,87.29206848144531,3170100
2018-08-14,87.04490636442343,87.65507102797233,86.58921712415994,87.35385131835938,3836700
2018-08-15,87.09125960229579,87.84816861878491,86.69735460404551,87.62418365478516,6513300
2018-08-16,87.8481680633224,88.61280821261496,87.56239881901288,88.24207305908203,4504600
2018-08-17,88.04898660655,88.8908556675686,88.04898660655,88.79045104980469,3391600
2018-08-20,88.81361663836714,89.47784627516576,88.51239690686954,88.69776153564453,3676000
2018-08-21,89.01442691520478,89.01442691520478,87.77865296952936,87.83271789550781,4667700
2018-08-22,87.81726503494448,87.90995028810516,86.47336127360627,86.68962097167969,3860900
2018-08-23,86.63555228875053,86.68189785963773,86.12579815006798,86.45018768310547,4508800
2018-08-24,86.4038574751053,86.91361166965922,86.34979254700661,86.6201171875,3677700
2018-08-27,86.95222253513224,87.09896681391947,86.37295298600561,86.8209228515625,3155700
2018-08-28,86.6741770937882,86.85181646469081,85.6469376267953,85.86319732666016,5229400
2018-08-29,85.9636076200219,86.59694212210297,85.90181745088354,86.54287719726562,2403200
2018-08-30,86.40386388293352,86.68191378881448,86.15670906577664,86.47337341308594,2119100
2018-08-31,86.32660765049116,86.95222277224543,85.93270859870782,86.51197814941406,4248800
2018-09-04,86.3652222484365,86.5737566800981,85.30708781799075,85.73188781738281,4576300
2018-09-05,85.54652464586427,87.4079076454375,85.50017907712,87.36929321289062,4392100
2018-09-06,87.21977173389317,88.41125516499504,86.78367477646385,88.38789367675781,4808300
2018-09-07,87.88170614695412,88.38789350951275,86.83818673182977,87.7960433959961,3833800
2018-09-10,87.93624109490156,88.76950139122886,87.76491554850917,88.44242858886719,3289700
2018-09-11,87.10295881883393,88.58258114267903,87.10295881883393,88.25550842285156,2807300
2018-09-12,88.23993677946883,88.95638947765438,88.02967742700059,88.66046142578125,3651400
2018-09-13,89.15887421520641,89.56382658121905,88.53587925873782,89.54824829101562,3808100
2018-09-14,89.47036001874334,89.47036001874334,88.55922625642356,89.22116088867188,2698300
2018-09-17,89.24452997386727,89.90646466244907,88.94860783840315,89.8675308227539,3092600
2018-09-18,89.92984873110345,89.92984873110345,88.53588867843216,88.76172637939453,4081200
2018-09-19,88.73833467156123,88.96417231075672,88.35674980461928,88.59815979003906,2844900
2018-09-20,88.95639701085838,89.95319361628924,88.86294510108308,89.72735595703125,3375900
2018-09-21,89.758499648246,89.96096985836103,89.43142096002951,89.4859390258789,6989500
2018-09-24,88.85514876871221,89.33797468476207,87.37552632786668,87.43003845214844,3387400
2018-09-25,87.71819387181073,87.80385664628801,87.03289761736958,87.1964340209961,3538700
2018-09-26,87.43005492785088,87.88951944027434,86.68245739337358,86.8304214477539,4053500
2018-09-27,86.77588730228317,87.5312737904846,86.37094096850666,86.47996520996094,3841500
2018-09-28,86.86156496536303,87.25872816533652,86.37095579460276,87.06404113769531,5945300
2018-10-01,87.3365937797754,87.59358205862758,86.18404406761702,86.21519470214844,5064700
2018-10-02,86.01270449849436,86.52668097224239,83.8711477406277,84.66547393798828,6702200
2018-10-03,85.04706590253622,85.43643989125292,83.45841931560702,83.7309799194336,6107500
2018-10-04,83.20921381566168,83.63752754693485,82.39153206692444,83.0223159790039,4930300
2018-10-05,82.74196569000529,83.33381576699645,82.53170636786865,82.92886352539062,3438100
2018-10-08,82.82763634044487,84.36955402693535,82.78869656455974,84.25274658203125,3994100
2018-10-09,84.63433919883101,84.83681535753877,83.73098859950115,84.1982421875,4105600
2018-10-10,83.78548440092386,85.15608237982535,83.48177319272624,83.5907974243164,5796200
2018-10-11,84.26834276941406,84.47860811248262,81.69068810539581,81.8152847290039,5755100
2018-10-12,82.00216581140113,82.36038917421982,81.40252653128834,81.98658752441406,4543000
2018-10-15,81.92430856732938,83.05349702634422,81.90094707186309,82.25917053222656,3805700
2018-10-16,82.78871134051543,83.8633875564442,82.4226987708224,83.6297607421875,4061600
2018-10-17,83.48959247638236,84.7122268932117,83.47402012683692,84.3462142944336,4495900
2018-10-18,84.47859151623221,85.15609852076442,83.75435558832196,84.05027770996094,4093700
2018-10-19,84.5642698532312,86.12955550371477,84.48639621628793,85.88814544677734,5109000
2018-10-22,85.73235460102968,86.35535530587757,85.07042006548821,85.19502258300781,5477700
2018-10-23,84.82903911057464,86.07503500479874,84.35400224756154,85.76353454589844,4484100
2018-10-24,85.81804536970807,88.90189333019954,85.62335832854143,87.96739196777344,8222900
2018-10-25,87.96738426250212,88.20879427116245,86.76811148099746,87.88172149658203,6712900
2018-10-26,86.92384249783366,87.26648753275633,85.42085881731222,86.01270294189453,5872800
2018-10-29,86.66686902457313,88.23993743192803,86.55005563172664,87.9128646850586,5706000
2018-10-30,88.58258744381477,88.95638910833253,87.6870260308329,88.59815979003906,4900400
2018-10-31,88.38010437604008,88.38010437604008,86.58898763166508,87.51569366455078,6449500
2018-11-01,87.21979600350004,88.10756845179692,86.42547547553123,86.83821105957031,5736700
2018-11-02,86.82260914587462,87.29764588088302,85.37413745246795,86.57341003417969,6705700
2018-11-05,86.97839108186687,89.11994869890262,86.65910145801128,89.08100891113281,5270400
2018-11-06,88.80063581410863,89.82858296336443,88.66825007657306,89.71955871582031,3913400
2018-11-07,89.90648720514473,90.15568641890705,89.11995571440056,90.03108978271484,4219600
2018-11-08,89.85195131219935,90.72415130050743,89.75071620071658,90.38150024414062,2925100
2018-11-09,90.39707906917484,91.66643630793689,90.39707906917484,91.4873275756836,5026300
2018-11-12,91.11351804508003,92.14146519049768,90.88768040704592,91.09015655517578,4781900
2018-11-13,91.69759391078702,91.69759391078702,90.49832105665311,91.2225570678711,3609900
2018-11-14,91.45616928982709,91.48731992356488,90.54502959178055,90.84095764160156,4423800
2018-11-15,90.66963999960227,91.10573702704593,90.02327766151514,90.95777893066406,4045700
2018-11-16,91.15244904959579,92.26605884506759,90.98890675325438,92.1648178100586,4484300
2018-11-19,91.95457417183084,93.0759673603035,91.86891140822425,92.6788101196289,4673900
2018-11-20,93.29403080998875,93.66782659507189,90.16345991768898,90.33478546142578,5087800
2018-11-21,90.24911517672915,91.02786326243144,89.4937285829777,89.77407836914062,3245000
2018-11-23,89.38469015707992,90.77864972248253,89.38469015707992,89.87530517578125,1444700
2018-11-26,90.24131850099397,90.66963228893489,89.54823323787203,90.22574615478516,2972500
2018-11-27,89.84416898334548,90.74751367522494,89.47815643164273,90.67742919921875,2884700
2018-11-28,90.31920419710214,92.29721907578323,89.99991463504158,92.28164672851562,3989400
2018-11-29,92.20377248447568,92.56978502723452,91.45617505179595,92.10253143310547,2878700
2018-11-30,91.99351400020788,95.00727138720585,91.99351400020788,94.9605484008789,8051100
2018-12-03,93.82356330472903,94.15842518827488,91.51068075342118,92.65544128417969,6112600
2018-12-04,92.95917620320374,93.92482232247593,91.46397512075124,91.73654174804688,7018200
2018-12-06,91.29538251922781,92.13525900005418,89.56068459111178,91.71139526367188,5191700
2018-12-07,91.34249665566007,91.82130543280108,90.56541002410476,90.91078186035156,4615500
2018-12-10,91.36604494928984,91.53873086987542,89.84327563709316,91.20121002197266,4150600
2018-12-11,91.75849815040843,92.77106055482582,91.585812253578,92.06462097167969,5545100
2018-12-12,92.88879574756099,93.085028632938,91.3738836214607,91.83699035644531,4889700
2018-12-13,91.94688571903468,93.3205159977329,91.9233387295683,92.89665222167969,6181200
2018-12-14,92.08817671206643,92.26871361824409,89.22317512334517,89.44295501708984,7404200
2018-12-17,89.77262747934414,90.32207719309875,88.06932138959937,88.59523010253906,6015300
2018-12-18,88.86992938347582,89.11325618831813,86.93114796946496,87.7867202758789,5846200
2018-12-19,88.40682512742953,88.84639080204764,86.05203082884191,86.37385559082031,6915400
2018-12-20,86.49946559604591,87.85739998804416,85.7145339445807,86.50731658935547,8468300
2018-12-21,87.09601778603734,89.6078027347473,85.40841349004775,85.88722229003906,13263600
2018-12-24,86.44450586581479,87.19803940398346,83.17134287511433,83.22628784179688,3354000
2018-12-26,83.37542551322598,85.11797441445805,82.44135510488667,85.03163146972656,4537000
2018-12-27,84.59208383085853,85.92647126914133,83.226304395558,85.88722229003906,5175900
2018-12-28,86.41311090564963,87.20589344281271,85.73022429424348,86.62504577636719,5410300
2018-12-31,86.79773787303142,87.19804867777044,85.80872237900854,86.71924591064453,5019100
2019-01-02,85.67527429345456,86.35816086475097,84.95313875179653,85.77731323242188,4835400
2019-01-03,85.48689123523874,86.46020460359439,84.81184967645363,84.9766845703125,5975900
2019-01-04,85.98140828939142,86.81343387008765,84.9609948127032,86.71924591064453,6293900
2019-01-07,86.35031099291709,86.64073179843109,85.28280373563163,85.97354125976562,5220300
2019-01-08,86.4523501057326,86.97040774132316,85.8871984991072,86.79772186279297,6407700
2019-01-09,86.60150813659092,87.02537193522856,84.37229919433594,84.37229919433594,8521300
2019-01-10,84.30951023501935,85.03949091041272,84.27026125764085,84.8903579711914,7905000
2019-01-11,84.66272673195974,85.16508249987938,84.49004081388364,84.89820861816406,5939000
2019-01-14,84.65485854960538,84.74120149111147,83.9562700145485,84.23884582519531,5804600
2019-01-15,84.34875342341252,85.61249384450946,83.77575667907108,85.54969787597656,4508000
2019-01-16,85.54972720293559,85.596827189758,84.53716432030444,85.03952026367188,4953500
2019-01-17,84.8824895465409,85.92644984946823,84.84324057722257,85.73021697998047,4612200
2019-01-18,86.31892320412297,86.57795205195266,85.69097557093929,86.39741516113281,5142700
2019-01-22,86.23258635159235,86.52301320046999,85.38485878342478,86.27183532714844,5298200
2019-01-23,86.09129340775127,86.96256791506953,85.95785648031938,86.91547393798828,5197400
2019-01-24,86.58578952987887,86.58578952987887,85.0944245106596,85.94999694824219,4478000
2019-01-25,86.46022311088096,86.80558896732377,85.58894849358862,85.832275390625,5074800
2019-01-28,85.52615735398741,86.02851316314168,84.77262364025603,85.41626739501953,4055900
2019-01-29,85.50260354784358,86.04420829428,85.17293369720974,85.55754852294922,4301500
2019-01-30,85.51044533754678,87.31578431710469,85.196471518499,86.98611450195312,5023800
2019-01-31,87.10385875510912,88.61877695038787,86.5073090750191,88.43824005126953,6183400
2019-02-01,88.6580060001093,88.9170348191282,87.48060881026161,88.06146240234375,5010500
2019-02-04,88.07717615029539,89.01124669219172,87.79460028868898,88.76791381835938,3665000
2019-02-05,88.72081336108991,89.12113013390181,88.29694959962188,88.6187744140625,4593400
2019-02-06,89.01910236572182,89.15253931056503,88.14782774471665,88.73652648925781,4209400
2019-02-07,88.55598491643107,88.82286478063844,88.03793316252133,88.76791381835938,4227700
2019-02-08,88.64233357267295,88.72867653530142,87.8574019040895,88.71297454833984,3868300
2019-02-11,88.82286022961432,89.15253005507948,88.41469245551707,88.67372131347656,4851100
2019-02-12,88.87782295739362,89.87468362552526,88.08504022853059,89.3173828125,6765300
2019-02-13,89.56853450620302,90.05519419513598,89.19176474887556,89.57638549804688,5528000
2019-02-14,88.69726732277158,88.69726732277158,87.8181418093572,88.37544250488281,6359200
2019-02-15,90.93432245724259,91.27184327660022,89.56854318315587,90.9814224243164,8889500
2019-02-19,91.68002407598495,91.81346102645209,90.42412857718917,90.99713134765625,5596100
2019-02-20,90.85583653941788,91.55442521385486,90.5889626586456,90.91863250732422,6038900
2019-02-21,90.65960404427572,91.78205652436603,90.63605705334182,91.13056182861328,4825900
2019-02-22,91.13839107741724,91.65644272002267,90.73022337010222,91.64859771728516,4865400
2019-02-25,91.97041838784077,92.07246331104275,90.82441916668175,91.0991439819336,3755900
2019-02-26,91.34248485898837,91.44452380263176,90.60464729995226,91.02851104736328,4074600
2019-02-27,90.69099308017218,90.81657901561289,89.80402257404187,90.55755615234375,4175100
2019-02-28,90.7933707883419,91.96449242034336,90.37398455353298,91.50553894042969,5586300
2019-03-01,91.67962377160063,92.08318672452664,91.18110909124303,91.9328384399414,3629100
2019-03-04,92.2255927193074,92.52628316126834,91.39472913054848,91.92489624023438,4383100
2019-03-05,91.77457911347669,92.43926533640708,91.52136445182029,91.81414031982422,3785400
2019-03-06,91.6163078041376,92.44717154398357,91.45805091898275,92.31265258789062,4770700
2019-03-07,91.95658046561226,92.84283486281704,91.55301749472005,91.86953735351562,4858300
2019-03-08,91.65586796449983,91.99612567470321,90.41353279694108,91.18109130859375,5003300
2019-03-11,91.23648084222258,92.35220566981559,90.98326622597281,92.25724792480469,4821600
2019-03-12,92.38388108289101,92.74787680638703,91.7983232700595,92.24144744873047,4356400
2019-03-13,92.48675978678435,93.0248418055867,92.1544166085251,92.24937438964844,5968600
2019-03-14,92.47092402414962,92.56588179245288,91.35519288576438,91.39476013183594,8986600
2019-03-15,91.53718557943255,92.20978644269842,91.29188557964599,91.5213623046875,18194200
2019-03-18,91.92490139975821,92.8902839743333,91.8299496954475,92.79532623291016,9476000
2019-03-19,92.86656313988239,93.96646485607069,92.7795200368361,93.44420623779297,6751700
2019-03-20,93.42838892456884,94.5441200236551,92.85865440904512,93.62621307373047,5733500
2019-03-21,93.38091206800347,94.69446126517434,93.38091206800347,94.51246643066406,4305600
2019-03-22,94.5599316362776,95.97635309402771,94.5203643964799,95.52531433105469,6668100
2019-03-25,95.16131941720963,95.97635385172572,95.01888580477194,95.62818145751953,4275400
2019-03-26,96.11086153658472,96.66477264759526,95.95260466893173,96.55398559570312,4583000
2019-03-27,96.90216484436228,97.47981392291341,95.89722098532046,96.45112609863281,5318500
2019-03-28,96.45114256242177,96.91009604157219,96.21375116641597,96.41157531738281,3694700
2019-03-29,96.76764227788911,97.13955257026524,95.9605165290914,96.97338104248047,5758800
2019-04-01,97.00505488171608,97.24244629512502,96.21375821983884,96.53819274902344,5025700
2019-04-02,96.45904408082014,96.74391130238168,96.19000013285063,96.28495788574219,3242600
2019-04-03,96.2849601965768,96.72017569471683,95.54113954052413,96.19000244140625,4534400
2019-04-04,96.38781994227047,96.64103456820017,95.88139069041104,96.11878204345703,3022500
2019-04-05,96.02384195789887,96.2770566304061,95.60445572253822,96.23749542236328,3971500
2019-04-08,96.31663064963611,96.56984533995225,95.91306766168668,96.53819274902344,3140100
2019-04-09,96.33243361088041,96.69642927412674,95.62818021329967,96.67269134521484,3864400
2019-04-10,96.81512419840472,97.09207676206537,96.26913372636317,96.56982421875,2681100
2019-04-11,96.82305040731475,97.13165559180638,95.88140554139149,96.27705383300781,3399700
2019-04-12,96.1662427511095,96.7992822347738,95.86555231678051,96.72015380859375,3501100
2019-04-15,96.88634007433146,98.12076061470485,96.82303490889875,97.85172271728516,4419800
2019-04-16,97.50353507265244,97.97831166480829,96.45110950134719,96.86258697509766,5263700
2019-04-17,98.91207094417736,100.58170718468416,97.99416402800081,100.50257873535156,7318200
2019-04-18,101.46795744330375,101.49169537485227,100.28101860608137,100.56587982177734,6331200
2019-04-22,100.31267512895373,100.68458552582273,99.60842158313923,100.05155181884766,3707000
2019-04-23,100.2414513620913,100.9219669063465,99.79832720754888,100.56587982177734,4464100
2019-04-24,100.81911331773347,101.27015218573287,100.23354942536511,100.4313735961914,3517200
2019-04-25,99.42640208568913,100.01987443474364,99.05449178101023,99.80622100830078,4433700
2019-04-26,100.11482628498138,100.6924753618545,99.79831252807257,100.0198745727539,3033800
2019-04-29,99.81415881787024,100.46302182853952,99.7192010466329,100.24937438964844,2793400
2019-04-30,100.53421927434697,101.59455364998203,99.97239346605396,101.32551574707031,4963600
2019-05-01,101.16725402011281,101.28594969983992,100.50256787302187,100.68456268310547,3810800
2019-05-02,100.68456636966556,100.9298723933136,99.83787934437659,100.36013793945312,2875900
2019-05-03,100.57379486669285,101.42839059131124,100.43136123973748,101.02483367919922,2854900
2019-05-06,100.73206458802846,100.99318789076547,100.30476367839393,100.70832061767578,2883900
2019-05-07,100.20979837971942,100.45509838757322,99.05450609770178,99.68754577636719,3558900
2019-05-08,99.54511232819723,100.28892700927582,98.87250540449705,99.71919250488281,3844700
2019-05-09,99.52135184473461,100.13065349192328,98.7933605597546,99.742919921875,3127200
2019-05-10,99.81413326870857,101.50750718108274,99.40266177289872,101.29385375976562,3720400
2019-05-13,100.51047453720517,101.23847187472647,100.20186939818177,100.62126159667969,4297200
2019-05-14,100.93779672109612,101.68952610869889,100.7241492862042,100.81910705566406,5150300
2019-05-15,100.57377169580057,102.76566007756652,100.57377169580057,102.35419464111328,3751900
2019-05-16,102.37002499757787,103.46201803833146,101.88733364651411,103.08219909667969,4812900
2019-05-17,102.80524031656671,103.5569695802713,102.5915868797744,103.27210235595703,4011700
2019-05-20,102.90021191172829,103.22464643874959,102.51248427750023,102.86065673828125,3965600
2019-05-21,103.32751175376269,103.32751175376269,101.95857201287858,102.11682891845703,4080800
2019-05-22,102.15639913240446,103.37499062242549,102.03769739409982,102.92395782470703,3588000
2019-05-23,102.55204224254621,103.58071814363252,102.48081637348535,102.84481811523438,3901400
2019-05-24,103.12968563615942,103.2483752945224,102.04561317568505,102.47290802001953,2702700
2019-05-28,102.47289834326227,102.78941211849292,100.77952428990253,100.99317169189453,8806000
2019-05-29,100.95360155886273,101.53124458096616,100.36803784483189,101.42046356201172,5502700
2019-05-30,101.40466733354795,102.00606055340019,101.11189141813323,101.76866912841797,2710300
2019-05-31,101.28595733642578,101.64203836534125,100.48674613892626,101.28595733642578,4191200
2019-06-03,101.17519112142136,102.2038791911239,100.88240918475479,102.06143951416016,3588700
2019-06-04,102.67073581477696,102.71821167980903,101.30179605136382,102.13265991210938,4242400
2019-06-05,102.25133289831352,104.13462239895688,101.96646568035256,103.96844482421875,5084200
2019-06-06,104.48257492524594,105.43111411893396,104.06808465518267,105.199951171875,5528000
2019-06-07,105.88544075880931,107.37600744310954,105.68616824360711,106.38761138916016,6332700
2019-06-10,106.1564664677881,106.55501156579776,105.50285883162049,106.4832763671875,2957900
2019-06-11,106.8579070957855,107.08109137215372,105.76589744622456,106.17240905761719,3553600
2019-06-12,106.81806026913937,107.16081540199474,105.74199572674858,106.12459564208984,3302800
2019-06-13,106.3716834323535,106.64269117794593,105.09634642581969,105.96517181396484,2851400
2019-06-14,106.0209518985201,106.44340868678213,105.66226377902233,105.79776763916016,3291800
2019-06-17,105.7898095852909,106.20429988412461,105.12822327685872,105.6303939819336,2725800
2019-06-18,107.144866323063,107.144866323063,105.10431729807227,105.26373291015625,4378200
2019-06-19,105.26371699571192,106.24413441630259,104.68184462639238,105.89342498779297,4349900
2019-06-20,106.70647433154156,107.16878816402885,106.28401744649211,106.93763732910156,3847500
2019-06-21,106.93762911585155,107.25646034560151,106.51517226324853,106.77821350097656,7696300
2019-06-24,107.32818825042858,107.79848070188652,106.76226103170622,106.92167663574219,3685800
2019-06-25,106.79413423624673,107.19267930880153,106.44341262637765,106.65863037109375,4176300
2019-06-26,106.06077836825176,106.62671753931087,105.45499443296258,105.47093963623047,6024100
2019-06-27,105.41514129471558,105.56659032463756,104.7216769604696,104.9687728881836,4750900
2019-06-28,105.43906379230253,105.54268938391634,104.22748359176155,104.52241516113281,6318500
2019-07-01,105.20791798581816,105.44703526595978,104.4745966139169,105.11225891113281,3544800
2019-07-02,105.28764702222841,105.73401561119941,104.69780802793039,105.55865478515625,3233300
2019-07-03,105.99703996534055,106.88181047847888,105.82965785245568,106.80210876464844,2859200
2019-07-05,105.92531267885143,106.40357164804412,104.85721476530266,106.02893829345703,3356000
2019-07-08,106.09269742899355,106.32384820698975,105.2477717043622,105.66226196289062,5854500
2019-07-09,106.01299626244236,106.33182747637467,104.19563158523955,105.0086669921875,8233200
2019-07-10,105.53475020760582,107.17676643214534,105.11229332420776,107.13690948486328,6141500
2019-07-11,106.97746579682511,107.39992256940742,106.29196783633937,107.08905792236328,3944200
2019-07-12,106.81007375463071,107.15281666070642,105.70211899845727,106.23616790771484,4481200
2019-07-15,106.49125945719197,106.93762803940143,105.65431228423341,106.92964935302734,3077900
2019-07-16,106.87384955382639,107.79847705362593,106.05284766632714,106.65066528320312,4019700
2019-07-17,106.74630583305488,107.03325875851858,105.59052760866456,105.8376235961914,4105100
2019-07-18,105.70214823505317,106.17242860666026,104.83332270188757,105.91736602783203,3698600
2019-07-19,106.14849777009664,106.16444297922715,103.62968988323783,103.6934585571289,5022000
2019-07-22,104.01229631884225,104.26735883802418,103.3267983147598,103.84490203857422,4411700
2019-07-23,104.52242010788267,105.40719053261388,103.94851431007709,104.21155548095703,4145800
2019-07-24,104.57822895334047,104.57822895334047,102.52173483395026,102.99202728271484,4669700
2019-07-25,102.52969748482883,103.24707366800477,102.33839149342171,102.816650390625,3335200
2019-07-26,103.17533508229126,104.75356993084839,102.59346276788384,104.59415435791016,4580800
2019-07-29,104.81732820375989,105.26369662879733,104.56225358223712,104.84123992919922,4533400
2019-07-30,104.689800886007,105.2796518826112,103.80503047241497,104.00430297851562,3367900
2019-07-31,104.00432026274278,104.00432026274278,100.6246597003861,101.87609100341797,5757600
2019-08-01,102.79275092427025,103.14346037307627,101.04711547134296,101.342041015625,6199400
2019-08-02,101.31016950277385,102.68117178634307,100.83191656930123,101.96378326416016,5573300
2019-08-05,102.30651414908633,102.9441764675006,98.74351452366963,99.15800476074219,6192800
2019-08-06,99.46091404995249,101.23045526459609,99.14207675411585,100.79205322265625,6258600
2019-08-07,100.7521982406917,102.29854902808232,99.34134524074656,101.85218048095703,6149000
2019-08-08,102.10723224752363,103.42242586163778,101.23042839636221,103.1992416381836,3702100
2019-08-09,103.39059198018509,103.41450371705695,101.48554049806816,102.50582122802734,2929500
2019-08-12,102.3862355372833,102.94419625445624,101.92392783504674,102.30653381347656,2920800
2019-08-13,102.25074667598714,103.92464123594918,101.97973888251008,103.5659408569336,4088200
2019-08-14,103.23910852101231,104.04416510731009,102.66520270177635,102.9202651977539,6232700
2019-08-15,103.35073439539681,104.5941933556159,103.14348312693822,104.19564819335938,3701800
2019-08-16,104.75358942727173,105.47097788295487,104.1318600632582,105.02459716796875,3405000
2019-08-19,105.27170485296914,105.89343421411198,105.1680792385684,105.67024993896484,3101200
2019-08-20,105.85358405376171,106.09271355320347,105.16010728911746,105.26373291015625,3160300
2019-08-21,105.94125518438622,106.52312759070513,104.91300207565074,105.48690795898438,2936900
2019-08-22,105.0166417098171,105.95720237814899,104.67389873622798,105.74199676513672,2484200
2019-08-23,105.5745798776104,106.2919682554382,103.25504479910407,103.83692932128906,4239500
2019-08-26,104.27534985277664,106.61081839143802,104.0920103425601,106.60285186767578,3954100
2019-08-27,106.96949450410999,107.89412198682605,106.55500422519755,107.41586303710938,7187800
2019-08-28,107.20861187573732,107.87816459964777,107.03325109148044,107.75860595703125,3972600
2019-08-29,108.09339428642483,108.75498056161727,107.22456895354316,108.42020416259766,3045200
2019-08-30,108.49193777358327,109.28902790132611,108.21295136382123,108.98612976074219,3742800
2019-09-03,108.68323794209978,109.73539052960949,108.30860462918321,109.56800842285156,2989800
2019-09-04,109.84697944593188,110.93898893831096,109.40061095744493,110.91507720947266,3201700
2019-09-05,111.40067808672295,111.40067808672295,108.7922328718706,109.13734436035156,4994600
2019-09-06,109.89979206453968,110.2930696858766,109.16943683445623,110.25293731689453,3051600
2019-09-09,109.47441101074219,109.69913757099786,108.69588962461394,109.47441101074219,4062100
2019-09-10,108.94475347495526,109.56274566501105,108.09398855380695,109.04106140136719,4175000
2019-09-11,108.5674924328615,109.7874332218591,108.2544795368229,109.44232177734375,5005100
2019-09-12,109.74730901232675,110.99132672804039,109.74730901232675,110.18872833251953,4146900
2019-09-13,109.2175796211273,109.91583623270044,108.8965329487478,109.50651550292969,4008200
2019-09-16,109.46642080044155,109.55470713488641,107.85320204923904,108.25450134277344,2953600
2019-09-17,108.31871304441593,109.40221381240679,107.95753387506952,108.91262817382812,4013300
2019-09-18,109.00090930892698,109.15340499596402,107.628472618958,108.75210571289062,2647800
2019-09-19,108.67987793381177,109.02498944885869,108.41501892969822,108.73605346679688,2804500
2019-09-20,108.3507901528654,108.96076056269881,107.93343553209496,108.1180419921875,6671100
2019-09-23,108.3186822947271,108.95272962370366,108.3186822947271,108.70392608642578,3346500
2019-09-24,109.3540522083704,109.51456946869767,108.01371410228066,108.63973999023438,4798500
2019-09-25,108.51933954891278,108.88050639454138,107.95751084829031,108.42301940917969,3579500
2019-09-26,109.04907294625491,109.41827370800517,108.3588376282131,108.9286880493164,4309600
2019-09-27,109.34602951918974,109.34602951918974,108.08594393274295,108.83236694335938,3559400
2019-09-30,109.20957186826988,110.54187592555523,109.04904238842452,110.03624725341797,3705200
2019-10-01,109.89979206453968,110.71042427926685,109.22561235368747,110.25293731689453,3638900
2019-10-02,109.86773231033115,110.2610100705297,107.13890170954767,107.50006866455078,5728600
2019-10-03,111.11171028902208,112.1631120995024,109.55466763207211,110.70237731933594,8829700
2019-10-04,110.63017394222982,112.72495651030759,110.4536012930676,112.58851623535156,5278700
2019-10-07,111.79392968053561,112.05076705597779,110.73450612353697,111.03146362304688,4273300
2019-10-08,110.47766902499909,111.11975021853371,110.02019428803126,110.14861297607422,4074900
2019-10-09,110.21283026298016,110.89503162984839,109.8195525950107,110.6382064819336,3065300
2019-10-10,110.04426234082501,110.95922398727244,109.66704012945222,110.6702880859375,2191000
2019-10-11,110.82279554634458,111.32040266685918,110.0282186713173,110.46965026855469,2761400
2019-10-14,110.63018213675664,110.99938286144695,110.14863035065696,110.31716918945312,2371500
2019-10-15,110.34121129946121,110.71843348171518,109.28178790746576,109.41822814941406,3369300
2019-10-16,109.26575193051657,109.54666628524231,108.8162987602997,109.490478515625,2812000
2019-10-17,110.01217547957134,110.45359482996639,109.63495322813233,109.92388916015625,2322500
2019-10-18,110.17270361206434,110.2529561170334,109.3379942829507,109.35404968261719,3630400
2019-10-21,109.4262521758322,109.747298852327,108.88049119580877,109.24967956542969,2829400
2019-10-22,109.6750792753309,110.2369080183165,109.40219872665173,109.68311309814453,3248100
2019-10-23,109.64298934090431,110.35730156663195,109.64298934090431,110.31716918945312,2323600
2019-10-24,110.51779243708307,110.84686070601325,109.78742498555879,110.6702880859375,2292500
2019-10-25,110.58202267138864,110.6943859738799,109.33799252094013,109.66706085205078,2520000
2019-10-28,109.59481496411208,110.39741337139715,109.27376825319017,109.61087036132812,3212600
2019-10-29,109.81953912426245,110.05228726871952,109.1052270473486,109.21759033203125,2550300
2019-10-30,109.04103535012729,110.18874535461558,108.67986846568532,109.875732421875,2653700
2019-10-31,109.79548021007089,110.3813737017993,109.23366369425725,110.09243774414062,4492300
2019-11-01,110.39742254322235,111.03146994911515,109.71520894167978,109.8998031616211,3054900
2019-11-04,109.79547859556867,110.03626059785721,108.134093801791,108.47921752929688,3202400
2019-11-05,108.21434230719422,108.43104730139206,106.42455132798864,107.55620574951172,4300800
2019-11-06,107.94949061704799,108.25448194442048,107.1870245452971,107.90133666992188,3645600
2019-11-07,107.87725547718418,107.94948639504834,106.84189666774522,107.00242614746094,3338700
2019-11-08,106.97835152429992,107.65254358972511,106.4004918558636,106.84994506835938,2604000
2019-11-11,106.76965916615026,106.76965916615026,105.91890686150828,106.25599670410156,2227200
2019-11-12,106.48875738849117,106.48875738849117,105.61392800962909,105.92694091796875,3246500
2019-11-13,106.44863448862779,107.20307897795796,105.95101513055116,106.97834014892578,3166600
2019-11-14,107.22717256967904,107.47597616393753,106.52890349437699,107.01046752929688,2141900
2019-11-15,107.27531367639185,107.48398486830257,106.58507850723402,107.39569854736328,3648700
2019-11-18,107.54817479565789,108.90456791486272,107.47594388611736,107.59632873535156,3619700
2019-11-19,108.06989626844224,108.39896463266292,107.60439985891382,108.00569915771484,3019100
2019-11-20,107.79700573495813,108.5113179310267,107.06663813934827,107.33953094482422,3047700
2019-11-21,107.09071131200693,107.71674940506855,106.81783076290387,107.47596740722656,3391200
2019-11-22,107.48401111710571,107.973596789753,106.76167722151366,107.60440826416016,3014900
2019-11-25,108.07791664558188,108.17422454637332,106.91415127318747,107.41175842285156,3612400
2019-11-26,107.78096120235702,109.04906846698181,107.44387125809213,108.91262817382812,4947400
2019-11-27,108.9125951957967,109.5707317305697,108.6156377210074,109.08114624023438,2476100
2019-11-29,109.20152380820313,109.4904596889005,108.55944271257806,109.01692962646484,2978400
2019-12-02,109.67505978385847,109.67505978385847,107.90132428599144,109.05706787109375,3866300
2019-12-03,109.68311699813927,109.68311699813927,107.80503939513656,108.72000122070312,5000000
2019-12-04,108.31065095800271,110.25293760433861,107.98158267684326,110.19676208496094,4228200
2019-12-05,110.07149043150959,110.35436004914551,109.32792946642599,110.19271850585938,3351800
2019-12-06,110.45945407538245,111.2838421386011,110.19273992750402,111.01712799072266,3216900
2019-12-09,110.84740917180469,111.56672474524524,110.72618105983389,110.85549926757812,3882900
2019-12-10,111.21916612634553,111.21916612634553,110.05532723351249,110.13615417480469,2940200
2019-12-11,110.76653234199688,111.16255217369775,110.17653530760471,110.80694580078125,3339100
2019-12-12,110.56452016281756,111.45355493779978,110.52410668839543,110.87163543701172,3502100
2019-12-13,110.66960569811451,111.73646247094591,110.07153053679727,111.48591613769531,3557900
2019-12-16,110.68572299509066,111.14641429994329,110.04723464178369,110.77462768554688,4701000
2019-12-17,110.76659671077918,111.08180214053992,109.66741658835093,110.05535888671875,5491800
2019-12-18,110.76656354653632,110.96861856492384,109.61889252199029,109.89368438720703,5370500
2019-12-19,110.0957507469309,110.51602868155992,109.8775278515038,110.29780578613281,3641700
2019-12-20,111.05750830263418,111.63942766378032,109.23901338216696,111.46969604492188,10311300
2019-12-23,111.2838190523266,111.63943784238998,110.59682708675336,110.75846862792969,2992900
2019-12-24,110.79889436669441,111.03328510994777,110.13616027473967,110.63725280761719,1220600
2019-12-26,110.61299712562598,111.00093929860428,109.99875432403873,110.47560119628906,2934700
2019-12-27,110.62914374847459,111.19489521142111,110.42708877367534,111.16255950927734,2554000
2019-12-30,110.48366611184564,111.51010891456434,110.30585673397444,110.57257080078125,3024700
2019-12-31,110.47559473311168,110.93627372423607,109.9421665686867,110.45942687988281,3229400
2020-01-02,110.62107449616508,110.912034207987,109.2228572602377,109.77245330810547,3784100
2020-01-03,109.48149292696831,110.55641473626686,109.21477883172383,109.61888885498047,4000100
2020-01-06,109.35218957836807,110.17657759061538,109.27136262977997,110.03916931152344,4085100
2020-01-07,109.91793273858099,109.97451406471836,108.26107908007363,108.3095703125,5718100
2020-01-08,108.67328359763845,109.40067677825104,108.3580782417116,108.86724853515625,3681400
2020-01-09,109.34409725238831,109.4168464376172,108.72985438602203,108.93998718261719,3954700
2020-01-10,109.24711114784454,109.44916617600859,108.61670044656951,108.72985076904297,3099500
2020-01-13,108.82684036012674,110.39478945451349,108.8106848361874,110.34629821777344,5127200
2020-01-14,110.06341632839002,110.67767154755998,109.67547410165075,110.60493469238281,4159700
2020-01-15,110.75847595585704,112.54464778504752,110.56451102659611,112.50423431396484,5002600
2020-01-16,112.62547664826494,113.28013296060686,112.01931156906537,112.83560943603516,4977900
2020-01-17,113.23162549076199,114.21765486479968,113.06997162685416,114.16915130615234,6908700
2020-01-21,113.64381587087917,114.86422364384,113.42559301552956,114.65409088134766,4440000
2020-01-22,114.61370252500936,116.03617794417089,114.54096566810988,115.88261413574219,5366100
2020-01-23,115.64820592757043,116.26246106861058,115.06628649524791,116.1008071899414,3915700
2020-01-24,116.24630175305234,116.50492577949305,115.13095403709708,115.51081848144531,2791500
2020-01-27,114.48439214195228,115.86645417958856,113.99946739709522,114.88042449951172,3895300
2020-01-28,114.8722946934797,115.51078296796715,114.57324495388482,115.12284088134766,2908300
2020-01-29,114.76725700407292,115.130953591467,114.09643282478767,114.54903411865234,3263200
2020-01-30,115.02589936818956,116.35137994048779,114.37932077213802,116.24630737304688,4058500
2020-01-31,116.23010978276756,116.9090115853378,114.4197049759136,114.78340148925781,4753100
2020-02-03,115.38958083729457,115.63204932056351,114.6379297724068,115.17943572998047,3977800
2020-02-04,115.73709752833051,116.43216719757538,114.84806295857138,115.75326538085938,3494300
2020-02-05,116.12506243038135,116.86054570892512,115.92300739775683,116.62616729736328,3504900
2020-02-06,116.90098271907353,117.43441107239454,116.44030356481481,116.65043640136719,3571400
2020-02-07,116.59384187952054,117.77384880050792,116.24631311230561,117.490966796875,3138500
2020-02-10,117.94356762985407,118.3395999667459,117.29700133712015,117.72535705566406,3775600
2020-02-11,118.16986900959726,118.29109709444705,117.0868446776111,118.0647964477539,3870500
2020-02-12,118.5497211196134,118.59822468601362,117.47479921405105,118.0647964477539,4217400
2020-02-13,117.39395262795578,118.91341014364058,115.99573550929632,118.3799819946289,5041400
2020-02-14,118.46084956843698,118.9296064672266,117.95166685764441,118.80030059814453,3555600
2020-02-18,118.89724954596444,118.96998638914309,117.51518786327532,117.67684173583984,4938700
2020-02-19,117.69302189258357,118.3880917597422,117.58796165237626,117.62028503417969,2978800
2020-02-20,117.81425808501866,117.83850370361459,116.34329145040603,117.32124328613281,2805900
2020-02-21,117.24043581855109,117.93550577621541,117.03838074170058,117.87893676757812,4271800
2020-02-24,117.88696170287612,118.92956000592669,115.21983341716337,115.28449249267578,5027700
2020-02-25,115.24411137946919,116.6908323937004,113.611515511206,114.03987121582031,7585800
2020-02-26,115.12289299902028,116.1816595405963,114.08837207805577,114.75110626220703,6157200
2020-02-27,114.2904006964721,115.68861793558673,110.16847349167537,110.21696472167969,8605000
2020-02-28,107.68724121314762,108.09942898867153,103.73504576061717,106.70928955078125,14164000
2020-03-02,106.68505374015008,111.34848719385,106.4587530976011,111.1949234008789,8504500
2020-03-03,110.87970300706127,112.88408514012346,108.89956648723488,109.5784683227539,8728300
2020-03-04,110.07149638828817,115.34109484531568,109.92601035873585,115.08245849609375,7635700
2020-03-05,112.94657002999179,115.07026876855677,111.20530070373135,112.36886596679688,6579100
2020-03-06,107.04740472737245,112.4258132384348,106.95789971007935,111.68536376953125,6754900
2020-03-09,105.92452877048737,108.50389731727444,104.2971738045934,105.90826416015625,8716300
2020-03-10,107.44610751341662,109.49657812103167,103.22311964952647,109.14669036865234,8258600
2020-03-11,106.24999974938629,107.84480055112226,103.84964761858974,105.57464599609375,7465100
2020-03-12,99.35001737880671,101.7096832722973,92.42562040342612,93.84955596923828,12808300
2020-03-13,98.1945781138153,103.81708510324783,93.62984790368377,103.70317077636719,12007700
2020-03-16,93.32065703371005,100.74952898652232,91.13186298095411,92.01876831054688,10733300
2020-03-17,94.95614637749817,104.03678878559238,94.70390837989521,103.9228744506836,14242300
2020-03-18,98.32478163241908,103.92288654994132,92.57208221830227,98.38987731933594,15250800
2020-03-19,98.80485760581064,99.34188151974381,94.43540726087612,95.47691345214844,9393500
2020-03-20,96.20922077489047,96.38009229591191,82.52316619683312,84.56549835205078,13093200
2020-03-23,86.24982647443417,91.8397938779397,83.70301779544592,85.58261108398438,13926800
2020-03-24,89.4475751509568,93.10912420091486,88.99191770014617,92.6290512084961,11447000
2020-03-25,91.73400003995488,94.67951483853471,90.35075076664539,91.5387191772461,9485500
2020-03-26,91.70957748708574,99.10590815842988,91.60380166167288,97.85284423828125,10376800
2020-03-27,96.47772191885146,101.42488163406067,96.00578757194296,98.01557159423828,9852500
2020-03-30,98.9512940620182,102.39314546417313,98.86992757596569,102.10022735595703,6916800
2020-03-31,101.66085022782082,102.27924054496242,97.25885277881649,97.72264862060547,7091700
2020-04-01,95.41996426488429,99.5127675863539,94.11808141680005,96.1115951538086,6873000
2020-04-02,95.37927147383407,101.85614321673674,94.7771519003524,100.78208923339844,6181800
2020-04-03,100.23691713483676,102.01073404865457,99.6266591077141,101.37606048583984,5552000
2020-04-06,104.68772297635026,107.5111841622724,101.94562827775032,106.72191619873047,8242200
2020-04-07,107.98313443980548,109.91154592661012,106.01402418366179,106.16862487792969,6253900
2020-04-08,105.48514096848831,108.45505860592637,105.07016995105525,107.90176391601562,5241100
2020-04-09,107.47864222238996,109.91154206001815,107.00670785175984,108.7317123413086,5502400
2020-04-13,107.1531874980236,108.50389507153552,105.31426847855491,106.50224304199219,3785000
2020-04-14,108.3981099893074,112.80010793732087,107.69021458667325,112.61295318603516,6278700
2020-04-15,111.58772478097941,111.92946781943185,108.78867237186505,109.87086486816406,5773100
2020-04-16,111.4494029019347,111.4494029019347,108.91073319492925,110.3672103881836,4564000
2020-04-17,112.06778165189492,112.28747802007814,109.77321790505628,111.92132568359375,4866500
2020-04-20,111.4249894681865,111.7830095246024,109.4477468532467,109.48030090332031,3995400
2020-04-21,107.51933339093345,108.17027780771124,106.25813091137626,106.54292297363281,4359500
2020-04-22,107.76343325362016,108.76425294588448,106.77074586542156,107.9098892211914,4084600
2020-04-23,107.81225052622676,109.14668090403534,105.80246644768691,105.98960876464844,5527700
2020-04-24,106.48598247542041,109.70001889590765,106.30697241194952,109.32572174072266,4063100
2020-04-27,109.37451229709586,110.01732438226468,108.94326427750583,109.40706634521484,4009200
2020-04-28,111.29478633514172,112.02709097987112,109.56979433554653,110.92050170898438,6674200
2020-04-29,111.28665132778838,111.45751661339983,108.13771163419692,108.51200866699219,6706800
2020-04-30,107.73902240673291,108.35741273175654,106.1197999878238,107.64137268066406,6783000
2020-05-01,106.689383458221,107.59256592593552,105.38750698537555,105.89198303222656,4488000
2020-05-04,105.91636104936528,106.87650661437368,105.22474286956114,106.52661895751953,5245300
2020-05-05,107.1125001543637,108.48761704592634,106.40460473841028,107.13690948486328,3580000
2020-05-06,107.06367174672968,107.59255708038346,106.33949937112465,106.41272735595703,4192200
2020-05-07,107.03926086425781,107.40541319883484,105.87569576509011,107.03926086425781,5528000
2020-05-08,108.27604579325562,109.97662839439595,107.77970213664625,109.21990203857422,4209100
2020-05-11,108.5689613175128,110.82285102158339,108.35740967916395,109.34196472167969,3591100
2020-05-12,109.65115146795017,110.96931717258624,108.10516952209144,108.1702651977539,3914600
2020-05-13,108.36555920491918,109.41521009121934,106.95790066199314,108.18656158447266,5168500
2020-05-14,107.9831458754259,108.67476429706294,105.90012105802512,108.2842025756836,5522200
2020-05-15,108.84562742901157,112.0108319647187,108.04821465120419,110.61943817138672,20338200
2020-05-18,111.35174646617757,112.2793381164966,109.89525710719528,110.2695541381836,8480300
2020-05-19,109.38264110162332,109.65115611922205,106.91719970408097,107.18571472167969,6640300
2020-05-20,107.84478969834714,107.9587040298647,106.05470202490068,106.80328369140625,8213100
2020-05-21,106.57545910183003,106.94975615725446,105.46072507110641,105.94893646240234,4886300
2020-05-22,105.46072950494712,106.29068393875106,105.10270945837554,106.16862487792969,3429200
2020-05-26,107.35660154508831,107.44610655855438,105.2898539307748,105.57464599609375,5579300
2020-05-27,105.55022087800039,106.46153548553183,104.62262924798294,106.43712615966797,5686500
2020-05-28,106.76261205616305,107.9993927062103,105.86756199229747,107.64137268066406,4974400
2020-05-29,107.41354550289873,107.60070023795056,106.03844117221892,107.03926086425781,13337900
2020-06-01,107.0799493145689,108.992083728492,106.74633860544078,108.2109603881836,4049200
2020-06-02,108.2597880858359,108.87817848319989,106.68938413838703,107.91804504394531,5327500
2020-06-03,108.41439779439808,109.26061695664579,107.89364467553787,108.0726547241211,5421200
2020-06-04,107.90290476621053,109.51829240982003,106.74671132364877,107.06652069091797,5229700
2020-06-05,107.4190920122015,109.48547804895435,107.23049710976692,108.59988403320312,7075700
2020-06-08,107.73069725675514,108.62448673098304,107.61589872347909,108.41129302978516,5613000
2020-06-09,108.09967809017573,109.18206233786314,107.46008455470133,109.03446960449219,6446900
2020-06-10,109.2886728984834,110.83026383911269,109.19847316233805,109.98567199707031,7069900
2020-06-11,110.05947919309763,110.8138713731888,104.51632386832334,104.82791900634766,8541000
2020-06-12,105.90212301072094,106.54171674341224,104.49173987876036,105.77912902832031,7039500
2020-06-15,105.19691173679156,107.38630437528803,103.75372835163138,106.9926986694336,5481000
2020-06-16,108.79667913202375,109.1082805157002,106.69749878580771,107.96849060058594,5197700
2020-06-17,108.14889284409647,109.0918799337758,107.82090059866943,108.04228973388672,3309700
2020-06-18,107.76350140999082,109.16569524265262,107.11571230795008,108.87869262695312,3417200
2020-06-19,110.21527939527486,110.55147958083597,107.59949931364457,107.64869689941406,8310100
2020-06-22,107.0500865159949,108.04227101941751,106.5580857209738,107.4600830078125,3379900
2020-06-23,107.92748813586476,108.79667882248737,107.40269305080385,107.71429443359375,3625600
2020-06-24,107.02551070620626,107.47650944645663,105.51671378317754,106.23831176757812,4853500
2020-06-25,105.89391448248287,108.01769372989487,105.00012495533144,107.75530242919922,4442000
2020-06-26,107.97667577013353,108.54247296059788,105.00830501679955,105.72169494628906,7372700
2020-06-29,106.74668657138692,107.74707906831578,106.13169179927986,107.48468780517578,4173900
2020-06-30,108.09967191632464,108.91146943980146,107.29608233007754,108.45226287841797,4626700
2020-07-01,108.67369910203662,109.56748869788133,108.1899061111229,108.5343017578125,3633000
2020-07-02,109.50186562298059,110.01846524472641,108.68187257873689,108.93608093261719,2769200
2020-07-06,109.12466189266986,109.83805174617981,108.49326382585227,109.30506134033203,4221600
2020-07-07,108.46051834326636,110.38749510963848,108.37851400763141,109.5265121459961,4424500
2020-07-08,110.0102659220007,110.44486121908812,109.19027290680171,110.05946350097656,3798200
2020-07-09,108.97709252090317,109.82989246542957,108.01770196738852,108.82130432128906,4005200
2020-07-10,108.54248388391095,110.60887002292095,107.64869439759818,110.25627899169922,5932800
2020-07-13,112.15047782878909,113.21647153266498,110.26449089302461,110.62528991699219,8960000
2020-07-14,110.36286532451422,112.29804948836635,110.08407068100112,111.1254653930664,6766800
2020-07-15,110.98606945858535,111.67486064955719,109.2640789690542,109.6248779296875,5561300
2020-07-16,109.92827054432566,110.17427097128629,109.10008203606303,109.78067779541016,3788100
2020-07-17,110.41206488847926,110.74826505927271,109.51007999408668,110.42027282714844,3229300
2020-07-20,110.37928946968997,110.37928946968997,108.38669940946116,109.14929962158203,3620300
2020-07-21,109.87906032732788,111.85524643014875,109.70685629462523,110.23165130615234,5435400
2020-07-22,111.15825782066425,111.72405503710024,109.616666855546,111.52725219726562,3522300
2020-07-23,112.00286193599845,112.54406042070757,111.10087697358584,112.4046630859375,5011400
2020-07-24,112.33086028905947,113.68384391145254,111.01886631235564,111.5682601928711,3300000
2020-07-27,111.13365083562294,112.96223173122844,110.57606159868865,112.88843536376953,3607700
2020-07-28,113.14263835069778,113.64283461528527,112.41284503142435,112.65065002441406,3787500
2020-07-29,112.65064501354318,113.97902970115207,112.37183787773965,113.10163116455078,3179000
2020-07-30,112.53587463099782,113.33946448759211,111.9126717726522,112.90486907958984,2817600
2020-07-31,112.55225189538935,112.91305087252522,110.8630680588915,112.88025665283203,4304100
2020-08-03,112.42924059881892,112.7490373679604,111.51904786940084,112.0930404663086,2819200
2020-08-04,112.76545894610439,112.82285195901564,111.53546924886709,112.72445678710938,2553500
2020-08-05,113.28204194631324,113.28204194631324,111.33046687333545,111.72406005859375,2924000
2020-08-06,110.92048860955984,111.7568727021114,110.92048860955984,111.40428161621094,2692900
2020-08-07,111.46987271734865,112.14226060554279,111.0024706080541,112.12586975097656,3692100
2020-08-10,111.78144688753652,112.24064094556071,111.01065149923888,111.50263977050781,3052000
2020-08-11,112.31446242057768,112.70805562801189,110.38747351899958,110.79747009277344,3301200
2020-08-12,110.97787503441639,113.71664927877522,110.90407865041882,112.99506378173828,4424600
2020-08-13,112.42108792690992,113.65927332198555,112.42108792690992,113.24108123779297,2393500
2020-08-14,113.24926231606266,113.29845990654472,112.50306549480887,112.79826354980469,2461700
2020-08-17,112.74903401751907,113.88882375183036,112.38003968133624,113.09342956542969,2862500
2020-08-18,113.65925654364845,113.65925654364845,112.37186122979648,113.24925994873047,2638600
2020-08-19,113.72484290794937,113.80683470915051,111.60106382168671,111.88805389404297,3682200
2020-08-20,111.24026065902838,112.46204230119986,111.21566186838741,112.10945129394531,2263000
2020-08-21,111.82246948361883,112.06027452010538,110.90408109689287,111.89627838134766,4295600
2020-08-24,111.89626757092643,112.89664767433176,111.60926497175052,112.86385345458984,3177800
2020-08-25,113.37223884098343,113.47064651890315,112.09305163694013,112.58505249023438,2597400
2020-08-26,111.99466234905499,113.700249547996,111.83066622671689,113.54444885253906,6019700
2020-08-27,113.74126896398624,114.74164921566192,113.0852718630006,113.487060546875,4159300
2020-08-28,113.5854585999813,114.76625077906975,112.53586833236999,114.74984741210938,3355400
2020-08-31,114.24143399578362,115.63541963277606,113.97903022255652,114.84822082519531,3828700
2020-09-01,115.00404029300294,115.19263521576318,113.57724769517132,114.13484954833984,3421700
2020-09-02,114.40546065743365,117.93143410138534,114.26606330770932,117.496826171875,4918200
2020-09-03,117.91224162252038,118.96111216224698,114.0718480758677,115.10420989990234,6642400
2020-09-04,115.34373385245425,115.8805570017877,113.09731334083679,114.60042572021484,4836400
2020-09-08,114.22879164105493,114.4930823691804,111.00782715499764,111.9493408203125,4901500
2020-09-09,111.90801891595714,114.35265719881183,111.82542493127863,113.23770141601562,4282300
2020-09-10,112.81649820047292,113.60109061784516,110.57007800201262,111.2968521118164,6050500
2020-09-11,111.67677547694518,112.63481028951985,110.85914036244336,112.16404724121094,3411900
2020-09-14,112.75869695332815,113.55981080865331,112.15580112270662,112.87432098388672,2779000
2020-09-15,112.71736059146018,113.34504448277568,111.83366565268093,112.00709533691406,4080800
2020-09-16,112.55219716527876,112.81648780053281,111.31336316718537,111.4785385131836,3353500
2020-09-17,110.16538963463805,111.12342438985677,108.761380135892,110.00846862792969,5186400
2020-09-18,110.42967044637749,111.32161985385169,107.37386977212877,108.57967376708984,8473000
2020-09-21,107.67120757257291,108.44754570080863,106.83706373376292,108.38973999023438,4402700
2020-09-22,108.1915284677173,109.7524591758785,107.73728670564412,109.14129638671875,3951000
2020-09-23,109.59551481426897,109.6946301062108,107.2417377153472,108.1915054321289,5909900
2020-09-24,108.55490821096153,109.27342797919096,107.29955275438489,108.6705322265625,4316600
2020-09-25,108.10066979205412,110.52878679555549,107.78682776785185,110.29753875732422,4576000
2020-09-28,112.35399435024392,114.45176059392114,112.04841928880838,113.94796752929688,7487500
2020-09-29,114.51782578358797,115.24459987700897,113.25421602569713,113.27899169921875,4330500
2020-09-30,113.96447633881303,114.95554104183871,113.06424736661411,114.46826934814453,7060700
2020-10-01,115.16203754308356,116.32654479945684,113.55155548750034,116.28524780273438,6483900
2020-10-02,115.02989460075987,115.55020904578454,112.48615329474666,114.02230834960938,5130200
2020-10-05,114.06358363478432,114.28657729764357,113.13032459569386,113.9149169921875,4519800
2020-10-06,113.97275243485639,114.64998788237777,111.61896228939395,112.07320404052734,5031000
2020-10-07,112.27141045908309,113.57631726292769,112.12274380949444,113.15510559082031,4347300
2020-10-08,113.378113871195,114.08012501376895,112.94864778625302,113.848876953125,2977400
2020-10-09,114.55087786893333,115.01337399981148,113.89016370964693,114.33615112304688,3194000
2020-10-12,116.54952576518554,118.5068925093472,115.44283682589987,117.38368225097656,6167200
2020-10-13,117.45798174428909,118.92806374632097,117.20195806783325,118.54814910888672,4293200
2020-10-14,118.55639913478717,119.01889507808025,116.9706933568955,117.70573425292969,3641000
2020-10-15,116.58256852303933,117.25153702281557,116.13658112180579,116.80554962158203,3306800
2020-10-16,117.06983552741009,117.95354333312025,116.55778807487438,117.05331420898438,5076000
2020-10-19,116.73121669005988,117.71402719273891,115.00511069231734,115.36023712158203,3223200
2020-10-20,116.45040151113446,116.63209818123246,115.13724043348483,115.385009765625,2750900
2020-10-21,115.3602113603218,116.02092532065181,114.88120665620491,115.29415130615234,2560100
2020-10-22,115.45936549411806,115.7897162844003,114.80690567050961,115.30244445800781,2909000
2020-10-23,115.80622135597352,116.06224507283125,114.83166523785192,115.2611312866211,2758400
2020-10-26,114.5839197922204,114.86471921248875,112.65959564377965,114.02230834960938,3431100
2020-10-27,114.44351408168637,115.53368166877658,114.22052038807126,114.89774322509766,3390800
2020-10-28,113.2707325943144,113.73324127029024,110.61963452709452,110.80958557128906,5196000
2020-10-29,110.47096318065014,112.01538495005582,109.2321290630059,110.66092681884766,3856500
2020-10-30,109.78547349702623,110.53703588650426,108.77790000821145,110.08279418945312,4303900
2020-11-02,111.99886456762901,112.51091197453076,110.48748541924516,111.61894989013672,3126400
2020-11-03,112.83300619787445,114.4682762892003,112.55220682536999,113.17987823486328,3293900
2020-11-04,114.79863014017033,117.02852906852173,113.69194133453948,113.85711669921875,4576300
2020-11-05,115.08770456427546,115.8475213768316,113.53502830266271,114.01404571533203,3667800
2020-11-06,114.43524463396831,115.43457645231351,113.41940409947244,114.28659057617188,2867000
2020-11-09,117.2763243874249,118.63903720039231,114.11316567514884,114.34441375732422,6111300
2020-11-10,113.13860545589145,117.63970064340683,112.47789134532188,117.04505920410156,5284500
2020-11-11,117.98659272220631,119.12632444114385,116.95423068753843,118.84551239013672,4389800
2020-11-12,119.13456958894834,119.53926001199389,117.90398960202792,118.79595184326172,2570100
2020-11-13,118.73812724908437,119.66311938089886,118.32518253279967,119.51446533203125,2580400
2020-11-16,119.7540040975545,120.79462056193054,119.497980312023,120.38167572021484,3399000
2020-11-17,119.15105766408034,120.6624366565255,119.01891234623275,119.9521713256836,2924000
2020-11-18,120.15865809073064,121.05062019022455,118.3499582169296,118.41603088378906,4335200
2020-11-19,118.00308460443125,118.68030737714338,117.55709725955542,118.3664779663086,4263500
2020-11-20,118.6389866449299,119.45662154553796,118.10216366908026,118.44903564453125,3469100
2020-11-23,118.35820813107227,118.6390075031287,117.17719233573793,118.11870574951172,3443300
2020-11-24,118.25909109426735,119.22538006474241,117.95351608538489,118.95283508300781,4472300
2020-11-25,119.29971354714525,119.68788254805413,118.68029653744867,119.06021118164062,2278300
2020-11-27,119.44012321676821,119.98521325540351,119.07672985767803,119.42361450195312,1596000
2020-11-30,119.30796744755477,119.44836710880388,118.00306091103546,119.11800384521484,4906900
2020-12-01,119.7787555290763,121.10018379585628,119.34103509364616,120.63768768310547,3999200
2020-12-02,120.48073785994947,121.35617852155153,118.83721357878181,119.44010925292969,4432900
2020-12-03,118.96019818594128,120.57384011026429,118.96019818594128,120.14962768554688,4757900
2020-12-04,119.66722005531823,121.42226221786315,119.65059372752964,121.31414031982422,3592600
2020-12-07,121.1727112425344,121.90467570517943,120.29103369899465,120.91486358642578,4217300
2020-12-08,120.88159577230853,121.57196902330774,120.01654457198487,121.03963470458984,3623800
2020-12-09,121.07288045913963,121.52204500367681,120.0082119939504,121.18101501464844,3842000
2020-12-10,121.47214385447414,121.6800871395996,120.12467542825345,120.3326187133789,3985000
2020-12-11,119.46756523916777,120.69027261761069,119.28457415587364,120.58213806152344,2975500
2020-12-14,120.81502576580387,121.82978982028621,119.81690072469705,119.96661376953125,3952400
2020-12-15,120.24113167505816,120.83169623104936,119.6838451544801,120.41580963134766,3183300
2020-12-16,119.7586779748487,120.99802436553942,119.69213460905497,120.51559448242188,4915800
2020-12-17,120.81503354294487,121.60521538919325,120.7568033383064,121.1976547241211,3312500
2020-12-18,121.7133537507866,122.35382256258815,121.0229805859342,122.21240997314453,8980400
2020-12-21,120.60709230434381,121.15606556363505,119.33448055261834,120.9397964477539,3946900
2020-12-22,120.27439923597859,120.60710341002459,119.34280470331855,119.7919692993164,2653700
2020-12-23,120.18289926672946,121.10616791139847,119.8335560892669,120.1163558959961,2645100
2020-12-24,120.46569343117216,120.69858887190567,119.89176799084683,120.65699768066406,883300
2020-12-28,121.25589302752356,122.7697263054953,121.05626289548344,122.19580078125,2493500
2020-12-29,122.83625156512329,123.74289393605433,122.13756517162217,122.6199951171875,3186700
2020-12-30,122.6615978086511,123.09412343691038,122.27897654291169,122.52851104736328,2224900
2020-12-31,122.66989916147156,123.48504597699021,121.97121276975636,123.35195922851562,2076800
2021-01-04,122.27895083956501,122.91941963826379,118.06186809899779,119.9999008178711,7486900
2021-01-05,119.83361157635503,120.75686795667329,118.86042543412962,120.35762023925781,4126000
2021-01-06,117.83731572486549,119.44264470966752,117.77077234132344,118.88534545898438,4843300
2021-01-07,118.78553881877478,119.06833868491286,117.40479214266132,118.50273895263672,4473200
2021-01-08,118.50271628461519,120.10803229872256,117.82898209457633,119.92504119873047,4312000
2021-01-11,119.80028747231461,120.03318294225808,117.85394131985073,118.1866455078125,3902700
2021-01-12,117.8040448506852,118.11179687975387,115.99077263685267,117.63768005371094,5150000
2021-01-13,117.37983142747613,119.14319926454262,117.28002270358911,118.6025390625,4361600
2021-01-14,117.67927491736265,118.47778281540678,117.33825753339144,117.91217041015625,4724700
2021-01-15,117.65435841956858,118.61090555466562,116.88912832660475,117.60445404052734,4309100
2021-01-19,118.4278861938513,118.59423831502897,117.6460172632776,118.16171264648438,5158600
2021-01-20,117.3132830662444,117.92879978506622,116.38170117125046,117.55450439453125,5019300
2021-01-21,116.68947060117364,117.10535725091913,115.40023214044528,116.12387084960938,5684100
2021-01-22,116.03236068413634,116.06562602751632,114.97600517293505,115.27544403076172,4014900
2021-01-25,114.83460629800359,116.72273502125817,114.4353587145515,116.59796142578125,3829000
2021-01-26,117.537861159951,118.18664319809317,116.24029708366669,117.9454345703125,4242500
2021-01-27,116.87245115485302,118.38628451487698,114.41040951883566,114.8179702758789,6659800
2021-01-28,115.47507438623268,117.1053427438385,114.5850709739419,115.7745132446289,5514000
2021-01-29,114.87619335062418,115.16731903771179,113.12946461180127,113.59526824951172,6778100
2021-02-01,113.93630981445312,114.75145683476654,113.03799307433597,113.93630981445312,4185700
2021-02-02,114.32721343733225,116.05730305951374,113.62021389653616,115.10076904296875,3581600
2021-02-03,114.57674065388143,115.57486580178846,114.01114105707906,114.80132293701172,3609600
2021-02-04,114.57675930253086,116.24861888009275,114.57675930253086,116.18207550048828,3860300
2021-02-05,116.85582308247147,118.21160478710252,116.22366731878515,117.24675750732422,4437900
2021-02-08,117.43804504581114,117.95374030214252,116.0323464877722,116.78093719482422,4112200
2021-02-09,117.38813605887441,117.40476238194827,116.02402874768727,116.11552429199219,3179300
2021-02-10,117.37984225810833,117.37984225810833,113.75331021732035,114.5351791381836,6966600
2021-02-11,114.65993800624041,114.95937685888813,111.7404060199622,112.2644271850586,7528000
2021-02-12,112.50564397223523,112.78845651989168,111.00013643720816,111.34947967529297,5659300
2021-02-16,111.92339471778973,112.13133800841936,110.95853480322401,111.773681640625,5180100
2021-02-17,111.50750073230667,112.3475996934516,111.34114864921919,111.84021759033203,3353000
2021-02-18,111.51584241172806,112.87162413855216,111.38275564963115,112.59713745117188,3935200
2021-02-19,112.29767916370078,112.38917471033933,110.03525536668383,110.21824645996094,5414900
2021-02-22,109.8273451146574,110.29314884148775,108.76267626560997,109.7857666015625,5792900
2021-02-23,110.33471362452676,111.74041241063316,109.21182738176617,110.4428482055664,6264300
2021-02-24,109.66929431102848,110.03526383389404,109.12863415134234,109.86891174316406,4944000
2021-02-25,109.25340724090616,109.86891124299011,107.9641563328789,108.13050842285156,5702300
2021-02-26,108.60463824413706,108.85416006312668,106.94109176099319,107.456787109375,8329000
2021-03-01,108.63788129636487,109.76909318044663,108.41329901350713,108.64619445800781,5287300
2021-03-02,108.54638345065848,109.81899520680099,108.44657474565892,109.02050018310547,5614000
2021-03-03,107.96416501410833,108.57135590266475,107.28210489097083,107.41519165039062,7505800
2021-03-04,108.36511792664292,110.46115502387006,107.5853982672081,108.01298522949219,9102800
2021-03-05,108.69208399280724,111.8529110752261,108.31479992673871,111.53430938720703,10186500
2021-03-08,111.70198788208442,112.49847929545638,110.6623618325774,110.77973937988281,8634900
2021-03-09,111.45886408622836,112.27212745493844,110.67075213773039,110.88035583496094,8930200
2021-03-10,111.10675035873587,112.74165691731999,109.4466795824536,111.99546813964844,7791700
2021-03-11,111.80262442721707,112.83387110197448,111.59302071647477,111.6936264038086,4458900
2021-03-12,111.6097611738281,112.17149748967653,111.2073256984667,111.54268646240234,5275100
2021-03-15,111.97866816618448,112.03736333742732,110.64559182925214,111.53430938720703,5389200
2021-03-16,111.57622229472031,112.83384425999914,111.29954392717592,112.35594177246094,5544700
2021-03-17,112.64940797005785,112.81708836387266,111.82776508512953,112.02897644042969,6199500
2021-03-18,110.97258332401945,111.5762430028456,110.17609182348886,111.1151123046875,6476700
2021-03-19,110.93066931598332,113.1943869045728,110.82167128914601,112.76679992675781,16114400
2021-03-22,113.71421063957713,115.86893015995774,113.26145945463487,115.5335693359375,7813400
2021-03-23,116.07854672075872,117.52062145140526,115.85217110323251,116.92535400390625,6978400
2021-03-24,116.54802095481892,117.47028222716696,116.35518915903445,116.38034057617188,5082300
2021-03-25,116.69054375265404,117.5876535604787,115.9862785236205,117.06784057617188,5827600
2021-03-26,117.05944325677915,119.89328872035429,116.64862828726812,119.64176177978516,6785600
2021-03-29,119.78432369386489,121.5366204263962,119.40703957577361,121.41085052490234,6105800
2021-03-30,120.46343705110459,121.36054706304694,119.15551195868349,119.50764465332031,4372700
2021-03-31,120.16163275033699,120.17001229400549,118.35903299229071,118.59378814697266,6257900
2021-04-01,118.37578627879718,119.30642720767486,117.4702967701707,118.45124053955078,4823400
2021-04-05,118.9291293602266,121.01677375887104,118.48477059623922,120.02745056152344,5980700
2021-04-06,119.92681182852937,120.89937577872413,119.52437642586595,120.45501708984375,4751900
2021-04-07,120.7316838676055,120.81553043201161,119.91004126782182,120.23702239990234,4849200
2021-04-08,120.46343705110459,120.86588538199962,119.09682957284156,119.50764465332031,6725100
2021-04-09,119.25613558389807,120.0107038487944,118.72793012255326,119.5328140258789,4950800
2021-04-12,119.22256614138455,120.28735637783178,119.09680905539163,119.91007232666016,4386700
2021-04-13,119.11358360935247,120.70656643597876,118.9458904333344,119.93522644042969,5283300
2021-04-14,119.53277871079598,119.65853578672616,118.41768572917833,119.14710235595703,4685300
2021-04-15,118.77820394498572,119.97714356728166,118.5686002789305,119.31478881835938,4777100
2021-04-16,120.27897228427521,121.0000094007954,119.44055762753975,120.86585998535156,6481400
2021-04-19,121.14258190199075,122.07322301721402,120.11132229242106,121.36056518554688,6621200
2021-04-20,120.84071612715302,122.95351198317384,120.67302295076355,122.16541290283203,4999700
2021-04-21,123.54041624292617,123.91770031480351,122.58462395734655,123.23019409179688,6316000
2021-04-22,122.60980653275243,122.95354693841131,121.88876916614632,122.46727752685547,4904400
2021-04-23,121.99771526127236,122.69360097960072,121.6204312145912,122.2660140991211,4354700
2021-04-26,122.03123635828194,122.2156885767624,119.8765048938468,120.19510650634766,5817700
2021-04-27,119.57474892982272,120.044259305385,119.16393374780483,119.8011245727539,4693700
2021-04-28,120.30412493040025,120.47180530482306,118.82850693181733,118.912353515625,4962700
2021-04-29,119.13874685766592,121.09224206168933,119.02974884106924,120.68142700195312,4699900
2021-04-30,120.16159474405994,120.93293469307349,119.4740885848045,120.86585998535156,5051100
2021-05-03,121.5953150634366,123.06254117632402,120.81559532703643,122.23250579833984,6109800
2021-05-04,122.39176956945535,123.05412432091352,120.30412523519587,120.69818115234375,6603800
2021-05-05,120.49699736119788,121.20965518434275,120.31254504916502,120.6395263671875,5305200
2021-05-06,121.12578852101832,122.3750311924047,120.74011207974104,122.03965759277344,4472200
2021-05-07,121.76297917052565,122.40856215577047,121.20963511922481,122.03965759277344,4181000
2021-05-10,122.81935237812118,124.0769742066341,122.50075075441018,123.0121841430664,5270600
2021-05-11,123.38949869257236,123.78355465322326,121.58691207587106,122.11510467529297,5266100
2021-05-12,121.46951484030238,122.19055192879685,120.60594880088587,120.9245376586914,5651700
2021-05-13,120.93293546906523,123.34756099658651,120.37957872170291,122.71875,4849400
2021-05-14,123.41468530912915,124.00157324986081,122.76072263328564,122.90325164794922,4224700
2021-05-17,123.24697989863036,123.5823407130493,122.1654303979135,122.55109405517578,3747100
2021-05-18,122.94513151911535,123.20503803009835,121.83843076376948,121.99771881103516,4527300
2021-05-19,121.26831437983545,122.09834962519909,120.79880414563983,121.93065643310547,4432700
2021-05-20,121.77976145380829,123.85902677639811,121.66238388220715,123.4398193359375,3964600
2021-05-21,123.97638067079134,124.34528519485404,122.84452847362813,123.330810546875,5194200
2021-05-24,123.78357537424685,124.37885558249347,123.25536989321084,123.95964813232422,3627800
2021-05-25,123.95962236501785,124.39558881146895,123.25534427230174,124.33690643310547,4649300
2021-05-26,124.00992520167041,124.64711578792517,123.81708060357768,124.33690643310547,4462600
2021-05-27,124.55484991595995,124.73092258125973,122.77741535764481,122.83609771728516,9203600
2021-05-28,123.59069835656157,124.50456719354217,123.44816941078224,124.0350570678711,4913700
2021-06-01,124.73934887339287,124.79804404822191,123.32242586045362,123.77517700195312,5530300
2021-06-02,124.25306454853079,124.52974295379076,123.43980121000135,124.26983642578125,4546900
2021-06-03,123.90246751566474,124.78922419521344,123.43796794416076,124.71321868896484,4651600
2021-06-04,124.99194103898071,125.49021663005395,124.54433579457121,124.8568115234375,4427400
2021-06-07,124.78922536771023,125.20305460560343,123.90246867982974,124.7807846069336,4724100
2021-06-08,124.7385503698448,124.88212061763024,123.23527026167126,123.61531066894531,5997200
2021-06-09,124.35849904593407,124.6456395162987,123.31971858746434,123.38728332519531,4008000
2021-06-10,123.56464234995505,125.00035773790341,123.41263133922685,124.65410614013672,4698200
2021-06-11,125.03416801694499,125.09327912460047,123.97003921254995,124.73013305664062,4364600
2021-06-14,124.54430566226287,125.52397508293969,123.97001180347908,125.47330474853516,3831900
2021-06-15,125.75200422387438,125.98003363826493,125.05104734530079,125.48175811767578,4256500
2021-06-16,125.71822011567565,126.06448459525349,123.93624026824348,124.2318344116211,5492100
2021-06-17,124.35854453378965,125.83648988478545,124.07140395839477,125.43111419677734,5316400
2021-06-18,124.97503161171166,124.97503161171166,122.65254649983888,122.8130111694336,10661700
2021-06-21,123.09173473829551,123.92783417948938,122.83837009975245,123.77581024169922,4904300
2021-06-22,123.9193411656268,124.56964052442497,123.54774153202784,123.9615707397461,3518000
2021-06-23,123.35352848468035,123.41265247897378,122.3147477401294,122.3316421508789,3901700
2021-06-24,122.34005648391336,123.25216116745095,122.12892149846456,123.02413177490234,3818900
2021-06-25,123.10015013521665,123.9700253351954,122.66099859800478,123.64910888671875,6387600
2021-06-28,123.94470502611053,124.64567488146449,123.826469923199,124.1811752319336,4282800
2021-06-29,124.52742862364109,124.73856363754575,123.64065898790977,124.09671783447266,3197700
2021-06-30,124.51054136004731,125.25374077537543,124.31630074437176,125.13550567626953,4943700
2021-07-01,125.05946408900513,125.90400394950356,124.94122902400157,125.16080474853516,3997600
2021-07-02,125.75198336543289,126.49518258585643,125.46484289814413,125.76043701171875,3835500
2021-07-06,125.89556532611357,126.19114655030967,124.7976609115068,125.94623565673828,4313800
2021-07-07,126.08137683082255,127.2721813793533,125.83646588948945,126.50364685058594,4225000
2021-07-08,126.19118257472628,127.24685771962929,125.99694195632878,126.56278228759766,4216000
2021-07-09,126.18273307428805,126.94281397131688,125.98003882130635,126.2418441772461,4088600
2021-07-12,126.25029224508147,126.50364394178732,125.65066316067553,126.26717376708984,4873700
2021-07-13,127.65224906297502,129.98318831699243,127.31443812973302,129.18087768554688,8750800
2021-07-14,129.12175728348424,131.02197283092121,129.0457517543855,130.51524353027344,6390300
2021-07-15,130.1182563263389,131.20770702462482,129.43416824696314,131.11480712890625,4920600
2021-07-16,131.47797395898218,132.45764339920865,130.99659288587625,131.59622192382812,5852500
2021-07-19,131.73981037855845,133.04883717991805,130.7010168123289,131.579345703125,5750200
2021-07-20,131.91713834367974,132.87147261619836,131.37663328815083,131.59622192382812,5213500
2021-07-21,131.15703934694213,131.84955531266235,130.54052887380303,131.1063690185547,4905900
2021-07-22,131.06417846679688,131.54555961643854,130.03383852733901,131.06417846679688,3333500
2021-07-23,131.37664601751533,133.2599666906667,131.10639990689467,132.7447967529297,3588400
2021-07-26,132.41541819427763,132.9897120834752,131.7735724467344,132.6519012451172,2999800
2021-07-27,132.85459335899085,133.99472758248749,132.618123175647,133.38665771484375,4043900
2021-07-28,133.09948810706868,133.40352297445665,131.67221367090448,132.16204833984375,3556800
2021-07-29,132.78704785572646,132.9559533130748,131.91717250805524,132.43234252929688,3055600
2021-07-30,132.9052576269713,133.09951110821598,132.27185261767457,132.55055236816406,3757300
2021-08-02,132.5928052938781,132.6857052270663,131.33443581463024,132.01852416992188,3425900
2021-08-03,132.59275609263187,132.71943191512827,132.0100215358376,132.31405639648438,3359900
2021-08-04,131.90872527912543,132.30566017209875,129.9493859872861,130.10140991210938,4846300
2021-08-05,130.8868088958147,131.06416797042132,129.94936895668386,130.3209686279297,3733500
2021-08-06,129.86493497139855,130.701021424135,129.75514063451024,130.33787536621094,3430900
2021-08-09,130.59964722450306,130.72632305251653,129.81423131750756,130.354736328125,2636600
2021-08-10,130.32100731355033,131.1655475855704,129.89873717754028,130.42234802246094,2670200
2021-08-11,130.6587674100911,131.76511256482078,130.45607320449605,130.9374542236328,3058000
2021-08-12,131.0979462017659,131.15707018989167,130.56589474192523,130.96282958984375,1958700
2021-08-13,130.9881631570215,132.31408429647314,130.81924484253398,132.18740844726562,2113800
2021-08-16,132.53364448323794,133.53864905766218,132.3647390752652,133.4795379638672,3224000
2021-08-17,133.3613436639585,133.81738969358358,132.79550328658678,133.35289001464844,3736300
2021-08-18,133.16704614791206,133.6062105071488,131.91713069571418,131.9846954345703,3419200
2021-08-19,131.5962158183644,134.63655178216038,131.56242700521693,134.20584106445312,4745600
2021-08-20,134.22271668666903,134.81390491086557,133.64843575495976,133.73289489746094,3484100
2021-08-23,133.293744020196,133.87647865702735,132.86303327789577,133.31063842773438,3102100
2021-08-24,133.22617932116447,133.22617932116447,131.47797541008688,131.65533447265625,3760800
2021-08-25,131.2077308069259,131.46953613686267,130.1942854159917,131.07260131835938,3346700
2021-08-26,131.33438809101705,131.46951756049003,130.1351430444191,130.59120178222656,3220700
2021-08-27,130.76856819058315,131.24996216765075,130.2365167629359,130.85302734375,4166500
2021-08-30,131.05574658328595,131.89184604940237,130.91217629071951,131.74827575683594,2540300
2021-08-31,131.8242568608079,132.145186212179,131.19085180625473,132.07762145996094,5291200
2021-09-01,132.4576640470317,133.5977983182394,132.17896427214407,133.361328125,4231400
2021-09-02,133.32305071935963,133.74821513172122,132.54074975761284,133.4591064453125,2862500
2021-09-03,132.821317845409,133.85871972167467,132.56621668362524,133.57810974121094,2035100
2021-09-07,133.05942923731712,133.2975202315504,130.67850631999838,131.4012908935547,4609900
2021-09-08,131.51185924168806,133.2890433726597,131.20574034556472,133.26353454589844,3199100
2021-09-09,133.39956236531094,133.4760888295857,132.14106662508257,132.4216766357422,3560400
2021-09-10,132.63426974548267,132.8638621322434,131.8094498513668,132.19210815429688,3851500
2021-09-13,132.60025523906663,133.8417278346757,132.13257187428823,132.4471893310547,3367200
2021-09-14,132.97439561494096,133.22098520921037,131.6478850251105,131.92848205566406,2808600
2021-09-15,131.98805398155562,132.97443862766573,131.6139071864801,132.66831970214844,3702400
2021-09-16,132.13259104746882,132.75332743534568,130.7890699932374,132.2771453857422,4589900
2021-09-17,131.99654167945747,132.22613409834844,130.80608649814937,131.06118774414062,8127400
2021-09-20,130.86560821858706,131.75845612923794,129.6071251209491,130.6190185546875,5484600
2021-09-21,131.46932144223476,132.75331311425813,130.0747828866976,130.55946350097656,4479800
2021-09-22,131.47783806235032,131.87749364594984,130.48295489944988,130.95913696289062,3001000
2021-09-23,130.68704098001854,131.7414404334662,130.55948386952872,131.06118774414062,2712500
2021-09-24,130.73808208892234,131.47786415752603,130.5680188860812,131.1207275390625,2366100
2021-09-27,130.7805697799288,131.07817706980444,129.5816030786057,129.86221313476562,4482000
2021-09-28,129.56458107816354,129.67512796219253,127.63434425310997,128.44215393066406,5910900
2021-09-29,128.688790130216,130.2448937860448,128.1360814599723,129.50511169433594,3326500
2021-09-30,130.2873709081557,130.46593267801168,127.86392880307187,127.89794921875,4949200
2021-10-01,128.69727126881182,128.9183520895934,127.14116798122697,128.3571319580078,4274300
2021-10-04,128.2976212350136,130.10031424775744,127.10715305821091,127.71939086914062,5404900
2021-10-05,128.7057581634924,129.58159572468628,127.60883980165286,128.47616577148438,6103100
2021-10-06,128.2636039962278,131.93703095291627,127.51532341152338,131.7669677734375,5499200
2021-10-07,132.24311313595587,134.1393423617023,132.24311313595587,132.98289489746094,4605100
2021-10-08,133.13598841365368,133.25503392841537,132.21763173906868,132.6768035888672,4186000
2021-10-11,132.98289078117654,133.69716369948497,132.36215452895505,132.8553466796875,2738100
2021-10-12,132.83835152130573,134.2243914644151,132.82985290523877,133.44207763671875,3195400
2021-10-13,133.89275641396054,134.3944472089944,132.66828106846484,134.3434295654297,3599900
2021-10-14,134.87919080169885,135.6189859039122,134.8706921821301,135.42340087890625,3677100
2021-10-15,135.7634950967191,135.7634950967191,133.93528044862478,135.04071044921875,4313000
2021-10-18,134.5219882074537,134.94715252730973,133.3315333018509,134.42845153808594,3274200
2021-10-19,134.8961939868072,136.1886977184483,133.96082688331867,136.13768005371094,3125800
2021-10-20,136.54581323264475,137.6512433726565,135.78050945494937,137.1665496826172,3716500
2021-10-21,137.23456376768704,137.26857121050773,135.1852682568196,135.35533142089844,4164700
2021-10-22,135.69545667372424,136.4522487042541,135.6019199969178,136.02708435058594,3240300
2021-10-25,136.010079610027,136.010079610027,135.02369515587492,135.38934326171875,3281200
2021-10-26,135.34682782338032,137.24305733430703,135.28731155688732,137.0474853515625,3684700
2021-10-27,137.5406939675578,137.61722045144043,135.67847167648108,136.57131958007812,3751800
2021-10-28,136.77540138793032,137.5236819566333,136.45227227133827,137.43014526367188,3589600
2021-10-29,136.92846850645986,137.97436947223113,136.82643318540607,137.4131622314453,4558200
2021-11-01,137.07300578333252,137.32810702915833,136.20566673752003,137.1240234375,3017100
2021-11-02,137.3706140219867,138.4420235905333,136.85191295844706,138.38250732421875,3464500
2021-11-03,137.88083043068528,139.78557189964846,137.88083043068528,139.70904541015625,3595000
2021-11-04,139.64098756502014,139.93009622437114,138.90120570874348,139.71751403808594,3310100
2021-11-05,140.7719109758962,141.52019136689086,139.89607350207186,141.15455627441406,3754300
2021-11-08,140.99302746779188,141.23963010540191,137.03049183058087,138.11891174316406,5766400
2021-11-09,138.01685481772094,139.33486695116486,137.7532549860295,139.03724670410156,3778600
2021-11-10,140.08315551246562,140.3042363047386,138.62908771813161,139.4879150390625,2683500
2021-11-11,139.42841617797396,139.4369147950883,138.22095082334988,138.33999633789062,2453000
2021-11-12,138.61208811445368,139.39438902578607,137.8212885864175,138.30596923828125,3540900
2021-11-15,138.18695811833234,139.3519176460295,138.16996088069484,139.2838897705078,3357100
2021-11-16,139.68352416579026,140.295761977294,138.79917489362325,138.86720275878906,2899400
2021-11-17,138.28048147483454,139.17332941424374,137.82130957813257,138.91822814941406,3332200
2021-11-18,138.44200761448192,139.04574667449978,137.5406613072605,138.96070861816406,3498900
2021-11-19,139.87908734536748,140.32976057054807,138.97774089500632,139.2923583984375,5242200
2021-11-22,138.77364174311336,141.83483026409561,138.75663153605615,139.58145141601562,4157200
2021-11-23,139.07977273474685,140.91648600765316,138.86719054042865,140.51683044433594,3878000
2021-11-24,140.38078527165482,140.72942321052403,138.24646455136113,139.23284912109375,3309500
2021-11-26,138.35697959869984,139.16478921681332,136.80937523611604,137.02195739746094,3402900
2021-11-29,138.3229982880336,139.9471295738144,137.02199613083448,139.57298278808594,5305800
2021-11-30,139.30937391060905,139.45392825485024,134.68358299493784,135.86553955078125,7610000
2021-12-01,138.15293254036672,138.81618802093627,136.09513823206268,136.1886749267578,5385600
2021-12-02,137.08327824014904,138.41875299727005,136.82645315701046,137.50274658203125,4619800
2021-12-03,138.23040223599727,141.14962050735483,138.11910832933995,141.00408935546875,6465900
2021-12-06,142.15121306948868,143.21273738608735,141.92862527717176,142.46795654296875,5403100
2021-12-07,142.46793886307708,142.9302264800098,141.81732684452473,142.30528259277344,5460100
2021-12-08,142.22827624142428,142.69912002538007,140.42195777036886,142.5535888671875,3891900
2021-12-09,142.03991069100144,142.8617481392011,141.12391756726143,142.373779296875,3644500
2021-12-10,143.42676148423936,144.77936119086772,142.87887415292977,144.6509552001953,5025700
2021-12-13,144.6167061666655,146.61136196953487,143.86336924365173,145.37005615234375,5411800
2021-12-14,144.97627606042056,145.86658812606768,144.07739488646374,145.01051330566406,4985000
2021-12-15,145.33581756009255,147.05652314759712,145.0704364710543,146.8767547607422,5507800
2021-12-16,146.876771078351,148.58035170214916,146.40592728936187,147.09078979492188,6909900
2021-12-17,146.48297620844724,147.57019498563113,143.86338911257602,144.07740783691406,10159600
2021-12-20,143.1014694648757,145.1046814004978,142.75047565506202,145.03619384765625,5263600
2021-12-21,144.87350482245537,145.19026131564056,143.63219923138323,144.60812377929688,3401400
2021-12-22,144.64240345928383,145.5241594552452,144.0517097592842,145.5070343017578,4362900
2021-12-23,145.5155726776523,146.07202906577305,144.89064180922614,145.3443603515625,3241700
2021-12-27,145.52413560209115,146.86816602059116,145.33579813259496,146.79112243652344,2868800
2021-12-28,146.78256234722338,147.9211301141682,146.5599745825009,147.5530242919922,2332100
2021-12-29,147.92115609404001,148.4947376941323,147.1849312577202,148.07525634765625,2299500
2021-12-30,148.56320123688317,148.63168878203768,147.44174544313825,147.81842041015625,1988900
2021-12-31,147.6386771692263,148.97415187044285,147.33904574099648,148.70877075195312,2914900
2022-01-03,147.4160792235533,148.26359798544908,146.02068617008635,148.0838165283203,5488900
2022-01-04,147.80986524395848,149.34223325507386,147.4160651226456,148.29782104492188,4717600
2022-01-05,148.4091021343444,150.1212514376651,148.29780824957655,148.8029022216797,6564600
2022-01-06,148.8799492904535,150.32671757565322,148.29781172111257,148.83714294433594,4288700
2022-01-07,149.0340687413241,149.54771888066352,147.76708161032997,149.0255126953125,4916000
2022-01-10,149.3337134696387,150.53221315131043,148.63172575418324,149.10256958007812,5055900
2022-01-11,148.6830790397792,149.15392283679202,146.9195668752093,149.03407287597656,6452300
2022-01-12,148.87139892578125,149.2395178735414,148.0581304978121,148.87139892578125,5268000
2022-01-13,148.70874089570069,149.54769043857618,148.30638474436316,149.111083984375,4310300
2022-01-14,149.44499909634646,150.61781750993475,148.4433799847328,150.36099243164062,4474500
2022-01-18,148.63169991418133,149.60762464606609,148.22934372042786,148.9227752685547,5789500
2022-01-19,148.922780626317,150.6349302570223,148.58891197083608,149.9928741455078,6424500
2022-01-20,150.1640859260312,151.42251694483585,148.82004220095027,148.90565490722656,6284200
2022-01-21,150.09559879119445,151.73070482190062,149.05118647250941,149.14535522460938,6753200
2022-01-24,150.2325627069528,151.09719350262407,144.6423956297442,148.38343811035156,9263900
2022-01-25,147.31334008626467,147.65576475082904,145.31012836696956,146.67984008789062,6536900
2022-01-26,144.98485517743194,147.082236208643,142.49367391859735,145.13038635253906,6841800
2022-01-27,146.2004462302249,148.3406331267473,144.48829671300697,144.99337768554688,6543500
2022-01-28,144.25714643810343,147.86978280335623,143.14425975166756,147.81842041015625,5796000
2022-01-31,146.1918911992533,149.05117777780117,146.03779094904942,148.5460968017578,5908000
2022-02-01,148.22933764650148,148.4690375313413,145.15603243092622,147.53591918945312,5952700
2022-02-02,147.8954705008436,150.3609699841249,147.73282726944905,150.21543884277344,5767000
2022-02-03,150.04425264180213,151.23419624029802,148.81150268541316,150.12985229492188,4632700
2022-02-04,148.1865738995672,149.71894225902656,146.55146766707895,147.66436767578125,4592400
2022-02-07,147.87835539804576,148.0923740832019,146.56856208990328,147.0821990966797,4813300
2022-02-08,147.7841842552251,147.79274029993348,145.798084619136,147.26197814941406,3957700
2022-02-09,147.67291178939783,147.91261170265145,146.3973555589182,147.19351196289062,6780200
2022-02-10,144.3855675715924,146.77401032857378,143.22130541245764,144.13729858398438,7899800
2022-02-11,143.87191512547747,145.79808324242904,143.5551716596311,144.31707763671875,7299600
2022-02-14,145.03619671106537,145.25877146519593,141.33796022326243,142.70767211914062,6822500
2022-02-15,143.15282246910238,144.03457842723964,141.47491019126332,142.0741729736328,4943800
2022-02-16,141.79169625127295,143.13572711220192,140.85856464063198,142.36526489257812,4161700
2022-02-17,142.11697296735815,143.77776017080927,141.25234212117576,142.75047302246094,5156800
2022-02-18,143.05866129291755,144.02603000334292,142.29675523840504,143.5723114013672,5181600
2022-02-22,144.30853097680836,144.62527446325328,142.30530607728005,144.1201934814453,7733900
2022-02-23,144.77936745333793,144.77936745333793,142.55358078853138,142.69911193847656,5812800
2022-02-24,141.86016688016826,142.39948514446027,137.22022977197184,140.21649169921875,8888800
2022-02-25,140.75582708492917,144.21437683862976,140.61885197212274,144.14588928222656,6535600
2022-02-28,140.43050278272779,141.43212178202074,138.17903496798124,140.17369079589844,7677000
2022-03-01,139.60011509485295,140.73868301184424,138.08485913694616,138.91525268554688,5107900
2022-03-02,139.52305303248983,141.9543151444293,139.10358478332878,140.84141540527344,5452100
2022-03-03,141.29381913220982,142.34510065038876,140.28562550875876,140.6906280517578,5352200
2022-03-04,139.59627204998586,143.47394627359657,138.6656286584896,142.82766723632812,6340300
2022-03-07,141.38001099274734,142.31064125204395,139.70830041648114,139.98403930664062,6319500
2022-03-08,139.9236982612275,141.29380640958004,135.882298663233,136.0373992919922,6163700
2022-03-09,137.70912880442765,137.92455514024547,134.770710428213,135.63241577148438,5764900
2022-03-10,134.2451024181164,134.64149275817311,132.15977655610783,133.14212036132812,6103700
2022-03-11,133.95207422026988,135.1929318445569,132.254513879902,132.46994018554688,4762600
2022-03-14,133.69357114174338,135.9770980606242,133.13346795991978,134.33123779296875,6075600
2022-03-15,135.56346526575047,137.44197624734363,135.14122499394782,137.01112365722656,6203400
2022-03-16,136.50275518772025,137.86425129374047,135.32220985198842,137.61434936523438,6299000
2022-03-17,137.72636786233446,139.27744012423537,137.26966507807754,138.682861328125,3587600
2022-03-18,139.0620135067933,140.39764627962475,137.92455613415987,140.27700805664062,12123000
2022-03-21,139.82890766199068,141.15592789578074,138.7948640430068,140.07879638671875,5122600
2022-03-22,140.3200522417137,141.98314988539016,139.7944116163332,141.61260986328125,5779200
2022-03-23,141.53509880924878,142.4226542369577,140.1391403984017,140.87158203125,4533700
2022-03-24,141.37136808481952,141.94870905256087,140.69062668959592,141.72467041015625,3160300
2022-03-25,141.69017609603094,142.95688375947708,141.69017609603094,142.38816833496094,4146800
2022-03-28,142.26757457284975,142.84491564456562,141.06980452734751,142.81044006347656,4308000
2022-03-29,144.15467887146315,145.26628611037665,143.36191154568647,144.9302215576172,4440400
2022-03-30,144.8526786316926,144.97331685811176,143.14649252416092,144.73204040527344,3871500
2022-03-31,145.08530326096562,145.8866959504904,144.13743541087536,144.2322235107422,6076200
2022-04-01,144.6717115073687,146.42958464597908,144.22362104122087,146.28309631347656,3239600
2022-04-04,145.72299726655356,145.96427372094925,144.29256318079302,145.90396118164062,3759900
2022-04-05,145.04224554896575,147.6790617203071,145.04224554896575,146.05905151367188,4480700
2022-04-06,146.4209642798885,148.81650398297188,146.05043730896315,148.54937744140625,4294800
2022-04-07,148.2391501977736,149.31628173914473,147.16201865640247,148.68724060058594,5041600
2022-04-08,149.06641926717455,149.66961040688773,147.86002383916747,149.1870574951172,3883100
2022-04-11,149.60064898997723,150.77256865601072,148.48905500276612,148.73033142089844,3825100
2022-04-12,149.74712616018692,150.49680546440695,148.75617045579082,149.33351135253906,3924300
2022-04-13,149.5748334630188,149.78164750433425,147.980673122427,149.07504272460938,4394000
2022-04-14,149.48864758519647,150.1607767384524,148.0065132604319,148.1271514892578,4834300
2022-04-18,147.5411887984752,148.48044445979872,146.4554448077454,146.85182189941406,3086000
2022-04-19,146.35202962752817,149.22150994516,146.35202962752817,148.9888458251953,3642000
2022-04-20,149.69544589945585,151.63428282615993,149.69544589945585,151.20343017578125,4197600
2022-04-21,151.45333562356515,152.72866907625368,150.49684210833922,150.6605682373047,3701300
2022-04-22,150.78982833159935,151.03110478475588,148.16162430766508,148.3425750732422,5864000
2022-04-25,149.25597426483122,149.86777763784562,147.3515998498185,149.71267700195312,7369900
2022-04-26,149.9108522492873,151.10000961342476,148.84233308523787,149.33351135253906,7386600
2022-04-27,149.43692880072982,152.25470876152636,149.2387402669758,150.66917419433594,5180300
2022-04-28,150.39341684035483,153.05608291799123,149.78161347357843,152.9526824951172,5235800
2022-04-29,152.87515808910183,152.87515808910183,147.70492569182628,147.96343994140625,6505600
2022-05-02,149.07501765229844,149.47140787767373,142.41403933128643,144.55967712402344,7692100
2022-05-03,145.74881397636415,145.89530227949376,143.5428508139316,144.7578582763672,5564900
2022-05-04,144.4304423348496,150.0401397442874,144.4304423348496,149.81610107421875,6231500
2022-05-05,149.1612007858728,149.35077701404933,145.6971416102421,146.8259735107422,6534300
2022-05-06,145.83500707858371,147.1792652185971,145.38691664905286,146.84320068359375,5824600
2022-05-09,146.19694544535417,148.9802502842967,145.4214026743197,147.95481872558594,7269100
2022-05-10,149.17842021242436,150.40204018425027,147.1361828194885,147.7738494873047,5936700
2022-05-11,147.1965155392825,148.56662390260496,146.42097282806918,147.0586395263672,5376900
2022-05-12,147.5670035704135,148.2046701003514,144.90433787332694,146.8345489501953,6473500
2022-05-13,147.0931260579486,150.07463287003443,146.0246196542206,149.6954803466797,4714600
2022-05-16,149.68683357993686,151.9186471532394,149.43693167951275,151.20343017578125,5317200
2022-05-17,151.06554091746585,151.3843676432267,148.71308933440528,150.33309936523438,5012200
2022-05-18,149.66959493977794,149.8246955817127,140.38902522188246,141.01806640625,8875400
2022-05-19,140.02709500006767,140.26837140418158,137.58846770623717,138.90687561035156,6423800
2022-05-20,139.80305652503876,140.50964795250377,137.5453799576876,139.77720642089844,5768800
2022-05-23,141.50064013357155,143.86170435786926,140.94914924009544,142.6984100341797,4657800
2022-05-24,143.06031699684542,144.99052844578392,142.31924991596242,144.61138916015625,6327600
2022-05-25,144.63723500223108,146.05043112078118,143.87031783695537,145.6023406982422,5781000
2022-05-26,145.59376077412816,147.42918446878164,145.59376077412816,146.584716796875,5193800
2022-05-27,147.5756433466286,148.04958388621284,146.66223784229123,148.01512145996094,6713500
2022-05-31,147.3343601883507,147.3343601883507,142.50019320252667,144.55105590820312,13610000
2022-06-01,144.9215722368918,145.09392379339005,141.16455023905905,143.46530151367188,5613900
2022-06-02,143.7082475222353,144.688751242729,141.13118144839473,144.6280059814453,4677300
2022-06-03,143.916501502887,144.54991782287297,142.61495350180218,143.04013061523438,4222000
2022-06-06,144.43716487937112,145.44368554205818,142.93603624788597,143.6388702392578,3447800
2022-06-07,143.76036169528194,144.7842533839368,142.4935285897012,144.52394104003906,4168300
2022-06-08,143.81241165838003,144.74084253978916,143.26575714799654,143.80372619628906,2646800
2022-06-09,143.33511403400215,144.8449009156305,141.1485101571272,141.24395751953125,3522900
2022-06-10,139.67349663906447,142.23320581289133,138.3545905694183,141.0184326171875,5203300
2022-06-13,139.2916926835191,141.32210477631514,138.01617433906256,138.60621643066406,6300700
2022-06-14,138.831809278814,138.87519686722027,134.37183793533345,135.4651336669922,6159200
2022-06-15,137.02698964844032,138.69296971601628,135.3002643110932,136.9141845703125,5940100
2022-06-16,135.90767124927714,137.49556168844708,134.58876532755625,136.25474548339844,7207900
2022-06-17,136.25471655992902,137.9554117221883,135.50849519894237,136.28074645996094,9881800
2022-06-21,137.2439437085674,139.66483123539587,136.53243744206864,139.44790649414062,4449600
2022-06-22,139.11819123041923,141.4262738968742,138.45005925012188,140.59327697753906,4706500
2022-06-23,142.11173427511156,143.29180538753545,141.56507969478687,142.389404296875,5810700
2022-06-24,143.72561022975057,144.20284715641924,142.2505251073457,144.15078735351562,5951500
2022-06-27,143.92520035203492,145.0185093488488,143.46532103243436,144.34170532226562,4595800
2022-06-28,145.0358530734667,146.16386419219026,142.1724575475198,142.311279296875,4372900
2022-06-29,144.0900454315814,145.39159349448022,143.47398676289362,144.67140197753906,3653600
2022-06-30,145.01849145507967,145.40895323146285,143.71694337378128,144.6106719970703,6295100
2022-07-01,144.6800957732566,147.09229726292668,143.82974145701778,146.9794921875,3918700
2022-07-05,146.32009415722607,146.9795406648419,143.4566846614611,146.64981079101562,4971600
2022-07-06,147.50877872029082,149.2007885340761,147.05757168993762,148.1161651611328,4209100
2022-07-07,147.0922728161412,148.41116517717026,146.97079553972983,147.82113647460938,5150200
2022-07-08,148.00339236102113,149.85158182290013,147.98603467761373,149.14007568359375,3482900
2022-07-11,148.7322496818351,149.93835044527899,147.52614891839121,147.91661071777344,4921300
2022-07-12,150.11189706627948,150.38956704612679,146.5282966740715,147.074951171875,5201600
2022-07-13,146.24195971446102,148.7582943469008,145.75605047234404,147.5955810546875,4533100
2022-07-14,146.0250190674167,148.51532352160433,145.51307997461691,148.359130859375,4218300
2022-07-15,148.67150086358174,150.0424664793792,147.52614539673297,148.48060607910156,4659100
2022-07-18,148.50664188107004,148.5847448342103,145.6432464801989,145.99899291992188,3479700
2022-07-19,147.7257016611497,148.15955100523533,146.32003402312233,147.5608367919922,4201600
2022-07-20,147.55218116079058,148.0033882365775,145.3048444833669,145.99899291992188,3460700
2022-07-21,145.76473325893045,146.9968640259772,145.39161587198913,146.21592712402344,3088300
2022-07-22,146.76256018325884,148.00337623101365,146.19856131429952,147.17037963867188,3757800
2022-07-25,147.77779618529516,148.2550332239252,146.67581488519198,147.378662109375,3357200
2022-07-26,148.00342945577887,149.23556048585706,146.84938816055634,149.0967254638672,3732100
2022-07-27,147.93396703801224,149.20079981901046,146.69315092069854,148.888427734375,4479000
2022-07-28,149.13138390196812,151.9514049146581,148.54135509145166,151.7084503173828,3134200
2022-07-29,150.68456529197897,152.26377010270627,150.4502829266399,151.8125762939453,4215500
2022-08-01,151.45680462306868,154.18137790155507,151.45680462306868,153.53927612304688,4034600
2022-08-02,153.53063688279323,153.71284622716558,152.03819379920517,152.27247619628906,3781100
2022-08-03,151.91670776137798,153.63474768120608,151.18784394569732,153.4351806640625,4401300
2022-08-04,153.07944041859906,153.3571104255693,151.4828775986242,152.60220336914062,3822500
2022-08-05,151.31795216142237,151.5869365980622,149.59122725133878,151.456787109375,3295600
2022-08-08,152.53276607704453,152.68895874570876,150.3895622239732,150.8494415283203,2846100
2022-08-09,151.66504842572095,152.04683796829548,150.94487016317422,151.41342163085938,3228800
2022-08-10,152.55014351309183,153.08811260141314,151.60435487716092,152.66294860839844,4041100
2022-08-11,153.02738801716725,153.68683445562272,151.5609746668837,151.88201904296875,2743800
2022-08-12,152.65424751771383,153.9124214026169,152.17702375727012,153.86903381347656,3756200
2022-08-15,154.25081477381448,155.6304526469796,153.409145903763,155.56103515625,3043100
2022-08-16,155.9948904300964,156.79317174356274,155.005714319928,156.4634552001953,3395700
2022-08-17,156.27257409645546,157.11424307201816,155.94284428416327,156.37669372558594,2666200
2022-08-18,156.8973126003072,156.99274676348924,156.13373337458103,156.53286743164062,3010600
2022-08-19,155.97755325310723,157.06217690422207,155.59577684954405,156.33331298828125,3704000
2022-08-22,156.3072331386844,156.59357527989474,154.46771625094237,154.8408203125,3385000
2022-08-23,154.2942300381036,155.19663109939745,153.83433742451962,154.77145385742188,2575000
2022-08-24,154.77140412580016,155.751907838137,154.54580724297492,155.5436553955078,3340600
2022-08-25,155.34413092323368,155.6218009227242,153.92110527593064,155.55238342285156,3401800
2022-08-26,156.15110954676743,156.1684539930175,151.5609746668837,151.88201904296875,5246600
2022-08-29,151.45679917950653,152.09888769490632,150.2940861878087,151.4047393798828,4184500
2022-08-30,151.27459580927365,151.578295665602,149.53052610073033,150.10321044921875,4026300
2022-08-31,150.81472012017878,151.3353446748256,149.41772457990996,149.4784698486328,5597900
2022-09-01,149.30374992441136,151.1032196390621,148.70975590672523,150.9896697998047,4846100
2022-09-02,151.74964477816386,152.84155736531446,148.40402301165307,149.07664489746094,5801500
2022-09-06,149.356172833433,150.76255682822958,147.74015014510894,148.07208251953125,4900100
2022-09-07,149.0417075462607,151.80206597511742,148.43896961974957,151.33909606933594,6074600
2022-09-08,150.928501546019,151.49629067383208,148.98926401830576,150.83241271972656,3888100
2022-09-09,150.8149629263795,152.4746780751918,149.95890718040926,151.31288146972656,3662000
2022-09-12,151.3128815537598,152.37858931789086,150.90232134975795,151.90687561035156,5953300
2022-09-13,150.68391999294164,150.97218648284405,145.83582598823637,146.23765563964844,6926200
2022-09-14,146.85788639971628,147.7925700698975,146.37745547438385,147.34706115722656,5156900
2022-09-15,147.21600261941077,147.2422074518058,144.42943992332368,144.90115356445312,5461000
2022-09-16,145.32043297731,146.02799005529477,144.35081426662495,145.85328674316406,12012600
2022-09-19,145.93195323424575,147.46063108586824,145.44277845436864,147.3907470703125,3720900
2022-09-20,146.38615939714975,147.75759456979017,145.7572167291204,147.5566864013672,3872000
2022-09-21,148.39530620341463,150.2733906950201,147.05006230765892,147.13742065429688,5134500
2022-09-22,147.10248970657307,148.40405458581907,146.79676211453153,147.27720642089844,4290600
2022-09-23,147.09372747540013,147.40819883273707,145.46896101732776,147.20729064941406,4565100
2022-09-26,147.041314082729,148.50883816048767,146.34248738088695,147.14613342285156,5326400
2022-09-27,146.96270641948252,148.50011457190047,144.34211616233134,145.0147247314453,5400700
2022-09-28,145.8009399187281,148.1681994756926,144.3421459737726,147.33834838867188,5480900
2022-09-29,147.4518819073376,147.74887893907464,144.1324648984202,145.53884887695312,5167700
2022-09-30,146.48224788420524,146.96269205017634,142.39412055168094,142.6125030517578,5971900
2022-10-03,142.83965713369312,144.73521600315368,142.4028920486834,144.35086059570312,5093400
2022-10-04,146.2202343869949,147.39076177404618,144.61294185590825,145.97564697265625,4596800
2022-10-05,145.85330662007883,145.9581259558404,143.02306459342546,145.0059814453125,3538600
2022-10-06,144.82257072980795,145.0234922792687,141.9486621425795,142.21072387695312,4623400
2022-10-07,141.77394153037514,142.39414045302834,140.62087537088914,141.17120361328125,4779200
2022-10-10,141.50317384002122,142.4203699642267,140.8043469552341,141.35467529296875,4839200
2022-10-11,141.72152466734175,143.49478965953827,141.12751728315652,142.02725219726562,5222600
2022-10-12,147.3907368060356,149.1115922483429,145.5301266713624,147.96726989746094,9795300
2022-10-13,145.96687839667396,152.90269587856122,145.72229104612936,152.52708435058594,8412700
2022-10-14,153.7238096256068,153.96839696558308,148.4913733214604,148.66607666015625,5937900
2022-10-17,150.48304077804013,151.6360936304368,149.43480727703988,150.88485717773438,6401800
2022-10-18,152.7105120996178,154.53618649427497,151.47883167242432,152.92015075683594,4547400
2022-10-19,152.71052510433245,153.6015161314041,150.53543054740024,151.43516540527344,5200200
2022-10-20,152.1689617095628,152.3087297437732,149.4697565278149,149.77549743652344,4314000
2022-10-21,149.54834450736294,151.7234391683138,149.0067601321829,151.17311096191406,5071500
2022-10-24,152.70180450359183,155.4708934998249,152.5795108148596,155.20883178710938,5316500
2022-10-25,155.5931598898218,156.24830739215915,154.27413438355956,155.7241973876953,5220000
2022-10-26,156.58899418345138,158.021582952591,155.7678871211852,156.42303466796875,5136000
2022-10-27,157.55863149255435,158.04780625199191,155.98628785979437,156.257080078125,5424100
2022-10-28,156.97333508029658,159.79483318968693,156.78115741795943,159.18336486816406,6715300
2022-10-31,158.266165315803,159.83852204433117,157.70710662666082,158.61558532714844,4877200
2022-11-01,158.05658015915822,159.69007761217551,157.13937064618023,157.8993377685547,4084500
2022-11-02,157.91675846830321,160.36264522912109,155.63684454657454,155.697998046875,4970600
2022-11-03,154.42265820812693,156.27453785313733,154.20427567153564,155.2961883544922,3753800
2022-11-04,155.4184566568313,157.05195349844612,154.20425048486425,156.16969299316406,3922400
2022-11-07,156.81610070150757,157.77697565121832,156.21336290203857,157.41883850097656,3246100
2022-11-08,157.61979496404288,159.078588831356,156.18720593699783,157.85565185546875,3724700
2022-11-09,157.19173253580055,158.17009527235822,155.83775826920655,155.9687957763672,4723600
2022-11-10,159.55026411997176,159.7861209741969,155.9775292841305,158.7204132080078,6704100
2022-11-11,158.22250235397124,158.7116770497382,153.252114232677,155.5320281982422,7390500
2022-11-14,156.0736331990542,156.51912878538192,154.1780743378382,154.3789825439453,5633000
2022-11-15,155.5233001160185,156.09983320684458,153.23465541663347,154.7808074951172,5153600
2022-11-16,155.75043700607796,156.91223376917458,155.24378789163643,155.77664184570312,4701100
2022-11-17,155.04288159001544,157.3752056485061,154.99045858110566,157.2616424560547,3920300
2022-11-18,157.41886733679019,158.84271235551827,157.25289448288044,158.397216796875,4498100
2022-11-21,159.21834203916237,161.71663876784672,159.06109968318296,161.4458465576172,4397600
2022-11-22,162.3106125479251,163.0181697387389,161.05272717358483,161.46328735351562,4109600
2022-11-23,161.60305911181283,162.54647316448742,161.16629408718632,161.67294311523438,2511000
2022-11-25,161.23618275995324,161.60306379178297,160.67712404540157,160.82562255859375,1837000
2022-11-28,161.07891833005758,162.0310761108162,160.30147720346264,160.6334228515625,6411400
2022-11-29,160.1180760286644,160.22289537933005,158.12642839194487,159.49786376953125,4375400
2022-11-30,158.89512444048893,162.214541582014,157.44507456272228,162.04856872558594,7915600
2022-12-01,163.033006366288,163.7801438133333,161.87276116592273,163.4021759033203,4683300
2022-12-02,161.73214411909234,163.76258356507734,161.59150425311486,163.21762084960938,3547700
2022-12-05,161.2311147723827,161.67940265517115,160.25546093844423,160.95863342285156,4083200
2022-12-06,161.51237200612536,161.98701470822436,158.83148369311678,159.64894104003906,5835100
2022-12-07,159.8071825487301,160.36972861696634,158.8227302823558,160.1324005126953,4241700
2022-12-08,159.8071676450734,161.71455043936876,159.32372651929464,161.53875732421875,3800800
2022-12-09,161.91673784551833,161.91673784551833,160.897118921399,160.94107055664062,3116100
2022-12-12,161.89031229394143,161.89031229394143,160.2905778191792,161.7057342529297,4691400
2022-12-13,163.911994534404,164.22842750002107,160.80041488263151,161.61785888671875,5634900
2022-12-14,161.79368247616864,163.3846324333876,160.08846094893195,161.1696014404297,5392500
2022-12-15,159.95658872039257,160.59825302329918,156.80105744657365,158.4359588623047,6127800
2022-12-16,158.28653072646756,159.26219789622718,156.88015904337382,158.5150604248047,15708100
2022-12-19,158.97213681916776,161.2662724640129,158.52386237349629,159.39404296875,4447800
2022-12-20,159.81595578535507,160.19391028811856,158.7787536717209,159.29734802246094,3249000
2022-12-21,159.57865359227316,161.45086989992186,159.4467986838586,160.41368103027344,4236900
2022-12-22,159.85113404486862,160.01814221394454,157.26693343573962,159.17431640625,4304700
2022-12-23,159.01609937072362,160.45762444193716,158.61176311599596,160.2027130126953,2197800
2022-12-27,161.09928146141166,161.38934616142228,160.2115174368867,160.91470336914062,3045000
2022-12-28,161.8200155015666,162.2067549385635,159.65772157775152,159.75440979003906,2694300
2022-12-29,159.90385215301362,160.73009452838187,159.87748385696185,159.9565887451172,2549200
2022-12-30,159.42922218141337,159.93903163283878,157.59214579901908,158.79635620117188,3136200
2023-01-03,158.73482065905858,158.87546052352928,155.20133459628323,157.6976318359375,5137400
2023-01-04,157.69763549855853,158.69087271058157,156.06273391954323,157.31088256835938,4771300
2023-01-05,156.42309771617525,157.13506851004857,155.45621551946198,155.66717529296875,3647100
2023-01-06,157.17023600742996,159.8247563962611,157.161451045629,159.18310546875,3713200
2023-01-09,158.60297129371682,160.6509939523569,157.1702312463912,157.62730407714844,3319200
2023-01-10,157.15264498563494,157.80309425529018,155.65838341107238,156.326416015625,3817300
2023-01-11,157.6800257835319,157.9613054719505,154.41900813321683,156.502197265625,4369900
2023-01-12,156.1593968795315,156.7834643968636,154.1025894423309,154.5069122314453,4246600
2023-01-13,154.17289877426327,154.4629634302777,153.09175844704885,154.0322723388672,4720400
2023-01-17,154.83214138801296,156.06272000274282,154.25202545660173,154.75303649902344,5032600
2023-01-18,154.0322854279302,154.471774929755,150.59547430474305,150.85037231445312,5032600
2023-01-19,150.551536935201,151.33382778607623,148.9693718963083,149.10122680664062,4720400
2023-01-20,148.50349594366728,149.3297383305622,147.19382584764236,149.32095336914062,5779100
2023-01-23,149.43519901523,150.0944331948824,148.30132212757553,148.6529083251953,5440400
2023-01-24,149.0836143699652,150.19112297493797,148.06399560923566,150.0329132080078,4125600
2023-01-25,149.72527516147323,151.16680014185823,148.8462961877713,151.1228485107422,3852800
2023-01-26,150.86792985647207,150.89429814910102,149.46155832621395,149.61978149414062,4558400
2023-01-27,149.22429266270848,149.628615557139,148.17830533799383,149.09243774414062,5451400
2023-01-30,149.2330567396349,150.70974846554708,148.67051070408633,148.9693603515625,5191500
2023-01-31,149.60221361602896,150.3669344177255,148.82872126542054,150.32298278808594,4665500
2023-02-01,150.19992344770006,151.4656552494521,148.995713196563,150.79762268066406,4147700
2023-02-02,148.95176527732875,149.91863398746383,148.11672462073741,149.40003967285156,5653800
2023-02-03,150.27023970584602,150.5602909421978,146.83342896367463,148.6529083251953,5308200
2023-02-06,149.197875933441,151.51837957815775,149.06602105767178,151.02615356445312,5640000
2023-02-07,149.68131568715302,151.21074384962907,148.775968464652,150.79762268066406,6044700
2023-02-08,150.30542031116303,150.59548501245033,149.63740104926742,150.44606018066406,5687300
2023-02-09,154.10259387207364,155.13099762023583,151.2195306158013,151.86997985839844,9619400
2023-02-10,152.1688566689304,155.21891520224284,151.7557354212144,154.87611389160156,6176000
2023-02-13,154.92882148777767,156.66041105412808,154.7354450500626,156.25608825683594,5205100
2023-02-14,155.66718207573308,155.79902355732307,153.63672937416388,154.49813842773438,5203000
2023-02-15,153.82129686967247,154.74422733332105,153.46091232666114,154.7090606689453,4125500
2023-02-16,153.5927881433922,155.49137250183404,153.41698162184645,154.26959228515625,4973200
2023-02-17,153.96194382043578,155.06945238072188,153.6718791806137,154.94639587402344,3952100
2023-02-21,154.33114113220103,155.9396743815197,153.53126698854453,154.8585205078125,5797300
2023-02-22,155.33313299582915,155.957200426543,154.49810582693138,154.8057403564453,5299500
2023-02-23,155.28044161031164,155.5705063051839,153.81254821176836,154.97279357910156,3801400
2023-02-24,154.22564117242382,154.99034851102508,153.19722407355215,154.66513061523438,2959100
2023-02-27,155.55291616433172,155.79902921367145,154.39265743559707,154.62120056152344,3208500
2023-02-28,153.71584756311788,153.8740573409104,152.23915590961357,152.5292205810547,4317100
2023-03-01,151.4656682847972,151.58872480877162,148.6529247445445,150.59547424316406,5359100
2023-03-02,150.88751213301765,153.76349846948222,150.2415251366854,153.3741455078125,4476300
2023-03-03,153.09096142095066,153.48917220385755,151.6131485582046,153.22369384765625,3627100
2023-03-06,152.40067628911436,153.6749611826968,152.40067628911436,153.5333709716797,3611400
2023-03-07,153.68384994852136,154.20594881198974,152.09099337093264,152.7723846435547,4094900
2023-03-08,152.80774091117772,153.40949259458475,152.01131955381848,153.18826293945312,2920200
2023-03-09,153.6395979309778,154.2944427048168,151.49809605258238,152.029052734375,4042100
2023-03-10,152.67500324027714,154.18821997028212,151.28568807553694,152.2325439453125,4129900
2023-03-13,152.87856986221666,156.83415805179845,152.7458374408708,153.71925354003906,8265100
2023-03-14,152.6396573777594,153.8077432389227,151.82553365566613,153.55996704101562,6480800
2023-03-15,153.5599537965075,156.32975388046208,153.25908465396884,156.30320739746094,7099800
2023-03-16,156.28551877056574,156.63063658224553,155.14397939432956,156.197021484375,4734400
2023-03-17,156.19700881117728,156.35630121283828,154.17939507539805,154.975830078125,8854600
2023-03-20,156.18816697595523,157.23236467043301,155.31209250981686,157.15272521972656,4367000
2023-03-21,157.21467008071633,157.66597378713573,155.99347787150208,157.52438354492188,3812000
2023-03-22,157.3739651762035,158.72788993762344,156.11738202847738,156.197021484375,4380800
2023-03-23,155.79879405179494,156.82530304962768,154.87848448659952,155.43597412109375,4655600
2023-03-24,156.21466747968452,158.70128639584536,156.09077942523191,158.4800567626953,3713800
2023-03-27,158.91371537688622,159.86057144553237,158.67478352664173,158.83407592773438,4078600
2023-03-28,158.69246106204113,159.69242344443478,158.69246106204113,158.78094482421875,2850000
2023-03-29,159.8605632254729,160.09065073713234,159.27652712560166,159.87826538085938,4496000
2023-03-30,160.17031679095425,160.4623416407975,159.3561930441749,160.01988220214844,2743000
2023-03-31,161.1967753882817,161.48880014656464,160.45344700508133,161.32066345214844,4479800
2023-04-03,160.96672398405124,161.72775469057976,159.63934578681236,161.4976806640625,3902300
2023-04-04,161.214481379681,162.25869246126894,160.25878107149907,160.92247009277344,3306400
2023-04-05,162.1613671996358,163.6745842617982,161.99323047019675,162.50648498535156,3826300
2023-04-06,162.2056040401131,163.47988915707288,162.02862299671048,163.14361572265625,3389700
2023-04-10,162.67461433568698,162.73655162631923,160.78088876357063,162.1171112060547,2408100
2023-04-11,162.31178307157634,162.71885160662183,161.72773350064531,161.86932373046875,3586700
2023-04-12,161.66579448076823,162.63035259337065,161.27642810432278,161.55075073242188,3620900
2023-04-13,161.60386546117775,163.3648587181205,161.15256173829806,163.1613311767578,4303600
2023-04-14,162.24096866049206,162.8427203142784,161.86930447850017,162.3914031982422,2572900
2023-04-17,162.9931925792998,163.48874493665886,162.36489430299804,163.2232666015625,3224400
2023-04-18,163.50641632087448,163.90462699718054,162.59495122738792,163.55950927734375,2438600
2023-04-19,163.922350240619,163.9931453592821,163.0551201640875,163.46218872070312,2209900
2023-04-20,163.56836862028982,164.63026835553163,163.00202119464169,164.00198364257812,3868200
2023-04-21,164.58602359933246,164.93114133067618,163.8249930247301,164.07276916503906,3781800
2023-04-24,165.03736943247503,165.09932023478103,163.72769328424798,164.15245056152344,3540200
2023-04-25,165.09044273325662,168.29384434351348,164.80727574974333,167.87794494628906,6231600
2023-04-26,166.78946685479016,167.62129256360961,166.24966592690436,166.84255981445312,4481700
2023-04-27,166.523978483016,168.09028821228654,165.931084631323,167.86021423339844,4574500
2023-04-28,168.04609036243352,169.56815192034662,167.8160163140199,168.9221649169922,4608900
2023-05-01,168.53275440145072,170.1964057864107,168.38231985109815,169.62120056152344,3137800
2023-05-02,169.33801810553732,170.3468247352868,167.91329866763985,170.12559509277344,3712200
2023-05-03,170.4176505201741,171.01054444850965,169.70971283612974,170.0636749267578,3389600
2023-05-04,170.86013199783872,171.63000707112673,170.0460082817984,171.1256103515625,4267600
2023-05-05,170.63004794248468,172.09900287497905,170.24952584050172,171.91317749023438,4146500
2023-05-08,171.14327993483758,171.67423658311725,170.47959087588225,171.0990447998047,2249900
2023-05-09,171.5503500500092,172.2671320797158,170.53269888485835,171.79812622070312,3087600
2023-05-10,171.7715872428552,173.07241894722458,170.49730202202073,171.91317749023438,4352900
2023-05-11,171.92200420622024,173.0193082568223,170.78930934879324,172.86001586914062,3690200
2023-05-12,172.86002690034147,173.63875972806343,172.51490912492628,173.55026245117188,2741000
2023-05-15,173.94849341224557,174.22281607729954,171.67424563563063,171.91317749023438,2946400
2023-05-16,172.09901306817895,172.09901306817895,170.38226834969583,171.1698455810547,5803100
2023-05-17,171.06365278355713,171.3114289698195,168.8779022454079,169.95750427246094,4878800
2023-05-18,169.30265805362453,169.6477758185161,168.49737876794813,169.51502990722656,3709400
2023-05-19,170.31146090624298,170.66542298920766,169.10797092026002,169.76280212402344,3883000
2023-05-22,169.1876383815612,169.3646194523522,164.95772732654234,165.1612548828125,5787000
2023-05-23,165.02849406955414,165.15238214807738,163.34714042926677,164.65682983398438,6382300
2023-05-24,164.83383267552534,165.24974560188866,163.15247881285936,163.61264038085938,3721000
2023-05-25,161.67462491401506,163.01970496175824,161.01093596650037,162.64804077148438,4712700
2023-05-26,162.56842815685326,163.0462783366673,161.40917326161525,162.45338439941406,4449300
2023-05-30,161.10829371571523,162.01975888152344,159.9048037633683,160.7100830078125,4331800
2023-05-31,161.81626347493687,163.3737158094114,160.57738247055832,161.36495971679688,20414600
2023-06-01,162.5545281356732,162.7951290431672,161.11094988493434,162.34957885742188,5277400
2023-06-02,162.19810651278758,164.22089472935787,161.91294784428862,164.0159454345703,4288300
2023-06-05,163.8288345092618,165.89618062583511,163.61496549149985,164.13180541992188,4311700
2023-06-06,164.8357546040519,164.9605081210257,160.78124490673343,161.78819274902344,3975600
2023-06-07,161.03075942938526,161.94859175454332,160.13073932232382,160.49609375,5162700
2023-06-08,160.1307597859545,162.4476265632199,159.80105694656385,162.2694091796875,4036100
2023-06-09,161.92188370322577,162.91991194830192,161.28919634257676,162.4921875,3200100
2023-06-12,162.61693087968152,162.83078629192556,161.01294730228017,162.09117126464844,4207100
2023-06-13,162.296160701979,162.34962456378213,161.36050232907496,161.77040100097656,2838700
2023-06-14,162.1802991262496,163.65060958607552,161.68128499678417,163.22288513183594,3559300
2023-06-15,164.1941454470374,165.89615037729985,163.53473989078768,165.4862518310547,4326100
2023-06-16,165.86943469635733,167.16152760978272,165.47734832878248,165.7803192138672,8925700
2023-06-20,166.22587152075383,167.4110367477738,165.06745181650783,165.12982177734375,4154800
2023-06-21,165.49518212450775,166.52886194393523,164.1317994787737,165.23675537109375,3832400
2023-06-22,166.3951860777828,167.15262691213115,165.6288391337425,166.9476776123047,3185800
2023-06-23,167.52690063639653,167.52690063639653,165.70014181960855,165.8070831298828,7592600
2023-06-26,165.88730161748975,166.1278890050238,164.06944866230853,164.75559997558594,3706100
2023-06-27,164.55952637996594,166.28826351160185,163.92685264443804,165.94073486328125,5763000
2023-06-28,165.96748438798258,166.40412857073014,163.41003005345695,163.69517517089844,5193900
2023-06-29,163.29416265032248,163.86446641255634,161.63671521678114,163.85556030273438,5770400
2023-06-30,163.99813117303853,165.31696971209465,163.85556542585826,165.0496368408203,7635100
2023-07-03,164.22984165863483,165.42391318739723,163.49022653637024,165.38827514648438,2389000
2023-07-05,164.85358007024539,166.35954197723606,164.8268481450301,166.2615203857422,5277100
2023-07-06,165.5753809042805,166.4130175456443,164.75557008001996,166.27935791015625,5592100
2023-07-07,165.58432074498495,165.6377846056809,163.09814244569384,163.1427001953125,6309900
2023-07-10,164.02487856929335,165.66450025605116,163.7664518051705,164.22982788085938,5508800
2023-07-11,164.30112000097324,164.61299702806852,162.55455698020276,163.94467163085938,3914300
2023-07-12,163.94467439746376,164.50607209166998,163.05357385281405,163.22288513183594,6080100
2023-07-13,165.5664779236668,167.58036018673343,163.30307500778213,167.1080780029297,8223100
2023-07-14,167.40215964340777,168.08831091417224,166.71600837264327,167.71405029296875,4467600
2023-07-17,166.0476364043814,166.6446720088412,165.2278257118196,165.4149627685547,5637400
2023-07-18,165.24568931865383,166.4754124372971,163.80211076867465,164.36349487304688,5684100
2023-07-19,164.85359762459004,166.2793639077568,164.33675768686996,165.97637939453125,4140800
2023-07-20,167.0813344628975,169.30017947952575,166.4664729765358,168.68531799316406,5056500
2023-07-21,169.40710241555763,170.61899953797814,168.68531324652653,169.45166015625,15022100
2023-07-24,169.8348262202029,170.58334731161602,169.43383374959683,170.12889099121094,4225800
2023-07-25,169.6744381359236,171.10019068243028,169.36254754290863,170.52098083496094,3521600
2023-07-26,170.3071404667723,171.4299359127026,169.36257601659443,170.73487854003906,3898900
2023-07-27,171.09126476609367,171.34967788118814,167.88329811288457,167.9991455078125,4141800
2023-07-28,169.43385694635205,170.5299068086296,169.1219663170064,169.58534240722656,5602300
2023-07-31,168.81898130622264,168.94373482812634,166.5021282427087,167.0457000732422,5687700
2023-08-01,167.07243853858876,168.0615606427935,166.10112865455733,166.47540283203125,2853900
2023-08-02,166.27042205346405,169.28234578698672,166.10111080021443,167.80311584472656,4285900
2023-08-03,167.67834911517264,168.6140071903062,166.60903142806802,166.74269104003906,2857400
2023-08-04,166.74272539164153,167.53580431265124,164.2743867346461,164.49716186523438,4651100
2023-08-07,165.10310833650274,166.82293946350555,164.94271676458416,166.53778076171875,3323400
2023-08-08,166.81400081812774,167.06350785530796,163.9892140351765,164.3545684814453,5017900
2023-08-09,163.85556973616715,164.853597978256,162.74169407415192,163.94467163085938,4413100
2023-08-10,164.15853389561886,165.37933721985846,163.54367237995777,163.73971557617188,3727200
2023-08-11,163.96248513316826,164.21199217494961,163.32089171226937,163.9981231689453,2873800
2023-08-14,164.31002204763325,164.72884037396207,163.18724030305165,163.62387084960938,3385600
2023-08-15,163.20504417262114,163.4812967374104,161.40503102934548,161.60107421875,3331800
2023-08-16,161.82387757388713,163.02685524922032,161.2446540142529,161.47634887695312,2633700
2023-08-17,161.47635321069802,161.65457061955453,158.90107290093871,159.01690673828125,4503000
2023-08-18,159.02578099359698,159.99707715179525,157.96536935788336,158.77626037597656,6020300
2023-08-21,158.37527464782076,158.58023753538856,157.03862401099795,157.7693328857422,4284100
2023-08-22,156.9940696205628,157.5643869576732,156.21881658573818,156.56634521484375,3489300
2023-08-23,157.94754060815168,158.86537290163173,157.1633679313483,158.72279357910156,4042700
2023-08-24,158.6247926474763,160.79017389935956,157.81390153887202,157.8851776123047,5709800
2023-08-25,158.66935883396036,160.13968287263867,158.47331562880325,159.88125610351562,4710700
2023-08-28,161.12879867896686,161.44958180522394,159.8099601511532,160.62086486816406,3189800
2023-08-29,160.66543777835838,161.48524868277892,159.52483012028495,161.22682189941406,4368600
2023-08-30,161.69915732340849,162.41202708647444,161.03973783574142,161.36053466796875,3153400
2023-08-31,160.9342053771635,161.19445013952904,159.60610266033095,159.65994262695312,5566700
2023-09-01,160.38681649370386,160.45860768322578,156.71657922079987,157.32679748535156,4801400
2023-09-05,157.28192338101292,157.82931920985388,155.82817578233823,156.2858428955078,5081800
2023-09-06,156.96781984483783,157.030642261776,155.67560599756538,156.7973175048828,5933800
2023-09-07,157.80238682574546,158.88819594159892,157.22807105805595,158.29592895507812,4934300
2023-09-08,157.76652530549032,158.96899711646128,157.58705414893475,158.1793212890625,2995000
2023-09-11,158.68181684301194,161.01496883500582,158.68181684301194,160.5662841796875,4512700
2023-09-12,160.39580950802676,160.55732942550574,159.5522800915826,159.9740447998047,3331100
2023-09-13,160.0279087245087,161.6521453707497,159.92022876340567,161.23934936523438,3781400
2023-09-14,161.47264854720208,163.04304496336096,160.92525267728735,162.6302490234375,4118300
2023-09-15,162.79179592675004,163.1597206891333,161.1765281710916,161.38291931152344,11661200
2023-09-18,162.423826507454,162.423826507454,160.11758107236122,160.9700927734375,3182600
2023-09-19,160.50347905345848,160.74577260674818,159.10358508826351,160.01890563964844,3369300
2023-09-20,160.70986317666652,161.00599668608257,159.33688925568126,160.07273864746094,3695800
2023-09-21,159.8214605624302,160.0278516451854,157.15627293358145,157.380615234375,5351000
2023-09-22,156.98580310400257,158.28698597951094,156.47429597973797,157.2819366455078,4542300
2023-09-25,156.75248661449467,157.43449614969163,155.40643245957975,156.43841552734375,3553600
2023-09-26,155.24489665956176,155.89100368327746,154.02447380285096,154.8141632080078,5213700
2023-09-27,154.62569896564668,154.96670367487872,151.68232881277564,152.1669158935547,5729900
2023-09-28,152.48995768319497,152.7143000068808,150.91956141739425,152.10409545898438,4841600
2023-09-29,153.01047123054553,153.3066048139326,150.79396743079522,152.05029296875,5194200
2023-10-02,151.72722343676406,152.09514818585959,150.14785818425477,151.8079833984375,3838800
2023-10-03,151.52976688805887,152.55276725014323,149.88757957393992,150.4888153076172,4873400
2023-10-04,151.1618805434106,151.77209888734845,149.91453756032934,151.57467651367188,4134000
2023-10-05,151.44904521226482,151.48493396528005,143.46244892842196,143.66885375976562,10556400
2023-10-06,142.48430218218627,144.40467201496472,139.8370653775424,143.83932495117188,12774700
2023-10-09,143.5791070714785,144.85337000360536,142.35868411366008,144.79953002929688,7244500
2023-10-10,147.39291167499744,148.2274585749659,145.4007506774846,147.5275115966797,11456400
2023-10-11,148.07493408329788,148.4608100828523,145.0149145399026,145.9302215576172,7371500
2023-10-12,145.91228458398695,145.95714210427963,141.27287227000238,141.85617065429688,9024100
2023-10-13,142.34074255701853,143.79449042591878,141.73950664846197,143.57911682128906,6757100
2023-10-16,144.47645710398078,145.32895519927038,143.39961668399556,144.54824829101562,5605000
2023-10-17,143.57909527756783,145.0418116923943,142.82530831362527,143.91111755371094,6411300
2023-10-18,144.49441870842745,146.63014848193714,144.35980508827438,145.4007568359375,6650600
2023-10-19,145.28410628002825,146.01995579042645,143.94703458312907,144.08163452148438,6336800
2023-10-20,144.80850862738444,145.58024692800973,143.31888569686998,143.57911682128906,5486500
2023-10-23,143.22016069010348,145.01489947723374,142.73557354962696,143.65089416503906,5795800
2023-10-24,143.94704073017954,146.13662443940183,143.29195115481988,145.5443572998047,5265200
2023-10-25,145.4186984575402,146.71988120983818,144.89822261806722,145.6879119873047,4534600
2023-10-26,145.9840554699827,146.59427381587471,144.7456949407753,144.8444061279297,5147000
2023-10-27,145.391761927194,145.49944184973748,142.58299194353478,143.23806762695312,5078000
2023-10-30,144.7456734567418,145.89430508617633,144.24314883046034,145.62509155273438,4625900
2023-10-31,146.2263426478022,146.58529862753045,145.06874213350864,146.52247619628906,5947400
2023-11-01,146.87243930784183,148.451804428385,146.05582991621034,147.94927978515625,6682500
2023-11-02,147.83264630048063,150.0042786995845,147.76982386722472,149.70814514160156,5413400
2023-11-03,151.36825345429955,151.48491584999746,149.58249723395497,149.67222595214844,4063300
2023-11-06,148.47873200103533,150.30935936792181,148.25438967362052,149.59146118164062,5784600
2023-11-07,149.68121049576555,150.49781989149707,149.07099221680292,150.02220153808594,4687200
2023-11-08,150.91059454626338,151.0631456851505,149.55557182360582,150.2106475830078,4926600
2023-11-09,150.3811505942926,150.63241290563994,148.79280308181416,149.1068878173828,5639300
2023-11-10,150.13886816237692,150.56063286467207,147.94031592893052,149.7888946533203,5552900
2023-11-13,149.86070318486398,151.4580197641073,149.3761296904031,150.5516815185547,5402300
2023-11-14,150.7131681169505,151.15288399436267,149.76195886922943,150.85675048828125,6238900
2023-11-15,151.3862047758683,151.46696473012702,149.20560385426575,150.08502197265625,5611200
2023-11-16,151.10802257166014,152.55278775635762,149.32225265617402,150.49781799316406,5386400
2023-11-17,150.80296972033125,150.98244090856227,148.75696805039493,149.64535522460938,5583100
2023-11-20,148.96331100686288,149.65428923526778,148.7120486861283,149.42994689941406,4886200
2023-11-21,149.95938051255735,150.6324074706905,148.8915088814764,150.5785675048828,3980000
2023-11-22,151.07212209620266,152.1669137011299,151.02725089414463,151.8528289794922,3235600
2023-11-24,151.6105333128028,152.57072499083586,151.6105333128028,151.9874267578125,1751700
2023-11-27,152.28355676908942,152.28355676908942,150.8387917499155,151.04519653320312,3664700
2023-11-28,151.09903649770456,152.33739673360012,150.7759830246953,151.52976989746094,4056100
2023-11-29,151.7451712909221,151.76310882015977,149.5466053027386,150.0042724609375,4722400
2023-11-30,150.19865479899255,152.2331317844599,149.03222739808382,152.16983032226562,7346700
2023-12-01,152.24215496538997,152.6761866164261,151.34699400413297,152.53150939941406,4897400
2023-12-04,152.26930887939264,153.64371510534312,152.0794320688568,152.9384307861328,5323300
2023-12-05,152.94746718176046,153.32724839531235,151.64541338156772,151.85337829589844,4553800
2023-12-06,151.88953459552502,152.196977174941,150.75926954567728,151.4645538330078,4726600
2023-12-07,151.90764104834602,152.1789074525117,150.73216249508303,151.41937255859375,4934800
2023-12-08,151.03958928765007,151.11192791426905,149.43914373919563,149.8098602294922,5115200
2023-12-11,151.40128327657723,152.02519186215812,150.51515924055485,151.74488830566406,6912600
2023-12-12,153.06500533322998,153.06500533322998,151.64539967632402,152.3325958251953,4515800
2023-12-13,152.39589141281314,155.56968450886467,152.016124011022,155.53350830078125,6082100
2023-12-14,155.20801336701854,155.4973678838899,151.85339394478572,152.13369750976562,7119300
2023-12-15,151.41031064695406,152.36877324806895,150.50609856330885,151.00341796875,17734600
2023-12-18,151.96188294800095,153.94210964972268,151.3741506033064,152.73046875,5439500
2023-12-19,151.8533896033622,152.65813785927693,151.28373153779722,151.8624267578125,4855900
2023-12-20,150.56034012255643,151.42838974196738,149.8008053288097,149.8188934326172,5157800
2023-12-21,150.55132228824993,151.09385509464812,149.54764625444096,150.97630310058594,4374000
2023-12-22,151.3289301907395,152.06133974829254,150.87682416289874,151.61827087402344,3030400
2023-12-26,151.59113908819955,153.19159822104632,151.22945980037426,152.68524169921875,2779200
2023-12-27,152.7214169029729,153.254912523401,152.2331484437873,153.17352294921875,3502500
2023-12-28,153.1735269002664,153.3001160445933,152.54058117863198,153.16448974609375,2911100
2023-12-29,153.11927456269504,153.77935933337335,152.96556016049348,153.57138061523438,3291500
2024-01-02,153.28202707040657,156.41964391585736,152.9836354450754,156.34730529785156,5743100
2024-01-03,158.23712149798874,158.41796116312148,156.15743085600735,156.38348388671875,5588200
2024-01-04,155.1718467167406,156.90793237904688,154.24050931139683,155.04525756835938,6283200
2024-01-05,155.1356656887012,155.1356656887012,151.5097665929878,152.75758361816406,5252500
2024-01-08,152.757601509458,153.4719230310294,151.71774926762785,152.91131591796875,5735600
2024-01-09,151.71774209632787,151.80816882514577,150.03590703945946,151.15713500976562,6268800
2024-01-10,150.63268441305738,151.87146432267764,150.2800422600253,150.9310760498047,4394900
2024-01-11,151.12998494340027,151.12998494340027,149.03222039154213,150.21673583984375,4800700
2024-01-12,150.40663418420996,151.3470224745089,149.7104008160791,151.24755859375,3546100
2024-01-16,151.24753784103623,151.47359083018225,149.36677531567972,150.25289916992188,4576600
2024-01-17,150.09016239269064,150.75927047613442,149.59284300825215,150.49705505371094,4392300
2024-01-18,149.6199772001332,151.25659889259265,149.185959255607,151.15713500976562,4709400
2024-01-19,151.129982077871,151.2204087901313,149.71037651620264,149.90025329589844,6528600
2024-01-22,150.063019259709,150.7411782130213,149.21305783067552,149.29443359375,5697400
2024-01-23,148.7971477521057,151.84433825292882,148.61630808329755,151.58212280273438,4932700
2024-01-24,151.58208934191128,151.6725160549454,149.6651644407664,149.7375030517578,4984700
2024-01-25,149.9273860595636,150.64172124953305,149.14072605277832,150.6055450439453,5373800
2024-01-26,150.64173415259086,151.93475077091765,150.64173415259086,151.78103637695312,4849000
2024-01-29,151.48263637914508,152.5405627713257,151.3560472500939,152.04324340820312,5713600
2024-01-30,151.60922586564598,153.44477513980593,151.29275994086203,153.3724365234375,4804200
2024-01-31,153.67990187676165,154.0596693211146,151.79913896388348,152.38687133789062,5769200
2024-02-01,152.38685383757164,155.3436310684806,151.15712491257437,155.25320434570312,4920800
2024-02-02,154.83728077202764,155.4883145701471,153.8064795578687,154.5931396484375,5307700
2024-02-05,154.2133433486989,155.1446805082312,152.85702548951454,154.5478973388672,5142700
2024-02-06,155.02715577575205,155.37076077552993,153.6618005246671,155.00003051757812,5182700
2024-02-07,156.09414696762227,156.3382743127402,154.9638817866534,155.04525756835938,5769700
2024-02-08,155.27127453020574,157.42330334988557,154.99097103799787,157.19725036621094,9269700
2024-02-09,154.80112078688552,154.97292330678175,150.976307169951,151.6092529296875,12731700
2024-02-12,151.78104067523114,154.68356752995342,151.18425738963495,154.2676239013672,7867500
2024-02-13,154.81919155311726,155.02715646577002,151.22043138182045,152.70333862304688,7302000
2024-02-14,152.21504898090615,152.48631534784892,150.15344666763008,151.47360229492188,5731900
2024-02-15,151.86241215072593,152.2421795588467,150.71405897560155,151.78103637695312,4451400
2024-02-16,151.19329795068398,151.3741375952667,149.80984086653405,150.3885498046875,5246000
2024-02-20,151.67253882358398,153.2820352175127,151.17521942159894,152.495361328125,6117900
2024-02-21,153.67083994362613,153.8788048584189,151.78104001135213,152.6581268310547,4192600
2024-02-22,151.58212753451454,152.65814222370787,150.18964686432375,152.13369750976562,7539200
2024-02-23,151.8533899033156,153.94211775160312,151.72680075484914,153.35438537597656,6409800
2024-02-26,153.19158938556265,153.19158938556265,151.64539465253046,152.1427001953125,3837000
2024-02-27,151.7448783321305,152.10655764631593,151.31989754951283,152.05230712890625,3567600
2024-02-28,152.0161206289575,152.3597256122015,150.5060882088187,151.03053283691406,5275300
2024-02-29,151.43600307326668,151.86421312499562,150.25155413403908,150.64332580566406,8489400
2024-03-01,150.20596513612747,150.33352029421772,148.7390738668548,149.9599609375,6109900
2024-03-04,149.83243255073123,150.92576465863738,149.05799534626405,150.670654296875,4303700
2024-03-05,150.53398702465478,150.78909737629613,147.42709050345033,147.6366424560547,6631300
2024-03-06,147.65488930714483,149.41334365882935,147.63666316447922,148.51133728027344,5302500
2024-03-07,149.25840700839007,149.33128375008624,148.0557322333709,148.61151123046875,5801600
2024-03-08,147.8917917736657,149.60467386747547,147.68222588307435,148.55690002441406,6065300
2024-03-11,149.34954086350643,150.71620944450757,148.7937617511338,150.08753967285156,5404800
2024-03-12,150.46108639943506,150.7161967341767,149.38598054623407,149.91441345214844,6158500
2024-03-13,150.42463763078948,151.37218825115042,150.0966366655742,150.6068572998047,4585800
2024-03-14,151.48154489657333,151.48154489657333,149.60465554875057,150.1331024169922,5155300
2024-03-15,150.38821259740578,150.67977524262062,149.09443463982726,150.02377319335938,21887300
2024-03-18,152.20131895578228,156.87531579949336,152.1102021609266,156.03709411621094,10478500
2024-03-19,155.891307474065,157.30352030279252,155.8001906904513,156.52908325195312,7653700
2024-03-20,156.98464711690937,157.71353971440354,155.90952740754972,156.58375549316406,5046700
2024-03-21,156.6384646203081,158.00513341645112,155.84580116733682,157.12135314941406,4343000
2024-03-22,157.64065024192308,157.71354089246398,156.4926398739918,156.7295379638672,4106400
2024-03-25,156.8935575510403,157.70444705704978,156.81156076899347,157.2580108642578,3941900
2024-03-26,156.86618320943336,157.59507573786334,156.54730228619243,157.37640380859375,4593000
2024-03-27,158.53357162021837,159.1622414562115,157.66801754416582,158.1417999267578,4911300
2024-03-28,159.22600302077464,160.18267385132032,158.87066972971166,159.4537811279297,5710400
2024-04-01,159.96400918826683,160.56533280055058,157.3035487719191,157.60421752929688,4815400
2024-04-02,157.56776403669508,158.4150918060063,156.1282049284574,156.2010955810547,5158500
2024-04-03,154.88912737492342,155.72734921947912,153.70467832626753,154.59756469726562,5828000
2024-04-04,155.72735301972676,156.51091035696135,154.27868742375583,154.5702362060547,5422600
2024-04-05,154.34241397199418,154.8617546424277,153.13064687925595,154.10552978515625,4412200
2024-04-08,154.1146536559434,154.93466314017093,153.74110814568266,154.50643920898438,3755700
2024-04-09,155.09864287246916,155.54509290417474,153.7319744230317,155.4448699951172,3773900
2024-04-10,154.49731789748614,154.55198241056485,152.85731299277353,153.9324188232422,4581500
2024-04-11,154.54286343317156,154.7706415075171,152.8573140244968,153.39486694335938,4241500
2024-04-12,152.78439966382314,153.53150440245864,152.44729261489343,153.157958984375,5453500
2024-04-15,154.16933717980598,154.29689236124494,151.27199248358917,152.11021423339844,5133200
2024-04-16,152.18308896567225,153.53153130009687,152.05553379758442,152.61131286621094,4569700
2024-04-17,154.05999569195083,154.61577482399986,153.25822621639236,154.4153289794922,4069200
2024-04-18,154.98020912724178,157.33086664733543,154.98020912724178,156.9573211669922,5574700
2024-04-19,156.96642944414657,158.77954796660697,156.5290994230524,158.65199279785156,6636700
2024-04-22,158.90711911859583,161.44911663106942,158.5608919532337,160.77490234375,7288700
2024-04-23,159.1713231817087,159.3353306323628,155.01665313141805,156.0006561279297,9145000
2024-04-24,153.5224276929857,162.2599916061003,152.7479766510535,161.64044189453125,10016700
2024-04-25,162.43311188817364,164.5742315144016,160.19178324781774,160.97532653808594,7441500
2024-04-26,158.93443129253586,162.69732952745008,158.8433145018595,159.9730987548828,4472100
2024-04-29,159.90021081974106,160.64732958906475,159.4628808024985,160.4833221435547,3224500
2024-04-30,160.6017894780421,160.784009180767,159.2988914937384,160.27378845214844,4465100
2024-05-01,159.86375529272846,160.56530168820115,158.22375052593486,159.581298828125,4340500
2024-05-02,159.97310908921676,160.64733723735438,159.0346644750017,159.8546600341797,3964800
2024-05-03,160.17356589453837,160.80223568747027,159.444673179509,160.49244689941406,3491900
2024-05-06,161.0482063512873,161.0482063512873,159.56310274482598,160.1917724609375,3576200
2024-05-07,161.2668895170956,162.31466318178306,160.82043945083086,162.19622802734375,3708000
2024-05-08,162.82489070470425,162.9797781325965,161.4399960696187,161.64044189453125,3400900
2024-05-09,161.50378853099102,162.5697884334772,161.34890108216544,162.23268127441406,2421400
2024-05-10,162.1324251730926,164.14598940075777,161.82265033882717,163.80886840820312,4201600
2024-05-13,164.46490290759778,165.23024792944338,163.86357925807485,164.8202362060547,4408100
2024-05-14,164.95692542868835,165.1664774167418,162.72470252297447,163.88180541992188,3508600
2024-05-15,163.30779390304576,164.36467373619539,163.08912191904645,163.50823974609375,4785100
2024-05-16,163.66311886754232,167.10712250122717,163.50823143351084,166.8337860107422,5984700
2024-05-17,166.35999906792875,166.69712008790333,165.66755869340304,165.9955596923828,4449100
2024-05-20,165.90441715353018,165.940869426911,163.91819923080953,164.2826385498047,3221100
2024-05-21,165.36688792247645,165.43977857718505,163.81799974171327,164.98422241210938,3288100
2024-05-22,164.41021059870474,165.94088648122872,163.98198670851752,165.90443420410156,4047000
2024-05-23,165.21200272646163,165.72222341384355,163.1255476768458,163.33511352539062,4009000
2024-05-24,163.4262098053818,163.47176820115556,162.0595413469927,162.16888427734375,3447400
2024-05-28,160.56532021707432,160.61087861355603,156.62020220425484,157.96865844726562,6178100
2024-05-29,157.10311246769203,157.78644680252737,155.5451179696521,155.9368896484375,5352100
2024-05-30,156.1191391547881,156.44714022500298,155.25357112055843,155.3264617919922,3903100
2024-05-31,154.78888301148203,157.5951108342795,154.45177587677776,157.5313262939453,8155600
2024-06-03,157.36732804728942,157.53132159902398,155.82754593336006,156.009765625,5032400
2024-06-04,155.99152974960666,158.88885994431124,155.63619653888875,158.4333038330078,4619100
2024-06-05,158.38777442740542,158.50622348681142,156.67489258911476,158.0688934326172,5370700
2024-06-06,158.5335496463476,158.89798902707486,157.33087466549946,157.80465698242188,5536700
2024-06-07,157.4878522495251,158.4153266848919,156.79912986359423,157.0654296875,3521100
2024-06-10,156.21140144797678,156.4501534680573,152.08824556014127,152.34536743164062,9429400
2024-06-11,151.39955091199332,151.9413565371265,150.15066701713477,151.58322143554688,8284500
2024-06-12,151.40874853829325,151.82197920763866,149.168102582792,150.4445343017578,6281100
2024-06-13,148.83751135517588,150.19658637007387,148.3416233552456,149.98538208007812,5432600
2024-06-14,149.80171256658474,150.9587611125227,149.25072906160898,150.4261474609375,3603300
2024-06-17,150.13228549307183,152.8137093355689,149.48946679478115,152.56576538085938,5412200
2024-06-18,152.5290475961125,153.41979628319385,151.74849000035104,152.87799072265625,3519500
2024-06-20,152.18928185485063,153.94323161150447,152.18928185485063,153.06166076660156,4942400
2024-06-21,153.54838216330447,155.25641441660716,152.8504677726919,153.61265563964844,10899100
2024-06-24,153.81469155013698,155.75229807581954,153.43818655418605,154.34730529785156,4476900
2024-06-25,154.34727818419333,155.15538359216112,153.58509040387693,153.6769256591797,4217300
2024-06-26,152.33618745938153,153.36467493152094,151.3811653798365,153.1167449951172,4778300
2024-06-27,153.01577415929754,153.58511359428195,151.76689016390657,152.67599487304688,4326500
2024-06-28,151.79441485468828,152.63924595658918,151.1699659459225,151.4546356201172,8755900
2024-07-01,151.5556459275428,152.49231226691703,149.29664441810726,149.58131408691406,4508000
2024-07-02,150.1414851564483,151.03223392635616,149.05790195879982,150.21495056152344,4650800
2024-07-03,149.60889587389542,150.72004104021164,148.7273388934339,149.31504821777344,2879600
2024-07-05,149.35173667757988,151.07813851761978,149.19562795980275,150.95875549316406,4208200
2024-07-08,149.73742274038943,150.3710495575591,148.69056530700675,148.8742218017578,5268800
2024-07-09,148.93850926220324,149.27827447805313,148.30488244511596,148.6721954345703,5801200
2024-07-10,148.6170720274013,150.38939119890352,147.5334891031762,150.22409057617188,7372300
2024-07-11,146.10095849971106,151.4178883322625,145.11837465512994,150.5546875,10258600
2024-07-12,151.4821992195364,154.30136223317808,151.4821992195364,152.7861785888672,6677000
2024-07-15,152.4463929763064,152.71270680118775,150.2792127318955,150.47206115722656,4551800
2024-07-16,150.05881597513044,151.55562955784393,149.53538030869302,151.2985076904297,4461700
2024-07-17,152.47393719923494,156.1746848034356,152.33619833584305,156.00938415527344,7671000
2024-07-18,154.92581841709824,158.56226493886976,154.63195679282518,156.45018005371094,6228600
2024-07-19,156.36752088539401,156.5603693082981,154.705406526251,155.52268981933594,5332800
2024-07-22,155.43085961184707,155.84410424403842,153.67692395657474,153.9615936279297,5308400
2024-07-23,154.08097396044548,154.60440972654888,152.60251593525894,152.69435119628906,3344300
2024-07-24,152.6943516934158,154.88907992308347,151.4730155806251,154.429931640625,5867000
2024-07-25,155.6421110667936,159.315297827604,155.0635796680954,157.04710388183594,6270900
2024-07-26,156.78074891832637,158.6448895900649,156.78074891832637,158.63571166992188,5746300
2024-07-29,158.2133212680525,159.3152884410462,156.8909858822305,159.05816650390625,4152700
2024-07-30,158.58060708756508,159.27850730514226,157.53374975515385,159.0305633544922,4994600
2024-07-31,159.71014186003885,160.41723416042004,158.18576615192657,158.56227111816406,6245600
2024-08-01,158.43369336086477,161.2161306232507,158.4061455869475,160.6651611328125,5994500
2024-08-02,164.2281397450726,165.24744940223408,159.6366573276052,163.49349975585938,6856100
2024-08-05,164.85258727662847,166.12901881764327,159.0122211294323,159.8203125,7502300
2024-08-06,159.12242074574618,161.8130368505333,158.2775896241192,158.39697265625,7287100
2024-08-07,157.59807215364256,160.14175788734224,157.33177228106175,157.75418090820312,5428900
2024-08-08,156.30326375974914,158.86530499874297,155.93593672821848,158.28677368164062,5112500
2024-08-09,158.02966872227591,158.66329565907296,156.46856720402084,158.30516052246094,3223000
2024-08-12,158.1673927836108,158.74591004519132,156.7624002721986,157.4143829345703,3802300
2024-08-13,157.59805126112585,158.33269131209366,156.31244168100233,158.28677368164062,3894700
2024-08-14,158.1581993246253,160.09580546400525,157.88270757734006,159.5172882080078,3555800
2024-08-15,159.51728983824873,160.05908140578825,157.7908879489039,158.4245147705078,4472100
2024-08-16,158.4245361675016,158.6632882433857,157.12973457561563,158.516357421875,4614600
2024-08-19,158.55308926543935,159.7652334525165,158.3510628989109,159.61831665039062,3521700
2024-08-20,159.35199769095559,161.64773904420753,158.40615337438325,161.48245239257812,5330100
2024-08-21,161.56509743191995,162.37320288070507,160.35293925874228,160.89474487304688,4020700
2024-08-22,161.46409780140033,161.69367195842693,160.42641812776984,161.38145446777344,5265900
2024-08-23,162.1987230570277,162.2446266745549,159.48055912135877,161.5008087158203,5283600
2024-08-26,161.91403019886266,162.39153424471908,161.37222466622785,161.59262084960938,4146700
2024-08-27,161.90486093686684,162.42829669115503,160.26111629344157,160.97738647460938,3520600
2024-08-28,161.20695659290553,161.38143517332057,159.18670705502748,159.7101287841797,3915500
2024-08-29,159.56321677068735,159.74688730565651,157.86437641897868,158.0296630859375,4654300
2024-08-30,158.0020866127947,159.37953130233376,157.2582687223783,158.75509643554688,8677300
2024-09-03,158.29596325952602,163.35577218926377,157.836814986015,163.03436279296875,7032100
2024-09-04,163.36494229416056,164.97196117456105,161.8864843637084,163.93429565429688,6188500
2024-09-05,164.1271227624317,165.04541922461385,163.0159918899628,164.6505584716797,5743100
2024-09-06,164.18329383129165,165.2381227998606,163.77616438398596,164.09075927734375,6395300
2024-09-09,163.82244450827932,165.43243857042296,162.721348176386,164.8772735595703,4666200
2024-09-10,165.30288946768013,165.71928085116429,164.3683525741429,164.52565002441406,4315800
2024-09-11,164.1832915636699,164.4701289106398,161.3981624825187,162.64730834960938,4036000
2024-09-12,162.64731596646982,164.4146215261784,160.95403522860565,164.0074920654297,4222800
2024-09-13,164.19254081533745,164.664447271797,163.193226936635,164.10926818847656,3290400
2024-09-16,165.62671997182622,166.02458743831536,163.17470993260798,163.970458984375,4940100
2024-09-17,163.77617589389055,164.78473765636554,163.12847632710807,163.6558837890625,6305100
2024-09-18,163.64662487676281,164.7569689328781,161.39816510324798,162.11990356445312,5307900
2024-09-19,162.61953877589676,163.0544257274464,161.13907075545674,161.61097717285156,5504000
2024-09-20,159.67714131126723,160.78748536959228,157.5027063530047,158.39097595214844,12198400
2024-09-23,158.10411673363916,160.94476055778466,157.9745768467302,159.25148010253906,5350300
2024-09-24,158.21514826097933,158.7795750339226,156.83646276804242,157.22508239746094,7837900
2024-09-25,157.6692619071623,158.01162848561216,156.15178830061308,156.7439727783203,4505100
2024-09-26,156.57742682462393,158.22444033722743,156.07776279071993,157.01231384277344,5673600
2024-09-27,157.26214320747155,158.8258699421908,157.0030492676148,157.2991485595703,7545800
2024-09-30,157.83584591086026,158.90918485624297,156.91055663769455,157.34544372558594,5054300
2024-10-01,158.4927630557588,159.0942094394873,157.0863337952425,158.5760498046875,7095900
2024-10-02,158.68709304459318,158.90916752870362,155.92973526448543,156.88278198242188,5786000
2024-10-03,155.57810267350152,156.4756341951845,154.6805711518185,155.93896484375,5090300
2024-10-04,154.6620630670881,155.9112089644681,154.35673009721287,155.42080688476562,4390100
2024-10-07,155.18949797640673,155.3838007921456,154.02363872559746,154.7176055908203,5459500
2024-10-08,155.1894967863176,157.9005872086444,154.38449974684573,157.68777465820312,8297800
2024-10-09,156.7254655852386,160.33408727366628,156.4663857778023,159.6493682861328,7177500
2024-10-10,159.21450110902236,160.13052827563848,158.42799973196443,160.06576538085938,5292400
2024-10-11,161.00030446002512,162.09213882819398,159.95472325212785,161.74978637695312,4720300
2024-10-14,161.88859137337803,163.10071786700658,161.40743707555893,162.94342041015625,4535900
2024-10-15,163.18397045592408,164.13701700723234,162.036607000144,162.75833129882812,5802300
2024-10-16,161.93484485629344,162.23094415362937,160.65795546320908,161.44444274902344,4400900
2024-10-17,161.35192687473855,162.36048866210203,160.72272290948595,161.62025451660156,4125900
2024-10-18,159.42730173564752,162.23092635021297,159.2607423694766,161.98109436035156,5097000
2024-10-21,161.42591682441042,164.23878902702873,161.32413447490973,161.934814453125,6436300
2024-10-22,161.47219127283748,161.87932072453475,160.5469021985403,161.3426513671875,3790500
2024-10-23,160.722729710883,160.852269632918,159.58462795880462,160.0287628173828,3800700
2024-10-24,160.00097457751332,160.57464924807618,158.87212085113552,159.29776000976562,4244900
2024-10-25,159.58463308925556,161.00032446800526,158.7796359849293,158.95542907714844,4442600
2024-10-28,160.05649964931865,160.05649964931865,157.04931016667103,157.15109252929688,5186400
2024-10-29,156.55890470160338,156.55890470160338,154.49551406986734,154.9859161376953,5127900
2024-10-30,154.5232848230367,155.11546930191824,153.67202051706897,153.7923126220703,4801500
2024-10-31,153.6905373246175,154.9859365196529,153.42219555785084,153.67202758789062,5582400
2024-11-01,153.68125720275245,153.8293068414555,152.86701242746705,153.21861267089844,6339000
2024-11-04,153.21861558647456,154.1994197536621,152.84850560146484,153.91258239746094,4885500
2024-11-05,153.55172614197676,155.41156630316826,153.29264631872076,155.30978393554688,3678300
2024-11-06,154.86561592807826,154.90263539472386,151.37728655198194,152.40435791015625,7849300
2024-11-07,152.21005053636506,152.58016051325333,151.25700393302662,151.74740600585938,5333500
2024-11-08,151.59935405483773,153.43143653321977,151.42354687692114,152.77447509765625,4618300
2024-11-11,152.1267931773645,153.73678726908292,151.72891149942572,151.9879913330078,3762000
2024-11-12,151.83068943703637,152.6727059309839,150.96091539878654,152.06201171875,5386600
2024-11-13,151.2755326933088,152.48765925667533,150.23919921385968,152.43214416503906,4145000
2024-11-14,152.43210466819423,154.42147023658669,151.59008834644018,152.81146240234375,5422700
2024-11-15,152.09902223752528,152.09902223752528,146.24194071504,146.76934814453125,9108900
2024-11-18,147.5003208807984,147.90745029429067,145.97358558020235,146.50100708007812,6991300
2024-11-19,145.9643380331935,146.07536819387488,144.20629460138716,145.01129150390625,8248900
2024-11-20,144.76145151931124,147.222723482781,144.53012928482246,146.88037109375,5067300
2024-11-21,146.55652905703712,148.50888947722135,146.14939962438598,148.36083984375,5977000
2024-11-22,148.87901166197844,149.95235041455928,147.94447474671603,149.89683532714844,5846300
2024-11-25,150.5445208807072,151.36802754457867,149.89682138981783,150.86837768554688,8580400
2024-11-26,151.07196287460013,151.45132069431367,149.8043071433492,150.04489135742188,4653600
2024-11-27,149.84129454864788,152.79296855276934,149.6007103860619,150.56301879882812,3622900
2024-11-29,149.36940700820674,151.36803477741458,148.9252722102019,151.23849487304688,2799300
2024-12-02,151.11820967445777,151.42354262682775,149.67474694203148,150.86837768554688,4967400
2024-12-03,150.67406109907864,150.8683780061534,149.36015238082808,149.61923217773438,4277400
2024-12-04,148.60143291306278,148.99930044316753,147.5003366413165,148.21279907226562,6964600
2024-12-05,148.90674908131862,148.98077389412592,146.96365069058697,148.4996337890625,5229600
2024-12-06,148.7002756376058,150.0533659270234,147.15121387004774,147.24452209472656,8359200
2024-12-09,147.35651650995234,150.7065851716377,146.6379733862981,148.812255859375,8380400
2024-12-10,148.37367423515605,149.6987707492039,146.83395312265938,149.15753173828125,5329400
2024-12-11,149.50279303369047,149.78273193291878,145.81676948509255,146.29269409179688,7925900
2024-12-12,148.457638605095,148.74691829949154,147.4124953894666,148.28033447265625,6849500
2024-12-13,147.0019100278168,148.90558015350967,146.5633200595939,147.41250610351562,4353900
2024-12-16,147.3005331419123,148.20570698691154,145.46219155889398,145.59283447265625,6696500
2024-12-17,145.33154208404426,147.90707979865905,144.86495823609897,145.70480346679688,6572600
2024-12-18,144.66899141417878,145.41552844273693,143.81047881499023,144.1090850830078,7620900
2024-12-19,142.85862022113866,143.78246124372652,141.29090553445195,141.34689331054688,9829500
2024-12-20,140.7776827115633,143.23191836995184,140.45106831418505,142.5786895751953,19205200
2024-12-23,142.22406661753593,142.22406661753593,139.70451713517207,141.1789093017578,6822200
2024-12-24,140.4417360090652,142.6160184147637,140.3577543351262,142.59735107421875,3399800
2024-12-26,142.33608739989114,142.9426407913539,142.06547499544138,142.25210571289062,5528500
2024-12-27,141.1789231804272,143.21323599942073,141.15092929090505,142.6719970703125,4287000
2024-12-30,142.45738008436868,142.85863534820874,140.9923000060496,141.5802001953125,5397000
2024-12-31,141.65485772373054,142.9146255576803,140.85233294341063,141.89747619628906,4274800
2025-01-02,142.66268338453565,143.39055305576213,139.87250681882804,140.17112731933594,4970200
2025-01-03,140.87100599169892,140.87100599169892,139.56456263365922,139.64854431152344,5218100
2025-01-06,139.60189600361804,139.92849616079937,136.33580899774873,136.49444580078125,9470600
2025-01-07,136.67174108670827,138.08081912043946,135.6265836300454,135.6825714111328,7473300
2025-01-08,135.68257309609493,136.86770002019378,134.8987156731198,136.7463836669922,6791800
2025-01-10,135.3093167509177,135.84122917562846,132.0525563458351,133.10704040527344,9632700
2025-01-13,133.24701976622407,135.4399697238476,132.64046641063126,134.84274291992188,8101400
2025-01-14,134.55347759779482,135.4399842274429,133.9655772825808,135.26268005371094,6996400
2025-01-15,135.76655916700813,136.42910018875867,134.53477110103785,135.10400390625,7141600
2025-01-16,134.4228052889582,136.97967558375922,134.08686435925333,136.7463836669922,5068000
2025-01-17,137.84755475124936,138.68740011339546,137.33430959037733,138.34213256835938,7338900
2025-01-21,138.4167570348508,139.7698472580594,137.8941854373916,138.62205505371094,7456200
2025-01-22,138.32343770212228,139.46190338189353,137.91284165512172,138.1927947998047,5905100
2025-01-23,138.56607581216514,138.98599842606956,136.811715993443,138.6873779296875,4759100
2025-01-24,138.87402226623942,139.33126532073402,138.2301342827988,139.15396118164062,4509600
2025-01-27,140.8336777517413,145.07959394134642,140.8150104094699,144.27706909179688,9820600
2025-01-28,143.84781439469106,144.27707785895765,140.0871492025509,140.20846557617188,6349700
2025-01-29,141.02962052450064,141.84147176033076,140.18976116146277,140.32040405273438,4874100
2025-01-30,141.16960952366927,142.84931424345035,140.5630562099471,141.7481689453125,4671300
2025-01-31,140.6843634098054,141.55221681262014,140.2271203299979,140.61904907226562,4905500
2025-02-03,139.75117197775256,141.02962124783227,138.8833329610703,140.2270965576172,7196200
2025-02-04,136.33580629708635,137.87552730232085,133.44298073930207,133.90023803710938,12804900
2025-02-05,133.8069219142008,136.04651879870033,133.16303389417953,135.9252166748047,9248100
2025-02-06,136.48509704327688,137.08232377706923,134.33882281305995,135.63592529296875,5604900
2025-02-07,135.31864419568566,135.4492871052305,134.2828274703628,134.91738891601562,5872300
2025-02-10,134.7027587890625,134.8613955841978,133.4523032902754,134.7027587890625,8715400
2025-02-11,134.7214129802076,135.9811950398378,133.8162391943418,135.9065399169922,6354000
2025-02-12,134.41346828252196,135.1040175016316,133.47097403829886,134.3668212890625,6658200
2025-02-13,134.59077452264899,135.25332986041786,134.00288854920194,134.91738891601562,7175300
2025-02-14,135.00138418927756,136.40113589209736,133.75094275212112,133.8069305419922,5001800
2025-02-18,133.34965456604294,134.5161141554555,132.13654798426077,134.46946716308594,8738700
2025-02-19,134.59074862583583,136.17713057621583,134.5160935148877,136.06515502929688,5777300
2025-02-20,135.41194085294595,139.21926608416973,135.30929185508182,139.13528442382812,6789800
2025-02-21,139.96581305556322,144.22105502132902,138.94864955278425,143.24122619628906,10604400
2025-02-24,142.15877860898473,145.87279668872668,141.95348055476742,143.56787109375,7187000
2025-02-25,144.44502701064383,147.86976511834945,143.7078307673263,145.96609497070312,9474600
2025-02-26,145.17290434905527,145.21022479148647,141.03896407861077,141.3842315673828,9076500
2025-02-27,140.8149957251843,142.48537382854013,139.90982194604925,141.8601531982422,6731000
2025-02-28,143.42786615151329,144.73430941579696,142.16809835692828,143.21324157714844,8455500
2025-03-03,141.2349222329937,145.71411533058497,140.44172407583284,145.5648193359375,8321700
2025-03-04,146.82458886352572,149.44678757873365,143.67049201300537,143.88511657714844,10274200
2025-03-05,142.70930464367774,144.95824182591832,142.5226739840202,143.5958251953125,5578700
2025-03-06,143.86647299588637,144.6130100576318,142.3360784268628,144.27706909179688,8421000
2025-03-07,144.2723491263049,148.3581009492546,143.8204723812305,145.39263916015625,8997700
2025-03-10,146.7482832334876,150.70223705972583,146.26815072647332,147.0966033935547,11156900
2025-03-11,146.6635492427001,146.90832719191206,142.9167084664792,143.40625,7981600
2025-03-12,138.89684634639423,140.77027389004635,137.92718666972934,139.4899444580078,8330200
2025-03-13,139.6782200357767,141.66461310194566,139.38638267900106,139.6499786376953,5351100
2025-03-14,138.51086764001968,140.4219454820448,138.46379385592553,139.8853302001953,5277500
2025-03-17,140.48781986917615,142.7848823451042,140.39368667756125,142.47421264648438,5449500
2025-03-18,141.21274442200078,142.43659107997212,140.03597155181745,140.2619171142578,8158600
2025-03-19,139.48053020598692,140.15835248953422,138.19077744609424,139.43345642089844,6080100
2025-03-20,138.91567854435286,139.39581105877573,138.04957545399563,138.52969360351562,4536400
2025-03-21,138.3884766084175,139.0474664811915,136.27028563992133,136.9292755126953,11574800
2025-03-24,136.96694356430223,138.12488396596157,136.34560408442562,137.87069702148438,5968900
2025-03-25,137.58825796018928,137.72947930274213,136.3455934621505,137.0139923095703,4763300
2025-03-26,137.4470600397012,140.58198443425795,137.2117054848387,139.93240356445312,5882200
2025-03-27,140.82675390729335,141.5987237747776,140.35604477782323,140.90206909179688,5397500
2025-03-28,141.6269703749379,142.5119058692275,138.4920457337411,140.5255126953125,8550900
2025-03-31,141.40101356547947,143.65100253341282,140.9773782400757,141.15625,9985700
2025-04-01,141.67403895928112,141.9564529450411,139.96065083285663,140.90206909179688,6072800
2025-04-02,141.4292521200224,141.68343905611616,139.39579972597755,140.38427734375,5866200
2025-04-03,142.8037326505633,145.02548023307776,142.0223538011088,142.50247192382812,8216200
2025-04-04,144.02758488763536,145.84451523578167,137.8612924065656,138.02133178710938,12911400
2025-04-07,133.04123398778862,137.54121207368556,132.429303506335,134.8016815185547,14423200
2025-04-08,135.51716478695732,136.88221848297215,130.9983539614396,132.08099365234375,9488900
2025-04-09,132.03389617609014,137.39997678406334,130.22637504313607,137.06106567382812,14067000
2025-04-10,136.90105930088774,138.5203000661057,134.54751334736216,135.696044921875,10980300
2025-04-11,136.64684691601823,136.7786448903211,133.79435089975536,135.96902465820312,8563300
2025-04-14,135.71483724894958,138.55790957880842,135.0934978530598,138.15310668945312,5393800
2025-04-15,137.2964380582962,137.42823604246874,134.2744934337317,134.47218322753906,5459600
2025-04-16,135.66779109120782,135.94079607624906,131.58203913775694,131.88328552246094,7878600
2025-04-17,132.11863753524145,135.15942891242005,131.86446494320342,134.47218322753906,6131400
2025-04-21,134.15209636905837,134.46276610549074,132.33516609935322,133.4272003173828,7412800
2025-04-22,133.9449814716797,135.8278178874918,133.6343117392825,135.0558624267578,7144700
2025-04-23,134.87700440004946,135.57364475128435,132.5987738287694,133.92616271972656,7760000
2025-04-24,133.16361622237193,133.5401921628985,126.64900328274683,127.38330841064453,15577300
2025-04-25,127.533921007033,127.6657189766172,124.07891803695333,125.56636047363281,11544700
2025-04-28,126.055893129194,127.47744382610306,125.30277004979276,125.9240951538086,8498600
2025-04-29,124.71906714915669,126.58308534906513,123.81531380820141,126.44186401367188,7010700
2025-04-30,127.68456310479289,128.2023316554824,125.30277605797167,127.63748931884766,7923500
2025-05-01,126.59250529465827,126.91258403202617,125.4345649418852,125.72640228271484,6807000
2025-05-02,126.2912420037246,126.52659654667966,125.34982383190436,125.91468048095703,7169700
2025-05-05,126.18769311911407,126.18769311911407,123.9847779104027,124.25779724121094,8972200
2025-05-06,124.17305839592136,124.17305839592136,122.53499987447105,123.08102416992188,6889900
2025-05-07,123.27871767430017,124.89795822281519,122.63856015576764,124.19189453125,6313200
2025-05-08,124.16367249407497,125.18981510491659,123.57057430390743,123.7306137084961,6392400
2025-05-09,123.46699815857633,123.93770728516625,122.55382130379968,122.79859924316406,4770500
2025-05-12,123.17515453791103,124.57787283521864,122.44084948694511,123.9659423828125,8392700
2025-05-13,123.48582107694851,123.92828877120692,122.14900898372787,122.67620086669922,8650200
2025-05-14,122.45027822600828,122.54441143172342,120.37915377409209,120.9251708984375,10463000
2025-05-15,121.6218197826126,123.84356731334134,121.26407626917862,123.79649353027344,9165100
2025-05-16,124.35193915541919,124.51197854180198,122.9962945120554,124.24838256835938,8896400
2025-05-19,124.38961220191969,124.51198682028809,123.42936145487516,124.06951904296875,9406200
2025-05-20,124.03186755475595,124.4272615377834,123.65530596089287,124.07894134521484,7624200
2025-05-21,124.07892238887284,124.17305559050527,122.44084953952903,122.52557373046875,9243700
2025-05-22,122.4032041358279,123.04336164674525,121.27350511574282,122.4973373413086,7140200
2025-05-23,121.97013652427523,122.1584172864025,120.26617192493629,121.76302337646484,8122500
2025-05-27,122.4596871954971,123.75884897208567,121.56534273454368,123.67411041259766,13974800
2025-05-28,123.59879618035693,124.44608122744091,122.82684068224313,123.01512145996094,9431500
2025-05-29,123.19399347888896,124.3331158885046,122.61972776848651,124.19189453125,6656900
2025-05-30,124.4084100364913,124.94502530845838,123.59878980564923,123.74942016601562,12992100
2025-06-02,123.2316349741992,123.35402393531926,121.50885233251735,123.24105834960938,6723700
2025-06-03,122.97746050135824,124.46490293807032,122.20549070456154,124.12599182128906,7339500
2025-06-04,124.49316246301946,124.96387161793346,123.41994616441168,124.02245330810547,6519700
2025-06-05,123.51406837000394,123.71177251800773,122.5820735198633,123.4293441772461,9560800
2025-06-06,123.96517643129039,124.36490884675392,123.09908226985846,123.75579071044922,7628200
2025-06-09,123.56545419935478,124.34588006838108,122.9468092376947,123.6891860961914,8453100
2025-06-10,123.91758684577486,125.74494126528833,123.21330261933483,125.46894073486328,11852900
2025-06-11,125.57363120798742,125.60218248567736,123.5273643309044,123.6320571899414,9168400
2025-06-12,123.62255115510061,125.9448186741453,123.45124348034605,125.91626739501953,11444900
2025-06-13,125.40231164019397,126.63958694852953,124.28876821944858,124.5362319946289,9581000
2025-06-16,124.97402563025115,125.71638789700782,123.94613606339071,125.06920623779297,11183700
2025-06-17,124.8312771334907,125.33570243580512,122.89922976292279,123.05149841308594,10235200
2025-06-18,123.37510151101607,123.4226772943959,122.3852754293303,122.84212493896484,8785800
2025-06-20,123.2799208992116,124.12697606319067,122.68031499439277,122.84212493896484,23001000
2025-06-23,123.05149171376408,123.25136518234778,121.65242826250473,122.86114501953125,12840400
2025-06-24,122.90873560133738,124.87886092352805,122.82308176711742,124.72657775878906,9226800
2025-06-25,123.97468725819628,124.28876583584807,121.47159267250369,121.84278106689453,10922600
2025-06-26,121.54774092844791,122.92777993879255,121.44304806348173,122.03313446044922,11538100
2025-06-27,122.09974917484988,125.00258358978012,121.92844149914377,124.71705627441406,26536500
2025-06-30,124.86933551416772,125.97336668681126,124.2887686494605,125.6688003540039,11402400
2025-07-01,126.19226354363978,129.80890883980547,126.07805843111014,128.73342895507812,12846700
2025-07-02,128.72390068348153,130.38945947236206,128.37175861532467,129.89454650878906,9388700
2025-07-03,130.1039407225114,130.22767260213593,128.71439686027722,128.84764099121094,4941400
2025-07-07,128.99041406679913,129.17124852272357,127.22967433782453,127.9625244140625,7773700
2025-07-08,126.9727235093245,129.12366908890678,126.84899160326727,128.52406311035156,7718300
2025-07-09,128.39080604641683,128.84765556631447,126.54442702962409,127.99107360839844,7762600
2025-07-10,127.9434773177837,130.08491032863944,127.18209053194153,129.5138702392578,8869700
2025-07-11,128.3336965387024,128.85716084199987,127.35339726276437,128.73342895507812,7963600
2025-07-14,128.2480477991643,129.32352772661685,127.40099262836759,129.0284881591797,8480300
2025-07-15,128.89522834079423,128.97136992566578,127.29629862605897,127.35340118408203,8933500
2025-07-16,127.48665104443826,128.97137570971364,127.296304334984,128.81910705566406,10941600
2025-07-17,134.8626833452539,138.91713895882052,134.80558079112276,138.42222595214844,26161000
2025-07-18,139.2026683920094,139.288336755982,136.04287233084852,136.32839965820312,13752800
2025-07-21,136.1951420456614,136.66148926247016,133.68252795385254,134.86268615722656,9025600
2025-07-22,134.41536533923528,139.33590073330706,134.41536533923528,138.99327087402344,8281500
2025-07-23,138.82196901701857,139.9355124756751,138.08911896349295,138.63162231445312,6166000
2025-07-24,138.78392695186483,139.40255746151962,137.03269925883367,137.53712463378906,9749400
2025-07-25,137.82263724804818,137.83216402327042,135.81444821679034,136.52825927734375,7021600
2025-07-28,135.81444861335515,136.19515656027585,134.6342902842091,134.73898315429688,10639100
2025-07-29,134.7389886510386,137.04221736440797,134.32021715360344,136.94703674316406,6282900
2025-07-30,136.83281475104727,137.4324061189081,135.42421724737073,135.9667205810547,9738400
2025-07-31,134.1774220905912,134.7389644189016,130.99858741906596,131.26507568359375,11689700
2025-08-01,132.38815582762228,133.06388879143836,131.61722772996106,132.55946350097656,7630500
2025-08-04,132.568966977621,133.54928073728212,132.05502946905622,132.82594299316406,8384700
2025-08-05,132.86402335141895,133.57783433391756,132.54041800223646,132.72125244140625,5535100
2025-08-06,133.1495368770735,134.7484810385962,132.63559935668653,134.00611877441406,6747400
2025-08-07,134.4248930046536,137.34675181851844,133.70155522885906,136.97557067871094,7674600
2025-08-08,136.97556040142152,138.35559199600698,136.8613552969794,138.2033233642578,5315100
2025-08-11,138.30802844918693,138.57451673146682,136.81377709548988,137.87973022460938,5773400
2025-08-12,138.5269035053389,139.91644724409315,137.73695104124394,139.783203125,7668700
2025-08-13,139.8022634708239,142.32438986779965,139.76419994064327,142.14356994628906,6147000
2025-08-14,141.8485239449168,142.28633444079853,140.9063026634358,141.44879150390625,6892500
2025-08-15,142.1816382729692,143.80913380164418,141.3250708510492,143.1428985595703,9162200
2025-08-18,143.28565602606673,143.28565602606673,141.73430222849035,142.3339080810547,9901000
2025-08-19,142.7621987577565,144.97026106935363,142.6289546198168,144.81797790527344,8596900
2025-08-20,145.8173156821206,147.14975705677546,141.51541070855785,143.45697021484375,10023500
2025-08-21,143.06676570505408,143.06676570505408,141.4297579904124,141.79141235351562,8153600
2025-08-22,142.4290679149878,143.88524104518558,141.89609141276122,142.4195556640625,5218000
2025-08-25,141.26795499032454,141.63915066855503,140.45897786763945,141.04905700683594,6624300
2025-08-26,140.3828412010556,141.09665225801015,138.7743846291144,139.90696716308594,11208100
2025-08-27,139.9069645871864,140.65883916342517,139.25025610327555,140.51608276367188,8092900
2025-08-28,140.82064773869647,140.8967748028066,139.17411315749092,139.88792419433594,9265100
2025-08-29,140.00212775080925,142.01982873593846,139.78321526844445,141.47732543945312,7760700
2025-09-02,149.8432056052382,150.1858354619355,142.96207171596618,143.0286865234375,17348600
2025-09-03,142.71460674448295,143.20000750886004,140.0116459657793,141.4678192138672,11259200
2025-09-04,141.82950469389164,142.25778843065936,139.38350512736915,139.80227661132812,6342200
2025-09-05,140.31451888534437,142.12131327324803,139.622555701236,140.6893310546875,7186300
2025-09-08,140.04541248586088,140.04541248586088,134.88453426095225,136.1915740966797,11127600
2025-09-09,135.68220569431367,138.03681029463687,135.6053339340505,137.52745056152344,5866400
2025-09-10,136.69133624897262,137.53707235915076,135.91288126782587,137.10459899902344,6015100
2025-09-11,137.3256192415698,139.113188257577,136.95080709295146,138.61343383789062,6144400
2025-09-12,138.4596687527182,138.63265219826283,137.33521769833763,137.94068908691406,5713700
2025-09-15,137.81576970844998,137.94071199403749,135.05753677281814,135.1632537841797,7279600
2025-09-16,135.21129786254028,135.80714933036774,134.46167354347148,134.57699584960938,9283500
2025-09-17,134.71155085314575,136.5087253242513,134.69232557953438,135.7302703857422,6092900
2025-09-18,135.16324886659714,136.11470193423474,134.9229842735703,135.24974060058594,6106600
2025-09-19,135.95131825517146,136.54716972903645,134.9902599220543,136.2396240234375,12365500
2025-09-22,135.58609600525102,136.00896397015575,134.49049021644547,135.5380401611328,5797600
2025-09-23,135.54766524552699,136.6913270453532,134.50973511694184,136.37417602539062,6356500
2025-09-24,136.2876701715211,136.7970298786481,135.51882062683984,136.63365173339844,5949100
2025-09-25,137.43134444524782,137.83498719365826,134.4136218041524,134.47128295898438,7101700
2025-09-26,134.49050963695797,135.4996238508183,134.40401790380656,134.97103881835938,6224700
2025-09-29,134.97103771347938,135.19207702903026,133.70243364596286,134.7115478515625,11930200
2025-09-30,134.71154895431832,135.5380597329122,134.3847926304662,134.97103881835938,7583400
2025-10-01,135.3266348143927,137.78694204217595,135.0094837736036,137.56590270996094,5880800
2025-10-02,136.364561010847,137.6716008797795,135.86480659092365,136.76820373535156,4497300
2025-10-03,136.72014494857245,137.7773149171102,136.33572750433265,136.4510498046875,5425700
2025-10-06,136.24922415912562,136.32611057433348,133.47176656729826,134.25982666015625,6750700
2025-10-07,134.90374558925555,136.3165024289781,134.25023300019,135.30738830566406,6110300
2025-10-08,135.30737967870155,135.48998308594076,133.28916622533674,133.43331909179688,8256700
2025-10-09,134.99025503960118,139.10358338340103,133.19306604975574,139.0747528076172,13706600
2025-10-10,139.95893467924824,144.94682995032534,139.35346321536883,144.2356414794922,17545200
2025-10-13,142.86132069264676,144.1395300832265,141.6023365755322,143.09197998046875,7272000
2025-10-14,142.89977113549347,145.71566511574144,142.71716769917407,145.63877868652344,8371100
2025-10-15,145.43695297886856,146.45567242128965,143.36106355020723,145.27357482910156,6101100
2025-10-16,146.44606152148768,148.36817803059412,146.35955513349313,146.72476196289062,8532900
2025-10-17,147.78193483172066,147.91648240343594,145.83098770955652,147.72427368164062,6710100
2025-10-20,148.40662198685447,148.40662198685447,146.77282579809554,147.65699768066406,4810600
2025-10-21,148.67571752143175,149.14664137225756,146.8881484794825,147.21490478515625,5614300
2025-10-22,147.1860773117667,149.13702454767932,146.76322396499702,147.0707550048828,6486000
2025-10-23,147.20531531862284,147.42635464746698,145.14865090195687,145.60995483398438,6091800
2025-10-24,146.1192856082502,146.48449242524677,145.37928133587303,145.64837646484375,3580200
2025-10-27,145.12941583652085,146.91698495019085,145.08137465079534,146.68634033203125,4744600
2025-10-28,145.5138364934886,147.24374431613015,144.08185438885482,144.27406311035156,5626500
2025-10-29,142.28469193487604,142.87093811613155,138.07525166079273,140.46829223632812,7767600
2025-10-30,140.6412664605415,142.32311846590622,140.55477473405188,141.8041534423828,5752700
2025-10-31,140.50673324450355,141.27558288701016,139.6417865620506,140.40101623535156,6313600
2025-11-03,140.17995136742744,140.228007210937,137.67158884790834,138.00796508789062,8331500
2025-11-04,139.06512814852215,139.28616744360434,136.5279349130254,137.33522033691406,8302900
2025-11-05,137.3352193252025,137.70042615623643,136.06663004909217,137.29678344726562,7136400
2025-11-06,136.8642999279943,137.6331494104989,135.79752475385789,136.06661987304688,6449400
2025-11-07,137.36404499309754,138.44044017648895,136.1338916388657,137.38327026367188,7592300
2025-11-10,136.94120398331305,137.45056371486336,135.7590917025429,137.06613159179688,6617500
2025-11-11,137.70042063958113,140.08384091998272,137.12377984153306,139.43032836914062,7683600
2025-11-12,138.93059007068524,139.83398724872904,138.45006090488204,138.7672119140625,5790100
2025-11-13,138.4885087758102,140.6893258602684,138.05602080327048,139.3726806640625,6663300
2025-11-14,140.20880026096194,141.1218027486024,138.32511946718267,140.1703643798828,5770500
2025-11-17,140.4298261353298,142.34233732306464,139.5648795802413,142.0732421875,7320200
2025-11-18,142.52495545754067,143.99537355182267,141.70804999867886,142.97665405273438,10821500
2025-11-19,142.5249483405569,143.00547748893058,140.97764389621014,141.38128662109375,8123200
2025-11-20,140.89114313122093,141.35244697798427,139.2573323998862,140.41061401367188,6878900
2025-11-21,140.58361224109476,143.14003093479522,140.29529180732789,140.6316680908203,7911800
2025-11-24,140.1511353776627,140.6412698374581,139.12279594497582,139.833984375,9391400
2025-11-25,140.24721369336092,141.39087527817523,139.9012468252666,140.4202117919922,8954000
2025-11-26,140.62206154767057,142.68833108638523,140.53555515309222,142.2174072265625,5180600
2025-11-28,141.4966075421555,143.02470136414547,141.4966075421555,142.94781494140625,2969300
2025-12-01,142.84209910672166,143.9857608243312,142.72676213938055,143.6878204345703,7623300
2025-12-02,143.63978140555875,143.68782258937006,140.82387293283966,142.8228759765625,6830300
2025-12-03,142.8997523911639,144.83147417889904,142.15012813535117,142.29428100585938,5109200
2025-12-04,141.99637241540051,142.47690159447123,140.4394625678791,141.1890869140625,6803000
2025-12-05,141.31813647120063,141.4928266697756,140.2409271387148,140.73587036132812,5971300
2025-12-08,140.72617130580448,142.23038483072744,139.94010234845013,141.32786560058594,6327400
2025-12-09,142.02657081151378,143.20081700153054,139.6586503122175,140.36708068847656,10035200
2025-12-10,143.40464081836578,145.35525685657223,142.6573837098306,145.27761840820312,18526400
2025-12-11,145.71432491016407,146.43246946726975,143.75400957604512,144.63711547851562,7854000
2025-12-12,145.32614779219037,146.21896775792453,144.34599012294336,146.19955444335938,8143100
2025-12-15,146.48098890518284,147.2185319363422,145.84048282632313,146.75271606445312,8409600
2025-12-16,147.49996319341003,147.84932877573345,145.559046582284,145.9278106689453,7520300
2025-12-17,145.93753329262213,146.77212807670037,145.06411188155263,145.64639282226562,8067100
2025-12-18,145.37468705961035,145.92784070747558,144.84093192007612,144.95738220214844,6643200
2025-12-19,144.74387121491196,145.46201579542873,143.53079815810574,143.7831268310547,17543500
2025-12-22,143.171733265947,144.57889505018,142.08482454566013,142.70591735839844,8818700
2025-12-23,142.84178940317776,142.84178940317776,139.31902029928008,139.4354705810547,7254800
2025-12-24,139.5422091945265,139.73631272424484,138.7270276785825,139.4936981201172,2618700
2025-12-26,139.3190144332139,139.68779338733472,138.86289777143952,139.5325164794922,4975500
2025-12-29,139.49369840306517,140.76499656198945,139.3578348167989,139.9789276123047,7201900
2025-12-30,139.71690142247806,140.9785003437209,139.6683755393494,139.9012908935547,4713800
2025-12-31,139.5810215939312,139.7751102958427,138.9308162981175,139.28018188476562,4380300
2026-01-02,138.98904891194232,139.1734383714935,137.90214027629705,138.02828979492188,7182100
2026-01-05,137.4751478368355,137.62071068139815,135.28190225861945,135.7865447998047,9031400
2026-01-06,135.5536359289604,135.9224148968657,134.47644121159362,134.85491943359375,9576500
2026-01-07,135.10721337670518,135.69919356561522,132.91398282514663,132.96249389648438,8539800
2026-01-08,132.53550553390687,135.35952811169193,131.99203641274693,135.25277709960938,8762800
2026-01-09,135.32070836336618,136.63081818977142,134.602563887072,135.77682495117188,6767600
2026-01-12,135.77684396022582,137.3295685801671,134.4667191423817,137.1840057373047,12223400
2026-01-13,136.93169766758444,139.40635494907784,136.87345771995456,139.2413787841797,9030200
2026-01-14,138.91142533379679,141.97807766462932,138.91142533379679,141.6092987060547,8329500
2026-01-15,141.7451385712422,142.67678506556615,141.23079685092355,142.24008178710938,5797800
2026-01-16,142.8126638139583,143.19114200324535,141.2113985454206,141.9974822998047,10313500
2026-01-20,141.90043481077095,143.2978973388672,140.05656969110106,143.2978973388672,9982800
2026-01-21,142.70591481667617,143.6375466151801,140.6582469410218,142.4050750732422,7679600
2026-01-22,142.34684523842108,142.78356340850763,139.91099974173082,140.1342010498047,8167400
2026-01-23,139.61013721958807,140.5611822454178,138.83376758690255,140.30886840820312,5870100
2026-01-26,140.5223928686059,141.60930164313186,139.88188670875104,141.56077575683594,6589600
2026-01-27,141.44432339300172,144.42363803304067,141.03673260855732,144.3848114013672,7114900
2026-01-28,144.02572992777058,145.60756699792628,143.39492310385097,144.11306762695312,5954100
2026-01-29,144.4430176636834,146.40334768240643,144.05484024580645,144.29745483398438,9062300
2026-01-30,144.60799453522742,149.34383605888615,144.20040380199734,149.09152221679688,12641300
2026-02-02,149.50882082313274,151.9931919925525,148.66452674190563,150.61514282226562,14660500
2026-02-03,151.97378914140776,158.61172094643885,150.90627899380635,158.03915405273438,19096400
2026-02-04,160.01888241156544,162.97878344559254,159.32015119015512,161.27076721191406,13322900
2026-02-05,161.59101517361762,163.04670270443714,160.3682429786162,162.5808868408203,11038800
2026-02-06,162.50324382918632,165.70575926860204,162.31885437784746,165.4534454345703,10960400
2026-02-09,164.4927034262292,164.90999344211554,160.06741536705462,161.55221557617188,10316200
2026-02-10,160.85348460038458,162.46444914638573,158.90286848905913,162.03744506835938,10352500
2026-02-11,162.69735793708577,165.23996921926891,161.1155206871708,164.15304565429688,6733400
2026-02-12,164.74500641664685,166.41419598610082,162.15388436369685,162.26063537597656,9516300
2026-02-13,162.26064459071847,162.92056401538412,160.12563903189724,161.03787231445312,9286100
2026-02-17,161.21254964136656,162.59059883490437,156.05941774772276,157.13662719726562,8749800
2026-02-18,157.01046304472288,159.66952447669865,155.88474251879563,159.53366088867188,7239800
2026-02-19,159.5336487169592,160.17415478651208,158.31087651801045,159.7277374267578,6155800
2026-02-20,159.78597209725314,160.09652589788482,158.20413495034887,160.06741333007812,4811800
2026-02-23,159.6307072550973,163.82307983526363,159.38809265554076,163.34756469726562,6801600
2026-02-24,163.2602112741321,164.77412399761351,162.81380870593625,164.53150939941406,6319800
2026-02-25,163.62898526092218,164.49269261211043,161.09608833988395,164.1724395751953,6832700
2026-02-26,164.61885234125265,165.03614231805338,162.22181906571544,162.62940979003906,7219300
2026-02-27,163.4057924202635,165.24965748289236,162.86233807793164,164.72561645507812,10585200
2026-03-02,164.05598752567116,164.53150264147814,162.2024085176361,162.33827209472656,7264000
2026-03-03,161.62012128596447,162.28004064042153,158.8349106601118,160.0382843017578,6718100
2026-03-04,160.164453876547,161.02816129288436,158.54379006422948,159.07754516601562,6855400
2026-03-05,157.36954306417192,158.57290204407323,155.4286261979873,155.95266723632812,7133700
2026-03-06,154.94709821232027,156.20038160295132,152.8321768880117,156.1024627685547,5937900
2026-03-09,155.8478864409948,159.03984007261056,154.80022668209443,158.15863037109375,6416000
2026-03-10,157.34596906362015,159.46089050636934,156.25913567834493,157.42430114746094,5341300
2026-03-11,156.9640982384802,157.55158135500568,154.59460889837567,156.80743408203125,4359700
2026-03-12,155.5541584662411,158.16843007851332,155.37792248668694,155.54437255859375,6165600
2026-03-13,156.4451567315188,158.13904492032492,155.91643389431496,156.54307556152344,4676800
2026-03-16,157.99218907287343,158.2075985567983,154.25191070682953,154.42816162109375,4498700
2026-03-17,155.51498328534046,155.78913807335456,153.0279884993786,153.23361206054688,5460200
2026-03-18,152.00971997527031,152.86155710340896,150.09062128461264,150.3354034423828,5124400
2026-03-19,150.54102327889328,151.45160571176473,149.47377668327505,149.55210876464844,5555500
2026-03-20,149.26815075634542,150.20812077773732,146.223060239775,146.908447265625,14480700
2026-03-23,149.12128731932629,149.12128731932629,146.81054324816284,147.73092651367188,6783000
2026-03-24,147.30989829844128,149.39544704571202,147.06511614276414,147.4469757080078,5803700
2026-03-25,148.14215327964757,148.67087612532328,145.91952727770808,148.56317138671875,4978500
2026-03-26,148.7589935008929,149.95353152768627,147.52529690581997,147.6819610595703,5677100
2026-03-27,147.98548694534634,151.31451800538554,147.3294726163516,149.8458251953125,6663600
2026-03-30,150.6095655499855,155.08417539765304,150.1689457361383,153.5469512939453,10386800
2026-03-31,154.37920475304423,154.37920475304423,150.95225464896237,152.0488739013672,8033800
2026-04-01,150.34519349945418,151.91179023255023,150.06123785024408,151.42222595214844,5412600
2026-04-02,151.432028019176,153.78193060790397,151.00120905850204,153.73297119140625,5410000
2026-04-06,153.14550315501646,153.58610802326805,152.15657373792962,153.4588165283203,3562500
2026-04-07,152.92029676546719,153.27278365721006,149.38565688092115,150.01229858398438,5151100
2026-04-08,148.71005339709768,151.58869381053762,148.58276190089416,151.56910705566406,6878500
2026-04-09,150.49206655961314,154.71210853969257,150.05146166676275,154.20297241210938,4339400
2026-04-10,153.87985548234764,154.49669634542454,153.0671769455911,153.7819366455078,4412700
2026-04-13,153.71338963647122,153.7525482029982,151.71595911634196,152.62655639648438,5827800
2026-04-14,151.28514232562267,153.36090494852033,151.06973285588504,152.4698944091797,5655800
2026-04-15,151.78452258202748,152.50906819771822,150.13957873442837,151.61807250976562,7684800
2026-04-16,152.29365012297882,156.45494651593916,151.04036675750075,155.0743865966797,10422100
2026-04-17,154.9568784238755,156.6899401348414,153.2042448990029,154.3791961669922,7799900
2026-04-20,155.42688453102795,155.52478843010616,152.5874025320493,153.71340942382812,5731000
2026-04-21,153.468620940844,153.76234756629069,150.52143431611796,151.6865997314453,6357300
2026-04-22,151.84325384484694,153.93858829618517,150.34518839292508,150.58016967773438,5921300
2026-04-23,151.92159452173948,153.34132797900546,151.34391224345387,152.4503173828125,6077600
2026-04-24,152.6755031597438,153.0182041183358,151.43202069468106,152.19573974609375,5364900
2026-04-27,152.28387479845247,153.38049408437357,150.7858091881077,150.88372802734375,4077000
2026-04-28,153.52734970918058,154.81000563636198,152.0782437320909,153.02798461914062,5174300
2026-04-29,152.34261546978044,153.22384017502011,150.27665352370698,152.0488739013672,4047600
2026-04-30,152.72446100479027,155.68143329211756,152.03907403496353,155.1820831298828,7065100
2026-05-01,156.21996835843572,156.6605732325891,153.16507702098502,154.1246337890625,4447300
2026-05-04,152.64613562986142,153.4588141227184,150.4626831371951,151.3634796142578,5330800
2026-05-05,150.83474948832915,153.04757453559037,149.35625588098753,151.8040771484375,6200100
2026-05-06,152.5482308660731,153.6546359666207,151.6376335468742,152.70489501953125,5296600
2026-05-07,151.7747013513363,154.06587336495159,151.6474248074741,153.02798461914062,4464000
2026-05-08,153.47840139162687,154.01692508632738,151.1578714912001,151.39285278320312,4934400
2026-05-11,151.1676670626812,151.47119454446758,145.94890972460468,146.29161071777344,8373300
2026-05-12,147.3980083448039,149.53251639623434,145.2635152336898,148.68067932128906,6250700
2026-05-13,147.54488653272873,150.04166737309015,145.85099829073266,146.15452575683594,5524900
2026-05-14,146.37972564969937,146.85950404204854,145.0578960640269,145.56704711914062,5022200
2026-05-15,146.43846360594267,146.9769872967206,145.0970622728089,146.0076446533203,6230600
2026-05-18,146.85951098391334,146.9867875484704,144.4018885207864,145.94891357421875,8799400
2026-05-19,147.1630361476446,149.38566232209942,145.86079327628195,147.2315673828125,10093900
2026-05-20,146.448272537538,147.50571828285507,145.29289301533328,146.17410278320312,7425800
2026-05-21,146.17410543550616,146.54617909284622,143.32485249952552,145.74330139160156,6123100
2026-05-22,146.29159079253398,147.69173735725002,145.43973884963827,147.42738342285156,7774400
2026-05-26,146.5853521536971,147.1140750343239,142.46321409313896,142.6394500732422,9059200
2026-05-27,143.2171282899948,145.8020269037154,142.65901787983302,144.6564483642578,7404500
2026-05-28,144.68583061171262,145.50829501141862,142.58069525636705,143.23670959472656,7625200
2026-05-29,142.110726446265,143.70671086807536,140.55391553559434,141.18055725097656,12776400
2026-06-01,139.61392864253122,141.1022081395643,138.37044620978452,138.56626892089844,8077300
2026-06-02,138.58584917353755,139.9076786996062,137.87108951130173,139.0362548828125,7864700
2026-06-03,138.83062553773877,140.6811778330713,138.8110537244702,139.56497192382812,6225100
2026-06-04,141.83656573509418,142.65903015104385,138.26275241844283,139.18312072753906,8089800
2026-06-05,140.06371120513737,142.8143254527316,139.71741975666563,140.41990661621094,13228700
2026-06-08,139.43047706353104,140.36054370097895,137.7880196015487,139.19300842285156,8800500
2026-06-09,140.03404062402373,142.77476622399638,139.36123540388888,141.2708282470703,10390200
2026-06-10,142.42845627002652,143.91260138245647,141.48850071832183,142.7945556640625,11249200
2026-06-11,143.32884576312276,143.86313137747558,142.0524875692489,142.21078491210938,8653900
2026-06-12,142.28005330888078,142.8341317567156,140.90474605532452,142.74508666992188,6781700
2026-06-15,141.5082924488725,145.21865520115114,141.30050549184284,144.7041473388672,8976400
2026-06-16,145.31758829315368,146.07945366776724,143.49704060349688,144.5755157470703,9345200
2026-06-17,143.97196308452527,144.32815851123533,139.36123046336755,140.09339904785156,10126600
2026-06-18,139.559111507425,141.22134674385373,139.54920754452675,140.51885986328125,19130300
2026-06-22,139.78668459660318,140.98390167143734,138.99513748987445,139.22271728515625,10345000
2026-06-23,142.16129888403006,142.16129888403006,139.38100292666553,140.5485382080078,7589000
2026-06-24,140.51886257561333,142.22068350147524,140.1725560125873,140.76622009277344,8324100
2026-06-25,140.4891815753522,141.58744956086855,137.8968645164054,138.0452880859375,7333300
2026-06-26,139.03472370419237,140.63759565602908,138.71809882123404,139.89552307128906,9735700
2026-06-29,140.46939054262367,140.86515653809323,136.07631854438839,137.2141571044922,10042400
2026-06-30,137.34278647757802,137.66930021446228,133.51369691344348,133.9688262939453,14148300
2026-07-01,135.7597077010077,139.84604365852172,135.16604361496206,139.66795349121094,9391700
2026-07-02,141.7259651993828,143.21011026812354,140.65737893818897,142.6956024169922,13040200
2026-07-06,142.7153917410378,143.1705210963408,139.88562127555292,141.77542114257812,9006600
2026-07-07,145.43633495212399,147.4646545668194,143.01221914382054,143.44757080078125,9256700
2026-07-08,144.45679383395426,144.45679383395426,140.934425112234,141.00367736816406,8997900
2026-07-09,135.64096663900548,137.2735353366723,133.26634047558733,136.40283203125,18763700
2026-07-10,134.4239643502271,136.50177345022746,133.87977481475042,135.9279022216797,9074900
2026-07-13,136.561135506319,138.767560222303,136.2939851737771,137.0261688232422,6716300
2026-07-14,136.7887024069684,137.32298798323302,133.97872472956806,134.01829528808594,8518600
2026-07-15,133.66210538588868,135.5420315893886,133.22675373670964,133.9688262939453,8078300
2026-07-16,135.5914853544139,138.14421665643164,135.05719977841213,137.9562225341797,7805600
2026-07-17,139.4007944277792,140.45949179228919,134.74057240692864,135.67063903808594,8579300
2026-07-20,136.11589620526743,136.13567393562545,132.53414923743347,134.0281982421875,8758700
2026-07-21,133.47411003630194,133.949047338797,132.85077936022233,133.57305908203125,7989500
2026-07-22,134.91868853470933,134.91868853470933,133.29602378068546,134.2161865234375,6198700
2026-07-23,133.27623256082987,133.90946722620518,132.31648414803374,133.52359008789062,7755700
2026-07-24,134.09745650305294,135.6805506578769,133.14761208816236,135.1957244873047,7968300
2026-07-27,135.6211877885543,138.82693157296873,135.56180930207955,138.3124237060547,7237900
2026-07-28,141.69628213763494,143.8928029284583,140.2912782003228,141.3499755859375,10648800
2026-07-29,141.76553950839082,143.6949251292903,141.07294147749164,141.98321533203125,8390800
2026-07-30,139.60859000049058,141.01357889910406,137.94633961927565,138.7180938720703,8253100
2026-07-31,138.0551724325427,138.6785181896626,136.91733392423276,138.08485412597656,9699400
2026-08-03,139.5887996469044,140.0538329994634,137.24385515240832,138.1541290283203,6645300
2026-08-04,136.31378640595798,137.73856813735512,135.6805517583931,137.62973022460938,8525200
2026-08-05,138.74778100089753,138.7873666601581,136.462199847525,137.3131103515625,6257600
2026-08-06,138.6092533879925,139.03471616420634,135.69043773247301,136.97669982910156,8510300
2026-08-07,136.08620030565325,138.01560095098017,135.7003231960887,137.55056762695312,4734000
2026-08-10,137.05585865581244,137.05585865581244,135.73001087695707,136.27420043945312,5883800
2026-08-11,135.5618103089342,137.04595543422474,135.45297239584605,136.947021484375,5823900
2026-08-12,136.06642751756058,137.28342227693042,135.28476930729107,137.23394775390625,5472700
2026-08-13,137.9364498022582,139.34143869118154,137.85729358488868,139.13365173339844,6246700
2026-08-14,139.13364806931799,139.77678665694404,138.63893304691535,139.30184936523438,3867000
2026-08-17,138.23328732215685,138.41137749516867,136.2049525769921,136.77882385253906,6856200
2026-08-18,138.87639890695473,139.31175053353675,137.58024798986088,138.64883422851562,6224700
2026-08-19,139.3810049992557,142.11184157393262,139.1435514518955,141.07293701171875,6954200
2026-08-20,140.24182919759406,141.854590010258,139.61848339722084,140.57823181152344,5350000
2026-08-21,141.16198872759466,142.04258090129292,140.1428769455901,141.9634246826172,6627600
2026-08-24,143.37832254612468,144.35784870411655,142.85392578947105,143.14085388183594,5997000
2026-08-25,142.21077953838582,142.34929914409528,140.578225964131,140.76622009277344,10194100
2026-08-26,141.181772507001,141.181772507001,139.7273091642623,140.6870574951172,8577000
2026-08-27,139.07428165866637,139.59867836321212,138.20357840696596,138.2431640625,6241300
2026-08-28,139.17323325783477,139.7965639176636,138.51031694174438,139.5789031982422,5465100
2026-08-31,139.54921119246345,139.54921119246345,137.85729421812061,138.8566131591797,6555600
2026-09-01,139.69763487120713,139.9350884270868,137.8968648857604,138.3124237060547,5529500
2026-09-02,138.78735623458877,140.21213791083318,137.82760788593814,139.0347137451172,7054500
2026-09-03,138.83684059809875,139.26228829956483,137.11522676767714,138.54000854492188,10320000
2026-09-04,137.74000549316406,139.47000122070312,137.42999267578125,137.6300048828125,6138900
2026-09-08,137.0,138.97999572753906,137.0,138.4499969482422,10086300
2026-09-09,138.00999450683594,138.1199951171875,136.3300018310547,136.69000244140625,7371700
2026-09-10,137.5,137.7899932861328,136.47999572753906,136.64999389648438,7445600
2026-09-11,137.30999755859375,137.49000549316406,136.0399932861328,136.32000732421875,8767100
2026-09-14,138.0,138.8000030517578,136.14999389648438,136.33999633789062,10764800
2026-09-15,135.77000427246094,136.02999877929688,134.75,135.5,8173500
2026-09-16,135.4199981689453,136.0500030517578,134.24000549316406,134.33999633789062,6880700
