Date,Open,High,Low,Close,Volume
2010-01-04,83.86204126108557,84.62326755347884,83.22022044674857,84.5784912109375,118944600
2010-01-05,84.52623982731122,84.83968557413895,84.22025300742887,84.8023681640625,111579900
2010-01-06,84.72029932647003,85.07106258650583,84.6531348011895,84.86209869384766,116074400
2010-01-07,84.70534813262572,85.32478067932355,84.46653151982908,85.22029876708984,131091100
2010-01-08,84.99639739747477,85.54120076704136,84.82475099864786,85.5038833618164,126402800
2010-01-11,85.88450341271869,85.92181512591176,85.2576062764038,85.62329864501953,106375700
2010-01-12,85.0561124324062,85.23522347097492,84.49638545477134,84.82476043701172,163333500
2010-01-13,85.04120204319656,85.78004591702553,84.60835074518671,85.54122924804688,161822000
2010-01-14,85.44418514566136,85.92928298615783,85.39194419015172,85.7725601196289,115718800
2010-01-15,85.6233333429342,85.70542142275903,84.48148513483605,84.80986022949219,212283100
2010-01-19,84.79491869403624,85.92183172290824,84.77252482919043,85.86959075927734,139172700
2010-01-20,85.28748709357322,85.41435720903283,84.31729682414,84.99642944335938,216490200
2010-01-21,85.0187688788673,85.27997358267294,83.2574947420129,83.36197662353516,344859600
2010-01-22,82.98886403187277,83.39186820260709,81.4141647641998,81.50372314453125,345942400
2010-01-25,82.25001347320418,82.39927741787325,81.6529747760398,81.92163848876953,186937500
2010-01-26,81.60071915943357,82.44404469610377,81.37683180778474,81.57833099365234,211168800
2010-01-27,81.473852959352,82.1529910540915,80.84696151236504,81.96641540527344,271863600
2010-01-28,82.23508959520112,82.27986593150325,80.53352048967243,81.02607727050781,316104000
2010-01-29,81.37683962879416,81.94403122305579,80.0185690671046,80.14543914794922,310677600
2010-02-01,80.71265205471485,81.39924929052985,80.22755407733993,81.39178466796875,187865000
2010-02-02,81.54104424043473,82.53362262151396,81.25744553683631,82.37689971923828,216327900
2010-02-03,82.00372711873489,82.45151323096779,81.72759880253979,81.96641540527344,172730700
2010-02-04,81.33204072623104,81.36935243115417,79.42150264772786,79.43643188476562,356715700
2010-02-05,79.52602739370192,79.76484407050012,78.04835098533769,79.60066223144531,493585800
2010-02-08,79.66031874807395,80.10064013684284,78.96625726944565,79.02596282958984,224166900
2010-02-09,79.9513997479151,80.71263162902116,79.30957902221286,80.01856994628906,337820500
2010-02-10,79.89172260936182,80.30218576178808,79.19019610623185,79.86186981201172,240511500
2010-02-11,79.75737837692637,80.78727414067001,79.2946686138216,80.69771575927734,223591600
2010-02-12,79.84693399136353,80.67533054463729,79.48871184033827,80.63055419921875,304622100
2010-02-16,81.24251711013359,81.98135523189862,80.46636157365961,81.89926147460938,159317500
2010-02-17,82.29479718435984,82.39928480191026,81.89925765975663,82.28733825683594,168845100
2010-02-18,82.15299027579883,82.94406919726515,82.12313748901032,82.77242279052734,193708600
2010-02-19,82.55600166316323,83.2649869071679,82.36196137878318,82.94407653808594,222684900
2010-02-22,83.25007250420153,83.2724606752744,82.71273362310049,82.95901489257812,132346900
2010-02-23,82.73510466855028,82.98884481330433,81.73505624820724,81.95148468017578,207497000
2010-02-24,82.19779035492091,82.83961122169518,81.98882648087134,82.70527648925781,176350700
2010-02-25,81.526087017005,82.65300543481483,81.30219967366403,82.59329986572266,259634700
2010-02-26,82.6679646516618,82.92917520569414,82.17540772870262,82.64557647705078,173589300
2010-03-01,82.98883364554732,83.58587790813988,82.9664454821214,83.5037841796875,147709700
2010-03-02,83.86204425515828,84.1381726358058,83.5859101806725,83.73516845703125,160992400
2010-03-03,83.95160048409996,84.3098283338428,83.60083725664134,83.80980682373047,150785000
2010-03-04,83.9216925602297,84.18290292404112,83.60824695625773,84.06349182128906,135770400
2010-03-05,84.60833141738773,85.33224018741423,84.40682651825183,85.26507568359375,176118800
2010-03-08,85.27252459512667,85.46655914408748,85.13072529917855,85.27998352050781,114631200
2010-03-09,85.02627440963828,85.81735352004924,84.98149806567939,85.42181396484375,154556700
2010-03-10,85.45908501978104,86.03373533291678,85.38445592238922,85.80238342285156,186088800
2010-03-11,85.60090992580919,86.18303076372061,85.3397051424217,86.16063690185547,160791100
2010-03-12,86.53376980986359,86.54869904793094,85.92926662636467,86.16808319091797,162074800
2010-03-15,86.01885953156359,86.25021157002952,85.52629696650133,86.19050598144531,146816800
2010-03-16,86.42929673836895,86.95917086710996,86.19048014944573,86.87708282470703,168673000
2010-03-17,87.13828867073781,87.6756274260053,86.8845428390452,87.39202880859375,177468100
2010-03-18,87.39946994141638,87.51887535836735,86.99646598326596,87.34722900390625,196509100
2010-03-19,86.90512084960938,87.8942967726296,86.56789827660991,86.90512084960938,226641100
2010-03-22,86.4105203642275,87.52709440581864,86.35806428771059,87.36972045898438,184477800
2010-03-23,87.49713454711278,88.0591664904984,87.21236803673527,87.9842300415039,182941600
2010-03-24,87.65449038654017,87.99920257690466,86.6128584564238,87.55706787109375,196072600
2010-03-25,88.14909627227749,88.55375999582914,87.30979881657197,87.41471099853516,223396300
2010-03-26,87.57957099743832,87.99172434739226,87.01753902426803,87.36225128173828,205808500
2010-03-29,87.80437865793093,88.07415445721718,87.44468140373912,87.91678619384766,134513500
2010-03-30,88.0216910704042,88.29896220703534,87.60953776259954,87.97673034667969,145772500
2010-03-31,87.63951560968938,88.0666596751499,87.38473052940427,87.67698669433594,161078700
2010-04-01,88.27648162841797,88.61369849009233,87.75191507802148,88.27648162841797,161215200
2010-04-05,88.61372721805722,89.0558563896893,88.36643172343955,88.99591064453125,105847600
2010-04-06,88.74108864041429,89.36307198106803,88.64367183609956,89.20570373535156,110384200
2010-04-07,89.02587137460067,89.44552010642552,88.28398501575796,88.6961441040039,184576300
2010-04-08,88.38889176625004,89.15325844342108,88.12661132497952,89.00337982177734,158704000
2010-04-09,89.19072419329923,89.6253636220025,89.02586628471147,89.58789825439453,133006500
2010-04-12,89.70029466309327,89.96258080695014,89.59538249246434,89.73027038574219,110279000
2010-04-13,89.64036883071081,89.95510541245325,89.17575360245831,89.79773712158203,125043600
2010-04-14,90.12744143582547,90.8168716430664,89.98506389553573,90.8168716430664,161609000
2010-04-15,90.66700009996977,91.10163954953345,90.63702437407382,90.89181518554688,144615300
2010-04-16,90.56959792756362,90.89182988645676,88.98841386384215,89.4455337524414,366786700
2010-04-19,89.18325551252077,89.87268018523173,88.77859171315924,89.78275299072266,217947800
2010-04-20,90.3447717390846,90.65951401470271,89.82770616961946,90.5845718383789,157708000
2010-04-21,90.63699166344374,90.84682166898838,89.91759165342557,90.419677734375,192910100
2010-04-22,89.7827242360484,90.80187591160315,89.26565875575861,90.68946838378906,115360300
2010-04-23,90.62954064104692,91.31896522975994,90.39723017952421,91.281494140625,177335500
2010-04-26,91.31146320237316,91.51379792127376,90.84685374781711,90.93677520751953,143457300
2010-04-27,90.41223187777163,90.92929752343332,88.61372800938813,88.78608703613281,355853300
2010-04-28,89.2132052874171,89.68531005733676,88.62868726910311,89.46049499511719,300674100
2010-04-29,90.00002241512378,90.7568934896863,89.97754205839233,90.56954956054688,193775000
2010-04-30,90.58456371677909,90.68198625035123,89.01087534892315,89.03335571289062,270000900
2010-05-03,89.4604900443875,90.43468097038138,89.32560215797734,90.18738555908203,182747900
2010-05-04,89.18324001403741,89.19822501854169,87.61704118957795,88.06666564941406,360353400
2010-05-05,87.34728248675948,88.27651303210234,86.90515330117864,87.54212188720703,328973200
2010-05-06,87.12244940562235,87.6769860068774,78.68447462155663,84.634521484375,647356600
2010-05-07,84.40971671124372,85.25650957845195,81.98923530306328,83.37557983398438,637558800
2010-05-10,86.7852068852395,87.41468551076474,86.11077325991859,87.04749298095703,396159600
2010-05-11,86.23070451710412,87.94677641085956,86.11080731837697,86.80023193359375,317849800
2010-05-12,87.1449327750421,88.14160419343976,86.99505414974642,88.01420593261719,235607100
2010-05-13,87.77443923546254,88.18659846518904,86.84521427432762,86.92015075683594,234452500
2010-05-14,86.26818600239702,86.4255543106614,84.58208963448187,85.34645080566406,345601400
2010-05-17,85.57870899014225,85.81850900320799,83.75772567560814,85.39136505126953,325739800
2010-05-18,86.08829976550837,86.34309053985473,83.95257963287163,84.22985076904297,360556800
2010-05-19,83.75772615238404,84.50710191214058,82.70110930411464,83.75023651123047,394742700
2010-05-20,81.96674739335691,82.34893076618717,80.53544216144022,80.58789825439453,530418300
2010-05-21,79.36638891038784,81.96671797621413,78.9542299584632,81.76438903808594,500909400
2010-05-24,81.32227128339915,81.97423038368876,80.64034217790298,80.71527862548828,269823000
2010-05-25,78.76690610670815,80.83518531759582,78.21985915076411,80.79771423339844,396505200
2010-05-26,81.29229415453732,82.03417464000444,80.07080786852627,80.31060791015625,349719300
2010-05-27,81.8243423880346,83.0308378385411,81.51709557716664,83.00086212158203,300870500
2010-05-28,82.91096408236142,82.97091553732969,81.56958029319478,81.95925903320312,297933500
2010-06-01,81.19490201225848,82.39390266897796,80.46051661133048,80.58041381835938,277909400
2010-06-02,80.99255401552294,82.6861395453957,80.5654099528864,82.67864990234375,240243700
2010-06-03,82.91849444863108,83.22573577979975,82.11666198110447,82.96345520019531,226618300
2010-06-04,81.38971574140557,81.92926729611669,79.7785564369999,80.04833221435547,398475600
2010-06-07,80.33309843028104,80.64034530978338,78.99172052973991,79.05166625976562,264609100
2010-06-08,79.11162851604995,80.05584392970009,78.42220392963863,79.89847564697266,357774300
2010-06-09,80.36307459109037,81.14242625851112,79.13409850096508,79.47132110595703,268023300
2010-06-10,80.82768459611988,81.8917969962413,79.46382069415576,81.79438018798828,317890600
2010-06-11,81.07497516177814,82.24399965998832,81.02251908089139,82.19154357910156,214128200
2010-06-14,82.82102881326155,83.27065896433628,81.98173139479644,82.06416320800781,207196100
2010-06-15,82.64115702024095,84.005020660263,82.49877379782265,83.93008422851562,238268700
2010-06-16,83.4955054868444,84.24488178247348,83.33064178704001,83.9001693725586,216374000
2010-06-17,84.13994637478537,84.17741746615711,83.21821698681325,84.0350341796875,263185800
2010-06-18,84.20142976339679,84.42730871423167,83.85507744319415,84.12613677978516,174006600
2010-06-21,85.17271405642907,85.23294498905588,83.41835961080585,83.88518524169922,213140700
2010-06-22,83.88518598154212,84.25412557926018,82.37930350736227,82.49977111816406,239355400
2010-06-23,82.55251562639332,82.84616238749751,81.67910636745194,82.24381256103516,254639900
2010-06-24,81.83721272913657,81.9426240786191,80.6701511169529,80.88097381591797,268523600
2010-06-25,81.1219015431477,81.63390190419774,80.39154749559975,81.21978759765625,238726500
2010-06-28,81.3402616078329,81.55861531145273,80.67014419597666,80.96379089355469,169218600
2010-06-29,79.8268340601063,80.94872073259785,77.96707387536749,78.4640121459961,373649500
2010-06-30,78.24566935611318,78.96849241490213,77.46260960630339,77.71861267089844,284101700
2010-07-01,77.66589242156347,77.92188969361115,76.1449478535046,77.37224578857422,382924800
2010-07-02,77.63573283666454,77.86914266593949,76.51385255934836,76.95055389404297,233385200
2010-07-06,78.03483274580206,78.58448240035307,76.70965450244212,77.45507049560547,256935300
2010-07-07,77.65083236599983,79.9924802132227,77.56800836539817,79.89459991455078,253769400
2010-07-08,80.56473017033855,80.77555284418973,79.74402679791972,80.6852035522461,210842100
2010-07-09,80.66258643448198,81.29506001194476,80.51200049648314,81.28752899169922,144999900
2010-07-12,81.01647551855956,81.49835744810082,80.67765426151783,81.34024047851562,131283600
2010-07-13,82.18352618299481,82.8912869449269,82.0178782138772,82.5675277709961,213025900
2010-07-14,82.30400218833147,82.88377013948963,81.96518094013763,82.56000518798828,184426800
2010-07-15,82.5298825433991,82.86870377391197,81.44564541458148,82.58258819580078,232337900
2010-07-16,82.1383731344471,82.22872816888474,80.15060833271394,80.30873107910156,282693400
2010-07-19,80.6023691202751,81.03907071202777,79.97742645750068,80.78307342529297,186709000
2010-07-20,79.71387750071082,81.73928518333386,79.67622814736166,81.6790542602539,258162400
2010-07-21,82.10071150777985,82.12329882531432,80.2861204060353,80.61741638183594,264527000
2010-07-22,81.57363506219623,82.7783454036883,81.56610978731327,82.41693115234375,274781300
2010-07-23,82.25132492353774,83.2527384615662,82.01791490508282,83.13227081298828,222020800
2010-07-26,83.27530782927812,84.08095480209042,83.04189786115539,83.99813079833984,184445700
2010-07-27,84.45740515115499,84.54776015474575,83.65928939180061,83.99058532714844,204855600
2010-07-28,83.81743362275837,84.07343667735344,83.1699035807957,83.44849395751953,163056200
2010-07-29,83.96803840455199,84.19392316539994,82.37933703267699,83.04192352294922,220149100
2010-07-30,82.1986058731297,83.47107859398476,82.05555092275476,83.02684020996094,220070600
2010-08-02,84.3218360830131,85.03713326849069,83.98301503085368,84.90160369873047,188263200
2010-08-03,84.69084539957677,84.9091933354748,84.2164886735911,84.49507904052734,146657300
2010-08-04,84.72846510931019,85.16517234683745,84.44988056547916,85.05976104736328,158171700
2010-08-05,84.5176577724669,85.01460176928414,84.38965913491799,84.96942138671875,140473800
2010-08-06,84.13364919838358,84.7585917813708,83.51623763595244,84.62306213378906,239728300
2010-08-09,85.02210819520451,85.21787449095399,84.57034468111591,85.07481384277344,120800400
2010-08-10,84.351996038629,85.0672935771692,83.85505786721342,84.61552429199219,242916300
2010-08-11,83.31294005371248,83.34305838928832,82.16094100424115,82.29647064208984,273406900
2010-08-12,81.05412822442722,82.08565407971166,81.01647886343007,81.79200744628906,239542600
2010-08-13,81.53599961244609,82.04046881534211,81.45317562456941,81.55105590820312,158698500
2010-08-16,80.99391155437898,81.77697135179152,80.7002648484102,81.51344299316406,147895300
2010-08-17,82.21363682401214,83.11716380530008,81.98022118733329,82.51480865478516,172270300
2010-08-18,82.47718521971429,83.10965311240231,82.00283430019827,82.66542053222656,182922100
2010-08-19,82.23626229363813,82.43955394818356,80.88849647098718,81.2273178100586,265847600
2010-08-20,80.98637821729342,81.27249963661669,80.37649749839863,80.96379089355469,209714200
2010-08-23,81.34777200379847,81.74682994062914,80.61741808417143,80.65506744384766,163490300
2010-08-24,79.77416563332777,80.10546179803609,79.03628603219057,79.45793151855469,280677800
2010-08-25,79.02120067059691,80.06778879727962,78.5242623146227,79.76661682128906,272234800
2010-08-26,80.14309125788364,80.24850260327344,78.9684986679169,79.2320327758789,224439500
2010-08-27,79.72895085639387,80.54212880907399,78.539302267601,80.45930480957031,272649000
2010-08-30,80.24849803800035,80.49697008563558,79.2847339381285,79.2922592163086,167238600
2010-08-31,78.9986125216441,79.79673433424631,78.67484748079774,79.2922592163086,273933100
2010-09-01,80.36141641210102,81.77694379319065,80.3087107581372,81.66400146484375,256828100
2010-09-02,81.85977070613028,82.4395329204256,81.68659169721909,82.42447662353516,156112200
2010-09-03,83.23010124680886,83.56892240885655,82.78586305677402,83.4936294555664,212197300
2010-09-07,83.10214763483197,83.20755897539398,82.48473589247419,82.55249786376953,141973700
2010-09-08,82.71815070493514,83.46356115494324,82.68050133348028,83.13227081298828,149924400
2010-09-09,84.06591566583617,84.08850299065466,83.2903868764683,83.51626586914062,147017900
2010-09-10,83.66686022143797,84.03579994213169,83.47862484942253,83.93791961669922,127819000
2010-09-13,84.7661097025406,85.04469423072337,84.42728276370431,84.87152099609375,178503500
2010-09-14,84.70589006181469,85.30071433469817,84.38965611759384,84.81883239746094,209823600
2010-09-15,84.57034129964296,85.2404583967187,84.31434409153967,85.142578125,168608400
2010-09-16,84.87906179862051,85.17270839943345,84.59294047358256,85.12000274658203,199962900
2010-09-17,85.56816975428384,85.65143718902732,84.9171729600575,85.1518325805664,195836900
2010-09-20,85.44698424725725,86.64300121087992,85.17447390680557,86.4537582397461,214555200
2010-09-21,86.5219321264959,86.93069206703929,85.92392334462232,86.27970123291016,268389100
2010-09-22,86.14343467398515,86.62789639749228,85.61355069342221,85.85578155517578,191322400
2010-09-23,85.15179908348092,86.0450264886984,84.91713955528259,85.15937042236328,202354300
2010-09-24,86.10556751113828,86.97608649157324,86.02987146397831,86.91552734375,209671800
2010-09-27,86.94583079114341,87.04423510194727,86.4159525402922,86.49921417236328,128761800
2010-09-28,86.61276651334586,87.08209140398301,85.67412250731172,86.80200958251953,209207500
2010-09-29,86.58247375038974,86.98367384717231,86.30996331023971,86.65060424804688,179665800
2010-09-30,87.08964536833243,87.64980312426069,85.98446098264513,86.39322662353516,287106700
2010-10-01,87.04424683332213,87.142656932629,86.24185800953711,86.75659942626953,174638700
2010-10-04,86.5749003381755,86.93824370860911,85.67410169960931,86.10557556152344,166153200
2010-10-05,86.90042907359658,88.0510245175126,86.80201897082877,87.83907318115234,229634100
2010-10-06,87.8239258521304,88.05859119803124,87.47571927864583,87.83149719238281,148626600
2010-10-07,88.18724014864054,88.20994838515573,87.19560865255607,87.7254867553711,164860000
2010-10-08,87.84662218196458,88.45976778840082,87.51355258081931,88.21753692626953,177760100
2010-10-11,88.35379195868555,88.54303499979814,87.99801411735558,88.3008041381836,103098300
2010-10-12,88.01317764033413,88.83070921127161,87.543858452576,88.5733413696289,182210000
2010-10-13,89.06533741410817,89.73904210108938,88.85338038119977,89.26214599609375,194347200
2010-10-14,89.17890246082932,89.330300381977,88.35380544772512,88.9139633178711,217764300
2010-10-15,89.5346720990312,89.58765992273598,88.38407688062476,89.09562683105469,243705000
2010-10-18,89.12590989562996,89.82989430964285,88.80041160151131,89.53467559814453,141204800
2010-10-19,88.70958044577281,89.20917913114089,87.82391851789852,88.36137390136719,280604700
2010-10-20,88.52031234054212,89.65577040227205,88.46732452867093,89.22429656982422,200051800
2010-10-21,89.62550540843702,90.14781227464287,88.72470668484074,89.4211196899414,221585500
2010-10-22,89.5573821611118,89.7239169747793,89.32272261925658,89.58766174316406,108212400
2010-10-25,90.1856620644636,90.65498687954451,89.7844677464418,89.85259246826172,151145700
2010-10-26,89.39840440304835,89.95856214341578,89.22430405311468,89.86772918701172,158982900
2010-10-27,89.23946725654748,89.7087921788397,88.76257676915094,89.61038208007812,190024000
2010-10-28,90.12511749878512,90.16296842275102,89.19404483172156,89.62551879882812,168576000
2010-10-29,89.53469341243172,89.86776311228468,89.37572990347671,89.69365692138672,144305500
2010-11-01,90.13268078640266,90.6474221200564,89.20917376644391,89.72391510009766,174074800
2010-11-02,90.39761203437122,90.64741422790425,90.15538117934379,90.43546295166016,158345900
2010-11-03,90.59443291379735,90.85180068907665,89.66335456888322,90.79881286621094,226702800
2010-11-04,91.80559657529746,92.59284843421769,90.8139647432611,92.54743194580078,215039400
2010-11-05,92.60797674887938,93.04702201365339,92.4868641992546,92.8956298828125,180654100
2010-11-08,92.6079877297897,92.87293265303626,92.30520343220556,92.7215347290039,156107100
2010-11-09,92.97131736498021,93.069721663418,91.68446704591786,92.05538177490234,186621600
2010-11-10,92.03266946783818,92.47171467267681,91.33625652065616,92.4262924194336,221387400
2010-11-11,91.63147608094702,92.2143420636218,91.35139432160315,92.07808685302734,158017600
2010-11-12,91.45738486059456,91.85857921960991,90.57172873500522,90.9880599975586,239068800
2010-11-15,91.27568903967162,91.63146681888638,90.82150697534485,90.8593521118164,163940800
2010-11-16,90.29921655387832,90.45060868734159,89.01236031848181,89.44384002685547,299566200
2010-11-17,89.48168647314489,89.86017258754373,89.21674734811366,89.4892578125,172308900
2010-11-18,90.352206667841,91.13188714789106,90.34463532840405,90.80638885498047,197723700
2010-11-19,90.76095657291044,91.09402037205211,90.26892354945892,91.0561752319336,156852900
2010-11-22,90.60199033841226,91.01832151834957,89.9055716338235,90.98047637939453,181361000
2010-11-23,89.90559148440526,90.09483454668006,89.31515405414629,89.66336059570312,222309000
2010-11-24,90.23108776538177,91.01077401572535,90.21595086184375,90.9880599975586,140046100
2010-11-26,90.20080940203296,90.69283670790249,89.92829895019531,89.92829895019531,76007800
2010-11-29,89.70117850324038,90.44301357542668,89.12587818860027,90.2007827758789,223642300
2010-11-30,89.30760516045643,90.20839837786812,89.17891546490532,89.69365692138672,233930700
2010-12-01,90.9880449552038,91.7752966395462,90.98047939230545,91.6011962890625,221037200
2010-12-02,91.74502302078946,92.84263611241636,91.69203520086535,92.77450561523438,191213600
2010-12-03,92.45657813725904,93.1302828901847,92.4338698967486,93.02430725097656,151288900
2010-12-06,92.82750086537146,93.13786224636874,92.72909655627558,92.92591094970703,103050500
2010-12-07,93.81913670220386,93.87212452541236,92.92590927151807,92.97889709472656,206581000
2010-12-08,93.09245371186623,93.39523800424772,92.66097974245842,93.31954193115234,138019200
2010-12-09,93.8418553329265,93.87970048212813,93.22113828866559,93.68289184570312,123705100
2010-12-10,93.97052410480832,94.31873060769341,93.66016852027045,94.22789764404297,117571700
2010-12-13,94.65939565010515,94.77293688357909,94.25819544928113,94.2884750366211,133812700
2010-12-14,94.4322937887903,94.79564303144808,94.08408722616508,94.37173461914062,147249600
2010-12-15,94.19764307779285,94.56855792008382,93.78130596637584,93.94026947021484,160823100
2010-12-16,94.00079831384454,94.55339050385022,93.67530007046891,94.48526000976562,185035200
2010-12-17,94.41907618043896,94.70823631172009,94.22122671924015,94.58648681640625,141075300
2010-12-20,94.84520475432637,95.04305420849919,94.34297866987181,94.81476593017578,119085500
2010-12-21,95.11155683235964,95.47681699191635,95.02024614668042,95.41593933105469,94965500
2010-12-22,95.48439456244458,95.74311582167651,95.43112807933146,95.71267700195312,78878100
2010-12-23,95.60615293388449,95.71268591002585,95.33982049353106,95.57571411132812,70053700
2010-12-27,95.21808581675461,95.70509547186391,95.14960280538597,95.61378479003906,58126000
2010-12-28,95.80396837346139,95.84201253394478,95.49958606154567,95.75070190429688,55309100
2010-12-29,95.86488263446641,96.03228745466934,95.8040049876952,95.81922149658203,58033100
2010-12-30,95.72789271093079,95.9790027965065,95.52243214337422,95.6670150756836,76616900
2010-12-31,95.5224544790353,95.78118158652767,95.37026616094252,95.68986511230469,91218900
2011-01-03,96.42036533770737,97.09761312336184,95.65180109123236,96.67909240722656,138725200
2011-01-04,96.89220229215947,96.92264112623951,96.02471584052718,96.62586975097656,137409700
2011-01-05,96.32147360588952,97.18895993494891,96.2301571165521,97.12808227539062,133975300
2011-01-06,97.16613164182905,97.27266464256729,96.64868315012343,96.9378433227539,122519000
2011-01-07,97.06720337027735,97.22700287035742,95.99426221099309,96.74760437011719,156034600
2011-01-10,96.32148721579011,96.76284160152977,96.03232119483671,96.62586975097656,122401700
2011-01-11,96.97588050593885,97.20416298925727,96.60300924697776,96.96826934814453,110287000
2011-01-12,97.56181954839565,97.94990151892111,96.9910988154796,97.84336853027344,107929200
2011-01-13,97.88144143959525,97.9270967866767,97.44008706576187,97.68358612060547,129048400
2011-01-14,97.54659966185218,98.41408590850875,97.47811665556422,98.3912582397461,117677900
2011-01-18,98.2999295001842,98.64997308360697,98.18579116386398,98.55866241455078,114401300
2011-01-19,98.47496319831609,98.5738792255136,97.33353331950121,97.59225463867188,151958400
2011-01-20,97.37158177006312,97.70639726805261,96.73998914939976,97.46289825439453,175745700
2011-01-21,98.07167979325304,98.2923511745559,97.57705310700621,97.68358612060547,151462900
2011-01-24,97.62270036819702,98.35322069467554,97.59987269654707,98.23908233642578,113715500
2011-01-25,97.9803190577479,98.37601792929772,97.48570417672796,98.29231262207031,167552200
2011-01-26,98.5358397755592,98.96197173453274,98.33798450087501,98.67280578613281,141281500
2011-01-27,98.69563023547147,99.08372380855529,98.52061424614965,98.91631317138672,123302700
2011-01-28,99.03043172653017,99.19023697962126,97.02912724929742,97.18892669677734,295637300
2011-01-31,97.4552785631949,97.99554881442523,97.21176797413833,97.91944885253906,149249200
2011-02-01,98.51301081832148,99.6620460220374,98.4521331662324,99.48703002929688,167194300
2011-02-02,99.22829646148867,99.56311774019437,99.17503577327174,99.29679107666016,118323600
2011-02-03,99.12174195141705,99.66962908647673,98.59669409060528,99.51744079589844,145886700
2011-02-04,99.55551223529012,99.83706121412239,99.09893565389608,99.79901123046875,134634800
2011-02-07,100.01969224671295,100.75020082943449,100.01207528339373,100.4229965209961,112439100
2011-02-08,100.51430411591375,100.93283069280643,100.240360502968,100.87957000732422,99072800
2011-02-09,100.60565080764462,100.92524983176547,100.14907413819941,100.65130615234375,146436700
2011-02-10,100.14145142024071,100.80347702603855,99.91316312510267,100.68933868408203,162708500
2011-02-11,100.29364228108267,101.41984985800543,100.27081461211449,101.29048919677734,137710300
2011-02-14,101.22959707694991,101.61767900517809,101.11545874841919,101.53397369384766,101690700
2011-02-15,101.22201057985927,101.37419891665593,100.68934559545805,101.21439361572266,119575400
2011-02-16,101.55680541682698,101.97532033112567,101.35134482953046,101.85357666015625,130183500
2011-02-17,101.55681111307007,102.29492497610646,101.46548884069232,102.157958984375,109810500
2011-02-18,102.24928503688936,102.49279565158722,102.01339138591655,102.37104034423828,130002400
2011-02-22,101.29808415433669,102.39385859726399,100.0425160450299,100.31645965576172,233116400
2011-02-23,100.2555580533317,100.49906858745469,99.0836955387235,99.70006561279297,227584000
2011-02-24,99.593522921877,100.01965470371746,98.69559242909584,99.63156127929688,260431400
2011-02-25,100.05012270160903,100.75781520990549,99.9892450527387,100.69693756103516,141686900
2011-02-28,101.06980327037013,101.45027984655212,100.73498202553421,101.32090759277344,141585500
2011-03-01,101.64048815577944,101.73179879153948,99.60112827111693,99.63156127929688,258565500
2011-03-02,99.4946447857356,100.30887039675878,99.19026810774574,99.84468841552734,200277400
2011-03-03,100.75018198900858,101.67854566483136,100.74257663833615,101.56440734863281,176480100
2011-03-04,101.48832768279598,101.68618295205118,100.14144883754565,100.80347442626953,277202300
2011-03-07,101.10024648703984,101.32853477802466,99.48702935687014,100.01207733154297,216790400
2011-03-08,100.1719165253456,101.20681373171301,99.73817907576291,100.88721466064453,174615000
2011-03-09,100.68933879807301,101.0545931039724,100.14145153361143,100.74259948730469,153806000
2011-03-10,99.68487395352703,99.82183996267064,98.77933774455016,98.87826538085938,301291800
2011-03-11,98.55868085848502,99.92078224211126,98.53585318694908,99.5631332397461,225621800
2011-03-14,98.91629688162253,99.28915646654717,98.20860446627711,98.96195220947266,234974100
2011-03-15,96.32908408288941,98.41410049156417,96.26060106645359,97.82816314697266,359585400
2011-03-16,97.51613975712951,97.83575029220219,95.332207971881,96.0170669555664,468670300
2011-03-17,97.40199354858152,97.69876478322595,96.7171346203208,97.28784942626953,254303700
2011-03-18,98.46711116121857,98.49768804690777,97.45065128368803,97.64171600341797,230435400
2011-03-21,98.85686968166385,99.36127157188281,98.74222387714758,99.1549301147461,153992600
2011-03-22,99.13966491618196,99.26958752909444,98.71932019107379,98.81102752685547,129538600
2011-03-23,98.53589364591028,99.35365626042231,98.06970691557926,99.09381103515625,148603100
2011-03-24,99.65934398434285,100.18668442818314,99.10143831928839,100.04147338867188,159129800
2011-03-25,100.30132956519726,100.78280468144999,100.0338343193183,100.34718322753906,155642800
2011-03-28,100.56121362740133,100.82105892221333,100.07208827059765,100.10265350341797,109762400
2011-03-29,100.0185640800216,100.8057498579167,99.689938332324,100.77518463134766,129798800
2011-03-30,101.30252707456752,101.76872550476682,101.15731600688255,101.47066497802734,135835000
2011-03-31,101.34071889892137,101.61585252620489,101.22607308491618,101.33306884765625,132537100
2011-04-01,101.95978503358045,102.23491871048498,101.51651346180839,101.76107025146484,153850100
2011-04-04,101.97505352648963,102.15847985007137,101.55472048515324,101.84513092041016,100768900
2011-04-05,101.6464610066609,102.2807974634711,101.60060732620906,101.82988739013672,120791500
2011-04-06,102.3189862812772,102.41069361845632,101.738142048035,102.15084838867188,120411600
2011-04-07,101.96739482550397,102.39537783361452,101.38656240902002,101.89097595214844,170731500
2011-04-08,102.3419181948674,102.40306030990982,101.11909921735126,101.53944396972656,147945400
2011-04-11,101.64645176726512,101.99036600106147,100.9891885299725,101.23375701904297,121385400
2011-04-12,100.668184172569,100.86688729020838,100.11027843567214,100.47711944580078,161187400
2011-04-13,100.94333454972701,101.01975345608086,100.08736816389269,100.46949768066406,162059000
2011-04-14,99.88864290035055,100.69875552527695,99.56001714791164,100.54590606689453,161220400
2011-04-15,100.72932793750466,101.1649494576187,100.43126742532169,100.9127426147461,170006700
2011-04-18,99.8045583018062,100.90509288828565,98.9791573619466,99.78163146972656,210759300
2011-04-19,99.93446798550833,100.385389502,99.68991125438498,100.35481262207031,124258800
2011-04-20,101.55473197282701,101.94449983515524,101.4859398051618,101.72286987304688,156133800
2011-04-21,102.25021499155694,102.28843027707187,101.72288603345513,102.2425765991211,135935400
2011-04-25,102.16613193862185,102.30370461516974,101.79929090393786,102.13556671142578,65757100
2011-04-26,102.44892113630416,103.22081852700384,102.34192534292335,103.01446533203125,146600000
2011-04-27,103.2131597061566,103.8398458971561,102.79281500762153,103.68699645996094,143031000
2011-04-28,103.5035903595103,104.16085356335506,103.48831357597139,104.0232925415039,124791100
2011-04-29,104.06148840075615,104.37483732982007,103.92391574291591,104.26782989501953,115094100
2011-05-02,104.7569702938113,104.8410275754246,103.90099241815969,104.10734558105469,126278700
2011-05-03,103.90863705074833,104.08441331873848,103.20550865545887,103.73284912109375,138375000
2011-05-04,103.68703407018239,103.7328877518069,102.58649906451882,103.04505920410156,182678500
2011-05-05,102.47182005724062,103.13672147342234,101.66170760495861,102.11261749267578,226900000
2011-05-06,103.12906267145941,103.65640299853658,102.16608932230584,102.56350708007812,222787200
2011-05-09,102.55591930111711,103.25903619697327,102.39541977650119,102.96097564697266,114104500
2011-05-10,103.30487249013494,104.02327771071145,103.17494987857656,103.83985137939453,114806900
2011-05-11,103.68702173564316,103.70231018158889,102.27314951984908,102.74698638916016,193564200
2011-05-12,102.47184030147199,103.45009081390455,101.9444997658379,103.23609924316406,171550700
2011-05-13,103.28957378052928,103.43478482068029,102.0744050682087,102.44124603271484,157444900
2011-05-16,102.07444388919048,102.87691827934694,101.62353381740478,101.79167175292969,141675400
2011-05-17,101.4095261415726,101.91393986826439,100.97389292442969,101.7763671875,192686200
2011-05-18,101.82982507323445,102.79278675842383,101.60818353779746,102.685791015625,135217900
2011-05-19,103.02210840788757,103.19788470046511,102.36484524687361,102.93038940429688,119489500
2011-05-20,102.66288475491709,102.93036833466593,101.92155279499931,102.11261749267578,182594900
2011-05-23,100.86688980789489,101.43244561144492,100.56882929316336,100.92803192138672,168700000
2011-05-24,101.21845469747345,101.44008465635231,100.65289889027807,100.84396362304688,147199600
2011-05-25,100.43890473939577,101.60058155002027,100.4083395140718,101.18023681640625,151050100
2011-05-26,100.9051367919787,101.82989551432088,100.71407200040687,101.64646911621094,164850000
2011-05-27,101.92919045479563,102.31131984741215,101.61585321571442,102.03618621826172,120921900
2011-05-31,102.99918789108023,103.11382207551844,102.28842096256291,103.0985336303711,164731200
2011-06-01,102.80044920550499,103.11379811905805,100.69873746020585,100.78280639648438,233094300
2011-06-02,100.8516149791857,101.06560654971904,100.0873560382335,100.67582702636719,200466800
2011-06-03,99.46829891527572,100.43891105911719,99.41480685217662,99.67465209960938,234690200
2011-06-06,99.42246955321582,99.62882278800461,98.49007246170392,98.6199951171875,179951200
2011-06-07,99.12437436876571,99.40715808419837,98.47476131799347,98.55883026123047,161660500
2011-06-08,98.40596336909094,98.7346007321152,97.96269184551424,98.1461181640625,198696400
2011-06-09,98.41365102282657,99.30018274704197,98.17673255938672,98.89512634277344,160964400
2011-06-10,98.4747692042686,98.53589965727743,97.25959445614723,97.51943969726562,238629400
2011-06-13,97.74106676457214,98.00856203468705,97.0990921102943,97.59585571289062,207599800
2011-06-14,98.49005087577886,99.17789095376553,98.45184725616839,98.83397674560547,160570400
2011-06-15,98.00855917750252,98.81867169309331,96.81631140586381,97.07615661621094,300958000
2011-06-16,97.1067271820368,97.80220553123446,96.5411772681922,97.29015350341797,308032800
2011-06-17,98.25634712244339,98.26402924053204,97.25020646317901,97.5804672241211,233284900
2011-06-20,97.25021709234707,98.28708047755308,97.21949447637374,98.07970428466797,159479000
2011-06-21,98.58662821502244,99.61580958106289,98.11811853055913,99.42379760742188,193157300
2011-06-22,99.11656128768432,99.70027333986378,98.76325417749791,98.82469940185547,176703000
2011-06-23,97.66497607411608,98.801683711401,96.9199686560323,98.5405502319336,334286500
2011-06-24,98.51748829580914,98.59428603921697,97.2502083347938,97.39613342285156,226129300
2011-06-27,97.4575704129103,98.64035869284263,97.26555849140014,98.26402282714844,168904700
2011-06-28,98.65574592893876,99.56204850389334,98.51750293857029,99.54668426513672,165556300
2011-06-29,99.99984273363839,100.56051446682709,99.56206148756779,100.39923095703125,244295500
2011-06-30,100.72178711389428,101.52055166211203,100.39153218822595,101.35926818847656,223322700
2011-07-01,101.4514276492555,102.99521117537486,101.21333471444558,102.8569564819336,202385700
2011-07-05,102.74943569940947,102.9798523876849,102.4498975204953,102.77247619628906,165936000
2011-07-06,102.52672600426325,103.02595248854645,102.23486403035395,102.8953857421875,143331600
2011-07-07,103.809374915087,104.22411569618322,103.59432240348409,103.96298217773438,170464200
2011-07-08,102.78786570483433,103.96297821251746,102.44992270820971,103.22564697265625,194100500
2011-07-11,101.95834452950969,102.28859945517802,101.12117524774278,101.35926818847656,195918600
2011-07-12,101.14421105466053,101.98138029761402,100.89075388836218,100.92147064208984,214675700
2011-07-13,101.45146483369045,102.3193628866005,101.01368353620673,101.25945281982422,204062600
2011-07-14,101.51286156301643,101.98137112168966,100.36846628836146,100.56047821044922,226111800
2011-07-15,101.1211855756319,101.28246906573986,100.43762343876756,101.14422607421875,220012800
2011-07-18,100.67568823117149,100.82929541859255,99.5620214730223,100.31470489501953,196872100
2011-07-19,100.87542971417058,102.06590655491979,100.85238920985468,101.9430160522461,166554900
2011-07-20,102.2041364414342,102.26556995834535,101.70489829055708,101.88154602050781,137145400
2011-07-21,102.45759571257307,103.54823415591612,101.89692396934839,103.2947769165039,245246300
2011-07-22,103.31781060097946,103.47141784275004,102.73408667497736,103.3638916015625,126019400
2011-07-25,102.38074699057785,103.29472550582572,102.273220795812,102.78781127929688,136653800
2011-07-26,102.71870333315997,102.88767476425126,102.17338431109664,102.40380096435547,131278200
2011-07-27,101.83548355068756,101.86621203421429,100.17649702472364,100.30707550048828,249020100
2011-07-28,100.30705970403423,101.20567433421263,99.85390253949846,100.01519775390625,207939900
2011-07-29,99.0090558156411,100.26865388013985,98.2870889275478,99.33163452148438,307038400
2011-08-01,100.49139479667795,100.58356852343972,97.94915786036923,98.90921783447266,325790900
2011-08-02,98.16420278830414,98.69415772826552,96.38233184814453,96.38233184814453,346653800
2011-08-03,96.5129094396971,97.0121359257669,94.87696353511343,96.90460968017578,370830800
2011-08-04,95.56053231249575,95.71414543084629,92.21184250909086,92.3654556274414,520721800
2011-08-05,93.51750874499719,93.75560170564188,89.75407307230243,92.22718811035156,655619200
2011-08-08,89.79246189370993,92.25789437547085,86.03670314626838,86.22103881835938,702263900
2011-08-09,87.61120940322134,90.35313972380915,84.69262551621236,90.23025512695312,717828700
2011-08-10,88.52520576015198,89.30861206787868,85.98296313562467,86.24410247802734,662607400
2011-08-11,86.98910427100539,91.33625221182119,86.2671373908341,90.11505889892578,487979700
2011-08-12,90.93686948383474,91.55898638686506,90.07665375516176,90.72181701660156,313731600
2011-08-15,91.54365117155525,92.73412216204026,91.39772016340389,92.64196014404297,258810600
2011-08-16,91.75866809588149,92.69568731362023,90.86772986926452,91.850830078125,294095200
2011-08-17,92.35775401064404,93.08739712462837,91.1826417370899,91.91228485107422,238201100
2011-08-18,89.47758676345713,91.94301999600236,87.08895715446883,87.94917297363281,512956300
2011-08-19,86.75868401196502,89.00138231674808,86.40538270584769,86.51290893554688,428281300
2011-08-22,88.45607949028289,88.50216635112258,86.33627140336,86.58204650878906,275090600
2011-08-23,86.90463230409689,89.53135505570818,86.46684517882835,89.43151092529297,331136600
2011-08-24,89.23946843196852,90.81396277688364,89.03209226153659,90.69107818603516,246869700
2011-08-25,91.1903454627538,91.70493623811039,88.99372762136791,89.30862426757812,312365400
2011-08-26,88.85544241072238,91.02133674207235,87.44223156189892,90.6065902709961,314495900
2011-08-29,91.82781553843513,93.26406738500569,90.67574355683318,93.2103042602539,190977200
2011-08-30,92.80319251407971,94.03206749683198,91.59735802166998,93.4560317993164,241315700
2011-08-31,94.05514895456332,94.86160162624515,93.16421640140824,93.87081909179688,301828400
2011-09-01,93.92453544321903,94.77706869114152,92.76478200383781,92.8876724243164,254585900
2011-09-02,90.95224483828112,92.83396599725477,90.19187894158112,90.51445770263672,255517200
2011-09-06,87.85698920385462,89.98448493563846,87.84930708496745,89.85391235351562,285130500
2011-09-07,91.2133537444807,92.42686475355713,90.90613346810792,92.38846588134766,209803200
2011-09-08,91.83550078911182,92.88772867767862,91.2210600340854,91.42843627929688,250568200
2011-09-09,90.38387808088372,91.44378208480475,88.54056192906151,89.03211212158203,380195100
2011-09-12,87.91845112481123,89.67728166050227,87.59587238719303,89.608154296875,305793500
2011-09-13,89.90001306807513,90.76790512446614,89.2625318761665,90.42996215820312,272514700
2011-09-14,90.89078290117669,92.78018583412192,89.64654909135942,91.68187713623047,319389500
2011-09-15,92.66502242436434,93.29482175422643,91.70496211300487,93.26409912109375,326777200
2011-09-16,93.6384707965594,94.16344555323535,92.88960914026595,93.81603240966797,284528300
2011-09-19,92.27971361575207,93.36054471412984,91.65437818950059,92.88188934326172,241517000
2011-09-20,93.27564177570348,94.17890555951763,92.65030621614859,92.7738265991211,218932200
2011-09-21,92.82015294035112,93.10579714234429,89.8941905782031,90.0408706665039,316251300
2011-09-22,87.43139784486844,88.17253746416415,85.92595891349501,87.13031005859375,513911300
2011-09-23,86.55132826604813,88.13397465007382,86.48184327028206,87.65531921386719,307242500
2011-09-26,88.48137617695139,89.86329523742086,87.22298337196918,89.7397689819336,260673700
2011-09-27,91.50770014850875,92.30288128762888,90.20298203283234,90.74340057373047,311753900
2011-09-28,90.92866924099746,91.47680366604871,88.75929123775798,88.89053344726562,286696800
2011-09-29,90.36511534140291,90.81288331717296,87.95640623666492,89.59309387207031,298108900
2011-09-30,88.35785719124245,89.12987868138893,87.29246965526065,87.35423278808594,288392300
2011-10-03,86.84465841243494,87.9718085962855,84.77564147343496,84.8682861328125,365136800
2011-10-04,83.6485327951389,86.9141865054204,82.93827439098332,86.72889709472656,459177500
2011-10-05,86.94507383553015,88.56631800116752,86.14217067282101,88.33470916748047,284108000
2011-10-06,88.2883963001021,90.06404844981586,87.63217907609753,89.93280029296875,257800800
2011-10-07,90.45773202782797,90.51949514388474,88.82876665467391,89.33058166503906,312657900
2011-10-10,90.85146436092384,92.35690349916068,90.8437424989174,92.31830596923828,230666300
2011-10-11,91.77019921694175,92.67346297202445,91.6775545151166,92.41097259521484,209088000
2011-10-12,93.10578374168016,94.29469745658245,92.89734054617121,93.22158813476562,281544900
2011-10-13,92.67348765659209,93.31426709560029,91.96322909025103,93.03633880615234,212538800
2011-10-14,94.11715490937623,94.64984580149337,93.59217999232155,94.6266860961914,211397600
2011-10-17,94.17885950488258,94.61119535901098,92.58849780270552,92.82010650634766,202311600
2011-10-18,92.75065006381786,95.34464242613,92.02494806660678,94.63438415527344,318857900
2011-10-19,94.47998810805902,95.02040668670755,93.1907136295206,93.51496124267578,226601300
2011-10-20,93.74656577401825,94.26381873667698,92.50361075684611,93.92413330078125,262075600
2011-10-21,95.02812917243591,95.82331631164809,94.74248497034537,95.70751190185547,278999400
2011-10-24,95.86188305112387,97.12028153508238,95.77696023723506,96.88095092773438,203215600
2011-10-25,96.41775474583179,96.46407414624906,94.78878907718999,94.99723815917969,268596800
2011-10-26,96.00083965428664,96.32508716025187,94.34871467811573,95.96224212646484,289053800
2011-10-27,98.53309503937867,99.91501413462105,97.74563575602889,99.30512237548828,393220200
2011-10-28,98.81872678107199,99.47494960064662,98.66432487649861,99.28194427490234,225906500
2011-10-31,98.17023004336185,99.29737452966758,96.74970780722649,96.888671875,228146700
2011-11-01,94.20978995339685,95.35238445296093,93.81605730887759,94.18663024902344,416565800
2011-11-02,95.59941054810136,96.03946250669001,94.79650759224462,95.72293090820312,244717600
2011-11-03,96.71113632620349,97.66072541793974,95.42186175999139,97.46772003173828,291174800
2011-11-04,96.6802551228747,97.04310028055085,95.73838794962538,96.87326049804688,249401600
2011-11-07,96.8037801209237,97.5758016584636,95.88507260643301,97.4754409790039,196617200
2011-11-08,97.98493453389561,98.83416261138416,97.05078953871283,98.72607421875,224426300
2011-11-09,96.41775470837123,97.1202970280588,94.85055216759869,95.08216094970703,337982000
2011-11-10,96.34055027666828,96.45635466355418,94.97406911351507,95.97769927978516,231866500
2011-11-11,97.14348423693548,98.03902627523442,97.11260266457239,97.78426361083984,189924400
2011-11-14,97.42137387995304,98.3941165185321,96.44090348877444,96.85779571533203,159258300
2011-11-15,96.63392159521928,97.85371687600504,96.28651430552809,97.33646392822266,184709400
2011-11-16,96.35600712165483,97.53719914278953,95.65347057871655,95.79243469238281,235782500
2011-11-17,95.6148534267604,95.85418407654824,93.5921610392344,94.27153778076172,331219600
2011-11-18,94.57262929455999,94.76563466046726,93.77744812943106,94.17118072509766,215580400
2011-11-21,92.79696753879334,92.91277192382795,91.60033793358411,92.38008117675781,229611600
2011-11-22,92.1793509505695,92.71976354296262,91.49996838864041,92.01722717285156,216494900
2011-11-23,91.15257814831182,92.01724434758358,89.98682403564453,89.98682403564453,224329100
2011-11-25,89.8478752854224,90.8669436026274,89.70891115625547,89.8169937133789,99557000
2011-11-28,92.28746653752664,92.78155991048851,91.73161002043014,92.41870880126953,210686000
2011-11-29,92.68119812011719,93.4146163053344,92.3415067214612,92.68119812011719,199241500
2011-11-30,95.33692482420999,96.6725244908936,92.64257168038775,96.49495697021484,324439500
2011-12-01,96.38688563161605,96.99678333946096,96.0626380067031,96.47953033447266,176954800
2011-12-02,97.36734860283923,97.66071463705994,96.33283678417075,96.39459991455078,221109700
2011-12-05,97.92319909580108,98.18568945486048,96.84237376454558,97.44454956054688,225263900
2011-12-06,97.43683754610414,98.13165810790144,97.08943021023396,97.4754409790039,178842100
2011-12-07,97.15117522337941,98.24745014508481,96.47952033993185,97.8382797241211,237802500
2011-12-08,97.19748458569326,97.41364961114903,95.46043662963858,95.6920394897461,240862800
2011-12-09,96.12437987203694,97.56034005326023,96.03945705239052,97.31329345703125,209111400
2011-12-12,96.46407834554029,96.47952207305568,95.08216512578221,95.89278411865234,215826100
2011-12-13,96.39459504562316,96.94272954743279,94.53402059478304,94.99723815917969,245159800
2011-12-14,94.61892758464366,94.98177853399312,93.7774272042843,93.98587036132812,238618800
2011-12-15,94.98183221975489,95.11307449985435,94.17892891611255,94.32561492919922,199109200
2011-12-16,94.96265638250019,95.52203216693324,94.24012265926915,94.46542358398438,220481400
2011-12-19,94.83058625539803,95.03258654623497,93.25344404510057,93.4554443359375,183903000
2011-12-20,94.92381068902837,96.44656876383965,93.51759146190108,96.28341674804688,225418100
2011-12-21,96.2834053138973,96.61748014296522,95.36664224301867,96.46986389160156,194230900
2011-12-22,96.82722852191371,97.4254583325172,96.51646625539844,97.32445526123047,119465400
2011-12-23,97.63526693001133,98.22572616864747,97.43327255231478,98.19464874267578,92187200
2011-12-27,98.02371016784622,98.52870788605253,97.93824874196153,98.27232360839844,86075700
2011-12-28,98.28788836692739,98.30342411736797,96.90497540859542,96.982666015625,119107100
2011-12-29,97.30119463444221,98.08588336100593,97.00596797086789,97.9848861694336,123507200
2011-12-30,97.9071531123194,98.14800159838903,97.50315856933594,97.50315856933594,95599000
2012-01-03,99.25900709778801,99.7406982060741,99.00262283398679,99.0570068359375,193697900
2012-01-04,98.8239282382267,99.29784850543541,98.4432402281024,99.21238708496094,127186500
2012-01-05,98.67632880436425,99.62416351604357,98.2257150698105,99.47654724121094,173895000
2012-01-06,99.60084946160438,99.61639113537505,98.8938574177459,99.22016143798828,148050000
2012-01-09,99.44545686317115,99.58529634657029,98.98707830559981,99.46099853515625,99530200
2012-01-10,100.5253432579937,100.72733751696397,100.18349770064488,100.32334899902344,115282000
2012-01-11,100.01259437971437,100.50982114491717,99.84944833048755,100.37774658203125,111540700
2012-01-12,100.66520105548697,100.76619226408283,99.86496516467281,100.61857604980469,118983700
2012-01-13,99.94270992928377,100.2612490871395,99.22794694288272,100.09809112548828,179836200
2012-01-17,101.06145749380507,101.24792201259545,100.14468842828173,100.48653411865234,132209200
2012-01-18,100.46322154127367,101.65190462243088,100.28453379735942,101.59752655029297,163395200
2012-01-19,101.94712621054822,102.21905210658258,101.62082224819989,102.13359069824219,126328900
2012-01-20,101.96268491844664,102.51428985595703,101.71406555997967,102.51428985595703,138230200
2012-01-23,102.1724331948228,102.74735650842827,101.76066779954532,102.25012969970703,129295800
2012-01-24,101.62082224819989,102.1646621854471,101.46544110253234,102.13359069824219,103083300
2012-01-25,101.9782247181614,103.22906283266595,101.58200091350145,102.98822021484375,198613200
2012-01-26,103.44657674796203,103.64080615368844,102.0558994190826,102.45989990234375,184880500
2012-01-27,101.96270105193189,102.59200260224301,101.89276943703314,102.41331481933594,135259100
2012-01-30,101.39553280692901,102.11807248978441,101.04592218514541,102.06368255615234,147311800
2012-01-31,102.56867367491316,102.69297149191719,101.52759499189186,102.02483367919922,157212000
2012-02-01,102.77845307141395,103.43883795957127,102.6541552300265,102.91830444335938,166234500
2012-02-02,103.12030731053264,103.3456201353474,102.71631854677184,103.08145904541016,113090400
2012-02-03,104.10697416519255,104.58865935659244,103.9282864094835,104.52650451660156,160598500
2012-02-06,104.09142885280542,104.50319428038048,103.97489594116085,104.45658111572266,107694500
2012-02-07,104.2390712354785,104.89945617983385,103.82730570470554,104.72075653076172,135528100
2012-02-08,104.77508707309578,105.05477782739833,104.34778010751972,105.0314712524414,139361400
2012-02-09,105.20242247245113,105.3422619599881,104.54203772399968,105.16357421875,148602900
2012-02-10,104.23126131707268,104.47210386071794,103.98264201084467,104.38664245605469,167907500
2012-02-13,105.13250272868267,105.28788388866458,104.68188906635925,105.16357421875,115841900
2012-02-14,104.88385504116792,105.09362607059968,104.30116695760587,105.0314712524414,165329500
2012-02-15,105.37337630690374,105.52875751260055,104.33229733360025,104.54206848144531,195195100
2012-02-16,104.54979612955276,105.79285704595955,104.36333165742249,105.69963073730469,186567800
2012-02-17,106.06480865094424,106.15027007288458,105.62973663191103,105.9793472290039,129869400
2012-02-21,106.22796481418852,106.4765841942778,105.69966641373557,106.02597045898438,134042300
2012-02-22,105.86282322527384,106.08813604314089,105.49767088306923,105.68413543701172,124455300
2012-02-23,105.62973512115879,106.22795321136184,105.27234776502247,106.1502685546875,137704300
2012-02-24,106.38336944580078,106.59314061213077,106.15030354413094,106.38336944580078,105539100
2012-02-27,105.67634133689589,106.8494827124953,105.50541850669963,106.56202697753906,145728900
2012-02-28,106.5930890446689,106.99708950349506,106.38331797982167,106.8727798461914,129355900
2012-02-29,107.02820449948452,107.36228535744584,106.0803637231657,106.45329284667969,185934700
2012-03-01,106.67855594819949,107.20686609154737,106.38332346059855,107.0048599243164,145023500
2012-03-02,106.93495023895073,107.0748015874777,106.43772339218745,106.6785659790039,120638300
2012-03-05,106.51541040590207,106.59309505498109,105.8783322674149,106.24348449707031,140765000
2012-03-06,105.15582980305572,105.21797279530104,104.38667690723959,104.6896743774414,202129900
2012-03-07,104.93052088064462,105.59090578221347,104.82951776856753,105.41998291015625,143692200
2012-03-08,106.0648147106208,106.68635128253064,105.84727868867596,106.46880340576172,116968900
2012-03-09,106.67077552468062,107.16022549025527,106.5387009717592,106.88054656982422,122836800
2012-03-12,106.8650295995513,107.0281756741765,106.50764224947679,106.88833618164062,104003500
2012-03-13,107.46328735192309,108.86950682449378,107.28458770321687,108.81511688232422,184090500
2012-03-14,108.84616360826553,109.11807766313255,108.36446662123967,108.69854736328125,145163600
2012-03-15,108.86170261660097,109.37447113568582,108.58201177481132,109.3278579711914,165118500
2012-03-16,109.52607312398415,109.6197080194134,109.24515653091927,109.47925567626953,152893500
2012-03-19,109.40904125838982,110.24398028147716,109.33100423263059,109.908447265625,125291100
2012-03-20,109.28415283329498,109.72113146554116,108.96421779655233,109.5884780883789,121729700
2012-03-21,109.65094811745709,109.75238197090307,109.18274973910248,109.40904998779297,122388400
2012-03-22,108.60530848591037,108.89403598368753,108.26197649702817,108.62091827392578,135216700
2012-03-23,108.71454991941545,109.09690037157284,108.11369818588223,108.9720458984375,120521000
2012-03-26,109.75235003769862,110.50146484374999,109.71334343983445,110.50146484375,120164000
2012-03-27,110.60287041388202,110.67309655266907,110.08785491590045,110.1580810546875,119868500
2012-03-28,110.10349964128834,110.27517152843906,108.96422365444946,109.61189270019531,148562100
2012-03-29,108.96421896695021,109.62749776666057,108.53503926753616,109.42460632324219,164963700
2012-03-30,109.96303320747926,110.06447893151841,109.2841565171252,109.877197265625,135486800
2012-04-02,109.74451629322908,110.96962789107438,109.52602702467117,110.68090057373047,151741100
2012-04-03,110.52490472663476,110.7121864576439,109.58070903795183,110.22837829589844,155806700
2012-04-04,109.41682662256893,109.5104615164397,108.73013898277812,109.13591003417969,146896000
2012-04-05,108.76133755326941,109.4011957158099,108.66769077070218,109.08126068115234,137439400
2012-04-09,107.7078846260811,109.12026606445393,107.5596214860489,107.85614776611328,127555900
2012-04-10,107.64548563718255,107.94981093349017,105.93657747069493,106.04582214355469,235360300
2012-04-11,107.13044778332896,107.3255283664419,106.70907896278548,106.90415954589844,154133000
2012-04-12,107.0056530134613,108.3868155854051,106.92761598268042,108.30097961425781,154321500
2012-04-13,108.05129661055243,108.32441434705186,106.91202010948547,107.01346588134766,169246700
2012-04-16,107.5596333363323,107.71569543001215,106.57643143005212,106.94318389892578,147825300
2012-04-17,107.55965559476941,108.74574918438114,107.45041091590892,108.52725982666016,147877600
2012-04-18,108.0434788267245,108.52727505717644,107.98105158621802,108.1605224609375,123884200
2012-04-19,108.17611502936708,108.58187416790658,106.95881380019507,107.46601867675781,198666700
2012-04-20,107.9420112801619,108.33217252447388,107.58305769641333,107.6454849243164,143199600
2012-04-23,106.54526811912928,106.83399564698749,106.0770815909049,106.74034881591797,171844900
2012-04-24,106.8339786029195,107.41922059991731,106.74814263375534,107.14610290527344,137484200
2012-04-25,108.19172489757214,108.65992322534771,108.09808999472827,108.61310577392578,150252200
2012-04-26,108.37898229292477,109.494849564151,108.31655506944303,109.3699951171875,136291600
2012-04-27,109.69775508485252,109.861616166863,109.08910439525712,109.54949188232422,130725000
2012-04-30,109.33098132451006,109.40901833391821,108.84718520515221,109.1436996459961,115092200
2012-05-01,109.08127778346406,110.54048896507082,108.9564352317587,109.82259368896484,138832200
2012-05-02,109.18271403958782,109.6040948236838,108.82377238608802,109.4948501586914,121081000
2012-05-03,109.51043774059319,109.59627367693118,108.45700969292633,108.6598892211914,143759700
2012-05-04,108.09025282512187,108.69890329189238,106.84173233048942,106.90415954589844,193927300
2012-05-07,106.52184695907053,107.34118817133833,106.48284034968873,106.98224639892578,127765900
2012-05-08,106.34234152798163,106.7247038113056,105.28110252974471,106.55303192138672,213377700
2012-05-09,105.42153846092373,106.59982074653827,104.94554142243292,105.92094421386719,220752500
2012-05-10,106.6544537784532,106.78711905677982,105.89755204824816,106.13945007324219,150600000
2012-05-11,105.47620570724999,106.80275176216949,105.42938825576007,105.81954956054688,153032400
2012-05-14,104.8050946840403,105.81951613743642,104.49297050150658,104.64903259277344,163910000
2012-05-15,104.57881268599925,105.19526215070545,103.88432621760997,104.04818725585938,207629300
2012-05-16,104.51643494521622,104.99243231677251,103.6268674532498,103.65027618408203,207265500
2012-05-17,103.67365939534577,103.79851386690478,102.05838592484267,102.1130142211914,247992900
2012-05-18,102.51096175217863,102.69044449784693,101.09078101119509,101.23904418945312,319615900
2012-05-21,101.56675969031885,103.01815973411293,101.40288675823078,102.97914123535156,177861100
2012-05-22,103.24445868516793,103.96235389109928,102.487544976428,103.15862274169922,197531200
2012-05-23,102.41735486183396,103.36155057230509,101.43415254160098,103.21328735351562,204958400
2012-05-24,103.49418234145638,103.65804340714212,102.5499868286084,103.41614532470703,167357600
2012-05-25,103.37711134819918,103.66583874154833,102.83088803301538,103.08059692382812,135465600
2012-05-29,103.9077327092619,104.50857237899262,102.35488686075662,104.3291015625,152883500
2012-05-30,103.43954508859494,104.32131329302139,102.60460623422803,102.8152847290039,162370400
2012-05-31,102.77630149788088,103.35373263869644,101.70725137048638,102.58901977539062,196186000
2012-06-01,100.98156796929281,102.61243962741695,100.00616455078125,100.00616455078125,253240900
2012-06-04,100.1856236546271,100.45874134237799,99.2102203509148,99.95933532714844,202545800
2012-06-05,99.76423948688479,100.86449121595926,99.70961714506392,100.71623992919922,164149400
2012-06-06,101.41849653909014,103.02595867115555,101.38727697737141,102.97914123535156,184202800
2012-06-07,104.14962120918769,104.1964386433966,102.8308745806924,103.04156494140625,184772700
2012-06-08,102.77628357808267,103.88434011936684,102.44853764417493,103.86093139648438,143915400
2012-06-11,104.69588432232752,104.758311560637,102.44075243055215,102.54219818115234,169756100
2012-06-12,102.83872106078944,103.79071568573274,102.3471258675529,103.72048950195312,181931800
2012-06-13,103.41616987436909,104.06383916545036,102.70607333642432,103.0572280883789,172223900
2012-06-14,103.267882291606,104.56322056821183,102.98696570037553,104.14965057373047,230615500
2012-06-15,104.61870720253098,105.3089409215795,104.39908575076943,105.2148208618164,169444500
2012-06-18,104.77561120197872,105.6776273101615,104.54029900943857,105.41878509521484,131360900
2012-06-19,105.95209746876228,106.86980370472612,105.39519267507403,106.43840026855469,137382600
2012-06-20,106.44625895454004,106.75216105437678,105.31677059561392,106.2658462524414,206451800
2012-06-21,106.39136904940003,106.50117977483353,103.79512035142314,103.88140106201172,205272200
2012-06-22,104.42261538764838,104.87754895564207,104.02258119816057,104.68145751953125,130029200
2012-06-25,103.57548272249919,103.61470339727178,102.63424637030468,103.00289916992188,146375700
2012-06-26,103.30096266289152,103.83433757471573,102.6969977088831,103.52058410644531,141634000
2012-06-27,103.8657052134738,104.65791026682541,103.51274303993976,104.4539794921875,108088000
2012-06-28,103.76373906382278,104.31280465969726,102.9715339706035,104.15592193603516,169242100
2012-06-29,106.04623050183214,106.88550746857786,105.77170971314001,106.75216674804688,212250900
2012-07-02,107.05023859973524,107.18357934648793,106.29725415119394,107.07376861572266,129524500
2012-07-03,107.05027274617476,107.85816880203394,106.94046198038251,107.77973937988281,80450000
2012-07-05,107.3796919866908,108.08562851106741,106.90122828638727,107.29341125488281,126177500
2012-07-06,106.25799860835154,106.49331065949893,105.77169581285688,106.27368927001953,151192100
2012-07-09,106.18744852300571,106.33647994373536,105.65407354189291,106.14038848876953,103780500
2012-07-10,106.68158097932493,106.85414240120492,104.85400735193872,105.2148208618164,167884800
2012-07-11,105.2696970473527,105.57559910787843,104.61867225834308,105.23047637939453,141733400
2012-07-12,104.61869032709856,105.28539392366423,104.00688610038205,104.72064971923828,143583200
2012-07-13,104.99518010419199,106.58744132092384,104.97948944095941,106.47763061523438,129642600
2012-07-16,106.23449011060309,106.5403922484938,105.81092593908026,106.22663879394531,97525200
2012-07-17,106.65020594681968,107.17572953334981,105.53640808109556,106.95610809326172,138860300
2012-07-18,106.70509851630239,107.96008835258698,106.64235979611124,107.74830627441406,113349700
2012-07-19,107.96791948213088,108.3836322904568,107.62280867346854,108.03067016601562,129847300
2012-07-20,107.41888876016618,107.58361083638728,106.92474646844632,107.04239654541016,142904500
2012-07-23,105.47365043261998,106.97179170393375,104.97949624077499,105.95995330810547,145210900
2012-07-24,106.03841076769683,106.08547079912172,104.34417782556966,105.05010223388672,173301200
2012-07-25,105.26971506210694,105.54423584785775,104.5167188012397,105.07362365722656,129122300
2012-07-26,106.58741599432169,107.03451002669493,106.09326195190211,106.80703735351562,156526500
2012-07-27,107.37181621564044,109.08173960188469,106.7835419624387,108.77582550048828,236768900
2012-07-30,108.65033608917602,109.29350971573868,108.45424467144211,108.77582550048828,106782000
2012-07-31,108.62679596917982,108.92484675784296,108.0149917602539,108.0149917602539,120575900
2012-08-01,108.79149889641096,108.81502890532644,107.77182129235581,107.92085266113281,138293800
2012-08-02,107.10513780428052,107.90519416254713,106.34430212436955,107.17572784423828,199556600
2012-08-03,108.68173584587532,109.5288524436229,107.20712414218804,109.3013916015625,157825000
2012-08-06,109.59159444636148,109.94455667526927,109.46609304144721,109.51315307617188,86326200
2012-08-07,109.95237214241853,110.53280703771772,109.83472208116132,110.06219482421875,109545100
2012-08-08,109.69351743456465,110.32100024533051,109.6621361129459,110.19551086425781,89754700
2012-08-09,110.03865483292658,110.50927902340426,109.92884411761116,110.28965759277344,90291700
2012-08-10,109.8425900606779,110.50930583084201,109.66218926357017,110.47008514404297,99792700
2012-08-13,110.28182802239266,110.470068140497,109.84257315371593,110.41516876220703,79426900
2012-08-14,110.82304535059077,110.8936473729202,110.10143020695489,110.43086242675781,102379400
2012-08-15,110.3131611759831,110.74456458581777,110.2425711548649,110.55631256103516,71085900
2012-08-16,110.71320931375706,111.50542629870844,110.43868851088315,111.37208557128906,112014200
2012-08-17,111.56033121373264,111.61524255811734,111.27011973190167,111.52111053466797,90813700
2012-08-20,111.36426197232582,111.55251408825637,111.05835976423447,111.52898406982422,78255700
2012-08-21,111.80346220233012,112.23486565613086,110.94850661018694,111.19165802001953,105581100
2012-08-22,110.90930252473677,111.41914739855513,110.65047238221709,111.2387466430664,133243500
2012-08-23,110.9642069276929,110.97204627536458,110.1563112841291,110.32887268066406,111466400
2012-08-24,110.05437642118594,111.24661592851947,109.98378636332062,110.99561309814453,99481200
2012-08-27,111.29365205336967,111.44268345582311,110.86224851165473,111.01911926269531,68785900
2012-08-28,110.73669464653425,111.25437865126743,110.57198462496079,110.90925598144531,75689600
2012-08-29,111.00346441688981,111.29367596709635,110.68971087892115,110.99561309814453,65421300
2012-08-30,110.51709161581171,110.54847293743046,109.9601988259869,110.19551086425781,96589900
2012-08-31,110.82302874229245,111.23875359024869,110.09357435814859,110.7210693359375,151970400
2012-09-04,110.62693419706378,110.95637832669861,109.91317049877732,110.61909484863281,120226200
2012-09-05,110.6661816426084,110.96424451366903,110.30538003198384,110.5250015258789,100660300
2012-09-06,111.19167446482294,112.77609648926227,111.18383511667396,112.76825714111328,158272500
2012-09-07,112.95650911306883,113.25457193263503,112.85454970253701,113.20751190185547,107272100
2012-09-10,113.09770601947534,113.29379746843941,112.52512233967246,112.5643310546875,86458500
2012-09-11,112.63493841149933,113.2388914856374,112.6035570758331,112.87808990478516,88760000
2012-09-12,113.25459289550781,113.38009431313084,112.87024929221505,113.25459289550781,87640900
2012-09-13,113.23888581341065,115.33314104649973,112.9408349503477,114.98017883300781,225470200
2012-09-14,115.20763337338732,116.17239979576192,115.11350135448154,115.49000549316406,169777000
2012-09-17,115.2546948388559,115.45078625869375,114.80760065675976,115.09782409667969,119427800
2012-09-18,114.90177133986192,115.15276221810507,114.71351920482371,115.00373077392578,98326600
2012-09-19,115.13701153445636,115.43507426745376,114.83896076992723,115.06642150878906,128318300
2012-09-20,114.54092015393127,115.13703376656291,114.22717866696104,115.07429504394531,154009800
2012-09-21,115.63336538989707,115.65702100788755,114.97886521665575,115.02617645263672,108737500
2012-09-24,114.45843052153079,115.11293076891121,114.37168923495362,114.85270690917969,95682000
2012-09-25,115.09714041594441,115.31793417680113,113.59888328743669,113.63043212890625,133165200
2012-09-26,113.60681201360866,113.63834883257523,112.7236246618477,112.99172973632812,146502200
2012-09-27,113.46485223510027,114.31649063036093,113.1651983462975,114.05626678466797,111830300
2012-09-28,113.62253841387663,113.9931590892265,113.12575847026353,113.52791595458984,150696100
2012-10-01,113.9616740155924,114.8842795095475,113.55950431633507,113.82762145996094,135911200
2012-10-02,114.27705249683383,114.45841624346727,113.41753296674612,113.94586181640625,113422200
2012-10-03,114.25337893199163,114.6791920164085,113.65408332331236,114.41108703613281,121283100
2012-10-04,114.84479844268596,115.39678284785126,114.68709033154695,115.23119354248047,124311600
2012-10-05,115.84628657751577,116.0434247636327,114.89213246247147,115.23909759521484,124842100
2012-10-08,114.81332706434428,115.22336598051115,114.58463994536231,114.84486389160156,78415400
2012-10-09,114.7580737173338,114.85269619118407,113.66986713861839,113.70929718017578,148872900
2012-10-10,113.69356433811186,113.80397330779604,112.83404446666238,112.98387145996094,124247500
2012-10-11,113.77242624177956,113.93802766655003,113.0233032958532,113.04695892333984,123601500
2012-10-12,113.1257885440415,113.51217171041837,112.43185823850814,112.67630767822266,124181900
2012-10-15,112.94444831004544,113.73300134836917,112.58172065054065,113.6147232055664,107689100
2012-10-16,114.15092846016339,114.84485895363117,114.07208037922818,114.76599884033203,108815500
2012-10-17,114.84478186334712,115.38100380263823,114.6712993564314,115.28636932373047,128834100
2012-10-18,114.98678588867188,115.53877049412648,114.60039064867266,114.98678588867188,148108500
2012-10-19,114.77385637446487,114.78173757039802,112.80247447875905,113.0705795288086,185645200
2012-10-22,112.88131807753736,113.2913688647123,112.1952810552783,113.08634948730469,125578600
2012-10-23,111.86408547130472,112.02179360337794,111.05187716038641,111.51712036132812,192056300
2012-10-24,111.91930278612692,112.05336736217306,111.02824622724188,111.20172882080078,120179400
2012-10-25,111.99030272638673,112.19532217894141,110.84690325940426,111.5250473022461,134457400
2012-10-26,111.42252978647109,111.84834306820603,110.70494374289514,111.46195983886719,146023500
2012-10-31,111.85623629810284,111.99817004789361,110.93361879501226,111.46195983886719,103438500
2012-11-01,111.69848410971831,112.77091625310106,111.59598044167,112.62898254394531,100995600
2012-11-02,113.29925330870698,113.33080215681868,111.50924723007121,111.62752532958984,137702200
2012-11-05,111.46193243895607,112.1085394163231,111.13072970613625,111.85620880126953,98378500
2012-11-06,112.19527662813653,113.17308630285937,112.07699853667617,112.73149871826172,107068100
2012-11-07,111.70639194429246,111.7221543369092,109.65614986220396,110.17659759521484,264304500
2012-11-08,110.16079153475876,110.7206691532499,108.76505011791075,108.85179138183594,181517300
2012-11-09,108.52063926186287,109.95581122301071,108.46544681924419,108.94646453857422,201055300
2012-11-12,109.28548789135529,109.45897040363285,108.78870799924796,109.03315734863281,97677500
2012-11-13,108.45756300349012,109.80599378696276,108.31562925384176,108.65470123291016,123018300
2012-11-14,108.98587666341406,109.15934719194449,106.94351597518306,107.1879653930664,191505000
2012-11-15,107.22736264004726,107.62953210472509,106.59651825087799,107.0065689086914,178128400
2012-11-16,107.16432944753043,107.74786289877416,106.21806841682421,107.53495025634766,239483900
2012-11-19,108.74140580409377,109.72709661824385,107.56647005433635,109.71133422851562,151495800
2012-11-20,109.53788078314365,109.94003841050746,108.88338046478638,109.75867462158203,119807400
2012-11-21,109.85327192933282,110.05830332684951,109.63247814151408,109.96366882324219,81710800
2012-11-23,110.49992431574314,111.50137785890063,110.42894540848512,111.46195983886719,65409200
2012-11-26,110.9099287667012,111.46980645938596,110.54720127484255,111.22535705566406,100124400
2012-11-27,111.1149547458685,111.49345664181342,110.58662592401501,110.6575927734375,128646200
2012-11-28,110.20814887064024,111.61177206875587,109.60885299884377,111.54869842529297,177086500
2012-11-29,111.96659576317094,112.37663448028256,111.47768493529382,112.06909942626953,151085900
2012-11-30,112.08487698359325,112.30567077047807,111.70637506784198,112.09275817871094,136568300
2012-12-03,112.60534549622552,112.69996798460083,111.45405308076083,111.5407943725586,124656300
2012-12-04,111.53291412097427,111.87198606209944,111.08343323266084,111.38308715820312,127512200
2012-12-05,111.47770736741013,112.10067082804795,110.6891545540992,111.5802230834961,147300500
2012-12-06,111.47772247178668,112.0060514844062,111.31213309667747,111.958740234375,103220600
2012-12-07,112.39239009152472,112.51856138291521,111.71423444074658,112.29776763916016,108726400
2012-12-10,112.14006580834283,112.61319012896406,112.09274254715915,112.34508514404297,98840700
2012-12-11,112.81035434477616,113.63833713768359,112.75516190917436,113.1100082397461,152570400
2012-12-12,113.55162507545131,113.98533160547602,113.00752161345333,113.16522979736328,145880100
2012-12-13,113.09424968263305,113.41755924284354,112.18741870701622,112.47129821777344,135715000
2012-12-14,112.2268578499025,112.43187727836529,111.87989263837875,112.05337524414062,137701700
2012-12-17,112.34510309203722,113.4333096583228,112.31355424620793,113.37022399902344,143238200
2012-12-18,113.55160634527165,114.73443557803489,113.38600495844588,114.63191986083984,177762800
2012-12-19,114.75807550510875,114.79750554728041,113.74084779829334,113.78026580810547,150895400
2012-12-20,113.85126253646789,114.45055836135917,113.53583418202926,114.43478393554688,168487000
2012-12-21,112.9036906814385,114.42844894385284,112.72104056668458,113.39605712890625,245883800
2012-12-24,113.14989209264982,113.21342521184197,112.91959513856887,113.04666137695312,53874600
2012-12-26,113.27694146666015,113.33253748181507,112.25249885174904,112.57015228271484,106947700
2012-12-27,112.60187766005235,112.83218662571937,111.11682955101182,112.41922760009766,167920600
2012-12-28,111.68862235372106,112.30805487274355,111.07712692730703,111.20419311523438,148806700
2012-12-31,110.91033864445653,113.21335523254217,110.81503296572683,113.09423828125,243935200
2013-01-02,115.23843086603759,116.06433668852443,114.93665175892882,115.99286651611328,192059000
2013-01-03,115.93731292937638,116.23907999761849,115.42111105249225,115.73082733154297,144761800
2013-01-04,115.92139852369351,116.42965106655801,115.68315249347967,116.23905181884766,116817700
2013-01-07,115.8261236559384,116.03259711934896,115.4925718891775,115.92141723632812,110002500
2013-01-08,115.71495682498436,115.8737835161149,115.13522183169317,115.587890625,121265100
2013-01-09,115.8419736601698,116.19934874743014,115.65932362998281,115.88168334960938,90745600
2013-01-10,116.52496932941742,116.81086220273068,115.92142309362235,116.80292510986328,130735400
2013-01-11,116.77116265287329,116.85851915280377,116.42968586440874,116.79499816894531,113917300
2013-01-14,116.65195156882824,116.79490396145368,116.28663955895459,116.71548461914062,89567200
2013-01-15,116.17555345817459,116.90617806724774,116.10408326305877,116.79499816894531,93172600
2013-01-16,116.55675396929833,116.96176386592965,116.429687764108,116.77911376953125,104849500
2013-01-17,117.29525466540566,117.86704023268209,116.85847234072295,117.53350067138672,133833500
2013-01-18,117.50974608705124,117.92270526470188,117.08090060164801,117.79563903808594,169906000
2013-01-22,117.79557427823435,118.43089294433594,117.51761857503502,118.43089294433594,111797300
2013-01-23,118.43096428142783,118.72479434293939,118.2165415274503,118.62155151367188,104596100
2013-01-24,118.44681942837478,119.23302798808339,118.33563952154033,118.65330505371094,146426400
2013-01-25,119.02653593726816,119.32036590576173,118.62151396156176,119.32036590576172,147211600
2013-01-28,119.35213007295293,119.38390268104969,118.73269750976061,119.17742919921875,113357700
2013-01-29,118.93919930917943,119.79687807911796,118.85977989581987,119.64598846435547,105694400
2013-01-30,119.63008586415182,119.86833195407952,119.06623718857959,119.17742919921875,137447700
2013-01-31,119.03450321424874,119.423638985071,118.80420628389416,118.88361358642578,108975800
2013-02-01,119.6379971384605,120.24949247651266,119.43152370118824,120.10655212402344,131173000
2013-02-04,119.3759448172532,120.13038053934119,118.66914376362323,118.75650024414062,159073600
2013-02-05,119.39978141770182,120.29715759751905,119.35212250857724,119.95568084716797,113912400
2013-02-06,119.53476198490677,120.12242179108812,119.44740551132624,120.04301452636719,138762800
2013-02-07,120.08279090416832,120.19397083067726,119.01068923463674,119.8842544555664,162490000
2013-02-08,120.09070176396871,120.62277787585676,120.09070176396871,120.55130767822266,103133700
2013-02-11,120.50364242474966,120.6306964951852,120.22568665291844,120.5274658203125,73775000
2013-02-12,120.53541388404413,120.9483729742184,120.40041059100058,120.72601318359375,65392700
2013-02-13,120.972160836118,121.194520561424,120.48773169505212,120.82920837402344,82322600
2013-02-14,120.46391919448979,121.08335164493961,120.32891592889916,120.94039916992188,80834300
2013-02-15,121.05164386463854,121.17871010654211,120.35280376957641,120.79752349853516,215226500
2013-02-19,121.00396019493216,121.72663559321144,120.83719640622161,121.70281219482422,95105400
2013-02-20,121.61546929020514,121.65517899785634,120.12247152997023,120.18600463867188,160574800
2013-02-21,119.88419809649142,120.24949820427297,119.07416637404488,119.45535278320312,183257000
2013-02-22,120.03507734584673,120.62274932861328,119.51095056953888,120.62274932861328,106356600
2013-02-25,121.21041898021862,121.39306903333285,118.32766723632812,118.32766723632812,245824800
2013-02-26,118.89946449921248,119.28065094391586,118.11325609666935,119.13771057128906,186596200
2013-02-27,119.03447164166066,120.97218865146681,118.93122884628113,120.6386489868164,150781900
2013-02-28,120.63074097869237,121.40106336648256,120.24161729587472,120.40044403076172,126866000
2013-03-01,119.98749135352955,120.98017364770669,119.44747800199501,120.79752349853516,170634800
2013-03-04,120.51946255388721,121.440673828125,120.32887547486781,121.440673828125,99010200
2013-03-05,122.0283907675161,122.85429669027577,122.01250446581946,122.52869415283203,121431900
2013-03-06,122.96547926356112,123.02901235404335,122.42546617100919,122.69547271728516,94469900
2013-03-07,122.85432883276549,123.07668864390382,122.71138843319122,122.91786193847656,86101400
2013-03-08,123.45783423603936,123.60871166486706,122.82251556958627,123.44194793701172,123477800
2013-03-11,123.34670872103533,123.91848244328392,123.19581910803458,123.9105453491211,83746800
2013-03-12,123.82317528712076,123.9661277903091,123.25933872076037,123.63257598876953,105755800
2013-03-13,123.69610160625223,123.98199447763652,123.27520545083911,123.80728149414062,92550900
2013-03-14,124.13291380866097,124.5220495683612,123.81526037220901,124.4664535522461,126329900
2013-03-15,124.31803520408434,124.46958369514594,123.88728256584886,124.30207824707031,138601100
2013-03-18,123.1135405256519,124.1505236939401,123.00186616424193,123.61608123779297,126704300
2013-03-19,123.87935619534284,124.04686170564814,122.51532189630305,123.3289566040039,167567300
2013-03-20,124.05482595369344,124.39782148539335,123.84742198420562,124.1904296875,113759300
2013-03-21,123.44858277753396,124.15054297058445,122.9221248043405,123.1295166015625,128605000
2013-03-22,123.52036371101666,124.11862182617188,123.42463413590892,124.11862182617188,111163600
2013-03-25,124.44567207152627,124.65307602747568,123.12153656895701,123.60013580322266,151322300
2013-03-26,124.11066009658933,124.621173295254,123.97505635946219,124.58927154541016,86856600
2013-03-27,123.84742501689733,124.62915786141102,123.6400332139255,124.58927154541016,99950600
2013-03-28,124.50949822441956,125.11574101245053,124.23829075166606,124.97215270996094,102932800
2013-04-01,124.9083406744723,125.16360336561887,124.17447869481846,124.47760009765625,99194100
2013-04-02,124.92428685633467,125.40289827513945,124.73283985449396,125.09180450439453,101504300
2013-04-03,125.16356784495733,125.25928524117576,123.49642494566457,123.8234634399414,154167400
2013-04-04,123.98306488122896,124.57335088389773,123.71185732794801,124.3260726928711,131885000
2013-04-05,122.8024819154898,123.91923802058922,122.65890576900908,123.7676773071289,159666000
2013-04-08,123.85541329323307,124.61320463357063,123.44061750326915,124.60523223876953,86571200
2013-04-09,124.83656079841383,125.49066235870124,124.42176498388025,125.03598022460938,101922200
2013-04-10,125.37094312452969,126.72699213638275,125.3390413871782,126.56745910644531,135711100
2013-04-11,126.59145621444924,127.397118530013,126.46382485354457,126.9823226928711,110142500
2013-04-12,126.57548164951145,126.86264608581483,125.96925102691308,126.67121124267578,116359900
2013-04-15,126.0330481851956,126.1367501577261,123.71978824537035,123.73573303222656,217259000
2013-04-16,124.66906961593433,125.62629280235073,124.36596030039433,125.5624771118164,147507800
2013-04-17,124.66906775594497,124.69300928968676,123.06573963433553,123.72781372070312,226834800
2013-04-18,123.93518838325483,123.967102309416,122.48342120443161,122.95404815673828,167583200
2013-04-19,123.24119042405951,124.07875434669722,122.93806903813868,124.02291107177734,149687600
2013-04-22,124.26223990214261,124.86847061515317,123.44063278688493,124.57333374023438,106553500
2013-04-23,125.19547780700984,125.97719832783623,124.57329034755318,125.85755157470703,166141300
2013-04-24,125.89748397744897,126.27239350330827,125.66615060791186,125.93737030029297,96781200
2013-04-25,126.3042724158231,127.04611893744473,126.11283757534886,126.44786071777344,131060600
2013-04-26,126.29629825704609,126.51167462116557,125.81768681935714,126.2245101928711,95918800
2013-04-29,126.56751988135814,127.34924062352944,126.36810045528209,127.07006072998047,88572800
2013-04-30,127.0460999003973,127.40505234409441,126.51962982479202,127.37313842773438,116010700
2013-05-01,127.09394187997435,127.15775753270458,126.11280208387855,126.25637817382812,138874200
2013-05-02,126.57545721675203,127.5406523271149,126.45581046288544,127.4289779663086,96407600
2013-05-03,128.53775949597969,129.1280452628055,127.45291754469578,128.72122192382812,144202300
2013-05-06,128.81689673855013,129.2316801232853,128.7610534916118,129.0482177734375,66882100
2013-05-07,129.327559177053,129.74234304130857,128.96062188156287,129.7024688720703,90359200
2013-05-08,129.5587712559387,130.3325193638554,129.48698320590734,130.29263305664062,97419200
2013-05-09,130.2367833745899,130.57977879017724,129.59863906501465,129.92568969726562,106738600
2013-05-10,130.01345714283806,130.4601545851998,129.6305631880202,130.34848022460938,103203000
2013-05-13,130.18100196800114,130.66758586592758,129.87789270992621,130.45220947265625,81843200
2013-05-14,130.55587226556133,131.89597676708692,130.55587226556133,131.8002471923828,119000900
2013-05-15,131.58494160514024,132.77347379477905,131.54505527889242,132.51023864746094,120718500
2013-05-16,132.23891935294805,132.70157356893407,131.68852016200623,131.887939453125,109913600
2013-05-17,132.37455589348534,133.24402129756606,132.19906589998035,133.1642608642578,129801000
2013-05-20,133.03667951326665,133.67482407727505,132.90107577129908,133.1563262939453,85071200
2013-05-21,133.27599024921045,133.850319161218,132.81333572722684,133.3477783203125,95804200
2013-05-22,133.48338633989536,134.86337755487074,131.7524271533222,132.35865783691406,244031800
2013-05-23,130.94680047619892,132.342736731811,130.7713103731941,131.97579956054688,211064400
2013-05-24,131.1940588443314,131.91994850876407,130.80319237003772,131.86410522460938,151573900
2013-05-28,133.24403634255773,133.83432203932463,132.2628964837895,132.6537628173828,143679800
2013-05-29,131.95186100749757,132.2549824682283,131.09036751773445,131.79232788085938,160363400
2013-05-30,131.89600302742485,132.88511551408973,131.792301039012,132.2788848876953,107793800
2013-05-31,131.9119102705031,132.6617289883241,130.12512065008684,130.38037109375,176850100
2013-06-03,130.68353184753795,131.18607266574557,129.75025045057745,131.09832763671875,168390700
2013-06-04,131.17014581817278,131.69661611319884,129.80611135771395,130.4681854248047,157631500
2013-06-05,130.09320020956173,130.3564352039876,128.5297593701479,128.6414337158203,211737800
2013-06-06,128.58564537691703,129.8140758755747,127.82785398108315,129.80609130859375,200225500
2013-06-07,130.69946890831088,131.5769068933845,130.1331125032635,131.45726013183594,188337800
2013-06-10,131.86407129269423,131.93585934962337,131.11425246274135,131.45726013183594,105667100
2013-06-11,130.2607140664172,131.24982619346275,129.8140166965785,130.10118103027344,159505400
2013-06-12,130.99461769181343,131.13022142451206,128.90470625484332,129.02435302734375,177361500
2013-06-13,128.9525080878995,131.2179085730863,128.66534378896108,130.98658752441406,163587800
2013-06-14,130.84306996477676,131.35358319735843,129.94967485065774,130.1650390625,141197500
2013-06-17,131.05046128375994,131.7923078587411,130.19695249153358,131.1701202392578,136295600
2013-06-18,131.24188186816346,132.40649640709088,131.233909474708,132.2070770263672,114695600
2013-06-19,132.0953848395641,132.32670593449606,130.32454000390769,130.38037109375,206149500
2013-06-20,129.11208764422778,130.39634897579285,126.81477242463481,127.14979553222656,321255900
2013-06-21,128.01505146353534,128.11127534953422,126.27493352106859,127.55797576904297,271956800
2013-06-24,126.226851633299,127.04477933103747,124.87965572855221,125.94618225097656,222329000
2013-06-25,127.0848785470908,128.3839625162118,126.23486804339484,127.15705871582031,162262200
2013-06-26,128.19940822186172,128.7046077941407,127.70223545929537,128.41592407226562,134848000
2013-06-27,129.1858259385878,129.76319371543048,129.06553384741375,129.16978454589844,129483700
2013-06-28,128.80893748671045,129.42639041401299,128.19147232340998,128.64053344726562,160402900
2013-07-01,129.31413814726946,130.29245522384082,129.16980230121752,129.3943328857422,131954800
2013-07-02,129.20186769541985,130.1481141804139,128.70469459754082,129.2740478515625,154863700
2013-07-03,128.68863334378054,129.72308898353296,128.48014419465062,129.3301544189453,75216400
2013-07-05,130.28438694180485,130.77354527846185,129.34616762119927,130.72543334960938,122416900
2013-07-08,131.3990235136918,131.824028528971,130.77354397286598,131.47119140625,108092500
2013-07-09,132.29718837281837,132.57785769399422,131.72784738780172,132.41748046875,119298000
2013-07-10,132.28917281340395,132.91465255241786,132.01653030891026,132.46559143066406,121410100
2013-07-11,134.00525423788577,134.4062034741626,132.45758382313733,134.26988220214844,135592200
2013-07-12,134.2297343869281,134.6627540155357,134.02124526737558,134.32595825195312,104212700
2013-07-15,134.69488229335548,135.0316781707049,134.46232489299567,134.83921813964844,69450600
2013-07-16,134.9273965137931,135.0075912340081,133.97314786481434,134.33399963378906,88702100
2013-07-17,134.84725233248912,135.10385348527035,134.50242962081455,134.67884826660156,92873900
2013-07-18,134.96747342505245,135.73730102009256,134.87926414057904,135.41653442382812,103620100
2013-07-19,135.13589080490348,135.70523168618385,134.9674867956823,135.65711975097656,103831700
2013-07-22,135.8496002747504,136.11422819441052,135.5288335981938,135.92176818847656,79428600
2013-07-23,136.16234300868584,136.18639898043526,135.5609192429549,135.63308715820312,80829700
2013-07-24,136.15431210363658,136.21045086003053,134.86325530254797,135.1359100341797,112914000
2013-07-25,134.89536534356768,135.58499853633447,134.67083474462035,135.46470642089844,111088600
2013-07-26,134.89533503952677,135.64912141065577,134.3340086682596,135.60902404785156,107814600
2013-07-29,135.26418450399132,135.56890974001837,134.80710888594643,135.1920166015625,79695000
2013-07-30,135.60099252065052,135.74532832550815,134.87126221121505,135.1920166015625,85209600
2013-07-31,135.4727022278883,136.20243262543573,135.11185043617712,135.28826904296875,142388700
2013-08-01,136.31468886561782,136.97223907244936,136.24250872326127,136.85195922851562,110438400
2013-08-02,136.54726321346777,137.10057508603097,136.36283000127966,137.08453369140625,91116700
2013-08-05,136.7797947477706,137.09253458582708,136.6033761482519,136.884033203125,54072700
2013-08-06,136.61938498493274,136.91609562326545,135.80145767535345,136.10617065429688,87495000
2013-08-07,135.67326424605614,135.86571213313567,135.16004948716895,135.6652374267578,84854700
2013-08-08,136.3066588073315,136.4670360074242,135.46466321184968,136.16232299804688,102181300
2013-08-09,135.98590987953455,136.4029004053531,135.29627687898696,135.76939392089844,91757700
2013-08-12,135.0877950393886,135.76940126307116,135.0236417061013,135.60902404785156,68593300
2013-08-13,135.84963250729336,136.2425549548058,135.0477339796347,136.010009765625,80806000
2013-08-14,135.94587245745348,136.1623885115515,135.28029513263493,135.3123779296875,79829200
2013-08-15,134.24587663297663,134.26190579852656,133.18736437847986,133.419921875,152931800
2013-08-16,133.16322345742216,133.62031134013472,132.71416238836898,132.97879028320312,130868200
2013-08-19,132.82644711323925,133.28353506291015,132.12077262364136,132.12879943847656,96437600
2013-08-20,132.34528838378748,133.27549333672852,132.20095256488122,132.7783203125,89294400
2013-08-21,132.40952584746285,133.13925669159136,131.66376583726898,131.96046447753906,159530500
2013-08-22,132.23307895598182,133.35574437757415,132.2250643746569,133.1632843017578,101471400
2013-08-23,133.5561476586389,133.7806781757617,132.9306680415118,133.61227416992188,90888900
2013-08-26,133.7486372145078,134.15761325542297,133.02693350324463,133.11514282226562,89702100
2013-08-27,131.79999903204006,133.11511169427862,130.87782092373732,130.9740447998047,158619400
2013-08-28,130.91793713035497,131.90428103820685,130.74954530725785,131.43917846679688,108113000
2013-08-29,131.15053181109857,132.34535301553342,131.03023966726767,131.647705078125,119200500
2013-08-30,131.9203002216473,131.93634161558617,130.84575931171437,131.2306671142578,134928900
2013-09-03,132.4976578236043,132.7783271338926,131.2707543558823,131.82406616210938,142375100
2013-09-04,131.8561609863426,133.13920344673042,131.61560123151963,132.9146728515625,97389400
2013-09-05,132.99484428222704,133.4358785794302,132.89860816116658,133.0830535888672,63090500
2013-09-06,133.5241253592645,133.90101866286494,131.89627225477795,133.14723205566406,159756500
2013-09-09,133.47596437360573,134.50239317862886,133.47596437360573,134.42221069335938,87559300
2013-09-10,135.23210127847264,135.44059038904865,134.92737607102006,135.41653442382812,105847200
2013-09-11,135.23214487656293,135.84158325195312,134.99959972579515,135.84158325195312,94545900
2013-09-12,135.7934527325361,135.96987133422925,135.29627971103557,135.480712890625,83209000
2013-09-13,135.6250841883918,135.8897121362839,135.31234429288278,135.78546142578125,72727800
2013-09-16,137.2529534745458,137.3171068243979,136.3548188126163,136.5713348388672,106299200
2013-09-17,136.69158193145432,137.212810902807,136.69158193145432,137.1807403564453,82523300
2013-09-18,137.1326596182019,139.1454327068184,136.78784913261433,138.76853942871094,203460600
2013-09-19,139.14541558871983,139.20956892986706,138.39964370438193,138.5359649658203,146616900
2013-09-20,138.86471727338204,138.86471727338204,137.4545550692021,137.56736755371094,132867100
2013-09-23,137.3820637183181,137.5109835160245,136.49567094610495,136.93080139160156,104616500
2013-09-24,136.90666529586207,137.41432786634175,136.35066854681827,136.6085205078125,106333100
2013-09-25,136.69714283780215,136.9711143547332,136.09278739393736,136.21365356445312,117306500
2013-09-26,136.43926680066994,137.12419547197402,136.22169543654238,136.73741149902344,77146900
2013-09-27,136.05245906468087,136.29420363826446,135.75431439145697,136.10887145996094,99141800
2013-09-30,134.95652930540314,135.81068260865936,134.69061156645108,135.38360595703125,143937000
2013-10-01,135.4883868539939,136.5842848526014,135.3514011411228,136.45535278320312,127160000
2013-10-02,135.6576222408335,136.45536335380012,135.2385991306487,136.32643127441406,113350000
2013-10-03,136.01217454222467,136.13305298420312,134.44085316162887,135.0693817138672,176698000
2013-10-04,135.1741234372706,136.22972863362156,134.99684491468537,136.09274291992188,96878000
2013-10-07,134.9082213799537,135.73820169806507,134.77123565028526,134.91627502441406,96295000
2013-10-08,134.89218077977017,135.0694594268244,133.24833876557807,133.34503173828125,178015000
2013-10-09,133.60283989350694,133.92515786411457,132.57946127858193,133.44168090820312,168973000
2013-10-10,134.80346856261957,136.39090958289123,134.75512210241084,136.31838989257812,195955000
2013-10-11,136.10886893233985,137.24505980013518,135.99605643951446,137.1967010498047,105040000
2013-10-14,136.3506015624096,137.85745664798645,136.24584272265898,137.74464416503906,112106000
2013-10-15,137.39815461906903,137.91387063530235,136.56012070355484,136.74545288085938,155485000
2013-10-16,137.56745889982994,138.72782367992218,137.50299282364185,138.65530395507812,161676000
2013-10-17,138.09113090985605,139.66246427409422,138.06695768538822,139.58187866210938,129389000
2013-10-18,140.09768803672878,140.62145797700117,139.81565050233823,140.52476501464844,138316000
2013-10-21,140.57303817317387,140.81478274860845,140.2184811019551,140.53274536132812,104104000
2013-10-22,140.9437151243197,141.76562946862802,140.55691888455593,141.34661865234375,126663000
2013-10-23,140.8631398667939,140.92760591149866,140.178211196132,140.6697540283203,105484000
2013-10-24,140.95178327932393,141.31439403274808,140.62139940137791,141.13711547851562,70350000
2013-10-25,141.42722689811558,141.82207687949563,141.15325538237084,141.7817840576172,93625000
2013-10-28,141.73341378417757,142.200783389054,141.58030846414073,142.00738525390625,84979000
2013-10-29,142.3297620013659,142.82130499684752,142.12831015560533,142.764892578125,87401000
2013-10-30,142.9340795149937,143.03882608588577,141.54809020121345,142.0557403564453,140002000
2013-10-31,141.9428925140164,142.5391940968464,141.4432961283936,141.65280151367188,133795000
2013-11-01,141.8381666590801,142.31358988866052,141.19351853143115,141.99127197265625,142805000
2013-11-04,142.37809323199795,142.54730587875736,141.8059646412145,142.49090576171875,85677000
2013-11-05,141.93488346061523,142.4264263574085,141.47557973823203,142.03964233398438,85825000
2013-11-06,142.6520800363249,143.03081049000636,142.257229992202,142.764892578125,87348000
2013-11-07,143.03080011081443,143.14361264442817,140.82288361506636,140.95986938476562,157000000
2013-11-08,140.91147490366853,142.8776460730375,140.89536761552864,142.8615264892578,136713000
2013-11-11,142.72458614852394,143.05497009504123,142.55537349977178,142.88575744628906,62614000
2013-11-12,142.57949198954975,142.91792945274915,142.1201760994398,142.59561157226562,83990000
2013-11-13,141.89456309997814,143.78014868079342,141.89456309997814,143.7398681640625,103844000
2013-11-14,143.86878325897206,144.57789738753198,143.6351046278637,144.45703125,103435000
2013-11-15,144.69073659960168,145.14198665723475,144.5054043892828,145.08558654785156,102818000
2013-11-18,145.3273030512015,145.4481691876723,144.2555782238156,144.57789611816406,104796000
2013-11-19,144.50541651062187,144.94054701822694,144.0138735932598,144.263671875,93891000
2013-11-20,144.55370356530068,144.9888338940619,143.41751285181596,143.81236267089844,124909000
2013-11-21,144.2153327535336,145.08560610871956,144.12669345914492,144.97279357910156,92841000
2013-11-22,145.02917659456168,145.71411763367496,144.85996396790966,145.697998046875,81296000
2013-11-25,145.95589747213816,145.98812435787227,145.3434759823847,145.55299377441406,79486000
2013-11-26,145.62547037300584,146.0283739514403,145.3756721216791,145.59323120117188,86994000
2013-11-27,145.7462716890759,146.04442856551037,145.56899320978061,145.94772338867188,58800000
2013-11-29,146.10892308765293,146.45541417664586,145.68990002797264,145.85105895996094,55870900
2013-12-02,145.92353984693798,146.19751118805735,145.24666513512477,145.4722900390625,99726000
2013-12-03,144.9969316103207,145.35954234636517,144.376456700246,144.8438262939453,116563000
2013-12-04,144.32003246778618,145.43203771936143,143.7156772435419,144.8276824951172,123033000
2013-12-05,144.56984663236193,144.83576443588544,144.05413060918778,144.1911163330078,106934000
2013-12-06,145.5851934936258,145.93975064876506,145.16617028340278,145.80276489257812,127728000
2013-12-09,146.2297980123089,146.39095695399516,145.9799998083493,146.1733856201172,70124000
2013-12-10,145.83497514679672,146.1411857996252,145.5610036656562,145.64964294433594,80976000
2013-12-11,145.7060703535577,145.7302435869926,143.83659166364,144.0138702392578,130591000
2013-12-12,143.94936352001346,144.1266420455511,143.2402494178629,143.5384063720703,115565000
2013-12-13,143.83660322273917,143.9655353418485,143.24836733581296,143.5223388671875,107808000
2013-12-16,144.19917668920297,144.89217128031646,144.1588838754651,144.416748046875,96195000
2013-12-17,144.5456606706874,144.5698338965473,143.63509484450213,143.95741271972656,89886000
2013-12-18,144.17500314624834,146.43931910308544,142.88571917892682,146.41514587402344,234906000
2013-12-19,145.99610015680534,146.41512322178596,145.61738219487955,146.24591064453125,136531200
2013-12-20,146.39179475125417,147.44503387548656,146.29457686244396,147.09664916992188,197087000
2013-12-23,147.81773704235874,147.97167363534845,147.50987621877837,147.88255310058594,85598000
2013-12-24,147.89058780407177,148.2713742583008,147.88249043612421,148.20655822753906,45368800
2013-12-26,148.53875441852878,149.04107562946845,148.52255968059828,148.96005249023438,63365000
2013-12-27,149.15444971345363,149.21925336785458,148.79796780229267,148.951904296875,61814000
2013-12-30,148.96817255323512,149.08970728060103,148.73322519349665,148.92767333984375,56857000
2013-12-31,149.1301984678259,149.63250732421875,149.01676112616758,149.63250732421875,86119900
2014-01-02,149.0573079435391,149.1302337321919,147.8420347230395,148.19851684570312,119636900
2014-01-03,148.44963797826006,148.74941371172457,147.96353621672114,148.17417907714844,81390600
2014-01-06,148.66029105731053,148.71699736559427,147.51793153621463,147.74478149414062,108028200
2014-01-07,148.33617499485302,148.90329975255247,148.22275004331314,148.6521453857422,86144200
2014-01-08,148.62786690440757,148.93573998200495,148.17416701893444,148.68458557128906,96582300
2014-01-09,149.16260108522135,149.17880818588506,148.10126469606624,148.7818145751953,90683400
2014-01-10,149.0329836006231,149.25173621262283,148.27141050598445,149.18692016601562,102026400
2014-01-13,148.8061221845073,149.21931054218263,146.9183966952136,147.20196533203125,149892000
2014-01-14,147.68805160085304,148.88712970151192,147.41259272464544,148.8061065673828,105016100
2014-01-15,149.1545305896566,149.83508059140217,148.8385600629606,149.6082305908203,98525800
2014-01-16,149.30031709578466,149.60819016870454,148.9357377192395,149.4137420654297,72290600
2014-01-17,149.1545037160873,149.4380599845266,148.5225627765538,148.7818145751953,107848700
2014-01-21,149.64067388343776,149.69739258049225,148.30387798385433,149.21937561035156,88621200
2014-01-22,149.4704801355454,149.53529617838467,149.00057309675756,149.31654357910156,61270900
2014-01-23,148.5630772343338,148.5873817066264,147.30730495789385,148.09317016601562,132496900
2014-01-24,147.12905506422504,147.1776640058846,144.88484747923889,144.93345642089844,208677100
2014-01-27,145.0711677028252,145.44385681285388,143.49941285328634,144.22047424316406,180843100
2014-01-28,144.32585458050193,145.26566888623933,144.3096474752584,145.07933044433594,110463200
2014-01-29,143.87212942500952,144.65800699978388,143.30500446444992,143.685791015625,216597300
2014-01-30,144.88488591878203,145.67886102212924,144.42307612570087,145.20895385742188,118938100
2014-01-31,143.4103039247274,145.2575177998419,143.3373905154876,144.35821533203125,194677900
2014-02-03,144.18806858252796,144.51213638599648,140.83391613081236,141.109375,254837100
2014-02-04,141.7412659270909,142.46232704377343,141.060716362166,142.09774780273438,165012400
2014-02-05,141.60353955707953,142.2354802183111,140.73665167047326,141.9195098876953,164230500
2014-02-06,142.2517209370423,143.7910614013672,141.96005499657736,143.7910614013672,132877600
2014-02-07,144.46357130140265,145.72745342591375,143.99366419006427,145.57351684570312,170787200
2014-02-10,145.5896354692764,145.88941107680628,145.19265438514924,145.84078979492188,92218800
2014-02-11,145.9623802155983,147.80959403636945,145.86514997707675,147.43690490722656,117814100
2014-02-12,147.65568401812249,148.12559110781325,147.21819113456073,147.50985717773438,94717700
2014-02-13,146.51329949081497,148.42532936929877,146.50520212185364,148.27139282226562,100542200
2014-02-14,148.13370032081158,149.36518064181845,147.9959708397461,149.0897216796875,96498400
2014-02-18,149.2192925212143,149.4704592880835,148.78989711439067,149.26791381835938,80460900
2014-02-19,148.87900661461964,149.84312495724913,148.15794529017805,148.27947998046875,126524300
2014-02-20,148.48204276747998,149.49477015948366,147.93922236885342,149.1544952392578,104998100
2014-02-21,149.43802904913107,149.79451101556347,148.91141582933338,148.9843292236328,118116400
2014-02-24,149.30029624835169,150.8153322090011,149.2354802229773,149.8107147216797,114063900
2014-02-25,149.9322998917876,150.36169542279458,149.25984725433946,149.75405883789062,117085000
2014-02-26,149.97278886331196,150.36978248940375,149.34084789926126,149.76214599609375,98677200
2014-02-27,149.54340447415106,150.58853388060575,149.37326080396693,150.54803466796875,93880800
2014-02-28,150.5237266996153,151.62557484850132,149.92419985842585,150.92881774902344,150842000
2014-03-03,149.60014631073906,150.24829457799058,148.8709872365811,149.8675079345703,167748500
2014-03-04,151.33393288178289,152.29805171078817,151.3015310321288,151.97398376464844,167545900
2014-03-05,152.1035817071545,152.3709432657178,151.8686219909639,152.11167907714844,88376900
2014-03-06,152.48432354151197,152.80839131979369,152.13593893558544,152.4600067138672,82516500
2014-03-07,153.09193258663473,153.09193258663473,151.85234326798093,152.52479553222656,114513500
2014-03-10,152.28989585532068,152.50053870317868,151.56883444402814,152.44383239746094,74939200
2014-03-11,152.6707557171944,152.88950840128172,151.34205722988028,151.6904296875,99009100
2014-03-12,150.95309777624945,151.78758414555313,150.61281049881393,151.73086547851562,104824400
2014-03-13,152.18459778141232,152.30613250992536,149.60822472058095,150.02951049804688,155014300
2014-03-14,149.76216716887183,150.53183769673154,149.42998953859203,149.6082305908203,153919600
2014-03-17,150.3616730332421,151.3176942129153,150.29685699034934,150.96121215820312,98359500
2014-03-18,151.269086895497,152.2413028245348,151.10704060532714,152.03875732421875,101804600
2014-03-19,152.05492272348843,152.26557791510368,150.26442776912222,151.22854614257812,176267300
2014-03-20,150.89640600862262,152.2251040690483,150.6290444500593,152.11167907714844,117241000
2014-03-21,152.75049559019791,153.8165164156202,151.383375908655,151.52171325683594,163128000
2014-03-24,152.0424664998827,152.22963968747018,150.23592364051524,150.8950653076172,121411000
2014-03-25,151.65999900609629,152.123846795383,150.76487310177328,151.61117553710938,103852000
2014-03-26,152.2051775256929,152.44930722730808,150.48001582366322,150.5207061767578,119843000
2014-03-27,150.34172170607778,150.82183572631462,149.65002275580326,150.20338439941406,142383000
2014-03-28,150.63467681564543,151.70069733435002,150.54516297881761,150.94390869140625,101642000
2014-03-31,151.9041115619217,152.41678276212545,150.96829540045695,152.1807861328125,99745000
2014-04-01,152.67719386121232,153.27937894317867,152.1726681328073,153.1898651123047,89193000
2014-04-02,153.3851497323496,153.90595401559526,153.10032965154733,153.7025146484375,78774000
2014-04-03,153.93855397598136,153.9792443473748,153.02714925816758,153.49913024902344,77435000
2014-04-04,154.33727555329568,154.3698203951336,151.44030036843486,151.68441772460938,169381000
2014-04-07,151.3182221224456,151.57048498987527,149.69885245722065,150.00807189941406,140803000
2014-04-08,149.94302086541887,150.87070434183556,149.39780458179288,150.6265869140625,112660000
2014-04-09,151.0333894590753,152.2947035878135,150.59395347742492,152.24588012695312,100254000
2014-04-10,152.23781117571698,152.311046397869,148.8607088453003,149.04788208007812,172959000
2014-04-11,148.21779511557287,149.25940375427803,147.54237487974848,147.7051239013672,167251000
2014-04-14,148.8607356992383,149.21879118362943,147.6482443016857,148.86888122558594,132382000
2014-04-15,149.17811226817605,150.00000332158706,147.7051999591512,149.8942108154297,157093000
2014-04-16,150.92759301418945,151.47280900759694,150.2603059549142,151.4646759033203,105197000
2014-04-17,151.26131851823197,152.0994881402246,151.00091003681766,151.67633056640625,105255000
2014-04-21,151.7169683461561,152.25405134015608,151.52980757562477,152.20521545410156,68329000
2014-04-22,152.35984384196806,153.31193881811336,152.2784755258018,152.8969268798828,85790000
2014-04-23,152.83996290015287,152.9213312123795,152.41680545892427,152.5388641357422,73869000
2014-04-24,153.2875224162851,153.30380104580553,152.11570942993745,152.8480987548828,88170000
2014-04-25,152.35171075183123,152.44122459149332,151.253132939338,151.59490966796875,100380000
2014-04-28,152.21336477070057,152.7341691489963,150.51261433093316,152.0750274658203,135121000
2014-04-29,152.56327147305893,153.01897374265013,152.23777339962396,152.78298950195312,84098000
2014-04-30,152.53074327977941,153.39332444378468,152.3191583336942,153.23870849609375,101508000
2014-05-01,153.1654452803039,153.66997098203467,152.7666996153187,153.2549591064453,93019000
2014-05-02,153.23870247587024,153.91412282153638,152.80741191081154,153.03526306152344,98122000
2014-05-05,152.2865774327571,153.43397848315044,151.86342005773432,153.32818603515625,75883000
2014-05-06,152.98642230818965,153.09221476512624,151.9610922458024,151.99363708496094,85454000
2014-05-07,152.50632684972697,152.96202915503147,151.3670586695092,152.8887939453125,106500000
2014-05-08,152.750406811579,153.8408387460407,152.2377356768452,152.72598266601562,93618000
2014-05-09,152.75044853415946,153.01897762222592,152.03433785409985,152.95388793945312,83679000
2014-05-12,153.63745727644346,154.51631708838772,152.98644862867468,154.4430694580078,86940000
2014-05-13,154.64651058867025,154.9557424935837,154.42680494598076,154.5814208984375,66454000
2014-05-14,154.44305387051818,154.5163014935054,153.6292962471767,153.84901428222656,72367000
2014-05-15,153.5397930407276,153.57235030141035,151.74952862883643,152.49818420410156,154956000
2014-05-16,152.5876940379748,153.092232229652,151.9448309513776,153.02713012695312,97458000
2014-05-19,152.73420538036694,153.7107122691974,152.59586804267053,153.58865356445312,63839000
2014-05-20,153.51539585772022,153.5316744896049,152.2296695288642,152.62026977539062,111644000
2014-05-21,153.05967567853824,153.9792258101026,153.03526394203269,153.90599060058594,89093000
2014-05-22,153.94669080291055,154.5976995100597,153.68629477022586,154.28033447265625,61549000
2014-05-23,154.41863153287755,155.00453797481188,154.28029423644236,154.8987579345703,61092800
2014-05-27,155.47655707675784,155.89971459261952,155.38704322565167,155.85089111328125,72010000
2014-05-28,155.85087931750422,156.0950091126763,155.47654530931277,155.73695373535156,66723000
2014-05-29,156.09501519933391,156.56698376025776,155.69626943777257,156.54257202148438,64377000
2014-05-30,156.3960969893883,156.89248969144475,156.265892775121,156.79483032226562,76316000
2014-06-02,157.01450627613528,157.04706352945007,156.21702740727815,156.97381591796875,64656000
2014-06-03,156.59138778063894,156.97385489184703,156.4449173552182,156.89248657226562,65047000
2014-06-04,156.623932378961,157.29935270335977,156.4611833359994,157.2098388671875,55529000
2014-06-05,157.3888659864315,158.39791749942088,156.81109260644888,158.23516845703125,92103000
2014-06-06,158.57696474691588,159.03266708864416,158.5037295313433,158.9919891357422,78696000
2014-06-09,158.96754809579812,159.5371759179628,158.82106527469563,159.1547088623047,65119000
2014-06-10,158.95940506942534,159.20353483045977,158.61762837075932,159.17098999023438,57129000
2014-06-11,158.6013361189016,158.780363767152,158.25955944959293,158.61761474609375,68772000
2014-06-12,158.43050357625597,158.52001742839607,157.14476479867938,157.4946746826172,106350000
2014-06-13,157.80389789329402,158.12940843625597,157.29937207289998,157.97479248046875,82017000
2014-06-16,157.77951280534364,158.43865469286104,157.59235197212553,158.10501098632812,87424000
2014-06-17,157.88521578599915,158.65828284025315,157.71432126685013,158.5443572998047,84834000
2014-06-18,158.54443168589347,159.79761321879587,158.19450937944092,159.70809936523438,105267000
2014-06-19,159.8463945987706,159.98474431352915,159.33373576972406,159.8870849609375,85929000
2014-06-20,160.2852255054206,160.3424674572612,160.0153973248504,160.21163940429688,100587000
2014-06-23,160.25258619397073,160.30164361353548,159.86828643877416,160.1626434326172,70611000
2014-06-24,159.8764104512581,160.6695384329874,159.01786843762372,159.19775390625,96237000
2014-06-25,158.86255871792852,160.08087202961417,158.8298579305172,159.91734313964844,82782000
2014-06-26,159.94187188442567,159.95822851636223,158.73174312666816,159.80287170410156,84312000
2014-06-27,159.4267299274074,160.1626285820082,159.35314380488333,160.1135711669922,71445100
2014-06-30,160.01547320049545,160.39977299052308,159.87647300697884,160.03182983398438,70201200
2014-07-01,160.42432465971527,161.5935808306111,160.3670951489979,161.1029815673828,90470000
2014-07-02,161.11926149279643,161.47084789876564,161.0456753812845,161.2664337158203,52475000
2014-07-03,161.72435849484407,162.13318695933793,161.60171494607775,162.05960083007812,52938800
2014-07-07,161.74886065396097,161.87967624893008,161.25826162435922,161.49537658691406,61696000
2014-07-08,161.20108971708862,161.25833170188,160.06454686517728,160.45703125,108143000
2014-07-09,160.8575975434359,161.3236678466294,160.514183229928,161.17648315429688,72992000
2014-07-10,159.62303107784254,160.96398831534168,159.4922029384626,160.53880310058594,99040000
2014-07-11,160.44065102516717,160.87400821945897,160.08087996353885,160.75953674316406,64243000
2014-07-14,161.5772180998856,161.7816323724437,161.43821789172094,161.5690460205078,58658000
2014-07-15,161.66709000591572,161.97780355645713,160.55507635163508,161.2664337158203,111307000
2014-07-16,161.98604689345265,162.1086904665928,161.4218615040938,161.8634033203125,79986400
2014-07-17,161.3645926684257,161.97783533758397,159.794680456101,160.0236358642578,145398000
2014-07-18,160.54696723289518,161.82251023843452,160.45702445807092,161.6589813232422,124330000
2014-07-21,161.1520158028646,161.48725816860198,160.6123591862809,161.35643005371094,67592000
2014-07-22,161.90424401733773,162.3539578235719,161.78977254633764,162.05960083007812,67678000
2014-07-23,162.30485534300743,162.59104017928084,161.9777976527959,162.41932678222656,65612000
2014-07-24,162.57476655636734,162.7628242004315,162.26405285851195,162.42758178710938,56888000
2014-07-25,161.96965858883283,162.10865877003243,161.34824381233076,161.66712951660156,76837000
2014-07-28,161.69986119256254,161.96968952871265,160.76773261152442,161.73257446289062,69259000
2014-07-29,162.03512517556828,162.2640681925314,161.0130536796762,161.03758239746094,80466000
2014-07-30,161.60987082666983,161.8224695918301,160.39157010951192,161.06204223632812,104222000
2014-07-31,159.94189264820605,160.0808928465753,157.78327858116978,157.8813934326172,183479000
2014-08-01,157.44807477172515,158.42926095591787,156.63860209608427,157.39901733398438,189261000
2014-08-04,157.70150878949482,158.87076484057556,157.03103650667495,158.5355224609375,91340000
2014-08-05,157.8895771762751,158.2984056904794,156.42596410860835,156.99832153320312,152690000
2014-08-06,156.26239200253377,157.71782011265987,156.23786329657847,157.04734802246094,94818000
2014-08-07,157.75879564050018,157.91415251800467,155.8045952646244,156.1970672607422,135733000
2014-08-08,156.54858487699323,158.11029996727902,156.13157190152958,158.00401306152344,117014000
2014-08-11,158.6009142421388,159.1650995148492,158.38832793383025,158.4619140625,74544000
2014-08-12,158.30659448627696,158.748123838602,157.75876571656772,158.24118041992188,73632000
2014-08-13,158.86257253309796,159.4921719144952,158.59275670324052,159.31228637695312,69047000
2014-08-14,159.57392749405196,160.06451416015625,159.42674276070255,160.06451416015625,57371000
2014-08-15,160.64507258703415,160.79224485906732,158.8789304639014,160.03182983398438,139951000
2014-08-18,160.91490154768604,161.44637361190075,160.824958777816,161.37278747558594,75424000
2014-08-19,161.76522155843435,162.33757883461035,161.43816382246317,162.21493530273438,59135000
2014-08-20,161.994156993898,162.8445270305085,161.96145621239097,162.64828491210938,72763000
2014-08-21,162.78725534620554,163.335083790707,162.6564272911589,163.12249755859375,67791000
2014-08-22,162.9916773231854,163.27786214777356,162.50109080789937,162.86903381347656,76107000
2014-08-25,163.64585835165315,164.013801476842,162.83637349507399,163.69491577148438,63855000
2014-08-26,163.80126953125,164.2019260536078,163.7603841756692,163.80126953125,47298000
2014-08-27,163.88295104803888,163.99743498065573,163.48230718969182,163.73577880859375,47874000
2014-08-28,163.19616017115933,163.75217342755485,163.03263126390982,163.6458740234375,58330000
2014-08-29,163.89930919809888,164.12825211255011,163.38419387881018,164.11190795898438,65907000
2014-09-02,164.32456949521688,164.3490982132514,163.41696949856296,164.03021240234375,72426000
2014-09-03,164.65977348809938,164.6843022004053,163.71128835741598,163.9402313232422,57462000
2014-09-04,164.21820984871746,164.82328045009893,163.25338068926362,163.70309448242188,85236000
2014-09-05,163.67036543076046,164.50437888703135,163.0489507342672,164.43896484375,102177000
2014-09-08,164.28362221844833,164.52074970534989,163.53137937051844,164.0137939453125,64146000
2014-09-09,163.8666306451541,163.98110211790924,162.64014523286824,162.9753875732422,88591000
2014-09-10,163.06534106999337,163.69494049799076,162.52569689388076,163.58865356445312,67251000
2014-09-11,162.93456269305278,163.80127737645807,162.8119066204358,163.77674865722656,66774400
2014-09-12,163.61322744016786,163.6295716027888,162.35402823659683,162.82009887695312,117409300
2014-09-15,162.84461826205043,162.9754464142779,162.20684661551562,162.6974334716797,76401000
2014-09-16,162.39479881900812,164.21816977932258,162.30485608232257,163.92381286621094,116201000
2014-09-17,164.16099469446382,164.9050530611049,163.32698108487824,164.14463806152344,151266000
2014-09-18,164.64340356424353,165.044059960326,164.43081724926674,165.01953125,94990000
2014-09-19,165.5444991170389,165.85665270301035,164.53407063191023,164.87088012695312,121649000
2014-09-22,164.58333433620854,164.60797770517428,163.25252973818064,163.59754943847656,125553000
2014-09-23,163.0060456210686,163.68787458509792,162.61173927450238,162.66102600097656,111393000
2014-09-24,162.6857353128319,164.04118351419962,162.25857515371405,163.93438720703125,107276000
2014-09-25,163.50723724773002,163.5154600631342,161.2317485715374,161.28924560546875,150300000
2014-09-26,161.58492164706885,162.9732232043375,161.3549085229412,162.57069396972656,103547000
2014-09-29,161.17419963346188,162.56250134145887,161.05098278029266,162.2749786376953,95112000
2014-09-30,162.39815237503274,162.8992549641639,161.51095373191006,161.84776306152344,131302000
2014-10-01,161.584933044978,161.64244259745408,159.29301191976143,159.6544647216797,177798000
2014-10-02,159.51481706519604,160.23772273618704,158.01152123494995,159.6791229248047,157285000
2014-10-03,160.74699041125197,161.78206188147936,160.2541105759389,161.43704223632812,121569000
2014-10-06,162.11070939110465,162.32430201467963,160.6649104485573,161.24815368652344,104778000
2014-10-07,160.41845519396728,160.7799080430721,158.72621006841072,158.75906372070312,147913000
2014-10-08,158.84938944579716,161.76564238855954,158.01970017235396,161.53562927246094,186461000
2014-10-09,161.28096993849408,161.50277277323102,158.20042375793733,158.3318634033203,210705000
2014-10-10,158.29076904042788,159.07938175396376,156.4835179925706,156.5245819091797,221909000
2014-10-13,156.45889788893538,157.02570787709192,153.86302120684854,153.95338439941406,230939000
2014-10-14,154.78313176179998,155.9332103291191,153.64948629059703,154.19166564941406,215847000
2014-10-15,152.10507649247734,154.18341765817033,149.44347963772088,153.14834594726562,380715000
2014-10-16,150.3799534623979,154.09304229233166,150.24030352753704,153.01690673828125,270391000
2014-10-17,154.78311176482805,155.8756806219776,154.12592588766123,154.82418823242188,214625000
2014-10-20,154.54484571703,156.450670447327,154.49555898341168,156.32745361328125,130011000
2014-10-21,157.4611368097179,159.53126803190665,157.29684346647912,159.4244842529297,154949000
2014-10-22,159.70373159227262,160.11447108248385,158.22506692055734,158.29078674316406,151822000
2014-10-23,159.8762486515083,161.17418705428872,159.58051569220675,160.1309051513672,154944000
2014-10-24,160.39375903618952,161.41239740891223,159.76943956987316,161.36309814453125,117927000
2014-10-27,160.78808440907653,161.3795503038094,160.2130516044126,161.14132690429688,82954000
2014-10-28,161.6835361871969,162.9978953377704,161.6095935354976,162.98968505859375,106736000
2014-10-29,163.1046932001109,163.5729298132031,161.6671046394812,162.7432403564453,142557000
2014-10-30,162.30781908718325,164.25472026722727,162.15994635204947,163.78648376464844,113330000
2014-10-31,165.7580736159183,165.7909398037196,164.9283841282159,165.6595001220703,146903000
2014-11-03,165.87303372731682,166.3084165828584,165.37193104936478,165.74981689453125,93600000
2014-11-04,165.30624708484441,165.61020289627302,164.34511797630753,165.17481994628906,93343000
2014-11-05,166.38235665297634,166.4234331112912,165.48694752167876,166.2180633544922,91709000
2014-11-06,166.2591186417013,166.97380129322747,165.6430094497584,166.88343811035156,107089000
2014-11-07,166.89990084377743,167.25314336131757,166.43987457097933,167.03955078125,89540000
2014-11-10,167.07241245147236,167.6145790956135,166.86704268989263,167.56529235839844,66319000
2014-11-11,167.63102551675448,167.83639529466578,167.29421607263362,167.72959899902344,54499400
2014-11-12,167.0477407491378,167.77885647496277,167.01487457338536,167.54884338378906,90120300
2014-11-13,167.71321062860954,168.263600234867,166.93280782973045,167.73785400390625,85357900
2014-11-14,167.66384782597314,167.9842240942868,167.3516818341079,167.7788543701172,80417500
2014-11-17,167.4585362615405,168.0582125546518,167.29423039732146,167.8856964111328,80441000
2014-11-18,167.9432143239465,169.15900006401884,167.9432143239465,168.8550567626953,76068100
2014-11-19,168.65783817687546,168.85499763383794,167.82814896485908,168.5839080810547,82373000
2014-11-20,167.79537144056886,168.9865265537353,167.7296515868591,168.87973022460938,72840300
2014-11-21,170.57195078978833,170.73624413266037,169.20829222787106,169.7833251953125,142327300
2014-11-24,170.18583550919146,170.3665619265749,169.97225544081888,170.259765625,65880800
2014-11-25,170.48973505728972,170.69510479393398,169.8818486590781,170.13650512695312,79108300
2014-11-26,170.28440721568992,170.6705034183542,170.07082714955146,170.57192993164062,62167800
2014-11-28,170.44870043246496,170.76085396216712,169.97224105738928,170.21046447753906,57890100
2014-12-01,169.55327295242296,169.66827951941994,168.71537333634876,169.02752685546875,103968400
2014-12-02,169.06857936617251,170.32544114701997,169.043936000648,170.1200714111328,74507200
2014-12-03,170.29264350469208,170.99089331546094,170.1283501689099,170.77731323242188,68952000
2014-12-04,170.48979287558095,171.08948173499218,169.79975333478853,170.58837890625,91316600
2014-12-05,170.7608947220097,171.25378730622916,170.49802786926404,170.86769104003906,91025500
2014-12-08,170.47337921161022,170.96625924577924,169.16721766433233,169.725830078125,108588200
2014-12-09,167.88569801362604,169.71760563197813,167.50782460578156,169.61080932617188,125180100
2014-12-10,169.1507760534663,169.20827307631345,166.70275914306686,166.89170837402344,159856400
2014-12-11,167.4831974359879,169.380812542506,167.34354746438038,167.73785400390625,159012800
2014-12-12,166.46450475996315,167.43385650213014,164.99406285906872,165.02691650390625,202330200
2014-12-15,165.9223497243175,166.37416574884256,163.29361903813998,163.89329528808594,189965800
2014-12-16,163.12930790506184,166.2673512935725,162.5378419984192,162.57891845703125,259543800
2014-12-17,163.01431834199687,166.21808189144082,162.89108895330958,165.76626586914062,253910100
2014-12-18,168.18960592590847,174.9503742225222,167.5159871654493,169.86541748046875,257633900
2014-12-19,170.51387556149317,171.25729490243907,169.83655138396585,170.58822631835938,245084600
2014-12-22,170.77819441316655,171.3729248046875,170.5386561795622,171.3729248046875,148318900
2014-12-23,171.95114151074378,172.0007002789563,171.31510790944475,171.60421752929688,122167900
2014-12-24,171.82723079267222,172.0915484032343,171.57942436754888,171.6207275390625,42963400
2014-12-26,172.06679333682945,172.51284748587747,172.01723456559301,172.17417907714844,57326700
2014-12-29,171.99238910090492,172.6118987112663,171.92630656332508,172.4053955078125,79643900
2014-12-30,171.98415402522033,172.11630651218846,171.40593490341297,171.48028564453125,73540800
2014-12-31,171.80245910013662,171.96765918962677,169.65482012488775,169.77871704101562,130333800
2015-01-02,170.47254275626065,170.88554919758974,168.6553043312476,169.6878204345703,121465900
2015-01-05,168.6470660413276,168.8122661140158,166.3177160273211,166.6233367919922,169632600
2015-01-06,166.92890327683457,167.44929531034774,164.26088578879694,165.05386352539062,209151400
2015-01-07,166.37553619335011,167.44935560927416,165.9294947211136,167.11068725585938,125346700
2015-01-08,168.51494641434752,170.29088233585512,168.4984352253936,170.07611083984375,147217800
2015-01-09,170.4890728778248,170.5055966664213,168.10189588592164,168.71315002441406,158567300
2015-01-12,168.84534696175578,169.00229147312052,166.78856973022198,167.3915557861328,144396100
2015-01-13,168.60577637472915,169.72915460451395,165.62386881945937,166.92071533203125,214553300
2015-01-14,164.91343713793196,166.11116568420712,164.02135447757647,165.9129180908203,192991100
2015-01-15,166.54899117615352,166.86286751898896,164.2774556177399,164.39309692382812,176613900
2015-01-16,164.18661346110187,166.70595572276284,164.0048895862307,166.54901123046875,211879600
2015-01-20,167.1850008985163,167.4493310684787,165.34299571593226,166.90415954589844,130991100
2015-01-21,166.4416173249317,168.22580840656576,165.97905206760984,167.74671936035156,122942700
2015-01-22,168.4983992677013,170.37343973468046,167.12721463947537,170.2412872314453,174356000
2015-01-23,169.98518533689273,170.24125991747914,169.17569624213647,169.307861328125,117516800
2015-01-26,169.09316504647256,169.7952686930043,168.38279320153632,169.70440673828125,92009700
2015-01-27,167.6558760859974,168.60578608771726,166.63988352531175,167.4658966064453,134044600
2015-01-28,168.64705303956416,168.74617055474414,165.12824260715124,165.31822204589844,168514300
2015-01-29,165.51646277051452,167.1024059669704,164.11223080965064,166.84634399414062,173585400
2015-01-30,165.6734188056964,166.99503192642172,164.48395817427368,164.74827575683594,197729700
2015-02-02,165.24388830461308,166.87939036836673,163.43491798072392,166.7885284423828,163107000
2015-02-03,167.68063958790245,169.20876868484345,167.30893625739085,169.20050048828125,124212900
2015-02-04,168.4405415646292,169.6465258907375,168.1018732657409,168.55618286132812,134306700
2015-02-05,169.2170860502088,170.4065472252257,169.1427478777609,170.2578582763672,97953200
2015-02-06,170.62125595934074,171.18295139519486,169.26659504269838,169.7869873046875,125672000
2015-02-09,169.1426646169671,169.86129180480972,168.6222724580705,169.0270233154297,87219000
2015-02-10,170.05955750358785,171.08380553916865,169.0683318377307,170.82774353027344,96164200
2015-02-11,170.6625165467923,171.35636432033186,170.0182275279404,170.9268341064453,91087800
2015-02-12,171.71990129459215,172.62852094957185,170.9599705849557,172.57069396972656,97545900
2015-02-13,172.69452848136683,173.3305493595107,172.43845388699384,173.28099060058594,93670400
2015-02-17,172.96709889458353,173.72704186582325,172.7193051039149,173.55357360839844,76968200
2015-02-18,173.18196314427377,173.64452860673347,172.91763282060336,173.5701904296875,80652900
2015-02-19,172.97533102533617,173.8095993558769,172.83491037191573,173.44615173339844,91462500
2015-02-20,173.03320849141335,174.56133766054108,172.4136987099765,174.48699951171875,140896400
2015-02-23,174.2391769497112,174.4622039794922,173.85920543986055,174.4622039794922,74411100
2015-02-24,174.38784325925505,175.15604182724803,174.09047810454112,174.95779418945312,72472300
2015-02-25,174.83390718824936,175.3129962204007,174.47045946703403,174.8091278076172,73061700
2015-02-26,174.71828719907174,174.87523169819997,173.99964726116664,174.60264587402344,72697900
2015-02-27,174.5035195995795,174.7678498363769,173.95836054311377,174.00791931152344,108076000
2015-03-02,174.1069946946203,175.16429017790526,174.0574359382095,175.10647583007812,87491400
2015-03-03,174.67698803921306,175.15607714083993,173.52883035557673,174.38787841796875,110325800
2015-03-04,173.79310011661133,173.86745085276726,172.68624591289165,173.65267944335938,114497200
2015-03-05,173.9748954523809,174.12358438184387,173.338874365786,173.84274291992188,76873000
2015-03-06,172.9836023958344,173.41313258921616,171.06725921697512,171.3976593017578,188128000
2015-03-09,171.59586266964476,172.46316581955728,171.43891825845614,172.1079864501953,89818900
2015-03-10,170.74515846303427,170.82775220341048,169.27484367841856,169.31614685058594,157121300
2015-03-11,169.57219189746775,169.74566016162228,168.83704088073142,168.91964721679688,110145700
2015-03-12,169.5474329380123,171.13337647061587,169.497874171987,171.0673065185547,93993500
2015-03-13,170.79470371277253,171.7528691698583,168.9857333090318,170.01824951171875,162410900
2015-03-16,170.74513950639326,172.380641590183,170.0430234693745,172.28977966308594,136099200
2015-03-17,171.55466762970326,172.1576536807261,170.96819276629859,171.77769470214844,94510400
2015-03-18,171.30687635619972,174.51181159260238,170.67084266564368,173.84274291992188,228808500
2015-03-19,173.42971522233455,173.8509773639673,172.66151648881646,173.04974365234375,117917300
2015-03-20,173.99640669875154,175.0833117613719,173.81387167111257,174.5771942138672,177715100
2015-03-23,174.5855025701291,175.1579976944319,174.23703002929688,174.23703002929688,71784500
2015-03-24,174.1125244316846,174.56884923633177,173.19155706085837,173.2579345703125,77805300
2015-03-25,173.46540362154204,173.69771863356073,170.67761081709924,170.71908569335938,159521700
2015-03-26,170.05534076691788,171.22520830472868,169.35838305008411,170.3125457763672,153067200
2015-03-27,170.19636661978635,170.87671404274337,170.00552650267113,170.70248413085938,118939000
2015-03-30,171.7312812473768,173.0836961316314,171.7146963647814,172.78500366210938,96180400
2015-03-31,171.963646532205,172.66060427186957,171.21692146997367,171.27499389648438,126768700
2015-04-01,171.24182193973758,171.26671193265366,169.6819815291534,170.66932678222656,137303600
2015-04-02,170.60293450290862,171.73132717172223,170.42039946381973,171.28329467773438,86900900
2015-04-06,170.39553160211617,172.95100982101852,170.26278918753715,172.4365997314453,114368200
2015-04-07,172.461467457011,173.20819250095542,171.94705743385904,171.98023986816406,81236300
2015-04-08,172.20430062002958,173.00080582211194,171.8143404643482,172.56106567382812,89351900
2015-04-09,172.39506560943883,173.5566405495446,171.90554564612407,173.32432556152344,85548900
2015-04-10,173.57327279212356,174.31170543599447,173.37415285413942,174.2702178955078,72722900
2015-04-13,174.12911376097568,174.75969378678676,173.43216888423098,173.48194885253906,74436600
2015-04-14,173.28288096153133,173.99642359516923,172.6606058505757,173.8138885498047,75099900
2015-04-15,174.2785640233061,175.0999592812793,174.19558892280122,174.59384155273438,99529300
2015-04-16,174.26194181977996,175.05015452218305,174.0628092028716,174.54403686523438,68934900
2015-04-17,173.35752513560135,173.59813257219798,171.75619750508687,172.53611755371094,191113200
2015-04-20,173.45709394440155,174.44443904955597,173.37413153385023,174.11256408691406,92189500
2015-04-21,174.79293925483387,174.95058431814448,173.60647404818283,173.90516662597656,72559800
2015-04-22,174.24531243943684,174.94227014118775,173.3243448273341,174.75973510742188,78264600
2015-04-23,174.36147293633184,175.8466432219657,174.24531542741792,175.19947814941406,102585900
2015-04-24,175.61430791029204,175.87151288886338,175.15797037078605,175.6060028076172,61327400
2015-04-27,176.17021507638887,176.29466502117256,174.68504488080637,174.87588500976562,79358100
2015-04-28,174.85102087644302,175.48158845695426,173.6811405816105,175.4318084716797,86863500
2015-04-29,174.5440870062389,175.30740993333464,173.90522674804797,174.7100372314453,125684900
2015-04-30,174.13746218128156,174.52742224365647,172.26233184044423,172.95928955078125,161304900
2015-05-01,173.73920137750798,174.87589915945125,173.63964141362536,174.83441162109375,103399700
2015-05-04,175.25751647959154,175.91298652826424,175.1496640952936,175.3321990966797,70927200
2015-05-05,175.09159061917188,175.44836820377265,173.1832780802404,173.32432556152344,113326200
2015-05-06,173.87189558645014,174.17888047446598,171.54873351387542,172.61074829101562,135060200
2015-05-07,172.5112715607244,173.72263947585762,172.1793965303919,173.2994842529297,88244900
2015-05-08,174.9672066267344,175.7803093912612,174.88423153107524,175.5811767578125,155877300
2015-05-11,175.53965118852454,175.8051486295798,174.66846357652057,174.74313354492188,75708100
2015-05-12,173.91341300842794,174.7597105314007,173.09200547199407,174.22039794921875,119727600
2015-05-13,174.62702471566996,175.24929994623557,174.02134703611495,174.253662109375,94667900
2015-05-14,175.26586853292397,176.16194623607984,174.99206595749692,176.0706787109375,95934000
2015-05-15,176.2615203857422,176.40256790681514,175.7802927290234,176.2615203857422,76510100
2015-05-18,176.0955698911435,177.0580124734228,176.02919235784495,176.80911254882812,74549700
2015-05-19,176.92521911976144,177.19902161819152,176.46888162237798,176.7509765625,72114600
2015-05-20,176.85065797070587,177.37337334129256,176.31135770534425,176.62664794921875,76857500
2015-05-21,176.48550322428738,177.34838570588087,176.31955308609574,177.14096069335938,64764600
2015-05-22,176.75930935079924,177.17415941398292,176.65145694332057,176.71783447265625,57433500
2015-05-26,176.22831309072097,176.65146828487644,174.40297522756453,174.8178253173828,124308600
2015-05-27,175.27415594755252,176.70953365613138,174.86759831808982,176.4772186279297,93214000
2015-05-28,176.17021111534228,176.38592856818985,175.58942361904656,176.278076171875,74974600
2015-05-29,176.21167855992059,176.25315342904204,174.9173486699629,175.18284606933594,124919600
2015-06-01,175.84664258087983,176.17851755936138,174.75143236349666,175.53965759277344,93338800
2015-06-02,175.08330724450371,176.05405477905722,174.46103221002957,175.3654022216797,91531000
2015-06-03,175.89644040068288,176.45233800913786,175.34054279222792,175.83006286621094,87820900
2015-06-04,175.12482989319332,175.78028749043622,174.02961953601317,174.34490966796875,151882800
2015-06-05,174.19554356303513,174.71825870761285,173.39073340655372,174.04620361328125,121704700
2015-06-08,173.93834636683118,174.08769898352278,172.90122113504552,172.97589111328125,89063300
2015-06-09,172.95095825195312,173.49027083493675,172.32039082500262,172.95095825195312,105034700
2015-06-10,173.71429518187028,175.40689037129914,173.65622276176234,175.0252227783203,134551300
2015-06-11,175.46495390674622,175.971071417342,175.23263891764168,175.58941650390625,73876400
2015-06-12,174.76801536778927,175.4649603607381,173.97149776140645,174.24530029296875,135382400
2015-06-15,173.1086513386087,173.7807064831923,172.40340109589576,173.4986114501953,124384200
2015-06-16,173.349323538627,174.52750941783447,173.17509351918133,174.4445343017578,85308200
2015-06-17,174.72647094726562,175.3321608927139,173.70594377840482,174.72647094726562,126708600
2015-06-18,175.32397960472704,177.00827030886364,174.75978944147187,176.54364013671875,165867900
2015-06-19,176.3018084335659,176.37684161534378,175.38469380583308,175.75987243652344,130478700
2015-06-22,176.67701763935042,177.24395207329624,176.4519053332587,176.66033935546875,70696000
2015-06-23,176.86877909092357,177.11890247001577,176.39355612027157,176.785400390625,68476800
2015-06-24,176.51856260613104,176.89374121005542,175.47639274978548,175.50140380859375,92307300
2015-06-25,176.00167167480106,176.12672698393885,174.89280128717357,174.96783447265625,97107400
2015-06-26,175.3263229424074,175.56811348606794,174.38420999329747,174.93447875976562,104174800
2015-06-29,173.45878205663925,174.9428311592116,171.19101905728778,171.26605224609375,202621300
2015-06-30,172.80010020136746,172.8501350423014,171.14930666095873,171.62454223632812,182925100
2015-07-01,173.19195405817197,173.44207737125143,172.21648458678231,173.0001983642578,135979900
2015-07-02,173.47541370625456,173.6421583216005,172.4248984581577,172.84176635742188,104373700
2015-07-06,171.55785267148914,173.1252676311306,171.35775146051736,172.3498992919922,117975400
2015-07-07,172.55001867707884,173.55883217437201,170.17386584349634,173.43377685546875,173820200
2015-07-08,172.0997778121791,172.3832449894244,170.29057227957045,170.52401733398438,164020100
2015-07-09,172.61666799820853,172.8751368028293,170.72409674318993,170.8324737548828,144113100
2015-07-10,172.82516963101017,173.40044963894204,170.8742299950883,172.98358154296875,129456900
2015-07-13,174.24247873239707,175.0011687694546,174.20078939102447,174.89279174804688,106069400
2015-07-14,174.85110984533196,175.95998021965312,174.79274222056702,175.6514892578125,81709600
2015-07-15,175.69321443252878,176.15177185705397,175.1179344564702,175.59317016601562,97914100
2015-07-16,176.6436384017293,177.0021514892578,176.401860564588,177.0021514892578,106683300
2015-07-17,176.99380980423336,177.21058930613975,176.5852873062746,177.1522216796875,89030000
2015-07-20,177.37734308080402,177.73584347269255,176.92713121534828,177.2439422607422,70446800
2015-07-21,177.11052872219872,177.36899756318357,176.24344889766735,176.54359436035156,77965000
2015-07-22,175.85989978960689,176.56024758434305,175.82655595261932,176.22674560546875,88667900
2015-07-23,176.3601524260903,176.4601966622729,174.876103554315,175.23460388183594,90509100
2015-07-24,175.33469446500777,175.39304937337204,173.08360966659248,173.41709899902344,117755000
2015-07-27,172.53333219491864,173.04191167062774,171.96638509196006,172.40826416015625,132361100
2015-07-28,173.24197951304296,174.66767351979433,172.41658910232414,174.52593994140625,123544800
2015-07-29,174.65100546901073,175.95163153209302,174.50927188232112,175.72653198242188,105791300
2015-07-30,175.21793500317514,175.9349483664293,174.60096587420767,175.76820373535156,91304400
2015-07-31,176.2684392962481,176.2934503550564,175.21793666089977,175.50140380859375,103266900
2015-08-03,175.4680379963532,175.52639288566456,173.95896554703882,174.909423828125,113965700
2015-08-04,174.8343699796766,175.29292714915863,174.0840129545583,174.5675811767578,81820800
2015-08-05,175.4597553953376,176.17676893261617,174.85946440032282,175.1429443359375,85786800
2015-08-06,175.32637610530585,175.4347658799372,173.1253130938221,173.7089385986328,116030800
2015-08-07,173.55047160996344,173.7005379686232,172.4749451523665,173.37538146972656,117858000
2015-08-10,174.48430293888842,175.64319569501873,174.48430293888842,175.55982971191406,80270700
2015-08-11,174.22577025574114,174.64263815361645,173.21694434529155,173.97564697265625,126081400
2015-08-12,172.67506764659507,174.36755074979908,171.2160296112949,174.1841278076172,172123700
2015-08-13,174.02570109250638,174.7093706772288,173.42541019141387,173.96734619140625,89383300
2015-08-14,173.77557948836994,174.67601584894675,173.63384590223302,174.60098266601562,72786500
2015-08-17,174.0090013897043,175.576416015625,173.55044416331853,175.576416015625,79072600
2015-08-18,175.30128558356714,175.65145309465998,174.83439556877664,175.06784057617188,71692700
2015-08-19,174.3258512052676,175.09288677233275,172.87515875699717,173.6838836669922,172946000
2015-08-20,172.1748126984539,173.65886172552786,169.99876128116887,170.05712890625,194327900
2015-08-21,168.18952235257711,170.03208410082271,164.67950169657928,164.93795776367188,346588500
2015-08-24,156.31717608187415,164.64619105211446,152.07344993271698,157.99298095703125,507244300
2015-08-25,162.93701933416563,162.9536976161637,155.84193059927358,156.1337432861328,369833100
2015-08-26,160.1440002975013,162.4034175624489,157.0508343737949,162.1282958984375,339257000
2015-08-27,164.26268936314614,166.26365090686062,162.75362906333933,166.1385955810547,274143900
2015-08-28,165.49658334975751,166.61378645112822,165.01301498010434,166.1468963623047,160414400
2015-08-31,165.17141124248494,166.02182537926092,164.2542967104913,164.8045654296875,163298800
2015-09-01,161.01109506866067,162.3867671258326,159.0184665026377,159.88555908203125,256000400
2015-09-02,162.2616905798971,162.96203846399754,160.4274739883416,162.92034912109375,160269300
2015-09-03,163.62897835613708,165.12137251517248,162.54513202783446,163.0370330810547,152087800
2015-09-04,160.78597809066974,161.62804679436817,159.75214096468508,160.56919860839844,207081000
2015-09-08,163.36224883448918,164.75458655536866,162.72026849359887,164.60450744628906,116025700
2015-09-09,166.18026284486263,166.3053181540487,162.03659397647715,162.40342712402344,149347700
2015-09-10,162.21165920366735,164.42939981290357,161.9532031029294,163.2871856689453,158611100
2015-09-11,162.895369450869,164.0959515157723,162.1866886503402,164.0292510986328,119691200
2015-09-14,164.20430715869924,164.25432928458272,162.9370248418414,163.42059326171875,79452000
2015-09-15,163.92082498705662,165.90512061114862,163.37890171043026,165.46324157714844,113806200
2015-09-16,165.76340900711406,167.08904628489455,165.42157417041264,166.89727783203125,99581600
2015-09-17,166.7638853009481,169.1567036506817,166.14691605513212,166.5220947265625,276046600
2015-09-18,164.01876403278732,166.5078213622885,163.3902112311698,163.8008575439453,223657500
2015-09-21,164.63055861904252,165.66975777619078,163.5997355626022,164.64732360839844,105726200
2015-09-22,162.48515858354247,162.97124114556132,161.37889907247654,162.5102996826172,153890900
2015-09-23,162.67789972312073,163.14721725645575,161.6722174676966,162.25048828125,92790600
2015-09-24,161.03525019150445,162.12474445816738,159.70272109335767,161.66380310058594,159378800
2015-09-25,163.12202764694086,163.42373351263564,160.7502868003842,161.62188720703125,155054800
2015-09-28,160.72515737628274,160.8341106320066,157.2555460629324,157.5656280517578,178515900
2015-09-29,157.78349409278962,159.0154584188091,156.6604702066107,157.65777587890625,159045600
2015-09-30,159.5434645960891,160.76705305770844,158.76406522986127,160.5994415283203,163452000
2015-10-01,160.9765723137938,161.32018426471683,159.08253771523917,161.0184783935547,131079000
2015-10-02,159.04064658051715,163.44889292368572,158.49589306831552,163.4237518310547,211003300
2015-10-05,164.64734619822048,166.55814603288178,164.53839293436835,166.3318634033203,126320800
2015-10-06,166.19776314261216,166.75926885770076,165.09989280505525,165.761962890625,110274500
2015-10-07,166.69220479911124,167.4716169552266,165.50214631315984,167.11962890625,124307300
2015-10-08,166.73409610650796,168.91308416476795,166.4323902644095,168.62814331054688,153055200
2015-10-09,168.77058954139574,169.20637686021877,168.1001307897503,168.7286834716797,107069200
2015-10-12,168.8041883083423,169.0891292594255,168.37677688171752,168.88800048828125,56395600
2015-10-13,168.15886204336746,169.42435684319722,167.65602735233972,167.82363891601562,88038700
2015-10-14,167.7649557607535,168.34322648356653,166.72575646799194,167.01907348632812,99106200
2015-10-15,167.68114875415054,169.59194848911545,167.31239568460623,169.5835723876953,134142200
2015-10-16,169.9858306966226,170.37133594189658,169.22318351896553,170.35458374023438,114580100
2015-10-19,169.7092678031965,170.43838500976562,169.39918582577107,170.43838500976562,76523900
2015-10-20,170.00258054949444,170.83226203580736,169.75115687960545,170.22047424316406,78448500
2015-10-21,170.63953499864772,170.79038155042025,168.9969111921257,169.16453552246094,102038000
2015-10-22,170.1115392319672,172.2318564832243,169.16452830328043,172.0223388671875,174911700
2015-10-23,173.6900957948435,174.27674253547696,172.89393144770239,173.90798950195312,144442300
2015-10-26,173.7319839622101,173.79064223625593,173.11180730722845,173.48056030273438,69033000
2015-10-27,172.81011938125604,173.48057828002285,172.46650743729634,173.14535522460938,77905800
2015-10-28,173.48054217738942,175.13991769585508,172.8184723049507,175.11477661132812,135906700
2015-10-29,174.6120119254061,175.38303533093182,174.49468255473792,175.0142822265625,90525500
2015-10-30,175.20700293085025,175.5254737879926,174.10075660741566,174.25997924804688,131076900
2015-11-02,174.5868559557975,176.51440791141056,174.46113770568715,176.3216552734375,86270800
2015-11-03,175.96968928452853,177.38603067984891,175.74340663627297,176.83290100097656,95246100
2015-11-04,177.12615718602464,177.25186261170902,175.7600985498795,176.2964630126953,96224500
2015-11-05,176.3551879167048,176.81612929827372,175.2321763964768,176.1205291748047,78408700
2015-11-06,175.7769398695307,176.26302237316085,174.70421047805144,176.02835083007812,110471500
2015-11-09,175.41650410925396,175.56736342301136,173.43865755824206,174.38568115234375,131008700
2015-11-10,173.9080329189441,174.82153963021315,173.63985696539157,174.7880096435547,75874600
2015-11-11,175.05616889469752,175.10645107827153,174.03372186888976,174.10076904296875,67846000
2015-11-12,173.06157991191262,173.53089740458597,171.65362743389252,171.67037963867188,121315200
2015-11-13,171.2596546572264,171.5278304780325,169.65893746712666,169.74273681640625,153577100
2015-11-16,169.5584285031652,172.3827219761185,169.44108635756888,172.3240509033203,117645200
2015-11-17,172.63413394816544,173.51409767680042,171.703875251433,172.19833374023438,121123700
2015-11-18,172.67602370486216,175.07290561750696,172.63413041421526,174.93043518066406,121342500
2015-11-19,174.81308872002745,175.1986067021689,174.4862417997517,174.77957153320312,88220500
2015-11-20,175.53384851339226,176.09535416536397,175.03939003018522,175.41651916503906,94011500
2015-11-23,175.4751928567913,175.97802744813458,174.75445176671988,175.21539306640625,64931200
2015-11-24,174.2096893297508,175.85231293454058,173.82418410838238,175.45004272460938,98874400
2015-11-25,175.5757733126617,175.77691484040187,175.16511415567015,175.4249267578125,51980100
2015-11-27,175.51705385076303,175.8271485523665,175.03936043749243,175.62600708007812,37317800
2015-11-30,175.78529486042987,175.90262422390845,174.78798887689123,174.89694213867188,112822700
2015-12-01,175.52546763035855,176.6820088811428,175.2489028622171,176.56466674804688,97858400
2015-12-02,176.51438142859806,176.83285226890064,174.51139370825462,174.7628173828125,108441300
2015-12-03,175.0142618268885,175.28243773375337,171.59493269576072,172.315673828125,166224200
2015-12-04,172.31565756611263,175.9696450663858,172.31565756611263,175.6763153076172,192913900
2015-12-07,175.3495082033207,175.7685435036695,173.64822590694013,174.6120147705078,102027100
2015-12-08,173.05316968576795,174.56168624677528,172.45813404692703,173.4386749267578,103372400
2015-12-09,172.80173567385899,174.88852275963552,171.1172060065192,172.08937072753906,162401500
2015-12-10,172.15637926767144,173.84089576912808,171.9217206342726,172.53350830078125,116128900
2015-12-11,170.42161596421371,171.08368593413098,168.8795567545404,169.1896514892578,211173300
2015-12-14,169.34889219017325,170.17019760312135,167.5721742429756,170.0444793701172,182385200
2015-12-15,171.55300981600035,172.7346921593939,170.01933943609507,171.82957458496094,154069600
2015-12-16,172.9526108886259,174.64551693695873,171.63684680850224,174.34381103515625,197017000
2015-12-17,174.65383582651123,174.7208829813868,171.67030776820306,171.68707275390625,173092500
2015-12-18,170.94690416829022,171.08178369521318,168.46831115642496,168.6284942626953,251393500
2015-12-21,169.800340767622,170.19657911718517,168.6874978631349,170.01953125,99094300
2015-12-22,170.90474783070158,171.8574076490797,169.91837134677345,171.5623321533203,111026200
2015-12-23,172.56559014783053,173.7290146149224,172.47285322851093,173.68685913085938,110987200
2015-12-24,173.43390652848993,173.94817246379162,173.18098653564485,173.40017700195312,48539600
2015-12-28,172.7089070220809,173.0461251635995,171.93329500535015,173.0039825439453,65899900
2015-12-29,174.09994421962654,175.17905768630865,174.0662275518134,174.8502655029297,92640700
2015-12-30,174.60579258526704,174.6901035548786,173.46765881575018,173.61097717285156,63317700
2015-12-31,172.9365444743356,173.57726411896667,171.87428283691406,171.87428283691406,114877900
2016-01-04,169.02467694017935,169.4799225296737,167.4228592692011,169.47149658203125,222353500
2016-01-05,169.79194116005368,170.21347032168643,168.65382014207472,169.7582244873047,110845800
2016-01-06,167.21217457398305,168.66223583088512,166.5883196857206,167.61685180664062,152112600
2016-01-07,164.6745725350337,166.45342598970592,163.20764652208442,163.595458984375,213436100
2016-01-08,164.55651679400643,165.11293824156806,161.51307646082637,161.79971313476562,209817200
2016-01-11,162.7186624135249,163.05589341995838,160.02931749748547,161.9599151611328,187941300
2016-01-12,163.40157027544498,164.01699924906333,161.14216728137274,163.2666778564453,172330500
2016-01-13,163.93267001905855,164.27832698024162,158.81531325949402,159.19468688964844,221168900
2016-01-14,159.80171165185732,162.92945090371774,158.20833189652004,161.8081817626953,240795600
2016-01-15,157.4578966370142,159.13557329528413,156.40407446914006,158.3346710205078,324846400
2016-01-19,160.14731979196418,160.27377335933696,156.97741315333434,158.54550170898438,195244400
2016-01-20,155.9911018299942,158.0734572019925,152.6104421230259,156.5137939453125,286547800
2016-01-21,156.98585390384602,159.22837866520982,155.66224651680315,157.39051818847656,195772900
2016-01-22,159.99556292576025,160.82175625014105,159.23681579211092,160.6194305419922,168319600
2016-01-25,160.11362383775347,160.30752363639772,157.9975522277229,158.1914520263672,130371700
2016-01-26,158.84896734803982,160.62782002458823,158.51174933498638,160.349609375,141036800
2016-01-27,159.82693898727493,161.49619024417947,157.70242920136823,158.60450744628906,185681700
2016-01-28,160.1472990063032,160.34962468783962,157.78673409737553,159.43069458007812,143798800
2016-01-29,160.19791755880993,163.45212261959614,160.07988992920824,163.31723022460938,210529300
2016-02-01,162.31400336657373,164.0422753468065,161.73229111753486,163.2582244873047,136061600
2016-02-02,161.83342499457996,161.84185094381846,159.79321324293684,160.31591796875,182564900
2016-02-03,161.369775492127,161.6817029141604,157.7361966556225,161.27703857421875,205054900
2016-02-04,160.77966211046828,162.49949546847427,160.1473683537816,161.5299835205078,139531800
2016-02-05,161.0156624789085,161.58893578129417,157.8204652481133,158.4527587890625,180788300
2016-02-08,156.61489968589137,156.9099622889876,154.1110162141271,156.31982421875,191526700
2016-02-09,154.58316887226096,157.60131910006854,154.44827645822463,156.3282928466797,184513100
2016-02-10,157.15446033381306,158.7815562592034,156.0669082029163,156.19337463378906,148214100
2016-02-11,153.72322723314252,155.20701788010714,152.66940449594475,154.16162109375,219058900
2016-02-12,155.93206008196765,157.35681772325216,155.0890018292547,157.3399658203125,127632400
2016-02-16,159.14410602685712,160.02088092779238,158.18302015711848,159.99559020996094,120250700
2016-02-17,161.15900869027703,162.98001749067555,161.03254224177735,162.60906982421875,136009500
2016-02-18,162.87888005390369,162.93790031655604,161.63115722577803,161.94308471679688,102343000
2016-02-19,161.167447593684,162.01893181353807,160.56044461143512,161.8671875,114793000
2016-02-22,163.44369040940836,164.3541948162909,163.37624420918957,164.21087646484375,103640300
2016-02-23,163.55327913205167,163.82306391154782,162.01890714277164,162.13694763183594,111455300
2016-02-24,160.71217722714357,163.15704068573677,159.6077731227988,162.8788299560547,150812200
2016-02-25,163.3256295149316,164.86000131333842,162.5668824290666,164.8515625,110728300
2016-02-26,165.71996446159756,165.81268851853963,164.3120458800102,164.47222900390625,129833700
2016-02-29,164.48910068824537,165.43332184054452,162.9884579866063,163.18235778808594,125918100
2016-03-01,164.40476411830258,167.1025604717824,163.93265361565753,167.01824951171875,141799700
2016-03-02,166.70633648257544,167.81916663985717,166.29323332513397,167.76858520507812,102415000
2016-03-03,167.59151530457737,168.44301222499766,167.0182419669896,168.4261474609375,95172200
2016-03-04,168.6200839320446,169.7497918171889,167.79389040987522,168.9741668701172,129293600
2016-03-07,168.05518624135055,169.51368590949613,167.97931410528602,169.1090087890625,100219000
2016-03-08,168.038381279782,168.54420852554634,167.1025860814623,167.26275634765625,123974900
2016-03-09,168.07203294419438,168.43454168691312,167.28798236364202,168.08889770507812,94801200
2016-03-10,168.5779422396233,169.51373746114254,166.40285029598266,168.22384643554688,156838700
2016-03-11,169.67384382062787,170.98058625779174,168.20693117363018,170.9384307861328,137964500
2016-03-14,170.43261689307099,171.17449922263276,170.1038247711853,170.71925354003906,73612000
2016-03-15,169.75818029203575,170.74455672977479,169.49683433811077,170.44105529785156,93169100
2016-03-16,169.96053148155067,171.8321216399689,169.91837600042388,171.4274444580078,129303200
2016-03-17,171.34311872441126,173.02079597186835,170.94688042101157,172.5149688720703,134278500
2016-03-18,173.01495584424373,173.53187424367286,172.701419627185,173.1929168701172,138372400
2016-03-21,172.93022360575443,173.66746300768244,172.70142026604074,173.43865966796875,72926700
2016-03-22,172.66754644663476,173.91323505526816,172.50655007068661,173.34547424316406,97471900
2016-03-23,172.96409173399994,173.15052214507975,172.0319396786009,172.20143127441406,81052500
2016-03-24,171.17604655523365,172.1590408169637,170.95572560569772,172.12513732910156,84360900
2016-03-28,172.54038859451902,172.75224015887895,171.7777281349806,172.2268524169922,62408200
2016-03-29,171.82014266319376,173.9301895691832,171.515075796429,173.8200225830078,92922900
2016-03-30,174.81994487938724,175.3029598090337,174.21828063922183,174.58267211914062,86365300
2016-03-31,174.48940817832624,174.91311126480826,173.99791104636003,174.15892028808594,94584100
2016-04-01,173.16750911313966,175.53176736306241,172.85395994142385,175.3453369140625,114423500
2016-04-04,175.2690546011857,175.47243677743458,174.47249057387086,174.77755737304688,63497000
2016-04-05,173.43865755883377,174.78603056334993,172.7776816347166,173.0319061279297,99662200
2016-04-06,173.03187289015037,174.9809097231996,172.85391189996736,174.9215850830078,91839800
2016-04-07,173.8369066537569,174.19281570468272,172.09972136464393,172.8284912109375,113859000
2016-04-08,174.0064043614394,174.4385898444838,172.76071608159464,173.29458618164062,95040600
2016-04-11,173.93020014726278,174.62507974786493,172.79467843595503,172.8878936767578,83757500
2016-04-12,173.05736677253682,174.77760103557026,172.6167117457782,174.49795532226562,115350600
2016-04-13,175.41307662083554,176.34522857696777,175.2774885307814,176.26048278808594,96336400
2016-04-14,176.31988296331204,176.7690073899321,175.92160085964557,176.26902770996094,65212900
2016-04-15,176.26899652666287,176.40458465081758,175.7520781174189,176.0740966796875,75761600
2016-04-18,176.07410600301003,177.3452156408778,175.4131300257505,177.3113250732422,82531000
2016-04-19,177.73499977198375,178.12479942403957,177.0570721544678,177.87057495117188,88316100
2016-04-20,177.9129203804974,178.73490538862524,177.4383750006281,178.0400390625,81100300
2016-04-21,178.05701639332952,178.16718335548487,176.81132803650763,177.08250427246094,85695000
2016-04-22,176.7265951605682,177.3536675780196,176.18425561905624,177.08250427246094,99251700
2016-04-25,176.48086838097544,176.81983873027448,175.87073468263387,176.7774658203125,66166500
2016-04-26,177.14179997053336,177.54856428767246,176.56556991684315,177.0401153564453,75864200
2016-04-27,176.65880402601422,177.79432543947834,176.30289490822972,177.40452575683594,77329400
2016-04-28,176.6502915623667,177.75190921208048,175.37918233848924,175.79440307617188,97216200
2016-04-29,175.17593185494496,175.52337174053815,173.74381231758872,174.84544372558594,142424100
2016-05-02,175.34532812902663,176.4130555222075,174.91315552639526,176.235107421875,62188000
2016-05-03,175.00639131542593,175.24366409735376,173.95560261660503,174.70132446289062,106422100
2016-05-04,173.70983730544705,174.43860730448847,173.22680946555437,173.72677612304688,92243800
2016-05-05,174.1928530123202,174.54876213947264,173.26918316349162,173.69288635253906,67619200
2016-05-06,172.9217325732904,174.37080307810095,172.76920564141264,174.32843017578125,89315000
2016-05-09,174.2013708073119,174.9047068655351,174.0234097423171,174.4725341796875,74374900
2016-05-10,175.1758666469914,176.65882797062716,175.1080725776919,176.64187622070312,77472200
2016-05-11,176.18430254014646,176.7181598849642,174.9894561767578,174.9894561767578,81727000
2016-05-12,175.65891694820832,175.82840862075147,174.03189774890748,175.04031372070312,89586300
2016-05-13,174.74367267247877,175.29448163900955,173.1929174688306,173.51492309570312,96474600
2016-05-16,173.68441173226154,175.70123005894357,173.62508708098525,175.2266845703125,77486800
2016-05-17,174.9555419473399,175.24365703801797,173.06581624757146,173.59121704101562,114924900
2016-05-18,173.2437772589709,174.81995377820982,172.55738010114683,173.64205932617188,120062100
2016-05-19,172.9217383836145,173.32848981268344,171.83705928583413,173.04037475585938,115430500
2016-05-20,173.65048663677024,174.6504327323409,173.5996443307976,174.13351440429688,104990400
2016-05-23,174.15049760539685,174.43014328991345,173.7098555543978,173.8962860107422,58682600
2016-05-24,174.7097869812184,176.46392454670195,174.68436582204296,176.15037536621094,93537800
2016-05-25,176.8282659808313,177.7604180561647,176.15033837426097,177.34518432617188,76621400
2016-05-26,177.48078767711476,177.70959101169245,177.08250565893664,177.3960418701172,55280700
2016-05-27,177.55704249760646,178.16717607316846,177.50620018804196,178.15870666503906,64211200
2016-05-31,178.42991216225533,178.5400791459648,177.26048704410013,177.8197784423828,109879400
2016-06-01,177.209602796253,178.3620758910807,177.01470296613778,178.1841278076172,69936200
2016-06-02,177.7858797671181,178.7434402843368,177.31133421338203,178.72650146484375,63044700
2016-06-03,178.16714476765324,178.54000554613668,176.98925072493054,178.19256591796875,101757100
2016-06-06,178.54851283883448,179.45524382712608,178.38750356574386,179.09933471679688,64887000
2016-06-07,179.25183101075677,179.93822795837676,179.2264098593925,179.37893676757812,60974800
2016-06-08,179.51454452608584,180.0907875243807,179.38743875534112,179.9636688232422,66170900
2016-06-09,179.2349286731146,179.836592925502,178.96376534035116,179.71795654296875,73786900
2016-06-10,178.34515166586806,178.68410904426875,177.4723112022157,178.01466369628906,113829200
2016-06-13,177.4130192122889,178.2688950927016,176.55714333187618,176.64187622070312,117751200
2016-06-14,176.2605430248504,176.88762845786226,175.34534249980456,176.29443359375,125059300
2016-06-15,176.29441769806408,177.413000326839,175.86224509898022,176.04867553710938,109124500
2016-06-16,176.0486479088348,176.74352723833687,174.21824731103703,176.57403564453125,149533100
2016-06-17,176.47008556654907,176.49563891498852,175.26051274909037,175.91641235351562,117055700
2016-06-20,177.8756679387866,178.54859475858052,176.96422142590865,177.04940795898438,82789600
2016-06-21,177.4326875929435,177.96080760410712,176.98974110100497,177.55194091796875,72461700
2016-06-22,177.7308159554772,178.45486236220714,177.11750942210634,177.2623291015625,95560500
2016-06-23,178.71897209993787,179.6218922481897,178.25899857073762,179.57078552246094,102731400
2016-06-24,173.45476529696333,179.60485903143808,172.67961199025197,173.12255859375,333444400
2016-06-27,171.71704230971076,171.72556876131333,169.2127090948055,170.02194213867188,230775800
2016-06-28,171.6233504543078,173.11402381972314,171.31669712780246,173.08847045898438,159382400
2016-06-29,174.48542967094025,176.26571631196322,174.383216236283,176.03573608398438,137328600
2016-06-30,176.50424407060433,178.4889576718171,175.95055761303408,178.43785095214844,165021900
2016-07-01,178.43782218963668,179.29816182418008,178.27597560501414,178.8126220703125,106055300
2016-07-05,177.9863099352596,178.0970497759072,176.93007021573078,177.52633666992188,109803700
2016-07-06,177.0323816898715,178.71045513913478,176.37648172805586,178.59120178222656,96021500
2016-07-07,178.77003634904318,179.43444962093204,177.71379627457281,178.4804229736328,85593800
2016-07-08,179.77513799123625,181.38506405692823,179.54514483967023,181.13803100585938,133971000
2016-07-11,181.5980735130661,182.34767335157056,181.39363364866333,181.77694702148438,73633900
2016-07-12,182.7394842793454,183.39538408097252,181.80248456273526,183.0972442626953,101275600
2016-07-13,183.51467816794545,183.52319162266443,182.58620469558443,183.0717315673828,87324100
2016-07-14,184.3323634575898,184.56235665116716,183.70203003483041,184.09385681152344,91230900
2016-07-15,184.65606748793815,184.85198088781613,183.4039010235686,183.8468475341797,107155400
2016-07-18,183.96612717664067,184.50277373745146,183.71058057636697,184.34092712402344,58725900
2016-07-19,183.9234797281342,184.187539704826,183.67645965247817,184.15347290039062,54345700
2016-07-20,184.15350877137692,185.15864216846145,184.15350877137692,184.92013549804688,58159500
2016-07-21,184.8093717578081,185.03083847970123,183.77867221092137,184.22161865234375,67777300
2016-07-22,184.34089084954488,185.0990040493372,184.07683084702495,185.0478973388672,62787500
2016-07-25,184.84351954667486,184.8946262743001,183.9661527287301,184.54537963867188,55873100
2016-07-26,184.44309323845644,184.98825311359136,183.78719349883522,184.6304931640625,70080500
2016-07-27,185.00531412403691,185.07346074090879,183.6679611384984,184.43460083007812,84083900
2016-07-28,184.23865756764218,184.93715057841146,183.77868419290988,184.6475372314453,65035700
2016-07-29,184.38350708685488,185.30345398524094,184.10240714659952,184.94569396972656,79519400
2016-08-01,185.00534225200298,185.39716911154125,184.34092888353362,184.79238891601562,73311400
2016-08-02,184.5453241214279,184.69865725581784,182.77356410776096,183.60833740234375,92295500
2016-08-03,183.548737525343,184.20463744599286,183.25061065060416,184.14500427246094,53993600
2016-08-04,184.25574059138555,184.65609389903167,182.5010071992208,184.34092712402344,46585500
2016-08-05,184.34090225224605,185.89119555549402,184.34090225224605,185.84860229492188,71892200
2016-08-08,186.03599608154948,186.1382225030644,185.47380925258756,185.7378692626953,39906500
2016-08-09,185.806022031988,186.34265552275468,185.52492210937768,185.84860229492188,51251700
2016-08-10,185.95935469412962,186.0360147697383,185.0393947939079,185.38864135742188,57941100
2016-08-11,185.9167709854497,186.49601080319758,185.65271093524512,186.2489776611328,72504300
2016-08-12,185.94235373635624,186.3001268260802,185.68682009747033,186.08717346191406,61313500
2016-08-15,186.45338874073167,186.97299530682014,186.44487528797663,186.62374877929688,49813500
2016-08-16,186.20638433318723,186.2745179562473,185.66122436523438,185.66122436523438,53213600
2016-08-17,185.6953007652244,186.14676077773237,184.86052736442625,186.01046752929688,75134300
2016-08-18,185.98487945182433,186.46189273466416,185.87415258107467,186.42782592773438,52989300
2016-08-19,185.95936001723447,186.3341599500134,185.47383319350868,186.1552734375,75443000
2016-08-22,185.91675056339253,186.3767369854356,185.55047711402338,186.14674377441406,61368800
2016-08-23,186.76005207653185,187.0581919083206,186.4619122447431,186.52154541015625,53399200
2016-08-24,186.37672479739823,186.4704247663063,185.1501117490151,185.5675048828125,71728900
2016-08-25,185.18416599040268,185.85710562988723,185.0308458685778,185.43971252441406,69224800
2016-08-26,185.627131094704,186.64930433578445,184.20460460957435,185.09048461914062,122506300
2016-08-29,185.21828644695944,186.26601316896983,185.18420663620492,186.001953125,70502200
2016-08-30,185.9167640174861,186.19786396293492,185.14162380170342,185.69529724121094,58114500
2016-08-31,185.3630428835759,185.48229619359975,184.39197650262852,185.16712951660156,85269500
2016-09-01,185.1586345348241,185.46528781237726,184.01720794523555,185.17567443847656,97844200
2016-09-02,186.0275074347612,186.43637418242812,185.43975417381776,186.01046752929688,79293900
2016-09-06,186.29153193878327,186.64929189944218,185.57601201746544,186.5726318359375,56702100
2016-09-07,186.41082683790157,186.73452006397048,185.95085335663944,186.55563354492188,76554900
2016-09-08,186.22343021291192,186.49601672347939,185.8230768990411,186.12973022460938,74102900
2016-09-09,184.81792135656548,184.86902807179513,181.64917503593986,181.6747283935547,221589100
2016-09-12,180.91657574533482,184.6815879202217,180.84842914064834,184.28123474121094,168110900
2016-09-13,183.0035456328748,183.26760564649985,181.010305854894,181.6321258544922,182828800
2016-09-14,181.68320289414189,182.88426243508735,181.01027629182852,181.56394958496094,134185500
2016-09-15,181.40220221910886,183.76171617178238,181.22331567151642,183.37840270996094,134427900
2016-09-16,182.76362212584925,182.94341221609312,181.98456657023831,182.66944885253906,155236400
2016-09-19,183.32017059335925,183.9622577591456,182.37843752488723,182.70376586914062,80250500
2016-09-20,183.55983983997842,183.7139344539165,182.67804138032696,182.7122802734375,69665300
2016-09-21,183.4143331732737,184.94677537147538,182.72943762383147,184.76699829101562,110284400
2016-09-22,185.77719504411826,186.23093553533752,185.52892712117182,185.93128967285156,76678700
2016-09-23,185.537451837607,185.67443352635397,184.81831756662461,184.91249084472656,73630900
2016-09-26,184.08206079798262,184.26183783747967,183.2173753018055,183.41429138183594,89827300
2016-09-27,183.2516479102736,184.6471082252483,182.8835112062276,184.55294799804688,78494800
2016-09-28,184.7755573811738,185.62311710529872,183.8167114362782,185.46900939941406,87411000
2016-09-29,185.26347497848633,185.66585049534166,183.24304093802039,183.79095458984375,128070600
2016-09-30,184.62141895723138,185.87991058216204,184.37315105327025,185.1779022216797,117202900
2016-10-03,184.7669484862553,184.95528197487212,184.09916603466326,184.73269653320312,83512100
2016-10-04,184.84398654925255,185.0665719797992,183.2002455937824,183.79095458984375,119948100
2016-10-05,184.41599299134825,185.0323976977853,184.3475021280445,184.60433959960938,72816000
2016-10-06,184.3816858625273,184.95528197487212,183.84234170323464,184.73269653320312,62927400
2016-10-07,185.00666074402258,185.17788132018285,183.3714761556129,184.0991668701172,89788300
2016-10-10,185.05801391601562,185.5203107487633,184.91247578231187,185.05801391601562,51855000
2016-10-11,184.62998863208392,184.6984794829944,181.99314965685426,182.72084045410156,130367400
2016-10-12,182.85782847749783,183.48280261492656,182.3612795887013,182.9605712890625,73866100
2016-10-13,181.63357631731463,182.8578159446073,180.82026871823211,182.36126708984375,101357000
2016-10-14,183.3372428027531,183.79955277491104,182.37839702834248,182.4554443359375,93346200
2016-10-17,182.42978031832754,182.686617766202,181.642155057929,181.8219451904297,58275700
2016-10-18,183.4143117616483,183.47423309370768,182.58387812767933,182.9605712890625,76869700
2016-10-19,183.2259466513188,183.75673438142863,182.86637950544184,183.4485321044922,66519200
2016-10-20,183.09755535598893,183.66259514566121,182.44691178997869,183.1061248779297,73639800
2016-10-21,183.10612290915276,183.27734352328338,182.14726395608955,183.1917266845703,89089100
2016-10-24,184.06496797457876,184.33893140659717,183.6197839291966,183.97079467773438,60146600
2016-10-25,183.79096929824388,184.04780670068533,183.19169073474242,183.35435485839844,66542300
2016-10-26,182.53254180507346,183.56843509761592,182.29281724945483,182.9862823486328,75705500
2016-10-27,183.70538728812593,183.73962618296824,182.42121318718085,182.49826049804688,77220200
2016-10-28,182.47258296054287,183.14890892401726,181.24834322181863,181.9589080810547,140623200
2016-10-31,182.2928140484234,182.51541261831122,181.8048346130854,181.96749877929688,61272500
2016-11-01,182.29277374641168,182.34415167961674,179.44191895997065,180.64903259277344,122781800
2016-11-02,180.34085382978796,180.7261165309572,179.12517051792338,179.56179809570312,103330800
2016-11-03,179.77583549116116,179.98986452919675,178.465978823447,178.73992919921875,88939300
2016-11-04,178.85121684361937,179.69020696041335,178.39747635756683,178.5430145263672,109122100
2016-11-07,178.54301394389404,182.51539209591,178.54301394389404,182.48114013671875,109794900
2016-11-08,182.08735611804934,183.86807937626546,181.82196218697854,183.30303955078125,106772100
2016-11-09,181.81335015747885,185.8627882300816,181.78766772262458,185.2463836669922,258429000
2016-11-10,186.03400745605103,186.89867990417122,184.2532846271845,185.70867919921875,172113300
2016-11-11,184.98954808289514,185.52033582618566,184.338904621336,185.28062438964844,100552700
2016-11-14,185.80288643230247,186.00835901047284,184.68137636929268,185.4261932373047,94580000
2016-11-15,185.81144289060984,186.87303161621094,185.6059833757356,186.87303161621094,91652600
2016-11-16,186.25659404633944,186.75314289173917,186.13673832940114,186.52198791503906,65617700
2016-11-17,186.67614465798366,187.54081733866747,186.5648453689651,187.48089599609375,69797200
2016-11-18,187.5493174090308,187.72053797721748,186.88153498550636,187.0613250732422,86265800
2016-11-21,187.63494794012425,188.49962042400998,187.48940978323023,188.47393798828125,72402600
2016-11-22,188.7821676498624,189.02187912694623,188.11439809751522,188.84210205078125,67429000
2016-11-23,188.32841957006784,188.99618909559098,188.13151652107902,188.94482421875,56620200
2016-11-25,189.28722245606542,189.68102843743884,189.21016210032596,189.64678955078125,37872300
2016-11-28,189.33863545407894,189.61258580686132,188.65373997718095,188.7564697265625,76572500
2016-11-29,188.7907642238354,189.57838962758387,188.49111830289627,189.12464904785156,69886700
2016-11-30,189.74101303143192,189.90367717850862,188.61093352329578,188.67086791992188,113291800
2016-12-01,188.97050173292382,188.97050173292382,187.61783673708024,187.9774169921875,79040500
2016-12-02,188.06297674697552,188.55952553277262,187.71196609547022,188.071533203125,74840300
2016-12-05,188.90202952729857,189.54411666106003,188.70512646400132,189.20167541503906,67837800
2016-12-06,189.39001699968676,189.83520105835166,188.91059404264573,189.8009490966797,59877400
2016-12-07,189.64685211186347,192.34361274349058,189.5269963740866,192.28369140625,110738100
2016-12-08,192.25802646430432,193.22542891322635,191.9926194620121,192.7545623779297,99714400
2016-12-09,192.97707314582468,193.93591869899916,192.94282119704508,193.91879272460938,88005800
2016-12-12,193.82464019077423,194.3040760819301,193.276726521317,193.69622802734375,102016100
2016-12-13,194.35546564979694,195.48553202149307,194.33833967139873,194.98898315429688,110477500
2016-12-14,194.68937324201593,195.3913816792487,192.94288901254768,193.3795166015625,142501800
2016-12-15,193.6192042449696,195.0317904674374,193.3880492594279,194.17567443847656,124972600
2016-12-16,194.63122666208193,194.69151431182837,193.47727268966827,193.7958984375,156420200
2016-12-19,193.97680164061245,194.63990026889914,193.8304056313038,194.21792602539062,90341100
2016-12-20,194.7517810332149,195.11348063664968,194.51927675423596,194.96707153320312,89838800
2016-12-21,194.8379146533777,195.010144436063,194.424560546875,194.424560546875,67909000
2016-12-22,194.2782171302688,194.39877932479175,193.6926199423763,194.08876037597656,56219100
2016-12-23,194.13175682131336,194.38150117720235,193.94231325723612,194.37289428710938,36697800
2016-12-27,194.63982731069177,195.25124493566398,194.62260039243822,194.85511779785156,42672500
2016-12-28,195.1134687068661,195.13068248480434,193.13279360002076,193.24473571777344,64095000
2016-12-29,193.3136327930532,193.66671234975908,192.7624896651442,193.20169067382812,48696100
2016-12-30,193.52893622499533,193.61505768273278,191.80661219256285,192.49554443359375,108998300
2017-01-03,193.7958967308444,194.4762220905839,192.79695876636885,193.9681396484375,91366500
2017-01-04,194.29539466616654,195.26851207345445,194.28678777541126,195.1221160888672,78744400
2017-01-05,194.855129408606,195.12208752614507,194.17480407008122,194.96707153320312,78379000
2017-01-06,195.0790148593262,196.1296334861943,194.53647862766636,195.66461181640625,71559900
2017-01-09,195.4063039034097,195.54409299917106,194.98432972524992,195.01878356933594,46939700
2017-01-10,195.03599735108756,195.87132567623993,194.63125009497077,195.01878356933594,63771900
2017-01-11,194.93265109478259,195.56991577148438,194.26955260662038,195.56991577148438,74650000
2017-01-12,195.05322197351856,195.26851250549817,193.72703807825238,195.0790557861328,72113200
2017-01-13,195.2512620548958,195.82823903423753,195.2168213556575,195.52684020996094,62717900
2017-01-17,194.88952771373383,195.2942748168926,194.4503399197959,194.83786010742188,61240800
2017-01-18,195.08767433052773,195.3115849069483,194.5365310613489,195.26852416992188,54793300
2017-01-19,195.3459793101046,195.4837683798126,194.114523992848,194.54510498046875,66608800
2017-01-20,195.22547962308445,195.75078912167015,194.59683485929935,195.2599334716797,129168600
2017-01-23,195.2599267517825,195.3202012743101,193.99401723548334,194.7518310546875,75061600
2017-01-24,194.9670529499956,196.41381180496955,194.8551108360682,196.00045776367188,95555300
2017-01-25,196.9478014011602,197.697021484375,196.78417847332832,197.697021484375,84437700
2017-01-26,197.55061571132043,197.81758704777135,197.21476295804246,197.49034118652344,59970700
2017-01-27,197.5678029008803,197.7141988777078,196.9994327741686,197.18028259277344,59711100
2017-01-30,196.49129834590934,196.51713215026635,194.97565821572096,195.95738220214844,79737300
2017-01-31,195.4665590486064,196.0004884566942,194.89820208042732,195.94020080566406,75880800
2017-02-01,195.94022927055596,196.85305907660958,195.43214673930603,196.01773071289062,79117700
2017-02-02,196.01768366488298,196.43105087203583,195.32876460020597,196.14686584472656,69657600
2017-02-03,197.05107611387086,197.6797206338681,196.74105729820448,197.49887084960938,80563200
2017-02-06,197.094191134407,197.49033153341225,196.81000602778656,197.14585876464844,57790100
2017-02-07,197.53334759389273,197.77447190734355,196.96497750920597,197.15443420410156,57931200
2017-02-08,197.15442953477168,197.54194980504766,196.61189327221177,197.41278076171875,51566200
2017-02-09,197.4127730625225,198.88535266019773,197.4127730625225,198.58395385742188,65955200
2017-02-10,198.92844207107467,199.59154055725963,198.60119627316433,199.3676300048828,66015900
2017-02-13,199.85849382600338,200.71104900172796,199.83266001525024,200.45269775390625,55182100
2017-02-14,200.27186151936579,201.26220584645884,199.92740192577156,201.2535858154297,71109000
2017-02-15,201.03822922564584,202.4935948399048,200.98656161761318,202.30413818359375,86785800
2017-02-16,202.3300216006002,202.51087141334727,201.38275122705335,202.1319580078125,84722400
2017-02-17,201.46888297145847,202.4506072998047,201.45165604912492,202.4506072998047,77204100
2017-02-21,202.82087604014896,203.82843399397925,202.81225601044366,203.6562042236328,88946100
2017-02-22,203.25145966534637,203.69925444598178,203.0878367822995,203.47535705566406,62115200
2017-02-23,203.99207258780973,204.00928636796786,202.85533236344304,203.6131591796875,74615900
2017-02-24,202.76917385031643,203.9145075409675,202.7261131299995,203.8714599609375,82381600
2017-02-27,203.78539254474492,204.36236955714747,203.535661325161,204.1901397705078,56515400
2017-02-28,203.8112831793848,204.05240757596513,203.25153293167202,203.63905334472656,96961900
2017-03-01,205.29244133183443,206.95449108934181,205.27521440981133,206.4894561767578,149158200
2017-03-02,206.29998018539592,206.308600215748,205.13741929311072,205.1890869140625,70246000
2017-03-03,205.10297729567483,205.4818907249212,204.7240638664285,205.31826782226562,81974300
2017-03-06,204.52599832218158,205.0599146181717,204.10402416355956,204.70684814453125,55391500
2017-03-07,204.40546264673017,204.75854230642355,203.88876006472563,204.09544372558594,65103700
2017-03-08,204.38821235363588,204.64656361509844,203.5787178665223,203.7165069580078,78168800
2017-03-09,203.83706442731702,204.30209931528373,203.01035617805067,203.974853515625,90683900
2017-03-10,204.93076058441957,204.97382132054474,203.74235259688214,204.68963623046875,81991700
2017-03-13,204.62934583908455,204.8360294855501,204.30211315754522,204.79296875,57256800
2017-03-14,204.25040165819996,204.3020824172589,203.39785966792678,204.00927734375,59880800
2017-03-15,204.5776435433198,206.1966323155387,204.34512612298658,205.774658203125,96081800
2017-03-16,205.91243981213134,205.98994123600284,205.04267095023275,205.36990356445312,78344000
2017-03-17,205.63198195982773,205.82226287274787,205.00924682617188,205.00924682617188,89002100
2017-03-20,205.0092494983875,205.2946708714881,204.3951718875136,204.7843780517578,52537000
2017-03-21,205.38983785536394,205.51092452648842,202.02534406755785,202.1550750732422,131809300
2017-03-22,202.18971490309988,202.91623505955164,201.5669795697242,202.6308135986328,97569200
2017-03-23,202.63077792289533,203.54757889187846,202.04264643239952,202.41455078125,100410300
2017-03-24,202.71722735977934,203.28805685215687,201.48905906185442,202.26747131347656,112504900
2017-03-27,200.5981631819995,202.31933534281114,200.32139940592444,202.0598602294922,87454500
2017-03-28,201.75722350860326,203.95408544436285,201.6447811726046,203.53028869628906,93483900
2017-03-29,203.24480050816265,203.95401843173678,203.01991591005506,203.72048950195312,61950400
2017-03-30,203.6600596583567,204.5682164641233,203.4870805518916,204.36927795410156,56737900
2017-03-31,204.03193003110582,204.55952479613492,203.84164908650794,203.8935546875,73733100
2017-04-03,203.94546381276962,204.14438910844746,202.3107869801188,203.53895568847656,85546500
2017-04-04,203.25350299956253,203.75515152683073,202.8729411376724,203.6686553955078,56466200
2017-04-05,204.34327805151034,205.32062888253068,202.85563437139967,203.06321716308594,108800600
2017-04-06,203.20162468780876,204.15301621103774,202.76051286391876,203.6340789794922,69135800
2017-04-07,203.38325034394884,204.11842792690598,202.94215171264923,203.42649841308594,74412300
2017-04-10,203.56487877074764,204.343291194087,203.01998215593574,203.54757690429688,67615300
2017-04-11,203.16700087724368,203.4091742008586,201.8177457321159,203.30538940429688,88045300
2017-04-12,203.02864167040403,203.21892261084852,202.18967930502347,202.41455078125,81864400
2017-04-13,202.07725025970024,202.81242786863328,201.0998992919922,201.0998992919922,92880400
2017-04-17,201.61881958860167,202.881591796875,201.41989433024537,202.881591796875,68405400
2017-04-18,202.1464378130178,202.81242112623795,201.59289684029733,202.2761688232422,83225800
2017-04-19,202.83835390279546,203.2102582391283,201.67936643251812,201.9042510986328,68699900
2017-04-20,202.51833360852208,203.9886887153188,202.19832166519814,203.54757690429688,92572200
2017-04-21,203.4696921736506,203.52158456378126,202.50099903133335,202.8988494873047,110389800
2017-04-24,205.13904594752995,205.33798445731102,202.872989301421,205.13040161132812,119209900
2017-04-25,205.7703726936147,206.66987167555047,205.68387656955395,206.32391357421875,76698300
2017-04-26,206.28932381353593,207.17153418835883,206.15094848210717,206.19418334960938,84702500
2017-04-27,206.5142356410269,206.66991285841107,205.83095043817428,206.36720275878906,57410300
2017-04-28,206.62663754838997,206.65258374786688,205.7876752387527,205.91741943359375,63532800
2017-05-01,206.43638610839844,206.86019608948664,206.0212336600102,206.43638610839844,66882500
2017-05-02,206.57475792811164,206.69584459897976,206.10771311117955,206.51422119140625,57375700
2017-05-03,206.51419754423213,206.60933800312412,205.58873915342298,206.26336669921875,73137700
2017-05-04,206.56607360408137,206.64391219225826,205.6579171496534,206.50552368164062,61462700
2017-05-05,206.87747439671105,207.33587486401794,206.43636259791836,207.31857299804688,62001300
2017-05-08,207.3618199234985,207.50885278980158,206.86017139275205,207.2839813232422,48385700
2017-05-09,207.54339919482248,207.74232440635018,206.7476719538054,207.09364318847656,51363200
2017-05-10,207.05051519971687,207.46566772460938,206.8429323385402,207.46566772460938,54293800
2017-05-11,207.01583236805536,207.20611327327558,205.96064305636312,207.04177856445312,62358300
2017-05-12,206.79100229411748,207.0850680625128,206.42774225125416,206.69586181640625,53912700
2017-05-15,207.11963353742098,207.95859581385963,207.10233167263556,207.83750915527344,61918900
2017-05-16,208.1315939933016,208.15754019413583,207.25804110448254,207.64724731445312,51241800
2017-05-17,207.64721259393744,207.64721259393744,203.9021575960711,203.96270751953125,172174100
2017-05-18,203.8848658703277,205.63198464016048,203.625390695013,204.7843780517578,107047700
2017-05-19,205.26871121619024,206.7823009092626,205.21681882402052,206.11631774902344,115011400
2017-05-22,206.62662010978983,207.32720702890853,206.55743904866105,207.16287231445312,61010600
2017-05-23,207.53478073115593,207.78561157318967,207.15421890010862,207.62127685546875,48341700
2017-05-24,207.85484941708714,208.20945192723073,207.51752238000833,208.1056671142578,46927700
2017-05-25,208.61590365124414,209.37702726719854,208.40833408140554,209.10025024414062,64071700
2017-05-26,208.90997604809624,209.22134361030675,208.83213745690742,209.05702209472656,46629900
2017-05-30,208.7370082051156,209.12621437940422,208.58133101438253,208.87539672851562,35201900
2017-05-31,209.1694902615477,209.2040939957279,208.13160259292346,208.8235321044922,91796000
2017-06-01,209.28190858500193,210.5014327244796,208.9964871993291,210.484130859375,68962000
2017-06-02,210.53602626420476,211.3403980348541,210.24196054050776,211.18470764160156,88666100
2017-06-05,211.01172035211985,211.2971417307393,210.8300837666508,211.02902221679688,44698800
2017-06-06,210.466814497772,211.0203553658864,210.27653358709625,210.35438537597656,50375400
2017-06-07,210.6917141693969,210.96847802447388,210.025730934513,210.7436065673828,54144300
2017-06-08,210.8387677746789,211.3231144668124,210.31981734884585,210.847412109375,65950700
2017-06-09,211.11556689923026,211.91128134020343,209.26466276105234,210.52743530273438,132256400
2017-06-12,210.28520560176892,210.53602325723256,209.63652423363692,210.484130859375,86108100
2017-06-13,211.0204082115211,211.56530488286464,210.6744500313574,211.51341247558594,60067000
2017-06-14,211.78144766507285,211.79009199702227,210.42353529417107,211.24520874023438,78602300
2017-06-15,209.89598483832128,210.95983177720848,209.61922098575457,210.8387451171875,66464900
2017-06-16,210.99783260155976,211.04997806682266,210.00702897611282,210.8848419189453,84553100
2017-06-19,211.71051597210155,212.70131962832218,211.61491152887774,212.64048767089844,65123800
2017-06-20,212.28408116010755,212.29276764813338,211.18898688722953,211.20635986328125,56906400
2017-06-21,211.59748345778655,211.7104608526788,210.68489823948386,211.1542205810547,55977600
2017-06-22,211.16295897267005,211.6583541315483,210.88483215505542,211.05865478515625,44148100
2017-06-23,211.11944486480266,211.64091261892133,210.7370272213611,211.31065368652344,66986800
2017-06-26,211.97993573108084,212.3971259753546,211.24118620608652,211.44976806640625,56700500
2017-06-27,211.2324448471982,211.52795786080534,209.7288600990162,209.74624633789062,82247700
2017-06-28,210.76314106699724,211.82347628093936,210.52847323786168,211.6235809326172,70042600
2017-06-29,211.77132102248703,211.82346647947858,208.55555631046235,209.76364135742188,106949700
2017-06-30,210.57193157446784,210.94566280210128,209.96354578022047,210.15475463867188,86820700
2017-07-03,211.0934061863297,211.52796934909023,210.51109313964844,210.51109313964844,39153800
2017-07-05,210.8760950787334,211.2063540181552,210.06780081302975,210.99777221679688,54427600
2017-07-06,210.23295488728553,210.35463203575168,208.88580650381542,209.06832885742188,65400800
2017-07-07,209.6419858765696,210.57194423329292,209.07704575652258,210.4241943359375,57972300
2017-07-10,210.42419365296854,211.02389299205186,210.11999410763698,210.65016174316406,36663300
2017-07-11,210.6501802969023,210.80662995913784,209.32911759842563,210.49374389648438,50354600
2017-07-12,211.45844346560077,212.24065187535012,211.45844346560077,212.0755157470703,59610400
2017-07-13,212.08417855598307,212.5448143799926,211.8581972569354,212.43182373046875,39471600
2017-07-14,212.4318497416446,213.77899816590127,212.3362453176828,213.4226531982422,60262700
2017-07-17,213.34443047246788,213.7268481601751,213.22275332290783,213.39657592773438,33531900
2017-07-18,212.98808618280643,213.56171271617282,212.64912746069257,213.5095672607422,42742500
2017-07-19,213.82247370216416,214.6742138332142,213.81377395088398,214.66552734375,51034300
2017-07-20,214.91754476266078,215.03922191099483,214.21355460002698,214.7611083984375,47135200
2017-07-21,214.18746759554307,214.59595797953887,213.96148629097556,214.56988525390625,82340800
2017-07-24,214.4917057542839,214.65684189782053,214.04845604938308,214.51779174804688,46622300
2017-07-25,215.26521368818368,215.36951787097334,214.81327752275382,215.03924560546875,54915600
2017-07-26,215.32608521302856,215.3608444369954,214.78723103972814,215.04795837402344,47575400
2017-07-27,215.50858225374023,215.54334147361757,213.52696191351524,214.84803771972656,70766600
2017-07-28,214.36999645778127,214.7263414233966,213.9180603305673,214.59597778320312,50088400
2017-07-31,214.9957720304814,215.09137645548512,214.26570910962465,214.47430419921875,65838700
2017-08-01,215.0739628971194,215.1087221079191,214.43080477191793,214.95228576660156,55050400
2017-08-02,215.08271335630772,215.19570403318554,214.1266690023028,215.056640625,47211200
2017-08-03,214.9436057790186,214.9696785049686,214.3612927964457,214.63941955566406,40856000
2017-08-04,215.12615252230128,215.36080708246598,214.6481303893106,215.03054809570312,60191800
2017-08-07,215.10011510452918,215.4303741455078,214.9958109099624,215.4303741455078,31995000
2017-08-08,215.11748913836746,216.3342741609409,214.52648950080535,214.90020751953125,61719400
2017-08-09,214.21357724405223,214.94364021122985,213.85723224990033,214.89149475097656,62632600
2017-08-10,214.05716540834183,214.18754234381817,211.80613089772427,211.8582763671875,120479500
2017-08-11,212.0842378910968,212.76215545427516,211.84957003866828,212.171142578125,74869900
2017-08-14,213.448761845484,214.491710933965,213.4140026226554,214.27442932128906,73291900
2017-08-15,214.65684253490522,214.67422877685988,213.94416575656814,214.24835205078125,55242700
2017-08-16,214.76977439774194,215.16957828230625,214.19614792668534,214.6220245361328,56715500
2017-08-17,214.01366523031848,214.3265512292941,211.27590942382812,211.27590942382812,128490400
2017-08-18,211.11078631966924,212.23196674420893,210.5024005235471,210.94566345214844,136748000
2017-08-21,210.88478025367974,211.3714888029037,210.18079015485125,211.11074829101562,65469700
2017-08-22,211.6930974516388,213.47479574199497,211.6757112124789,213.318359375,63140100
2017-08-23,212.35364773887312,212.97941978670568,212.205897847276,212.5535430908203,50203800
2017-08-24,212.93596411886358,213.09240050234038,211.8495561386653,212.0581512451172,50741700
2017-08-25,212.8490428740146,213.46612843239413,212.40579319922318,212.5535430908203,64445900
2017-08-28,213.08369316418083,213.10976589220928,212.1450351697119,212.56222534179688,40565600
2017-08-29,211.24985935435748,213.0663303362766,211.1368686792757,212.80560302734375,51135700
2017-08-30,212.78818857668327,214.08319150724105,212.60566622281107,213.81375122070312,62030800
2017-08-31,214.43080576922682,215.34339088326126,213.84849283748224,215.10003662109375,103803900
2017-09-01,215.47382858264075,215.83017361111806,215.25654696944488,215.404296875,62007000
2017-09-05,214.90017245863578,215.12615379291992,212.89249275003215,213.8572235107422,91398800
2017-09-06,214.53511956173446,214.91753723218903,214.0049520207523,214.58726501464844,57916900
2017-09-07,214.89152108379372,214.90890732661396,214.15275827483524,214.56124877929688,58034700
2017-09-08,214.27438584760446,214.76979418966545,214.06580402931732,214.3091583251953,63832800
2017-09-11,215.57808126339495,216.67318888716122,215.56070828593013,216.594970703125,71364800
2017-09-12,216.95999602215846,217.3597866815819,216.7774736694203,217.3250274658203,56896000
2017-09-13,217.03821711288396,217.4640937671046,216.92522645196908,217.4293212890625,59228000
2017-09-14,217.10774620268882,217.55969557911206,216.93392360000743,217.3597869873047,95446300
2017-09-15,217.21568500777204,217.73974074405513,217.1108765260414,217.65240478515625,95432400
2017-09-18,218.0192775480726,218.4647269838403,217.73104085635288,218.1153564453125,46235200
2017-09-19,218.35988131876667,218.42102848279805,218.01051083970842,218.33367919921875,47108100
2017-09-20,218.42105066508134,218.525859153917,217.41658711242658,218.4123077392578,59574100
2017-09-21,218.25507757696303,218.34241353480814,217.65240215902375,217.82708740234375,48211400
2017-09-22,217.53014764359605,218.03674424025084,217.50394552028905,217.87078857421875,51214000
2017-09-25,217.61745072905316,217.96683453307224,216.6828773745145,217.42529296875,57064400
2017-09-26,217.85330171224217,218.09786373210036,217.32050302734459,217.55633544921875,54082000
2017-09-27,218.25506607895477,218.78786470597146,217.37288365607444,218.40354919433594,81001400
2017-09-28,218.12407725765934,218.74422526534195,218.0367412903613,218.66561889648438,44778800
2017-09-29,218.65684347170293,219.51282378636614,218.47342863829596,219.4342041015625,85578000
2017-10-02,219.66133501937134,220.38629150390625,219.48663643311738,220.38629150390625,59023000
2017-10-03,220.3863043740284,220.88415805655924,220.30768467457054,220.8579559326172,66810200
2017-10-04,220.70944693575927,221.36452661284386,220.59589552688965,221.11996459960938,55953600
2017-10-05,221.4518382143416,222.44755868087944,221.1548719920263,222.4300994873047,63522800
2017-10-06,221.9846763219045,222.4650707832565,221.7226550953771,222.1768341064453,80646000
2017-10-09,222.4039281542774,222.46506199550856,221.54794775599703,221.8099822998047,35803100
2017-10-10,222.37769766658715,222.7707427683473,221.83615612442787,222.39515686035156,43057400
2017-10-11,222.29912037898842,222.7445831298828,222.13317804080668,222.7445831298828,47674300
2017-10-12,222.43011595511425,222.77948643927715,222.1768110256109,222.4126434326172,47065100
2017-10-13,222.8493968318015,222.9629482537238,222.4126769968777,222.68344116210938,54800400
2017-10-16,222.91054426948924,223.17256550864792,222.56990333095123,222.98040771484375,38221700
2017-10-17,222.9280192023774,223.1813241882859,222.70965926924444,223.1376495361328,31561000
2017-10-18,223.5131697489327,223.5568443908322,223.1637992689959,223.35595703125,40888300
2017-10-19,222.5786044856064,223.45204404486665,222.15935722889787,223.41709899902344,61903800
2017-10-20,224.21196630472966,224.59628187884428,223.3996605089635,224.57005310058594,89176400
2017-10-23,224.89324417338113,224.9194462959128,223.61800312947534,223.6966094970703,63915300
2017-10-24,224.1246056918486,224.32547973958586,223.73154721149646,224.08966064453125,66935900
2017-10-25,223.75776848882185,223.8713199108784,221.85367640356625,222.98040771484375,103715300
2017-10-26,223.59178214127675,223.86253292591013,223.14631946711546,223.2686004638672,69798000
2017-10-27,224.01108998639089,225.25138613887677,223.27740380734522,225.09414672851562,85562500
2017-10-30,224.0110836991353,224.99807483719948,223.95867944890753,224.25564575195312,54285700
2017-10-31,224.631152068545,224.8582548559498,224.3079837358577,224.60494995117188,60304800
2017-11-01,225.38240065372474,225.72302829563802,224.53516302963726,224.90199279785156,54202700
2017-11-02,224.8320756098468,225.1290418553702,223.7664783028467,224.98928833007812,56449500
2017-11-03,225.14650410247782,225.7841245724056,224.73598644613577,225.74046325683594,59589700
2017-11-06,225.60940552844747,226.22082382250312,225.53954209882326,226.08981323242188,49652600
2017-11-07,226.1946383869873,226.5265496765108,225.4260073281454,225.9326171875,57502200
2017-11-08,225.75793755793842,226.41301726687485,225.47843048486277,226.31692504882812,50469600
2017-11-09,225.11157985978514,225.68805314872068,223.91494531222034,225.4958953857422,95085500
2017-11-10,225.1115999260466,225.600723974454,224.7971478062067,225.426025390625,59984700
2017-11-13,224.7447973928449,225.86279929345375,224.70985233665678,225.6356964111328,50228600
2017-11-14,224.8320804677906,225.21639600683287,224.05470646441782,225.11158752441406,61315200
2017-11-15,224.1420454800957,224.66611452343398,223.2773488845058,223.98483276367188,80811500
2017-11-16,224.9281576360003,226.2558028958665,224.8844963178253,225.88894653320312,67777000
2017-11-17,225.53959557863226,225.8627639958813,225.14653705992936,225.2251434326172,75756800
2017-11-20,225.4696939076753,225.80157853989257,225.22510524931647,225.6094207763672,48075500
2017-11-21,226.37810249998583,227.26902808267985,225.57455287648494,227.08558654785156,69176800
2017-11-22,227.09427576911906,227.22528636639564,226.71870317183996,226.88465881347656,45033400
2017-11-24,227.37377301865303,227.513526534814,227.23401950249206,227.40869140625,27856500
2017-11-27,227.45234818645008,227.74931437185194,227.0942348482512,227.29513549804688,52274900
2017-11-28,227.75812937033317,229.62727634177566,227.6620371490641,229.60107421875,98971700
2017-11-29,229.73206784726955,230.26487984974452,229.01586765243735,229.4613037109375,77512100
2017-11-30,230.37844582153883,232.37860338664402,230.29983945330548,231.47024536132812,127894400
2017-12-01,231.25182442487917,231.73220543350666,227.7580668195733,230.98977661132812,164390900
2017-12-04,232.6056605919785,233.03363739793878,230.65788099918234,230.71031188964844,94040600
2017-12-05,229.88055419921875,231.59248823067725,229.74954359953608,229.88055419921875,77994500
2017-12-06,229.97664435778418,230.35224365740348,229.4613181737277,229.9242401123047,75898600
2017-12-07,230.64920043945312,230.96362589938755,229.662209431446,230.64920043945312,77218600
2017-12-08,231.60122748092607,231.91565291517546,230.61423655354508,231.9069366455078,76563900
2017-12-11,232.60565185546875,232.6667990126684,231.8807088587994,232.60565185546875,83077500
2017-12-12,233.39176216427342,233.4878543703505,232.64061698611724,233.0161895751953,85195800
2017-12-13,233.26080018071406,233.6975200232834,232.90268671117553,232.9900360107422,102905400
2017-12-14,233.28702210203215,233.40057353557847,231.98560539042037,232.0380096435547,100666700
2017-12-15,233.03960830620332,234.43547233615615,232.98693621386562,233.97018432617188,144610300
2017-12-18,235.3660769189462,235.80502893603057,235.26073272148673,235.45387268066406,83653600
2017-12-19,235.6996736694623,235.74355815250783,234.479374259354,234.54962158203125,82382900
2017-12-20,235.515304459944,235.5679765584184,234.12822788094283,234.4267120361328,76751500
2017-12-21,235.05004429245363,235.6207034128294,234.66376433012604,234.90957641601562,67032300
2017-12-22,234.92716795261202,234.96229162203662,234.31262429947589,234.84815979003906,78720900
2017-12-26,234.44429552333253,234.78669100611233,234.3038544340734,234.5672149658203,45244400
2017-12-27,234.73403807744953,235.04130991726413,234.40921779792106,234.68136596679688,57751000
2017-12-28,235.18174454026212,235.20808059186288,234.79546458911238,235.16416931152344,45116100
2017-12-29,235.74357739646385,235.76112583281383,234.08435264594527,234.2774658203125,96007400
2018-01-02,235.13784025255728,235.9894083349834,234.7515602899202,235.95428466796875,86655700
2018-01-03,236.12108775526218,237.59598705803205,236.12108775526218,237.4467315673828,90070400
2018-01-04,238.08759267620826,238.9303730753286,237.50817277946746,238.447509765625,80636400
2018-01-05,239.23766408183238,240.15945270574503,238.7460399102112,240.03656005859375,83524000
2018-01-08,239.9399589710568,240.6335106872347,239.65026241653015,240.47549438476562,57319200
2018-01-09,240.89691697282984,241.6431409316476,240.61598118737896,241.01983642578125,57254000
2018-01-10,240.26482777626626,240.91449513696924,239.5976387670871,240.65110778808594,69574300
2018-01-11,241.20415128096022,242.40687561035156,241.03734735877387,242.40687561035156,62361500
2018-01-12,242.67034130166897,244.15397506052784,242.37183023495885,243.98719787597656,90816100
2018-01-16,245.24249201477997,245.892132412774,242.4595244982165,243.153076171875,106555100
2018-01-17,244.0837480950297,245.85710525696388,243.15317161691908,245.4708251953125,113258800
2018-01-18,245.35660485466306,245.77798160283706,244.56646986883223,245.05812072753906,100728000
2018-01-19,245.63756026225914,246.173095703125,245.05816712382477,246.173095703125,140920100
2018-01-22,245.9624800529653,248.17478942871094,245.90978114237382,248.17478942871094,91322400
2018-01-23,248.21856800026347,248.9911278057013,247.89374780740982,248.70143127441406,97084700
2018-01-24,249.34235578964626,249.93935104203206,247.42853095192575,248.60491943359375,134816100
2018-01-25,249.46526240327177,249.56181900601126,247.92014242735834,248.7102508544922,84587300
2018-01-26,249.54421710609475,251.63363295548834,249.2896174392641,251.5897216796875,107743100
2018-01-29,251.0191178174703,251.45806987609902,249.76372135975387,249.92173767089844,90118300
2018-01-30,248.09565140466236,249.9743518486628,246.88413971694652,247.35821533203125,131796400
2018-01-31,248.20990730550602,248.7102924250376,246.41018730740495,247.48123168945312,108364800
2018-02-01,246.7524977240842,248.49951821002367,246.41010228471623,247.20021057128906,90102500
2018-02-02,245.883399577148,246.0151066419787,241.78360191588195,241.8187255859375,173174800
2018-02-05,240.0628793719165,242.16984378788024,231.16091921572408,231.70521545410156,294681800
2018-02-06,228.20245791534228,236.77081290831964,227.11386509923972,236.27040100097656,355026800
2018-02-07,235.7172349914964,239.1059317295895,234.90955148557242,234.98858642578125,167376100
2018-02-08,235.28710323131492,235.42757111233564,226.13933006721916,226.17445373535156,246449500
2018-02-09,228.95735588832179,231.42426402168795,222.03948137455444,229.5718994140625,283565300
2018-02-12,231.61747121653497,234.40922715006334,229.71243395839974,232.943115234375,143736000
2018-02-13,231.74034719721283,234.06678771243006,231.16092727411035,233.52249145507812,81223600
2018-02-14,232.03884618797034,237.0341229974219,232.03005857309503,236.67417907714844,120735700
2018-02-15,238.41246589270904,239.70298622426654,235.95431789418856,239.69419860839844,111200300
2018-02-16,239.07097055351107,241.70468417120583,239.02705925163727,239.76449584960938,160420100
2018-02-20,238.81623691260538,240.25601241008334,237.47304479191206,238.26315307617188,86369700
2018-02-21,238.70213095136867,241.17782706280644,236.98144633395106,237.0780029296875,98883700
2018-02-22,237.99984336345477,239.71174054605476,236.71811068253444,237.3852996826172,110511300
2018-02-23,238.60558689681895,241.16905212402344,238.13151113340072,241.16905212402344,92766400
2018-02-26,242.24016221617225,244.06621842836591,241.65198125307916,243.96963500976562,86491400
2018-02-27,244.15389845883672,244.86502543404572,240.8617580559553,240.9232177734375,99099200
2018-02-28,242.02066525784565,242.46840505051796,238.16667908529266,238.4827117919922,121907800
2018-03-01,238.2719705350681,239.8170904251165,233.52250582934735,235.01495361328125,176855100
2018-03-02,233.3469912101923,236.78838842943463,232.48666199901987,236.2265167236328,139083200
2018-03-05,235.04129618469474,239.57128497673156,234.9359251780348,238.9567413330078,97307400
2018-03-06,239.93123532163432,240.01027028544524,238.0700824856966,239.56253051757812,79213200
2018-03-07,237.40290530509898,239.82590308460027,237.20976527709752,239.47474670410156,87063500
2018-03-08,240.15068154029282,240.75643757744385,239.15867230598982,240.633544921875,66901200
2018-03-09,242.0381801182192,244.8211212158203,241.72212069884188,244.8211212158203,113625300
2018-03-12,245.11085016588888,245.73415461272276,244.12757500993573,244.51385498046875,71924800
2018-03-13,245.67264991853583,246.17306162396162,242.32783785216952,242.93359375,91968900
2018-03-14,243.8905597991625,244.07491217662238,241.1339545863704,241.68701171875,105895100
2018-03-15,242.19625089308755,242.83710390754044,240.92327889773995,241.42369079589844,83433000
2018-03-16,241.9498859263665,242.73436294881552,241.63258751199234,241.6854705810547,100343700
2018-03-19,240.93620460870457,241.86168501139227,236.7670775944114,238.4153289794922,109208400
2018-03-20,238.81196271389197,239.4554090668735,238.14207483401023,238.82078552246094,59757300
2018-03-21,238.77667998775794,240.86564114840482,238.15087930011376,238.36241149902344,78709600
2018-03-22,236.14134292192287,236.98749897543712,232.13086395702769,232.4041290283203,148785900
2018-03-23,232.8447685244487,233.17088967006566,227.2565412065732,227.45045471191406,183534800
2018-03-26,231.04667911183574,233.95535498438946,228.64921511489823,233.6732940673828,141956100
2018-03-27,234.60768406861757,235.13651479940432,228.14685735306975,229.6981658935547,129941400
2018-03-28,229.83035826179815,231.49625564922073,227.91766425018125,229.01943969726562,146452300
2018-03-29,230.1564576656507,233.80555051179851,229.0282407907725,231.94573974609375,111601600
2018-04-02,231.41685743848606,231.92809620608446,224.4712755675117,226.9392547607422,186286300
2018-04-03,228.1732379441203,230.32390533759397,226.38395605270182,229.84793090820312,119956900
2018-04-04,226.30467376261734,233.01226968208627,226.17246609052276,232.30714416503906,123715300
2018-04-05,234.06112092397936,235.02189260297175,232.97699130445676,234.14047241210938,82652600
2018-04-06,232.18372032516052,233.67329571244264,227.40641101791257,228.92245483398438,179521200
2018-04-09,230.37687201394033,233.43540222798313,229.11644715338346,230.05075073242188,105442900
2018-04-10,232.9329638933706,234.49309524654475,231.79595092270387,233.7086181640625,103529000
2018-04-11,232.22780953419007,234.1405034372823,232.15730774505533,232.48342895507812,91140200
2018-04-12,233.80553590428718,235.33919847775888,233.62924110095946,234.3960723876953,68890500
2018-04-13,235.70063691390155,235.81522587191054,232.70381287616905,233.7086181640625,85079200
2018-04-16,235.33922430803474,236.3969394464726,234.51950987009275,235.6300811767578,63405300
2018-04-17,237.39287411717692,238.7502686624216,236.88166227221376,238.15090942382812,64682000
2018-04-18,238.59165531201305,239.1293087659003,237.8688842340687,238.32723999023438,57303900
2018-04-19,237.6749728150779,237.8777091627883,235.9738381325913,237.00511169433594,77655900
2018-04-20,236.93454214305586,237.154897174765,234.11398697765554,234.9954071044922,99953100
2018-04-23,235.56838720920786,236.123686276615,233.88487128536516,234.960205078125,65558000
2018-04-24,235.98262893542974,236.20298397525707,230.2974581483618,231.79588317871094,112885500
2018-04-25,231.73416611286592,232.80949973120806,229.91844282434178,232.36878967285156,103840900
2018-04-26,233.3912690074155,235.559555230159,232.95055889473045,234.73101806640625,67731900
2018-04-27,235.33918200158953,235.6388616272177,234.01705176562555,234.95135498046875,57053600
2018-04-30,235.5683758116827,236.12367485222273,233.0739415341474,233.14447021484375,82182300
2018-05-01,232.58041665747317,233.6645735263374,231.0291080123637,233.55880737304688,74203400
2018-05-02,233.3647897889404,234.1756812019906,231.60194962289327,231.98977661132812,86368900
2018-05-03,231.1612782885642,232.1308190231915,228.3318999811481,231.47857666015625,136311500
2018-05-04,230.50904174879244,235.15414423876828,230.18292052098005,234.47543334960938,91222100
2018-05-07,235.24223522943518,236.23821739751983,234.5547016940085,235.2686767578125,55304900
2018-05-08,234.89846846172185,235.63003534603325,233.70854588712598,235.2686767578125,67499200
2018-05-09,235.93851836419324,237.86883047334368,235.41848374968689,237.54270935058594,59666100
2018-05-10,238.28309102380584,240.09001824992728,238.17732492253143,239.7638702392578,72063900
2018-05-11,239.88734702869564,240.75994449971634,239.37610820211677,240.4955291748047,59871500
2018-05-14,240.92740579766743,241.579648169337,240.06360427665848,240.610107421875,54790600
2018-05-15,239.3849054726918,239.40252419286875,238.00989213222624,238.95301818847656,87036100
2018-05-16,238.98831440816372,240.41621099844787,238.96184597615334,239.95785522460938,53942600
2018-05-17,239.69332955173155,240.8303687534177,238.9793815852497,239.75503540039062,56536400
2018-05-18,239.41139641631585,239.77278199560305,238.80321420956608,239.15577697753906,64368000
2018-05-21,240.63655903279187,241.4915377795711,240.2487319580376,240.953857421875,58025900
2018-05-22,241.47388880461108,241.72950821369673,239.95784486948793,240.28396606445312,52966400
2018-05-23,239.0147067417322,240.97146049199173,238.8560306763974,240.9449920654297,64694200
2018-05-24,240.54838622347975,240.82162432927402,238.67095692322204,240.451416015625,76043800
2018-05-25,239.87850952148438,240.5043103513088,239.3760935361218,239.87850952148438,56374800
2018-05-29,238.2566683826817,239.01470366657188,236.0090578560398,237.11962890625,115908600
2018-05-30,238.42418221259786,240.72467619793298,238.3536804267183,240.28396606445312,69678400
2018-05-31,239.8784920671197,240.17817169479065,238.21262194583,238.81198120117188,93519900
2018-06-01,240.10766305948604,241.45623479489305,240.03713438510212,241.15655517578125,71258400
2018-06-04,241.97629276170582,242.5580333367851,241.73831898505043,242.3024139404297,45385200
2018-06-05,242.43462683786473,242.8577182376583,241.66779553102288,242.4787139892578,51135000
2018-06-06,243.08693803970908,244.61177810638046,242.46993300426405,244.50601196289062,62732200
2018-06-07,244.99076149724047,245.2816183350628,243.57166095224892,244.47952270507812,72969400
2018-06-08,244.02117074995135,245.2551535642236,243.85369877171357,245.2022705078125,72139700
2018-06-11,245.42261523927425,246.2423294780415,245.30802632225817,245.52838134765625,58892500
2018-06-12,245.9427074826128,246.20712281550618,245.20231765169822,245.84576416015625,72329000
2018-06-13,246.08376069412148,246.33938013874248,244.8585734412964,245.06130981445312,79070600
2018-06-14,245.92500392262775,246.20703788081565,245.08764415930972,245.67820739746094,77097600
2018-06-15,244.89557310376134,245.70127036855243,243.78885054546487,245.3648223876953,120041600
2018-06-18,243.91277699312204,244.98410382907056,243.43469232640646,244.86013793945312,52917600
2018-06-19,242.5935790794082,244.14299062462337,242.17745032648094,243.92164611816406,97531500
2018-06-20,244.60334059698366,245.0017714563841,244.00129011487593,244.33773803710938,53785500
2018-06-21,244.328973491891,244.34669834937597,242.3103121693889,242.80612182617188,71061400
2018-06-22,244.06332375690923,244.17842722996417,243.02741951900938,243.24876403808594,54898500
2018-06-25,242.09777885127292,242.25714041734616,238.2552413138066,239.9374542236328,137854200
2018-06-26,240.50408113101963,241.318613720225,239.7515044638951,240.46865844726562,68547400
2018-06-27,241.05303106816336,242.47847672690543,238.32605160508425,238.47657775878906,105110700
2018-06-28,238.42346234970134,240.60148478447195,237.71514369883715,239.84007263183594,76650500
2018-06-29,240.9291087243102,242.29259870231078,240.070290799281,240.18539428710938,97592500
2018-07-02,238.61832659509102,240.8583327289205,238.37925714920698,240.69894409179688,63554800
2018-07-03,241.59304182464982,241.690447435198,239.4238823737711,239.84884643554688,42187100
2018-07-05,240.9734789045889,241.86769281874558,239.90215146248846,241.8057098388672,56925900
2018-07-06,241.8321692408488,244.2226737215322,241.45143615123604,243.850830078125,66493700
2018-07-09,244.8513799026031,246.09976665933533,244.807121791495,246.04664611816406,50550400
2018-07-10,246.4981801075327,247.029412500854,246.20599013238512,246.9320068359375,51966800
2018-07-11,245.38251487407948,246.1705142878191,244.82472239371876,245.12574768066406,77054700
2018-07-12,246.3831157736756,247.40129559464523,245.78106490801085,247.34817504882812,60124700
2018-07-13,247.171048735879,247.8439178074918,246.7194971989239,247.5428924560547,48216000
2018-07-16,247.58714758902812,247.7287843093492,246.87882888944463,247.32151794433594,48201000
2018-07-17,246.55123480830568,248.71155948323252,246.4981142851185,248.32199096679688,52315500
2018-07-18,248.40171700765376,248.95064719365996,247.95902788737786,248.8444061279297,44593500
2018-07-19,248.18033358029288,248.56103967940436,247.42775678976406,247.90586853027344,61412100
2018-07-20,247.70223938621334,248.33087733719734,247.46319700882336,247.62255859375,82337700
2018-07-23,247.41886756898208,248.28652062758425,247.07355721494199,248.08290100097656,47047600
2018-07-24,249.49071794855155,250.17244940108057,248.46367604604748,249.33132934570312,68026900
2018-07-25,249.08332842357433,251.77488454253336,249.0390703407268,251.45616149902344,78882900
2018-07-26,250.73911347212268,251.54478384538666,250.64170782132058,250.86305236816406,57919500
2018-07-27,251.19065899609888,251.2880646550527,248.24236127402867,249.1631622314453,76768700
2018-07-30,249.24282110559668,249.4021826939374,247.3392363952235,247.86163330078125,63742500
2018-07-31,248.62303289486857,249.6943328768987,248.24232678004086,249.0834197998047,68570500
2018-08-01,249.28699639980596,249.79166828150966,248.020912502554,248.66722106933594,53853300
2018-08-02,247.3658379522572,250.19016966280472,247.16219123122863,250.02197265625,63426400
2018-08-03,250.14590056459343,251.14638224892715,249.96881411760404,251.09326171875,53935400
2018-08-06,251.12870559188278,252.32394464127194,250.73913699132908,252.0140838623047,39400900
2018-08-07,252.67804022075435,253.22697025725319,252.54521190516917,252.8462371826172,43196600
2018-08-08,252.67809533094987,253.13848226400177,252.27966433647936,252.74005126953125,42114600
2018-08-09,252.80201123908088,253.19157976992932,252.26194356016575,252.39474487304688,35717000
2018-08-10,250.9604415393712,251.50050922879808,249.99535560126085,250.70367431640625,77076000
2018-08-13,250.97816157511463,251.58907469989234,249.47300781443937,249.76519775390625,65732900
2018-08-14,250.49120289007564,251.5979255987983,250.10163433503746,251.35885620117188,43842000
2018-08-15,250.01302843557366,250.15469214912642,248.0474883168638,249.48179626464844,102925400
2018-08-16,250.9160898522672,252.36812256838886,250.8806671710086,251.5004425048828,69967900
2018-08-17,251.2968699173722,252.82858385301807,250.8896035314421,252.38589477539062,65618500
2018-08-20,252.8374516517211,253.19159751742657,252.38590013667803,252.92599487304688,39807500
2018-08-21,253.43945374344452,254.37795226648169,252.96134205561293,253.51913452148438,67272000
2018-08-22,253.11196135645298,253.89109861015223,252.846331645636,253.3687286376953,44993300
2018-08-23,253.1915881432276,254.0504060210551,252.7134763814482,253.0322265625,49204900
2018-08-24,253.60770790763118,254.69673270963204,253.5545873826161,254.55506896972656,57487400
2018-08-27,255.75038142221396,256.6711824868627,255.59101980129498,256.56494140625,57072400
2018-08-28,257.0252026557289,257.1314707039436,256.22836792145466,256.68878173828125,46943500
2018-08-29,256.9012714179143,258.3001567022933,256.6622290964166,258.0699768066406,61485500
2018-08-30,257.5919235454238,257.96376724094705,256.4320803195823,257.0252685546875,61229500
2018-08-31,256.6179593889367,257.47677714013287,256.13101229086976,257.0340881347656,66140800
2018-09-04,256.617960406128,256.94554594826343,255.59091866725385,256.5914001464844,57594400
2018-09-05,256.23734224900784,256.44098898920004,254.89157693273464,255.90089416503906,72452400
2018-09-06,256.00710048633505,256.308125831231,254.10354276501158,255.13058471679688,65909900
2018-09-07,254.08589638948595,255.60874827889572,253.8468269351204,254.63482666015625,73524800
2018-09-10,255.6440510008171,255.90968062912165,254.88263884278402,255.07742309570312,50210900
2018-09-11,254.4311349169495,256.36125295304953,254.08585146112563,255.91856384277344,50530500
2018-09-12,255.92733297890956,256.5825039770192,255.19248121234787,255.98045349121094,59810800
2018-09-13,257.0430128319784,257.6804862349242,256.75968531520266,257.4945373535156,51034200
2018-09-14,257.69814941620206,257.8840712530081,256.75965078524433,257.5387878417969,55079900
2018-09-17,257.4856929408959,257.5210886145558,255.90085840767378,256.1753234863281,68244000
2018-09-18,256.38777016818403,258.15852631195645,256.36120990681127,257.5653381347656,61930400
2018-09-19,257.6185601799571,258.25603372371484,257.4945942316351,257.83990478515625,49080600
2018-09-20,259.0970906351815,260.2480714927518,257.8575395336768,259.9293212890625,100360600
2018-09-21,260.6701329824998,260.78575750232153,259.5317200165653,259.6918029785156,105479700
2018-09-24,259.11377269620436,259.2560777454784,258.25106699504545,258.82916259765625,53409600
2018-09-25,259.2826480794176,259.3893700355499,258.34880382135856,258.58892822265625,44370000
2018-09-26,258.7312519258059,259.91412321436593,257.3971730938539,257.815185546875,79739700
2018-09-27,258.28667848822926,259.62075793744515,258.01097090674455,258.53570556640625,59249500
2018-09-28,257.9130552985251,259.060370917637,257.877499398238,258.56231689453125,70091400
2018-10-01,259.7986068206603,260.52791006634834,258.79362314823425,259.4606628417969,62078900
2018-10-02,259.309326171875,260.02082396744885,258.9357993288641,259.309326171875,47258200
2018-10-03,260.35885464256023,260.77686715736866,259.09594169443756,259.4516906738281,64694600
2018-10-04,258.9713507316017,259.02471170825,255.8407224866659,257.423828125,111545900
2018-10-05,257.6462715083235,258.1621035239601,254.5601005355288,255.98312377929688,105951700
2018-10-08,255.29827908481946,256.3388728047612,253.91974143292867,255.98312377929688,87742200
2018-10-09,255.60062166798622,256.90799285836005,255.04917962192192,255.6094970703125,74339000
2018-10-10,255.10262196536394,255.17378805809057,247.1426320674937,247.5161590576172,214731000
2018-10-11,246.43108606352877,248.04977526262698,240.4544104484742,242.06422424316406,274840500
2018-10-12,246.15536234428615,246.43997238862877,242.24206923125192,245.42608642578125,183186500
2018-10-15,245.07031967564035,246.3955233707276,243.9585870929312,244.0475311279297,102263700
2018-10-16,246.0041788161168,249.75738891009476,245.53280531070305,249.3838348388672,118255800
2018-10-17,249.41935063060885,250.050806935477,246.85791523825907,249.42825317382812,110626000
2018-10-18,248.4944520427115,249.09035262690333,244.55447843294348,245.8262939453125,134557500
2018-10-19,246.4756116171026,248.4055645473369,244.99922721015955,245.6929473876953,139901600
2018-10-22,246.3599268625698,246.6800928007739,244.05642033413275,244.59005737304688,82415800
2018-10-23,240.97913638494464,244.46551414384803,238.89794935655075,243.34487915039062,146352700
2018-10-24,243.09588794996847,243.47834459638236,235.42050879522853,235.971923828125,177806700
2018-10-25,237.8040722486143,241.74404636445752,236.7812836082861,240.2053985595703,138061500
2018-10-26,236.50552025457662,241.0235888710497,233.27704496131128,235.9807586669922,201574600
2018-10-29,239.06690816073626,240.35652851368536,231.10692100388889,234.67333984375,160749100
2018-10-30,234.50447812869737,238.46223054885823,234.0152994192975,238.15093994140625,157116000
2018-10-31,240.71232751034958,243.0069587045786,240.2409539924511,240.69454956054688,128296300
2018-11-01,241.55729632981314,243.45169327053114,240.47224408471195,243.2560272216797,99495000
2018-11-02,244.35886287316657,244.78577802798284,239.7696267410668,241.8152313232422,122634100
2018-11-05,242.3043034718907,243.70064588758427,241.33487607109518,243.14923095703125,65622500
2018-11-06,243.0869974643845,244.8479644418792,243.02473392791143,244.68788146972656,60085900
2018-11-07,246.85798369028106,250.0064178282418,246.43106862587547,249.92637634277344,102752100
2018-11-08,249.12588950722693,250.11312204168914,248.3343501125517,249.47276306152344,65584900
2018-11-09,248.16533791916257,248.3521013519031,245.6305827643591,247.03582763671875,98812600
2018-11-12,246.52900453980493,246.7691290832263,241.90418466281375,242.4200439453125,99673600
2018-11-13,242.88249745245955,244.8747140465854,241.24602994415395,241.9664306640625,98176600
2018-11-14,243.83411060887397,244.23431809199508,238.75572328236524,240.31214904785156,125335900
2018-11-15,239.04920193961252,243.28268858618313,237.47499826716003,242.8201904296875,135101400
2018-11-16,241.72624899886281,244.35882418194376,241.21038987573397,243.45166015625,126668000
2018-11-19,242.84684454276717,243.1403571320243,238.41771948586543,239.3337860107422,103061700
2018-11-20,236.00746255389294,237.46606866293442,234.0419270384769,234.90463256835938,136021300
2018-11-21,236.45220506168295,237.59952087377042,235.6962484957569,235.7051239013672,75563700
2018-11-23,234.06859584230529,235.5272018784924,233.97077641256175,234.130859375,42807900
2018-11-26,236.38102152128923,238.13311311240508,235.98968949085364,237.9107666015625,79981400
2018-11-27,236.87904876964447,238.711181640625,236.27427284254324,238.711181640625,75502400
2018-11-28,239.77847091805359,244.2075958251953,238.64893332775299,244.2075958251953,127629600
2018-11-29,243.43381388358048,245.07028072822635,242.29540098548318,243.67396545410156,82346400
2018-11-30,243.52274345751525,245.71952764718066,243.20257757168687,245.15921020507812,98204200
2018-12-03,249.27706444528062,249.3837864043592,246.81347541687646,248.40545654296875,103176300
2018-12-04,247.57844025566556,248.00535541672906,240.04533780939624,240.35662841796875,177986000
2018-12-06,236.5055048781223,240.10750683118934,233.41043224822184,239.99188232421875,204185400
2018-12-07,239.65398235031736,241.21931064647666,233.57948693968595,234.41551208496094,161018900
2018-12-10,234.2376330528424,235.82964190912955,230.0130487128308,234.86021423339844,151445900
2018-12-11,238.05313724921842,238.23990077007673,233.44612278861055,234.91360473632812,121504400
2018-12-12,237.88406423876316,239.24482367435746,236.01634829099115,236.0963897705078,97976700
2018-12-13,237.03916121383372,237.90186677142725,234.90464011376045,236.01637268066406,96662700
2018-12-14,233.87296422091924,234.82461387404103,231.10698644297347,231.6584014892578,116961100
2018-12-17,230.70677703043953,231.81850979093886,225.48608432984074,227.11366271972656,165492300
2018-12-18,228.75013191672292,229.41717153878733,225.26372621629173,226.8646240234375,134515100
2018-12-19,226.9446197617869,230.70671867180351,221.76840039515483,223.4671173095703,214992800
2018-12-20,222.22197924177337,223.78729366508378,217.58827236195947,219.82952880859375,252053400
2018-12-21,220.72861735508985,223.38552036390047,214.68124937399995,215.32534790039062,255345600
2018-12-24,213.84034063943142,215.45058694361018,209.57320499611265,209.6358184814453,147311600
2018-12-26,211.09396462178614,220.2276153564453,209.11693755623702,220.2276153564453,218485400
2018-12-27,216.99822249418898,222.1152062471228,213.76878896161634,221.9184112548828,186267300
2018-12-28,223.26922375327266,224.89735185930846,220.46918466599615,221.63214111328125,153100200
2018-12-31,223.2512997725202,223.81488933145144,221.3816315423611,223.57334899902344,144299400
2019-01-02,220.04873678437622,224.7273989963419,220.02190048222155,223.80596923828125,126925200
2019-01-03,222.06154839494693,222.36571591269447,217.98226653551384,218.46534729003906,144140700
2019-01-04,221.48898887122783,226.42707273146465,221.11326702808634,225.78297424316406,142628800
2019-01-07,226.0513447804907,228.96766966524018,225.15676508760038,227.5631866455078,103139100
2019-01-08,229.74600880148805,230.18434420172517,227.2232870155942,229.70126342773438,102512600
2019-01-09,230.40790782738253,231.61559568579878,229.18233820602435,230.77468872070312,95006600
2019-01-10,229.24504182356054,231.8393179366992,228.56515239927478,231.58883666992188,96823900
2019-01-11,230.51528322053164,231.70508947195933,229.93381189408592,231.67825317382812,73858100
2019-01-14,229.78173558745547,231.0699325784489,229.37919109052422,230.2648162841797,70908200
2019-01-15,230.640477924709,233.2168710816685,230.63152339417573,232.9037628173828,85208300
2019-01-16,233.3332136885603,234.35304766189932,233.12747782757188,233.46742248535156,77636700
2019-01-17,232.5997294200896,236.09754011844694,232.55498404467215,235.2387237548828,96118400
2019-01-18,237.0457750313044,238.83493470526588,235.2744971259349,238.36973571777344,127900300
2019-01-22,236.9026423777357,237.1173328055578,233.53901340633362,235.1492462158203,115531200
2019-01-23,236.1780497905634,236.87582102543777,233.18120164447532,235.64129638671875,86030300
2019-01-24,235.46232565671974,236.34797816335373,234.4514461827318,235.7664794921875,59204100
2019-01-25,237.60930774993875,238.5844236749442,235.86489366572147,237.7613983154297,96883400
2019-01-28,235.6233098766366,236.0168997440564,234.19197720278268,235.9542999267578,85613700
2019-01-29,236.09754087504854,236.6611032836526,234.80934362598626,235.64129638671875,66136300
2019-01-30,237.15305735490657,240.21250429784018,236.39265923503496,239.37159729003906,92473700
2019-01-31,239.30908511102857,241.95703405197406,239.09436736417533,241.4739532470703,104012100
2019-02-01,241.67070360013417,242.61002867744705,240.80296018796835,241.59019470214844,85782500
2019-02-04,241.63483280200896,243.35243729184063,240.96389824042424,243.28981018066406,60744800
2019-02-05,243.71923613137832,244.6138156129058,243.21827380575488,244.30966186523438,79552800
2019-02-06,244.0324162659288,244.52442420548215,243.25413625589732,243.9876708984375,58347800
2019-02-07,242.37747243464892,242.9231530517658,240.0068412365628,241.6618194580078,95482000
2019-02-08,240.41830721543772,242.0553761416929,239.5952818353024,241.9569854736328,75788900
2019-02-11,242.6099969413012,242.86940536740855,241.56332680359037,242.09112548828125,68021400
2019-02-12,243.7013974255774,245.57999282836457,243.629815766185,245.20428466796875,72270200
2019-02-13,246.03621807301033,246.84133422602136,245.61576458304654,246.00042724609375,65277200
2019-02-14,244.91795878823612,246.58189074825808,244.10388821913907,245.4547119140625,83234400
2019-02-15,247.22602816170678,248.16535320937362,247.02029230681626,248.1295623779297,97088700
2019-02-19,247.33340539822623,249.21200092876802,247.32445086509222,248.55897521972656,59120800
2019-02-20,248.52318324557527,249.51618090468128,248.0222207996787,249.0599365234375,76610800
2019-02-21,248.42478236010152,248.78260876381597,247.21709435971118,248.17430114746094,64214700
2019-02-22,248.79156931425143,249.90979403836442,248.1564253150696,249.7130126953125,78114600
2019-02-25,251.1354245896953,251.65426891834582,249.97245434206664,250.05296325683594,69030700
2019-02-26,249.7039901065705,250.75063287485753,249.49822698526583,249.87396240234375,56844100
2019-02-27,249.1583733195915,250.1155803239667,248.2280299194689,249.76670837402344,56921600
2019-02-28,249.5520102196407,249.99037295065955,248.97949325929966,249.30152893066406,69268300
2019-03-01,250.87595977067375,251.2695770643132,249.4267448715506,250.8580780029297,78880500
2019-03-04,251.91358133716793,252.15510796316795,247.6553743724362,249.94549560546875,106494600
2019-03-05,250.07077439856636,250.26758299106885,249.05989514164,249.60557556152344,59114600
2019-03-06,249.721906793157,249.73086132589236,247.7717296851715,248.09376525878906,75039800
2019-03-07,247.64651660427654,247.78965264981824,245.17749489480767,246.01840209960938,94885100
2019-03-08,244.1666005291717,245.6963242662043,243.701428884689,245.52635192871094,85795800
2019-03-11,246.2420952292,249.24787087242785,246.215258921686,249.08685302734375,65098900
2019-03-12,249.64138407228003,250.5449182155576,249.4535299980749,250.0260467529297,79667500
2019-03-13,250.91170489447018,252.6114007343966,250.7506598124784,251.6810302734375,80639200
2019-03-14,251.7079194255833,252.12837303273284,251.08172993222647,251.5200653076172,67518400
2019-03-15,252.07084468455997,253.57135794452324,251.88213571458323,252.7626953125,81309000
2019-03-18,252.97832411741985,253.9756956908309,252.75369409159345,253.67916870117188,62199800
2019-03-19,254.73951357232417,255.5032339343991,252.85261535045638,253.7421417236328,90268100
2019-03-20,253.52652051874023,254.7305345697894,251.87324626562793,252.97840881347656,84609200
2019-03-21,252.16071856563832,256.23998047374977,252.11577610387022,255.83566284179688,79550400
2019-03-22,254.4789155595248,255.00004525839176,250.8488859396825,250.9117889404297,122659300
2019-03-25,250.57030774799213,251.7563609170328,249.46514552195487,250.7230682373047,85575200
2019-03-26,252.47516797375593,253.54440914506105,251.19029074123256,252.59197998046875,68125900
2019-03-27,252.58301106957472,253.16707116109836,249.7257232922533,251.27117919921875,72224700
2019-03-28,251.90007198279523,252.67278597333015,250.7499675503961,252.22352600097656,56238500
2019-03-29,253.73313183400046,254.1374494706387,252.60998158668255,253.81399536132812,82186800
2019-04-01,255.8087003800633,257.12053213515975,255.53912787981554,256.8240051269531,77617900
2019-04-02,257.01270157304134,257.1834225886773,256.1590964948618,256.9497985839844,40070400
2019-04-03,258.16284976811403,258.55820087935837,256.7521663675677,257.35418701171875,68243200
2019-04-04,257.6776761857805,258.28866346963747,256.9858253573542,258.0370788574219,48997500
2019-04-05,258.70197802863925,259.33991976678186,258.4144449503601,259.2860107421875,58621700
2019-04-08,258.86363103444137,259.59143007888594,258.20770152867095,259.4836120605469,53566300
2019-04-09,258.522174565323,258.8456286022435,257.6056940400608,258.1537780761719,66142300
2019-04-10,258.5671452624204,259.1242508136989,258.1538336527132,259.0343933105469,52601500
2019-04-11,259.51963318830144,259.5286271668496,258.39648269643163,258.9625549316406,55093100
2019-04-12,260.5708025998839,260.99310810092373,259.0073865588941,260.7145690917969,69727800
2019-04-15,260.78647484201645,260.8853263154702,259.74418819639936,260.54388427734375,49596700
2019-04-16,261.4244075766626,261.4783165835482,260.12154259540137,260.7145690917969,52153200
2019-04-17,261.8286964945726,261.85565099506766,259.6632602193015,260.07659912109375,58268300
2019-04-18,260.6606115425039,260.8582870044896,259.36674077689725,260.5887145996094,68708500
2019-04-22,259.8250653691345,260.9661760070736,259.7352078763909,260.81341552734375,40160100
2019-04-23,261.18169300887945,263.3920711561434,260.94809653900546,263.158447265625,52246600
2019-04-24,263.07769295982763,263.4101409908237,262.4307574273886,262.57452392578125,50392900
2019-04-25,262.47565322395,263.06867970360906,261.2267247054764,262.4127502441406,57770900
2019-04-26,262.45761543389335,263.7065435847097,261.68487421672967,263.6346740722656,50916400
2019-04-29,263.72467211131345,264.56928329115584,263.634814607374,264.0481262207031,57197700
2019-04-30,263.706646787458,264.47039433172,262.29599111609195,264.182861328125,81111700
2019-05-01,264.8118711118755,265.0185406267152,262.18818009576734,262.1971740722656,71671900
2019-05-02,262.0803330426567,262.99684108288136,260.1395263594633,261.6310729980469,65030200
2019-05-03,263.1046927620058,264.4704336008856,261.7389245024655,264.19189453125,56543700
2019-05-06,259.89692165063803,263.54491082051743,259.58243415240935,263.1046447753906,107198100
2019-05-07,260.7056536173514,261.2986802923113,256.80607889473276,258.7109375,144729900
2019-05-08,258.3514404296875,260.05862285255927,257.7584139715136,258.3514404296875,91568300
2019-05-09,256.2848860812778,258.17175626704255,254.55072152918922,257.56976318359375,103471100
2019-05-10,256.6353077314568,259.6184010578606,253.652214405053,258.8636474609375,112429300
2019-05-13,253.76006930266527,254.7214650101081,251.52273551419995,252.3583526611328,127290500
2019-05-14,253.3737233815152,256.16813569340195,253.24794480185466,254.64064025878906,77003200
2019-05-15,253.01424507952993,256.7700521218785,252.80757560681195,256.1321105957031,73956400
2019-05-16,256.8330409507783,259.86104999438817,256.7611713913975,258.5043029785156,76749600
2019-05-17,256.2040601319123,259.3129323114473,256.1860721788903,256.8330078125,100353000
2019-05-20,255.2335743986409,256.9407568168034,254.38896345332793,255.13475036621094,62877600
2019-05-21,256.8240135080661,257.8123911999107,256.57242895202023,257.4350280761719,46847100
2019-05-22,256.482621077497,257.59677743350494,256.1681335000444,256.64434814453125,49482500
2019-05-23,254.42496455238847,254.46987959084603,252.09780069472387,253.50848388671875,98733800
2019-05-24,254.9460217235445,255.3593606108027,253.46346940714614,254.0834503173828,55268100
2019-05-28,254.36206462869922,255.31449378901283,251.70245267653993,251.7204132080078,70029400
2019-05-29,250.6062244273925,251.01054198780503,248.62946939652528,250.03115844726562,104972900
2019-05-30,250.78599614822284,251.62164089484054,249.61793068747068,250.71412658691406,62523800
2019-05-31,248.17124628444185,248.997869366568,247.30864730223772,247.33560180664062,86862800
2019-06-03,247.37151522416315,248.48567114243932,245.37679991910798,246.7066192626953,96428000
2019-06-04,248.99782673135718,252.19655533585188,248.54856678779723,252.06178283691406,77231900
2019-06-05,253.67922810801772,254.27225480555384,251.8732209234881,254.24530029296875,71169700
2019-06-06,254.54167602016454,256.57231207585664,253.89474068207875,255.89842224121094,69430400
2019-06-07,256.9138642871934,259.53755523499956,256.74314326213107,258.4593200683594,74272200
2019-06-10,260.0047577816279,261.3076228990596,259.5554977301904,259.6453552246094,60799100
2019-06-11,261.46036226590786,261.8287588074491,258.93552290959707,259.58245849609375,58641300
2019-06-12,259.348806008108,259.90588397794284,258.61201308383846,259.1241760253906,47096300
2019-06-13,260.0316933843536,260.55285036170267,259.33084885188674,260.19342041015625,48945200
2019-06-14,259.9058837890625,260.5078767867424,259.14213636424796,259.9058837890625,52324700
2019-06-17,260.13953327502185,260.7685083224592,259.83403972704474,260.0047607421875,39205700
2019-06-18,261.81977777473696,263.7785449569694,261.4603478082686,262.7272644042969,85434800
2019-06-19,262.862058449699,263.85043609708407,261.8916687545038,263.3203125,78674400
2019-06-20,265.9978750491621,266.24046558371964,263.3831784940885,265.83612060546875,116570000
2019-06-21,265.5671176917623,266.82212083031214,265.2330527028107,265.4497375488281,83309500
2019-06-24,265.6573967423069,265.97338627298683,264.9711913645555,265.12469482421875,47582700
2019-06-25,265.17891396740316,265.2059995764725,262.41607162622273,262.5244140625,82028700
2019-06-26,263.418210537563,263.92382683504434,262.15416979385975,262.26251220703125,51584900
2019-06-27,263.0209840306274,263.6981517889475,262.6417855162231,263.1925354003906,40355200
2019-06-28,264.167557504222,265.04336195090093,263.65293111911507,264.5467834472656,59350900
2019-07-01,267.8695161656501,268.08622859750477,265.74771822350516,266.9485778808594,78705600
2019-07-02,266.9033612093092,267.69790900113674,266.06367992868246,267.64373779296875,61504500
2019-07-03,268.32095238664516,269.80170581299336,268.1764866215848,269.78363037109375,40898900
2019-07-05,268.5556549615941,269.6391341895929,267.2645286286108,269.4765930175781,51677300
2019-07-08,268.1673398607197,269.2959522434822,267.45404911969007,267.99578857421875,45841800
2019-07-09,266.840222998623,268.6279282653834,266.7860517816925,268.3299865722656,41101300
2019-07-10,269.39534519807506,270.5600812739369,268.8626432853066,269.6120300292969,58448500
2019-07-11,270.25305627246956,270.48778894864506,269.2418238255109,270.2440185546875,50826100
2019-07-12,270.73161735765416,271.52616509938144,270.4246380127178,271.45391845703125,40326000
2019-07-15,271.8872615333681,271.8872615333681,271.03854275581523,271.5441589355469,33900000
2019-07-16,271.4539059829256,271.6615806276131,270.3614166652641,270.66839599609375,36650100
2019-07-17,270.6412948846412,270.8038084821164,268.82647705078125,268.82647705078125,36036300
2019-07-18,268.32997368121545,270.1899255172124,267.88756624619475,269.8106994628906,51392600
2019-07-19,270.90324170741786,270.93032731709434,268.1403993042997,268.31195068359375,58678600
2019-07-22,268.7091928929078,269.51277855742103,268.1945663171256,268.9710388183594,43638100
2019-07-23,270.090607031503,270.8941650390625,269.259935864137,270.8941650390625,44564500
2019-07-24,270.13573328679485,272.167236328125,270.04543875193104,272.167236328125,47213200
2019-07-25,271.7157538258222,271.76992502848304,270.0634494826073,270.8670349121094,55394100
2019-07-26,271.5532415968484,272.88049117681857,271.42682375398465,272.6818542480469,45084100
2019-07-29,272.5644676648038,272.68184778639005,271.63449196441434,272.18524169921875,38126500
2019-07-30,270.7858119974368,271.9234625037329,270.4065859773304,271.51715087890625,45849000
2019-07-31,271.7608251817795,271.9504519017609,266.5331124419969,268.5465393066406,104245200
2019-08-01,268.700115526861,271.65255641303344,265.4135821381002,266.2081298828125,142646600
2019-08-02,265.31430025667504,265.55807069993347,262.6507630499362,264.2037353515625,116749700
2019-08-05,260.11372490987765,260.22206736292844,254.36231674350026,256.2583923339844,178745400
2019-08-06,258.14529773750104,260.06845795439847,256.6735825460155,259.85174560546875,120711700
2019-08-07,256.7819852077057,260.7727722927134,254.6511774136103,260.00531005859375,140572300
2019-08-08,261.4949771448628,265.1065368652344,260.9442275134328,265.1065368652344,87713900
2019-08-09,264.1676704197368,264.7635814112252,261.5222080674551,263.3009033203125,93730000
2019-08-12,261.8019984508938,263.29176156394834,259.14749942587946,260.0955505371094,65527600
2019-08-13,259.79769355061575,265.5852247370545,259.4545907653121,264.1405944824219,94299800
2019-08-14,260.09563131231886,260.7005524202266,256.20417608457865,256.33056640625,135622100
2019-08-15,257.2153345533102,257.901539842479,254.96714703508582,257.0076599121094,99556600
2019-08-16,258.6598082741647,261.23302144916636,257.0616761356662,260.7996520996094,83018300
2019-08-19,263.8154737214388,264.6190316225491,263.13830611256157,263.9418640136719,53571800
2019-08-20,263.4362519312439,263.9689538188934,261.79301278192634,261.9194030761719,51596400
2019-08-21,264.077348056287,264.4204232030708,263.39114265467236,264.0502624511719,49524700
2019-08-22,264.75453184479977,265.3865385206094,262.1993368727227,263.968994140625,51666400
2019-08-23,262.6688438924776,264.33015864750445,255.94230050225514,257.18829345703125,149161500
2019-08-26,259.37325938101276,260.0323791503906,257.8473727295932,260.0323791503906,72423800
2019-08-27,261.42284451272855,261.7930328129497,258.253690992949,259.0121154785156,66668900
2019-08-28,258.35305014787957,260.9985121802663,257.5494645347921,260.83599853515625,59696700
2019-08-29,263.39119104890403,264.69135544136327,262.3889683674536,264.16766357421875,57899400
2019-08-30,265.64836826101157,265.66641614641384,263.12028660352104,264.0502624511719,62901200
2019-09-03,262.35278021837604,263.2646804730789,261.1790065682752,262.5062561035156,69101400
2019-09-04,264.6732137573608,265.5038572084943,263.92379955368773,265.4858093261719,46887300
2019-09-05,267.96876695252837,269.81064296202624,265.44969579769,268.89874267578125,83258100
2019-09-06,269.2147237052525,269.7474254993275,268.53755620454444,269.1063537597656,49584300
2019-09-09,270.09050951827663,270.1807764689451,268.30277752000933,269.2417907714844,51260300
2019-09-10,268.4834981554338,269.24195040123317,267.22849472451674,269.1787414550781,57947100
2019-09-11,269.4855693643672,271.17396919283516,268.83548748642085,271.09271240234375,68821100
2019-09-12,271.9956759928493,273.08816543274827,271.23725152228974,272.03179931640625,72908700
2019-09-13,272.4742232943265,272.8263637238987,271.4810384912023,271.8512268066406,62104800
2019-09-16,270.7225736719622,271.8963473751053,270.3704608488334,271.0115051269531,58191200
2019-09-17,270.8128202619807,271.7879293074554,270.6412689630707,271.6976623535156,41475500
2019-09-18,271.3095130844703,271.96863296095114,269.2780097922511,271.86029052734375,73375800
2019-09-19,272.2485052514616,273.24169007108816,271.5081286082832,271.8421936035156,76560500
2019-09-20,272.44441106611964,272.7256250118713,269.7686018264229,270.5577392578125,89565000
2019-09-23,269.89556952748023,271.2108170035137,269.64159394991134,270.4942321777344,43476800
2019-09-24,271.5827644184251,271.97279346935863,267.4102840114436,268.37176513671875,94869400
2019-09-25,268.45338400504926,270.40355684518136,266.9748722488337,269.9591064453125,71854000
2019-09-26,269.96811938594385,270.1767253518255,267.9907363489496,269.39666748046875,56179700
2019-09-27,270.14955226807103,270.25842267385457,266.3943398657859,267.9454040527344,84746600
2019-09-30,268.4625040639401,269.8956464426555,268.41716214409126,269.1881408691406,51662400
2019-10-01,270.0680680994913,270.7211524854735,265.768612039187,265.9862976074219,88242400
2019-10-02,264.4079467960568,264.4170262525811,259.99964920337914,261.28765869140625,122539500
2019-10-03,261.0609342690708,263.455585936669,258.3488337490657,263.4283752441406,85278800
2019-10-04,264.08147851019316,267.2471092538503,264.02702943995206,266.9931335449219,65091200
2019-10-07,266.19486160761295,267.81850652842235,265.5599086250279,265.8410949707031,59610500
2019-10-08,263.990626093179,264.7253421334106,261.6776075713752,261.7138977050781,95708100
2019-10-09,263.72761868689645,265.13355020756165,263.10174525349936,264.19927978515625,62359400
2019-10-10,264.11775599666566,266.86614702074127,263.9544918204895,265.9862976074219,55296300
2019-10-11,268.7346339216523,270.97507304287916,268.6167393837116,268.74371337890625,98720400
2019-10-14,268.42617702704035,269.09742004492904,268.0996488139588,268.4443359375,40394800
2019-10-15,269.48742469346604,271.84578529470946,269.3695025112143,271.10198974609375,46754500
2019-10-16,270.6394458056109,271.35603084525394,270.2312854776649,270.6666564941406,48928200
2019-10-17,271.8276926759577,272.33564398394304,270.7754999147679,271.4648742675781,45736600
2019-10-18,270.92975667791666,271.57376153444164,269.42403373913845,270.27667236328125,64304000
2019-10-21,271.5918227015919,272.3083799212792,271.1564240881151,272.10882568359375,39048600
2019-10-22,272.6440336093649,272.93429940069217,271.12925918317654,271.219970703125,48594700
2019-10-23,270.965950615548,272.0634850874928,270.75731692201106,272.0090637207031,34352200
2019-10-24,272.9434028694703,273.08853577790205,271.62815491768134,272.4535827636719,35453100
2019-10-25,271.88203808422276,274.11342465074256,271.8276167222357,273.5691833496094,45205400
2019-10-28,274.7846778376868,275.6101055167936,274.7574671529367,275.1112060546875,42147000
2019-10-29,274.8390662452186,275.9547595486964,274.7120646107723,275.029541015625,44284900
2019-10-30,275.229106138278,276.24500852902196,273.9229380126746,275.8731384277344,49643900
2019-10-31,275.86406156075225,275.86406156075225,273.6871238914147,275.1383972167969,69053800
2019-11-01,276.5806723698209,277.73262829214644,276.41738057633785,277.6872863769531,71141500
2019-11-04,279.2384077691996,279.3744612238009,278.4311111364447,278.8030090332031,60606900
2019-11-05,279.0025497152499,279.30189498204095,278.2043325788355,278.4945983886719,42933200
2019-11-06,278.4945741205653,278.8301818233875,277.6147249920431,278.5580749511719,46487100
2019-11-07,279.89139471405895,280.8710069278483,279.0659671347833,279.5376281738281,54272300
2019-11-08,279.19295893958304,280.28144163006976,278.49453294996727,280.2270202636719,49032100
2019-11-11,278.84827471069235,279.86417703477946,278.7121936255367,279.69183349609375,35797300
2019-11-12,280.05475967061557,281.17950515104246,279.5105181641509,280.2815246582031,46484600
2019-11-13,279.29278899604503,280.77130091310977,279.0660240438884,280.3721923828125,53917700
2019-11-14,280.090987886083,280.8619942096514,279.45603498872856,280.78033447265625,51219900
2019-11-15,282.11374103249324,282.85753674364037,281.4243943784293,282.81219482421875,62023600
2019-11-18,282.57642344565835,283.2567185004354,282.1228934091404,283.0208740234375,49228000
2019-11-19,283.6193815961007,283.6284610498649,282.29508236581955,282.9390869140625,67804700
2019-11-20,282.3496028123388,282.86663359563494,280.3359287395858,281.8869934082031,79406200
2019-11-21,281.9958720828886,282.1047148443882,280.6352822016,281.4334716796875,54664700
2019-11-22,282.17718732194487,282.3132407351811,281.0524421975064,282.05926513671875,44850200
2019-11-25,282.98453205746335,284.2453308105469,282.98453205746335,284.2453308105469,48647200
2019-11-26,284.28162866852205,285.0707663027961,283.96415218727157,284.88934326171875,37569000
2019-11-27,285.3700754304547,286.15924072265625,285.15238993261636,286.15924072265625,44444600
2019-11-29,285.596710955689,285.8416347110296,284.87107450423116,285.09783935546875,36592700
2019-12-02,285.351926627072,285.4154274537873,282.2497977488334,282.6761169433594,75767800
2019-12-03,279.9639862341054,280.8619942096514,278.5852653796921,280.78033447265625,73941700
2019-12-04,281.82347080730165,283.1114801298138,281.4787836789131,282.5128173828125,49080000
2019-12-05,283.21137656929426,283.22950780549536,281.7147053037635,283.0208740234375,40709000
2019-12-06,284.92557074598903,286.00497393609896,284.91649129155104,285.6058654785156,48927000
2019-12-09,285.21583692878045,285.887052207936,284.63530546909504,284.7078857421875,34838500
2019-12-10,284.6534664265952,285.3156022560636,283.73732732073876,284.3904113769531,52649800
2019-12-11,284.84392633852576,285.4516684529647,284.3087644939141,285.19769287109375,53429100
2019-12-12,285.2068112141044,288.4359419435748,284.97099448527933,287.6558837890625,96389600
2019-12-13,287.42005905278955,289.0527834416107,286.6490526203965,287.8282470703125,81503900
2019-12-16,289.5516578841208,290.3952169345024,287.7647488016478,289.8056335449219,82749700
2019-12-17,290.18661712815833,290.4859347171941,289.787508555263,289.869140625,61097700
2019-12-18,290.2591659445252,290.48593091791935,289.83284668729334,289.88726806640625,48133000
2019-12-19,290.07772911648044,291.14808077783215,289.823753465592,291.07550048828125,85310500
2019-12-20,292.1054650052227,293.48186803995895,291.13016050237536,292.3515930175781,147142100
2019-12-23,293.1354448960883,293.19013382059256,292.6523408513955,292.7981872558594,52990000
2019-12-24,293.02612879098643,293.0716936318886,292.50655608135855,292.807373046875,20270000
2019-12-26,293.1901602146185,294.37515192605576,293.1810639379538,294.36602783203125,30911200
2019-12-27,295.0953240109606,295.1500129574212,293.7645132848047,294.2931823730469,42528800
2019-12-30,294.3752190438764,294.5119413986182,292.1875500985432,292.670654296875,49729100
2019-12-31,292.16925296260575,293.6276892705335,291.82287121002,293.3815612792969,57077300
2020-01-02,294.91296621198353,296.1435228475682,293.9923228046252,296.1252746582031,59151200
2020-01-03,292.74353546966336,295.00411329960116,292.68884653822107,293.8829345703125,77709700
2020-01-06,292.1328118215423,295.08615327203825,292.0143098616565,295.0041198730469,55653900
2020-01-07,294.4390032296372,294.91301114756425,293.7280191701127,294.1746826171875,40496400
2020-01-08,294.3660894233574,296.95480128822834,294.1199891894408,295.74249267578125,68296000
2020-01-09,297.30119760730037,297.82077038824355,296.71781178644477,297.7478332519531,48473300
2020-01-10,298.33117684890317,298.4861195611985,296.42610473911026,296.8909606933594,53029300
2020-01-13,297.510801872737,298.94186605271307,297.082386683004,298.9327697753906,47086800
2020-01-14,298.49524063629786,299.54348231822837,297.9209789989077,298.4770202636719,62832800
2020-01-15,298.38587734482564,299.90809914567166,298.30384393795646,299.15155029296875,72056600
2020-01-16,300.52795985830204,301.6400146484375,300.30008000636747,301.6400146484375,54050300
2020-01-17,302.3509470912397,302.7884585291991,301.5761501633732,302.5788269042969,95846000
2020-01-21,301.6217259743135,302.78846954692693,301.5488166711206,301.986328125,77742400
2020-01-22,302.8432196250379,303.4904184768439,301.8679149339362,302.0228576660156,48914900
2020-01-23,301.37567931823935,302.77942705597485,300.2636244798141,302.3692321777344,51963000
2020-01-24,303.0255562651374,303.10758968515563,298.39502145229517,299.6802673339844,87578400
2020-01-27,294.4480801750021,296.3531521856209,294.1108224827082,294.8764953613281,84062500
2020-01-28,296.298487210109,298.84163406721996,294.9676767051918,297.9665832519531,63834000
2020-01-29,299.32474201380455,299.5526218615138,297.5199236056963,297.720458984375,53888900
2020-01-30,295.6603946749964,298.89630496665,294.91296997027223,298.6866455078125,75491800
2020-01-31,298.0668814238513,298.221851981053,292.35166407869235,293.26318359375,113845600
2020-02-03,294.73985138812446,297.30121909243115,294.6213493961139,295.44171142578125,69083000
2020-02-04,299.04215432222543,300.81050405404096,298.7231169921296,299.9445495605469,62573200
2020-02-05,302.8705625667215,303.6180152040548,301.4121536768775,303.4083557128906,65951100
2020-02-06,304.365386197161,304.6206104661579,303.3535853975724,304.42919921875,50359700
2020-02-07,303.37190028539015,304.4383624299263,302.2598454793981,302.8067626953125,64139400
2020-02-10,301.92253597033135,305.13107376686384,301.88606741089336,305.0672607421875,42070000
2020-02-11,306.41630901268127,307.20020220152,305.06725053223005,305.595947265625,54864500
2020-02-12,307.02705945948134,307.77451202465284,306.66245727222037,307.56488037109375,43992700
2020-02-13,306.14282963542433,308.2028719590965,305.86938499837,307.2366638183594,54501900
2020-02-14,307.64693997585454,307.84747536853007,306.4528517159032,307.7289733886719,64582200
2020-02-18,306.73540821888315,307.7927740817303,305.5504162851949,306.9359436035156,57226200
2020-02-19,307.90211788539574,309.07795777585227,307.61954912250815,308.4034423828125,48814700
2020-02-20,307.8565243216202,308.67691395841035,304.15575813081296,307.1364440917969,74163400
2020-02-21,305.78739481387316,306.09730805211063,303.1530905628107,303.9734802246094,113788200
2020-02-24,294.5482931508626,304.0463065249934,292.8163846197698,293.8919982910156,161088400
2020-02-25,295.27757219253857,295.8882745622072,284.1114604678439,284.98651123046875,218913200
2020-02-26,286.3810356553901,289.9632986856454,283.20896730624605,283.93817138671875,194773800
2020-02-27,278.43272007694435,283.99299421889395,271.1861572265625,271.1861572265625,284353500
2020-02-28,263.155638584235,271.5325033532073,260.27523419743306,270.0467224121094,384975800
2020-03-02,271.8241810091955,281.80532914475464,268.40598340350584,281.74151611328125,238703600
2020-03-03,282.11520716459734,286.07119736155244,271.24078921564694,273.6745300292969,300139100
2020-03-04,279.0343161033958,285.3967315712866,276.49116917188974,285.1779479980469,176613400
2020-03-05,277.9951357880224,281.17632889627316,273.46488424875696,275.6980895996094,186366800
2020-03-06,267.2118873410211,272.3437456449538,264.5502664620457,271.1405334472656,228667200
2020-03-09,250.94130814535401,259.04472988247346,249.25501931805033,249.96600341796875,309417300
2020-03-10,259.4548490211814,262.9915202948296,249.3005113667445,262.900390625,276444100
2020-03-11,255.86349945004477,256.9937745724308,246.91237251975267,250.08444213867188,255316300
2020-03-12,233.34894558391483,243.06574485920348,225.7650981762707,226.1570587158203,392220700
2020-03-13,239.8116265596918,247.45928738947632,226.53079663529957,245.4904022216797,329566100
2020-03-16,219.84025357126822,234.16934039210489,216.35825651592697,218.62794494628906,297240000
2020-03-17,223.35872879137676,233.50395903282416,216.09393128193696,230.43212890625,262070500
2020-03-18,215.34646582603455,226.39407689191867,207.84466479454713,218.76466369628906,327597100
2020-03-19,218.08099810602204,225.49165465544974,211.6730183757266,219.22950744628906,289322000
2020-03-20,222.37079573833208,224.1495443005765,209.50697679443658,209.78204345703125,347158800
2020-03-23,209.22269612416616,210.58883736917826,200.11807712080454,204.41824340820312,326025200
2020-03-24,214.93482673177368,223.81022492489032,214.3663660879373,222.93917846679688,235494500
2020-03-25,224.5162352253458,235.04201992086357,219.82181757105965,226.27664184570312,299430300
2020-03-26,228.77971920189324,240.95586078896224,228.34878482606823,239.48887634277344,257632800
2020-03-27,232.2180034986201,239.1312666476789,230.18253051508594,232.35552978515625,224341200
2020-03-30,234.44610436485314,240.61669998293996,232.45647736735626,239.9015350341797,171369500
2020-03-31,238.90208181788717,241.4418275508448,234.92282878626662,236.32565307617188,194881100
2020-04-01,227.36772539626958,236.24312431481496,223.62685616519354,225.68983459472656,189554600
2020-04-02,224.80964222485147,231.67705936295383,224.25950903784965,230.89772033691406,177660400
2020-04-03,229.91666012342145,232.26388300481995,224.83715469449982,227.56028747558594,135561200
2020-04-06,236.40821189273478,244.80683164702756,227.54198862018026,242.84469604492188,188061200
2020-04-07,251.4174604431951,252.16930817093797,242.8721667882083,243.0922088623047,201427200
2020-04-08,245.68700700539043,253.05872554058368,243.202271556666,251.25247192382812,153774500
2020-04-09,254.50736272812495,257.8264895451894,252.57276069196072,255.0758514404297,189999200
2020-04-13,254.1039856856062,254.443226607134,248.85025633333169,252.7469940185547,114839100
2020-04-14,257.6248038351175,261.2189556921162,252.60947200950213,260.20123291015625,134143400
2020-04-15,254.49815400316507,260.33866974894516,252.56352443424902,254.67236328125,121775000
2020-04-16,255.9469100537086,256.7537685008256,252.83870305963532,255.9010772705078,131798300
2020-04-17,261.659114795478,263.4195080259015,258.92680340917883,262.81439208984375,146684800
2020-04-20,259.11925837284326,262.95183530213035,257.96400942467557,258.1840515136719,100109300
2020-04-21,253.72799788074695,254.9291074264228,249.40947658688037,250.34471130371094,126385700
2020-04-22,255.2134176368434,257.64314274626923,253.89310890173235,255.9010772705078,92951600
2020-04-23,257.1754630685727,260.3387078110824,255.5801020580558,255.88265991210938,104709700
2020-04-24,257.39557038512345,260.11870338954105,255.35091919954365,259.4493713378906,85063200
2020-04-27,261.42067588061485,264.30884067979105,260.9622361353189,263.19024658203125,77896600
2020-04-28,266.8302527082662,267.17867138306195,261.67739457497856,261.97998046875,105270000
2020-04-29,267.29784515422165,270.36939668055743,266.2709447231819,268.83819580078125,118745600
2020-04-30,267.4628878219718,268.93907823852754,264.60222850800403,266.33514404296875,122901700
2020-05-01,261.5947967015309,266.5001059124838,258.1198167734185,259.2842712402344,125180000
2020-05-04,257.4046969992286,260.30203907180845,255.92853469244014,259.9994812011719,80873200
2020-05-05,262.8142792143297,265.2073206037957,260.12780177122573,262.40167236328125,79569900
2020-05-06,264.09793589455825,264.4830095523587,260.192020908388,260.6229553222656,73632600
2020-05-07,263.83207158010157,265.69333581380084,263.2636107768448,263.76788330078125,75250400
2020-05-08,266.8944094168429,268.5998195757135,265.7666377314456,268.1322021484375,76452400
2020-05-11,266.2067321816507,269.56251377203523,265.7849755389823,268.18719482421875,79514200
2020-05-12,269.37000418111256,269.7825831185984,262.7042730991444,262.8418273925781,95870800
2020-05-13,262.2824804769914,263.31855852406073,255.77263209509584,258.1932067871094,144721100
2020-05-14,255.76356766017756,261.41152119733994,250.29894526780333,261.2831726074219,121977900
2020-05-15,258.89925085277906,262.53008571070245,257.954866120157,262.4842529296875,111146300
2020-05-18,268.6915050760796,272.0839701507051,268.3706196611589,270.47943115234375,119703800
2020-05-19,269.8835330443974,271.58891577815547,267.6830274604417,267.70135498046875,95189300
2020-05-20,271.2313006225374,273.11089240666524,271.0020807473539,272.2490234375,85861700
2020-05-21,272.1206276660374,272.92748596370774,269.278296110494,270.369384765625,78293900
2020-05-22,270.0851928712047,271.05708287336876,268.84739998740986,270.88287353515625,63958200
2020-05-26,276.83335693039163,277.07175449936034,270.90114681308035,274.2202453613281,88951400
2020-05-27,277.00761167218025,278.33709805129075,272.1939946167621,278.3004150390625,104817400
2020-05-28,279.3272461114309,281.33521382254526,277.11756385460404,277.7868957519531,90405200
2020-05-29,277.3193091660714,279.61150744849493,274.5778489741923,279.02471923828125,119090800
2020-06-01,278.38289544316814,280.7576095309241,277.86944526100126,280.1524658203125,55758300
2020-06-02,281.06940446353366,282.5180897682759,279.7399459537755,282.47222900390625,74267200
2020-06-03,284.4526664557033,287.1849772402928,284.17761381806736,286.2314147949219,92567600
2020-06-04,285.2503943614797,286.98331020860866,283.38912992249556,285.4796142578125,75794400
2020-06-05,290.86169285851645,294.565865879508,290.797504578311,292.7962951660156,150524700
2020-06-08,293.60304767799335,296.5278944562294,293.06209232772414,296.3353576660156,73641200
2020-06-09,293.67644251654445,296.40875303318035,292.814573695221,294.125732421875,77479200
2020-06-10,294.70338803982554,295.5927621739855,291.7693627776029,292.4845275878906,95000800
2020-06-11,285.5712867925123,286.2039358982989,275.0730331017828,275.6231384277344,209243600
2020-06-12,282.61891221793167,283.3890875968667,273.78020888553783,278.92388916015625,194678900
2020-06-15,273.24832261847223,282.6555119408555,272.07471838959447,281.5277404785156,135782700
2020-06-16,289.2571484357814,289.4038525103005,282.0963219351536,286.94659423828125,137627500
2020-06-17,287.96425988813667,288.2576679504427,285.0210574809537,285.75457763671875,83398900
2020-06-18,284.2417880969982,286.3414217497539,283.7833484028866,285.8646545410156,80828700
2020-06-19,289.323611161699,289.5169952642536,282.2878135586834,284.23095703125,135549600
2020-06-22,283.6322825514577,286.4502770307113,282.4903582303145,286.0542907714844,74649400
2020-06-23,288.6973956071107,289.627527981212,286.9660723422408,287.37127685546875,68471200
2020-06-24,285.3359965817493,285.95302134093265,278.2081310603143,280.0407409667969,132813500
2020-06-25,279.4697872300513,283.3100111754416,277.45298321689944,283.0429382324219,89468000
2020-06-26,281.9470509652658,282.1588713157659,275.7400992165521,276.32025146484375,127961000
2020-06-29,277.5727536803356,280.5196622715444,275.28887633629,280.38153076171875,79773300
2020-06-30,279.94872310498295,285.66762102118946,279.7921834155964,283.9731140136719,113394800
2020-07-01,285.08739818187286,287.22392574002134,284.62694111006857,285.9622497558594,72396500
2020-07-02,289.38803604130976,290.7325908541107,286.8739585501112,287.5370178222656,69344200
2020-07-06,291.34964563164624,292.55604108748975,290.60370731479867,291.9758605957031,61713800
2020-07-07,290.43788464051073,292.4086261412663,288.58683836174674,288.96441650390625,82910000
2020-07-08,289.72884039147516,291.28518783880827,287.96991877388723,291.1746826171875,54638600
2020-07-09,291.78240850045916,292.0218551502653,286.1095744969354,289.5169677734375,83354200
2020-07-10,289.4525470058198,292.74021752489676,288.02514120267125,292.47314453125,57550400
2020-07-13,294.81219454195264,297.18814022544717,289.2867107064114,289.9405517578125,102997500
2020-07-14,288.522406144319,294.4715320808562,287.32522893206374,293.6979675292969,93657000
2020-07-15,296.91194993690715,297.4921303782736,294.0202658653574,296.396240234375,87196500
2020-07-16,294.49919068416483,295.871343992354,293.85453943512255,295.42010498046875,54622500
2020-07-17,296.4238694209868,297.0593024720893,294.45309952821765,296.2765197753906,62774900
2020-07-20,296.0094731698983,299.4168672808463,295.26353484413016,298.6709289550781,56308800
2020-07-21,300.6324848085871,301.0745056864678,298.320980919731,299.3063659667969,57292200
2020-07-22,298.94714058873586,301.32311478404205,298.83663538971115,301.0099792480469,57792900
2020-07-23,300.6507824803938,301.35068608523807,296.055430800531,297.4183654785156,75738000
2020-07-24,295.56746146986495,296.5251921252175,294.00189588834417,295.50299072265625,73766600
2020-07-27,296.19361733148213,297.83284336537673,295.4016165623497,297.6578674316406,48293000
2020-07-28,296.93029101258077,298.04461717526414,295.4752592743561,295.76995849609375,57495000
2020-07-29,296.64488066256155,299.9693955729184,296.60803622504216,299.4076232910156,48454200
2020-07-30,296.44230479428404,298.7538086591065,294.3610576063959,298.3393859863281,61861700
2020-07-31,300.1259370973195,300.79821459184643,295.9173523890963,300.6968994140625,84986800
2020-08-03,302.3544922923563,303.5516692549566,301.811156402926,302.7873229980469,53077900
2020-08-04,301.93082626585755,303.95684814453125,301.93082626585755,303.95684814453125,41917900
2020-08-05,305.2554780680495,306.10273162848586,304.9884050397274,305.8448486328125,42697700
2020-08-06,305.2646988126908,308.00900558869785,304.9423731694208,307.8892822265625,43679400
2020-08-07,306.92215126396553,308.39561897017404,306.01964561919885,308.1101379394531,57308300
2020-08-10,308.56154419446693,309.2153854806249,306.6276185368531,309.0312194824219,44282100
2020-08-11,310.2099438612299,310.84537688701096,305.7527226498275,306.480224609375,69601100
2020-08-12,308.91143712616207,311.526829875344,308.8838108265044,310.7532653808594,53774400
2020-08-13,309.9888955675153,311.4992082489788,309.2705836615696,310.1914978027344,41816100
2020-08-14,309.80469729931406,310.73482947821054,309.0771673345119,310.20068359375,47260400
2020-08-17,311.2137224910681,311.5820825212489,310.2099294645962,311.18609619140625,35481000
2020-08-18,311.58207682428633,312.281980541681,309.98888529540005,311.8583679199219,38733900
2020-08-19,312.23597917424223,312.7516889289628,309.998164191715,310.5599365234375,68054200
2020-08-20,308.83774337602864,312.0056901723592,308.70883001435334,311.5268249511719,42207800
2020-08-21,311.1953645031958,312.8529989583211,310.85460261366353,312.6319885253906,55106600
2020-08-24,315.06311760311377,315.87352648257695,312.6042927708127,315.79986572265625,48588700
2020-08-25,316.36163229349035,316.9878471615432,315.2012714878101,316.90496826171875,38463400
2020-08-26,317.49438668215004,320.3491982017806,316.95105067989545,320.0821533203125,50790200
2020-08-27,320.9477683119042,322.22782424225835,319.12434835411756,320.781982421875,58034100
2020-08-28,321.80420702373715,322.9829758804368,320.61622003326073,322.8540344238281,48588900
2020-08-31,322.64223722364346,323.517088692937,321.4542502514148,321.6844787597656,66099200
2020-09-01,322.51332671022755,324.8156120146118,321.6200388879637,324.7143249511719,54908700
2020-09-02,326.6206419236981,330.37795938167653,325.4786892390397,329.4110107421875,69540000
2020-09-03,327.7257482737778,328.19542353260755,315.49600820932886,318.0745849609375,148011100
2020-09-04,318.7560217314167,320.32155893623025,308.3865193279406,315.4775695800781,139156300
2020-09-08,310.08104920352173,315.5420924165605,306.553959764829,306.85784912109375,114465300
2020-09-09,310.8545223596372,315.3762136597868,309.9888609153848,312.9173889160156,91462300
2020-09-10,314.7869442624126,315.4407855701406,306.5263415656927,307.4841003417969,90569500
2020-09-11,309.2614431412323,310.32048895230275,304.8226295252226,307.640625,84680200
2020-09-14,310.79933901286097,313.4607946662511,307.78795955439836,311.692626953125,65605700
2020-09-15,314.14224664496544,314.97106380213984,311.70182964170226,313.26739501953125,52920900
2020-09-16,314.50143147881846,315.92883731092843,311.74787878709503,312.024169921875,82096000
2020-09-17,307.1801021515254,310.99269998077335,306.6551743743273,309.27978515625,91523300
2020-09-18,310.08326217502207,310.19420971929947,303.24122418442806,305.7191467285156,105877900
2020-09-21,301.1424482202814,302.46462040076045,297.4717824473857,302.3166809082031,99450800
2020-09-22,303.79599750028683,305.95030428150574,301.29030979270976,305.3955383300781,63612100
2020-09-23,305.95029107636867,306.2276881483939,297.8138181951708,298.3131103515625,93112200
2020-09-24,297.0001579503366,302.15941605078405,295.68721289484193,299.1082458496094,76681300
2020-09-25,298.2576833289289,304.7298882709884,297.38858462452924,303.9440002441406,71069400
2020-09-28,308.09538490645014,309.70418077413325,307.10605558287943,308.99224853515625,64584600
2020-09-29,308.78887594020625,309.5285451633514,306.6160587994306,307.30950927734375,51304000
2020-09-30,307.9751372004484,312.7830704632652,307.7809790212787,309.6394348144531,104081100
2020-10-01,312.22836509125534,313.1991843917802,309.7504423645945,311.62738037109375,88698700
2020-10-02,306.6900399805022,311.5996670640401,306.2184846303253,308.6686706542969,89431100
2020-10-05,310.7212700191764,314.3272066536649,310.675051276602,314.1423034667969,45713100
2020-10-06,314.28100446334764,316.3706109226611,309.1679640929143,309.6764831542969,90128900
2020-10-07,312.62593551915137,315.87129250041943,312.5981986311307,315.06689453125,56999600
2020-10-08,316.99928967685366,317.9238901844621,316.083915987055,317.8591613769531,45242500
2020-10-09,319.50498071538817,321.1600236881462,318.8855141153723,320.6977233886719,59528600
2020-10-12,323.23113221465513,327.32710625079835,322.7410950073578,325.85699462890625,80388500
2020-10-13,325.7183240365502,325.89400042178966,322.7688456316229,323.7304382324219,73255500
2020-10-14,324.30363883511666,325.39466069842285,320.96584443553525,321.6962585449219,57727900
2020-10-15,317.79443172197927,321.7794576418191,317.2581758442864,321.2986755371094,60357700
2020-10-16,322.64865110187765,324.3036942490065,320.9289073505997,321.1045837402344,89501900
2020-10-19,322.36195837394564,322.99067994136914,315.3257621196153,316.2226257324219,68425600
2020-10-20,317.5632439464316,320.72538971441617,316.80509306669023,317.4892883300781,60051900
2020-10-21,317.443073902537,319.6066638803036,316.5832022185799,316.8883361816406,63575000
2020-10-22,317.10091051192785,319.20899806410466,314.9650860794551,318.6264953613281,55399300
2020-10-23,319.84705846131055,319.9025322364598,317.258188232449,319.7083740234375,49143900
2020-10-26,316.33359795190205,317.1195140807674,310.31443920384794,313.8002014160156,91473000
2020-10-27,314.1422764667609,314.4751191044585,312.5057155150436,312.7183837890625,65994100
2020-10-28,307.0597966652632,312.74608344828266,301.5399311812828,302.02996826171875,127094300
2020-10-29,302.26114022168764,308.2617881868608,300.57836060996675,305.09967041015625,90597700
2020-10-30,303.5278632885841,304.8315534323046,298.27613900813606,301.9190673828125,120287300
2020-11-02,305.3030700683594,307.300182145621,302.56623250835605,305.3030700683594,86068300
2020-11-03,308.52988951947157,312.74606480991656,305.3862540087451,310.6934509277344,93294200
2020-11-04,315.1593172475223,321.7055046793928,313.98508475423665,317.63726806640625,126959700
2020-11-05,322.90755258267654,325.63513604533273,322.55619978772285,323.8321533203125,82039700
2020-11-06,323.5454798982403,325.0063646417054,321.43739166729375,323.7581481933594,74973000
2020-11-09,336.52688050400957,336.90597013486416,327.3640851994297,327.8263854980469,172304200
2020-11-10,326.8369728905607,328.3995497594577,324.08168187076836,327.34552001953125,85552000
2020-11-11,329.5275920192219,330.60013191836515,328.2886308124271,329.7772521972656,58649000
2020-11-12,328.76945432758134,329.8235125087104,324.7752013576145,326.5781555175781,67546200
2020-11-13,328.48288202805907,331.83918709900695,327.9651078910253,331.0995178222656,62892200
2020-11-16,333.76234079790987,335.4266106214588,332.4771323966517,335.2324523925781,74541100
2020-11-17,332.82842818706325,334.6314103678308,331.32132492500256,333.4294128417969,66111000
2020-11-18,333.6975302989405,334.2430411433111,329.3796340603069,329.4166259765625,70591300
2020-11-19,328.7879664083773,331.173423449706,327.44728430310664,330.8035888671875,59940900
2020-11-20,330.54466445649757,330.74807768636424,328.46431342145667,328.53826904296875,70417300
2020-11-23,330.34136061648553,331.76525369706286,328.1130693839732,330.5077819824219,63230600
2020-11-24,333.0504084548386,336.3789766002486,332.1997916166957,335.8334655761719,62415900
2020-11-25,335.7502372606201,335.7779741513508,334.2246518372895,335.315673828125,45330900
2020-11-27,336.4066780190502,336.7210388362217,335.24167223686067,336.24951171875,28514100
2020-11-30,335.4727659225405,335.7409079513326,332.0887531357319,334.7608337402344,83872700
2020-12-01,338.0061269848223,339.9570200077388,337.4143692689327,338.42218017578125,74231400
2020-12-02,337.3127825968703,339.2914131198718,336.73953476512753,339.1342468261719,45927000
2020-12-03,339.03243197939855,340.42858746477606,337.94141039496833,339.04168701171875,62882000
2020-12-04,339.6242931462519,341.9635314941406,339.53182744457604,341.9635314941406,50749900
2020-12-07,341.19604390236077,341.75080980917244,339.9940746180739,341.2607727050781,48944300
2020-12-08,339.9941470862278,342.82342277579136,339.94792834104476,342.2594299316406,42458900
2020-12-09,342.91592869063794,343.0730950159463,338.357653791489,339.1897888183594,74098300
2020-12-10,337.8212640589187,340.1235101648178,336.9521373730438,339.0787353515625,57735400
2020-12-11,337.38677808710827,339.08803993012464,335.87044766430864,338.68121337890625,57698600
2020-12-14,340.8447147774003,341.91722644158915,336.98911858351033,337.164794921875,69216200
2020-12-15,339.69829722459764,341.7231750488281,338.3299062242927,341.7231750488281,63865300
2020-12-16,341.9358140656428,343.17477553221346,341.05743217458746,342.2594299316406,58420500
2020-12-17,343.8959404400441,344.3767225815223,343.07303238358134,344.1733093261719,64119500
2020-12-18,344.4612007715748,344.6283315180656,340.79344881476123,342.7991027832031,136542300
2020-12-21,338.8898932592316,351.4159127548199,336.15997816972384,341.5733642578125,96386700
2020-12-22,341.89839793934385,342.0098184311258,339.87418344037354,340.9977111816406,47949000
2020-12-23,341.96333381663726,343.2075762857532,340.9790818882792,341.3040771484375,46201400
2020-12-24,341.77762611632846,342.6597520909689,341.1926686317637,342.63189697265625,26457900
2020-12-28,345.17611443159626,345.96538061700096,344.5540073036612,345.5754089355469,39000400
2020-12-29,347.0980938045206,347.2745189554289,344.33102994955004,344.916015625,53680500
2020-12-30,345.7332900123292,346.4389909289521,345.0183229457008,345.4082946777344,49455300
2020-12-31,345.2133859715677,347.88759179349125,344.7026991436663,347.163330078125,78520700
2021-01-04,348.4910332362678,348.6210426946345,338.7506384714175,342.43695068359375,110210800
2021-01-05,341.79620806023695,345.88178590422,341.74976397277425,344.7953796386719,66426200
2021-01-06,343.29109325235345,350.0416085495632,342.743257130716,346.856689453125,107997700
2021-01-07,349.2245372676321,352.75298437501374,349.0481120785787,352.0101623535156,68766800
2021-01-08,353.39376410680273,354.2294461631156,350.15316189053533,354.0158996582031,71677200
2021-01-11,350.84954484541544,353.3844459686813,350.72882987062206,351.6295166015625,51034700
2021-01-12,351.8152452148604,352.7159036317569,349.4660070637659,351.70379638671875,52547700
2021-01-13,351.6294773146356,353.6443970420134,350.84950564563337,352.65087890625,45303600
2021-01-14,353.3936919642144,353.8951124303812,351.0816321351394,351.4158935546875,49989100
2021-01-15,349.80025180486865,350.5987841141442,346.99606590019863,348.8531494140625,107160000
2021-01-19,351.3045309935299,352.1309468672761,349.82815280679114,351.5923767089844,51233300
2021-01-20,353.8764823240062,357.2935370131807,353.4865107131989,356.4578552246094,61836100
2021-01-21,357.0149723281148,357.4421218924977,355.8635897422049,356.7828369140625,47840100
2021-01-22,354.9350642448892,356.6807271719311,354.5543587480902,355.5200500488281,52860500
2021-01-25,356.25362897614195,357.2750022410849,351.415906011499,356.92218017578125,70402000
2021-01-26,357.86928439217473,358.2778450349725,356.1329158287073,356.36505126953125,42665300
2021-01-27,353.05022197979747,353.14308184233016,345.4269004912862,347.6553955078125,123351100
2021-01-28,349.46593655582046,354.6379205656578,349.02954916525357,350.64520263671875,94198100
2021-01-29,348.78814770996314,349.75383907984985,341.9540655846165,343.6254577636719,126765100
2021-02-01,347.01462699809997,350.375943628793,343.9133009262217,349.34527587890625,75817600
2021-02-02,352.5208108168436,355.8357111112943,349.4287797742082,354.2850341796875,64450700
2021-02-03,355.11155700905664,356.28152883956943,353.29162286803046,354.563720703125,52427100
2021-02-04,355.59433635934124,358.63995212915546,354.67508910571235,358.5935363769531,47142600
2021-02-05,360.45994861198795,360.7106447040377,358.54715471512554,360.00494384765625,48669800
2021-02-08,361.4534473259199,362.6512741525483,360.59920475972706,362.6048583984375,38365200
2021-02-09,361.76912302259905,362.95768361802595,361.3605907389764,362.3634033203125,35551100
2021-02-10,364.09979957873327,364.24836966450124,359.8099410732521,362.20556640625,59154400
2021-02-11,363.28265332168206,363.700508430255,360.3670470571915,362.79052734375,42913300
2021-02-12,361.9920325190132,364.82407372216704,361.91773330512245,364.5826721191406,50593300
2021-02-16,365.8082587527633,366.0032729008585,363.5519093548807,364.2668762207031,50972400
2021-02-17,362.52129645099154,364.6012209832248,361.5091609681263,364.35052490234375,52290600
2021-02-18,361.7505480599932,363.542626693373,360.0327402924635,362.7998046875,59712800
2021-02-19,364.05341301185115,364.34125872083973,361.71346939446187,362.1591796875,83241000
2021-02-22,359.4014818368731,361.77854720622344,359.1043415814907,359.3736267089844,67414200
2021-02-23,357.1729115862207,361.15636405887625,353.0316228676275,359.8099670410156,107284100
2021-02-24,358.72348094434057,364.20189931472817,357.7392290684119,363.7747497558594,72433900
2021-02-25,362.5119712403062,363.8769286831077,353.5701100677541,355.00933837890625,146670500
2021-02-26,356.88510798823404,358.02719646343246,351.20243572701213,353.1802062988281,152701600
2021-03-01,358.03645997578053,362.98560406297776,353.3751899411778,361.7413330078125,105348800
2021-03-02,361.9641337209318,362.19626914684636,358.41709761211445,358.91851806640625,79595300
2021-03-03,358.22212100889243,359.1877840030245,354.06224386816876,354.1643981933594,119940200
2021-03-04,353.978799154101,356.56014490299754,345.3062198633934,349.78179931640625,183433000
2021-03-05,353.27300175449477,357.2657484566025,346.01182648724296,356.21649169921875,152039600
2021-03-08,357.1728776946545,359.9770636155982,354.1644114525265,354.4429626464844,123149200
2021-03-09,358.2778580660894,362.04773549523804,357.7764375613555,359.5035400390625,113633600
2021-03-10,361.8434873497362,363.4312860296286,360.43211389392627,361.7413330078125,109899400
2021-03-11,364.20202543159564,367.3776230858602,363.74702059931354,365.40911865234375,86245000
2021-03-12,364.05339494438545,366.0404596864284,363.2455681020347,365.90118408203125,64653600
2021-03-15,366.15180845909873,368.34318144087337,364.0161740450138,368.08319091796875,73427200
2021-03-16,368.69603871329787,369.4017110962296,366.84822156602263,367.6189270019531,73722500
2021-03-17,366.33750781300245,369.67096867922254,365.1953914702446,368.8724365234375,97959300
2021-03-18,366.2912103516865,368.371135091279,362.82773894437463,363.5055847167969,115349100
2021-03-19,363.20560482975657,364.7799824618673,360.6623728633488,362.8329772949219,113624500
2021-03-22,363.3453133880508,367.10891663764517,363.28942068287944,365.73016357421875,73778600
2021-03-23,365.09665013615654,366.5405922291803,362.0690057743006,362.8515319824219,90686600
2021-03-24,364.2489379839986,365.87920816679144,360.9604512667513,361.00701904296875,97588600
2021-03-25,359.5723827433269,363.82969504622673,357.63467436503356,363.0378723144531,116128600
2021-03-26,364.18370331754596,369.28878794295866,363.587505033435,368.8882141113281,114409100
2021-03-29,367.4163456691813,369.60557150137186,365.9351320456119,368.7019348144531,108107600
2021-03-30,367.43499693096027,368.39452632963565,366.13075792489735,367.7237854003906,76262200
2021-03-31,368.2919145543434,370.7699280377111,368.26396820951646,369.21417236328125,112734200
2021-04-01,371.1426257443496,373.2573371455199,370.93767636691575,373.201416015625,99682900
2021-04-05,375.8564594894642,379.0983784802134,375.7819453604423,378.55804443359375,91684800
2021-04-06,377.9991469225459,379.3778716395841,377.66376224160524,378.3345031738281,62021000
2021-04-07,378.16684605543014,379.11705058317233,377.7103794337197,378.7723693847656,55836300
2021-04-08,380.02059046966957,380.6261136446718,379.08900760669604,380.5702209472656,57863100
2021-04-09,380.4491821914655,383.5047731912766,380.328071856803,383.3370666503906,61104600
2021-04-12,382.74090909191403,383.74700629608895,382.1353857837753,383.47686767578125,56704900
2021-04-13,383.37434940887186,385.2375154018544,382.9923969687516,384.61334228515625,56551000
2021-04-14,384.58536523914717,385.6380584899132,382.7594706720506,383.2998046875,61659900
2021-04-15,385.4332341695902,387.6876780817127,385.3866663802353,387.4175109863281,60229800
2021-04-16,388.70298586402646,389.31783402254797,387.28699001478793,388.7123107910156,82037300
2021-04-19,387.7807610260529,388.2279026853113,385.4797498055928,386.8025817871094,78498500
2021-04-20,385.59155703811007,386.6908182521964,382.4986943815011,383.9706115722656,81851800
2021-04-21,383.3557132219947,387.80867863656937,383.2159530341772,387.6037292480469,66793000
2021-04-22,387.43610589568067,388.26520006438915,383.001761278924,384.0637512207031,97582800
2021-04-23,384.6226230049808,389.63454349879055,384.548108882875,388.22784423828125,73209200
2021-04-26,388.87997690212677,389.60661044348035,388.29307511302295,389.038330078125,52182400
2021-04-27,389.33645070740164,389.53210359386003,387.8179659687333,388.9544982910156,51303100
2021-04-28,389.2246953658085,390.342606350338,388.3769514146441,388.8427429199219,51238900
2021-04-29,391.56296041556226,391.9355879172904,387.9484139465216,391.32073974609375,78544300
2021-04-30,389.05698052139843,389.9047243925387,387.85523059091884,388.7495422363281,85527000
2021-05-03,390.7338109557142,391.11576335825885,389.09424437535307,389.5879821777344,68128300
2021-05-04,387.60376353614816,388.09750141176715,383.5048038327527,387.1845397949219,101591200
2021-05-05,388.8241183887439,389.0570141395226,386.7466780571217,387.3056335449219,60162200
2021-05-06,387.3801199711882,390.528874845266,385.3772223436678,390.3984680175781,74321400
2021-05-07,391.16239525650957,393.8919265936675,390.4823294392389,393.23980712890625,67733800
2021-05-10,393.59384166171475,393.81741249794896,389.22471484913274,389.3458251953125,81852400
2021-05-11,384.8369282355566,386.8584473474661,382.0049080638009,385.8709716796875,116888000
2021-05-12,383.09488503627756,384.3618242624742,376.3595297518344,377.6730651855469,134811000
2021-05-13,379.21949593633536,384.1382530041698,379.1728997288725,382.2098693847656,106394000
2021-05-14,384.9393967974584,388.9265708311616,384.9114504451291,388.0788269042969,82201600
2021-05-17,386.97028771615726,387.90187074432333,385.0791468765085,387.09136962890625,65129200
2021-05-18,387.3521831986254,387.59440386559174,383.597905008926,383.75628662109375,59810200
2021-05-19,379.0798024141684,382.92721668401646,377.5985602871788,382.7502136230469,106467100
2021-05-20,383.6257879012821,388.1253487720792,383.504706017484,386.8677062988281,78022200
2021-05-21,388.34903495141754,389.5880563714277,386.09461981296676,386.55108642578125,76578700
2021-05-24,388.7868254622032,391.56295289159766,388.544604797389,390.49163818359375,51376700
2021-05-25,391.57227976579446,391.9262858634761,389.0476977323679,389.6252746582031,57451400
2021-05-26,390.2121400584183,390.9015023339306,389.1780966451499,390.3984680175781,43088600
2021-05-27,391.42328278237954,391.9356421143981,390.3239931202354,390.6034851074219,56707700
2021-05-28,392.1684587891069,392.42930086674016,391.069197778342,391.3020935058594,58520200
2021-06-01,393.65904356804924,393.7987753351119,390.5196133395258,390.95745849609375,54216600
2021-06-02,391.6096284663476,392.41080480838275,390.6035311110982,391.5723571777344,49097100
2021-06-03,389.2619476298755,391.2555203916502,387.79935555163786,390.1189880371094,58138800
2021-06-04,391.963516582505,393.98506404338684,390.18418978016194,393.68695068359375,55938800
2021-06-07,393.67768124837585,393.85468430384935,392.3734706525122,393.3050537109375,51555000
2021-06-08,394.1620257580678,394.2551897336642,391.5629299457471,393.3888244628906,47134300
2021-06-09,394.2272923071258,394.3018348687151,392.57840061009364,392.8019714355469,48436300
2021-06-10,394.0223758472598,395.5781321168516,392.70884027859677,394.6278991699219,51020100
2021-06-11,395.1775077811149,395.3917536695252,393.89191873202867,395.27996826171875,45570800
2021-06-14,395.3918091672138,396.2674995574854,394.1528161505777,396.1650390625,42358500
2021-06-15,396.3140447697688,396.3512876197017,394.56266421460623,395.4383544921875,51508500
2021-06-16,395.57807599910893,395.8016468115362,391.19032822728997,393.23046875,80386100
2021-06-17,392.8205731235447,394.07818729216916,390.63134762723126,393.10003662109375,90949700
2021-06-18,389.8251604695109,390.5167781405025,387.5914076691271,387.7970275878906,118676300
2021-06-21,389.55400451756464,393.53553981527546,388.7408804970825,393.3486022949219,72822000
2021-06-22,393.33938339648705,396.28346475320944,392.61969941589416,395.4516296386719,57700300
2021-06-23,395.5263737663793,396.3301424887815,394.8908317268986,394.9749450683594,49445400
2021-06-24,397.115289475811,397.7321206963649,396.86292090837077,397.3115539550781,45110300
2021-06-25,398.05925946140326,399.17147241602134,397.73213297075046,398.72283935546875,58129500
2021-06-28,399.2462335097463,399.69483801915226,398.04990728021846,399.526611328125,53159600
2021-06-29,399.9097427746152,400.5452847325405,399.2087698297282,399.74151611328125,35970500
2021-06-30,399.2835916114196,400.7509687229313,399.2555538300446,400.0780334472656,64827900
2021-07-01,400.83513000426785,402.452051650708,400.7696989990123,402.29315185546875,53441000
2021-07-02,403.45206040174946,405.72320623377107,402.3772122424309,405.3680419921875,57697700
2021-07-06,405.4240804253988,405.6390557421083,401.90053315862076,404.629638671875,68710400
2021-07-07,405.3119686849688,406.34006819983387,403.3025183056718,406.0596618652344,63549500
2021-07-08,400.7509751205796,403.50814726468866,399.57333123869796,402.7510986328125,97595200
2021-07-09,404.2558779418757,407.3495037546776,402.55484295981864,407.0504150390625,76238600
2021-07-12,406.9661965088275,408.7606998160739,406.5362744179092,408.5083312988281,52889600
2021-07-13,407.72331850573784,409.2187334442086,406.854118733952,407.1158142089844,52911300
2021-07-14,408.8075333770508,409.29355967985066,406.48031165768174,407.7233581542969,64130400
2021-07-15,406.3868250791765,407.059760411339,404.4334500856128,406.33074951171875,55126400
2021-07-16,407.50838463044124,407.55510476141916,402.75111727654803,403.1436462402344,75874700
2021-07-19,398.33022241023,403.20899534087897,394.38608009064285,397.1899719238281,147987000
2021-07-20,397.85354923473506,404.152978910122,397.05910751566546,402.8818664550781,99608200
2021-07-21,404.0783031286955,406.2840467930264,402.8352566332123,406.1438293457031,64724400
2021-07-22,406.32141887481384,407.2373674036416,405.34006786173984,406.9943542480469,47878500
2021-07-23,408.91963853760046,411.5179109011736,408.2373763394922,411.18145751953125,63766600
2021-07-26,410.59258548528925,412.2001513321197,410.54586536220575,412.1907958984375,43719200
2021-07-27,411.1533566719681,411.18139444947093,407.489592116502,410.31219482421875,67397100
2021-07-28,410.93845431834467,411.51792083805464,408.7233839343774,410.1440124511719,52472400
2021-07-29,411.0693007705477,412.91985138960683,411.05994533585215,411.84503173828125,47435300
2021-07-30,409.2840950781723,411.2935451911804,409.15323310150086,409.8448791503906,68951200
2021-08-02,411.55518869491794,412.106617264181,408.6297906823026,408.9849548339844,58783300
2021-08-03,409.7794757496443,412.43382344600275,407.59244339115173,412.31231689453125,58053900
2021-08-04,411.03193395699765,412.28433581198715,410.050583021591,410.28424072265625,46732200
2021-08-05,411.44307668627965,412.9665291012957,411.12530571054964,412.8824157714844,38969700
2021-08-06,413.20023664333985,413.9853230057107,412.9198303207797,413.5647277832031,46930000
2021-08-09,413.53671760242094,413.8544886377314,412.4618979342041,413.2283020019531,41222600
2021-08-10,413.67690908891893,414.4526685963435,412.9946468851688,413.7423400878906,43339300
2021-08-11,414.8078705152535,414.86394608441594,413.6863020866646,414.7704772949219,44034300
2021-08-12,414.6208676326382,416.1536756754447,413.7236301446858,416.0134582519531,38909400
2021-08-13,416.46212471839107,416.7892511950456,415.9761269822574,416.77056884765625,39470300
2021-08-16,415.4713908619817,417.8827255582406,413.9199004513762,417.75189208984375,73740000
2021-08-17,415.2003978250957,415.87333317500145,412.032014089514,415.01348876953125,92673900
2021-08-18,414.00406428357036,415.5649103189403,410.22817626839674,410.4711608886719,89351900
2021-08-19,407.7512775027748,412.30295243814317,407.61108861871384,411.1065979003906,92812200
2021-08-20,411.45252871527185,414.7050256555393,410.96650244315384,414.3778991699219,72008700
2021-08-23,416.0602189821948,418.9295421673049,414.45265298648917,418.02294921875,54973000
2021-08-24,418.68658447265625,419.2193309044513,418.1725489124351,418.68658447265625,38744700
2021-08-25,418.87350683269574,420.0791600532625,418.49963168684314,419.56512451171875,40529700
2021-08-26,419.2847079423929,419.5183656415265,416.99487960448477,417.0883483886719,57829600
2021-08-27,417.89207569885787,421.1913209422029,417.8360001384459,420.8174743652344,77235100
2021-08-30,421.4904164695936,423.4531466839395,421.2474033554113,422.6680603027344,48357400
2021-08-31,422.57464706002395,422.91110047218524,421.4437517278113,422.0419006347656,59300200
2021-09-01,422.9764722664043,423.4905077483613,422.03248612109024,422.2661437988281,48721400
2021-09-02,423.6867836507604,424.3690457877398,422.3689509787344,423.5652770996094,42501000
2021-09-03,422.4343619875005,423.97649682090514,422.03244913978364,423.4624328613281,47170500
2021-09-07,423.1167138270563,423.21018261431715,421.2754899564276,421.94842529296875,51671500
2021-09-08,421.41564382630884,422.1446546206983,419.51831615140816,421.434326171875,56181900
2021-09-09,421.23805907529504,422.98581388405796,419.38748005990004,419.6304931640625,57970400
2021-09-10,421.5558370150139,421.9764037145198,416.2003928599835,416.3218994140625,89948200
2021-09-13,419.31275573342043,419.57445120398825,415.07885103030503,417.38739013671875,83738600
2021-09-14,418.82666146543994,419.03228133911085,414.24697721294655,415.1348876953125,78197100
2021-09-15,415.55548138185304,419.09773958576324,414.4526240434599,418.6023864746094,78792200
2021-09-16,418.0789706250188,419.0509659215077,414.99467250347925,417.93878173828125,77786700
2021-09-17,417.16810338516024,417.5900174422534,413.5113432060983,413.8676452636719,118425000
2021-09-20,407.75436793021106,409.3295710757895,402.10984707082173,406.9667663574219,166445500
2021-09-21,409.30144322368784,410.59537031179264,406.05726871090457,406.58233642578125,92526100
2021-09-22,408.8513325900805,412.58309005146594,406.69480673198865,410.5484313964844,102350100
2021-09-23,412.4143728690153,417.14001100580157,412.17996661282217,415.5366516113281,76396000
2021-09-24,413.90516505538227,416.9337039803391,413.6895010133059,416.2210998535156,62094800
2021-09-27,415.1897452245322,416.35239112758217,414.33650299714867,415.0303649902344,61371100
2021-09-28,412.26433994291904,412.59251441684535,405.93537117136833,406.6667175292969,130436300
2021-09-29,408.0449684995728,409.7795802277792,406.7885546104285,407.35113525390625,82329200
2021-09-30,408.82330398006496,409.52652283633495,402.03490711070083,402.3724670410156,140506000
2021-10-01,404.0976586371233,408.8326537442385,400.58156466232106,407.154296875,129240100
2021-10-04,405.9915954205408,406.8917073430287,399.7657521393978,401.903564453125,128570000
2021-10-05,403.4037658375677,408.3262970264828,402.6068074886927,406.08538818359375,90682500
2021-10-06,402.49420829771526,407.9793193826561,400.8721356232664,407.7730407714844,113032200
2021-10-07,411.04546603542565,414.1302318975777,410.867314983928,411.2986145019531,72437500
2021-10-08,412.0674077940218,412.4518374427157,409.9202387275282,410.5484313964844,74557400
2021-10-11,409.89216791478833,412.79881127574237,407.5105922896659,407.57623291015625,65233300
2021-10-12,408.4951773641328,408.89834932673034,405.7854268419197,406.5730285644531,71181200
2021-10-13,407.594929147859,408.8513431322092,404.6226741156243,408.0356140136719,72974000
2021-10-14,411.6922973111735,415.04901022272514,411.2234848966917,414.89898681640625,70236800
2021-10-15,417.0086416279291,418.4244642725793,416.389805808692,418.05877685546875,66260200
2021-10-18,416.2772946730389,419.6339789561459,415.62094584996555,419.29644775390625,62213200
2021-10-19,420.91862541650084,422.59695355572194,420.3091462784129,422.5313415527344,46996800
2021-10-20,422.99085044016186,424.4910564453274,422.8783399972331,424.1910095214844,49571600
2021-10-21,423.59081795122904,425.5223230800388,423.15951848148666,425.29730224609375,41305400
2021-10-22,424.8659833060559,426.3099336904653,422.91570745443045,424.8565979003906,58845100
2021-10-25,425.9443277467125,427.46327582498486,424.1722311934104,427.1351013183594,45214500
2021-10-26,428.68220582792407,429.8917216010357,427.1444869339798,427.51953125,56075100
2021-10-27,427.97890546543795,428.6446111455954,425.5504317463337,425.6254577636719,72438000
2021-10-28,427.050677407055,429.80729721502064,427.0413206145411,429.7322998046875,51437900
2021-10-29,427.435131798945,430.89497056169455,427.14447031928165,430.60430908203125,70162400
2021-11-01,431.5888253261382,431.9638982601933,429.6198354925865,431.3450622558594,48433600
2021-11-02,431.51381650455664,433.3984520764042,431.38253525829714,433.0890197753906,48908400
2021-11-03,432.5264031559585,436.1362651463071,432.08571825925554,435.73309326171875,52509800
2021-11-04,436.3331630823048,437.8708818410705,435.9862464051318,437.7864990234375,52847100
2021-11-05,440.00863863956613,441.29318025230174,437.79585747597196,439.305419921875,66390600
2021-11-08,440.40250108208477,440.8994412181432,438.9960634954237,439.6805114746094,50405200
2021-11-09,440.0461369788913,440.28054321030675,436.8207049454919,438.2271423339844,51149100
2021-11-10,436.53945827784827,438.2272005366199,433.2202862022842,434.70172119140625,69429700
2021-11-11,436.1924978999976,436.2675239203641,434.8235734757579,434.8423156738281,34848500
2021-11-12,436.1081354103615,438.6772187538003,435.1611250038921,438.1240234375,53466700
2021-11-15,439.40859470618256,439.56797493267015,437.14891501750157,438.2740478515625,46980500
2021-11-16,438.0114907479462,441.14315465497026,437.9364933419403,440.0086364746094,48857500
2021-11-17,439.74610202390977,439.9242530537252,438.32092239942926,438.93975830078125,47858300
2021-11-18,439.9710863467691,440.69307581212365,437.25197993727926,440.4305419921875,50625600
2021-11-19,440.31809847431913,441.5651558500262,439.2773483740664,439.6430358886719,57315600
2021-11-22,441.51828711942284,444.0029878555942,438.1990863283232,438.4053649902344,72762000
2021-11-23,438.0771663973215,439.8399060268832,435.4799553727706,438.9866638183594,73206500
2021-11-24,436.98954456020806,440.2806177630515,436.17381531500166,440.1587219238281,61858800
2021-11-26,433.5015889100639,434.9642817891199,429.21663530001194,430.341796875,112669600
2021-11-29,435.12360436955294,437.45828126856935,432.9295654860119,435.62054443359375,86268800
2021-11-30,433.1827469437874,435.08612453579684,426.90064804249147,427.1444396972656,148559600
2021-12-01,432.8451797070104,435.68618205628803,422.2031311937479,422.4000244140625,131939200
2021-12-02,422.6157769864965,430.4355669860337,422.22196184931875,428.8697204589844,127637800
2021-12-03,430.5292831950463,431.5887754076615,420.91862695944747,425.137939453125,137331600
2021-12-06,427.6789180869,432.0482542479885,425.2692148441158,430.1730041503906,98977500
2021-12-07,435.442440658666,439.63362565886325,430.0417113660508,439.071044921875,95484700
2021-12-08,439.4647814253452,440.6836822924531,437.71139890894136,440.2336120605469,72238800
2021-12-09,438.9492189926391,440.33691454965947,437.06461185256796,437.2615051269531,61272600
2021-12-10,439.9617388281514,441.52755637554407,437.4113979747184,441.3775329589844,77159800
2021-12-13,440.86191039613635,441.2088270752524,437.18640772794674,437.46771240234375,87724700
2021-12-14,434.20476780499797,436.6894683893485,431.5419161774256,434.4579162597656,97264100
2021-12-15,434.51416709666717,441.49007040259744,432.00131048296834,441.2463073730469,116899300
2021-12-16,443.09351636782804,443.3747924623618,435.8081507648726,437.3552551269531,116568600
2021-12-17,434.28123782567144,437.2827723193572,430.997439062657,432.70050048828125,135511600
2021-12-20,427.62890570329984,428.4945351603184,424.4862394814665,428.099365234375,107134800
2021-12-21,431.5148641473523,435.8430974441347,429.3507618562461,435.70196533203125,69806300
2021-12-22,435.44797367017134,440.1713773813337,435.2503599777173,440.0584716796875,58890200
2021-12-23,441.0558636062711,444.29262786782226,440.95237627994055,442.79656982421875,56439700
2021-12-27,444.1702284294298,449.1100532638039,444.12319396445406,449.0630187988281,56808600
2021-12-28,449.49583182545905,450.5214301033936,447.9339028188725,448.696044921875,47274600
2021-12-29,448.7995600259367,450.28619942831625,447.802188171838,449.27001953125,54503000
2021-12-30,449.6934621372565,450.70025247373695,447.56700448030426,448.0280456542969,55329000
2021-12-31,447.5387725895835,448.68666632067624,446.6260799179109,446.89892578125,65237400
2022-01-03,448.15981168840295,449.61825370387953,445.85457683489585,449.48651123046875,72668200
2022-01-04,450.9072238974489,451.62233155714586,447.4822648058163,449.33587646484375,71178700
2022-01-05,448.969002462942,449.74056308734737,440.6136354927347,440.7077331542969,104538900
2022-01-06,440.24669721539595,443.0035835732876,437.93201531445186,440.2937316894531,86858900
2022-01-07,440.3031029677847,441.47925183914367,437.1980527186537,438.552978515625,85111600
2022-01-10,435.36331312046167,438.2236867337772,429.6237004184561,438.0072937011719,119362000
2022-01-11,437.7437907456816,442.0908322693714,434.75164626994354,441.9967346191406,74303100
2022-01-12,443.7280727675989,445.24296757937765,441.2346426828555,443.1917419433594,67605400
2022-01-13,444.29252568167936,444.94176206075105,436.0594847879406,437.0850830078125,91173100
2022-01-14,433.9424425259686,437.6120209390258,432.7286489573756,437.2638854980469,95890900
2022-01-18,432.5781900809837,432.7851934565631,428.4099248561453,429.52020263671875,109709100
2022-01-19,431.0632487949444,432.455790611051,424.7873060995941,425.0601806640625,109357600
2022-01-20,426.9420552480534,431.6372325182061,418.2385532953383,420.3556213378906,122379700
2022-01-21,419.23594498974285,421.58824292541317,412.07556385655806,412.1037902832031,202271200
2022-01-24,406.5052754832323,414.36195566976323,395.90112761933347,413.8538513183594,251783900
2022-01-25,407.47435674765063,413.7408803782195,401.91352232708414,408.8010559082031,167997300
2022-01-26,414.6818552495206,417.80571346524874,403.5225401054795,407.7755126953125,186391100
2022-01-27,412.36723366568094,415.50048178403745,404.07773829561154,405.761962890625,149878300
2022-01-28,407.11686454826264,415.886237349482,402.54401155859085,415.8392028808594,164457400
2022-01-31,415.1711072435179,423.67702338927,413.82559991033423,423.3288879394531,152251400
2022-02-01,424.0533351601826,426.8290574808643,420.5343075616041,426.1892395019531,123155400
2022-02-02,428.5886396673794,431.05384305532795,426.2833764423959,430.329345703125,117361000
2022-02-03,424.3074813838875,426.20812763649417,419.37704575360794,420.2144775390625,118024400
2022-02-04,419.97932468063993,426.0294287351917,417.60818972725326,422.19049072265625,118454400
2022-02-07,422.9524556672466,424.34499723472754,419.5086891147567,420.83538818359375,84472900
2022-02-08,420.3367433125656,425.2201150815416,418.9159464741092,424.2980041503906,81012000
2022-02-09,428.32517855026134,430.82802671260504,428.1275935863995,430.50811767578125,92589900
2022-02-10,424.67438876665915,430.6680383540824,420.778998939607,422.77374267578125,140103700
2022-02-11,422.858431768966,424.9284364407401,413.00700821201644,414.43719482421875,153214600
2022-02-14,413.92909493615394,415.5098319487012,409.6196698794952,413.0822448730469,123006300
2022-02-15,417.5140448697904,419.9133771021189,416.99652213320917,419.7440185546875,88482700
2022-02-16,417.70221089727113,421.588211390658,415.82979106919817,420.2144775390625,84863600
2022-02-17,417.0341632264874,420.186247943638,410.63592485416507,411.23809814453125,102259100
2022-02-18,411.49214366579196,412.74358216810356,406.3076988713617,408.5753173828125,132642900
2022-02-22,406.373613297068,409.77031787811296,400.69984286814764,404.190673828125,124391800
2022-02-23,407.09801689358864,407.66257403498787,396.4562253293039,397.0207824707031,132578000
2022-02-24,386.7365259239518,403.4284488931798,386.3790008159794,402.99560546875,213942900
2022-02-25,404.22823397331,411.97200837339045,402.58162557598797,411.8873291015625,121804500
2022-02-28,406.5052626502716,412.3107459178309,405.25385292778066,410.83349609375,145615000
2022-03-01,409.3374644946176,411.3416268267393,401.8759540045587,404.576416015625,137785900
2022-03-02,406.8251817399771,413.740942784039,406.0724579549326,412.0190734863281,117726500
2022-03-03,414.4465875237106,415.04876074406366,408.1706452434173,409.9678039550781,105501700
2022-03-04,406.2418252656333,407.7661096277124,402.60047290853925,406.63702392578125,113978200
2022-03-07,406.0536235461076,406.7593128666358,394.5838174926232,394.6496887207031,137896600
2022-03-08,394.82845492231417,401.9700272063481,390.5943191141427,391.6575622558594,164772700
2022-03-09,400.02235763522094,404.134169484024,397.8394184443937,402.1582336425781,116990800
2022-03-10,397.55711352812676,401.2361105228519,395.6000145047704,400.3422546386719,93972700
2022-03-11,402.82627933719436,403.4378710075181,394.7437877372273,395.25189208984375,95636300
2022-03-14,396.0234704863825,399.46720926881693,391.22477713105775,392.36328125,95729200
2022-03-15,394.96952056412135,401.6218241501706,393.6993030071115,400.9914245605469,106219100
2022-03-16,404.4917305799787,409.9396315604553,399.7024270341616,409.8831787109375,144954800
2022-03-17,407.9731146505722,415.0111999511719,407.5967527483876,415.0111999511719,102676900
2022-03-18,413.40286121868064,419.8776045343294,412.6666654946888,419.55670166015625,106345500
2022-03-21,419.3868116069883,421.3877523283893,415.93234592986585,419.43402099609375,88349800
2022-03-22,420.8214989932451,425.2764356419781,420.8214989932451,424.342041015625,74650400
2022-03-23,421.81246957458256,423.30372739490633,418.79216338171153,418.8771057128906,79426100
2022-03-24,420.8969363393452,425.2008538879378,419.7832096061072,425.19140625,64736900
2022-03-25,425.823897280711,427.5416971867033,423.2471974217225,427.2679748535156,77101300
2022-03-28,426.67326991890525,430.30706787109375,424.7855856636152,430.30706787109375,68529800
2022-03-29,434.18632404591193,436.12121804126116,431.50581537302486,435.6304016113281,86581500
2022-03-30,434.4883159212036,435.30003519309184,430.83565120715195,432.9404296875,79666900
2022-03-31,432.17589947274035,432.9970375414447,425.823831381212,426.2768859863281,121699900
2022-04-01,427.8530688001301,427.99463935727147,423.9172632927216,427.4849853515625,89048800
2022-04-04,427.68327061353193,431.2509933938032,426.86213241229365,431.14715576171875,59601000
2022-04-05,429.65584243367965,432.11925672118474,424.5591003737765,425.7011413574219,74214500
2022-04-06,421.7936427720497,423.71906006741074,418.5656898647818,421.44439697265625,106898000
2022-04-07,420.5666126114327,425.3802132507673,418.62230012164184,423.5680236816406,78097200
2022-04-08,422.8130169818533,425.3236408416978,420.8970183524694,422.43548583984375,79272700
2022-04-11,419.1697603481383,420.00979376147524,414.7148526591951,415.215087890625,89770500
2022-04-12,418.1975577653763,420.71762892299597,412.12865978994853,413.67657470703125,84363600
2022-04-13,413.4311270048809,419.1696739257571,413.2517947132498,418.41461181640625,74070400
2022-04-14,418.64116191799894,419.7549175134308,413.1008132674667,413.20465087890625,97869500
2022-04-18,412.27968190004844,415.0545800894282,411.14705981320014,413.3745422363281,66002500
2022-04-19,413.2706473332826,420.76475517269427,413.1007626849386,420.0474548339844,77821000
2022-04-20,421.8219041129893,422.43539568830266,418.5750851378038,419.7359924316406,65224400
2022-04-21,423.3509795921558,424.73842874926703,412.55342274585064,413.4595031738281,85417300
2022-04-22,412.37409241070765,413.4783716367902,401.5482213990768,402.1145324707031,132471800
2022-04-25,399.87766866932645,404.61574651272133,395.3188943584106,404.44586181640625,119647700
2022-04-26,401.91623033602906,402.1144578967915,392.70435190748356,392.732666015625,103996300
2022-04-27,393.8087220181219,399.1697677643689,391.7039722839688,393.8370361328125,122030000
2022-04-28,398.5751272035263,405.51237307337215,394.1485050200903,403.7851257324219,105449100
2022-04-29,399.80207204922027,401.95403088704296,388.11730223189977,388.8629455566406,145491100
2022-05-02,388.92901145512707,392.5628092111438,382.2749075321882,391.20367431640625,158312500
2022-05-03,391.7039196895496,395.40376459664327,390.1465571793375,392.9969787597656,100028200
2022-05-04,393.65763595496884,405.53118526756083,390.47689280324255,404.9648742675781,144247900
2022-05-05,400.7082377196595,401.1329782769947,386.44679436485006,390.5713806152344,172929100
2022-05-06,388.0134773567565,391.50567570306237,382.9450500936246,388.239990234375,151770800
2022-05-09,382.3505435030445,383.5869746829245,374.2334934949819,375.8097229003906,155586100
2022-05-10,381.7747206128694,383.2754262479383,372.6477827083813,376.677978515625,132497200
2022-05-11,375.71530920049423,381.3500488525497,369.94841780135306,370.6940612792969,142361000
2022-05-12,367.5038249274551,373.5727232304534,363.5208097766853,370.3070373535156,125090800
2022-05-13,374.4315896864937,380.5382491972758,373.39335762056186,379.1602478027344,104174400
2022-05-16,377.51798684544667,381.28390774009296,375.271637959596,377.6217956542969,78622400
2022-05-17,383.7001932426954,385.6256395203469,379.9720047899369,385.3896789550781,83029700
2022-05-18,380.840309909265,381.12345103452697,368.61754246873323,369.8539733886719,117674500
2022-05-19,366.79598209392395,372.00600991179766,365.3707710345012,367.58880615234375,98510700
2022-05-20,371.16591037827914,374.7336324078952,359.1696852051724,367.74920654296875,131432200
2022-05-23,370.7695124155736,375.3943621595535,368.45711634736125,374.6298522949219,76414900
2022-05-24,370.5146628553773,372.9592105064328,365.2291411864955,371.7699890136719,91448800
2022-05-25,370.278726265349,377.01777330975807,369.8823286767236,375.0545654296875,91472900
2022-05-26,376.2815783765453,384.18153289436907,376.073931942696,382.5486755371094,82168300
2022-05-27,385.0026651402334,392.0531673410909,384.80446634850006,391.9399108886719,84768700
2022-05-31,390.3259307298854,393.0725149914447,387.00361655148845,389.7407531738281,95937000
2022-06-01,391.8550043373775,392.86489366619827,384.07772451690533,386.5883483886719,86585800
2022-06-02,386.4278338799512,393.9974369297573,384.1814851394755,393.95025634765625,79609600
2022-06-03,389.240487364167,390.7884022780611,386.51279859544996,387.4849548339844,71874300
2022-06-06,391.48681245747764,393.21403077110097,387.49435013390536,388.66473388671875,57508900
2022-06-07,385.18200495505744,392.84599895820924,384.7195026936411,392.3929443359375,59272400
2022-06-08,390.6846048993001,392.4684805286195,387.33397652533813,388.1268005371094,64350000
2022-06-09,386.3522811032372,388.61749614412264,378.89593505859375,378.89593505859375,86289800
2022-06-10,372.70440234363315,373.55385453962793,367.86248738155257,367.90966796875,132893900
2022-06-13,358.5184668650851,360.3683895194282,352.3362831480851,353.9408264160156,170004900
2022-06-14,355.68698913644283,356.71577382349307,349.7785269115855,352.87432861328125,104011800
2022-06-15,356.1682429235863,362.3409783554577,351.22251951050276,357.9049377441406,125666800
2022-06-16,349.70293778443306,350.1087829653544,343.63401132773026,346.0596923828125,134473300
2022-06-17,346.474006989018,350.14245020385545,343.30795986691686,346.8057556152344,111113900
2022-06-21,352.521756092844,356.9200870230244,352.4459063417937,355.5361328125,76811900
2022-06-22,351.3178358414842,358.99598772773135,350.90074904768903,354.8915100097656,90059400
2022-06-23,357.0243321478926,359.1002487608876,353.46963484148904,358.370361328125,79292100
2022-06-24,361.53644062032527,369.7738622299875,361.5080041964566,369.7643737792969,98050300
2022-06-27,370.683832618729,370.9776852889989,367.2618578134948,368.3519592285156,66009600
2022-06-28,369.9065216331798,372.68391795995,360.7116937770823,360.825439453125,86548900
2022-06-29,361.37524766838453,362.3610628098229,358.71159702593604,360.5315856933594,65676000
2022-06-30,356.64510092174794,360.8349164010324,353.1567653026987,357.6025085449219,112508300
2022-07-01,356.94850998659183,361.8208293565842,354.33224330989844,361.384765625,74839700
2022-07-05,356.3039239194396,362.08623764291843,353.4791138897527,362.0672607421875,81438000
2022-07-06,362.2094276989218,365.7736135029027,359.8301699411462,363.2900695800781,70426200
2022-07-07,365.0626062245405,369.527297172002,363.3089500699822,368.7310485839844,64525900
2022-07-08,367.10068528955685,370.29519752923926,365.5745491503481,368.42779541015625,72397800
2022-07-11,365.7546492181339,366.7215164411496,363.5270331899998,364.2190246582031,58366900
2022-07-12,363.6691716276499,366.04845792183517,359.25186497173377,360.99603271484375,62219200
2022-07-13,355.56459025701633,362.029407826538,355.1475033861952,359.1003112792969,84224600
2022-07-14,354.1521096552973,359.3087928722651,351.715979081912,358.2281799316406,89704800
2022-07-15,362.6265260152687,365.185919762693,360.72122784420594,365.0721740722656,79060400
2022-07-18,368.1529456840062,368.82596036630525,360.83500666975766,362.0578308105469,63203600
2022-07-19,365.97267860433266,372.40905889172745,365.31864088700104,371.8403015136719,78506000
2022-07-20,372.02991057920354,375.62253303614597,370.6649043931411,374.2101135253906,71843800
2022-07-21,373.6319110568227,378.0681668690259,371.233676151968,378.0207824707031,64903900
2022-07-22,378.1439748043947,379.33833343517273,372.29530007355766,374.513427734375,72197300
2022-07-25,375.13906335562353,375.8215664094441,372.73134023128426,374.96844482421875,53631500
2022-07-26,373.328540675696,373.5370840827539,369.64114957187473,370.5321960449219,52946400
2022-07-27,373.8213815204988,381.89767117984184,373.5275288987167,380.15350341796875,82342100
2022-07-28,380.95927437369363,385.61353235014826,377.4140367716771,384.92156982421875,73966600
2022-07-29,386.3529667558723,391.51913892921795,385.58515437514285,390.5332946777344,87003700
2022-08-01,387.8411758992656,391.8793213752261,387.1302364241008,389.3768005371094,69997500
2022-08-02,387.8127144423944,391.49064571833276,385.63251176391105,386.80792236328125,63435400
2022-08-03,388.93122459935086,394.03103437189844,388.64686041910363,392.8651123046875,67820600
2022-08-04,392.7893590044414,393.4718621327927,390.9598814965707,392.59979248046875,45656600
2022-08-05,388.3245571114869,392.58070477933853,388.26768427752603,391.9361267089844,56814900
2022-08-08,393.6235081493515,395.87007236927724,390.3816112599049,391.481201171875,53886100
2022-08-09,390.75122921309026,391.25362520037476,388.85539093228897,389.9265441894531,44931800
2022-08-10,396.96966387104465,398.2588492285253,395.01695232609546,398.11663818359375,68665700
2022-08-11,400.9603962309802,402.81833898357877,397.37726224840134,398.11663818359375,59489700
2022-08-12,400.05042594390983,404.9606415265143,399.1025065374671,404.85638427734375,61694500
2022-08-15,402.64764150057266,407.04600061972724,402.5907686609456,406.5246276855469,54048300
2022-08-16,405.4535207281274,409.2451978170758,404.64778356108576,407.3209228515625,59289000
2022-08-17,403.7282670715911,407.13129350400095,402.4296224053403,404.4297180175781,63563400
2022-08-18,404.628809463559,406.28766820146114,403.33965312992564,405.6051940917969,49023200
2022-08-19,402.84675039895933,403.11216664311075,399.28256461046794,400.1546630859375,68016900
2022-08-22,395.3296712046477,395.50031863762473,390.9218529286444,391.8223876953125,77695600
2022-08-23,391.3959168557966,393.78469227238185,390.3247632987665,390.87457275390625,49105200
2022-08-24,390.6470127203874,393.49077064865355,389.96453858867704,392.12579345703125,49177800
2022-08-25,393.61392689430716,397.70894444340723,392.5238256898345,397.66156005859375,50942300
2022-08-26,397.5478287573556,398.0881206908962,384.14423800473423,384.20111083984375,103087000
2022-08-29,381.25313774516417,384.70354880710715,380.3052184856568,381.6607360839844,65370800
2022-08-30,382.81719520790887,383.0541750206006,375.3760233037477,377.4709167480469,85652400
2022-08-31,379.10134082789193,380.3431127380741,374.46603071215685,374.5987243652344,76029700
2022-09-01,372.4279555626427,376.1153458831206,369.7263802950117,375.77410888671875,78740100
2022-09-02,379.4331384469464,380.64647400085363,370.0013297859772,371.8118591308594,99632100
2022-09-06,372.6554995418325,373.5939303427136,368.19080797230174,370.408935546875,76637400
2022-09-07,370.0961415467539,377.83116684452074,369.87813861226584,377.0633544921875,70964200
2022-09-08,374.79781566335777,379.98290632149366,373.59393967123003,379.5279235839844,80821700
2022-09-09,381.7650275183075,386.28662130528346,381.49961125899546,385.42401123046875,76706900
2022-09-12,387.49046061347366,390.2868341942052,387.1871194866291,389.56640625,69256300
2022-09-13,380.9024232007864,382.1062993004574,371.5085678123265,372.6271057128906,122947100
2022-09-14,373.9257160615463,375.5656268148488,370.7501807174359,374.0489501953125,85023700
2022-09-15,372.49436398050875,375.33812191068284,368.53206820723454,369.8022766113281,87633800
2022-09-16,365.6295206827052,367.63783250475103,363.6973120856197,366.9810791015625,103084800
2022-09-19,363.84011191988435,369.8269958496094,363.7639505998914,369.8269958496094,73278500
2022-09-20,366.505230286068,367.51415006942193,362.8312448574466,365.58197021484375,77274900
2022-09-21,367.504555601014,370.55036925173334,359.1952455228189,359.20477294921875,106746600
2022-09-22,358.4338263970015,360.0709463739704,355.4451478506608,356.18756103515625,89472600
2022-09-23,352.7228790149844,352.76095967141856,345.7841825636604,350.2196350097656,122346900
2022-09-26,348.753848761664,352.37072699861113,345.53671576875286,346.7550354003906,92581200
2022-09-27,350.2862401271678,352.5515599107997,343.48078239742836,345.8698425292969,108294100
2022-09-28,346.821678453464,354.3600222961964,345.1274522170946,352.6753234863281,110802200
2022-09-29,349.13459770031216,349.42013004160674,342.3672197883283,345.3083190917969,112952300
2022-09-30,344.3660311283521,348.27799879138144,339.83541969328155,339.9686584472656,153711200
2022-10-03,343.6806581182504,350.79070306991537,341.9007722856018,348.9441833496094,89756500
2022-10-04,354.4551993806732,359.7853586515844,348.90614168269303,359.7568054199219,103602800
2022-10-05,355.3974984990643,361.1749817964111,353.0750722691506,358.919189453125,88065700
2022-10-06,357.52004633285617,360.4706728707626,354.7217133827097,355.2166748046875,82333500
2022-10-07,351.19051769873397,355.30235769557754,343.547458861724,345.3083190917969,107789500
2022-10-10,346.4219606923115,346.6599140174196,340.4350759464563,342.67181396484375,76042800
2022-10-11,340.97746287282405,345.53665504932576,338.56937726442624,340.5015563964844,92482800
2022-10-12,340.91094386553914,342.4814298234217,339.13102879643657,339.3785095214844,76991800
2022-10-13,332.3826842498608,349.8008834901985,331.3356839052994,348.3350830078125,147254500
2022-10-14,350.79069404097305,352.41831529855494,339.7591840858435,340.39691162109375,123737000
2022-10-17,346.4695113964719,350.24821073516875,340.0637984886666,349.14410400390625,93168200
2022-10-18,357.0537438488278,357.3583310897419,349.8104292073491,353.2464904785156,97162900
2022-10-19,351.2095432352664,353.93174409065676,347.93530350478727,350.7431640625,79746900
2022-10-20,350.29577817467606,354.71220495349155,347.0405645534775,347.8020324707031,88283100
2022-10-21,347.5260110650035,356.7395553428867,346.0221590756883,356.254150390625,131038400
2022-10-24,357.77704931693273,361.7460937798273,355.1309809456278,360.6134338378906,85436900
2022-10-25,360.5373287022716,366.6860338162217,360.4231157662592,366.3719482421875,78846300
2022-10-26,363.2309138667366,368.90371186098525,362.9739347843384,363.61163330078125,104087300
2022-10-27,364.6110821532887,366.44807462100994,361.05128110498777,361.66998291015625,81971800
2022-10-28,361.5652384352448,370.7502290607999,361.3843916220893,370.2743225097656,100302000
2022-10-31,367.81871998807645,369.68426585196175,366.6955873080766,367.59979248046875,96631300
2022-11-01,371.3404256632253,371.57837896955164,364.8204992604764,365.9912109375,85407600
2022-11-02,365.4010542504777,369.9031408055681,356.70149735976,356.8061828613281,126990400
2022-11-03,353.5700586148132,356.1685191668986,351.01920615203176,353.1322326660156,87100100
2022-11-04,358.8335469874606,360.61343287804317,352.170855133582,358.2148742675781,103505200
2022-11-07,359.5093069084671,362.2315073959389,357.4343613850076,361.6413879394531,68286900
2022-11-08,362.745493209243,366.5622732100706,359.5188617569453,363.5926208496094,84641100
2022-11-09,361.622403460563,362.77411841444257,355.6069367100275,356.1018981933594,78495500
2022-11-10,369.3510591794325,376.00425245255667,367.0572151863192,375.6711120605469,141455800
2022-11-11,376.5278212790889,380.106648595616,374.64322048105964,379.30712890625,93839900
2022-11-14,377.5462448649226,380.89661702699635,375.80441036199727,376.0804443359375,71903500
2022-11-15,381.8198821687392,382.9239890323085,375.48080239259394,379.2880554199219,93194500
2022-11-16,377.6604299906343,378.61224316456577,375.76633106956126,376.39453125,68508500
2022-11-17,371.64500584373235,375.9186672305997,371.3404476693323,375.24285888671875,74496300
2022-11-18,378.5742173860638,378.6408512891868,374.1007122482851,376.9466247558594,92922500
2022-11-21,375.62353581760493,376.7466683045898,373.73893542221714,375.575927734375,51243200
2022-11-22,377.51761716325757,380.7918564006526,376.10892338301994,380.6300354003906,60429000
2022-11-23,380.29692789864373,383.51406095455076,380.06850204043604,383.0286560058594,68261600
2022-11-25,382.46708656258517,383.49506108811516,382.1910816475926,382.9429931640625,30545400
2022-11-28,379.8590644182219,381.49618401653254,376.07083804443715,376.8323059082031,67881600
2022-11-29,376.96564549358453,378.1554121174717,374.34815892103285,376.1851806640625,52310000
2022-11-30,376.4325818837763,388.0351867675781,374.51945716113363,388.0351867675781,144566700
2022-12-01,389.07270016589297,390.2434409456629,385.2464212750172,387.74969482421875,76398200
2022-12-02,382.86679385886526,388.20645105003473,382.76210836744406,387.30224609375,85342700
2022-12-05,384.48497335823737,385.4177317516839,378.9834939436765,380.3350524902344,77289800
2022-12-06,380.1732617355015,380.7157732131678,372.76815579992063,374.85260009765625,77972200
2022-12-07,374.00541320457194,376.5753199966367,373.0821534063739,374.2148132324219,65927900
2022-12-08,376.0994217071505,378.2124187884382,374.3195069079909,377.1463928222656,60737900
2022-12-09,375.90911499149865,378.459967446831,374.20536119651905,374.3291015625,81447700
2022-12-12,375.119119770537,379.7259216308594,374.4528678993267,379.7259216308594,75405800
2022-12-13,390.45273817570154,390.7097172341381,379.840028813482,382.60028076171875,123782500
2022-12-14,382.257673780074,385.9602409589763,377.21307559103866,380.1541748046875,108111300
2022-12-15,375.2999009475401,376.2041350287874,369.19880442028864,370.8549499511719,117705900
2022-12-16,368.302907769073,369.6415593936089,364.34432159505855,366.4765930175781,119858000
2022-12-19,366.6678340994925,367.00250429400353,361.70523742151596,363.3689880371094,79878100
2022-12-20,362.61370366432016,365.4822559399263,361.2941649486737,363.8663024902344,74427200
2022-12-21,366.4574464966575,370.4351746621718,365.9219858955704,369.306884765625,78167400
2022-12-22,366.2662256920997,369.28777027212345,358.34902428686854,364.038330078125,100120900
2022-12-23,363.0152466207401,366.2758375341586,361.46623322301946,366.1324157714844,59857300
2022-12-27,366.0176778685383,366.36189009849295,363.01524613197586,364.6885681152344,51638200
2022-12-28,364.6215818081712,366.59134742365524,359.92674469166934,360.1562194824219,70911500
2022-12-29,362.9961320141737,367.5093216045126,362.4702133125497,366.6391906738281,66970900
2022-12-30,363.9619134619415,365.8168836865277,361.8487256860745,365.6734619140625,84022200
2023-01-03,367.52838265402187,369.4981190554035,361.2749320892196,364.1339416503906,74850700
2023-01-04,366.3905873546689,368.9722958919306,363.3499291613042,366.9451904296875,85934100
2023-01-05,364.9945163658359,365.1092537639918,362.16422021646383,362.7570495605469,76970500
2023-01-06,365.84547897836046,372.19455357778276,362.785708249104,371.0758056640625,104189600
2023-01-09,373.2655401902277,376.44964922378716,370.6838609207569,370.8655090332031,73978100
2023-01-10,370.28225918611713,373.53327899556643,369.34518834804146,373.4663391113281,65358100
2023-01-11,375.0439955334967,378.26633038365287,374.2312334389066,378.1898193359375,68881100
2023-01-12,379.289500125456,381.02973273660194,375.22571833967487,379.5667724609375,90157700
2023-01-13,376.3731845520633,381.61308397762616,376.10545416859213,381.03936767578125,63903900
2023-01-17,381.0201896884126,382.6935115955875,379.6623956443495,380.3412780761719,62677300
2023-01-18,381.526947386791,382.58829750949707,374.1356353327088,374.33642578125,99632300
2023-01-19,372.2997830998825,373.94442072442195,370.2918200719056,371.6113586425781,86958900
2023-01-20,373.0073764154368,378.6871115907864,371.36273880270227,378.53411865234375,91806400
2023-01-23,379.3373059432333,385.0074698849866,378.3811219727352,383.07598876953125,84178800
2023-01-24,381.40265563212273,383.57318267652687,380.21699688122226,382.6648254394531,59524900
2023-01-25,378.6010846087599,383.14295882633485,376.31579073268307,382.80828857421875,84800300
2023-01-26,385.4663982164665,387.1779754700334,382.5022224600164,387.0154113769531,72287400
2023-01-27,385.97315181927854,390.2759788703347,385.7627902184548,387.9046325683594,68346200
2023-01-30,385.1508473703547,387.37877210654403,382.7412745466371,383.0376892089844,74202000
2023-01-31,383.5541176812042,388.7175057829121,383.20987624486537,388.6697082519531,86811800
2023-02-01,387.45528923844535,395.54462644508357,384.7206171548962,392.80035400390625,101459200
2023-02-02,396.6824246845757,399.98127069479483,394.78919930515946,398.518310546875,101654500
2023-02-03,393.5557615392747,398.70003602985804,393.0776695484089,394.282470703125,94736800
2023-02-06,391.8346069060138,393.26888274999055,390.21865378736663,391.8728332519531,60295300
2023-02-07,390.9549267928235,398.24104381969875,389.7118993305467,396.9980163574219,90990700
2023-02-08,395.02826801613645,396.3669196696717,391.9684677962696,392.65692138671875,76227500
2023-02-09,396.25214123369045,396.4051341468822,388.02895452722424,389.25286865234375,78694900
2023-02-10,388.0767519738261,390.54372257551336,387.26401906949224,390.1612548828125,70769700
2023-02-13,390.81149214644563,394.875273798094,390.3525133608386,394.74139404296875,64913500
2023-02-14,393.22104214899304,396.864100329501,390.6106788806823,394.5597229003906,88389300
2023-02-15,392.3700513500147,395.9174852871057,391.52860488743005,395.84100341796875,61555700
2023-02-16,390.87850184608885,394.8179756232286,390.2569880244295,390.3908386230469,76431500
2023-02-17,388.26803395095567,389.6545122847336,386.34609496505783,389.41546630859375,89257800
2023-02-21,385.39950609313314,386.4513142893378,381.34529542458307,381.60345458984375,82655900
2023-02-22,382.01458672604707,383.55405800104023,379.624126941612,381.0775451660156,83742300
2023-02-23,383.96523503521115,384.5772067863999,378.88790045751995,383.10467529296875,96242400
2023-02-24,378.0942481460913,379.84405183245593,376.3922419822525,379.0121765136719,108194400
2023-02-27,382.3492886397092,383.7070827492521,379.36599925020045,380.3030700683594,80444700
2023-02-28,379.82492994288907,381.78509520813367,378.7922350201957,378.8974304199219,96438600
2023-03-01,378.0847173960627,379.30863174384257,376.1436650512144,377.4440612792969,99706800
2023-03-02,375.4743186281051,381.2209936912257,375.1396483986959,380.3795471191406,85127800
2023-03-03,382.1963263662835,386.7286586997874,381.5461282021258,386.48004150390625,90120000
2023-03-06,387.3022850157021,389.59714976739536,386.3078747490803,386.7477111816406,72795900
2023-03-07,386.69989002886615,386.9389359941927,380.2073934400801,380.8193359375,108310600
2023-03-08,380.9341111603913,382.19625170885286,379.212962662717,381.4408874511719,74746600
2023-03-09,382.22492782127654,383.8887075845493,373.4184826190144,374.4033508300781,111945300
2023-03-10,373.8583166785041,375.9332484862883,367.48058669730784,369.00091552734375,189253000
2023-03-13,365.08059523708437,373.28466995051247,363.97141834242984,368.47503662109375,157790000
2023-03-14,373.3898621469937,376.2106166958166,370.09101558517847,374.56597900390625,149752400
2023-03-15,368.9818486133687,372.42408758364206,366.8973453679593,372.2232971191406,172996900
2023-03-16,369.87107021323396,379.0982391870772,369.36429390384325,378.7539978027344,143254200
2023-03-17,377.42568128509345,378.558277638752,372.94324653075375,374.3254089355469,140553400
2023-03-20,375.10277090610924,378.33743311980123,374.4021114765073,377.9246826171875,93055800
2023-03-21,381.28412015653794,383.36697102971766,379.69079357481445,382.8870544433594,91524200
2023-03-22,382.71431965042825,386.3232727268631,376.3218267349629,376.3601989746094,111746600
2023-03-23,379.2204571484992,383.25176789780386,374.6708576136584,377.3775939941406,119351300
2023-03-24,376.1010222149094,379.9403548581303,373.75902695920195,379.8539733886719,107682400
2023-03-27,382.1287722364247,382.89665633801565,379.67160169490063,380.5642395019531,74010400
2023-03-28,379.87314668350865,380.564227707631,377.8767066648121,379.7099914550781,62871700
2023-03-29,383.8660888939379,385.4690232440617,382.6662973806607,385.22906494140625,77497900
2023-03-30,387.8589998974814,388.10856590647154,385.62260139743574,387.48468017578125,69840000
2023-03-31,388.4060846284512,393.2436518891425,388.3004877505952,392.94610595703125,112062600
2023-04-03,392.42776506097084,394.8465339049245,392.03422997869995,394.44342041015625,67391100
2023-04-04,395.0864642077818,395.37443168972544,390.88239088070605,392.2549743652344,66601500
2023-04-05,391.5255732993779,392.28384974684195,389.57711302940226,391.22802734375,65200200
2023-04-06,390.4313714897771,393.0325407601975,389.3851567329968,392.7541809082031,63743300
2023-04-10,390.27775752337686,393.23406013832266,389.66347951634174,393.1572570800781,63681000
2023-04-11,393.78116601430696,394.6641961280183,392.4949930804865,393.2628479003906,59297900
2023-04-12,395.3264818376402,395.61444936283374,391.0744279375137,391.659912109375,86420400
2023-04-13,392.7445207254535,397.2173467130726,391.6023169352439,396.8622131347656,85814800
2023-04-14,396.22870868146754,398.41712702758065,393.5891675964206,395.89276123046875,78161500
2023-04-17,395.8064701519047,397.3326016491202,394.5778846470639,397.31341552734375,66436400
2023-04-18,398.8874459715307,399.02183667204184,396.1999248791392,397.5724792480469,63560000
2023-04-19,395.6624782963843,398.4075874340768,395.60489064257166,397.50537109375,55227300
2023-04-20,394.6929585087422,397.0829628319808,393.79071305675006,395.3360595703125,75840400
2023-04-21,395.63361128968654,396.10392013942635,393.6947589557848,395.6432189941406,73457400
2023-04-24,395.44166194381876,396.4782981802782,394.1075090570705,396.05596923828125,64332100
2023-04-25,394.08826140218645,394.6449810037149,389.71142480850085,389.7690124511719,97766700
2023-04-26,390.3833857943013,391.4583943618871,387.56147365849546,388.1181640625,80447000
2023-04-27,390.652086810784,396.11353970438057,390.40252082176045,395.84478759765625,92968400
2023-04-28,394.9617875942257,399.23305741321724,394.90419994068407,399.22344970703125,89433100
2023-05-01,398.781880454679,400.845515871164,398.5899021077479,398.8202819824219,62122300
2023-05-02,398.1100590933305,398.1580683348258,391.43923503572364,394.3379211425781,103998500
2023-05-03,394.83697342513307,397.24616414474065,391.39117573178515,391.6311340332031,91531800
2023-05-04,390.58495750937874,390.91129731617235,387.5230869408355,388.8572692871094,94901900
2023-05-05,392.48538864162396,397.1021838881152,392.22624422840113,396.05596923828125,87891800
2023-05-08,396.3823017131118,396.64144612156804,394.76018132750204,396.1615295410156,50046800
2023-05-09,394.61626426292884,395.53769601743005,394.19393527299343,394.4242858886719,49220100
2023-05-10,397.25577792419296,397.88927136463667,392.44700411687967,396.26715087890625,96142900
2023-05-11,395.40322585528116,395.863926959948,393.5027459231928,395.57598876953125,70157100
2023-05-12,396.8142503993596,397.0254148728848,392.63897016343816,395.0577392578125,70481500
2023-05-15,395.66240845072787,396.8237983199805,393.75234992228525,396.4206848144531,54289400
2023-05-16,395.3168627044219,396.23832360826236,393.7619377053924,393.77154541015625,57705500
2023-05-17,395.78721992832476,399.1562144912637,394.14591338269895,398.5515441894531,87287000
2023-05-18,398.23477512417634,402.8131980774416,398.01403224251106,402.390869140625,97177200
2023-05-19,403.29311788250186,403.82101441184767,400.58638129995114,401.80535888671875,103793300
2023-05-22,401.8245672616326,403.50427528786696,400.586374286309,401.9685363769531,60745400
2023-05-23,400.32722839371974,401.9013689419868,397.0638012887145,397.45733642578125,86383500
2023-05-24,395.85441436146004,396.2383417764392,393.4164298740769,394.57781982421875,89213700
2023-05-25,398.0811934806872,399.4441694496832,395.84479511708275,397.99481201171875,90961600
2023-05-26,398.64748907245814,403.8689837488059,398.57071530888675,403.14910888671875,93830000
2023-05-30,405.0783704702366,405.60626696953454,401.9205113036728,403.30267333984375,72216000
2023-05-31,401.4790359496369,402.3812815149699,399.50178187032054,401.0663146972656,110811800
2023-06-01,401.29664281865877,405.93265339027886,400.04887142591303,404.8768310546875,88865000
2023-06-02,407.44919955900986,411.5188830151562,406.92130300774403,410.7318420410156,91426200
2023-06-05,411.0774511286256,412.36362438133835,409.24416580289443,409.9448547363281,65460200
2023-06-06,409.5320736758542,411.3653294424387,408.87936479133043,410.8374328613281,64022200
2023-06-07,411.2309690598289,412.36356528982583,408.99454113451293,409.4168701171875,85373300
2023-06-08,409.4840283285931,412.344341762355,408.71617349799953,411.8932189941406,61952800
2023-06-09,412.689850828952,414.63831094166113,411.6436362158996,412.63226318359375,85742800
2023-06-12,413.61140641897026,416.4525049768777,412.89153139542077,416.3757019042969,76104300
2023-06-13,417.8345851160925,419.76382988102273,417.1722978814529,419.1207580566406,95899700
2023-06-14,419.45671780561304,421.4243641568749,416.1740753599218,419.619873046875,100612100
2023-06-15,418.80397116276845,426.069914890404,418.70801128446885,424.8221435546875,110303100
2023-06-16,426.80484934957235,427.3732510116979,422.9030966686289,423.3751525878906,114165800
2023-06-20,421.4386947666536,422.3250049416328,419.107257409602,421.1785583496094,76160400
2023-06-21,420.19591625792975,420.9955241203809,418.43288044222425,419.02056884765625,76982300
2023-06-22,418.06681362984074,420.6390713007603,417.72961825633774,420.5331115722656,70637200
2023-06-23,417.0841314152319,419.13617505158805,416.6409763099136,417.3538818359375,92074500
2023-06-26,416.7854848977608,418.70263864501453,415.4078319979814,415.648681640625,72823600
2023-06-27,416.52534656947205,420.82209563920264,416.07254809930254,420.2055358886719,72813700
2023-06-28,419.1265614695,421.4290983033547,418.5100016357142,420.41754150390625,75636000
2023-06-29,420.0031925590313,422.2382840858477,419.5985816622902,422.0744934082031,67882300
2023-06-30,425.2827088718478,428.0380149404403,424.9647708481831,427.05535888671875,104964000
2023-07-03,426.70857023719304,427.82608687001783,426.42917637868914,427.5467224121094,32793400
2023-07-05,425.7354497315169,427.6429894132442,425.7258063379871,426.9107971191406,58418400
2023-07-06,423.3366343156822,423.991738320798,421.06299828536083,423.5678405761719,80658300
2023-07-07,422.57550143257924,426.43873894163033,422.25756345371417,422.4984130859375,86134200
2023-07-10,422.1420000351028,423.7412452715391,421.57359837767063,423.5678405761719,62443500
2023-07-11,424.32893908451956,426.7566930521444,423.3558970583311,426.2653503417969,64463800
2023-07-12,430.0515200243212,431.1016209821125,428.62567949600117,429.6950378417969,91924500
2023-07-13,431.506253963796,433.89549322497544,431.0727422071223,433.1054992675781,72425200
2023-07-14,433.991813962652,434.83958003816,432.07463074719146,432.8357238769531,69815800
2023-07-17,432.6912196663996,435.3887239970372,432.6430320958501,434.338623046875,52680200
2023-07-18,434.0110663595222,438.2114701147798,433.5775252322227,437.5660095214844,80668200
2023-07-19,438.35604491544507,439.72405458332963,437.48896257877516,438.5390930175781,65891700
2023-07-20,437.54673021651973,438.44268380742795,434.9166416038705,435.6295471191406,70591600
2023-07-21,437.34439535359957,437.54673021651973,435.6199331260899,435.6295471191406,71275600
2023-07-24,436.7760157789645,438.38490436691495,435.74517222742827,437.5756530761719,54023400
2023-07-25,437.30587795856155,440.02263949533193,437.2576903912355,438.7702331542969,55191200
2023-07-26,437.83576473919794,440.263518637083,436.7856637889011,438.83770751953125,71052900
2023-07-27,442.2192452897237,442.62388566589414,435.0226560753175,435.9282531738281,92194400
2023-07-28,439.1941936182639,441.024645224626,435.9282579906258,440.1961364746094,80011800
2023-07-31,440.6682055455154,441.3907545748612,439.35796801732533,441.0343017578125,62040400
2023-08-01,439.569820909262,440.5139620189602,438.81837125887813,439.77215576171875,55291500
2023-08-02,436.6604008783812,436.9205079074881,432.90315234388123,433.65460205078125,93933400
2023-08-03,431.6410971149184,434.29044314301314,430.995607146359,432.41180419921875,64276100
2023-08-04,434.2230076857938,436.32320952695244,429.9358722590493,430.45611572265625,100128900
2023-08-07,432.28658168791264,434.36752621178806,431.59293351328745,434.21337890625,58357500
2023-08-08,431.6796137883657,434.2037427118271,428.9724661870649,432.3251037597656,71361300
2023-08-09,432.59488283321724,432.7586735355105,428.6738433785323,429.4349365234375,78789600
2023-08-10,431.7856284811605,435.16716703483127,428.42337671620794,429.5890808105469,93005500
2023-08-11,427.7200290859293,430.35011754971424,427.1227267257981,429.3385314941406,68690900
2023-08-14,428.4233330175674,431.70849609375,428.11503843544807,431.70849609375,47867400
2023-08-15,429.9358583347008,430.29234049304716,426.1111649328765,426.6795959472656,75707500
2023-08-16,426.26534575201464,427.9223925566891,423.44259484772283,423.548583984375,80107200
2023-08-17,425.0130058613244,425.27311294559695,419.8010149757795,420.3212585449219,95711300
2023-08-18,417.5080258452247,421.5543115245304,417.1612164787308,420.5234680175781,98852000
2023-08-21,421.5350602162778,424.00135836533855,419.3867000805202,423.2595520019531,68719000
2023-08-22,425.0321640493009,425.0321640493009,421.5543094057689,422.1130676269531,64994200
2023-08-23,423.17286834168584,427.4311034249485,423.0283644204359,426.81451416015625,68441000
2023-08-24,428.41369725884107,428.92429730681755,420.87027025881116,420.8992004394531,88517300
2023-08-25,422.62366273446645,425.14776219480035,419.07836317797603,423.866455078125,102325100
2023-08-28,426.05339622552776,427.1709421526019,423.8664919427265,426.55438232421875,61595400
2023-08-29,426.44841900560834,432.9995476574254,426.2653709047112,432.72015380859375,83081900
2023-08-30,433.05731299234867,435.1382574911251,432.35402143192493,434.5024108886719,69053900
2023-08-31,435.11898360214246,436.2557869248091,433.6835290574293,433.8665771484375,66084600
2023-09-01,436.5833515582069,437.06505085275637,433.2210704898494,434.6758117675781,58944100
2023-09-05,434.23266409054196,434.55057269413254,432.72976461783867,432.79718017578125,55166200
2023-09-06,431.98789706191957,432.09388618903915,427.5659013158959,429.8876953125,70758500
2023-09-07,426.8915375451562,429.24223247025344,426.5447281630559,428.56787109375,70355400
2023-09-08,428.61607641541775,430.7451793135571,428.25962359995947,429.21337890625,61659700
2023-09-11,431.83376742594476,432.34436749416994,430.12856253408137,432.0361022949219,60180100
2023-09-12,430.59105211482444,432.11320909412444,429.08815252492514,429.6661682128906,67565400
2023-09-13,429.88768993651144,431.32314432701645,428.78940150844926,430.1670837402344,60199300
2023-09-14,432.63339669886733,434.56980780447236,431.33280276784916,433.87615966796875,83430800
2023-09-15,432.2935551441486,432.6222625307114,428.2136712808251,428.6487121582031,111848900
2023-09-18,428.3393572391215,430.1956202798295,427.8656361967372,428.9001159667969,55752200
2023-09-19,427.981617392204,428.57137880593234,425.3326034960519,428.0106201171875,66514600
2023-09-20,429.2674693964477,429.68318495179983,423.8727265693422,424.0757751464844,82562600
2023-09-21,421.2334205936458,421.4944451347644,416.9118372759941,417.0665283203125,104095800
2023-09-22,418.0913502784636,419.68655933537104,415.7130085528767,416.1287536621094,100829700
2023-09-25,414.9202960632604,417.9173432652142,414.4852255962392,417.8786926269531,70874500
2023-09-26,414.84285049792544,415.54862280920696,410.90798029741677,411.73944091796875,96168400
2023-09-27,412.9092244496163,413.4699830924983,408.2686118060124,411.90374755859375,104705800
2023-09-28,411.35270706101295,415.964317107926,410.762945679416,414.291748046875,92258300
2023-09-29,417.3371661441051,417.5111824781116,411.7684074215334,413.2862854003906,115111300
2023-10-02,412.4548865420046,414.36915501527096,410.3666017087048,413.1219787597656,83798600
2023-10-03,410.94664397430034,413.1799422139496,406.22867088652805,407.59185791015625,103760600
2023-10-04,408.0559666596498,411.3043900178651,406.59609392791054,410.5599670410156,87453000
2023-10-05,410.2699077129364,411.24638199806213,407.18585282564163,410.4052734375,70142700
2023-10-06,407.95929439211045,416.81515765208843,406.63478734252965,415.2779541015625,113273300
2023-10-09,413.3830108074734,418.5070521455923,412.8319589906931,417.9366455078125,80374400
2023-10-10,418.565087921437,422.7029778259452,418.1686976181359,420.1119689941406,78607300
2023-10-11,421.1754403750916,422.084202370424,418.79709861853365,421.8328552246094,62451700
2023-10-12,422.4419089154139,422.8189443567332,416.91182957643576,419.2611389160156,81154200
2023-10-13,420.7596289275812,421.9584770278049,415.60661494268294,417.1728210449219,95143100
2023-10-16,419.4158131019472,422.6255856986061,419.1741138914331,421.5621032714844,75433200
2023-10-17,418.4392848901998,423.5923279162561,418.0912522340032,421.5426940917969,75324700
2023-10-18,419.77352121429993,420.73064064200355,414.8428514424272,415.9256591796875,93559800
2023-10-19,416.64118158474537,418.4490872654822,411.59450003268,412.271240234375,121323000
2023-10-20,411.8361348739324,412.3775387523352,407.09880668145956,407.2051696777344,123919900
2023-10-23,405.67757598059893,410.3568982821464,403.9276761980999,406.4993591308594,92035100
2023-10-24,408.61667642933105,410.7146385432617,406.7700909338865,409.56414794921875,78564200
2023-10-25,407.8818671758645,407.91086989621283,403.17354254116606,403.6859436035156,94223200
2023-10-26,402.6225515026816,403.47330792914914,397.9335809780985,398.8520202636719,115156800
2023-10-27,400.43756406837696,400.83395429205797,395.6229054415524,397.0440979003906,107367700
2023-10-30,399.82851071417565,402.84491222424634,398.53300645045545,401.7911071777344,86562700
2023-10-31,402.361504611754,404.63348310254605,400.45691364342605,404.314453125,79665200
2023-11-01,405.28123407598383,409.43844855236455,404.74947812853236,408.6263427734375,98068100
2023-11-02,412.41619465013827,416.61211901779166,412.39686933434086,416.4574279785156,94938900
2023-11-03,418.7584345746445,421.80383898984763,418.63274625361095,420.2569580078125,100167800
2023-11-06,421.01102787683624,421.66844265759465,419.28045324415575,421.2237243652344,67831700
2023-11-07,421.223666855701,423.0605747296388,420.08285380291056,422.4224853515625,64256100
2023-11-08,423.0219913930459,423.5440700044392,420.43098266202935,422.7319641113281,61746000
2023-11-09,423.8727442351021,423.91142437106953,419.00975716373983,419.4351501464844,83174400
2023-11-10,421.5040718428815,426.2896982135309,419.4254351571336,425.9803161621094,89462200
2023-11-13,424.64619358239656,426.6764433760795,423.86309048956497,425.5743103027344,52236100
2023-11-14,431.50073527138204,435.11654569788686,431.27836139592864,433.8307189941406,97176900
2023-11-15,435.16486101976614,436.3927117469104,433.8983596665992,434.7491455078125,77327600
2023-11-16,434.3044096920699,435.5999137144547,433.2409274336067,435.2808837890625,66665800
2023-11-17,435.29057073108856,436.43141334936854,434.3721314970017,435.82232666015625,83133200
2023-11-20,435.5709613361329,440.01823251915994,435.56128392675316,439.1771240234375,69936200
2023-11-21,438.13296253247677,439.05143128536895,436.95346926763995,438.219970703125,49244600
2023-11-22,439.8732756356209,441.2267854299995,438.8194705277012,439.91192626953125,59394900
2023-11-24,439.96030328520334,440.3760189003886,439.6315958566172,440.1826477050781,29737400
2023-11-27,439.55417048077294,440.36627627306393,439.00308920962266,439.38983154296875,50506000
2023-11-28,439.0030764411284,441.1203637861366,438.44234728096177,439.8248596191406,62115000
2023-11-29,441.97117519611106,443.10234049536746,439.1191421839662,439.5155029296875,63146000
2023-11-30,440.35665713551293,441.59415597189025,438.2876976332808,441.24609375,79752700
2023-12-01,440.6370255353667,444.38820233909854,440.0472935709732,443.8564758300781,89183400
2023-12-04,440.47265370720123,443.8757680204174,439.25448022667734,441.5264587402344,72430900
2023-12-05,440.14394887033336,442.3965725770802,439.76688393206007,441.439453125,69793500
2023-12-06,443.57603770145914,443.60504042530386,439.2254520989698,439.6605224609375,69124700
2023-12-07,441.7391409339485,443.66305717468333,441.13973162302386,443.01531982421875,66995400
2023-12-08,442.27087844484373,445.451648340426,442.02917923250493,444.919921875,83194400
2023-12-11,444.4268611503367,446.8245280398024,444.21416465607524,446.6504821777344,65002200
2023-12-12,446.3024402574832,448.7871152745883,445.30664066950123,448.6904296875,68327600
2023-12-13,449.06747102737427,455.12930631637573,448.70976090431213,454.8779296875,93278000
2023-12-14,456.8115200961749,458.00069086527446,453.66943027540754,456.3377990722656,119026000
2023-12-15,455.7417439978948,456.91633245678577,453.74207009746453,455.58642578125,141553700
2023-12-18,457.1881698520897,459.1296032853033,456.13009218585904,458.149169921875,70375300
2023-12-19,458.69273602664884,461.0127630324847,458.61509172941334,460.9350891113281,55761800
2023-12-20,460.08079591053223,461.9639883390121,454.12061185125907,454.5477294921875,102921000
2023-12-21,457.5277900582173,459.1294959653639,455.11071547850463,458.8576965332031,86667500
2023-12-22,459.98377994700513,461.4592882220052,457.8870580411275,459.7799377441406,67160400
2023-12-26,460.1876248035588,462.62410332069675,460.1099508863103,461.7213439941406,55387000
2023-12-27,461.5175394244562,462.70181495571654,460.9836571015111,462.55621337890625,68000300
2023-12-28,462.9153345190397,463.5656980482324,462.31349497002446,462.73089599609375,77158100
2023-12-29,462.53673484415077,463.060930093317,459.44014657654174,461.39129638671875,122283100
2024-01-02,458.33359292378987,459.79938459581,456.7124830275094,458.8092346191406,123623700
2024-01-03,456.6542463475319,457.39200051317124,454.4604467676884,455.0622863769531,103585900
2024-01-04,454.5865557790852,457.1686653982138,453.3731600721968,453.596435546875,84232200
2024-01-05,453.80025127175645,456.6638768226145,452.7712941422228,454.2176818847656,86118900
2024-01-08,454.71278328613425,460.84771948944723,454.5865853845721,460.7021179199219,74879100
2024-01-09,458.05208481523704,461.02247554943773,457.54732279548995,460.00323486328125,65931400
2024-01-10,460.275022232607,463.4686883884697,459.99350610212235,462.604736328125,67310600
2024-01-11,463.6045274671268,464.1190060691037,458.43062113494074,462.4008483886719,77940700
2024-01-12,463.8472262405501,464.58498035155515,461.3136700813151,462.72119140625,58026400
2024-01-16,461.34278348918724,462.6532272077025,459.2071951071508,461.0224304199219,85014900
2024-01-17,458.00353981867966,458.94513616011074,456.110630489601,458.45977783203125,68843900
2024-01-18,460.12944567332846,463.0901198438655,458.5860096308322,462.53680419921875,91856200
2024-01-19,463.6628015298727,468.58434205067863,462.5853202688259,468.3028259277344,110834500
2024-01-22,469.83659824827777,471.01115715758357,468.64260604571103,469.2929992675781,75844900
2024-01-23,469.836566173897,470.9043307691421,468.7493682867175,470.6616516113281,49945300
2024-01-24,473.525295727068,474.45717543420074,470.68110299788805,471.1761779785156,81765000
2024-01-25,473.3020267275593,474.01066056996024,471.17618444820096,473.7388610839844,72525000
2024-01-26,473.3117152908374,474.79691054106985,472.29247468488353,473.1369934082031,76641600
2024-01-29,473.4476564539632,477.0296033689382,472.90405748370506,476.88397216796875,61322800
2024-01-30,476.1946921260682,477.22364926399433,475.757857843928,476.5150451660156,58618400
2024-01-31,474.31155855924624,474.75807991768903,468.7202212489611,468.7396545410156,126011100
2024-02-01,470.43839078044346,474.9036930669608,469.6326794127357,474.87457275390625,91891600
2024-02-02,475.31139921660196,481.5239798187347,474.971642466127,479.873779296875,99228200
2024-02-05,479.24278207992484,479.9028622372628,475.8743943997294,478.1264343261719,75757100
2024-02-06,479.06809742412736,479.8446885622171,477.64114268330553,479.5146484375,55918600
2024-02-07,481.756982255993,483.93137810723994,480.854193242822,483.51397705078125,70556500
2024-02-08,483.51391920150996,484.1060420771884,482.6985208548494,483.72747802734375,52343600
2024-02-09,484.2322563033971,486.95996752942966,483.89249957484776,486.5231628417969,63979400
2024-02-12,486.49406987855394,488.75582660767503,485.59128089218916,486.30963134765625,56502300
2024-02-13,480.0484370645988,482.53346897353373,476.3500095116949,479.6116027832031,113099200
2024-02-14,482.2423099561509,484.4555426281319,479.9222830533005,483.9701843261719,68387800
2024-02-15,484.66912826614583,487.49391729462275,484.1934569596569,487.3094787597656,61683000
2024-02-16,487.0085929456435,488.14431492487785,484.1449667563623,484.8827209472656,75532900
2024-02-20,483.14507545774694,483.8148722929186,479.970842787005,482.21319580078125,71736700
2024-02-21,480.9124933217148,482.8053731626366,479.106944807319,482.6500549316406,59293400
2024-02-22,489.25091074641995,493.59970240133447,488.2898811137423,492.6387023925781,76402500
2024-02-23,494.35685563775104,495.1916873577398,492.25041710535265,492.97845458984375,61321800
2024-02-26,493.4152350521733,493.8520693709636,491.0466841824756,491.1728820800781,50386700
2024-02-27,491.8620813041637,492.308602616629,489.9691722068436,492.0853271484375,48854500
2024-02-28,490.5322390639573,492.01743437576624,490.17307863790023,491.4350280761719,56506600
2024-02-29,493.19197313484807,494.8130532117829,490.55162288856457,493.20166015625,83924800
2024-03-01,494.0753617325155,498.25911842016706,493.6676477127876,497.8320007324219,76844800
2024-03-04,497.0360120116513,499.1424502869192,497.0068620768657,497.2980651855469,49799300
2024-03-05,495.2985159505162,495.74506699457805,490.1246085935748,492.328125,72855600
2024-03-06,495.59937641592427,497.07488469099843,493.53177482463775,494.82281494140625,68382400
2024-03-07,498.1134781427479,500.78294851299574,494.88097561410905,499.73455810546875,58652100
2024-03-08,500.36563844693006,503.0447667007892,496.1624186562773,496.7351379394531,86532500
2024-03-11,495.5313914960879,496.8903887313969,493.60936207648933,496.3079528808594,62557200
2024-03-12,498.41446966211043,502.22937893995004,495.90028750048145,501.64697265625,73114400
2024-03-13,501.9672879725168,502.14200986510485,499.4240150117718,500.86065673828125,55104100
2024-03-14,501.831351753217,501.9866995940405,496.8321966177629,499.87054443359375,110171800
2024-03-15,496.80813351794416,498.2590153922283,494.7730358188075,496.4381103515625,107646300
2024-03-18,500.4985887866016,501.93969410963876,498.97956820958467,499.3885192871094,88893300
2024-03-19,498.6971497497458,502.4459962981956,497.69417669493055,502.16363525390625,60755300
2024-03-20,502.2220766323413,506.94465591796825,501.5501987684062,506.8083190917969,69594600
2024-03-21,509.6418984195912,510.342957334889,508.200733818281,508.483154296875,60256100
2024-03-22,508.3955498176283,508.88241615238655,507.2854803107173,507.51922607421875,79070800
2024-03-25,506.1462159868013,507.2660322991133,505.96120440733904,506.1170349121094,48512100
2024-03-26,507.5386980888141,507.87954020766836,504.7830772199743,505.1822814941406,65463700
2024-03-27,508.0061834942003,509.46678276035976,505.8444656756774,509.42779541015625,82999800
2024-03-28,509.4667506716118,510.82994090833836,509.0480527068501,509.3304138183594,96294900
2024-04-01,510.07039018205234,510.60593125263364,507.2854696375655,508.4442138671875,62477500
2024-04-02,504.62721155274875,505.3477642225264,502.9134325371014,505.21148681640625,74230300
2024-04-03,504.12083842082313,507.2660352902269,504.0721636747669,505.7664489746094,59155800
2024-04-04,509.76856679026787,510.10934946561747,499.2911933332161,499.5930480957031,96858100
2024-04-05,500.94656541967566,506.7694681704287,500.50837380151097,504.812255859375,74546500
2024-04-08,505.5133313161047,506.51624504555883,504.28641866242464,505.0945739746094,48401800
2024-04-09,506.8278303713481,507.0712635271461,500.8393509659492,505.6788330078125,68049200
2024-04-10,499.99218385090813,502.601780021425,498.6387407392185,500.6153869628906,82652800
2024-04-11,502.1344572387197,505.8346295064768,498.6290433917763,504.3935241699219,70099000
2024-04-12,500.85889444352966,502.27081877394835,495.70784003413945,497.4313659667969,92561100
2024-04-15,501.5989207934361,501.7644387082916,490.3522904966187,491.199462890625,92101400
2024-04-16,491.6765860412786,493.19560665785394,489.01828510429004,490.3036193847656,73484000
2024-04-17,492.7573540743495,492.92290168590637,486.00939451097605,487.4018249511719,75910300
2024-04-18,488.794360179131,490.8878795783521,485.46418121059236,486.3989562988281,74548100
2024-04-19,486.32104754330464,487.3142441699,480.8876025986124,482.1534729003906,102212600
2024-04-22,484.75331996273405,489.18382142190774,482.4163675078979,486.59368896484375,67961000
2024-04-23,488.5995792337359,492.7963646750655,486.4086807205422,492.367919921875,64633600
2024-04-24,493.2540640735244,494.0427852311199,489.9141678416356,492.13427734375,55928100
2024-04-25,486.0678630419317,491.02415872515365,484.42225246602163,490.2646484375,69122400
2024-04-26,493.0495906841402,496.48686615025724,492.41667033113185,494.909423828125,64306100
2024-04-29,496.6913201679961,497.33398732987405,493.9259228058318,496.662109375,46415400
2024-04-30,495.20149000874,496.1752226900087,488.7943420410156,488.7943420410156,77483600
2024-05-01,488.2100662136069,494.84118298455326,486.73972044696376,487.2071228027344,80242800
2024-05-02,490.90736213065725,492.6016773299733,486.42818551774343,491.7642517089844,62550200
2024-05-03,497.73321224009646,499.08668524553275,495.20150126804214,497.85980224609375,72756700
2024-05-06,500.25513498697876,503.039996024656,499.81694342031363,503.0010681152344,47264700
2024-05-07,503.9651034446084,504.9485829994704,502.8842743906612,503.55615234375,52561300
2024-05-08,501.72543965182825,504.14027734043043,501.6085965012132,503.604736328125,42047200
2024-05-09,503.78980752288453,506.54548758690595,503.13742328274043,506.5065002441406,43643700
2024-05-10,508.1034582569593,508.9116730396104,505.94180018838176,507.1589660644531,52233200
2024-05-13,508.83376404779614,508.9408603825465,506.0878306657376,507.2270812988281,36716400
2024-05-14,507.42184425163964,510.070428158798,506.8863031411852,509.5543212890625,57535900
2024-05-15,512.01781913004,516.1561825946173,511.3848691803367,515.8640747070312,59504900
2024-05-16,515.9614174721102,517.5583531460086,514.6565896819933,514.8026733398438,50244800
2024-05-17,514.9195214966393,515.6108930215729,513.4686694664939,515.542724609375,59187600
2024-05-20,515.6596602461204,517.5973789121299,515.2701433728218,516.1367797851562,37764200
2024-05-21,515.3772666864285,517.5584184029028,515.1727614260365,517.402587890625,33437000
2024-05-22,516.7113097871478,517.4221156794935,513.7413773413039,515.912841796875,48390000
2024-05-23,518.9605990872589,519.0676954201629,510.93699174891134,512.1444702148438,57211200
2024-05-24,513.9848197975488,516.3412958961842,513.0403275362747,515.5330810546875,41291100
2024-05-28,516.3413100648252,516.5749964273494,513.2642811397658,515.8933715820312,36269600
2024-05-29,511.871810616093,513.4589997088932,511.56995584928654,512.28076171875,45190300
2024-05-30,510.7422784507473,511.4044095336918,507.6360688600374,508.8824157714844,46377600
2024-05-31,509.8367164200918,513.6439850215788,504.7440541264526,513.5173950195312,90785800
2024-06-03,515.1240809646227,515.4064420460951,508.87267437322015,513.9360961914062,46835700
2024-06-04,512.6313840068518,515.2507275789484,511.17078482758455,514.5106811523438,34632700
2024-06-05,516.8281493311971,520.6451650598835,514.84169649016,520.6256713867188,47610400
2024-06-06,520.9275073614583,521.3559521321091,518.6879340097541,520.6159057617188,30808500
2024-06-07,519.6421901069427,522.7873872843439,518.55161418802,519.9830322265625,43224500
2024-06-10,519.1748224338155,521.9110090941606,518.5808597177815,521.5896606445312,35686100
2024-06-11,520.0414093421914,522.9041857425336,518.0744503489441,522.8457641601562,36383400
2024-06-12,527.4028804771598,529.8274655446977,526.1077992631506,527.1399536132812,63251300
2024-06-13,528.8829798084458,529.0582445758802,525.4164935113477,528.2013549804688,44760900
2024-06-14,526.6724673865745,528.5517640797698,525.6694943308721,528.5225830078125,40089900
2024-06-17,527.8410888070123,534.1216772051151,527.3834034899254,532.7291870117188,55839500
2024-06-18,532.7875604635906,534.2092316077063,532.3688625324717,534.0826416015625,41376400
2024-06-20,535.0076237066871,535.6697547200665,530.8595134643548,532.6317138671875,70328200
2024-06-21,531.810221745453,533.0313142277637,530.4621308750893,531.9176635742188,64338600
2024-06-24,531.7418545665156,534.3012597413704,530.0713785197397,530.1885986328125,45528700
2024-06-25,531.4096852385123,532.5917242597523,529.8955424418219,532.2302856445312,37936200
2024-06-26,531.1167351250136,533.6077524053179,530.4720243887124,532.8946533203125,38550600
2024-06-27,532.7578061070262,534.3110621107577,532.0153722749866,533.7346801757812,35041500
2024-06-28,534.5063503169283,537.5542520433446,530.3937489459842,531.6343383789062,76144500
2024-07-01,533.0118486999152,533.2560672380866,529.973784394742,532.7285766601562,40297800
2024-07-02,531.1263396875488,536.3135375976562,531.0775079183517,536.3135375976562,40434800
2024-07-03,536.0010708200014,539.068469909586,535.9620173191718,538.70703125,32789900
2024-07-05,539.009913325583,542.2140297978076,538.3749212261918,541.8135375976562,41488400
2024-07-08,542.5949332840256,543.3861988920726,541.3738407022457,542.4386596679688,36110500
2024-07-09,543.3959524424528,544.2946598471173,542.6730752067231,542.9661254882812,27289700
2024-07-10,544.1872742397521,548.6808713510104,543.8942239279161,548.3389892578125,38701200
2024-07-11,548.4561564855596,549.3255886798729,542.9759074999535,543.61083984375,53054200
2024-07-12,544.7342644743289,550.6345620898736,544.2653840243584,547.0396728515625,53084400
2024-07-15,549.0325043663784,551.7775178290722,546.6879829958002,548.5440673828125,40584300
2024-07-16,549.8530882979716,552.090108393895,549.1008762046278,551.7970581054688,36475300
2024-07-17,545.8771519032762,547.5476278240299,543.7377955656038,544.0601806640625,57119000
2024-07-18,545.593898977862,546.580551242634,537.7007404833427,539.879150390625,56270400
2024-07-19,539.6446767543289,541.2663208584747,535.2389658144236,536.2940063476562,65509100
2024-07-22,540.2113152231016,542.4288382548532,538.2771238069361,541.8231811523438,43346700
2024-07-23,541.7157018138391,543.8648365993427,540.484890622907,540.9733276367188,34439600
2024-07-24,536.1669925418511,536.4698210648305,527.7951760937185,528.7134399414062,74515300
2024-07-25,528.8306910081631,534.7994361794972,525.0209183627663,525.9586791992188,61158300
2024-07-26,529.7393433023149,534.535769150024,528.9675745637637,531.849365234375,53763800
2024-07-29,533.3927359573876,534.3988851266782,530.169004207153,532.161865234375,39515800
2024-07-30,533.6271909452782,534.6822315404584,526.0661958644091,529.4656982421875,46853600
2024-07-31,536.2842643515584,540.6997538692295,534.9166765387299,538.0719604492188,65663400
2024-08-01,539.7913062018092,542.0381046138815,526.9551667505608,530.452392578125,76428700
2024-08-02,523.3603002519518,524.5716145988897,516.3756265717791,520.5762329101562,82789100
2024-08-05,499.80791295578933,511.47179289103417,498.46957030548145,505.4151611328125,146267400
2024-08-06,507.2125052074326,517.4990173620844,505.89374911647377,510.0747985839844,84826300
2024-08-07,516.248598311969,519.2965001883216,506.06958745039486,506.66546630859375,70698300
2024-08-08,511.7941139882875,519.0034500456989,509.77203694963987,518.3782958984375,63276600
2024-08-09,517.5576103421191,522.1489300560904,516.3365178449808,520.6640625,45619600
2024-08-12,521.8559471668351,523.3407552909962,518.6713279832952,520.9376831054688,42542100
2024-08-13,524.122235093717,529.739260585726,523.8780165940644,529.5047607421875,52333100
2024-08-14,530.2960824274743,532.3573320967027,527.6292352085552,531.17529296875,42446900
2024-08-15,536.7922766972661,540.5629961238054,536.1866195717042,540.2797241210938,60846800
2024-08-16,538.667786928332,542.1845687274085,538.51151333941,541.490966796875,44430700
2024-08-19,541.901367537868,546.6685180664062,541.0514918139045,546.6685180664062,39121800
2024-08-20,546.2190851764095,547.8700045132335,544.4411674580102,545.7794799804688,33732300
2024-08-21,546.8248322343893,549.1106842316043,541.9013486274712,547.6551513671875,41514600
2024-08-22,549.5501570030477,550.1558140271343,542.145436440108,543.3567504882812,56121500
2024-08-23,546.5903394303513,550.0680084955276,544.4020915801096,549.1301879882812,50639400
2024-08-26,550.1558489432847,550.8689478276912,546.1213548703539,547.8211059570312,35788600
2024-08-27,546.551349531508,549.0619234396653,545.4084233851316,548.573486328125,32693900
2024-08-28,548.2315309438809,548.661357929549,542.204174863817,545.3887939453125,41066000
2024-08-29,547.3523779928099,550.6444392611328,544.2947569915759,545.4376831054688,38715200
2024-08-30,547.8017316610252,551.1524028130747,544.2556737558524,550.6444091796875,62700100
2024-09-03,547.5086116923438,547.8407751289367,536.8021094517958,539.3126831054688,60600100
2024-09-04,537.4761456891545,541.6083040829072,536.7532683896355,538.2088012695312,47224900
2024-09-05,538.1502077884983,540.9928852935313,534.4478166491117,536.8997802734375,44264300
2024-09-06,537.2220554393132,538.8436399407501,526.964879098129,527.8635864257812,68493800
2024-09-09,532.054494369654,535.0437266855093,530.1300214174476,533.7737426757812,40445800
2024-09-10,535.678706144088,536.450474898389,530.8138918516801,536.0987548828125,36394600
2024-09-11,536.0107592184578,542.5167136236998,527.4728902611638,541.5984497070312,75248600
2024-09-12,542.1748597619055,546.4633510224045,539.9573366553728,546.1605224609375,51819600
2024-09-13,546.7662020730168,550.0094311099382,546.5122052774053,549.0130004882812,39310500
2024-09-16,548.7491943236346,550.0875069413107,546.9517795427174,549.8237915039062,36656100
2024-09-17,552.031423916307,553.477237850398,547.8210997398118,550.0484008789062,49321000
2024-09-18,550.702966140304,555.5385046014119,547.8602888957543,548.4171142578125,59044900
2024-09-19,557.8049085738365,559.6316584337985,554.9426745171918,557.7755737304688,75315500
2024-09-20,556.4096197933483,557.8500005367814,553.7933228326182,556.8113403320312,77503100
2024-09-23,557.8795056148167,558.8495678561227,556.6644159380835,558.2028198242188,44116900
2024-09-24,558.9964258828836,559.8587165873663,556.1743944512203,559.7999267578125,46805700
2024-09-25,559.6431398003925,560.3780425284191,557.4579883539482,558.5652465820312,38428600
2024-09-26,562.8179934718497,563.1413674659622,558.428192996937,560.7798461914062,48336000
2024-09-27,561.8480083509867,562.6612578747527,558.9377616179394,559.9666137695312,42100900
2024-09-30,558.9376557740085,562.8179640810873,556.6447925339722,562.21044921875,63557400
2024-10-01,561.8576982708267,562.5043864049716,554.6066335561335,557.1738891601562,72668800
2024-10-02,556.282242548741,558.4281611024765,553.8913563966638,557.4090576171875,38097800
2024-10-03,555.9391917508498,558.3300776437013,554.1068390984451,556.3899536132812,40846500
2024-10-04,560.828843806913,561.8185225581165,556.6643942780399,561.4461669921875,42939100
2024-10-07,559.7998460712181,560.4465939096317,555.2238688786401,556.3703002929688,49964700
2024-10-08,558.9376805045769,562.2300906410503,558.0656412646009,561.63232421875,37398700
2024-10-09,561.6224751598685,566.0809331902332,561.0247685875196,565.5223999023438,37912200
2024-10-10,564.1799758679994,565.9535388259317,562.9257131010544,564.53271484375,44138100
2024-10-11,564.4542980317323,568.6481717987969,564.3171018304082,567.9132690429688,42268000
2024-10-14,569.520288010914,573.4888112745962,569.0401610478535,572.5579223632812,36217200
2024-10-15,572.8224884018784,573.1262458468478,566.8942243784207,568.1093139648438,54203600
2024-10-16,568.1093193754714,571.097912292803,567.3058184280349,570.5785522460938,30725400
2024-10-17,574.1159000748407,574.3216944108202,570.441385688738,570.6275634765625,34393700
2024-10-18,572.3128969974695,573.6063330690159,570.8528997080355,572.8224487304688,37416800
2024-10-21,572.0973176864316,573.0771881011084,568.912738838732,571.8817749023438,36439000
2024-10-22,569.3536780068462,572.7342428128154,568.697181591541,571.5780029296875,34183800
2024-10-23,569.5594196255329,570.0003732214365,562.8570804647936,566.355224609375,49314600
2024-10-24,568.3052337104026,568.3836400907534,564.9639018539431,567.5801391601562,34979900
2024-10-25,569.8044663478088,572.6950960929863,566.4435179318251,567.3841552734375,47268200
2024-10-28,570.8528344834444,570.9802224021391,568.834304134212,569.1380615234375,30174700
2024-10-29,568.1777490973657,571.176149715264,566.7863500672389,570.0591430664062,42899700
2024-10-30,569.5888588084969,571.5780244818477,567.6291179550885,568.3346557617188,41435800
2024-10-31,563.974290971045,564.0428890862833,556.9976174444517,557.193603515625,60182500
2024-11-01,559.8196194970722,563.9644525610958,559.1336981878939,559.5452270507812,45667500
2024-11-04,559.6823835212687,560.9758196621659,556.4586313456186,558.3399658203125,38217000
2024-11-05,559.251198693126,565.1304208425688,559.0356559214524,565.0912475585938,39478300
2024-11-06,577.3396500855225,580.0146771322202,573.6063462638446,579.142578125,68182000
2024-11-07,581.1415644099445,584.639708979933,581.063158030651,583.62060546875,47233200
2024-11-08,584.1693851078007,587.5695668763649,584.1693851078007,586.1487426757812,46444900
2024-11-11,587.7360663213191,588.0888053142032,584.9826328704219,586.7072143554688,37586800
2024-11-12,586.6287817012992,587.2264882691159,582.4055428293386,584.8846435546875,43006100
2024-11-13,585.3451927424278,587.1677373847895,582.9837313260188,585.1688232421875,47388600
2024-11-14,585.296183408181,585.7763103260314,580.7202054727688,581.4060668945312,38904100
2024-11-15,577.8491633593196,578.3195418358689,572.1071369723535,573.9591064453125,75988800
2024-11-18,574.4195885423085,577.6237838402152,573.5573576252949,576.310791015625,37001700
2024-11-19,572.9400384688264,579.142574989824,572.2737337790142,578.41748046875,49412000
2024-11-20,578.4959457161364,578.897666302881,572.8616903884546,578.613525390625,50032600
2024-11-21,581.455141177832,583.1404896221547,575.6249001169805,581.7196655273438,46750300
2024-11-22,581.7098478799927,584.1497754660484,581.2101642027249,583.5226440429688,38226400
2024-11-25,587.4518855330788,588.7648782973704,583.2188384863542,585.501953125,42441400
2024-11-26,586.7463470552605,589.2254477201681,586.0310608458545,588.5591430664062,45621300
2024-11-27,588.3729502321648,588.7550542016285,585.256969810655,586.7757568359375,34000200
2024-11-29,587.5890586237147,591.2047827973582,587.3147260107087,590.4208984375,30177400
2024-12-02,590.832500010613,592.1553610993941,590.342564749557,591.479248046875,31746000
2024-12-03,591.2439870884159,591.9984465923378,590.2151351783115,591.7534790039062,26906600
2024-12-04,593.4388120135218,595.6728850379003,592.772507434092,595.4279174804688,42787600
2024-12-05,595.4280516027892,596.2315525489399,594.0954421437544,594.4481811523438,28762200
2024-12-06,595.212464951605,596.8096584526629,594.800936138575,595.5750122070312,31241500
2024-12-09,595.4574149257465,595.6239761392873,591.9200973185369,592.5079956054688,34742700
2024-12-10,593.1841677805376,593.605504896008,590.0093971009587,590.6658935546875,37234500
2024-12-11,593.5858806768452,596.1825011825678,593.3114882757061,595.2320556640625,28677700
2024-12-12,594.3698085144841,594.9380902901107,592.1651000976562,592.1651000976562,31543800
2024-12-13,594.1934650654297,594.9087513561514,590.6757038334936,592.0475463867188,35904700
2024-12-16,593.8014854078001,595.5456834945226,593.0274092921627,594.5755615234375,43695200
2024-12-17,592.0278913761272,592.9881452170704,590.7540718346318,592.1258544921875,55773500
2024-12-18,591.822113059209,594.2031909866316,574.0962907751041,574.4784545898438,108248700
2024-12-19,579.456191269411,581.0631932062172,574.0570953688857,574.3020629882812,85919500
2024-12-20,571.9778279294948,585.7225012446567,571.132257605004,581.199951171875,125716700
2024-12-23,580.9443313472664,585.2800771480029,577.7686569320756,584.6803588867188,57635800
2024-12-24,586.0272244384283,591.2183812455869,585.4471288073329,591.1790161132812,33160100
2024-12-26,589.4093887705021,592.3392110668057,588.0133066034633,591.2184448242188,41219100
2024-12-27,587.4823184826345,587.7183292627742,580.8164691334702,584.9949340820312,64969300
2024-12-30,577.9948725430215,581.7800467977985,574.5734057798932,578.3192749023438,56578800
2024-12-31,579.9808850967214,580.6986388843645,574.5832998036092,576.2153930664062,57052700
2025-01-02,579.4696102256324,581.1803135593343,570.7292291618253,574.799560546875,50204000
2025-01-03,577.6408633877121,582.6254735449975,576.5593423217554,581.9864501953125,37888500
2025-01-06,586.2337670283534,589.6060270134918,583.608664526265,585.3390502929688,47679400
2025-01-07,587.3643786767495,587.6888410122485,576.903513754268,578.7223510742188,60393100
2025-01-08,578.7911897402016,580.6395509433228,575.350100693004,579.56787109375,47304700
2025-01-10,576.0186519228087,576.0874809051687,568.8120114375996,570.7193603515625,73105000
2025-01-13,566.0788468496604,571.9581742427216,565.6658729466735,571.604248046875,47910100
2025-01-14,574.5242667122994,575.1535088845837,568.6154150795988,572.3908081054688,48420600
2025-01-15,580.3937160773642,583.9429389739179,579.2827311805529,582.802490234375,56900200
2025-01-16,584.1690862304802,584.34604932179,580.9836305712422,581.6817016601562,43319700
2025-01-17,586.9121689712896,589.2717368825727,585.5848557638515,587.521728515625,58070600
2025-01-21,590.5595911538271,592.9093774154856,588.5932548694913,592.8995361328125,42532900
2025-01-22,595.7213992287225,597.5894432517595,595.1708273073808,596.232666015625,48196000
2025-01-23,595.6033506126263,599.4868774414062,595.3280946897063,599.4868774414062,41152100
2025-01-24,599.5459337435196,600.4996383180872,596.5865871884719,597.7368774414062,34604700
2025-01-27,584.798310310645,589.5961762199101,584.6311885086425,589.2815551757812,70361100
2025-01-28,590.5105293609671,595.1805787054238,587.1972570477369,594.3449096679688,44433300
2025-01-29,593.5583671362218,593.9614997638901,589.1341095636221,591.6805419921875,37177400
2025-01-30,593.7943006280343,596.389819126707,590.6087851839717,594.8560791015625,39281300
2025-01-31,597.2746959271392,599.6933113603776,590.9332488823969,591.6903076171875,66566900
2025-02-03,582.694241567132,590.1859779526204,580.5509422345103,587.7084350585938,65857200
2025-02-04,587.7674745011321,592.1622076462813,587.2267439810199,591.6510009765625,33457800
2025-02-05,590.5301667443101,594.1973649569587,588.5048426365228,594.0498657226562,30653100
2025-02-06,595.7901616750784,596.242440705887,592.4867305159943,596.1146240234375,35771500
2025-02-07,596.6750050236558,597.8941240756534,589.9501076619601,590.6580200195312,50788500
2025-02-10,593.8631053864565,595.3083338092902,592.5947800275039,594.6692504882812,26048700
2025-02-11,592.4080280097315,595.662312577201,592.2900526181724,595.12158203125,30056700
2025-02-12,589.1144530437037,594.3743794070193,588.4360645213627,593.2044067382812,45076100
2025-02-13,594.3055902381474,599.6737110792319,593.047165943141,599.4672241210938,40921300
2025-02-14,599.6736949390985,600.7060096863363,598.8183432907158,599.437744140625,26910400
2025-02-18,600.5978525430173,601.1975708007812,598.1399318067746,601.1975708007812,26749000
2025-02-19,599.81139736899,602.9083418402669,599.3001305958442,602.6134033203125,31011100
2025-02-20,601.2466498622931,601.3843078099816,596.8027704742943,600.106201171875,36554000
2025-02-21,599.8899309928074,600.0275889538111,589.3798596850504,589.8419799804688,76519800
2025-02-24,591.8869960824046,592.8800056614799,586.4500466079941,587.157958984375,50737200
2025-02-25,587.098968367302,587.8265033006376,579.6366946428752,584.2379150390625,58266500
2025-02-26,585.8995163780398,589.4881049123491,581.8980139327481,584.5328979492188,43321600
2025-02-27,586.8039490929929,587.9542991571739,574.809344386224,575.2025756835938,74196700
2025-02-28,575.7040488167072,584.7098443771037,572.6365684069419,584.178955078125,88744100
2025-03-03,586.1453068357338,587.2858157400013,570.1393571070072,573.9442138671875,74249200
2025-03-04,569.952455985737,575.5368441329807,562.6179996474549,567.150390625,109648200
2025-03-05,566.9833166199888,575.035467216836,563.434093538414,573.24609375,71230500
2025-03-06,565.7936477589768,570.4047092717689,560.5238803180225,563.0703125,80094900
2025-03-07,561.2908538818324,567.6716070865215,556.1095373006934,566.226318359375,81158800
2025-03-10,558.0364891964213,559.9536192631458,546.2384702857362,551.1444702148438,99326600
2025-03-11,549.9843938775969,554.5266268117218,542.728606721458,546.5629272460938,88102100
2025-03-12,552.7076387923001,553.6318192815521,544.3703918307585,549.4631958007812,69588200
2025-03-13,549.0896174558009,549.6991769603108,540.4279077137791,542.1386108398438,74079400
2025-03-14,546.7496748611676,554.3397648685512,542.2074423986709,553.3369140625,62660300
2025-03-17,553.3172833424321,560.1208513978755,552.8846868765244,557.6039428710938,49008700
2025-03-18,555.2934322950165,555.5097605205915,549.6500559715837,551.5770874023438,66041400
2025-03-19,553.3566169353411,561.3399385264869,552.1768030039566,557.584228515625,66556000
2025-03-20,553.8483063542163,560.9664364159598,553.1305525718145,555.971923828125,62958200
2025-03-21,551.5205297947124,557.0526817242638,550.2878724028328,556.1552734375,83763000
2025-03-24,562.880651498493,567.1703352751009,562.2890000340255,566.1151733398438,58766800
2025-03-25,567.3182603575567,568.4128457426297,565.7306119858723,567.47607421875,38355700
2025-03-26,567.2097618801449,568.3339598573967,559.3207546377017,560.7013549804688,51848300
2025-03-27,559.3108077400744,562.9792269072261,557.1018956425098,559.2122192382812,42164200
2025-03-28,557.6838014665011,558.4135249923543,547.3689030262066,547.95068359375,71662700
2025-03-31,542.201546342058,552.9305994826874,539.282592409213,551.62890625,95328200
2025-04-01,549.715889513425,555.1297110203275,545.9981756472096,553.18701171875,54609600
2025-04-02,547.3491017135567,559.547472787333,547.1124411566806,556.687744140625,76014500
2025-04-03,537.5470765410741,540.3673821784607,529.2537841796875,529.2537841796875,125986000
2025-04-04,516.404523136506,518.5740121118964,498.05273494035157,498.2696838378906,217965100
2025-04-07,482.40291724281104,515.9114550791749,475.115432610906,497.3821716308594,256611400
2025-04-08,514.6196468974629,517.6963548854247,482.3733480760591,489.591796875,165816600
2025-04-09,486.59399925019795,541.0084228515625,486.20939567811143,541.0084228515625,241867300
2025-04-10,524.7866027854379,526.0981670837639,502.25365007002944,517.3019409179688,162331200
2025-04-11,515.7537548286505,528.9875485351057,512.8545420601603,526.5321044921875,97866300
2025-04-14,536.5017912856171,536.7286411738348,526.453165817952,531.6401977539062,68034000
2025-04-15,532.1826012332219,535.6932073834843,529.3622953201973,530.1511840820312,56892900
2025-04-16,524.3033791384568,530.4272422697393,513.0713913810127,518.3668823242188,83484800
2025-04-17,520.3194209498447,523.8004136549424,516.6411308627585,519.1064453125,79868100
2025-04-21,513.9293002870572,514.4618467446136,501.40552056556845,506.7503356933594,69368100
2025-04-22,512.9235348557764,521.9564215250564,511.9867032226325,519.9348754882812,75948100
2025-04-23,532.9320165359907,537.8626460694973,526.4729038847668,527.9915161132812,90590700
2025-04-24,529.2733972607866,539.8348259826943,528.0210584541512,539.1051025390625,64150400
2025-04-25,539.0657941930334,543.4047124173812,536.1468396073658,543.0004272460938,61119600
2025-04-28,543.7400050325934,545.8700106135369,537.4583875113086,543.2074584960938,47613800
2025-04-29,541.294298062473,547.7435994540236,540.9393072120234,546.6292724609375,47775100
2025-04-30,539.9729233205555,548.7987614609631,534.0068741379372,546.84619140625,93101500
2025-05-01,552.5954041380958,556.2440822591161,550.1202183270924,550.7217407226562,63186100
2025-05-02,556.894803218062,560.4941864598073,554.5774316657111,558.8966674804688,60717300
2025-05-05,554.7648117792631,558.7882219920989,553.9068871278389,555.6917724609375,38659200
2025-05-06,550.1892553966732,555.5340413030556,549.2327420958744,551.0471801757812,48264700
2025-05-07,552.3784371058738,555.9975022415719,548.3254139860352,553.3645629882812,55588000
2025-05-08,557.3977713110521,562.3974366423718,553.9069074354913,557.2202758789062,65130800
2025-05-09,558.6206398834757,559.6265076685456,554.9522800363936,556.5103759765625,37603400
2025-05-12,573.402558732667,574.9113601462691,569.0340285188223,574.9014892578125,78993600
2025-05-13,575.3156554869938,580.9070323903663,574.7536167184122,578.6981201171875,67947200
2025-05-14,579.6546018902411,580.8083522191259,577.4160770724685,579.4376831054688,66283500
2025-05-15,577.4358426248243,582.770756919371,576.9822030720642,582.2678833007812,71268100
2025-05-16,583.0469103495059,586.2518193704545,581.1042713102905,585.9559936523438,76052100
2025-05-19,579.9405744991373,587.2773530559552,579.9405744991373,586.596923828125,68168500
2025-05-20,584.8613545300925,585.8079967408526,581.4197250633151,584.6246337890625,60614500
2025-05-21,580.2759146876367,584.3584902721909,573.7477661832594,574.7733154296875,95197700
2025-05-22,574.5760350084579,578.4811148637216,573.3433777523152,575.0001220703125,70860400
2025-05-23,567.988738706783,573.7378691727489,567.6140060747297,571.0753173828125,76029000
2025-05-27,577.938827709351,583.1061179228353,570.4048112020747,582.9483642578125,72588500
2025-05-28,583.3525621719901,584.5457960298348,578.8459601489828,579.57568359375,68445500
2025-05-29,584.8318350718904,584.9699071457442,577.9388245287198,581.8635864257812,69973300
2025-05-30,580.7591289651484,582.9286180198035,575.1480700909575,581.2127685546875,90601200
2025-06-02,579.6053591727813,584.5655410710423,576.9428072484826,584.4866943359375,61630500
2025-06-03,584.121791379625,588.7960181097066,583.6385391723649,587.8197631835938,63606200
2025-06-04,588.6777258495218,589.6539808386906,587.2280895107962,587.6619873046875,57314200
2025-06-05,589.3383724752952,590.6893600195378,582.8496477946317,584.8218994140625,92278700
2025-06-06,590.3540112930365,592.4939474926597,588.5789969918866,590.827392578125,66588700
2025-06-09,591.3993476813894,592.9081490758875,590.1864321834666,591.3599243164062,53016400
2025-06-10,591.8924637491524,595.0973729509094,590.7781968461302,594.7128295898438,66247000
2025-06-11,595.8074157747775,596.6653405011278,590.9556931519085,593.0166625976562,73658200
2025-06-12,591.6853731206485,595.3734741210938,591.2021810906274,595.3734741210938,64129000
2025-06-13,590.1962907494013,593.4997881009825,587.2181715759101,588.7171020507812,89506000
2025-06-16,592.0699627819344,596.0637602908375,591.892407169678,594.3182983398438,79984100
2025-06-17,591.8826171802143,593.4012293190596,588.4804709653109,589.2398071289062,82209400
2025-06-18,590.1371267775953,592.8785252065284,588.1944276516227,589.1510009765625,76605000
2025-06-20,591.8224395288368,592.8906208578056,586.3629131433069,587.7673950195312,94051400
2025-06-23,588.5190130228361,593.9587392448562,585.4035696790836,593.5730590820312,87426000
2025-06-24,597.7072083922786,601.1885919192599,596.7972471416377,600.13037109375,67735300
2025-06-25,601.247995602986,601.940336500435,598.903972841808,600.4666748046875,62114800
2025-06-26,602.3161684365299,605.5997923429508,601.7029677445283,605.1646118164062,78548400
2025-06-27,606.1636033457827,609.6351477759472,604.1360808658505,608.1713256835938,86258400
2025-06-30,610.6142811588834,612.4340832221852,608.2998981128763,611.0791015625,92502500
2025-07-01,609.6053849111585,612.0483479268365,608.7746241554748,610.8812866210938,70030100
2025-07-02,610.4757300098587,613.6901136433279,609.8526292762224,613.6505737304688,66510400
2025-07-03,615.628656191773,619.4167005776212,615.6088560521965,618.4869995117188,51065800
2025-07-07,616.5286747873084,617.1913758193931,611.0988485499288,613.8780517578125,74814500
2025-07-08,614.5406899285775,615.2923708557059,612.7307881009865,613.5418090820312,59024600
2025-07-09,615.945166968477,617.8737488887257,614.1055045789822,617.2210083007812,66113300
2025-07-10,617.3594891460615,620.0002120765442,616.1825277796053,618.9617309570312,57529000
2025-07-11,615.9154056597896,618.0121678287132,614.7187046395575,616.7857666015625,63670200
2025-07-14,616.3307657158283,618.3088477245484,614.985684437804,617.9627075195312,51898500
2025-07-15,620.6430672331502,620.9793073894895,615.2428812967698,615.322021484375,74317300
2025-07-16,616.9044910111767,617.8836320494379,611.276844692317,617.3792114257812,88987500
2025-07-17,617.557284919235,621.5134493059918,617.3396644874989,621.1573486328125,68885700
2025-07-18,622.4035753929759,622.5716954836944,619.5947323692288,620.7024536132812,65621600
2025-07-21,621.87939453125,624.6189973413707,621.4541141003111,621.87939453125,63375000
2025-07-22,622.2058050575365,622.828905853138,619.3277216791315,621.9684448242188,60046300
2025-07-23,624.6289433239532,627.2598266601562,622.8288811376781,627.2598266601562,70511000
2025-07-24,627.6454884244192,629.1785504969665,627.0421878119985,627.4674682617188,71307100
2025-07-25,628.1301809903662,630.5928838363332,627.8829206987424,630.1181030273438,56865400
2025-07-28,630.4938993278172,631.0477599275997,628.5751571845921,629.9598388671875,54917100
2025-07-29,631.3543820995848,631.6708825055948,627.3883778702398,628.2982788085938,60556300
2025-07-30,628.9509803708415,630.6917023127537,624.6189756546709,627.5070190429688,80418900
2025-07-31,632.4522656090571,632.8379457731452,623.8574957354674,625.1531372070312,103385200
2025-08-01,619.4364414435403,619.476041722763,612.5032535330552,614.9066162109375,140103600
2025-08-04,618.813325728958,624.3024917393647,618.7243458354196,624.2530517578125,73218000
2025-08-05,624.866279158634,625.6773001361546,620.1683337507773,621.088134765625,68051400
2025-08-06,622.1562946160922,626.4981995520814,621.2463937026511,625.845458984375,64357500
2025-08-07,629.2674923107387,629.9993730574174,622.2156245224251,625.3212280273438,74205800
2025-08-08,627.1114011688534,630.6620853000642,626.7949007710238,630.1972045898438,64051600
2025-08-11,630.4742118551501,631.947873553624,627.70484826023,628.9510498046875,58742300
2025-08-12,631.2951060550639,635.8051316570012,629.8115442075018,635.6469116210938,64730800
2025-08-13,637.8425547169825,639.1085564704525,635.6370120856271,637.8228149414062,60092800
2025-08-14,635.7457174616427,638.5447207235369,635.300697252298,637.882080078125,59327500
2025-08-15,638.9106535836406,639.0095939138803,635.4787099260534,636.3886108398438,68592500
2025-08-18,635.814941575414,636.942462907598,635.1424008771667,636.2501220703125,43804900
2025-08-19,636.0721245937336,637.0512656505922,631.4829592777961,632.7984008789062,69750700
2025-08-20,632.3929060531275,632.6500060324975,626.013578858981,631.1170043945312,88890300
2025-08-21,629.3071240874224,630.9785456585483,626.864161086776,628.5850830078125,54805800
2025-08-22,630.7709103705197,639.4151205943501,630.2664897119097,638.2381591796875,84083200
2025-08-25,636.9820009718095,638.2183023325629,635.3105191174199,635.42919921875,51274300
2025-08-26,635.1622594491828,638.4359833484747,634.5391586749303,638.0897827148438,51581600
2025-08-27,637.5062787617181,640.2755819843173,637.3578984386413,639.543701171875,48341100
2025-08-28,640.146950913372,642.3623933153343,638.267809046051,641.8085327148438,61519500
2025-08-29,640.374419619015,640.7404203673219,636.0919150690585,637.98095703125,74522200
2025-09-02,630.5136938017484,633.4709169972102,627.9619508913343,633.2533569335938,81983500
2025-09-03,635.6270824559713,637.1502445176759,633.4413400681225,636.6853637695312,70820900
2025-09-04,637.3577818657208,642.0359868267901,636.4577811203425,642.0062866210938,65219200
2025-09-05,644.3404359625918,645.062476969223,636.2797877246134,640.1469116210938,85178900
2025-09-08,641.5118230975241,642.718484610511,640.1370415028089,641.7195434570312,63133100
2025-09-09,641.8580441132016,643.7273464852004,640.1272219983028,643.2031860351562,66133900
2025-09-10,646.4570213518696,647.3768223058731,643.4997982019892,645.0625,78034500
2025-09-11,647.0109525903231,651.1154976382888,646.4274520986086,650.4231567382812,69934400
2025-09-12,650.3934256012134,651.8868873722256,649.7011451004063,650.2055053710938,72780100
2025-09-15,652.4111340519337,653.795755474802,652.1144337731963,653.6671752929688,63772400
2025-09-16,654.2209512044083,654.5276118800496,651.9857691498868,652.76708984375,61169000
2025-09-17,652.7770978636573,654.4683196962441,647.1296508296768,651.9561767578125,101952200
2025-09-18,654.6364399867887,657.603563340362,653.0341982051615,655.0023803710938,90459200
2025-09-19,656.8877828567474,659.0895125014193,654.9438659954435,658.2465209960938,97945600
2025-09-22,656.7588293222589,661.8069717744121,656.7290467709187,661.3607177734375,69452200
2025-09-23,661.2417286303936,661.8566899635472,656.540685502851,657.7606201171875,81708900
2025-09-24,659.0498612769777,659.1490153831234,654.2496039734066,655.6678466796875,68082200
2025-09-25,652.5338627083877,653.9917550046746,649.0328388399253,652.6429443359375,89622100
2025-09-26,654.0909412604747,656.9274266555326,652.4743298182361,656.3819580078125,69179200
2025-09-29,658.9010899003678,659.8135740530697,656.4216318338509,658.2266845703125,73499000
2025-09-30,657.4828203674869,661.1722852976668,656.173659297658,660.7061157226562,86288000
2025-10-01,657.7208749627936,663.8699431635192,657.611793334362,662.95751953125,72545400
2025-10-02,664.9410037342527,665.0600128657511,661.3011766397112,663.7210693359375,56896000
2025-10-03,664.4848631838105,667.1527626006609,662.6698828508305,663.7113037109375,70494400
2025-10-06,666.1014192164715,666.9841207809839,663.9591941673339,666.0914916992188,54623300
2025-10-07,667.0138297258598,667.4601442579947,662.1838505424819,663.6219482421875,72020100
2025-10-08,664.7426772273783,667.6783772359653,663.919480237528,667.5791625976562,60702200
2025-10-09,667.9957845708525,668.4023890582872,663.7112737749407,665.6452026367188,66501900
2025-10-10,666.6071968358344,668.4122493878771,647.4757221413303,647.6542358398438,159422600
2025-10-13,655.2216030747315,659.664772492732,654.3488290056752,657.5919189453125,79560500
2025-10-14,651.7701536094826,660.3590300864076,647.8030207789583,656.78857421875,88779600
2025-10-15,661.3408732132422,664.7228272522149,653.5156893256119,659.7044067382812,81702600
2025-10-16,661.340821247798,663.2153058553965,651.7105854492366,655.2116088867188,110563300
2025-10-17,654.0810128478913,660.2895852935891,652.7322022395391,658.9308471679688,96500900
2025-10-20,661.8367798071084,666.6866142382812,661.7872027532737,665.7840576171875,60493400
2025-10-21,665.9229005771253,667.4601523988813,664.4748753427003,665.7741088867188,56249000
2025-10-22,666.4783066993808,666.4783066993808,657.8497808005621,662.3128051757812,80564000
2025-10-23,662.6301900162397,667.1825015615415,662.3128121266341,666.2402954101562,65604500
2025-10-24,670.9016937183009,672.8951271271609,670.0983517375236,671.6851806640625,74356500
2025-10-27,677.1201724129126,679.9070809796764,676.515199146416,679.6095581054688,63339800
2025-10-28,681.4046232640447,683.2493254549719,679.2028936555786,681.41455078125,61738100
2025-10-29,683.0609104229828,684.0328991417463,677.2590027977353,681.7418823242188,85657100
2025-10-30,678.2805836148408,680.3037996369978,674.2440185546875,674.2440185546875,76335800
2025-10-31,679.4111219213156,679.4508319897004,673.6587916341136,676.4556274414062,87164100
2025-11-03,680.0359087204932,680.1648453676048,674.3530108656404,677.72509765625,57315000
2025-11-04,670.5544968959969,674.3728983771498,669.0371001406891,669.691650390625,78427000
2025-11-05,669.4337786331213,675.2654684624238,668.6304366940664,672.012451171875,74402400
2025-11-06,670.9115428502156,671.8140994484131,663.2252231578799,664.8021850585938,85035300
2025-11-07,662.4218719882706,665.5658682287408,655.7769731606511,665.4567260742188,100592400
2025-11-10,671.6751969912248,676.5746080726943,669.4833950163819,675.8406982421875,75842900
2025-11-11,674.3630127379913,677.9532631527235,673.1530057317516,677.387939453125,58953400
2025-11-12,679.1632192686196,679.3318660026857,675.3548055474994,677.7648315429688,62312500
2025-11-13,674.9085136071693,675.265541055433,665.0105359672095,666.5180053710938,103457800
2025-11-14,659.9126462553079,670.1081450818862,657.8199984349773,666.4088134765625,96846700
2025-11-17,664.1972328051172,668.1742931923078,656.7290761218832,660.2003173828125,90456100
2025-11-18,656.6596108350068,659.6548153709225,650.4708935566339,654.65625,114467500
2025-11-19,655.3505280387882,661.856623370592,653.3371790986623,657.185302734375,94703000
2025-11-20,667.3808213360044,670.0090710879778,646.5335791707308,647.1683349609375,165293500
2025-11-21,649.6675301260088,659.0894699034471,645.5020288545189,653.6148681640625,123956200
2025-11-24,657.2448196444445,664.5542570793402,656.1538823239337,663.2351684570312,80437900
2025-11-25,663.1360620641211,670.6537963067218,659.0201372218106,669.4735717773438,81077100
2025-11-26,672.0620713400136,676.0986363282427,671.1595147067713,674.09521484375,71879600
2025-11-28,675.2654787466182,678.0523870500939,674.9084513312986,677.7747192382812,49212000
2025-12-01,673.2323336611282,677.3779800628074,673.1629015749381,674.6803588867188,61201200
2025-12-02,676.316742094939,678.2011542749951,673.748057660358,675.9299926757812,62953800
2025-12-03,674.9779023816353,679.2822075879724,674.105128319461,678.2706298828125,57238500
2025-12-04,679.6689755171525,679.7384076011712,675.7415530139849,678.7664794921875,61970300
2025-12-05,679.8375623637357,682.7336127271673,678.9549213715281,680.0557861328125,79241000
2025-12-08,680.9483951231146,680.997972172105,675.9696245182643,678.0126953125,55231500
2025-12-09,677.5367544682442,679.7583392727543,676.9813582671167,677.4276123046875,58310100
2025-12-10,676.9515664343469,683.3088703732143,675.711837383319,681.92041015625,85671300
2025-12-11,679.51034738166,683.5865617528303,676.5647198382891,683.5072021484375,86173700
2025-12-12,682.5154459360199,683.2196338188487,673.5893968987631,676.1581420898438,113160300
2025-12-15,680.1054404790556,680.1252955149479,673.6687768311533,675.1365966796875,90811000
2025-12-16,673.6488975485244,675.4837328267965,669.4338188610296,673.2918701171875,122030600
2025-12-17,674.3034691132465,674.8489377460819,665.6848710067972,665.8832397460938,110625200
2025-12-18,672.0322799303326,675.1464937426624,669.3545136860721,670.9115600585938,108650100
2025-12-19,673.0134542661981,677.4896664833268,672.8940327515619,676.9923095703125,103599500
2025-12-22,680.3245900087294,681.7370666700199,676.9923229108747,681.2098999023438,69556700
2025-12-23,680.3046207584179,684.562024812114,680.2548972126992,684.3233032226562,64840000
2025-12-24,684.313382495532,687.1781631452748,684.164151137988,686.7305297851562,39445600
2025-12-26,686.989161229118,688.0037280321676,685.6264081645946,686.660888671875,41613300
2025-12-29,683.9055083361335,685.5567672531378,682.4433081832867,684.2138671875,62559500
2025-12-30,683.8160334465714,684.9201512250444,682.9506372729019,683.3783569335938,47160700
2025-12-31,683.5076844111845,683.726492314561,678.1063955310838,678.3152465820312,74144800
2026-01-02,682.0852055985325,683.2390468658663,676.2263268834449,679.55859375,89377200
2026-01-05,682.910778712987,685.7855161168121,682.7516512212146,684.0845336914062,71927200
2026-01-06,684.2934596862484,688.6602678554459,684.1442890432024,688.1529541015625,69273800
2026-01-07,688.5309418430683,690.2916046822218,685.6761181181482,685.9347534179688,75588300
2026-01-08,685.1787573638412,686.9692300361542,683.8557710289468,685.8651123046875,64019200
2026-01-09,686.9791831428475,691.6344363504869,685.5368360184962,690.4010009765625,80125500
2026-01-12,687.0289310253164,692.410366767912,686.979207477028,691.4852294921875,63976000
2026-01-13,691.813478661017,692.4103433578374,687.6953490317495,690.1026000976562,78309700
2026-01-14,687.3472637531122,688.0634285762314,682.4134612479594,686.7106323242188,94676700
2026-01-15,690.8983886882239,691.7737417111902,687.5959315038539,688.5806884765625,77862000
2026-01-16,689.9931507530615,690.5800586110835,686.4519720383781,688.0037231445312,79289200
2026-01-20,677.8874730475171,681.1501633341576,672.9934983300664,673.9981689453125,111623300
2026-01-21,676.0572511802958,685.0991655259935,674.5452667925615,681.77685546875,127844500
2026-01-22,686.2033478813381,687.476610793547,683.2888434897402,685.3379516601562,77112200
2026-01-23,684.5123006998919,687.3074439470811,683.5274830754288,685.5865478515625,63059600
2026-01-26,686.8399050563427,690.4606777697717,686.272910918868,689.0680541992188,60473800
2026-01-27,690.5104039402848,692.8480177488461,689.9036431059924,691.8134765625,55506100
2026-01-28,693.3652237572153,694.1510864943795,690.271678492269,691.7438354492188,61172200
2026-01-29,692.7087686795362,693.375209936545,681.2098793986574,690.3711547851562,97486200
2026-01-30,688.1330315570439,690.5402826440542,683.487735152998,688.3120727539062,101835100
2026-02-02,685.9348095869553,693.2459322689688,685.7756213682558,691.7339477539062,79286500
2026-02-03,692.529690413304,693.2757257351432,680.4140840721383,685.885009765625,107904600
2026-02-04,686.7006659106327,687.7948875474046,678.1561081391175,682.5626831054688,105204600
2026-02-05,677.3404209861714,680.0758839506523,672.2176206040476,674.0379638671875,113610800
2026-02-06,677.8576866055596,688.6503070282812,677.2508650473027,686.96923828125,89127600
2026-02-09,685.7755944360715,692.1915108078678,684.7013472083629,690.2816772460938,73885200
2026-02-10,691.276360737094,692.8579216647231,688.0037135108784,688.4613037109375,65185700
2026-02-11,692.7087599208829,693.4547952732178,685.5368515439336,688.3021850585938,76353900
2026-02-12,690.5701102294341,691.6742279947084,676.7734344520502,677.668701171875,118829000
2026-02-13,678.0864377658819,682.6522007204912,673.9384983110481,678.1461181640625,96267500
2026-02-17,676.5446598627462,681.31927396984,672.2077222570326,679.2402954101562,81354700
2026-02-18,680.4041503420104,685.507036973797,679.2204384959671,682.662109375,73570300
2026-02-19,680.225062656192,682.5526587813481,677.9471293624403,680.8616333007812,58649400
2026-02-20,678.7131823752115,686.4122580979458,678.126274472082,685.7855834960938,100034000
2026-02-23,684.1940214696967,686.3525334522094,676.7734345413753,678.7827758789062,90558100
2026-02-24,678.295350173768,684.7112054782021,676.4053697086953,683.7164916992188,73798700
2026-02-25,686.53156929616,690.0130676270821,686.4519751919497,689.4859008789062,56369500
2026-02-26,689.615191050754,689.6350440416309,680.7323436648176,685.6561889648438,71671000
2026-02-27,679.4790749097389,683.2291046432514,678.0367277603054,682.3637084960938,83308900
2026-03-02,675.1123137702438,684.9798583327654,674.4359156260907,682.751708984375,87477200
2026-03-03,671.4915420947397,679.0016196644848,666.1200629162043,676.7337036132812,105003100
2026-03-04,678.026741603972,683.4579005621853,676.0273572426378,681.5082397460938,79182200
2026-03-05,678.474445192334,681.9062201445739,672.0386149612469,677.70849609375,106606500
2026-03-06,669.8502072585248,672.5359467168151,666.2195382406165,668.82568359375,100687000
2026-03-09,662.8673651303956,676.3258117079225,658.888509802078,674.6845703125,102667700
2026-03-10,674.1374043547928,679.7476047325034,671.1930903760745,673.6002807617188,81505300
2026-03-11,673.9982140650914,676.4849986405864,669.7806371390539,672.7548217773438,68441700
2026-03-12,667.6120785283837,668.0995392824933,662.3500644519811,662.5390625,108882200
2026-03-13,665.7321452917186,668.7859240392634,657.863924887251,658.7890014648438,97200200
2026-03-16,664.8468199428278,668.5173163233716,663.5934708305671,665.493408203125,82023100
2026-03-17,668.8355969918504,670.8747480492216,666.1598145596139,667.2440185546875,87128000
2026-03-18,664.8268919718373,666.1796881508768,657.6948111200146,657.9335327148438,82062600
2026-03-19,653.4971375917409,659.4753776238247,651.7066647804095,656.3121948242188,111272500
2026-03-20,654.8230422006715,655.0025723674255,643.063298812559,646.9034423828125,163617500
2026-03-23,656.3790129905765,660.9173090129275,652.2596206790361,653.6959228515625,134802700
2026-03-24,649.6463809650626,655.3417305137531,648.2100787416998,651.5015869140625,96457500
2026-03-25,656.9774239230809,659.1917509309695,652.5588148295345,655.1322021484375,90653800
2026-03-26,650.3844333840033,653.1672421520028,643.1630473705688,643.432373046875,96494400
2026-03-27,640.8489947137006,641.0085567819559,631.4831091918358,632.4606323242188,103649400
2026-03-30,638.4651675144013,638.7245091624994,627.6630399662237,630.3460693359375,99275900
2026-03-31,637.2981538716512,649.865752001465,636.3405988140365,648.6688842773438,152534100
2026-04-01,652.219751792706,656.8278752918841,651.3220400966815,653.5562744140625,97841500
2026-04-02,644.7589215344626,656.5086804928782,643.4522901873171,654.144775390625,68358700
2026-04-06,654.1746977251443,658.0247645183308,653.8356054757206,657.23681640625,39105800
2026-04-07,654.9626585699763,657.9150134208243,649.386996170508,657.5260009765625,69980400
2026-04-08,674.6519776493207,675.3402070755335,669.734652974974,674.27294921875,93606100
2026-04-09,673.1059235004034,679.4096297331154,672.0386657215836,678.162841796875,57134400
2026-04-10,679.5692561407437,680.2774536083281,676.7066358948267,677.7140502929688,42253500
2026-04-13,675.669302461078,684.536473353906,674.8414790590384,684.3369750976562,54185800
2026-04-14,685.9229138241225,692.7952238870419,685.8929616905456,692.675537109375,63480500
2026-04-15,693.4734516118131,698.480571570673,692.4161778504387,698.1414184570312,58240400
2026-04-16,699.2585607342904,700.9741726960574,696.7350934539525,699.8569946289062,49972400
2026-04-17,704.3255249385737,710.5594650064761,703.9464965121796,708.3152465820312,70661900
2026-04-20,706.9587079747221,708.0857482546458,704.3254772575062,706.8988037109375,43546800
2026-04-21,708.4548936431559,709.4523240430285,700.8345107773317,702.2708129882812,58941400
2026-04-22,707.3278031045794,709.6218808832724,706.4001392457644,709.3825073242188,42518500
2026-04-23,707.6768673789517,710.5295037064266,700.4754491270062,706.6295776367188,56174000
2026-04-24,708.9236633096505,712.6340752101273,707.1881441382454,712.10546875,45182000
2026-04-27,711.3374146094498,713.7911152864904,710.4696550399041,713.332275390625,33135900
2026-04-28,709.9908768700561,711.0481506026886,707.4274735730012,709.8612060546875,43117400
2026-04-29,709.1729992133655,710.3699278433978,706.5497524472755,709.7515258789062,41859200
2026-04-30,712.7936806635566,717.9403946619685,708.6244289610544,716.8132934570312,67240900
2026-05-01,719.3966516418469,723.0073446973263,718.6186267345964,718.7982177734375,43049800
2026-05-04,718.2196821209096,720.2644021704073,713.152718877996,716.1649780273438,51950600
2026-05-05,719.9153564929043,723.1769124909786,719.6360467603954,721.9102172851562,36933200
2026-05-06,726.288861980811,732.7023927493656,725.9497697512824,731.9443359375,53288900
2026-05-07,733.161188473549,734.238430329629,727.8748196364371,729.7001342773438,51724600
2026-05-08,733.0415191543954,736.1834492768152,732.6824588199246,735.724609375,47227100
2026-05-11,734.5576163199453,738.8864300819614,734.5576163199453,737.4002685546875,44024000
2026-05-12,734.9964788307154,736.9414802248905,729.9494836014034,736.2831420898438,54185300
2026-05-13,736.5723674930287,741.9983910774667,733.5800764180441,740.4025268554688,44200200
2026-05-14,741.7391534739264,747.6040491923611,741.649357949993,746.2474975585938,45307600
2026-05-15,739.8838927249178,741.5496453663399,736.0637780312098,737.2706298828125,60410800
2026-05-18,737.9289136337939,739.5147938000424,731.5054597381557,736.751953125,47843900
2026-05-19,732.8919551385734,735.7545755811656,729.650306265128,731.8446044921875,54255900
2026-05-20,733.8195334397973,739.9636778498481,732.0042028263388,739.3452758789062,45768000
2026-05-21,736.7419902854853,742.9559620700644,735.1361419849363,740.8114624023438,43332200
2026-05-22,744.3224328967863,747.015507083493,742.566945697205,743.7239990234375,41762000
2026-05-26,748.0827892360243,750.1973368284331,746.4469887578754,748.6613159179688,41123600
2026-05-27,748.9505199197505,749.4492351039673,746.2973210478585,748.5316162109375,42106300
2026-05-28,748.3221518516883,753.2095851254732,747.3047533704411,752.6609497070312,41562600
2026-05-29,753.9576670103595,756.1320579864754,752.7507543048832,754.5361328125,55075700
2026-06-01,753.4189990020213,758.3264003155792,752.7507376917755,756.5908203125,43634900
2026-06-02,755.0847737682097,758.4461093852723,754.805464031348,757.6182250976562,31581900
2026-06-03,756.2018667594974,756.8501599793441,751.6336185743088,752.3018798828125,51402500
2026-06-04,750.1673635570705,756.3614281257201,749.5389775481502,755.1445922851562,49923000
2026-06-05,750.3768677170906,750.8855669656407,733.6400171295905,735.65478515625,93989400
2026-06-08,741.4498108327123,743.4247643242134,736.2931129658897,737.3204345703125,49319100
2026-06-09,741.7191759970133,744.9807928982774,720.7332622187009,735.1560668945312,87683500
2026-06-10,731.5054857614351,736.4826536495077,723.4661992814284,723.56591796875,60341300
2026-06-11,726.8873842592473,738.0984921563339,722.5485255148498,735.8642578125,86330500
2026-06-12,738.8066884479139,742.5270843334097,733.1412911200548,739.843994140625,57079500
2026-06-15,749.9179969688896,754.7356026867302,749.8282623277308,752.890380859375,60176400
2026-06-16,752.6111046530555,753.4988323298886,747.9531216783239,748.4019775390625,67093100
2026-06-17,749.3594421826946,750.217278570044,737.3204502885575,739.0560302734375,85945200
2026-06-18,747.760009765625,748.22998046875,743.8599853515625,746.739990234375,80875700
2026-06-22,747.7000122070312,750.1799926757812,743.1300048828125,744.3900146484375,46628100
2026-06-23,733.8099975585938,739.6300048828125,732.2999877929688,733.5800170898438,66846800
2026-06-24,735.1699829101562,739.9500122070312,730.8400268554688,733.239990234375,57439500
2026-06-25,738.9099731445312,739.3699951171875,729.5999755859375,734.2999877929688,53934400
2026-06-26,728.9500122070312,736.530029296875,716.5800170898438,728.989990234375,71034000
2026-06-29,736.530029296875,741.5599975585938,732.0900268554688,741.0,58035200
2026-06-30,741.2899780273438,748.02001953125,740.8900146484375,746.77001953125,55626000
2026-07-01,745.0,749.4400024414062,742.3800048828125,745.760009765625,47100900
2026-07-02,747.4000244140625,751.3099975585938,740.030029296875,744.780029296875,57447800
2026-07-06,748.739990234375,752.4099731445312,747.4099731445312,751.280029296875,50673300
2026-07-07,750.219970703125,750.9600219726562,745.2100219726562,747.7100219726562,43721500
2026-07-08,743.1599731445312,746.1500244140625,739.510009765625,745.4000244140625,43767400
2026-07-09,747.3499755859375,751.969970703125,745.5900268554688,751.7100219726562,41441700
2026-07-10,752.0499877929688,755.4199829101562,748.0999755859375,754.9500122070312,42191300
2026-07-13,752.469970703125,753.9099731445312,748.0,749.1699829101562,44013600
2026-07-14,750.9099731445312,753.3400268554688,748.6599731445312,751.8300170898438,35143100
2026-07-15,754.239990234375,755.5800170898438,750.2000122070312,754.8099975585938,43844800
2026-07-16,752.760009765625,754.5700073242188,747.8800048828125,750.719970703125,46409800
2026-07-17,742.0800170898438,747.2899780273438,740.7999877929688,743.2899780273438,62651000
2026-07-20,747.0599975585938,748.72998046875,741.510009765625,742.0900268554688,50422300
2026-07-21,746.2899780273438,749.0399780273438,744.1799926757812,748.280029296875,34324300
2026-07-22,746.6199951171875,750.02001953125,746.3699951171875,747.4099731445312,32836200
2026-07-23,739.3699951171875,742.5599975585938,735.2100219726562,738.1799926757812,55437300
2026-07-24,738.510009765625,743.719970703125,737.2899780273438,738.9299926757812,44782000
2026-07-27,744.9099731445312,745.530029296875,735.8699951171875,739.0900268554688,41461200
2026-07-28,739.1900024414062,742.7899780273438,735.97998046875,740.8599853515625,47322200
2026-07-29,739.969970703125,742.6799926757812,729.0999755859375,729.4600219726562,70697200
2026-07-30,736.0499877929688,742.4500122070312,734.5900268554688,741.6900024414062,66811300
2026-07-31,744.6799926757812,748.9000244140625,737.6799926757812,747.030029296875,62445900
2026-08-03,749.4400024414062,758.5800170898438,748.7999877929688,757.6699829101562,59927500
2026-08-04,760.6300048828125,773.4099731445312,760.52001953125,771.3300170898438,69154800
2026-08-05,775.8499755859375,776.8499755859375,769.510009765625,769.7899780273438,44689100
2026-08-06,770.2100219726562,771.8200073242188,767.4600219726562,768.5599975585938,38416900
2026-08-07,771.02001953125,773.9199829101562,769.6099853515625,773.260009765625,43586300
2026-08-10,772.5999755859375,775.0499877929688,771.6199951171875,773.030029296875,39249500
2026-08-11,774.530029296875,774.6099853515625,769.2000122070312,770.5599975585938,36740600
2026-08-12,774.7100219726562,774.9000244140625,771.280029296875,772.489990234375,33179100
2026-08-13,774.8699951171875,779.3699951171875,774.1099853515625,777.8800048828125,35634500
2026-08-14,778.5399780273438,778.7999877929688,775.4299926757812,776.3400268554688,31367900
2026-08-17,776.1799926757812,776.780029296875,772.510009765625,772.6699829101562,34356600
2026-08-18,768.7000122070312,769.5,766.9199829101562,767.4500122070312,43920900
2026-08-19,770.3599853515625,772.469970703125,768.0999755859375,769.0599975585938,40306000
2026-08-20,765.9600219726562,768.1500244140625,762.0399780273438,762.5999755859375,45520300
2026-08-21,766.0499877929688,767.8499755859375,764.1699829101562,765.719970703125,39188700
2026-08-24,764.780029296875,765.219970703125,762.0800170898438,763.469970703125,32430900
2026-08-25,766.1599731445312,766.780029296875,763.0499877929688,765.9099731445312,27422300
2026-08-26,764.72998046875,767.3499755859375,763.9299926757812,766.0800170898438,28751600
2026-08-27,768.5,772.3599853515625,767.1599731445312,771.0999755859375,34557100
2026-08-28,771.760009765625,775.2999877929688,768.3099975585938,769.3499755859375,36744300
2026-08-31,767.3300170898438,768.0,764.719970703125,767.0499877929688,38810800
2026-09-01,762.010009765625,764.6699829101562,759.47998046875,761.780029296875,41126300
2026-09-02,762.4500122070312,766.4299926757812,761.72998046875,765.1599731445312,29566200
2026-09-03,767.9000244140625,774.030029296875,767.4500122070312,773.1699829101562,43531600
2026-09-04,772.010009765625,772.8699951171875,769.0,770.1900024414062,34054200
2026-09-08,769.0700073242188,769.7000122070312,765.1400146484375,765.9600219726562,44746100
2026-09-09,764.0800170898438,764.469970703125,760.9400024414062,762.4000244140625,32812400
2026-09-10,758.030029296875,760.1099853515625,756.6400146484375,757.8300170898438,42740400
2026-09-11,764.719970703125,766.3800048828125,763.5999755859375,764.2899780273438,45512700
2026-09-14,759.0,763.52001953125,757.9299926757812,760.8800048828125,43992400
2026-09-15,760.1199951171875,760.3499755859375,756.1500244140625,757.3900146484375,46195000
2026-09-16,759.5,761.6699829101562,749.5999755859375,754.0499877929688,58959700
