Date,Open,High,Low,Close,Volume
2010-01-04,9.315283170559479,9.375668076628365,9.299181092013491,9.367616653442383,16898800
2010-01-05,9.37969377925984,9.37969377925984,9.29918184436413,9.35554027557373,39976400
2010-01-06,9.355533979598828,9.359559688808346,9.242816425208895,9.25086784362793,20048200
2010-01-07,9.258921708877763,9.258921708877763,9.182434749334961,9.214639663696289,14584800
2010-01-08,9.202562219631146,9.283074112163472,9.170357309053088,9.275023460388184,23772400
2010-01-11,9.3152834065316,9.31930911822657,9.194515126986511,9.238797187805176,30477800
2010-01-12,9.186460061708651,9.19853719200569,9.101922453106447,9.138153076171875,19485600
2010-01-13,9.178405444008602,9.238790306631696,9.097893573553517,9.226713180541992,20107400
2010-01-14,9.21866293777731,9.283072749478551,9.206586577974278,9.25086784362793,15013200
2010-01-15,9.266970840737702,9.275022259295987,9.093869180862262,9.122048377990723,27066600
2010-01-19,9.142178789741001,9.27904987335205,9.142178789741001,9.27904987335205,14965600
2010-01-20,9.206592003015949,9.206592003015949,9.04556661105211,9.130105018615723,29398000
2010-01-21,9.158280300429503,9.202562340992928,9.005307165122755,9.033486366271973,25606800
2010-01-22,9.017383770708722,9.017383770708722,8.70741101403365,8.719488143920898,67402400
2010-01-25,8.799997828331888,8.84830479587552,8.743638675763773,8.791946411132812,66680200
2010-01-26,8.775844305437662,8.87648472530656,8.727537333882855,8.767793655395508,32250600
2010-01-27,8.771821922621678,8.860385241518536,8.707411328720873,8.840256690979004,35370000
2010-01-28,8.795973586782821,8.808049946770204,8.5504106960323,8.586641311645508,46278600
2010-01-29,8.667155409387473,8.679231771392384,8.397438985776626,8.437694549560547,53794800
2010-02-01,8.4779511675936,8.554438123453316,8.473925457514069,8.534310340881348,38415000
2010-02-02,8.562488494752095,8.643000383003368,8.514180747540857,8.618846893310547,27391200
2010-02-03,8.58664055581893,8.659101780667054,8.578589137985702,8.638973236083984,29566400
2010-02-04,8.586640813446909,8.602743649596505,8.389385677567292,8.39743709564209,32978200
2010-02-05,8.40951526646281,8.498079348712624,8.337054023831381,8.481976509094238,46507400
2010-02-08,8.494057053285381,8.542364055907886,8.43367291609427,8.445749282836914,45887600
2010-02-09,8.538338200521023,8.598723104520662,8.461851986353127,8.518210411071777,31774800
2010-02-10,8.538335114988637,8.550412244989394,8.4417203784596,8.494053840637207,20846800
2010-02-11,8.494048773957928,8.614816930624897,8.433664695624444,8.582612037658691,30349600
2010-02-12,8.52223264607011,8.614821668288515,8.469899954154467,8.598719596862793,30286000
2010-02-16,8.651054949208483,8.72754192352295,8.626901450729237,8.72754192352295,20466600
2010-02-17,8.767799432955139,8.767799432955139,8.707414526982667,8.751696586608887,17806600
2010-02-18,8.747664156521534,8.824151082269749,8.727536381873502,8.808048248291016,11527600
2010-02-19,8.759743909514723,8.828179438800994,8.747666780408105,8.783897399902344,13535600
2010-02-22,8.828177753751753,8.832203462685564,8.751690819660258,8.767793655395508,14074600
2010-02-23,8.759743831739435,8.763769541405898,8.622872774382131,8.659103393554688,20971400
2010-02-24,8.699360578295952,8.771821823770297,8.691309158170872,8.74364185333252,15078000
2010-02-25,8.630924828224734,8.735590983770564,8.574565656576569,8.719488143920898,23315000
2010-02-26,8.719487392942462,8.75571801165813,8.679231064611098,8.73156452178955,19404000
2010-03-01,8.775846616026325,8.852333570256034,8.759744543877037,8.844282150268555,12843600
2010-03-02,8.884535588598952,8.900638423329058,8.80402371842469,8.832202911376953,14023800
2010-03-03,8.856359969072278,8.880513463087633,8.812077923522683,8.83623218536377,16663600
2010-03-04,8.848307061188613,8.880511970404495,8.78389724275685,8.872461318969727,7247600
2010-03-05,8.936873161523346,8.993231573459415,8.904668245013339,8.981154441833496,14095800
2010-03-08,8.997255995085979,9.045562979017811,8.985178865190187,9.029460906982422,11718800
2010-03-09,9.01738299636052,9.126074852535089,9.00128092571925,9.069716453552246,24003800
2010-03-10,9.073746592123962,9.146207097116521,9.065695168960575,9.130105018615723,33817000
2010-03-11,9.10594623448052,9.166330337524414,9.0898433974952,9.166330337524414,10907400
2010-03-12,9.190488154959933,9.242820864165928,9.134129734611033,9.158283233642578,14918400
2010-03-15,9.126074058917615,9.162304674491802,9.081792024810158,9.150227546691895,17564000
2010-03-16,9.150226746069096,9.222687970877287,9.142175328240306,9.21866226196289,13229600
2010-03-17,9.230738410863374,9.299173919507568,9.21060986842368,9.246840476989746,19621000
2010-03-18,9.242816878253981,9.279047495089996,9.230740517859015,9.258919715881348,9003200
2010-03-19,9.203594207763672,9.300516560312715,9.163209701633974,9.203594207763672,18086000
2010-03-22,9.159172558199865,9.312632780360362,9.15109550169918,9.272248268127441,16861600
2010-03-23,9.304554723240626,9.369169622407268,9.264170218693886,9.361092567443848,11956800
2010-03-24,9.316671371459961,9.344940299132555,9.288402443787367,9.316671371459961,11754200
2010-03-25,9.37724505741555,9.441859950727348,9.31263016410375,9.332822799682617,16660400
2010-03-26,9.357055998390537,9.369171583371454,9.268210686008704,9.288402557373047,17161200
2010-03-29,9.328786956292719,9.36917146879807,9.304556556897712,9.316671371459961,15494400
2010-03-30,9.340901551331799,9.389363119253412,9.300517810046026,9.3570556640625,10629000
2010-03-31,9.328789710998535,9.361097176488812,9.288405186568006,9.328789710998535,9356400
2010-04-01,9.353015156390562,9.405515241383636,9.248015756674738,9.312630653381348,18213400
2010-04-05,9.3449375782809,9.425706579775078,9.260130819955272,9.42166805267334,9699200
2010-04-06,9.38936496931701,9.453979892430443,9.353018978781874,9.429749488830566,10143800
2010-04-07,9.401478201869187,9.441861940998926,9.344939580600743,9.393401145935059,11420600
2010-04-08,9.361090840185321,9.421667200693026,9.31666781635357,9.409551620483398,16910400
2010-04-09,9.429742334208779,9.486280156468471,9.397434897164661,9.4822416305542,10978600
2010-04-12,9.490323914479127,9.53474695375686,9.482246858197632,9.502439498901367,8320800
2010-04-13,9.490322852695225,9.546860699799222,9.458015401454313,9.530707359313965,11877200
2010-04-14,9.607439097351456,9.672054008256906,9.591284984489846,9.668015480041504,29962600
2010-04-15,9.676089746270348,9.716474249723413,9.647820824934303,9.712435722351074,18980400
2010-04-16,9.65590197444291,9.700325024106732,9.534749182976965,9.583209991455078,30402400
2010-04-19,9.567051397826734,9.619550706593758,9.498397981580482,9.603397369384766,17533600
2010-04-20,9.635707178817382,9.676090916885745,9.579168559034901,9.655899047851562,13887000
2010-04-21,9.712437175672191,9.724552759602128,9.627630398973988,9.676091194152832,18800600
2010-04-22,9.583206211057803,9.708398252493422,9.514552784237429,9.700321197509766,8321000
2010-04-23,9.6962813289298,9.73666582799217,9.639743492404634,9.724550247192383,25740400
2010-04-26,9.74474317105946,9.75685875317648,9.70032091050439,9.712435722351074,19625800
2010-04-27,9.672051203740951,9.716473460688674,9.506475446272407,9.522628784179688,56498000
2010-04-28,9.583204087096139,9.583204087096139,9.466089896870994,9.550896644592285,25521400
2010-04-29,9.595323056303807,9.66397649215916,9.575130416187255,9.647822380065918,18107200
2010-04-30,9.63974836380611,9.655901709431923,9.441864295427742,9.445902824401855,21095200
2010-05-03,9.47417240324135,9.611479316645198,9.47417240324135,9.575133323669434,13769000
2010-05-04,9.462054345527477,9.474169158856942,9.24397846235194,9.300517082214355,29680600
2010-05-05,9.207629851590147,9.324744815456361,9.199553568434368,9.260129928588867,26930000
2010-05-06,9.195515031352873,9.284360308127944,8.335328099210185,8.981477737426758,51044800
2010-05-07,8.941094755786525,9.009748180923735,8.581674290799546,8.78359603881836,50444200
2010-05-10,9.163211425737964,9.227826339594944,9.098596511880984,9.1874418258667,46776400
2010-05-11,9.090520351723855,9.288403641212875,9.08244329412742,9.126866340637207,25730000
2010-05-12,9.191477606569146,9.365130424499512,9.191477606569146,9.365130424499512,23624200
2010-05-13,9.332824579012609,9.397439484643426,9.20763252536627,9.227825164794922,22879600
2010-05-14,9.14705702657309,9.167249667942079,8.95321229105386,9.050134658813477,32993200
2010-05-17,9.074365120638038,9.106672576780259,8.912827839926935,9.094557762145996,29975200
2010-05-18,9.155132879189157,9.167248462417309,8.916865134261693,8.957249641418457,45030400
2010-05-19,8.933018612809189,9.005709796220621,8.815903627372903,8.888595581054688,53445200
2010-05-20,8.747253832444146,8.767445707840185,8.57763946019714,8.605908393859863,39636800
2010-05-21,8.456485123057401,8.723021835020855,8.424177666160938,8.67052173614502,42044000
2010-05-24,8.674559712529193,8.747251678488064,8.618021859125841,8.63013744354248,25923400
2010-05-25,8.408025087950135,8.622062510393231,8.347448691491348,8.605908393859863,36575800
2010-05-26,8.68667488506705,8.771481661150963,8.496868693162261,8.521099090576172,48645200
2010-05-27,8.714941564285118,8.819940953044005,8.686672646209697,8.811863899230957,38243400
2010-05-28,8.81590437682168,8.819942904621804,8.678597512699127,8.739173889160156,24232600
2010-06-01,8.698788566988918,8.836094635827177,8.642249958357576,8.654365539550781,26467000
2010-06-02,8.702828315614848,8.848212242126465,8.64225193632516,8.848212242126465,20760000
2010-06-03,8.876483010600028,8.95321351777436,8.823983676388504,8.93705940246582,25170000
2010-06-04,8.747250993096744,8.864365989136257,8.61802118386033,8.650328636169434,36989000
2010-06-07,8.694752229370605,8.723021155669603,8.508983788980741,8.525137901306152,21086400
2010-06-08,8.537252708799155,8.565521635076692,8.41206141945414,8.541291236877441,26650400
2010-06-09,8.605902402123986,8.68263286169366,8.456480779576347,8.496865272521973,26627000
2010-06-10,8.589752703494531,8.710905463350093,8.573598591369542,8.702828407287598,28425600
2010-06-11,8.613986140121826,8.795716114283552,8.613986140121826,8.779561996459961,21450600
2010-06-14,8.872446840804297,8.90071655011067,8.751294024860256,8.763409614562988,26047600
2010-06-15,8.815903763793694,9.001672178329613,8.803788181235797,8.993595123291016,23053600
2010-06-16,8.957247809760881,9.046093091121566,8.937055175176466,9.017824172973633,15507600
2010-06-17,9.058211715361072,9.066288771908665,8.957250819327658,9.050134658813477,19837200
2010-06-18,9.057833068722847,9.098360439939913,9.02135851192702,9.049727439880371,14238600
2010-06-21,9.151045794055785,9.167257052294568,8.940304074923649,8.984884262084961,17484400
2010-06-22,9.013254519197487,9.078098015717254,8.895725971628705,8.907883644104004,20366800
2010-06-23,8.936250591554648,8.96056747709289,8.822774884357306,8.891671180725098,18819600
2010-06-24,8.851142874169286,8.87545898413813,8.697139040711146,8.713350296020508,30528200
2010-06-25,8.766034721532654,8.774140348624906,8.636347780037203,8.705244064331055,31331000
2010-06-28,8.693088552521218,8.761984853900934,8.648508365453361,8.721457481384277,20527200
2010-06-29,8.575557721206282,8.587716162693031,8.336447116266616,8.397237777709961,39667200
2010-06-30,8.36076286347991,8.429659149591748,8.243234359521576,8.267550468444824,25000000
2010-07-01,8.271606782726089,8.324292609517995,8.10949803297309,8.235132217407227,45810800
2010-07-02,8.271607017027389,8.299975952413304,8.166236133454333,8.22297477722168,17022000
2010-07-06,8.352659603825208,8.41345027423682,8.218919819721537,8.30402660369873,30672400
2010-07-07,8.316184440269941,8.58366398896325,8.304025997876515,8.571505546569824,25780600
2010-07-08,8.656616852996972,8.656616852996972,8.52692983651689,8.624195098876953,17332800
2010-07-09,8.620139514709967,8.668771743774414,8.603928256358255,8.668771743774414,15716400
2010-07-12,8.64851030893493,8.745775561035021,8.64851030893493,8.709300994873047,17427200
2010-07-13,8.798458722632128,8.863302983073298,8.737668049776087,8.834933280944824,20582000
2010-07-14,8.867355897285947,8.944357836078721,8.838986965361089,8.887619972229004,24766800
2010-07-15,8.867355915153233,8.924094552112695,8.774143489213616,8.91598892211914,24839000
2010-07-16,8.838986634280698,8.859250708464725,8.652561789759982,8.660667419433594,30216200
2010-07-19,8.697143160482655,8.766039482192715,8.65256373325537,8.745776176452637,14704600
2010-07-20,8.591772136902785,8.814671568517682,8.555297572021004,8.802513122558594,31219600
2010-07-21,8.871408829168274,8.8795144592523,8.668772715040207,8.697141647338867,33310200
2010-07-22,8.806566422658026,8.960570321302075,8.802513607115232,8.932201385498047,23437600
2010-07-23,8.907883872957868,8.99299144744873,8.879514939126071,8.99299144744873,20772800
2010-07-26,8.992989583973666,9.053780254301609,8.956515027177838,9.049727439880371,13152600
2010-07-27,9.078097042322453,9.098361115934232,9.025411996922568,9.074044227600098,15588400
2010-07-28,9.057834409087667,9.09025615625998,8.96867402461724,9.00109577178955,26353400
2010-07-29,9.03351757690811,9.045675248013245,8.847091965677288,8.92004108428955,21295400
2010-07-30,8.822775232456445,8.932198902709962,8.794406304537825,8.883565902709961,17912400
2010-08-02,8.988936193833538,9.094307043051046,8.960567267697146,9.069990158081055,31420600
2010-08-03,9.057833046697368,9.06188586110875,9.00109441793332,9.021358489990234,10787400
2010-08-04,9.045674897950539,9.098360714018423,8.98488422579134,9.094307899475098,29363200
2010-08-05,9.033519159019393,9.0699929517181,8.997044593325183,9.05378246307373,10129600
2010-08-06,8.968673274445418,9.041622392730252,8.90788260020651,9.029464721679688,31234200
2010-08-09,9.053783076487878,9.106468134395987,9.017308508322435,9.09025764465332,27105600
2010-08-10,9.005147512023997,9.045674884401203,8.93219916933943,8.997042655944824,22578600
2010-08-11,8.859250430501833,8.86330324521148,8.74982675232747,8.782248497009277,36123000
2010-08-12,8.607981599550511,8.697141206974063,8.567454224177846,8.660667419433594,30331600
2010-08-13,8.62419384465796,8.672826082267594,8.607982583457762,8.62014102935791,12157600
2010-08-16,8.567453378604426,8.680929863849135,8.543137264978887,8.63634967803955,20537200
2010-08-17,8.717405268580855,8.806564875875768,8.684983522928578,8.72956371307373,34201200
2010-08-18,8.729562203916997,8.826827424058727,8.70119250500481,8.778194427490234,25232200
2010-08-19,8.745773978745095,8.774142908850662,8.620139814136712,8.67282485961914,27622200
2010-08-20,8.644452700291719,8.680927246229263,8.603925341139437,8.652558326721191,18632800
2010-08-23,8.69714386742611,8.71740794780891,8.575562477111816,8.575562477111816,16367400
2010-08-24,8.482344902109206,8.543135560542401,8.417501430047778,8.458028793334961,21180600
2010-08-25,8.4053446287168,8.547190041392849,8.385081329618213,8.51071548461914,22105800
2010-08-26,8.551245692651221,8.563403366945506,8.413453048681827,8.42561149597168,20309400
2010-08-27,8.474242126099469,8.530979989994472,8.340502323350233,8.526927947998047,29983400
2010-08-30,8.482346540082668,8.547190024665621,8.413450241088867,8.413450241088867,15187000
2010-08-31,8.39318996538832,8.445875803564558,8.340504900207742,8.385085105895996,31040000
2010-09-01,8.498559289201085,8.632299108413273,8.48234880023366,8.59987735748291,29596200
2010-09-02,8.603927908149851,8.67687702178955,8.587717423449535,8.67687702178955,18613000
2010-09-03,8.753879287502388,8.806564331054688,8.717404729275662,8.806564331054688,20718000
2010-09-07,8.766036664128501,8.810616850019924,8.725510065676643,8.733614921569824,15678800
2010-09-08,8.76198519645641,8.802511797562145,8.73766830819853,8.782248497009277,18581600
2010-09-09,8.855197333022101,8.871407818347677,8.790353845729111,8.806564331054688,13895200
2010-09-10,8.81467312395722,8.822778756026933,8.753882429425603,8.810620307922363,16300600
2010-09-13,8.895727249089505,8.984886876358988,8.883568801872755,8.96867561340332,23197400
2010-09-14,8.968668625353283,9.07809224605857,8.936246897699304,9.005143165588379,18854400
2010-09-15,8.997044243044925,9.082151044354298,8.980832982036205,9.061887741088867,14763400
2010-09-16,9.049731869558467,9.122681018857397,9.03352137693409,9.114575386047363,15599600
2010-09-17,9.175988504278893,9.184123432242734,9.119045560110854,9.163786888122559,28835400
2010-09-20,9.196327489195342,9.31428086286895,9.175990165603638,9.298011779785156,19105200
2010-09-21,9.310211660523628,9.35902045224464,9.249201252714435,9.281740188598633,37269200
2010-09-22,9.245133485696174,9.289874811991343,9.188190543712794,9.236998558044434,16811600
2010-09-23,9.175991302982828,9.32241694783452,9.163789683104966,9.224800109863281,19862600
2010-09-24,9.314277318189381,9.411894106911408,9.314277318189381,9.403759956359863,16332600
2010-09-27,9.424099141916818,9.481042090708803,9.3874927388964,9.407829284667969,30638200
2010-09-28,9.432232030495202,9.440366181570843,9.285806450083122,9.420029640197754,29432000
2010-09-29,9.39969253540039,9.440365615708595,9.375287756268333,9.39969253540039,12267000
2010-09-30,9.448502067497849,9.505445785543307,9.31021139991366,9.36308765411377,26278600
2010-10-01,9.428167400666943,9.444436483497169,9.334618040971867,9.367156982421875,24335400
2010-10-04,9.318347458776127,9.367156255055882,9.22479810634522,9.289875984191895,16976000
2010-10-05,9.354952939511582,9.497311074183772,9.350885475573586,9.472907066345215,15425800
2010-10-06,9.472909636481472,9.501381115982745,9.350888012603624,9.428168296813965,14340000
2010-10-07,9.464774706398355,9.468842171439913,9.363090407728299,9.428168296813965,9899400
2010-10-08,9.432231991506137,9.501377317993875,9.367154128434068,9.481040000915527,13341200
2010-10-11,9.50138001034461,9.537986415669257,9.46070614045172,9.497312545776367,12082000
2010-10-12,9.468840111934458,9.574591852644703,9.415963853684604,9.554254531860352,22014600
2010-10-13,9.61119915942341,9.676277821525776,9.582727681135275,9.631536483764648,30959000
2010-10-14,9.651870122479778,9.66813997704775,9.582724792144631,9.635601043701172,11029200
2010-10-15,9.765758941521732,9.802365346623564,9.684411202231098,9.798297882080078,42694000
2010-10-18,9.80236619557452,9.86337661743164,9.765759787302327,9.86337661743164,21501200
2010-10-19,9.676277804728985,9.761692239445123,9.615266607600775,9.68847942352295,50409400
2010-10-20,9.72101524116328,9.82676696618451,9.700678699185461,9.769824028015137,47254600
2010-10-21,9.822700375091364,9.84303769466491,9.676275553108924,9.777959823608398,55292800
2010-10-22,9.77796315004818,9.814568786154878,9.757625823555925,9.806434631347656,11525200
2010-10-25,9.843038645656396,9.908116523000446,9.834903717041016,9.834903717041016,19000000
2010-10-26,9.79829498325164,9.871507771795278,9.757621125639696,9.859305381774902,20635800
2010-10-27,9.818633893947698,9.895914164483507,9.786094955162541,9.887779235839844,23674600
2010-10-28,9.928453103268664,9.936588031912327,9.82270135826953,9.887779235839844,17096200
2010-10-29,9.904051780700684,9.944725659166808,9.887781918998352,9.904051780700684,16677200
2010-11-01,9.952859724931129,10.013870929977776,9.87151274451843,9.912186622619629,16937800
2010-11-02,10.00166693514613,10.034205877268132,9.98133038724097,10.009801864624023,14973800
2010-11-03,10.026069983021996,10.07081131505556,9.944723023439469,10.066743850708008,30232800
2010-11-04,10.172489491630687,10.225364944838079,10.152152182097819,10.217230796813965,27347000
2010-11-05,10.221302338994182,10.221302338994182,10.164359396827061,10.209100723266602,17475400
2010-11-08,10.188758563467948,10.229432406744651,10.168422029724114,10.217230796813965,15004200
2010-11-09,10.249775760933588,10.28231469958651,10.13995655205892,10.188764572143555,18159600
2010-11-10,10.20096687833322,10.213169271145384,10.103350063204372,10.1968994140625,14106000
2010-11-11,10.0016654593529,10.054540941578033,9.94065504885022,10.042339324951172,24255400
2010-11-12,9.989461460665888,10.038270246693425,9.851170805342093,9.899979591369629,21570800
2010-11-15,9.948794808873977,9.956929741736696,9.863380341185133,9.871515274047852,17599200
2010-11-16,9.802366067868265,9.834905010820782,9.65594043668714,9.692546844482422,35830800
2010-11-17,9.70474824061621,9.7616911909776,9.655939443313935,9.696613311767578,20825800
2010-11-18,9.802362446591765,9.899979239386846,9.79829498325164,9.859305381774902,21610400
2010-11-19,9.859307761376519,9.899981628805339,9.826768822591362,9.887779235839844,10239800
2010-11-22,9.84303884687004,9.944723129272461,9.818634060525014,9.944723129272461,18828400
2010-11-23,9.851173369566315,9.867443227740257,9.749489083347791,9.798297882080078,22018800
2010-11-24,9.879645847745333,9.965060277747035,9.86744345383528,9.960992813110352,14432400
2010-11-26,9.879646477014662,9.940656898871781,9.859309152535884,9.86337661743164,4980000
2010-11-29,9.855238308867577,9.883709777587093,9.749486585202702,9.838969230651855,14342000
2010-11-30,9.74949100457075,9.794232347576228,9.708817902699979,9.74135684967041,21385600
2010-12-01,9.883711719330922,9.9772618466601,9.859307709318283,9.948789596557617,21454600
2010-12-02,9.960992105040175,10.074878779403111,9.952857176345072,10.066743850708008,19251200
2010-12-03,10.013868877282393,10.095215841020163,10.009801412727073,10.091148376464844,18354800
2010-12-06,10.078946758588426,10.115553163796761,10.066744364922467,10.091148376464844,12875600
2010-12-07,10.20910335270042,10.20910335270042,10.095216663244376,10.103351593017578,19821200
2010-12-08,10.13995655205892,10.188764572143555,10.09114775618479,10.188764572143555,18021800
2010-12-09,10.229438352438782,10.233505816709503,10.156225547144775,10.1968994140625,12462600
2010-12-10,10.21723699075907,10.253842618531413,10.184698051569592,10.245708465576172,11634000
2010-12-13,10.286382551870041,10.298584169456669,10.217237207650896,10.225371360778809,13802200
2010-12-14,10.225371187058244,10.278247448333717,10.217237034068523,10.2416410446167,12583400
2010-12-15,10.229437352670574,10.282313607232632,10.172494410024736,10.200965881347656,9197000
2010-12-16,10.21316333490739,10.261971326208208,10.168422029724114,10.217230796813965,11870400
2010-12-17,10.241725330237223,10.25805290507807,10.213151490331681,10.237643241882324,11957600
2010-12-20,10.262138088493273,10.27438435725144,10.184580722095145,10.245810508728027,9538400
2010-12-21,10.278460660056352,10.311116579780514,10.262132310905,10.307034492492676,11115400
2010-12-22,10.294791221618652,10.307037487040125,10.278463646302122,10.294791221618652,10815600
2010-12-23,10.282545143970282,10.302954806587955,10.258052614534606,10.290708541870117,6456400
2010-12-27,10.24581291010921,10.327452385227796,10.225402457395193,10.311124801635742,5982800
2010-12-28,10.3315346159451,10.339698797141477,10.290714488542395,10.29887866973877,5815000
2010-12-29,10.327446883570222,10.343775237042964,10.307037220308041,10.319283485412598,7469800
2010-12-30,10.311119575513949,10.323365840935423,10.282545734775946,10.294791221618652,10092000
2010-12-31,10.290709442009893,10.302955707798926,10.241725936011346,10.282546043395996,12704200
2011-01-03,10.36010303168018,10.453989508982334,10.36010303168018,10.396841049194336,14855000
2011-01-04,10.445828211142162,10.458074479881773,10.36827006628258,10.437664031982422,18383400
2011-01-05,10.417250497526089,10.511136187291555,10.396840057199668,10.498889923095703,23670800
2011-01-06,10.523385419233994,10.560123443603516,10.47848321643149,10.560123443603516,22089000
2011-01-07,10.551959028686804,10.560123206936819,10.421335291002146,10.511138916015625,17831200
2011-01-10,10.49889477941962,10.539714900375353,10.449911257135982,10.519305229187012,20666600
2011-01-11,10.556043764567551,10.564207166285515,10.470321428606711,10.50297737121582,16782800
2011-01-12,10.564206851333218,10.6050269730224,10.527469598249922,10.59686279296875,27155000
2011-01-13,10.60502692227041,10.617273192292277,10.55604339934106,10.588699340820312,26086800
2011-01-14,10.59686527015206,10.682587623596191,10.57645559382592,10.682587623596191,15706800
2011-01-18,10.617274638275706,10.707078294929389,10.605028366586,10.694832801818848,17266000
2011-01-19,10.719320357941537,10.719320357941537,10.584614536560359,10.617270469665527,22431200
2011-01-20,10.580533111107068,10.58461520032356,10.470319037998506,10.560123443603516,30717200
2011-01-21,10.621350229318157,10.625432317383442,10.494807835030418,10.498889923095703,23263400
2011-01-24,10.502975399151618,10.65400959197213,10.502975399151618,10.645845413208008,36983400
2011-01-25,10.621356728838942,10.698914113802918,10.596864185459529,10.694832801818848,22027000
2011-01-26,10.723405611213645,10.788717496696512,10.694831758637276,10.756061553955078,16571000
2011-01-27,10.760140202651803,10.825452067245658,10.731566359214348,10.79279613494873,18093000
2011-01-28,10.805043079217853,10.805043079217853,10.507057559524492,10.543795585632324,32363400
2011-01-31,10.551958376781073,10.609106063842773,10.490728600846559,10.609106063842773,27973000
2011-02-01,10.686664519692693,10.813206164276066,10.674418252702482,10.788714408874512,24745400
2011-02-02,10.76422162174295,10.829533482272987,10.76422162174295,10.809123039245605,17495000
2011-02-03,10.805043310754169,10.849945516643475,10.71523967755452,10.825453758239746,22929000
2011-02-04,10.845860725664657,10.903008407232031,10.80504061943992,10.894845008850098,15135200
2011-02-07,10.91933932237492,11.00097955397379,10.915257232937082,10.94791316986084,19596400
2011-02-08,10.972402667367342,11.00097728754525,10.92750124995964,10.992813110351562,10376000
2011-02-09,10.976486569251664,11.005060415571108,10.93974854438983,10.972404479980469,10374400
2011-02-10,10.886681930939353,10.951993796060897,10.845861820593678,10.923419952392578,15676800
2011-02-11,10.927504230402667,10.996898198318423,10.89893038101012,10.980569839477539,25499200
2011-02-14,10.972406111853223,11.017308321935532,10.968324800553953,10.996898651123047,11883600
2011-02-15,10.976486289265726,10.976486289265726,10.91525650891748,10.956076622009277,12084800
2011-02-16,10.988734384824397,11.029554504706923,10.956078444634182,11.017308235168457,13573000
2011-02-17,10.964242712226387,11.049964263945792,10.956078532468624,11.037718772888184,13297800
2011-02-18,11.049968591377601,11.058132774332654,10.992820867850916,11.021394729614258,12668200
2011-02-22,10.882598776968237,10.93566514879767,10.731565395623354,10.751975059509277,44693600
2011-02-23,10.715237537074408,10.73564720190398,10.560122060064769,10.625433921813965,24511800
2011-02-24,10.63360150019899,10.69483207591236,10.543797849640686,10.662176132202148,22663400
2011-02-25,10.731568842339847,10.809126212878896,10.711158393319817,10.796880722045898,15605800
2011-02-28,10.833617262629684,10.870354508658185,10.76830461332179,10.841780662536621,18504600
2011-03-01,10.862194540688666,10.882604214772869,10.6254387398478,10.633602142333984,29088000
2011-03-02,10.64992530054843,10.780549019450103,10.637679034934356,10.698908805847168,19854600
2011-03-03,10.800960691515233,10.874436741701691,10.79687938079725,10.870354652404785,19117000
2011-03-04,10.870353257625265,10.870353257625265,10.719319865913523,10.784631729125977,27781400
2011-03-07,10.829535542506072,10.829535542506072,10.580533540252905,10.645845413208008,29609400
2011-03-08,10.654011549332102,10.780553229108543,10.613191426590936,10.735651016235352,21926400
2011-03-09,10.702992750205937,10.73156737492674,10.625435390271926,10.690747261047363,23727000
2011-03-10,10.56828572949752,10.57644990706995,10.474400023151036,10.490728378295898,29591200
2011-03-11,10.433579752766704,10.572367655039763,10.433579752766704,10.531547546386719,22764400
2011-03-14,10.47848665029051,10.551962723108074,10.42133893968981,10.482568740844727,19229600
2011-03-15,10.176415439497001,10.380515225195444,10.151923683215278,10.327448844909668,29789400
2011-03-16,10.270299280157586,10.30703729716646,10.009051851275597,10.074363708496094,42762200
2011-03-17,10.213153102911193,10.278464969744324,10.164168813496913,10.180497169494629,21866200
2011-03-18,10.3172999534489,10.321395839069766,10.186234738422414,10.198521614074707,36830200
2011-03-21,10.362348851039668,10.431977315402653,10.345966096536014,10.370540618896484,17801200
2011-03-22,10.386922780021676,10.395113765584531,10.341868843981526,10.354156494140625,18278600
2011-03-23,10.329585743076187,10.440172299581874,10.284532568404043,10.41150188446045,11671200
2011-03-24,10.493415394619173,10.587618386742506,10.444265565870898,10.57533073425293,20801200
2011-03-25,10.608097736587245,10.657247568626223,10.587619095610215,10.599905967712402,12480200
2011-03-28,10.640863318443945,10.665438623423094,10.567138965926546,10.57533073425293,16532200
2011-03-29,10.563045199947878,10.653152319312959,10.513895364978662,10.649056434631348,10271600
2011-03-30,10.71049362862132,10.718685398356396,10.669535561156101,10.694110870361328,12454600
2011-03-31,10.677726599003297,10.710492894487526,10.657247957279443,10.673630714416504,12432000
2011-04-01,10.722780943945025,10.747355471162532,10.620386169126926,10.653152465820312,21874800
2011-04-04,10.677724881619943,10.681820765547961,10.575330127049426,10.616288185119629,11739600
2011-04-05,10.612193621024666,10.677726209603254,10.587619095610215,10.599905967712402,19828400
2011-04-06,10.67363276757943,10.694112194452781,10.616291934754566,10.677728652954102,21893200
2011-04-07,10.665437162572697,10.718682086981152,10.595808703755536,10.681819915771484,18300600
2011-04-08,10.722781860905954,10.722781860905954,10.58352489274794,10.620387077331543,12734000
2011-04-11,10.636767337022958,10.661342641777402,10.571234753431144,10.60400104522705,11592800
2011-04-12,10.542567504234405,10.571237920494013,10.481130786362357,10.517992973327637,16106800
2011-04-13,10.571238001501138,10.624483730285787,10.526184824695195,10.583525657653809,14444400
2011-04-14,10.530279374035986,10.575333329678326,10.472938544098621,10.5630464553833,11015000
2011-04-15,10.534372623802364,10.56713891574226,10.481127692353787,10.542564392089844,20343600
2011-04-18,10.431980716757002,10.452460143076376,10.321394939473324,10.4483642578125,17627000
2011-04-19,10.4606489525558,10.477031707763672,10.411499124512156,10.477031707763672,19927800
2011-04-20,10.632670680486186,10.714586794630161,10.624479694039756,10.698204040527344,18449000
2011-04-21,10.796504827732463,10.800600712288656,10.739163225155865,10.79240894317627,20296000
2011-04-25,10.792406377366392,10.812885014068621,10.767831857081735,10.80059814453125,12519400
2011-04-26,10.825176326275361,10.927571106839888,10.808792786404151,10.890708923339844,14400000
2011-04-27,10.915283538871957,10.972625147667713,10.870230366287657,10.956241607666016,16033800
2011-04-28,10.931664371140798,10.972622429789698,10.911184951211352,10.960334777832031,16963600
2011-04-29,10.9521484375,10.972627867578593,10.91938213058463,10.9521484375,15000000
2011-05-02,11.001294113994984,11.01358098616946,10.898899346087243,10.911186218261719,13415000
2011-05-03,10.911183504984736,10.93575880564273,10.84565093231653,10.915279388427734,16303600
2011-05-04,10.919380957280739,10.939859603948491,10.808794390370165,10.882518768310547,21753800
2011-05-05,10.853847608547117,10.935763752039115,10.788315006237614,10.825177192687988,26800000
2011-05-06,10.919379811488517,10.976720641109575,10.83746367099254,10.84565544128418,21269000
2011-05-09,10.870230279711011,10.927571106839888,10.829272211243165,10.890708923339844,7888200
2011-05-10,10.915283581950867,11.001295604878871,10.898900823094698,10.989007949829102,27132000
2011-05-11,10.984911933968766,11.009486462565402,10.829272211243165,10.890708923339844,23684800
2011-05-12,10.862037287021979,10.984910697383322,10.800600581841307,10.972623825073242,21935400
2011-05-13,10.931662362480477,10.943949230970478,10.825171742044668,10.837458610534668,20408200
2011-05-16,10.788310545798314,10.841555470206771,10.661341278970522,10.681819915771484,33938800
2011-05-17,10.620383224158676,10.68591579937366,10.563042416148043,10.681819915771484,110101200
2011-05-18,10.690014126281762,10.776025357956408,10.669534703590111,10.759642601013184,23915400
2011-05-19,10.800598360582548,10.804693463036978,10.714586366050822,10.780118942260742,16237000
2011-05-20,10.767831154019316,10.796501556014428,10.694106816769102,10.718681335449219,26858600
2011-05-23,10.57123360188025,10.60809577378641,10.526180443824892,10.567137718200684,25196800
2011-05-24,10.591715842644309,10.5958117274153,10.530278352289553,10.534374237060547,17531400
2011-05-25,10.517988676465759,10.620383424825107,10.501605141747495,10.567137718200684,24816200
2011-05-26,10.550757109935054,10.65724776362628,10.546661225422687,10.636768341064453,22264200
2011-05-27,10.644959937801312,10.690013885498047,10.63267228446309,10.690013885498047,25109200
2011-05-31,10.780117807688406,10.837458610534668,10.726872888075425,10.837458610534668,21345200
2011-06-01,10.808789892487557,10.845652066118221,10.6040003861883,10.612192153930664,33255000
2011-06-02,10.624482962419744,10.661345147003349,10.571237237483338,10.620387077331543,20809800
2011-06-03,10.497515671946212,10.563049069649592,10.448366600181691,10.460654258728027,21554600
2011-06-06,10.452457179789004,10.485223471400474,10.37463694425801,10.382828712463379,16872000
2011-06-07,10.415600711478833,10.440175248350965,10.345972205999095,10.350068092346191,17582000
2011-06-08,10.309106930462665,10.337777345117223,10.251766101153546,10.280436515808105,19987200
2011-06-09,10.284530786356878,10.329583953222457,10.255860376203305,10.288626670837402,10667000
2011-06-10,10.251767709604653,10.26405458569281,10.137085251783105,10.14527702331543,21798400
2011-06-13,10.153465270996094,10.202614320711758,10.116603093104317,10.153465270996094,23329800
2011-06-14,10.24357433090647,10.309106930462665,10.231286675535856,10.280436515808105,18234400
2011-06-15,10.182135407983909,10.231284456385595,10.067452993029908,10.087931632995605,33123400
2011-06-16,10.07974184577589,10.137082669474566,9.989633944294965,10.063358306884766,18411800
2011-06-17,10.169454578421727,10.177679153858048,10.029639933359007,10.054313659667969,39895800
2011-06-20,10.013191005278752,10.120108126938892,10.009078717791212,10.091322898864746,17454200
2011-06-21,10.144778159307002,10.2928173290653,10.099543794250096,10.272255897521973,28681800
2011-06-22,10.214688476572848,10.276371220754791,10.1900155357678,10.19823932647705,22092400
2011-06-23,10.07487090258994,10.276368226521127,10.050197968973864,10.268143653869629,25150400
2011-06-24,10.235249039235471,10.239361326723012,10.078986036402124,10.091322898864746,23521200
2011-06-27,10.111881451971731,10.280481282253612,10.083096229875578,10.227023124694824,23962000
2011-06-28,10.255808245355949,10.358613057161694,10.247583672170256,10.354500770568848,16118800
2011-06-29,10.391512053295362,10.436745643615723,10.329829314248629,10.436745643615723,16565600
2011-06-30,10.481980024627775,10.580672564030081,10.469643163075519,10.568336486816406,18197000
2011-07-01,10.580672747263847,10.757497177548819,10.547775233560035,10.741048812866211,22902600
2011-07-05,10.732821992422444,10.77394407203172,10.708149058392252,10.757494926452637,16311800
2011-07-06,10.75338670597132,10.827406320387544,10.712264610813559,10.806845664978027,13517200
2011-07-07,10.876746166919215,10.96310180666252,10.868521596180358,10.93842887878418,26018200
2011-07-08,10.835629552749797,10.88497543334961,10.773946809830719,10.88497543334961,23908400
2011-07-11,10.765722317058954,10.819180485506234,10.667029770767995,10.704039573669434,23381400
2011-07-12,10.671137657256956,10.708147444894848,10.597118081981174,10.609454154968262,18861800
2011-07-13,10.662917613564773,10.745161010976013,10.601234869421681,10.634132385253906,11160200
2011-07-14,10.654689537456578,10.72459683367128,10.5025388708553,10.543660163879395,21495400
2011-07-15,10.646466126289221,10.67113984600082,10.580671109068573,10.65880298614502,28470800
2011-07-18,10.605343479556264,10.662913916215535,10.527211612419842,10.62179183959961,16761200
2011-07-19,10.724599457875284,10.880862448882665,10.716374883522638,10.876750946044922,24640800
2011-07-20,10.95899100437634,10.95899100437634,10.823288706173495,10.843850135803223,11853600
2011-07-21,10.827402994996186,10.946656955893669,10.773944836746667,10.893198013305664,22424400
2011-07-22,10.889087077600816,11.008341053293844,10.876751000348838,10.98777961730957,12630000
2011-07-25,10.897307381940307,11.016561310904292,10.872634452765727,10.958990097045898,11805600
2011-07-26,10.967219698866469,11.053575382757883,10.95077054897936,11.008341789245605,16658800
2011-07-27,10.897314982238456,10.905539559145614,10.695817554046027,10.716378211975098,26931400
2011-07-28,10.69992733001709,10.81918052981338,10.662917526964087,10.69992733001709,21409200
2011-07-29,10.601234135945946,10.728711902933586,10.531326821596869,10.613570213317871,22955000
2011-08-01,10.749271848148235,10.778057072575246,10.481979470033588,10.605345726013184,23996200
2011-08-02,10.543661739035754,10.60123296967936,10.366837328997509,10.383286476135254,42248200
2011-08-03,10.391510380294262,10.518988125045796,10.247583489464617,10.490202903747559,43071200
2011-08-04,10.366841336562686,10.387402778433415,10.050202975141541,10.066651344299316,67391800
2011-08-05,10.136556802105144,10.181791181510839,9.70888908674292,10.004966735839844,65683400
2011-08-08,9.700663684689307,9.861038966238365,9.441595077514648,9.441595077514648,89921600
2011-08-09,9.548509488927147,9.877485317714115,9.301778597759888,9.873373031616211,83606000
2011-08-10,9.688330055787416,9.782911125711031,9.462159671243194,9.486832618713379,69241200
2011-08-11,9.630755921974718,9.976180192582818,9.57729775872424,9.848702430725098,63193000
2011-08-12,9.976177191118683,9.98851404862104,9.824025752609604,9.918606758117676,29171800
2011-08-15,9.996740699890431,10.107770096205167,9.947394824420691,10.095433235168457,69936400
2011-08-16,10.013189229584015,10.09543261173423,9.885711477431153,10.021413803100586,40466400
2011-08-17,10.013190832684739,10.103658802835348,9.873376197872853,9.976181030273438,43154600
2011-08-18,9.692436454957006,9.696548741093077,9.39635891220534,9.490939140319824,61895000
2011-08-19,9.367573440444927,9.540285531800679,9.240094926686814,9.260656356811523,75489400
2011-08-22,9.449818852052337,9.470380286624762,9.27299443642213,9.310004234313965,40644800
2011-08-23,9.375798755247645,9.659540262476382,9.342901246028262,9.651315689086914,37140400
2011-08-24,9.643094447188664,9.762347655481857,9.573187123589657,9.737674713134766,44978600
2011-08-25,9.737671117173235,9.782905481720844,9.56495901584593,9.597856521606445,40875600
2011-08-26,9.560846617188867,9.815802872089463,9.458041814853502,9.787016868591309,46332800
2011-08-29,9.885713062391385,10.037863775149535,9.881600774973782,10.033751487731934,39852000
2011-08-30,10.013192127381537,10.128333052581091,9.939172512988266,10.074874877929688,24940400
2011-08-31,10.128328685634148,10.198235981937701,9.967953446488865,10.05019760131836,24520600
2011-09-01,10.070761858511931,10.148893755178625,9.935059503426974,9.93917179107666,22643200
2011-09-02,9.77056883041659,9.824026984285734,9.675988597388953,9.712998390197754,28679000
2011-09-06,9.503277120528669,9.688325312465315,9.458042752030645,9.667764663696289,22863200
2011-09-07,9.807577393611455,9.918606758117676,9.787015964440863,9.918606758117676,21515400
2011-09-08,9.881600510909948,10.013190567402262,9.844590709479158,9.869263648986816,18912000
2011-09-09,9.795243465826543,9.84870241332111,9.610195253973997,9.659541130065918,33013800
2011-09-12,9.560845974900673,9.77879242357204,9.548509117087384,9.774680137634277,22505200
2011-09-13,9.819914706893906,9.918608010699685,9.754119693915667,9.889822006225586,32684400
2011-09-14,9.96384034029988,10.14888928126771,9.844587188383754,10.037859916687012,33621600
2011-09-15,10.136556582295109,10.218800764096796,10.058424688017368,10.19823932647705,25153800
2011-09-16,10.232913860640485,10.311342239379883,10.208146258311654,10.311342239379883,30007200
2011-09-19,10.179249516260883,10.327851951842787,10.096692432643673,10.28657341003418,23528800
2011-09-20,10.344365667471756,10.439306575263428,10.253553481022015,10.261809349060059,49468200
2011-09-21,10.303083656097153,10.381512801485886,10.104947613631278,10.109075546264648,44161600
2011-09-22,9.844894973575393,9.939835070056327,9.667397792218951,9.795360565185547,82462000
2011-09-23,9.766465151902441,9.939834388393365,9.725186612295525,9.906811714172363,52197800
2011-09-26,9.952217966691478,10.051285987166704,9.787103811910127,10.030646324157715,41016200
2011-09-27,10.204018903824002,10.31134282470597,10.100822916897826,10.158613204956055,43886800
2011-09-28,10.1916354373547,10.253552869300238,10.00588235419522,10.014138221740723,24657600
2011-09-29,10.162739002148475,10.19988882529391,9.83663937411074,9.993496894836426,39385800
2011-09-30,9.861409024495071,9.94396613537602,9.72931827694392,9.74170207977295,32973200
2011-10-03,9.663273915040707,9.807748480549282,9.510544267437986,9.522927284240723,47078800
2011-10-04,9.419725569108662,9.721057534288345,9.328913422530865,9.716930389404297,33952200
2011-10-05,9.696294337992189,9.935708983844235,9.61786517151499,9.919198036193848,26480200
2011-10-06,9.898557286128916,10.071926547794316,9.840767794681375,10.067798614501953,21334800
2011-10-07,10.080180728056648,10.13384227723474,9.96872890977603,10.030646324157715,19545200
2011-10-10,10.14210057533876,10.348492531002382,10.14210057533876,10.34023666381836,16416600
2011-10-11,10.303083071014223,10.41040695141928,10.278316263943088,10.385640144348145,21544600
2011-10-12,10.468198046785606,10.542499261206428,10.431047439575195,10.431047439575195,19226600
2011-10-13,10.422791262222896,10.554881956208158,10.398024453931319,10.546626091003418,19951400
2011-10-14,10.691100421577175,10.748890689816248,10.641566805740975,10.732378959655762,23006000
2011-10-17,10.711740435138982,10.71586758049166,10.517731536011686,10.563138008117676,17802600
2011-10-18,10.53424713195482,10.719999446565316,10.435179073364631,10.658082008361816,17419600
2011-10-19,10.596164263327077,10.616803146356293,10.431050837124593,10.451689720153809,24489600
2011-10-20,10.44756097510391,10.459944776353915,10.278319627968155,10.406282424926758,17875400
2011-10-21,10.521859355596751,10.592032635677842,10.459941940777588,10.538371086120605,19584600
2011-10-24,10.575524598804662,10.736510079040473,10.554884929977725,10.703487396240234,25305200
2011-10-25,10.674590149572749,10.678718082372285,10.505348841405118,10.5342435836792,24070000
2011-10-26,10.633315143162283,10.637443077333849,10.38564460412898,10.579652786254883,14990200
2011-10-27,10.827319557196786,10.96353818816026,10.753018342612586,10.893364906311035,27882200
2011-10-28,10.84796183768337,10.955285752714024,10.835578036491153,10.93051815032959,18011600
2011-10-31,10.823193564121537,10.864472111546272,10.72825345617061,10.736509323120117,12862400
2011-11-01,10.484710999521461,10.554884294663493,10.41866563789635,10.439305305480957,33196600
2011-11-02,10.57139344306635,10.616799126001045,10.48883636756625,10.567265510559082,17999400
2011-11-03,10.682847387042235,10.831449848570054,10.559012527317611,10.819066047668457,23279200
2011-11-04,10.736507435538,10.786041053880947,10.64982242245384,10.753018379211426,11387800
2011-11-07,10.744765604227386,10.831449848570054,10.637441691715386,10.819066047668457,12765000
2011-11-08,10.901622112549969,10.955284457381788,10.79017027696643,10.942900657653809,14476200
2011-11-09,10.732379311192984,10.753018187246985,10.53424326671301,10.563138008117676,20789600
2011-11-10,10.695232763204773,10.699360697446627,10.505352512017216,10.59616470336914,11454200
2011-11-11,10.695228765261962,10.831447395031956,10.691100832563155,10.79842472076416,9877200
2011-11-14,10.773661145042126,10.823194777647409,10.68697610699854,10.71587085723877,6522000
2011-11-15,10.699360346910828,10.897496460090693,10.695232412804213,10.860345840454102,15485600
2011-11-16,10.773658249034197,10.872726274937724,10.67871815595865,10.699357032775879,17483000
2011-11-17,10.670465792512262,10.678721660877928,10.40628351607152,10.492968559265137,24996600
2011-11-18,10.484711591531061,10.505351260281069,10.393899410999612,10.406282424926758,14593800
2011-11-21,10.290707216749947,10.298963087288552,10.12972167786289,10.224661827087402,18826000
2011-11-22,10.204015301754316,10.261805569412285,10.125586946248522,10.20814323425293,14135600
2011-11-23,10.125591623946843,10.146230508651792,9.964605331420898,9.964605331420898,25073600
2011-11-25,9.935708892546149,10.055416608033621,9.910942077636719,9.910942077636719,14131800
2011-11-28,10.162741024985978,10.253553209026752,10.15861309107646,10.237041473388672,19591800
2011-11-29,10.245296602813346,10.311341965959896,10.15861235892956,10.183379173278809,9531000
2011-11-30,10.451690567306349,10.583781318974836,10.42279581379424,10.575526237487793,27460600
2011-12-01,10.546626260271749,10.653950147687931,10.546626260271749,10.63331127166748,15959400
2011-12-02,10.711743208110283,10.740637956994991,10.608547226480406,10.6250581741333,11084800
2011-12-05,10.77365907268514,10.827320628905994,10.691101984459333,10.74476432800293,12168000
2011-12-06,10.744763804829779,10.798425358437798,10.695229396841626,10.740635871887207,11733200
2011-12-07,10.699356828119456,10.794296919378993,10.60854466960894,10.753018379211426,11650600
2011-12-08,10.69522925366263,10.761274605214204,10.567266483446794,10.58377742767334,13632200
2011-12-09,10.61267240413317,10.769530708012429,10.60441732549956,10.748891830444336,16561200
2011-12-12,10.653954221958324,10.658082156205545,10.53424727808077,10.612675666809082,116342000
2011-12-13,10.686971470320753,10.71999414017127,10.480579586924385,10.513602256774902,23459600
2011-12-14,10.492966713047748,10.50122257996081,10.315469511030916,10.352620124816895,27793400
2011-12-15,10.455816954826167,10.46407282241478,10.319598288905528,10.32785415649414,18948000
2011-12-16,10.381333678898363,10.484981175896465,10.327436537629469,10.356457710266113,39399000
2011-12-19,10.389626700726417,10.414502673723614,10.22379083458402,10.2569580078125,20306400
2011-12-20,10.393773858816797,10.55960974350869,10.393773858816797,10.547172546386719,17925600
2011-12-21,10.480836566319356,10.480836566319356,10.252811568326125,10.373043060302734,18212600
2011-12-22,10.40620736856451,10.493270874023438,10.40620736856451,10.493270874023438,9373800
2011-12-23,10.493274403736155,10.596921920776367,10.493274403736155,10.596921920776367,9490600
2011-12-27,10.576190295322416,10.64667062229115,10.567898306086654,10.613503456115723,5578000
2011-12-28,10.613506022987126,10.617652018607714,10.480837326199556,10.505712509155273,9702600
2011-12-29,10.530584105376471,10.601064425385129,10.51400091931019,10.584481239318848,11777800
2011-12-30,10.572046401406567,10.617651560497537,10.55131721496582,10.55131721496582,7502600
2012-01-03,10.725447037394696,10.787635398893935,10.692279858543907,10.700571060180664,53679800
2012-01-04,10.696424193477343,10.750321348953543,10.63838183290407,10.729591369628906,9488600
2012-01-05,10.717153883258478,10.78348823376946,10.667402724991325,10.762758255004883,13513800
2012-01-06,10.7710479647843,10.791777939157464,10.717151612949406,10.766901969909668,9978400
2012-01-09,10.8042158362389,10.812507826527874,10.7212983056523,10.750319480895996,8173200
2012-01-10,10.853966325256236,10.874695508946749,10.78763198852539,10.78763198852539,11466200
2012-01-11,10.766902681411475,10.849821002848234,10.758611481881973,10.820799827575684,8307600
2012-01-12,10.845675554830803,10.882988722282908,10.783487205999881,10.874696731567383,9731000
2012-01-13,10.808360681016998,10.824944659829864,10.733734357894361,10.812506675720215,11943000
2012-01-17,10.887136958654901,10.93688733165318,10.837385794888702,10.862261772155762,11066200
2012-01-18,10.891280358345654,11.032241032848447,10.887134363122899,11.019803047180176,14418800
2012-01-19,11.077844663628573,11.123449817284769,11.06540746955338,11.0985746383667,14850400
2012-01-20,11.077843386463162,11.127594529331168,11.073697391993528,11.111010551452637,26720600
2012-01-23,11.127596734416633,11.206369063414295,11.077845581689756,11.14832592010498,58044400
2012-01-24,11.098573613369858,11.160761950305535,11.08613562967568,11.140032768249512,11501800
2012-01-25,11.24368340153258,11.260266593657196,11.127597893588959,11.227099418640137,35868400
2012-01-26,11.26441296566687,11.276850953251692,11.106869076765058,11.152473449707031,17425800
2012-01-27,11.111014281858811,11.181494629970429,11.111014281858811,11.152473449707031,16520400
2012-01-30,11.057113858918797,11.202220497745381,11.048821870238976,11.185636520385742,15382400
2012-01-31,11.26026384237176,11.264409837081855,11.140033158849516,11.206367492675781,16178600
2012-02-01,11.314161718700536,11.368058071901896,11.272702559670735,11.318306922912598,17944800
2012-02-02,11.359766334157168,11.392933503963864,11.318307174206874,11.347329139709473,12041000
2012-02-03,11.442685094082938,11.51316543147843,11.421955117926775,11.492435455322266,14786400
2012-02-06,11.459268863051935,11.504874022131297,11.43024768573517,11.49658203125,13401200
2012-02-07,11.492433268578422,11.554622394446033,11.438536922363088,11.52560043334961,14776000
2012-02-08,11.550477372533168,11.608519718077908,11.513164210177933,11.596081733703613,22989800
2012-02-09,11.649981665516886,11.724608008101143,11.612668494224758,11.708024024963379,18972800
2012-02-10,11.629249527508769,11.64583350756755,11.579499168867807,11.62095832824707,12739000
2012-02-13,11.703878196216033,11.720462179590482,11.629251852566714,11.695586204528809,16844000
2012-02-14,11.68314999802656,11.7246091692089,11.620961636637007,11.716317176818848,13086000
2012-02-15,11.774355903048809,11.848982229959539,11.63339523905469,11.654125213623047,24426200
2012-02-16,11.654127210702962,11.836546273558222,11.637543228206406,11.824109077453613,20095600
2012-02-17,11.861422247303055,11.861422247303055,11.782649911980032,11.824109077453613,18570000
2012-02-21,11.840690329377265,11.927754641685224,11.803377165640665,11.873857498168945,19440800
2012-02-22,11.857276459046824,11.88629763815553,11.807525301454884,11.832401275634766,16206000
2012-02-23,11.819961723564164,11.898734049835234,11.753627382736225,11.87800407409668,11013400
2012-02-24,11.919467050916017,11.969218217849052,11.915321054440934,11.948488235473633,10992000
2012-02-27,11.89044306016634,12.002382566271521,11.828254709252723,11.969215393066406,17053000
2012-02-28,11.981650000130834,12.056276321411133,11.956774823293273,12.056276321411133,20220200
2012-02-29,12.064571586480282,12.1101759579374,11.956778069891753,12.0023832321167,20911600
2012-03-01,12.064571587342563,12.09359276666312,12.010674433660531,12.072863578796387,27944800
2012-03-02,12.064568310612858,12.101881471253007,12.023109155371847,12.056276321411133,17570800
2012-03-05,12.043841483115878,12.06457146153427,11.907026788625778,11.952631950378418,14492400
2012-03-06,11.836545944213867,11.861421917266544,11.770211597608974,11.836545944213867,28072800
2012-03-07,11.886294665063966,11.94019101410376,11.86971068642549,11.92360782623291,21582000
2012-03-08,11.985797106390716,12.068715424563251,11.960921927246032,12.043839454650879,14517800
2012-03-09,12.060422244549208,12.110172597929541,12.056276249972912,12.097735404968262,12731600
2012-03-12,12.089444622158236,12.126757786300576,12.0562774530059,12.114319801330566,11853600
2012-03-13,12.18480214307068,12.35478401184082,12.17236494681831,12.35478401184082,38024200
2012-03-14,12.363074597925547,12.454284910837103,12.321615436671905,12.40038776397705,25483600
2012-03-15,12.450137674834473,12.462574868433643,12.379657344957783,12.433553695678711,24901000
2012-03-16,12.465165461286746,12.465165461286746,12.406936712657135,12.427732467651367,18957600
2012-03-19,12.452686346240894,12.548348073300316,12.423571976553859,12.519233703613281,17861600
2012-03-20,12.444367780223594,12.523393064923551,12.411094101398414,12.506755828857422,11426200
2012-03-21,12.527558443399501,12.5816279001963,12.498443266177802,12.502602577209473,17650000
2012-03-22,12.448532781800145,12.506761548044734,12.427736227207475,12.473487854003906,15001800
2012-03-23,12.494284408596576,12.494284408596576,12.406940465922249,12.473487854003906,19023200
2012-03-26,12.556665484763414,12.660645819829972,12.527551117873898,12.656486511230469,24374400
2012-03-27,12.66896875370947,12.702243235926641,12.64401368535391,12.652332305908203,12876000
2012-03-28,12.652328525627226,12.698080131698788,12.544188870653496,12.606576919555664,12979000
2012-03-29,12.540036479456514,12.598266044754268,12.490126330124175,12.581628799438477,11474400
2012-03-30,12.62321570151651,12.63569283684063,12.5067574142126,12.544190406799316,16014600
2012-04-02,12.540033982128643,12.693925297422433,12.515078912432235,12.677288055419922,32815600
2012-04-03,12.698081459620681,12.735514451538013,12.602418928439075,12.668966293334961,13552400
2012-04-04,12.564984515989874,12.573303133988192,12.440208419243417,12.519233703613281,18419600
2012-04-05,12.477644603357149,12.560829218035774,12.46516667316317,12.548351287841797,10119800
2012-04-09,12.39445310504397,12.52338926551797,12.386135282841485,12.461000442504883,13779800
2012-04-10,12.465162383026453,12.515073293317238,12.257201711211021,12.286316871643066,28745800
2012-04-11,12.38613935666873,12.41941303634297,12.327909822258487,12.357024192810059,18613200
2012-04-12,12.386140596953837,12.52339463851738,12.373662668336358,12.510916709899902,18139000
2012-04-13,12.47764550087322,12.47764550087322,12.302958432128701,12.315436363220215,21060800
2012-04-16,12.386137671460435,12.390296980017204,12.165699077793658,12.186494827270508,40978000
2012-04-17,12.228091193780575,12.473484927243142,12.223931883837976,12.452689170837402,20538200
2012-04-18,12.381982577389271,12.415256263861872,12.31959451441655,12.361186027526855,14212800
2012-04-19,12.319594811293204,12.43189301002735,12.15322558161378,12.223932266235352,38465200
2012-04-20,12.273837634631164,12.32374774628346,12.16569800164196,12.178175926208496,23242600
2012-04-23,12.082513809204102,12.115787482467422,11.978533481092855,12.082513809204102,31060600
2012-04-24,12.070040757245382,12.144906745719446,12.011811214372656,12.057562828063965,19248800
2012-04-25,12.319593243045666,12.411095673075538,12.319593243045666,12.3986177444458,28710400
2012-04-26,12.394456130239197,12.519233013413638,12.394456130239197,12.494277954101562,18953600
2012-04-27,12.510918552556477,12.531714310007976,12.440211866591172,12.49012279510498,11353200
2012-04-30,12.47348435095693,12.4818029704578,12.386141226119443,12.402777671813965,20123600
2012-05-01,12.394459344899177,12.569146392005067,12.377822898811932,12.44437026977539,23355800
2012-05-02,12.377823178485126,12.456848480780002,12.348708802194187,12.452689170837402,12842600
2012-05-03,12.473489087810979,12.477648399140929,12.315439223810504,12.348712921142578,18397800
2012-05-04,12.240567536580395,12.261363290289902,12.086676261885732,12.090835571289062,24187200
2012-05-07,12.015970524099794,12.119950887356614,11.995174768771317,12.057562828063965,16165400
2012-05-08,11.995175427306691,12.049244870113476,11.862080681960212,12.015971183776855,20341600
2012-05-09,11.891195058341346,12.074200729846384,11.845443442138272,12.015971183776855,20923600
2012-05-10,12.032606750677916,12.04092536943233,11.899512023835902,11.924467086791992,17288600
2012-05-11,11.89951420738644,12.061723336326986,11.882876966824695,11.932787895202637,14323000
2012-05-14,11.849604544099956,11.920311237421595,11.812171542146887,11.828808784484863,28108600
2012-05-15,11.857922200990428,11.93694750905477,11.770578272433562,11.795534133911133,16883200
2012-05-16,11.849599188676107,11.857917806085498,11.687390115728089,11.699867248535156,25618800
2012-05-17,11.716509222910535,11.737304981539282,11.52934422202245,11.533503532409668,22552600
2012-05-18,11.57924904856689,11.616682029009144,11.400402762744319,11.425357818603516,25196200
2012-05-21,11.450318148124225,11.712348320441953,11.425362289193217,11.708189010620117,17104400
2012-05-22,11.745622332287004,11.778896018479598,11.60420896764167,11.670756340026855,15628600
2012-05-23,11.583412211149174,11.71650694442814,11.475272542033215,11.683233261108398,17437400
2012-05-24,11.716504031427979,11.720663339972242,11.529339113471066,11.616683006286621,16600800
2012-05-25,11.608366561781537,11.637480933733343,11.566774261861614,11.591730117797852,10010400
2012-05-29,11.7123460949198,11.795530688935704,11.662435973155924,11.745619773864746,14668400
2012-05-30,11.641641963771743,11.70818933615693,11.60420896764167,11.670756340026855,11103000
2012-05-31,11.649956681333741,11.691548973469386,11.53349842201533,11.616683006286621,23844200
2012-06-01,11.417045907652227,11.483593286608503,11.313065528869629,11.313065528869629,24028600
2012-06-04,11.350495689797416,11.40456512418571,11.246515337021583,11.379610061645508,15706600
2012-06-05,11.350495388321546,11.462793563423316,11.338017460729297,11.450316429138184,14268000
2012-06-06,11.529338568848857,11.724822094660057,11.525179260501071,11.7123441696167,17740600
2012-06-07,11.824645291337548,11.828804600450828,11.645798966001953,11.654117584228516,13362200
2012-06-08,11.645800308474762,11.791372970992134,11.612526625039978,11.78305435180664,15210200
2012-06-11,11.87871309811931,11.887031715207836,11.595886463565304,11.616683006286621,27117400
2012-06-12,11.641643264876746,11.745623645013167,11.575095885054026,11.733145713806152,16018800
2012-06-13,11.716506876556013,11.774735623701453,11.629162962530671,11.662437438964844,22709000
2012-06-14,11.670756910667386,11.7622601471515,11.59589091474667,11.720667839050293,21162400
2012-06-15,11.766175485433068,11.874735041364463,11.749473647726337,11.845507621765137,29203400
2012-06-18,11.807929743630355,11.979119604860717,11.791227905272523,11.93319034576416,17272400
2012-06-19,11.99582273743663,12.075154890687198,11.98329715287281,12.025050163269043,13112000
2012-06-20,12.041750634213185,12.083504436245553,11.949892906852002,12.045926094055176,18961600
2012-06-21,12.03757306032361,12.05427489675838,11.74529729381425,11.761999130249023,12344600
2012-06-22,11.803752421116888,11.903961046286032,11.778699667534083,11.891434669494629,28528600
2012-06-25,11.78288066705678,11.78288066705678,11.628392595922294,11.649269104003906,10928800
2012-06-26,11.682671676741416,11.72442548815575,11.611690436253362,11.695198059082031,11241000
2012-06-27,11.745299877293592,11.799580061258599,11.716072453491313,11.7661771774292,14875400
2012-06-28,11.686846080011914,11.703547921621432,11.536532691076829,11.670145034790039,21093800
2012-06-29,11.870560393332827,12.01252283799387,11.841332971735703,11.995820999145508,17999400
2012-07-02,12.029224908195342,12.066803252427228,11.970770060006886,12.062627792358398,16942800
2012-07-03,12.054278674749819,12.158662796020508,12.045927753915128,12.158662796020508,6851000
2012-07-05,12.129434573099093,12.221293109505392,12.079330640866244,12.158662796020508,14129200
2012-07-06,12.079328900935694,12.079328900935694,11.895612650973593,11.979120254516602,13804400
2012-07-09,11.949893520230187,11.979120944236804,11.88308695571675,11.954068183898926,14639400
2012-07-10,11.999998271295663,12.04175207833541,11.778703651456349,11.820457458496094,14580200
2012-07-11,11.812106441339964,11.841333865142243,11.670143985968119,11.7661771774292,15684200
2012-07-12,11.682671994767125,11.6993738383426,11.553235892608118,11.649269104003906,19515800
2012-07-13,11.674319829111603,11.832984140622433,11.670145165050268,11.803756713867188,13778800
2012-07-16,11.803753718866844,11.849682179376819,11.76617538074849,11.791227340698242,9420600
2012-07-17,11.866388494515713,11.874739416445859,11.691023115921382,11.83716106414795,16763800
2012-07-18,11.837160024257887,12.070980243046726,11.828809103061367,12.041752815246582,16260400
2012-07-19,12.116909809035189,12.187891048163038,12.100207966234425,12.146137237548828,19684800
2012-07-20,12.125254143526192,12.137779722434685,11.9999927797304,12.008343696594238,31410600
2012-07-23,11.803752421116888,11.933188462411945,11.711893917421321,11.891434669494629,13050200
2012-07-24,11.895611048288528,11.924838466674538,11.695193782452384,11.770350456237793,15751800
2012-07-25,11.686844113922056,11.79957913665784,11.657616692410002,11.724422454833984,16461200
2012-07-26,11.89561502871119,11.95406988504294,11.837160172379438,11.903965950012207,14088000
2012-07-27,11.970771573060688,12.183715285160682,11.93736868467565,12.162837982177734,18278200
2012-07-30,12.179538595186026,12.25887074573824,12.14196024999748,12.167012214660645,17853000
2012-07-31,12.200415468365083,12.283923081615988,12.192065344150091,12.217117309570312,17480600
2012-08-01,12.29644853744068,12.29644853744068,12.133608783490843,12.175362586975098,18240600
2012-08-02,12.075149923981987,12.23381336883465,12.03339613437214,12.096026420593262,13260800
2012-08-03,12.304796215220668,12.371601968961565,12.250516838951464,12.334024429321289,16377200
2012-08-06,12.379956207958703,12.475989405171857,12.371605287404266,12.421710014343262,22640400
2012-08-07,12.463462795560591,12.555320524940882,12.44676095582551,12.505216598510742,15374800
2012-08-08,12.480163408851967,12.54279450931275,12.459286906290053,12.509390830993652,17118400
2012-08-09,12.53027190575907,12.572025719852327,12.50104447481012,12.551148414611816,8787600
2012-08-10,12.509392530740287,12.584549224395325,12.484340564984485,12.580373764038086,22866200
2012-08-13,12.580373048437467,12.622126853247172,12.530269119775891,12.617951393127441,10418400
2012-08-14,12.655531547836675,12.659707008553587,12.555322879793893,12.592901229858398,12665400
2012-08-15,12.59707260131836,12.626300020461247,12.576196100898422,12.59707260131836,11301600
2012-08-16,12.663878764933095,12.78913936424941,12.647177723338405,12.76826286315918,14334000
2012-08-17,12.789140122001603,12.843420302272232,12.776614539160317,12.839244842529297,16269800
2012-08-20,12.826720499589104,12.868474307259499,12.78496748830635,12.851773262023926,16192600
2012-08-21,12.901874381466573,12.926926342052344,12.730684524086792,12.76826286315918,20252400
2012-08-22,12.739033925069938,12.822540715867493,12.693104672479489,12.789137840270996,37100000
2012-08-23,12.734859085669276,12.764086503689809,12.655526953622532,12.684754371643066,14113800
2012-08-24,12.643002534588183,12.78496497492673,12.613774317493496,12.764087677001953,12511800
2012-08-27,12.818371816209583,12.826721941572272,12.751566034981686,12.776618003845215,9647400
2012-08-28,12.764092749333807,12.793320181655721,12.709813345934226,12.747391700744629,15733800
2012-08-29,12.764089989656387,12.81001925702508,12.722336182629178,12.772440910339355,9583000
2012-08-30,12.713987435723418,12.730688482511058,12.622128891034391,12.63047981262207,12042200
2012-08-31,12.726508820979895,12.772438078164182,12.597072764645711,12.730684280395508,13221200
2012-09-04,12.71815790214867,12.76826261874857,12.605423683476937,12.730684280395508,13611800
2012-09-05,12.722335135595992,12.780790779178307,12.688932252000768,12.718159675598145,17578600
2012-09-06,12.810015529538125,13.006257330159215,12.793313693032127,13.002081871032715,15790800
2012-09-07,12.964504103009196,13.00625789971523,12.935276684231201,12.981205940246582,16006200
2012-09-10,12.956156974272428,12.993735320351519,12.843421936035156,12.843421936035156,12528400
2012-09-11,12.86429799857587,12.943630148279658,12.855947874702515,12.876824378967285,10634400
2012-09-12,12.931104516848157,12.960332739454337,12.868474204038757,12.947806358337402,10383200
2012-09-13,12.960330007061444,13.173272866441687,12.951979088077424,13.1231689453125,17639000
2012-09-14,13.156575032534324,13.244257314081741,13.144048651004265,13.185802459716797,20608200
2012-09-17,13.194151604566233,13.206677188022459,13.152397801474518,13.19832706451416,7630800
2012-09-18,13.169099889364439,13.206677436828613,13.164924429337848,13.206677436828613,10617800
2012-09-19,13.198328397188881,13.252607789217576,13.173275634971667,13.219204902648926,34489800
2012-09-20,13.173275530349379,13.21085387698912,13.12734705942452,13.19415283203125,14270400
2012-09-21,13.252850440048856,13.290584022421465,13.185768693536998,13.21092414855957,17937800
2012-09-24,13.110298486694367,13.148032060311323,13.076757621221217,13.127068519592285,9361400
2012-09-25,13.156419960174732,13.168998087745091,12.938404680031072,12.942597389221191,10879600
2012-09-26,12.91743783253132,12.925823248768344,12.77908166332966,12.850356101989746,14782000
2012-09-27,12.867125302123199,13.047407729961805,12.854547179363342,13.018058776855469,9697200
2012-09-28,12.984520483810972,13.030639476707611,12.904861422942508,12.925824165344238,16246800
2012-10-01,12.976136610719056,13.047411058520181,12.862935876033022,12.896476745605469,29855000
2012-10-02,12.955173396409018,12.976136940222505,12.816817205949718,12.913247108459473,15035400
2012-10-03,12.955173107537643,13.009677520559954,12.896476785523534,12.980328559875488,10537400
2012-10-04,12.992903331012958,13.043215022375184,12.934207024154698,13.018058776855469,7925600
2012-10-05,13.076760008379907,13.089337335430004,12.917440268540695,12.950981140136719,9157800
2012-10-08,12.858740701452117,12.896474272444618,12.795851683023702,12.816814422607422,35163800
2012-10-09,12.79165738219728,12.800042796857415,12.61556767272022,12.653301239013672,30969400
2012-10-10,12.657500295451154,12.678463042939425,12.577840415576123,12.602995872497559,26970200
2012-10-11,12.695231774960249,12.699424483697985,12.552682876586914,12.552682876586914,13798800
2012-10-12,12.556873435033399,12.619762455975216,12.519139862532851,12.544295310974121,14276400
2012-10-15,12.573646398817758,12.623958107107105,12.498179236222471,12.607187271118164,10338200
2012-10-16,12.623956088572712,12.791660423259309,12.623956088572712,12.779082298278809,22450400
2012-10-17,12.674268221603691,12.753928088205067,12.649112768873886,12.71200180053711,21197000
2012-10-18,12.678457781131018,12.724576766077998,12.519138887178974,12.56525707244873,24502400
2012-10-19,12.55687128100002,12.55687128100002,12.280158996582031,12.280158996582031,25686400
2012-10-22,12.280161905036193,12.393361830252449,12.255005655274946,12.364013671875,12177800
2012-10-23,12.280164386402893,12.347246133299612,12.213081839828671,12.229852676391602,21124000
2012-10-24,12.267584992706643,12.301125862692876,12.137614221469669,12.158576965332031,12784600
2012-10-25,12.234046434207038,12.250816472529957,12.087304800413042,12.133423805236816,10469800
2012-10-26,12.116651983950039,12.208889986112322,12.041184818427265,12.154385566711426,19385400
2012-10-31,12.150191721566904,12.166962556638419,12.06633994524162,12.104073524475098,38869000
2012-11-01,12.166963936696735,12.313705561507186,12.141807681236072,12.301127433776855,12538200
2012-11-02,12.338861859328382,12.35563189776907,12.129231180915538,12.14180850982666,18269000
2012-11-05,12.15019188371217,12.238237169657735,12.120843721622794,12.20888900756836,12036400
2012-11-06,12.26339054107666,12.351435012398259,12.234042383969461,12.26339054107666,12140800
2012-11-07,12.133424326616574,12.137617036296858,11.92379364066794,11.957334518432617,20196800
2012-11-08,11.99506730215141,12.032800887068044,11.78124392084967,11.785436630249023,18926800
2012-11-09,11.777047236002238,11.95732968093074,11.768661820034103,11.839936256408691,28790800
2012-11-12,11.8860558709497,11.902825904092468,11.7812405648561,11.823166847229004,10224000
2012-11-13,11.735125746907007,11.873481968158437,11.701584869018104,11.764473915100098,20176000
2012-11-14,11.818973637475201,11.844129085960521,11.62192035858788,11.647076606750488,30501800
2012-11-15,11.655464382268066,11.70158338338916,11.542264433563346,11.579998016357422,17899000
2012-11-16,11.592573763271051,11.638692758102817,11.408098583621385,11.596766471862793,17345200
2012-11-19,11.739315508818132,11.92379069072352,11.730930091532112,11.9154052734375,21953600
2012-11-20,11.898634099711806,11.902826808235309,11.756086008299645,11.865093231201172,29239400
2012-11-21,11.869282589138782,11.927979692220797,11.852512559456178,11.902823448181152,20198200
2012-11-23,11.978292533241929,12.104071374908893,11.96152250082604,12.095685958862305,16571000
2012-11-26,12.074724151175447,12.150191307067871,12.028605955656944,12.150191307067871,16138400
2012-11-27,12.13761223941796,12.17534581195032,12.066337802376532,12.095685958862305,21487800
2012-11-28,12.016029247675387,12.17534899550968,11.948947501117,12.166963577270508,22532200
2012-11-29,12.22565746307373,12.26758374621581,12.171153854763164,12.22565746307373,27040800
2012-11-30,12.221464869157002,12.246620319406711,12.171153968657581,12.213079452514648,12603600
2012-12-03,12.30531999063061,12.322090027719183,12.18373382310903,12.196311950683594,15813000
2012-12-04,12.196310071235777,12.20469548832663,12.112457499682034,12.175347328186035,21323600
2012-12-05,12.15018945956671,12.15018945956671,11.978292430472894,12.053759574890137,25176600
2012-12-06,12.020221865140394,12.154385357234165,11.969910155766483,12.12503719329834,19477800
2012-12-07,12.18373442166885,12.19631254986135,12.011837334759118,12.062149047851562,47442800
2012-12-10,12.03279824091386,12.15019087956954,12.024412823959205,12.0914945602417,27452400
2012-12-11,12.187924102152914,12.326280279176258,12.166961360052577,12.255005836486816,19842000
2012-12-12,12.313705860565904,12.322090479578904,12.204697816621486,12.23404598236084,13110000
2012-12-13,12.21726956704907,12.271773963975459,12.104069665119601,12.145995140075684,17561400
2012-12-14,12.066341907513404,12.104075492883254,11.995067446223418,12.028608322143555,18332200
2012-12-17,12.028605727805678,12.179539237054072,12.024413019260251,12.175347328186035,17626200
2012-12-18,12.229850909940275,12.3682070928906,12.187924624266186,12.355628967285156,22085000
2012-12-19,12.384978816884095,12.393363434879433,12.288548113001989,12.292740821838379,18421600
2012-12-20,12.301123505924641,12.334664369484791,12.229849070899665,12.313701629638672,14209600
2012-12-21,12.152623355171063,12.224307842312873,12.110455867862127,12.207441329956055,27099200
2012-12-24,12.173709869384766,12.194793215002079,12.148408889510293,12.173709869384766,5188600
2012-12-26,12.17370778266996,12.211657637420462,12.055638976328357,12.106239318847656,8450000
2012-12-27,12.097804704008798,12.127321700229079,11.937568432701811,12.093587875366211,21490400
2012-12-28,11.996606976393974,12.080941162752842,11.946005821156191,11.958656311035156,16506800
2012-12-31,11.929134996536721,12.215872091714985,11.912267682790935,12.165271759033203,30372600
2013-01-02,12.489961514607257,12.578512507478672,12.430926715081783,12.57007884979248,30083000
2013-01-03,12.561648024846692,12.595381856760952,12.45201287005585,12.48996353149414,19579400
2013-01-04,12.47731510098662,12.489965591645346,12.397196935370955,12.439364433288574,13665800
2013-01-07,12.401411545260647,12.452012694557864,12.350811200241411,12.422494888305664,15376000
2013-01-08,12.422494544850844,12.447795520938929,12.308643369566312,12.376111030578613,11130400
2013-01-09,12.388765015438988,12.422498857656752,12.371898496469225,12.397198677062988,23198600
2013-01-10,12.48574733615635,12.489964165894566,12.355028027105746,12.46044635772705,19470600
2013-01-11,12.456229698346933,12.494179555503475,12.430928721205246,12.477313041687012,10115800
2013-01-14,12.392981846250988,12.426715688468752,12.350815146687463,12.397198677062988,19463000
2013-01-15,12.342380526975376,12.342380526975376,12.270696017292419,12.317079544067383,16168400
2013-01-16,12.325508612240949,12.409843581952563,12.308642100865352,12.35924243927002,17444800
2013-01-17,12.42249408179309,12.456228715319718,12.39719391092605,12.409844398498535,12706200
2013-01-18,12.363461664376427,12.397195497943533,12.329727830809318,12.39297866821289,15481000
2013-01-22,12.40141376644039,12.426713943481445,12.333946091478824,12.426713943481445,12799000
2013-01-23,12.54056580766433,12.603816651705364,12.52369929124984,12.557433128356934,18974600
2013-01-24,12.359244176404934,12.4562296464883,12.325510344634456,12.342377662658691,26757000
2013-01-25,12.388765811548607,12.435150149183059,12.33816544710947,12.355031967163086,32417000
2013-01-28,12.371898496469225,12.439366180904754,12.346598315875461,12.397198677062988,14428400
2013-01-29,12.376109936153197,12.4435775911993,12.31707513477944,12.414060592651367,13582800
2013-01-30,12.40562803173675,12.464662034053022,12.359243713186558,12.376111030578613,11926600
2013-01-31,12.418282831122992,12.489967346370522,12.384548988905227,12.397198677062988,10834600
2013-02-01,12.502613556387944,12.565864392415529,12.45623003891599,12.536347389221191,14645000
2013-02-04,12.494180639785176,12.51104795934343,12.363462130320972,12.371895790100098,21763600
2013-02-05,12.41827983863791,12.561648834584739,12.405629349250349,12.515264511108398,19259200
2013-02-06,12.460446211295338,12.56164851526716,12.460446211295338,12.51104736328125,14869600
2013-02-07,12.523697852347233,12.536347537135192,12.392978544832808,12.51104736328125,19868600
2013-02-08,12.561645860736553,12.650196852651744,12.557429031938993,12.62067985534668,18265200
2013-02-11,12.637550035939809,12.658634186050005,12.595383344275593,12.645983695983887,12871200
2013-02-12,12.633328258354595,12.658629228578267,12.5827279264628,12.603811264038086,10737800
2013-02-13,12.620682078610194,12.650199081114982,12.561648073600615,12.599597930908203,17994600
2013-02-14,12.527911998412801,12.582729971863984,12.506828657410287,12.565862655639648,12739000
2013-02-15,12.574299644771422,12.62068397239797,12.51948246107669,12.557433128356934,10023400
2013-02-19,12.578516656875184,12.641767501831055,12.578516656875184,12.641767501831055,9237200
2013-02-20,12.63754983012554,12.645983490032268,12.464663823427983,12.468880653381348,13324400
2013-02-21,12.42671073420023,12.435144392461908,12.32550924789384,12.367676734924316,33263200
2013-02-22,12.452011143439256,12.523695626851918,12.405626829384627,12.519478797912598,17345400
2013-02-25,12.586948144064152,12.629115634846748,12.333944003646574,12.342377662658691,16158600
2013-02-26,12.376109936153197,12.439360762224183,12.31707513477944,12.414060592651367,15219000
2013-02-27,12.397193171505988,12.582729623446621,12.384543488965914,12.519478797912598,16499400
2013-02-28,12.523694664932055,12.60381199579182,12.494176864624023,12.494176864624023,13330400
2013-03-01,12.435146353543276,12.544781515401326,12.376112344957422,12.515264511108398,11010400
2013-03-04,12.477315595798,12.561650594977705,12.460448274250796,12.553216934204102,9996800
2013-03-05,12.624893744838635,12.755612190017931,12.624893744838635,12.726095199584961,24873600
2013-03-06,12.768269690646559,12.772486520779848,12.696585186936858,12.717668533325195,14349800
2013-03-07,12.721881723112995,12.768266037028274,12.705014407406392,12.74718189239502,10654000
2013-03-08,12.806216699160593,12.806216699160593,12.73453221592931,12.772482872009277,11980400
2013-03-11,12.747185871592912,12.810436716681478,12.709235203684146,12.802003860473633,10737000
2013-03-12,12.768268584702076,12.789351929264244,12.700800916969486,12.75561809539795,9704200
2013-03-13,12.75139872132167,12.79778303523695,12.705014407406392,12.74718189239502,10970800
2013-03-14,12.789350368434723,12.84838436942664,12.789350368434723,12.839951515197754,11512200
2013-03-15,12.841645243428575,12.850113386651566,12.752732162286927,12.786603927612305,19710200
2013-03-18,12.684987919518731,12.845879411699856,12.668052440511904,12.790837287902832,12344800
2013-03-19,12.824708077129715,12.850111695889604,12.668050678383025,12.773900032043457,14551600
2013-03-20,12.845879069880228,12.867048619967104,12.799305090609213,12.837410926818848,14613800
2013-03-21,12.710394847030386,12.744266619266595,12.663820857368068,12.693458557128906,11593600
2013-03-22,12.727326058011593,12.790835508694556,12.714624652414889,12.773900032043457,6818400
2013-03-25,12.828940736036024,12.850111090310318,12.697687769801183,12.744261741638184,9150200
2013-03-26,12.807771700828503,12.828941248381796,12.778134011227305,12.824707984924316,8449600
2013-03-27,12.7357959716724,12.799305431189543,12.714626421022217,12.790837287902832,14460800
2013-03-28,12.761200092072102,12.828943625876823,12.74003054059561,12.816242218017578,14831800
2013-04-01,12.82894480597149,12.82894480597149,12.697691798097114,12.731563568115234,9260000
2013-04-02,12.778134588757824,12.837409970639278,12.752730969032417,12.782368659973145,8435600
2013-04-03,12.795069441176096,12.816239796218792,12.659582399168729,12.680752754211426,16947400
2013-04-04,12.680752851027565,12.710390540747149,12.625710735062787,12.684986114501953,11271400
2013-04-05,12.511395705107413,12.608777743104108,12.47752393767232,12.587607383728027,14025000
2013-04-08,12.596075666997121,12.64264965057373,12.54950168342051,12.64264965057373,12646000
2013-04-09,12.6722881724752,12.765435338133354,12.61724604146657,12.731563568115234,11940200
2013-04-10,12.765434884134942,12.968665497015829,12.756966740039903,12.955964088439941,21103800
2013-04-11,12.888218282218942,12.934791451410465,12.85858059066983,12.91362190246582,12486400
2013-04-12,12.854346517992653,12.892452352142158,12.773900778391859,12.858580589294434,11499000
2013-04-15,12.812009700954063,12.837413327321922,12.64688491821289,12.64688491821289,32840200
2013-04-16,12.740031715618056,12.820477472268218,12.706159945591677,12.80354118347168,16621000
2013-04-17,12.689222217135464,12.697690360572977,12.485991620034781,12.541033744812012,24093000
2013-04-18,12.596073692507932,12.600307763766338,12.37590683246998,12.409778594970703,31544800
2013-04-19,12.38437594250478,12.473289023177983,12.320866483800124,12.426715850830078,17220000
2013-04-22,12.469056125483615,12.557969208768993,12.40977992906009,12.524097442626953,14642600
2013-04-23,12.583370476612648,12.706156110628383,12.54526464588821,12.659582138061523,24907600
2013-04-24,12.57913666513943,12.714624514713266,12.566435259680283,12.680752754211426,11095800
2013-04-25,12.710390673473844,12.790835601390897,12.693454389133526,12.723092079162598,12937600
2013-04-26,12.701922434660611,12.75696374321489,12.668050673804176,12.71885871887207,10734200
2013-04-29,12.748502094565302,12.934796458580589,12.748502094565302,12.900924682617188,16512000
2013-04-30,12.91785693800417,13.04487585628625,12.88821924424279,13.040641784667969,26792000
2013-05-01,13.023707027955375,13.040642507801023,12.913623582475457,12.926325798034668,17378400
2013-05-02,12.943258576537351,13.108383306511298,12.939024505567959,13.091447830200195,12827000
2013-05-03,13.201533897899438,13.243873808510546,13.184597610628344,13.214235305786133,20859400
2013-05-06,13.248107552462896,13.294680726172555,13.231171265610943,13.277745246887207,14483000
2013-05-07,13.286206368275595,13.307376716938347,13.201527396323268,13.269270896911621,12561000
2013-05-08,13.25657335974147,13.379359002560218,13.231169739959372,13.37512493133545,16986800
2013-05-09,13.349720225641553,13.417463744594334,13.298912182643743,13.337018013000488,20527800
2013-05-10,13.362422717661143,13.396294479892779,13.315849549321715,13.37512493133545,9388600
2013-05-13,13.36242378456154,13.379360070812865,13.32008387649981,13.341254234313965,9465800
2013-05-14,13.328551438913046,13.430166729293973,13.328551438913046,13.383593559265137,14746800
2013-05-15,13.375125641952735,13.430166955666033,13.345487949371226,13.425932884216309,12837600
2013-05-16,13.45980737357775,13.578358160795,13.455573301524753,13.497912406921387,18301800
2013-05-17,13.54871634847709,13.637629411882086,13.514844589908554,13.63339614868164,34379200
2013-05-20,13.59952358254668,13.679970119550788,13.586822177812495,13.63339614868164,16182200
2013-05-21,13.603763663152586,13.63340136228813,13.540253384928727,13.591060638427734,16769000
2013-05-22,13.612227848641378,13.671503229671494,13.387826922851444,13.44286823272705,28816800
2013-05-23,13.328549547571257,13.48520693607435,13.298911859694938,13.43863296508789,34028800
2013-05-24,13.34972263246896,13.425933499356097,13.324318202606657,13.417466163635254,10553400
2013-05-28,13.565652086843471,13.607991177679281,13.451334603427439,13.480972290039062,12611800
2013-05-29,13.413234589499181,13.489446278143317,13.349725118151316,13.44710636138916,16462000
2013-05-30,13.459806307443117,13.586825228705349,13.442870020572629,13.531783103942871,17675000
2013-05-31,13.480976810254067,13.599527596451026,13.39629698505624,13.404765129089355,13932600
2013-06-03,13.42170213238245,13.47674345639746,13.328554158187762,13.472509384155273,20009200
2013-06-04,13.485208492388196,13.561419352479964,13.37512506216695,13.413230895996094,18547200
2013-06-05,13.379362710660102,13.413234482279323,13.265045178607705,13.281981468200684,15854600
2013-06-06,13.286215323088248,13.332789313970608,13.17189859352565,13.311619758605957,29453600
2013-06-07,13.379360196445509,13.447103726953763,13.311616665937255,13.434401512145996,13022800
2013-06-10,13.485209206328689,13.519080970684904,13.44286929899178,13.464038848876953,12782000
2013-06-11,13.341251353700436,13.459802909162578,13.30737959607788,13.324315071105957,14615200
2013-06-12,13.39629661630315,13.421701047703202,13.205768226202617,13.235405921936035,17901400
2013-06-13,13.210001850956424,13.413232449877817,13.188831492172978,13.387828826904297,15217200
2013-06-14,13.370889863168191,13.413229764692472,13.273508654958862,13.286210060119629,11558600
2013-06-17,13.370891699855964,13.489443278895456,13.353956221459788,13.408997535705566,13176800
2013-06-18,13.434402007151993,13.5487195219343,13.425933863634796,13.514847755432129,12637600
2013-06-19,13.527547281890602,13.531780545241157,13.34972034120851,13.358187675476074,22447400
2013-06-20,13.218469015956348,13.28197928391873,13.032174706470947,13.061812400817871,31563000
2013-06-21,13.080962426609386,13.097984237830568,12.893726561399541,12.983089447021484,24222200
2013-06-24,12.86819535078528,12.915004522525468,12.740535006314353,12.825641632080078,22370400
2013-06-25,12.957552895053274,12.983084791084279,12.851169048005692,12.93202018737793,16527600
2013-06-26,13.059683922468018,13.063939374604756,12.970321050885552,13.00861930847168,40940600
2013-06-27,13.085216040765108,13.140535296171585,13.063939591372892,13.072449684143066,13088600
2013-06-28,12.966065285309378,13.08521550732418,12.919256936225818,13.017129898071289,18291200
2013-07-01,13.115002921274419,13.18734398289962,13.072449212381155,13.08521556854248,19152800
2013-07-02,13.076708495779434,13.195858753261506,13.029900132762503,13.10649585723877,28990400
2013-07-03,13.072448040392482,13.24266286070521,13.072448040392482,13.183087348937988,23194200
2013-07-05,13.259686154811146,13.27670796445155,13.127770376676235,13.268197059631348,28408200
2013-07-08,13.336282032762009,13.349048389377613,13.225642710360331,13.259685516357422,15658000
2013-07-09,13.315005459795099,13.332026456813402,13.246919036788352,13.310750007629395,24937800
2013-07-10,13.306497455913739,13.395859535938456,13.302242002820464,13.35330581665039,17662800
2013-07-11,13.489475331576509,13.591603751581705,13.47670897470916,13.578837394714355,20648400
2013-07-12,13.591606298423432,13.604371846038301,13.536286219943387,13.587350845336914,14418000
2013-07-15,13.595858285145772,13.638411181872405,13.544793672771542,13.625645637512207,9100000
2013-07-16,13.617135371981787,13.646922725744874,13.591603470419786,13.634157180786133,9948400
2013-07-17,13.676710419689538,13.697986869579662,13.621390351343953,13.646923065185547,10961000
2013-07-18,13.655435376269121,13.68096809274051,13.583094302889426,13.612881660461426,8532400
2013-07-19,13.472455912917226,13.485222272049786,13.349051021214525,13.38309383392334,27199000
2013-07-22,13.408627034106054,13.43841439664434,13.378839671567768,13.421393394470215,10077200
2013-07-23,13.438411818940036,13.459688270487716,13.361815294737033,13.366070747375488,9169000
2013-07-24,13.515006644332141,13.523517548539248,13.429899225550066,13.455431938171387,11583000
2013-07-25,13.442665125945013,13.480963381933588,13.40011141799721,13.46394157409668,9657600
2013-07-26,13.40436532477405,13.502238273620605,13.37032252466897,13.502238273620605,12054000
2013-07-29,13.47245184977432,13.523516459259358,13.451175402614806,13.480962753295898,7955400
2013-07-30,13.532024711689123,13.604365758500146,13.519259169786444,13.549046516418457,11122600
2013-07-31,13.574579325299448,13.625643931279255,13.480961827921574,13.502238273620605,13681800
2013-08-01,13.5916038084845,13.659688610461808,13.587348356177568,13.646923065185547,15494600
2013-08-02,13.646920586845225,13.715006188102429,13.621387877640482,13.70649528503418,8849800
2013-08-05,13.676714298449465,13.753310838408199,13.67245965658044,13.736289024353027,8738200
2013-08-06,13.736287371503384,13.736287371503384,13.625648840036673,13.663947105407715,9372400
2013-08-07,13.634155288218167,13.668197277812428,13.574579777317199,13.629899024963379,10500000
2013-08-08,13.693729372087107,13.7022402749254,13.591600972960697,13.672452926635742,10117000
2013-08-09,13.651177224323389,13.6809645742346,13.56181436294534,13.60436725616455,7339200
2013-08-12,13.527775563746129,13.706499716091194,13.527775563746129,13.693734169006348,9966200
2013-08-13,13.710752239068432,13.812879834455838,13.64266663438054,13.787348747253418,9431000
2013-08-14,13.783094721407075,13.81713834092209,13.727774651339738,13.77458381652832,10591400
2013-08-15,13.638416076252517,13.638416076252517,13.532032172969284,13.553309440612793,14072200
2013-08-16,13.553306098954588,13.608625357898836,13.510752385804242,13.540539741516113,14471200
2013-08-19,13.549052371804251,13.634159808942478,13.497987747192383,13.497987747192383,9623600
2013-08-20,13.536285220636229,13.583094389487583,13.485221410657136,13.519264221191406,6635800
2013-08-21,13.519262604443824,13.59160366963357,13.455432443780996,13.48947525024414,12131600
2013-08-22,13.527770072151112,13.566067509503467,13.463939116060432,13.549046516418457,12098200
2013-08-23,13.663944874413277,13.676710419689538,13.608624806067693,13.646923065185547,10137000
2013-08-26,13.638413860458813,13.702244841374133,13.578839144025462,13.583094596862793,13585400
2013-08-27,13.455432645275314,13.502240997585258,13.3150059650564,13.344793319702148,13703000
2013-08-28,13.327773909735427,13.421392254498107,13.319263003548878,13.35330581665039,9001200
2013-08-29,13.378836520883597,13.493730490524767,13.361814711073313,13.425644874572754,9575400
2013-08-30,13.455428986657653,13.455428986657653,13.327767886487624,13.361810684204102,14343200
2013-09-03,13.417134094002062,13.47245334976256,13.32351576813034,13.374580383300781,14790000
2013-09-04,13.40436532477405,13.523515530964017,13.387343518899321,13.502238273620605,14321200
2013-09-05,13.519260720235266,13.557558973624158,13.48947337018711,13.510749816894531,7428000
2013-09-06,13.553307031725675,13.578838936715222,13.408624884043874,13.519264221191406,10285800
2013-09-09,13.600117389034692,13.710757554098155,13.587351840484866,13.680970191955566,11429200
2013-09-10,13.761818586036453,13.795860583041996,13.715009419775818,13.766073226928711,13548800
2013-09-11,13.651181898275999,13.73628771385333,13.64267099206039,13.702245712280273,18665400
2013-09-12,13.710754094976707,13.761817899582484,13.676710476380135,13.715008735656738,12104600
2013-09-13,13.740540834428494,13.757562642964698,13.680966127840783,13.727773666381836,7982400
2013-09-16,13.834155584480337,13.834155584480337,13.668197032871456,13.70649528503418,16322400
2013-09-17,13.727774651339738,13.804371171959398,13.723520010544922,13.77458381652832,12802800
2013-09-18,13.81714351591033,13.966080348847598,13.78309988364482,13.949058532714844,17652600
2013-09-19,13.970332477580959,14.004374476476098,13.94905440207109,13.957565307617188,13298400
2013-09-20,14.008017957245668,14.016570056936176,13.845532956564698,13.858360290527344,15559200
2013-09-23,13.948157835857453,13.98236624184295,13.828431677201365,13.901122093200684,16087000
2013-09-24,13.875469320706005,13.90540086447045,13.785674689412666,13.84126091003418,9495000
2013-09-25,13.858360303908736,13.875464503306269,13.777117803489803,13.819876670837402,9182600
2013-09-26,13.875464075373603,13.935327140272502,13.828428344054132,13.871187210083008,10130600
2013-09-27,13.789952192640309,13.811331637252197,13.73864119934236,13.785676956176758,12399000
2013-09-30,13.64028660769661,13.751461456675443,13.601802974758817,13.700150489807129,15044200
2013-10-01,13.712977871322172,13.84980820420997,13.700150537347138,13.819876670837402,16354000
2013-10-02,13.742911662581973,13.84125837855628,13.721532225395645,13.824155807495117,16256000
2013-10-03,13.832704045332372,13.836980910767402,13.636010645123273,13.704425811767578,12985200
2013-10-04,13.691601260794416,13.781395879427357,13.683049159332246,13.760016441345215,10681600
2013-10-07,13.661666856869335,13.781392989944147,13.65739080703479,13.700150489807129,9135400
2013-10-08,13.69160012728354,13.708704328791844,13.469250401114865,13.482078552246094,16185400
2013-10-09,13.52056175634517,13.584700878797387,13.417938181733795,13.5333890914917,20539800
2013-10-10,13.648841569056847,13.777120644269557,13.640289467594675,13.760016441345215,16409600
2013-10-11,13.73436007365941,13.875467300415039,13.721532737098558,13.875467300415039,17817200
2013-10-14,13.794216963018574,13.935324126459538,13.772837534627897,13.922496795654297,14279600
2013-10-15,13.888293700982683,13.956708876607367,13.83270586105436,13.836982727050781,14500600
2013-10-16,13.896845419163675,13.990916894737172,13.888293318552776,13.969535827636719,16384400
2013-10-17,13.879742526179895,13.986641347172307,13.849810986793743,13.973814010620117,14842200
2013-10-18,14.119198688174844,14.221820658990195,14.072162938573301,14.21327018737793,15869400
2013-10-21,14.273128182768597,14.328714384148766,14.260299217634051,14.290230751037598,10803000
2013-10-22,14.341545176032666,14.354372511654855,14.208990060399767,14.285957336425781,32716200
2013-10-23,14.217544555664062,14.247476097921092,14.15340460445802,14.217544555664062,10266600
2013-10-24,14.234643886403694,14.29450695042151,14.196160255085648,14.251748085021973,7067200
2013-10-25,14.354371537626443,14.38857993849296,14.281681132504591,14.324440002441406,6762600
2013-10-28,14.362926932245616,14.384306372117793,14.303063848144838,14.371479034423828,10021000
2013-10-29,14.452719548263449,14.499755288128371,14.397131707409772,14.465548515319824,9950000
2013-10-30,14.495478332015113,14.504028800842109,14.375750563535467,14.435613632202148,11149000
2013-10-31,14.405679072777218,14.469818993534748,14.371472311213559,14.38857650756836,57424000
2013-11-01,14.448443481880853,14.474098152224299,14.337267806571298,14.392855644226074,9270400
2013-11-04,14.435614446524008,14.461270747891138,14.392855575391835,14.448443412780762,11953400
2013-11-05,14.392854639617141,14.45271770776864,14.358647871164687,14.409958839416504,9023800
2013-11-06,14.482657276075617,14.559624586723972,14.465554697934897,14.555349349975586,10501600
2013-11-07,14.555339955178132,14.580994621403901,14.350094469641357,14.367197036743164,21070600
2013-11-08,14.39713218833186,14.504031007542448,14.328717009282943,14.49548053741455,17894400
2013-11-11,14.49120334180383,14.525411746123961,14.45271970251693,14.512582778930664,15659800
2013-11-12,14.448447288936888,14.581000803695234,14.448447288936888,14.551069259643555,9419400
2013-11-13,14.491200883770363,14.679343813324824,14.482648784140958,14.675066947937012,13496800
2013-11-14,14.580998346336573,14.649413525659838,14.55961890863803,14.63658618927002,16957000
2013-11-15,14.628035520953132,14.679348133832173,14.619483418806624,14.666519165039062,15412600
2013-11-18,14.692172674815023,14.696447909501133,14.580996999219488,14.610928535461426,10479800
2013-11-19,14.593829267051987,14.666519691184938,14.533966181025615,14.55962085723877,8898200
2013-11-20,14.572447486490894,14.64513789895143,14.478376005757028,14.512582778930664,8652200
2013-11-21,14.551066807329303,14.640863055497652,14.551066807329303,14.63658618927002,10782000
2013-11-22,14.636584749564076,14.636584749564076,14.585273777905389,14.606653213500977,6221800
2013-11-25,14.63230951490351,14.645136850031587,14.572446442777313,14.606653213500977,18360800
2013-11-26,14.610928017136025,14.696447388141916,14.598100682386358,14.657963752746582,10631800
2013-11-27,14.68789334477576,14.781964803551586,14.68789334477576,14.773412704467773,13210800
2013-11-29,14.799071884154225,14.876039159753445,14.79479501820625,14.83327865600586,8466000
2013-12-02,14.846106508327457,14.876038043130833,14.75203503829038,14.786243438720703,9883200
2013-12-03,14.734931409529745,14.83755498365438,14.734931409529745,14.820450782775879,11455800
2013-12-04,14.77769244785365,14.888866495304503,14.734931944106064,14.83327865600586,13147800
2013-12-05,14.871761177503888,14.871761177503888,14.764862372878596,14.786243438720703,8537400
2013-12-06,14.888867378234863,14.923075783261536,14.841831636896451,14.888867378234863,8796600
2013-12-09,14.931624776067247,14.97866051275204,14.901693240203539,14.935901641845703,7997200
2013-12-10,14.93162619963075,14.940178300856639,14.888867324647833,14.90597152709961,16249800
2013-12-11,14.92735195620126,14.957283496906932,14.747762711967232,14.769142150878906,15075400
2013-12-12,14.773414518968638,14.773414518968638,14.666515714010622,14.670792579650879,11008200
2013-12-13,14.743482544709671,14.743482544709671,14.623756408691406,14.623756408691406,9705400
2013-12-16,14.700726967673567,14.807625793378575,14.683622764085575,14.769142150878906,12029000
2013-12-17,14.756307101254414,14.811894924433256,14.743479769423129,14.764859199523926,11153800
2013-12-18,14.752033737928757,14.888864065296113,14.551063480981504,14.880311965942383,34219600
2013-12-19,14.876039988382262,14.93162619963075,14.850383684704598,14.90597152709961,17322600
2013-12-20,14.945072291878681,15.056796008336091,14.927885414812804,15.022418975830078,17653800
2013-12-23,15.159924114183918,15.224380231758118,15.12554872021493,15.22008228302002,14570800
2013-12-24,15.22437959926823,15.263052940368652,15.220081650708687,15.263052940368652,5228200
2013-12-26,15.293132083281991,15.318914857178694,15.267349309385287,15.301726341247559,7160400
2013-12-27,15.340402303953484,15.340402303953484,15.271649867667238,15.288838386535645,7649000
2013-12-30,15.275948019536933,15.284542280007305,15.237274667014052,15.258759498596191,9277600
2013-12-31,15.293128851779741,15.366177570270917,15.275940339480611,15.357584953308105,13689400
2014-01-02,15.306022977217278,15.306022977217278,15.181410332025468,15.207191467285156,17105000
2014-01-03,15.245867836438796,15.245867836438796,15.125551476839,15.134145736694336,10409600
2014-01-06,15.116953594649,15.164221192933331,15.052497480772722,15.108359336853027,9049400
2014-01-07,15.177111492520847,15.267348739007456,15.147032410358644,15.245863914489746,14323600
2014-01-08,15.254458172134237,15.29742782116966,15.194300007809831,15.245863914489746,9392800
2014-01-09,15.310319394177256,15.310319394177256,15.10835844584999,15.147031784057617,12683800
2014-01-10,15.189998374720446,15.220077449586297,15.099761150122893,15.177107810974121,25920200
2014-01-13,15.164221518771212,15.237270252826017,14.966558502777746,15.013824462890625,12890600
2014-01-14,15.073983235336572,15.275942546881197,15.05679472055367,15.267348289489746,12838800
2014-01-15,15.353293069667135,15.49079794399641,15.331808240400823,15.45212459564209,19348000
2014-01-16,15.460718862575147,15.473609432303615,15.41345125465423,15.44782829284668,13862600
2014-01-17,15.422041324759391,15.452120405413012,15.327506134598321,15.361883163452148,12677400
2014-01-21,15.48219961244103,15.48219961244103,15.310319384329778,15.439229965209961,12588400
2014-01-22,15.422039031982422,15.447821799789699,15.383365699864864,15.422039031982422,8431800
2014-01-23,15.353292519121313,15.391965866088867,15.288838033633619,15.391965866088867,12836000
2014-01-24,15.327504984372124,15.353287754077671,15.091168665891857,15.095466613769531,30993400
2014-01-27,15.11695335044904,15.125547608106183,14.880617002032247,14.953665733337402,16028000
2014-01-28,14.820461320570066,14.889213754158632,14.777490025085141,14.863430976867676,26291000
2014-01-29,14.73881270275512,14.833347888132538,14.691545110066409,14.747406959533691,22438800
2014-01-30,14.923589013788094,14.979450877809883,14.846242321815554,14.927886962890625,16659800
2014-01-31,14.807568771811763,15.035312534676315,14.803272461955727,14.962262153625488,21887000
2014-02-03,14.927884368835878,14.983744583963402,14.592714882135656,14.648576736450195,31951600
2014-02-04,14.674361032018936,14.743113460161993,14.631389739937536,14.704440116882324,11451400
2014-02-05,14.674362229889669,14.760301542693341,14.57552906962827,14.717331886291504,18406200
2014-02-06,14.730221034127958,14.884914404948676,14.730221034127958,14.88061809539795,18279400
2014-02-07,14.975152880462657,15.086876608146301,14.910698396818058,15.082578659057617,20929600
2014-02-10,15.082578460521406,15.138440323627902,15.043905115168796,15.11265754699707,13517400
2014-02-11,15.17711463853765,15.340402289256312,15.159926119685712,15.297430992126465,14082800
2014-02-12,15.336098493340815,15.383366082570047,15.323207928709843,15.357584953308105,16095600
2014-02-13,15.271645855652928,15.482199419320548,15.250161032305387,15.469308853149414,13828600
2014-02-14,15.456423801110112,15.52947255438953,15.417750449612912,15.499393463134766,24752600
2014-02-18,15.51658128225387,15.546660372149027,15.465017362317523,15.507987022399902,11893000
2014-02-19,15.477907635414933,15.54666007373955,15.42204576703011,15.456422805786133,17223400
2014-02-20,15.456423102463555,15.542362422628313,15.387670662819273,15.507987022399902,13394000
2014-02-21,15.555254078416981,15.581035217873914,15.443530343478923,15.44782829284668,12745200
2014-02-24,15.430640322901652,15.585333721898154,15.430640322901652,15.507987022399902,15690400
2014-02-25,15.533768800262031,15.538065110318236,15.426343017796007,15.46501636505127,11223200
2014-02-26,15.473608278064662,15.53806440027376,15.417748053949873,15.477906227111816,11641400
2014-02-27,15.473612477977149,15.611119018624976,15.460721905711427,15.602524757385254,10898800
2014-02-28,15.593927874695131,15.662680313867408,15.443530787064404,15.619709014892578,19402000
2014-03-03,15.426343456197475,15.49079794399641,15.327510291035122,15.45212459564209,18054600
2014-03-04,15.619705267346829,15.697051947756728,15.598220442607868,15.654082298278809,23209800
2014-03-05,15.688462012207717,15.705650532409159,15.64549235089162,15.67557144165039,17861600
2014-03-06,15.697056770324705,15.727135862037786,15.662681368018712,15.697056770324707,17330800
2014-03-07,15.740022973228777,15.748617230818066,15.585329614995645,15.649784088134766,14394800
2014-03-10,15.641189061848896,15.675564447727101,15.563842394639467,15.624000549316406,15115400
2014-03-11,15.649787349754545,15.705649216133747,15.546659515563958,15.589629173278809,18913200
2014-03-12,15.525175442987813,15.632601231695364,15.473609884193223,15.615412712097168,12712200
2014-03-13,15.65838062681192,15.662678575826197,15.348995504461953,15.404855728149414,18794800
2014-03-14,15.374775331221526,15.426340879873692,15.297428647430406,15.310320854187012,17879600
2014-03-17,15.413449401724993,15.533767381747126,15.383370316516261,15.490796089172363,32889800
2014-03-18,15.499389939308445,15.709945169409052,15.499389939308445,15.692756652832031,13728000
2014-03-19,15.662675788708322,15.735724517079591,15.529467259153275,15.62829875946045,15578800
2014-03-20,15.611114220393231,15.791588733393578,15.58533144459866,15.748619079589844,11791000
2014-03-21,15.820692584286999,15.855217526473696,15.639441576526389,15.669650077819824,18219400
2014-03-24,15.71711138398932,15.777530001986207,15.527229237573284,15.656694412231445,20708200
2014-03-25,15.686902144115477,15.786160474362838,15.626485175261559,15.751635551452637,15252600
2014-03-26,15.824996460123916,15.85520658681304,15.561751365661621,15.561751365661621,15026800
2014-03-27,15.553126246981025,15.579018299689526,15.423661044720433,15.505655288696289,25854800
2014-03-28,15.553130249001093,15.665333014167654,15.501342837779799,15.566076278686523,12711600
2014-03-31,15.665330506814136,15.747326405003898,15.64375324537876,15.686907768249512,14567000
2014-04-01,15.717112926058919,15.872471809387207,15.712798133183876,15.872471809387207,14048400
2014-04-02,15.915629400360599,15.928575426388917,15.820687486181397,15.881104469299316,21009400
2014-04-03,15.902682501146616,15.937207433886206,15.755954829482157,15.803425788879395,15525200
2014-04-04,15.885418489195123,15.911310537307985,15.458181586703136,15.501336097717285,20191600
2014-04-07,15.436606798430766,15.522917480493183,15.320087624582406,15.380504608154297,22362600
2014-04-08,15.410717262082093,15.54018249702215,15.363246291814791,15.51860523223877,14659400
2014-04-09,15.570386065211517,15.73005973263919,15.522915114999188,15.725743293762207,13313800
2014-04-10,15.725748625715795,15.75164232903994,15.337352953291473,15.363245010375977,16173600
2014-04-11,15.259662881609067,15.380496787309895,15.177667034536224,15.190614700317383,28508800
2014-04-14,15.289875714084294,15.397763630979476,15.233773536351888,15.34166145324707,9984600
2014-04-15,15.367559149384975,15.458184628088622,15.160414492531187,15.419344902038574,17178600
2014-04-16,15.50565726877747,15.574705495216575,15.397769312076397,15.570390701293945,27999400
2014-04-17,15.497021401378554,15.609224118455785,15.415027171446697,15.548807144165039,15763400
2014-04-21,15.561759768802384,15.626491556333812,15.518603597541826,15.60922908782959,7052000
2014-04-22,15.617860393303847,15.708487530244502,15.5876518964035,15.673962593078613,10957000
2014-04-23,15.648066517311133,15.648066517311133,15.501338849085297,15.505655288696289,22848200
2014-04-24,15.760270322579348,15.764585115792935,15.522917186088796,15.62648868560791,10021400
2014-04-25,15.531544962615712,15.570384677852442,15.393446916921498,15.427971839904785,12804000
2014-04-28,15.479765093192876,15.626492794626731,15.371877125851505,15.57470703125,24138200
2014-04-29,15.613546069146325,15.717117591281614,15.583337571336894,15.682594299316406,10952200
2014-04-30,15.66101521626876,15.768903166263051,15.617859048527361,15.730063438415527,18331200
2014-05-01,15.725744133135303,15.82500083149576,15.708483315423306,15.747323036193848,9955400
2014-05-02,15.7861622905795,15.79047708332023,15.691220387892201,15.704166412353516,13440200
2014-05-05,15.665324885149035,15.786160469055176,15.609222708558288,15.786160469055176,8164400
2014-05-06,15.755956777636275,15.755956777636275,15.604914293823336,15.60922908782959,9399800
2014-05-07,15.635127082006955,15.65670435043981,15.440928373631147,15.617864608764648,13653800
2014-05-08,15.579009177936229,15.799101374527242,15.557431931233172,15.661005020141602,7574800
2014-05-09,15.648063069087051,15.686902785830403,15.566068843179531,15.67827320098877,14877000
2014-05-12,15.751639739655715,15.898367408559617,15.743008506633206,15.88973617553711,11186800
2014-05-13,15.911313908574318,15.941522401932568,15.855213361617235,15.898367881774902,11488200
2014-05-14,15.872469802409737,15.902678287432872,15.790475578238222,15.82499885559082,10223200
2014-05-15,15.850897415612502,15.863843442815186,15.665330009923164,15.730063438415527,14576600
2014-05-16,15.725742061721816,15.837946416385542,15.678272761467573,15.829315185546875,11607400
2014-05-19,15.773221915315045,15.954474572802097,15.773221915315045,15.93289566040039,6597000
2014-05-20,15.950149231236882,15.963096900700753,15.790475575253499,15.84226131439209,8474200
2014-05-21,15.855212130930308,15.954468836580137,15.855212130930308,15.950152397155762,8322800
2014-05-22,15.950153445477655,16.03214933753703,15.928576185655494,15.980361938476562,6350000
2014-05-23,16.019201454124982,16.122774604645343,15.993309401174425,16.11414337158203,6624200
2014-05-27,16.15298062427318,16.256552112697673,16.14866418528267,16.25223731994629,11349000
2014-05-28,16.26087504406322,16.273821073725376,16.196141603272864,16.209089279174805,13553800
2014-05-29,16.265189729755186,16.30834590540672,16.226349994788688,16.30402946472168,9328000
2014-05-30,16.3083449410386,16.342868233278576,16.252242739129006,16.321290969848633,12438400
2014-06-02,16.347174644012096,16.360120664879183,16.22633907971082,16.295387268066406,10923000
2014-06-03,16.26950454711914,16.308344278210328,16.217718787744094,16.26950454711914,11338600
2014-06-04,16.243605232472497,16.321284667818187,16.200450722275576,16.299707412719727,6998400
2014-06-05,16.355807040036474,16.424855233317437,16.256548718846226,16.4075927734375,11335200
2014-06-06,16.493908517973324,16.493908517973324,16.437806329165177,16.480960845947266,9597800
2014-06-09,16.502540683322646,16.558641229062378,16.47233054438052,16.53274917602539,12784000
2014-06-10,16.532746789394096,16.562955277736005,16.50685309385568,16.541378021240234,7189400
2014-06-11,16.472328545753616,16.54569319501547,16.459382520805892,16.502538681030273,8509400
2014-06-12,16.511170871726602,16.562958272166117,16.30834264850989,16.36012840270996,9636000
2014-06-13,16.459379565687737,16.48527325717341,16.386016575836663,16.45506477355957,14663400
2014-06-16,16.42485628994573,16.502535718163863,16.398962598460056,16.45506477355957,14128800
2014-06-17,16.44212433741199,16.5241202400663,16.424863515067578,16.493911743164062,14075200
2014-06-18,16.52842780987489,16.588844777272417,16.40759387507984,16.58021354675293,26070600
2014-06-19,16.60611287545413,16.60611287545413,16.485278899640548,16.550010681152344,11837400
2014-06-20,16.561281584318014,16.569952610658955,16.478907660993656,16.513591766357422,10854400
2014-06-23,16.496253134791626,16.5612850189209,16.483247419497577,16.5612850189209,7534200
2014-06-24,16.55260305384237,16.639311624113216,16.435546732050984,16.474565505981445,16942600
2014-06-25,16.439886319125353,16.5656137008217,16.42254592296258,16.539602279663086,10223800
2014-06-26,16.552616070673846,16.561287099902593,16.42688862760158,16.522268295288086,22704600
2014-06-27,16.509262502665425,16.62198257446289,16.500591473476433,16.62198257446289,21766600
2014-06-30,16.60896995117304,16.682671187888097,16.59596258588348,16.626310348510742,8980800
2014-07-01,16.687007650267006,16.847417490165917,16.674000284881824,16.795392990112305,14977800
2014-07-02,16.825741970208025,16.834412996482435,16.786723178887772,16.812734603881836,9940000
2014-07-03,16.873434814513924,16.895113213127917,16.817075608840472,16.886442184448242,4386000
2014-07-07,16.88644174131352,16.91678951398118,16.843086599052878,16.903783798217773,20964400
2014-07-08,16.895110331102014,16.895110331102014,16.660997558175445,16.75204086303711,13847800
2014-07-09,16.77805078182942,16.843080992830703,16.74336667956552,16.83441162109375,14236200
2014-07-10,16.56995338343063,16.86042533716762,16.56995338343063,16.786724090576172,8843800
2014-07-11,16.82574208797591,16.873430252075195,16.78238695630042,16.873430252075195,6522600
2014-07-14,16.951462615439393,17.016494466012944,16.93412222193795,16.99481773376465,8418200
2014-07-15,17.033844105471513,17.055520847381317,16.869097890064083,16.9644775390625,14829000
2014-07-16,17.124882934007285,17.163901720769577,17.085864147244997,17.120548248291016,16129600
2014-07-17,17.103209579439792,17.12488631996503,16.847420072051698,16.899444580078125,11341400
2014-07-18,16.977486819072578,17.11621998102749,16.955810072610202,17.103214263916016,9541000
2014-07-21,17.094539146007694,17.129221601286435,17.01216686762001,17.081533432006836,12363200
2014-07-22,17.18125016434394,17.23760936877123,17.15090239155091,17.2246036529541,9579600
2014-07-23,17.263616780643147,17.302635569100815,17.18991554346146,17.254945755004883,10946800
2014-07-24,17.3069812415946,17.3069812415946,17.207266864198758,17.24195098876953,23319200
2014-07-25,17.189924285955232,17.241948812414538,17.13789810566605,17.220272064208984,9499000
2014-07-28,17.23327020643849,17.285294710027273,17.11621383299186,17.250612258911133,15524400
2014-07-29,17.37633284369331,17.37633284369331,17.207250379141943,17.21592140197754,14624800
2014-07-30,17.29396809057813,17.29396809057813,17.150900272775147,17.233272552490234,15524600
2014-07-31,17.12488802885398,17.142230084536447,16.882104210787826,16.908117294311523,34833000
2014-08-01,16.864761735020334,16.934128295390508,16.734697987225655,16.81707191467285,31014800
2014-08-04,16.869102348363707,16.98182242838288,16.782393703979047,16.93846893310547,12667400
2014-08-05,16.83440647633679,16.890765644548196,16.70867912479717,16.778045654296875,24586800
2014-08-06,16.66534075771733,16.808410298863873,16.643664005557902,16.726037979125977,18281800
2014-08-07,16.795398698329528,16.825746471494124,16.600304689535985,16.65666389465332,13730000
2014-08-08,16.64798854920134,16.77805062380796,16.595962396295487,16.765043258666992,12045600
2014-08-11,16.843079584737286,16.895105733783716,16.808397139201883,16.847415924072266,13015400
2014-08-12,16.830077904967098,16.882102412643814,16.75637665691086,16.838748931884766,13409800
2014-08-13,16.877772539323864,17.00349998474121,16.877772539323864,17.00349998474121,10985400
2014-08-14,17.016498128380825,17.03384017944336,16.960137289342086,17.03384017944336,9229200
2014-08-15,17.07285896741956,17.116212441246883,16.912447475834618,17.03384017944336,17821800
2014-08-18,17.15089663275825,17.202921132387985,17.103206819002235,17.194250106811523,8496000
2014-08-19,17.241941569209942,17.30697178650792,17.220264830110615,17.302637100219727,10095600
2014-08-20,17.276624021003027,17.332984865724622,17.26361830830927,17.302637100219727,14010600
2014-08-21,17.30263559533154,17.411020935230592,17.30263559533154,17.385007858276367,6909000
2014-08-22,17.398020011802423,17.424031442086253,17.350330184509406,17.38934898376465,8815400
2014-08-25,17.471716996472107,17.47605333634524,17.372002679168205,17.406686782836914,6861400
2014-08-26,17.432693915240932,17.43703025404656,17.393675135133684,17.41535186767578,6704600
2014-08-27,17.41969702915081,17.432702744497423,17.363336172932957,17.411026000976562,8661400
2014-08-28,17.35032540949977,17.411020935230592,17.31997764663436,17.385007858276367,7056600
2014-08-29,17.415359111211167,17.46738527554576,17.367670941315183,17.463048934936523,15368000
2014-09-02,17.502068703380914,17.502068703380914,17.415360078503287,17.46738624572754,11377600
2014-09-03,17.53241918316513,17.53241918316513,17.350332531232166,17.37200927734375,13783200
2014-09-04,17.40668979284468,17.489062072558248,17.31131014509154,17.36333465576172,10426400
2014-09-05,17.398019676591332,17.471720932748163,17.354664537237788,17.46738624572754,14050400
2014-09-08,17.458708592495487,17.53674615988812,17.419689808799166,17.493391036987305,12772200
2014-09-09,17.502062998118976,17.575765884079857,17.31997643367843,17.367666244506836,17125400
2014-09-10,17.372003512386133,17.49339457339074,17.32431369446884,17.471717834472656,14459600
2014-09-11,17.437035223042745,17.519407491707643,17.37633969309712,17.5107364654541,20644400
2014-09-12,17.497730134734642,17.506401160681804,17.38067376519158,17.437034606933594,11111400
2014-09-15,17.46738527545128,17.46738527545128,17.302639062718043,17.33298683166504,13764400
2014-09-16,17.28096232125357,17.484727330323956,17.25061455230641,17.463048934936523,23821200
2014-09-17,17.45871907739228,17.562768127183606,17.393687180900333,17.497737884521484,15309000
2014-09-18,17.53241528067797,17.610452872373294,17.53241528067797,17.601781845092773,14790600
2014-09-19,17.66447837370711,17.66447837370711,17.499023093938806,17.564334869384766,31452600
2014-09-22,17.568692825597626,17.568692825597626,17.398884157988917,17.446779251098633,12760800
2014-09-23,17.420654467776654,17.48596626136824,17.377114379347535,17.4075927734375,11937000
2014-09-24,17.41194206847299,17.52514725783096,17.33356860624541,17.520793914794922,14289000
2014-09-25,17.4511300561762,17.45983674287521,17.137636184692383,17.137636184692383,18703000
2014-09-26,17.168114590568518,17.35969325616749,17.168114590568518,17.324861526489258,9763000
2014-09-29,17.18553370162995,17.34663400355083,17.128930264380234,17.32050895690918,9652800
2014-09-30,17.350989067871176,17.451134259453056,17.303095635701084,17.372760772705078,13519800
2014-10-01,17.316148772842133,17.337918805970208,17.054903392464063,17.102798461914062,26118400
2014-10-02,17.11151574477791,17.155057494723174,16.91993702786253,17.094099044799805,26753600
2014-10-03,17.19859936620899,17.285681214176886,17.137642570915897,17.23343276977539,13410200
2014-10-06,17.320508344677688,17.35098673420843,17.19424144274219,17.237781524658203,13895600
2014-10-07,17.189883885577956,17.20294557602379,16.96782684326172,16.96782684326172,18013400
2014-10-08,16.989591484896415,17.32050027168724,16.87203132538014,17.290021896362305,17341200
2014-10-09,17.27261678309758,17.303096839796524,16.985247865340067,17.00266456604004,30600200
2014-10-10,16.889455356074752,16.976537178119635,16.56725311279297,16.56725311279297,60365200
2014-10-13,16.54548060774421,16.706580874912248,16.362610303544926,16.384380340576172,57207800
2014-10-14,16.519360991345295,16.59773447915185,16.366969021136942,16.41050910949707,43084200
2014-10-15,16.17538868217354,16.362614033021142,15.92720654936584,16.29730224609375,58134400
2014-10-16,16.022998161409877,16.31036708969412,15.979458069013017,16.201515197753906,54246200
2014-10-17,16.36261281307455,16.51064975197034,16.284239338984065,16.393091201782227,25571800
2014-10-20,16.301660895947258,16.519364708632736,16.218934045068156,16.510656356811523,18442800
2014-10-21,16.628201846840028,16.84155212460458,16.628201846840028,16.832843780517578,23145600
2014-10-22,16.889451516423858,16.928638244387958,16.741412950886954,16.754474639892578,24158400
2014-10-23,16.872040570398713,17.033140879811977,16.8372071732565,16.94170570373535,64432000
2014-10-24,17.015720392027898,17.10280053509595,16.91993024151633,17.089738845825195,13806400
2014-10-27,17.037489737989176,17.150694915962603,17.020073045701817,17.107154846191406,11887000
2014-10-28,17.15505221211354,17.350984213215515,17.15505221211354,17.34227752685547,15490800
2014-10-29,17.3205065221873,17.381463294834816,17.216009672205132,17.324861526489258,26352200
2014-10-30,17.3118007810722,17.41194596372569,17.23778230626924,17.381465911865234,18376400
2014-10-31,17.594820955197072,17.655777753118436,17.559989211076935,17.651424407958984,19925800
2014-11-03,17.67318683283955,17.75591364277273,17.647061790306594,17.725435256958008,19059600
2014-11-04,17.699314553129206,17.768979682809377,17.61223272579206,17.721084594726562,12866400
2014-11-05,17.82992915270767,17.8386374979654,17.69059895047804,17.768972396850586,14556200
2014-11-06,17.76026725769043,17.77332894746142,17.65141541373932,17.76026725769043,17179200
2014-11-07,17.777686298817923,17.79945633829332,17.694957823484845,17.782039642333984,14951400
2014-11-10,17.773341147820908,17.84736131621079,17.74286274346874,17.829944610595703,9641800
2014-11-11,17.842999279272934,17.847354284435088,17.764625795832305,17.838645935058594,6108600
2014-11-12,17.78203371225464,17.90830222442959,17.773325367179094,17.895238876342773,9033200
2014-11-13,17.938783229568365,18.051988410239897,17.908304847812676,17.991031646728516,10792200
2014-11-14,17.995392191055984,18.117305755615234,17.995392191055984,18.117305755615234,8686600
2014-11-17,18.06505681091002,18.10859689389197,17.995391681570272,18.08247184753418,8265400
2014-11-18,18.069410328519876,18.182615541929753,18.065056984558915,18.143428802490234,9659800
2014-11-19,18.14778484611288,18.14778484611288,17.943142788332676,18.02587127685547,14334000
2014-11-20,17.964912138968426,18.117305755615234,17.930080403786246,18.117305755615234,9794800
2014-11-21,18.260989020808786,18.269697369678426,18.069410328519876,18.143428802490234,12925600
2014-11-24,18.17825908014525,18.24357085499181,18.12601065683646,18.239215850830078,6226400
2014-11-25,18.26533959084933,18.32194301428468,18.234861207679675,18.247922897338867,9489200
2014-11-26,18.25227395114586,18.42208420015527,18.25227395114586,18.413375854492188,20482000
2014-11-28,18.44821529722,18.539652134477308,18.41338356093686,18.500465393066406,10865000
2014-12-01,18.45692490016406,18.478694944438168,18.213097746777407,18.29146957397461,23329400
2014-12-02,18.28276235690574,18.32630244419625,18.221803909372014,18.29582405090332,11261200
2014-12-03,18.335008283672106,18.391611718158714,18.25663480852069,18.36113166809082,8543400
2014-12-04,18.348069975881465,18.417735102577428,18.291466541394858,18.36113166809082,7533600
2014-12-05,18.374192672816964,18.409024401239236,18.29581920768257,18.339359283447266,14359000
2014-12-08,18.30453329858535,18.335011693373577,18.073766173970014,18.15213966369629,13379800
2014-12-09,17.91265908434776,18.173904505079,17.851702317794665,18.14777946472168,16443400
2014-12-10,18.152138476166222,18.152138476166222,17.838646198718035,17.873477935791016,16541200
2014-12-11,17.903948191681174,18.156485229716726,17.903948191681174,17.95184326171875,18076400
2014-12-12,17.812523091507924,17.947500032127362,17.664484455681063,17.686254501342773,17966000
2014-12-15,17.80380650976328,17.877826623928765,17.499021028567707,17.577394485473633,20502200
2014-12-16,17.451129376777644,17.7689765792367,17.34227752685547,17.34227752685547,31303000
2014-12-17,17.394523778945935,17.72543263059562,17.364045397647168,17.66883087158203,30566000
2014-12-18,17.98232411246092,18.182611104742502,17.930075692941223,18.173904418945312,21318600
2014-12-19,18.250934347454347,18.290324919303025,18.17215320375699,18.19403648376465,23388800
2014-12-22,18.264065567406536,18.412874221801758,18.23342863881817,18.412874221801758,12214000
2014-12-23,18.491660267386944,18.52229720408541,18.45226968169065,18.461023330688477,13398800
2014-12-24,18.504785822766678,18.504785822766678,18.43913597415125,18.443511962890625,5311200
2014-12-26,18.478520816613113,18.557301946173013,18.469767172263463,18.522287368774414,4557000
2014-12-29,18.452268876345162,18.504789098452036,18.412878292368063,18.43038558959961,9276600
2014-12-30,18.395368585352625,18.42162952775977,18.281574507430065,18.299081802368164,11006800
2014-12-31,18.360346362951105,18.382229635742984,18.08023646420699,18.097742080688477,11910600
2015-01-02,18.2115490101742,18.25531558276939,17.970829521725197,18.062740325927734,16990400
2015-01-05,17.997087003600193,17.997087003600193,17.734484255028335,17.787004470825195,14389400
2015-01-06,17.839522807335904,17.839522807335904,17.489385289595788,17.57254409790039,17491200
2015-01-07,17.70822413148511,17.76512200848977,17.594430047063423,17.721355438232422,13069200
2015-01-08,17.86578281366731,18.15027047110787,17.839521875113824,18.11087989807129,28423400
2015-01-09,18.163403690222538,18.207170260195255,17.922684216197354,18.053985595703125,18339800
2015-01-12,18.0452256892333,18.088993913613667,17.78262302129925,17.843896865844727,11257400
2015-01-13,17.992706853722563,18.21591897143114,17.70384322925943,17.830768585205078,23358400
2015-01-14,17.686341688766426,17.808889426994124,17.568169939937835,17.7301082611084,17661400
2015-01-15,17.80451101527905,17.848277581666554,17.48938639460907,17.502517700195312,18655400
2015-01-16,17.445622202115082,17.69071767857617,17.436868553728942,17.6732120513916,37643000
2015-01-20,17.77825704593234,17.86141589210413,17.598811382028984,17.822025299072266,24031600
2015-01-21,17.74323732416409,17.927058908254306,17.65570252096458,17.8526554107666,27838200
2015-01-22,17.900801441447594,18.159028218657298,17.75199276187611,18.145896911621094,17624400
2015-01-23,18.141511917114258,18.22466902898959,18.08023807998645,18.141511917114258,12957600
2015-01-26,18.119630021191835,18.16777256146509,18.01021196954113,18.067108154296875,19467000
2015-01-27,17.769492011685976,17.769492011685976,17.467498771632165,17.546279907226562,21584000
2015-01-28,17.86140945013868,17.91830565431797,17.515647888183594,17.515647888183594,26094400
2015-01-29,17.524400659496084,17.716975885464326,17.358084705040014,17.681962966918945,33635200
2015-01-30,17.63382100868919,17.72135582068063,17.428114450947458,17.4631290435791,26012600
2015-02-02,17.52440067230061,17.66445568575939,17.239912987069534,17.6425724029541,31247200
2015-02-03,17.695088242125554,17.861404155596876,17.64694403010067,17.843896865844727,19767400
2015-02-04,17.813265932481364,18.010218834441975,17.813265932481364,17.878915786743164,11778800
2015-02-05,17.953321969929668,18.053986421139438,17.896424090693642,18.04523277282715,10183600
2015-02-06,18.071483898004274,18.154641007403203,17.935804927271167,17.988325119018555,9580600
2015-02-09,17.940189090404033,18.049607170153884,17.92268179694308,17.962072372436523,14331400
2015-02-10,18.084622716990832,18.250938689877405,18.018971191760237,18.229055404663086,22491400
2015-02-11,18.25531356502292,18.329718733716064,18.202793349796163,18.299081802368164,12500000
2015-02-12,18.43913538633845,18.561683102183913,18.41287444597696,18.548553466796875,13538400
2015-02-13,18.592325695173077,18.6798605201242,18.55731276694538,18.666730880737305,8631600
2015-02-17,18.68423353697702,18.706118491923352,18.62733732896198,18.675479888916016,10680600
2015-02-18,18.675478240091653,18.710492829244288,18.622958025950204,18.69298553466797,7499600
2015-02-19,18.679851522362405,18.77613995038696,18.644836941412706,18.75863265991211,6250800
2015-02-20,18.758638604450297,18.8811863374349,18.66235014591231,18.85492706298828,13867000
2015-02-23,18.876812807477034,18.88118879725902,18.771770687242835,18.868059158325195,8094000
2015-02-24,18.85492975090394,18.951216553580707,18.758641278639292,18.924957275390625,9311000
2015-02-25,18.872437362805798,18.894320653459488,18.76739689983286,18.806787490844727,11734800
2015-02-26,18.86368173057538,18.951216553580707,18.811161504607334,18.924957275390625,15118800
2015-02-27,18.92057447197197,18.95996504813574,18.84179331964444,18.85930061340332,12112000
2015-03-02,18.924956700030418,19.021243499779857,18.863681157078084,19.008113861083984,13689000
2015-03-03,18.99059786750207,18.99059786750207,18.79802268659352,18.881179809570312,17224200
2015-03-04,18.83304677179393,18.84180042197302,18.706123018167307,18.806787490844727,11765400
2015-03-05,18.85054071622534,18.85054071622534,18.719239395744346,18.784889221191406,15408600
2015-03-06,18.776148528167013,18.80240780628858,18.522297709072703,18.552934646606445,16153400
2015-03-09,18.587942668114096,18.719244021038026,18.561681729694392,18.64046287536621,12498600
2015-03-10,18.53542749306021,18.53980515250662,18.259695053100586,18.259695053100586,17595800
2015-03-11,18.303450153750155,18.303450153750155,18.128380616596267,18.141511917114258,23040400
2015-03-12,18.08900306562428,18.27282469226403,18.07149576701443,18.259695053100586,24669800
2015-03-13,18.233430600016174,18.27719716853928,18.0583609867486,18.159027099609375,30375400
2015-03-16,18.255308141794863,18.386609475648942,18.19841195452989,18.37347984313965,17278800
2015-03-17,18.32971489938571,18.430379319840817,18.299077974446643,18.377859115600586,19067400
2015-03-18,18.355976553430054,18.692984441166114,18.281573060214416,18.627334594726562,31710800
2015-03-19,18.601076694742684,18.666728221500374,18.561686112605603,18.57481575012207,17984800
2015-03-20,18.68599469021539,18.78707112903738,18.65523236867917,18.69478416442871,38592200
2015-03-23,18.699178063324975,18.78707112903738,18.690388589111656,18.69478416442871,7506200
2015-03-24,18.70797257793623,18.760707761003538,18.633264541625977,18.633264541625977,14234800
2015-03-25,18.611290244274542,18.6464481510391,18.15424919128418,18.15424919128418,16348600
2015-03-26,18.05317293952761,18.25971977676117,17.991646601954997,18.16743278503418,18004800
2015-03-27,18.17182308903026,18.22895383868805,18.0839316913056,18.180612564086914,15818600
2015-03-30,18.316847348241197,18.413529899741693,18.281689447178838,18.400344848632812,13210800
2015-03-31,18.343218570194193,18.378374800194614,18.21137809753418,18.21137809753418,15927200
2015-04-01,18.2289623514647,18.24654130978724,18.057571698874245,18.185016632080078,20855600
2015-04-02,18.21577046431354,18.255322263858016,18.145456340281243,18.180612564086914,10938600
2015-04-06,18.053172052805994,18.391557672517735,18.035593100077246,18.356401443481445,14689400
2015-04-07,18.35640055840485,18.466266493030385,18.312453178701965,18.316848754882812,9368600
2015-04-08,18.316848812897305,18.431108647644457,18.28169090902364,18.373979568481445,14407000
2015-04-09,18.373970296686597,18.453073864064308,18.277287786242663,18.42230987548828,14580200
2015-04-10,18.439898868986496,18.51021300315492,18.382769787514224,18.49263572692871,8632600
2015-04-13,18.52779253413945,18.606896147100766,18.435505544491672,18.439899444580078,7774400
2015-04-14,18.448689098818395,18.4706619523145,18.294877447924392,18.382770538330078,11702600
2015-04-15,18.431110486708004,18.58492381687115,18.41353320943843,18.545372009277344,25166200
2015-04-16,18.47065693683679,18.53657715584655,18.426711241777486,18.479446411132812,18228600
2015-04-17,18.325632395739387,18.365184186667697,18.167425232026147,18.22455596923828,20318800
2015-04-20,18.308065340621038,18.558559620390557,18.299275861770322,18.53658676147461,9691600
2015-04-21,18.646443553674903,18.650837452726506,18.505815314131734,18.527788162231445,10002800
2015-04-22,18.55855531297477,18.734341496345987,18.497030651721232,18.71676254272461,12190200
2015-04-23,18.672817729747194,18.866181199582964,18.628870343588133,18.791471481323242,11799600
2015-04-24,18.940889805168304,18.976047715141977,18.848602806119544,18.95407485961914,12457600
2015-04-27,19.024388188853553,19.08591285225265,18.967257425802384,19.00680923461914,18501400
2015-04-28,19.024390771685464,19.138650636878857,18.874972993250058,19.068336486816406,18299600
2015-04-29,18.97604751586914,19.09030736924086,18.85739208558616,18.97604751586914,17142200
2015-04-30,18.87936496035252,18.936495725308017,18.63766019904738,18.712369918823242,17305200
2015-05-01,18.82662571495797,18.949675019339193,18.773890538283307,18.940885543823242,21096800
2015-05-04,18.984826364217785,19.0551404676385,18.949668474297198,18.958457946777344,15397600
2015-05-05,18.91012489091346,18.940887219730644,18.650841207724906,18.664026260375977,16209800
2015-05-06,18.734334885811627,18.769491104227995,18.395947691898037,18.505813598632812,19747800
2015-05-07,18.536581334291967,18.707971930646593,18.49702952925465,18.642051696777344,11280600
2015-05-08,18.831020219310123,18.923308876981157,18.80025789222681,18.910123825073242,19638400
2015-05-11,18.89693973250784,18.91891258295911,18.795863279295183,18.81344223022461,12093000
2015-05-12,18.712369918823242,18.795867439587884,18.54976710136695,18.712369918823242,15301000
2015-05-13,18.791471481323242,18.901337432088845,18.75191967199077,18.791471481323242,18613000
2015-05-14,18.940884652610215,19.103487427372894,18.923307378826408,19.094697952270508,13952400
2015-05-15,19.134254805207153,19.15183376005437,18.989230942349735,19.033178329467773,16936400
2015-05-18,19.00680617104412,19.160617804750032,18.98043774394264,19.12546157836914,6786600
2015-05-19,19.14743395471015,19.169406805206094,19.055146976774562,19.077119827270508,9130800
2015-05-20,19.090299606323242,19.191376040702064,19.019985492128377,19.090299606323242,22021800
2015-05-21,19.06393929155272,19.195778090584884,19.04196643778424,19.173805236816406,7426200
2015-05-22,19.112276324051805,19.208957194410118,19.112276324051805,19.160615921020508,7937000
2015-05-26,19.103490427729266,19.116673804242915,18.82662778599401,18.883758544921875,15848800
2015-05-27,18.95407464156161,19.252910167214186,18.94088958726246,19.23972511291504,25174200
2015-05-28,19.17819194938839,19.235322688911975,19.143035731818944,19.200164794921875,9329600
2015-05-29,19.20016612040057,19.208955594504875,19.011196618209954,19.059537887573242,15476800
2015-06-01,19.16940706138787,19.178196536987915,18.99362257865008,19.11227798461914,13872600
2015-06-02,19.041964875333154,19.160618611231303,18.949676214804047,19.07272720336914,11275600
2015-06-03,19.103488509019094,19.217748338977604,19.077120082218947,19.11227798461914,11314600
2015-06-04,19.006812795657847,19.116678765574946,18.892552924569596,18.936498641967773,16694600
2015-06-05,18.91452128925154,18.954073096081206,18.791470292214104,18.874969482421875,15455000
2015-06-08,18.870573085802622,18.874968662160043,18.628868355201373,18.664026260375977,16759000
2015-06-09,18.633266001992105,18.690395089616946,18.497031618934624,18.620080947875977,15413400
2015-06-10,18.664025208406734,18.9496756279548,18.664025208406734,18.910123825073242,17929600
2015-06-11,18.97604746702,19.024388754391,18.892549946556432,18.918916702270508,11289400
2015-06-12,18.826624677585794,18.857387001986055,18.734337704385016,18.751914978027344,12317600
2015-06-15,18.628863876649497,18.664021773371818,18.497025116782368,18.637653350830078,18358200
2015-06-16,18.62887095262854,18.782684294581877,18.598108619522154,18.760709762573242,18346600
2015-06-17,18.773894401946347,18.844208544123543,18.65963287314504,18.769498825073242,22047800
2015-06-18,18.760712419531753,18.967260979430826,18.7563185183606,18.936498641967773,17926400
2015-06-19,18.89809325494511,18.94223668939199,18.77890396118164,18.77890396118164,26869600
2015-06-22,18.93781455228845,18.990786986733134,18.88925578572944,18.933399200439453,10876000
2015-06-23,18.973132801278663,18.977548154024554,18.902502313017465,18.946645736694336,7986600
2015-06-24,18.902503717484098,19.01286396883978,18.858360290527344,18.858360290527344,9693600
2015-06-25,18.959892964966212,18.97313565726994,18.80980294432293,18.81421661376953,9827600
2015-06-26,18.800970744918672,18.823042456350365,18.602321974106175,18.65529441833496,20348600
2015-06-29,18.456648200329877,18.56700844664716,18.25358406729364,18.257999420166016,26214800
2015-06-30,18.39484331939512,18.403672340346535,18.227096973208976,18.27565574645996,22765800
2015-07-01,18.438987410026588,18.478717160141066,18.319798159683153,18.39925765991211,16299000
2015-07-02,18.45222274786438,18.487538815658688,18.355106929355625,18.425737380981445,10321400
2015-07-06,18.297727935287984,18.434573553704077,18.24916916076733,18.35070037841797,15018000
2015-07-07,18.38602056673192,18.403676929073576,18.03286637647509,18.3771915435791,39319800
2015-07-08,18.227101130881437,18.266830892243522,18.06818208543309,18.077011108398438,32320000
2015-07-09,18.28448090817852,18.333039675652564,18.00637435913086,18.00637435913086,17987600
2015-07-10,18.23592406124906,18.355113305514354,18.191778961171146,18.293310165405273,13496600
2015-07-13,18.408091770380874,18.584667176631655,18.40367641694534,18.57142448425293,14143000
2015-07-14,18.575836562594127,18.69061047222322,18.567007541243637,18.642051696777344,12252800
2015-07-15,18.633220928747647,18.703851408967022,18.593491178376528,18.646465301513672,13077000
2015-07-16,18.792143526358,18.893674755854985,18.756829121472173,18.884845733642578,10413200
2015-07-17,19.048180437687243,19.176197052001953,19.021693370606357,19.176197052001953,15550000
2015-07-20,19.242408916006507,19.339526452963863,19.176192107360418,19.27772331237793,18619000
2015-07-21,19.180610434642613,19.25124092230492,19.132051658631596,19.149709701538086,11950400
2015-07-22,18.774483332505916,18.933402346207547,18.76124064268532,18.840700149536133,17182600
2015-07-23,18.893678022874823,18.968723882675018,18.756832364829204,18.800975799560547,12645200
2015-07-24,18.893671498386443,18.920158560457015,18.686195406039243,18.699438095092773,19492200
2015-07-27,18.54935245774944,18.668541739050045,18.505207343954453,18.531694412231445,17307200
2015-07-28,18.611149572154375,18.734752493890024,18.48313129809187,18.699438095092773,15775000
2015-07-29,18.69944277790189,18.86277549166425,18.63322594812486,18.82304573059082,16752600
2015-07-30,18.74358468609771,18.889261026189832,18.655296148220405,18.858360290527344,13616400
2015-07-31,18.880429647111562,18.911330378916627,18.76124038845048,18.79655647277832,21824000
2015-08-03,18.78773795832101,18.81863870740663,18.580260056776513,18.69503402709961,18396600
2015-08-04,18.677371104498985,18.69502746637703,18.518452059849018,18.584667205810547,14765400
2015-08-05,18.703855950224966,18.898091080960754,18.664126190207543,18.765657424926758,20785600
2015-08-06,18.765654178406756,18.840700016107103,18.514032969815684,18.580249786376953,13019800
2015-08-07,18.53610829783961,18.619981481462858,18.465477805324305,18.593494415283203,15825000
2015-08-10,18.67736960552431,18.906919131155497,18.67736960552431,18.884845733642578,11144000
2015-08-11,18.831867262284547,18.85835432045175,18.549345377687455,18.602317810058594,54689000
2015-08-12,18.46547490855485,18.72150977227098,18.293311531340866,18.686195373535156,20071400
2015-08-13,18.699435569510094,18.756823354263673,18.59790437123117,18.63321876525879,13287800
2015-08-14,18.58466068164123,18.74357967050248,18.571417993890574,18.725921630859375,11906000
2015-08-17,18.655293977506588,18.836284701311428,18.593492513372777,18.831871032714844,11183400
2015-08-18,18.787724866884254,18.814210242522694,18.71267903999418,18.734750747680664,9383800
2015-08-19,18.677369473067337,18.770071679694485,18.50520606709205,18.61115264892578,18455200
2015-08-20,18.4124984543612,18.491957946415404,18.156463623046875,18.156463623046875,27453800
2015-08-21,17.96223269933832,18.09908000806525,17.46340560913086,17.46340560913086,47332800
2015-08-24,16.337718924383044,17.4854657096822,13.825922046261871,16.77474594116211,72207800
2015-08-25,17.423673148199082,17.454573876989816,16.624664499841806,16.642322540283203,37210800
2015-08-26,16.973405824581757,17.50754900015023,16.827729494537436,17.481061935424805,68776800
2015-08-27,17.719436142001495,17.891597810795073,17.49430204064757,17.887184143066406,40211000
2015-08-28,17.80772860766552,17.953403250554288,17.76799885342974,17.922502517700195,27672200
2015-08-31,17.776832394176374,17.95340781480961,17.715030912756536,17.759174346923828,22100600
2015-09-01,17.383947648824826,17.53403766134049,17.105839337759125,17.189712524414062,42578000
2015-09-02,17.445754303520836,17.62232975165889,17.278006196420005,17.604673385620117,25370200
2015-09-03,17.70179315172775,17.84305421461906,17.564947444281934,17.617919921875,22062200
2015-09-04,17.383946993335798,17.4722355298331,17.264757721659002,17.348630905151367,27561000
2015-09-08,17.67970982034825,17.847457853898348,17.63556639865993,17.83421516418457,18909200
2015-09-09,17.948983164142707,18.03727166242819,17.560514782064413,17.600244522094727,19304600
2015-09-10,17.573771972486476,17.87836574562932,17.56494294782033,17.77683448791504,28048800
2015-09-11,17.653224503868557,17.860700607299805,17.648809151305827,17.860700607299805,13719400
2015-09-14,17.935742348359632,17.953398702686744,17.772408020118903,17.816553115844727,14890800
2015-09-15,17.87394086074285,18.09466128701846,17.8253820975281,18.04610252380371,17612000
2015-09-16,18.024037002020847,18.138810922119315,18.00196360464933,18.121152877807617,15436200
2015-09-17,18.046111659501342,18.275661221111168,17.93575139049455,17.9975528717041,33565200
2015-09-18,17.786028112510245,17.950097205104644,17.723948006747825,17.763856887817383,36230200
2015-09-21,17.794897426365694,17.994441837159552,17.777159769504895,17.94122886657715,13921200
2015-09-22,17.6530002101335,17.72394914865532,17.528838299053213,17.63969612121582,24576400
2015-09-23,17.70178367239376,17.750561405299305,17.586492233163522,17.68404769897461,11356400
2015-09-24,17.484503196886852,17.732825431880155,17.39138299309818,17.68404769897461,22056400
2015-09-25,17.848109032304,17.870280258008066,17.573182112150178,17.652999877929688,21657800
2015-09-28,17.577621415737333,17.604227910196798,17.24061427703402,17.249483108520508,25166600
2015-09-29,17.29381413293644,17.409105482871585,17.049927348859978,17.174087524414062,26206800
2015-09-30,17.382510096210318,17.54214566055434,17.333732374710042,17.515539169311523,24933600
2015-10-01,17.515535697100685,17.577615806137636,17.28938648681521,17.524404525756836,27036000
2015-10-02,17.320431538387336,17.77273178100586,17.258349719883284,17.77273178100586,29834000
2015-10-05,17.883591360607504,18.167387220658707,17.848116032322725,18.123043060302734,17137800
2015-10-06,18.060960815969985,18.185121067338418,18.056527246231067,18.145212173461914,19715800
2015-10-07,18.24276597684326,18.304846096924642,18.01218146542927,18.229463577270508,30437800
2015-10-08,18.158514680418698,18.34919030211943,18.06982806937429,18.3137149810791,30749600
2015-10-09,18.366919596159615,18.406828472048055,18.29153710367911,18.393526077270508,22753000
2015-10-12,18.433438570029864,18.446740967417508,18.33588314503746,18.415700912475586,12687400
2015-10-13,18.31815050419882,18.48665320688314,18.313715243227087,18.375795364379883,17903600
2015-10-14,18.32258292749367,18.451178422727047,18.2915428688589,18.340320587158203,25512200
2015-10-15,18.41569903038872,18.58420337682094,18.406830202517973,18.575334548950195,16843800
2015-10-16,18.624113630530083,18.624113630530083,18.499953414291163,18.610811233520508,14972600
2015-10-19,18.570908653159695,18.681766510009766,18.51769566395087,18.681766510009766,14184200
2015-10-20,18.60638529187127,18.68620309701499,18.557607556332673,18.632991790771484,11857800
2015-10-21,18.672893739054945,18.72167145642741,18.46891573145765,18.491086959838867,18834400
2015-10-22,18.62412116137136,18.94782592142743,18.62412116137136,18.907917022705078,28472000
2015-10-23,19.377948016472295,19.51097706725599,19.315867905543648,19.43559455871582,33383400
2015-10-26,19.417856961123594,19.417856961123594,19.289261478625942,19.360210418701172,16576200
2015-10-27,19.315864955126195,19.36907622900064,19.227178370964847,19.24934959411621,15358000
2015-10-28,19.338043650924398,19.537588119506836,19.280397095210237,19.537588119506836,29559200
2015-10-29,19.42229107244702,19.510977672907842,19.364644528414054,19.484371185302734,15218000
2015-10-30,19.51541351740393,19.519848778300076,19.351344386931004,19.35577964782715,18679000
2015-11-02,19.391252713688782,19.537585870993777,19.342474994587118,19.528717041015625,27486600
2015-11-03,19.466639546638138,19.701657652290105,19.4311642219438,19.630708694458008,13758000
2015-11-04,19.675045218381545,19.706085272339035,19.604096281970705,19.652873992919922,14597200
2015-11-05,19.670614309167007,19.76816974425389,19.55532121469046,19.595230102539062,13457600
2015-11-06,19.57306036660501,19.670615809130883,19.502111415192488,19.661746978759766,13737800
2015-11-09,19.604098394599145,19.604098394599145,19.37794916402997,19.4710693359375,20292400
2015-11-10,19.36021355189173,19.364647121308124,19.262658109166694,19.34247589111328,34546600
2015-11-11,19.386813963573168,19.484367684150023,19.302560947074547,19.333600997924805,16402200
2015-11-12,19.240484516723562,19.333604687042953,19.16066674457659,19.165102005004883,16068000
2015-11-13,19.098587391272364,19.125193880232533,18.78375155058036,18.788185119628906,30089800
2015-11-16,18.757144916793294,19.080849584639314,18.74827608720838,19.076416015625,18158400
2015-11-17,19.116324010531134,19.2271818378327,19.040939808356843,19.080848693847656,18788800
2015-11-18,19.169537051444287,19.386819157160293,19.14736582226258,19.369081497192383,20333600
2015-11-19,19.386820440907552,19.55088957758408,19.382385179843702,19.4577693939209,18735000
2015-11-20,19.537582672633697,19.60853160928802,19.51540975553991,19.59966278076172,14576400
2015-11-23,19.612966671393117,19.62183550059482,19.413422243245318,19.484371185302734,14454200
2015-11-24,19.338044740557613,19.550891621853232,19.29370058306479,19.488811492919922,22606800
2015-11-25,19.4932448076525,19.49768006912203,19.42229584814961,19.42673110961914,13153200
2015-11-27,19.448898108086603,19.50654465374394,19.41785805078409,19.4710693359375,7601400
2015-11-30,19.497681340249894,19.5553262106589,19.426732376121574,19.49324607849121,34051200
2015-12-01,19.57305758132286,19.67061300996642,19.53314869611015,19.66617774963379,15558000
2015-12-02,19.688352043568706,19.763734558927553,19.519847661837453,19.54201889038086,19394200
2015-12-03,19.595235591832598,19.65288215521964,19.19614829310489,19.289268493652344,23708600
2015-12-04,19.346904362778155,19.79920440456672,19.30699548580987,19.763729095458984,25680400
2015-12-07,19.741561951282772,19.75929960950091,19.57305758132286,19.66617774963379,25629800
2015-12-08,19.497680158217683,19.670618142073934,19.440033599746723,19.617406845092773,22756600
2015-12-09,19.533148216886406,19.67948135626163,19.23605006102445,19.32917022705078,32507800
2015-12-10,19.382387161254883,19.528720343304688,19.324742293983725,19.382387161254883,18146800
2015-12-11,19.169536465033772,19.2183141826752,18.965558456311715,18.97886085510254,33920600
2015-12-14,18.974429715601826,19.12963002655505,18.779318820053174,19.12519645690918,42068400
2015-12-15,19.271526071741757,19.342475020104224,19.18283946339958,19.20944595336914,34043800
2015-12-16,19.329171447824244,19.50654465374394,19.13406227455758,19.4710693359375,36347600
2015-12-17,19.550886776011087,19.550886776011087,19.16066674457659,19.165102005004883,24217200
2015-12-18,19.109843542420023,19.149952889246215,18.76222863657541,18.793424606323242,45627800
2015-12-21,18.949394600197824,18.998417294209432,18.824610797296867,18.98504638671875,22326600
2015-12-22,19.05636143539184,19.154406873710645,18.967231073341306,19.123210906982422,18965200
2015-12-23,19.22571334570247,19.301476198089002,19.163321408474022,19.283649444580078,16090600
2015-12-24,19.29702281577508,19.32376295179761,19.252457622457342,19.27474021911621,4865600
2015-12-28,19.203429794519568,19.27473510494036,19.096470978862026,19.26136589050293,14354400
2015-12-29,19.37723907154426,19.57332827740106,19.33712972261299,19.524307250976562,13618400
2015-12-30,19.515388942493505,19.515388942493505,19.359407424926758,19.359407424926758,14393000
2015-12-31,19.292561295316705,19.30593050936452,19.08755874633789,19.08755874633789,17669000
2016-01-04,18.744405702000194,18.842449460842772,18.543858945192355,18.837993621826172,43277200
2016-01-05,18.895925948146978,18.940491129607327,18.704292607772615,18.78896713256836,32134400
2016-01-06,18.512657189873845,18.68200622046067,18.445807725132592,18.557222366333008,27716800
2016-01-07,18.17841446248643,18.41461297335734,18.000150344814255,18.009063720703125,33681400
2016-01-08,18.16504749233934,18.227441137107373,17.844174390940115,17.866456985473633,38466200
2016-01-11,17.991236068313775,18.062541371802695,17.75949340696165,17.982322692871094,38270200
2016-01-12,18.173953278808668,18.236345197462285,17.964494937621858,18.196237564086914,31683200
2016-01-13,18.329933356833106,18.329933356833106,17.67481486156908,17.706010818481445,43924600
2016-01-14,17.781779205367275,18.17841509595429,17.56786157668517,18.040260314941406,39591200
2016-01-15,17.451996408202803,17.70156591773663,17.318299124544865,17.532215118408203,40355600
2016-01-19,17.737209337851038,17.76840529927022,17.39405206218763,17.550033569335938,39317600
2016-01-20,17.25144691274583,17.585690919218806,16.948398877539432,17.411884307861328,59263600
2016-01-21,17.50992202758789,17.763947224318713,17.291548625108533,17.50992202758789,44271400
2016-01-22,17.844169227728482,18.00014904438332,17.817429101993724,17.99569320678711,22496400
2016-01-25,17.89765430513109,18.053634178660555,17.755043649317546,17.786239624023438,20961200
2016-01-26,17.8575435661813,18.00015421092823,17.746128893719447,17.960044860839844,22947400
2016-01-27,17.81297440633439,17.919931516025127,17.50992642878963,17.590145111083984,36044800
2016-01-28,17.848632194052332,17.88428570927199,17.6035202271033,17.81743621826172,35133600
2016-01-29,17.96449519702668,18.392326959731257,17.92884170010848,18.378957748413086,32226600
2016-02-01,18.30319780061228,18.530484629137323,18.289828587188186,18.44580841064453,29594600
2016-02-02,18.392329955903662,18.396785793718156,18.058086018081443,18.11602210998535,27902400
2016-02-03,18.231891412594713,18.240804787698835,17.812972983015925,18.09373664855957,43012400
2016-02-04,18.058091787154574,18.231898418340243,17.919936970032392,18.111570358276367,36405800
2016-02-05,18.040258917272865,18.071454881527792,17.532208413632603,17.603513717651367,47554800
2016-02-08,17.309379870547183,17.398511929417364,17.050897069828924,17.349489212036133,49642800
2016-02-09,17.140030440336634,17.514383756196608,17.113292010666264,17.269271850585938,49510600
2016-02-10,17.416338997723003,17.616884008759797,17.287097595015066,17.296010971069336,33950000
2016-02-11,17.082085049722235,17.371761951734115,17.046431566369087,17.260347366333008,49254600
2016-02-12,17.398511531784344,17.514382015630588,17.300466099262653,17.501012802124023,21786800
2016-02-16,17.697102740844727,17.817430767822376,17.59905900408908,17.81297492980957,20586600
2016-02-17,17.915476647832566,18.214067103604307,17.893194057111984,18.178415298461914,22257400
2016-02-18,18.24080822885187,18.26309082078957,18.071457470030293,18.10711097717285,23156800
2016-02-19,18.040258996511575,18.173956229627432,17.99569381882381,18.1204776763916,17158600
2016-02-22,18.285372633365714,18.387873911952564,18.258634204201236,18.361135482788086,13181400
2016-02-23,18.285368985385055,18.303195734640035,18.03580129602484,18.071453094482422,16379000
2016-02-24,17.875366047881975,18.245261787987644,17.78177815340311,18.209609985351562,20288800
2016-02-25,18.272004058683084,18.445810654549916,18.12939343130246,18.43689727783203,18806800
2016-02-26,18.53939476162826,18.557221511411658,18.347761451587786,18.38787078857422,19545200
2016-02-29,18.370051143456045,18.543857754848386,18.258636474609375,18.258636474609375,27203800
2016-03-01,18.414607628745006,18.802330017089844,18.38786750883938,18.802330017089844,24608400
2016-03-02,18.735489757199737,18.855817794799805,18.70429378819818,18.855817794799805,17496200
2016-03-03,18.864731171664936,18.869187010071098,18.70874962660434,18.855817794799805,15767800
2016-03-04,18.860269572636373,18.998424334222324,18.78450843567315,18.904834747314453,15771800
2016-03-07,18.79788050887097,18.873641657364104,18.650812349956958,18.78896713256836,31627000
2016-03-08,18.67755344882999,18.82907745373792,18.606248134758772,18.673097610473633,23401000
2016-03-09,18.69983130118581,18.837986055956126,18.69983130118581,18.833528518676758,24321200
2016-03-10,18.91375190430776,18.998428133201624,18.58396546561908,18.81570816040039,25856800
2016-03-11,19.002881649538384,19.109840457157464,18.958316471394433,19.105382919311523,17640200
2016-03-14,19.047449488693072,19.163319977744635,19.03853611260408,19.127666473388672,20121800
2016-03-15,19.051904552612537,19.216797753427443,19.042991176885707,19.198972702026367,12642200
2016-03-16,19.10984491550295,19.45300230743855,19.105387376617063,19.42180633544922,29513800
2016-03-17,19.38615182965485,19.555502597514916,19.36386923652789,19.49311065673828,18734200
2016-03-18,19.56925221136431,19.58269071782624,19.439359178974996,19.52446174621582,18828800
2016-03-21,19.479672132741516,19.60060673565919,19.470713697590803,19.591650009155273,16007000
2016-03-22,19.502063660807575,19.672268770390986,19.502063660807575,19.59612464904785,26225800
2016-03-23,19.569260164081378,19.591657114404203,19.443845443781157,19.48415756225586,21350200
2016-03-24,19.399051334409037,19.53790283203125,19.37217602423356,19.53790283203125,13486400
2016-03-28,19.555817709055876,19.582693016487692,19.45279826020431,19.488630294799805,12816000
2016-03-29,19.452802702664943,19.80665330908197,19.430407462347464,19.793214797973633,20163000
2016-03-30,19.896227554828894,20.008205427267995,19.864873887237685,19.909666061401367,21976600
2016-03-31,19.88279486344508,19.96789915760993,19.833524316012184,19.86935806274414,29189800
2016-04-01,19.73049579207086,20.03059730280635,19.71257892693668,20.021638870239258,19309800
2016-04-04,19.990287774048163,20.035078233981057,19.905183508070536,19.94549560546875,15292400
2016-04-05,19.815604396959827,19.864873223924626,19.712583254146736,19.75289535522461,21452200
2016-04-06,19.757373623374775,19.94549560546875,19.685707862294233,19.94549560546875,22277000
2016-04-07,19.802167914639025,19.842480019836838,19.582692226398475,19.658836364746094,21261800
2016-04-08,19.761855809441208,19.838001656435683,19.591650661847638,19.658836364746094,17525600
2016-04-11,19.743936623772463,19.86039284358646,19.605083465576172,19.605083465576172,16277200
2016-04-12,19.640920810901918,19.757378770903486,19.506547687447544,19.73946189880371,19184000
2016-04-13,19.855918392357896,19.972374635111684,19.833521449563808,19.941020965576172,15753200
2016-04-14,19.914139654197946,19.99924391039943,19.869349199410248,19.936534881591797,13005400
2016-04-15,19.90966405646498,19.963412951402056,19.820081425805473,19.860393524169922,12921800
2016-04-18,19.802164083307666,19.94549560546875,19.770810419625338,19.94549560546875,14225800
2016-04-19,19.9813267413527,20.00372196840619,19.72153732332258,19.833515167236328,12942000
2016-04-20,19.8514355642501,19.96341342808664,19.793206596634047,19.873830795288086,13755600
2016-04-21,19.8424742639142,19.887266428166676,19.752891644055616,19.802162170410156,22555800
2016-04-22,19.488625238807213,19.587166298512138,19.354252153802804,19.457271575927734,29848800
2016-04-25,19.403528678582692,19.470716096166406,19.354258133507567,19.46175765991211,18715000
2016-04-26,19.484153016817572,19.528943489719268,19.304987707916766,19.36769676208496,14734800
2016-04-27,19.121338569166017,19.30050382685071,19.049672807821445,19.278108596801758,25559200
2016-04-28,19.309467859676463,19.376653569304857,18.973534185593426,19.03624153137207,45339200
2016-04-29,18.928745013252037,18.960100399773427,18.73166450823669,18.87051773071289,23792400
2016-05-02,18.910823807720217,19.03176011603725,18.830199602175526,19.009363174438477,25105400
2016-05-03,18.87947082608123,18.919782930318824,18.771971311898714,18.834678649902344,25062400
2016-05-04,18.74957179786829,18.830195987938104,18.72269649829621,18.776445388793945,22491400
2016-05-05,18.830200195982847,18.874990663299357,18.74061755270302,18.78540802001953,27119800
2016-05-06,18.70478747426081,18.924264907836914,18.70478747426081,18.924264907836914,18459800
2016-05-09,18.933223344783606,19.013847568656693,18.910828106740446,18.924264907836914,15082400
2016-05-10,18.98248654341187,19.170608520507812,18.960091314040422,19.170608520507812,27840400
2016-05-11,19.121340189873578,19.228839695325263,19.03175926208496,19.03175926208496,14304200
2016-05-12,19.103426562142342,19.103426562142342,18.857073865019128,18.978010177612305,18673000
2016-05-13,18.973532780732288,19.089989027320257,18.88395013254706,18.90634536743164,21842600
2016-05-16,18.92425758012892,19.215400687897187,18.92425758012892,19.170608520507812,12788400
2016-05-17,19.11238328872245,19.206446004281684,18.91978291160755,18.978010177612305,19880200
2016-05-18,18.928737358943568,19.16165152085738,18.90186376514552,19.01384162902832,21807000
2016-05-19,18.96904917278999,18.991446112146743,18.7988440524754,18.91082191467285,17269600
2016-05-20,19.01384276277033,19.184049604442187,19.0004042564234,19.139257431030273,11746000
2016-05-23,19.13029384573339,19.210918027520982,19.085503393027505,19.10342025756836,16855400
2016-05-24,19.17957289816632,19.49311133247864,19.17957289816632,19.46175765991211,18923000
2016-05-25,19.5423757570029,19.658831974541368,19.515500456657193,19.59612464904785,19629400
2016-05-26,19.596129025248796,19.690190034494744,19.55581692005098,19.658836364746094,13034200
2016-05-27,19.654355992648334,19.779770658825417,19.631960760637664,19.75289535522461,15576000
2016-05-31,19.770819557656154,19.820090111542996,19.676758523134357,19.793214797973633,24742800
2016-06-01,19.72602157714405,19.797687344100883,19.69466791089085,19.743938446044922,13771000
2016-06-02,19.663309680340397,19.726016998291016,19.564768632905846,19.726016998291016,15529000
2016-06-03,19.69914168772778,19.72601698482238,19.573727051912176,19.681224822998047,16609400
2016-06-06,19.694666765959123,19.788727759250573,19.676749898099832,19.71706199645996,17271200
2016-06-07,19.779770661447994,19.84247799454485,19.77529229850394,19.797687530517578,8818800
2016-06-08,19.793209074889813,19.869354920328917,19.7618554057816,19.838001251220703,16317000
2016-06-09,19.757375234192402,19.864873030254245,19.74393843684634,19.842477798461914,25839000
2016-06-10,19.690195083618164,19.757382512392233,19.623009363491388,19.690195083618164,16565200
2016-06-13,19.515505038203383,19.631962991728503,19.466234496992513,19.470714569091797,23566200
2016-06-14,19.42592029249624,19.546856596407437,19.376649756608714,19.5155029296875,16841200
2016-06-15,19.546858417271235,19.58717052233019,19.443838972930976,19.46623420715332,14156200
2016-06-16,19.36768886390235,19.537893958436417,19.26018938067097,19.506540298461914,19192600
2016-06-17,19.46648935708305,19.51149789424381,19.290953658404202,19.3764705657959,22930400
2016-06-20,19.54750014816684,19.628516863970876,19.45298121871717,19.457481384277344,13712000
2016-06-21,19.516002983649194,19.637528114302548,19.497998879041454,19.592517852783203,11487800
2016-06-22,19.597014300014052,19.669028981497835,19.502495352497615,19.524999618530273,12990400
2016-06-23,19.651021062505336,19.80855261108151,19.579006395018354,19.790550231933594,19526800
2016-06-24,19.09290840951751,19.416975310861446,18.98938741980271,19.029895782470703,47246000
2016-06-27,18.890364194673538,18.890364194673538,18.57079752909103,18.647314071655273,36818000
2016-06-28,18.85436210112051,19.016395568847656,18.822855784280843,19.016395568847656,26489400
2016-06-29,19.14692835288766,19.340468194395168,19.14242646803437,19.308961868286133,21008400
2016-06-30,19.353958968914657,19.529494601127624,19.3089504487962,19.520492553710938,26710600
2016-07-01,19.53400538166319,19.624022462905675,19.50699922711098,19.56551170349121,14949400
2016-07-05,19.46198472507302,19.48898915438771,19.362963905678512,19.421476364135742,17361400
2016-07-06,19.358463548846405,19.561005369499185,19.290950753272394,19.55650520324707,15701600
2016-07-07,19.53850110430785,19.646523980977793,19.484490524455566,19.55650520324707,12332200
2016-07-08,19.651025919756268,19.87607202589959,19.628521652535042,19.86256980895996,25496000
2016-07-11,19.92557698500473,20.02459779400828,19.907572889374077,19.97958755493164,11663600
2016-07-12,20.114618302586322,20.168630598780865,20.05160567399138,20.141624450683594,32085600
2016-07-13,20.200140005268285,20.21364222290113,20.13262548317282,20.146127700805664,21218800
2016-07-14,20.25865109535767,20.321665451608265,20.21364255785861,20.276655197143555,30976600
2016-07-15,20.34416844569175,20.34416844569175,20.200139074360155,20.258649826049805,9729600
2016-07-18,20.290159560502996,20.416184841734598,20.25415135617072,20.393680572509766,8214400
2016-07-19,20.35766537807021,20.398173735552028,20.317157020588386,20.348663330078125,8915800
2016-07-20,20.506204205505668,20.650233592906254,20.47919805150591,20.614225387573242,10769800
2016-07-21,20.61872575569753,20.64573019074601,20.456692277544214,20.506202697753906,10946800
2016-07-22,20.492702257115912,20.627731323242188,20.447693713051084,20.627731323242188,9414600
2016-07-25,20.59171549568019,20.641225906012664,20.537704919392617,20.600717544555664,8489600
2016-07-26,20.623217176894617,20.708734046559147,20.546702354083966,20.645721435546875,18115400
2016-07-27,20.870775416301488,20.870775416301488,20.71774399534774,20.81676483154297,21820200
2016-07-28,20.843770886366208,20.893279587270175,20.74925021726739,20.83026695251465,12658600
2016-07-29,20.920288183430163,20.956296388622704,20.843773322844594,20.90678596496582,21179400
2016-08-01,20.906782055747865,20.98779878531659,20.870773857288253,20.947290420532227,15683400
2016-08-02,20.906779782859644,20.951788309075635,20.69073576648548,20.78975486755371,22224400
2016-08-03,20.771761169220905,20.861778259277344,20.767259284538525,20.861778259277344,15961800
2016-08-04,20.866275399531222,20.983298620176225,20.848271298827207,20.97429656982422,16752400
2016-08-05,21.041810602912708,21.185839971286637,21.019306336035317,21.176837921142578,12126200
2016-08-08,21.19933910055426,21.253351393552276,21.127324426855495,21.172334671020508,10439200
2016-08-09,21.172330044646788,21.27134912624261,21.172330044646788,21.21733856201172,29836800
2016-08-10,21.226342787921503,21.235344835711594,21.12282181378305,21.14982795715332,7112400
2016-08-11,21.21735063966015,21.284865171104027,21.194846368167475,21.22635269165039,10518600
2016-08-12,21.221846261753566,21.221846261753566,21.158831916416872,21.203842163085938,6937400
2016-08-15,21.23084314700334,21.347868052376967,21.217340933677566,21.30735969543457,16561400
2016-08-16,21.271351309906898,21.271351309906898,21.14982795715332,21.14982795715332,9078000
2016-08-17,21.158831467624147,21.16783351676702,21.019303998322883,21.14082908630371,10575000
2016-08-18,21.13632402698566,21.172332218146018,21.073311409420082,21.14982795715332,7086400
2016-08-19,21.091328719091273,21.181347536425502,21.04181828370914,21.16334342956543,9576200
2016-08-22,21.10483094075326,21.185847704657455,21.06882444399925,21.16334342956543,9257400
2016-08-23,21.226346874773892,21.289359504471715,21.221846708494926,21.239849090576172,16630600
2016-08-24,21.230848698690192,21.23985074891636,21.073317112146068,21.122827529907227,13648800
2016-08-25,21.086824203842212,21.194847114563373,21.050817711579104,21.1678409576416,11825400
2016-08-26,21.154333654265184,21.32986933966056,21.064314869790103,21.176837921142578,24227200
2016-08-29,21.167839476559024,21.289364598755178,21.167839476559024,21.257858276367188,13964800
2016-08-30,21.21734501447071,21.262355262488697,21.11382401947744,21.18583869934082,11436400
2016-08-31,21.158828287978356,21.18133426593611,21.082313457210173,21.14982795715332,22322400
2016-09-01,21.1453239040489,21.235342655743644,21.05080498740362,21.21733856201172,18479200
2016-09-02,21.320868811040377,21.370379231883167,21.21734780244438,21.311866760253906,13814400
2016-09-06,21.3253666952937,21.419885635375977,21.298360547999348,21.419885635375977,30214800
2016-09-07,21.41988544945673,21.478397909603963,21.36137298930949,21.473896026611328,23170000
2016-09-08,21.39738739763382,21.401887564967687,21.244355953795512,21.29836654663086,16605200
2016-09-09,21.10481979694006,21.18133635220986,20.77625274658203,20.77625274658203,33618400
2016-09-12,20.672735320391993,21.167836064072542,20.64122900308317,21.122827529907227,38020600
2016-09-13,21.041809908862387,21.118324757114834,20.8842783289512,20.96979522705078,34717600
2016-09-14,20.974298367705053,21.199344494899165,20.969798200626077,21.068819046020508,34217400
2016-09-15,21.113819793273937,21.455889024914065,21.068811271230388,21.415382385253906,32572600
2016-09-16,21.422612827264928,21.422612827264928,21.241830600611614,21.336740493774414,31766200
2016-09-19,21.39098748825547,21.49493672003119,21.23732303170266,21.29607582092285,14242600
2016-09-20,21.368381383985493,21.40905730688668,21.25539290082302,21.28251075744629,10002200
2016-09-21,21.36386384683835,21.535606833981344,21.282511996300485,21.52204704284668,24095200
2016-09-22,21.64859935170428,21.680235996792327,21.598884131117963,21.653118133544922,20997000
2016-09-23,21.64859604327934,21.64859604327934,21.427137837439297,21.463294982910156,23973000
2016-09-26,21.372897628731913,21.409053039622325,21.296064578980772,21.336740493774414,19240800
2016-09-27,21.36386179028078,21.58079946280942,21.309627803165462,21.571760177612305,17569000
2016-09-28,21.589844659455146,21.621481304273697,21.476856149655237,21.612442016601562,18096800
2016-09-29,21.585318212069694,21.63955392317372,21.418095746334018,21.481369018554688,22813800
2016-09-30,21.531083267458584,21.662150310696525,21.5130046978946,21.594356536865234,18510600
2016-10-03,21.535602657511035,21.5853161351386,21.481366951625546,21.531082153320312,12462800
2016-10-04,21.60339805454054,21.63955519740565,21.377421083836,21.454254150390625,17804400
2016-10-05,21.513003584691816,21.580797355015076,21.490406235939794,21.531082153320312,18015200
2016-10-06,21.54916056260224,21.603394544019494,21.45425066410525,21.58079719543457,10011800
2016-10-07,21.598880112384677,21.62599624651894,21.418097839174415,21.52204704284668,12147800
2016-10-10,21.63504073826639,21.720913114533698,21.621482667937006,21.67119789123535,13315600
2016-10-11,21.671192929334882,21.698309063785064,21.33222745616719,21.42713737487793,17454600
2016-10-12,21.445216410174726,21.52204775819892,21.336746697829735,21.463294982910156,11040800
2016-10-13,21.323194230358496,21.395506816223865,21.146932410065915,21.327713012695312,19338400
2016-10-14,21.41357812205728,21.553682739806256,21.390980769910747,21.4090576171875,18896600
2016-10-17,21.40905387302485,21.45425029348111,21.350301112532442,21.363859176635742,10150200
2016-10-18,21.522044939849028,21.576280650953056,21.454252887070037,21.481369018554688,10117800
2016-10-19,21.467813050510614,21.544644395981077,21.427137125241682,21.52204704284668,10070000
2016-10-20,21.467813573336265,21.476852859623673,21.318667935695387,21.422618865966797,12296000
2016-10-21,21.454252887070037,21.494928808364378,21.39549839540769,21.481369018554688,16153800
2016-10-24,21.594360282240928,21.70282999437077,21.576283433608943,21.689271926879883,10786200
2016-10-25,21.720911744599324,21.720911744599324,21.57176608411088,21.612442016601562,8724800
2016-10-26,21.43165915944941,21.607922678415633,21.42262159607782,21.490413665771484,12559400
2016-10-27,21.585321038705334,21.589841543922986,21.43617712380701,21.463294982910156,17642200
2016-10-28,21.52204474345766,21.6621510764302,21.386458915069557,21.440692901611328,20837800
2016-10-31,21.49493088619364,21.52656752536216,21.431655883789062,21.431655883789062,11760000
2016-11-01,21.4768563996124,21.499453757021815,21.10173371515829,21.24635887145996,18130600
2016-11-02,21.246351277214178,21.30962626903867,21.061050254181982,21.11076545715332,16334600
2016-11-03,21.052015535330156,21.097210240095134,20.898351125434775,20.90738868713379,20251400
2016-11-04,20.88931728474149,21.03846122859621,20.817004703827827,20.871238708496094,16308000
2016-11-07,21.17856554137495,21.33222997632738,21.12885032358626,21.323190689086914,26452000
2016-11-08,21.282512244251784,21.51752851253616,21.259914890854112,21.42713737487793,19560000
2016-11-09,21.10172915608205,21.436175835314117,20.988740669378547,21.4000186920166,54258800
2016-11-10,21.5220458128986,21.5220458128986,20.76276306731527,21.056533813476562,79031000
2016-11-11,20.939031430763716,21.165008450008386,20.939031430763716,21.11981201171875,28183200
2016-11-14,21.137887057348244,21.15144512453724,20.699491161516924,20.798921585083008,37942000
2016-11-15,20.939034403755898,21.165011455085526,20.929995114814545,21.092697143554688,34741600
2016-11-16,21.042975456134183,21.30058905652962,21.015857599857195,21.287029266357422,20248400
2016-11-17,21.305109868298064,21.44069571447404,21.26443394203851,21.422618865966797,17048200
2016-11-18,21.472333078966646,21.517529511928707,21.363865087992963,21.404541015625,17646000
2016-11-21,21.48137078132697,21.63955569892674,21.449734142620517,21.621477127075195,17951000
2016-11-22,21.693790708020984,21.72542734821144,21.639556713989855,21.689271926879883,16977600
2016-11-23,21.675709928754113,21.675709928754113,21.526566029334326,21.603397369384766,16233600
2016-11-25,21.61695718828984,21.698307309129483,21.594358112652117,21.693788528442383,6219000
2016-11-28,21.67571114238997,21.811296983290607,21.662153075520163,21.711868286132812,14975600
2016-11-29,21.69830405326184,21.82937108639719,21.64859057689371,21.725421905517578,11856800
2016-11-30,21.75705795650689,21.75705795650689,21.46328898988707,21.46780776977539,23633200
2016-12-01,21.440695346736586,21.494931063530817,20.966144031226086,21.024898529052734,43731200
2016-12-02,21.006820426269954,21.151445559485047,20.95710521346459,21.101730346679688,20105400
2016-12-05,21.21923649416057,21.359341103351664,21.13336414755457,21.30510711669922,18010000
2016-12-06,21.354819621615587,21.404534821453154,21.268949009938865,21.368377685546875,18509600
2016-12-07,21.354823464156812,21.793219333535262,21.34126539778591,21.7751407623291,19945800
2016-12-08,21.784181513714174,21.924286139820463,21.725427015374486,21.829376220703125,19354200
2016-12-09,21.910719601763944,21.987552642822266,21.87456419496412,21.987552642822266,24615000
2016-12-12,21.919763565063477,21.969478768587578,21.851969792245654,21.919763565063477,19170200
2016-12-13,22.01467330765946,22.303923517986462,22.0011152428214,22.19545555114746,27934000
2016-12-14,22.209020605758923,22.29489297427232,22.073434742504045,22.118629455566406,35830000
2016-12-15,22.145741262182142,22.331042293576484,22.109584122365042,22.218053817749023,23140000
2016-12-16,22.279793316070375,22.284332039154254,22.02558153147046,22.057357788085938,21131400
2016-12-19,22.075522682175674,22.288877363832235,22.057364321109738,22.216245651245117,13254000
2016-12-20,22.27525366503835,22.334267457314738,22.243477407276334,22.297950744628906,11413000
2016-12-21,22.288876558356762,22.297955738561626,22.207165668189543,22.252561569213867,9247400
2016-12-22,22.252558752333464,22.26617665507863,22.139071611653474,22.207162857055664,22210400
2016-12-23,22.1844644132953,22.2343990291971,22.143608975891667,22.229860305786133,12717400
2016-12-27,22.252556953461607,22.425057878219782,22.243477775139997,22.320648193359375,13681400
2016-12-28,22.34788875295958,22.379665015547815,22.1118352796781,22.120914459228516,15555200
2016-12-29,22.120909679644956,22.184462191089867,22.07097506874508,22.125450134277344,9593000
2016-12-30,22.175389097050907,22.175389097050907,21.884862261213897,21.95295524597168,17003200
2017-01-03,22.093670613906678,22.225316082294647,22.01650020727121,22.14814567565918,27881200
2017-01-04,22.166310653037453,22.257098986401317,22.15269101769171,22.225322723388672,14446200
2017-01-05,22.202624841452383,22.316111985751707,22.175387303417043,22.261638641357422,11005800
2017-01-06,22.26164040178297,22.45683844394796,22.19808787301791,22.42506217956543,17501200
2017-01-09,22.438671506261006,22.49314483413963,22.406895254025482,22.420513153076172,16627000
2017-01-10,22.42506217956543,22.502232612586848,22.347890014867474,22.42506217956543,15471600
2017-01-11,22.384199443990905,22.529462814331055,22.35696191267364,22.529462814331055,15173000
2017-01-12,22.443214586321325,22.502228379792285,22.261636214245133,22.474990844726562,13725400
2017-01-13,22.474995925743595,22.583944358960707,22.474995925743595,22.543088912963867,9665800
2017-01-17,22.484066777852,22.520383486031204,22.40689637048513,22.456830978393555,9651600
2017-01-18,22.520390522917797,22.54762633088654,22.461376719524683,22.515850067138672,12315400
2017-01-19,22.515840352210194,22.59755120421358,22.44320867617116,22.48406410217285,14500000
2017-01-20,22.58394087303408,22.665651752415346,22.54762415700848,22.606637954711914,17510800
2017-01-23,22.583938939151718,22.656570633307066,22.488610165262106,22.647491455078125,23955200
2017-01-24,22.62933072503142,22.824528707288906,22.620253279430795,22.7882137298584,13021800
2017-01-25,22.91078427081371,23.006113052368164,22.89262591289582,23.006113052368164,18395600
2017-01-26,23.001574173033443,23.01973253219548,22.879009577880797,22.942562103271484,14253000
2017-01-27,23.024272718718457,23.074207339992206,22.98341727691961,23.03335189819336,12046000
2017-01-30,22.95617375852352,22.95617375852352,22.74281742563267,22.847227096557617,16893200
2017-01-31,22.77459737370923,22.797296186003503,22.63387443487174,22.73374366760254,19115600
2017-02-01,22.942562904895734,22.97887789281223,22.77914113008025,22.906246185302734,23362200
2017-02-02,22.838152299203895,22.90170481948437,22.742821787106887,22.860849380493164,17197800
2017-02-03,22.947098116881293,23.04242689370779,22.942559393465086,23.010650634765625,13667200
2017-02-06,22.978871310168362,23.028805919465963,22.91985925524939,23.024267196655273,13453000
2017-02-07,23.069668544658104,23.14230025400794,23.051510184401508,23.115062713623047,20106200
2017-02-08,23.11505506073064,23.192227200432878,23.051502552549955,23.15591049194336,12706200
2017-02-09,23.155914444876146,23.287559938109816,23.155914444876146,23.228546142578125,9739200
2017-02-10,23.283020586966344,23.332955202479656,23.2240067930255,23.29663848876953,8355800
2017-02-13,23.337496136940608,23.428286198141503,23.305719875271752,23.40104866027832,13159400
2017-02-14,23.373812025369418,23.478219985961914,23.305719048963898,23.478219985961914,12467600
2017-02-15,23.460060626738898,23.57354776145351,23.437363546131227,23.555389404296875,11895000
2017-02-16,23.587162389095887,23.673413707778323,23.555386134321097,23.609859466552734,14123000
2017-02-17,23.582625516320967,23.691572189331055,23.546308804200173,23.691572189331055,14175400
2017-02-21,23.741508621693857,23.82321949855005,23.705193638466817,23.81414031982422,15237400
2017-02-22,23.791438835691146,23.85953179769455,23.741504227778776,23.841373443603516,13769600
2017-02-23,23.873150663509136,23.891309018334994,23.732426011122783,23.836833953857422,13405400
2017-02-24,23.696117422385488,23.900394640066047,23.682497786755786,23.891315460205078,15544200
2017-02-27,23.88677044704964,23.88677044704964,23.823217931824615,23.8776912689209,15951200
2017-02-28,23.83683189191588,23.859530699322715,23.72788523573693,23.76420021057129,15243000
2017-03-01,23.90947456241713,24.131910162837393,23.855001209290876,24.100133895874023,18190600
2017-03-02,24.07742640783757,24.081965130438668,23.92762258686243,23.941242218017578,14340200
2017-03-03,23.923090114690925,23.9957218170166,23.873155494652703,23.9957218170166,15714000
2017-03-06,23.895857178431744,24.00026516240039,23.855001729776472,23.959409713745117,13430400
2017-03-07,23.941253083424662,24.05927897305283,23.923094721427496,23.959409713745117,13960800
2017-03-08,23.986631393432617,24.05926306171038,23.954855146790816,23.986631393432617,11361800
2017-03-09,23.99118270320847,24.018420242482442,23.864077649949557,23.982105255126953,15300400
2017-03-10,24.095585438761116,24.159137947018092,24.00933412183296,24.109203338623047,14709000
2017-03-13,24.109211332227435,24.15914595717871,24.086514247706827,24.131908416748047,14922400
2017-03-14,24.113751438121987,24.113751438121987,23.986646372182506,24.077436447143555,14479800
2017-03-15,24.11374748651896,24.281709703759184,24.04111578478786,24.240854263305664,17867200
2017-03-16,24.331637419574943,24.340716596820933,24.227229478760083,24.254467010498047,21956000
2017-03-17,24.347888023656417,24.3843428754861,24.297761081337942,24.306875228881836,13790800
2017-03-20,24.31143021412724,24.38434165247559,24.26130501266872,24.32965850830078,9083600
2017-03-21,24.39345293313686,24.452694013066658,23.96509850046859,23.974212646484375,29811000
2017-03-22,23.978770862940443,24.16105032186428,23.946872218380634,24.12459373474121,22766600
2017-03-23,24.08814299737733,24.16105444572239,24.02434569736866,24.060800552368164,22718800
2017-03-24,24.142822559076873,24.224848143561335,23.99699968407022,24.079025268554688,26281800
2017-03-27,23.878519250006992,24.12915220777806,23.8466206047459,24.079025268554688,13690000
2017-03-28,24.056249289351577,24.30688233587971,24.015236482585415,24.252199172973633,16907800
2017-03-29,24.243082124944593,24.30687943043361,24.188398968574894,24.293209075927734,11410200
2017-03-30,24.27497833569444,24.37067428430122,24.256750039289518,24.338775634765625,17508400
2017-03-31,24.315993579552927,24.375234679655385,24.265866628569785,24.293209075927734,12207000
2017-04-03,24.315992725808098,24.35244758265922,24.124599077714763,24.270421981811523,26035800
2017-04-04,24.17016625776942,24.288646697998047,24.161052110314003,24.288646697998047,15041600
2017-04-05,24.31143694241244,24.475488158684495,24.165614025358675,24.188400268554688,20955800
2017-04-06,24.215737611422355,24.265864558128506,24.133712014693394,24.19295310974121,13870200
2017-04-07,24.15649690169918,24.243080443153115,24.09269960063591,24.179283142089844,12938800
2017-04-10,24.192944305299974,24.25218537878843,24.083576303347865,24.133703231811523,9687200
2017-04-11,24.092693233697243,24.12914981801112,23.84661824296107,24.042566299438477,16914200
2017-04-12,24.019782021362143,24.047124459845644,23.914971948027176,23.960542678833008,17368400
2017-04-13,23.93320241647868,24.092695642936956,23.86484718322754,23.86484718322754,19533200
2017-04-17,23.937759046697654,24.092696071590506,23.937759046697654,24.083581924438477,14132000
2017-04-18,24.019784182350175,24.124594265114595,23.983329332771408,24.079025268554688,12487200
2017-04-19,24.115483704040447,24.202067244063112,24.015231549032272,24.060800552368164,14521000
2017-04-20,24.124594455670227,24.320544271448018,24.088139605803512,24.279531478881836,15163800
2017-04-21,24.288641711891543,24.29319965385651,24.183831645189084,24.229400634765625,15233000
2017-04-24,24.493708346323746,24.534721136809562,24.43902520512457,24.51649284362793,16210000
2017-04-25,24.616752021499664,24.694219676693553,24.575739222177578,24.644094467163086,20089600
2017-04-26,24.644093161377747,24.703332516323847,24.5939662161572,24.616750717163086,16294400
2017-04-27,24.680550088001752,24.735233242677392,24.657765585082416,24.71700668334961,17183400
2017-04-28,24.794466400729952,24.8309229844029,24.721554971729642,24.78079605102539,22836800
2017-05-01,24.871938266827204,24.99953284579067,24.826367532664705,24.967634201049805,15126000
2017-05-02,25.017765496013023,25.0587782947283,24.931181955199627,25.022321701049805,15070200
2017-05-03,24.94029854496477,24.99498170248925,24.862830883333938,24.976755142211914,14309000
2017-05-04,24.98586333069455,24.999533682227803,24.87649530339107,24.958520889282227,15159800
2017-05-05,24.999540404835816,25.058781507986758,24.940299301684874,25.049667358398438,13651600
2017-05-08,25.067896868094376,25.172708731516483,25.022327853138542,25.15903663635254,12140200
2017-05-09,25.186371300744952,25.25928274513807,25.14080056153303,25.190927505493164,15388600
2017-05-10,25.21826966955985,25.304851465584097,25.16358652145748,25.286624908447266,10604000
2017-05-11,25.209157406144946,25.268398501719112,25.108903511841905,25.25472640991211,18196000
2017-05-12,25.277512515820117,25.332195667719347,25.250170070697475,25.318525314331055,9307600
2017-05-15,25.35042107743115,25.459787368774414,25.33674898725385,25.459787368774414,19898600
2017-05-16,25.51903077195865,25.578271865844727,25.432448971929787,25.578271865844727,18122200
2017-05-17,25.377767583401738,25.400553826125076,24.867387384300816,24.881057739257812,37090000
2017-05-18,24.817252480425058,25.122570303964725,24.776239690347957,25.026872634887695,33644400
2017-05-19,25.163586734139592,25.25016853089563,25.136244290684342,25.172700881958008,20438200
2017-05-22,25.231936614194694,25.405101921201563,25.22738041011233,25.37320327758789,21020600
2017-05-23,25.4780166492766,25.505359092343316,25.35042205832378,25.41877555847168,13221000
2017-05-24,25.487129515268272,25.528142308632933,25.42788842744247,25.523584365844727,18643800
2017-05-25,25.605613870802447,25.760550920739323,25.55548866088278,25.705867767333984,12227000
2017-05-26,25.68308174424839,25.724094541460552,25.628398594080846,25.692195892333984,72564400
2017-05-30,25.701311106531406,25.828905708330414,25.669412456081652,25.801563262939453,11850600
2017-05-31,25.89726386396286,25.906376275104844,25.673971547366364,25.76055335998535,28492200
2017-06-01,25.81523603934782,25.82434844970703,25.664855193229005,25.82434844970703,16872400
2017-06-02,25.920042965349637,26.065865850071628,25.838017375400277,26.061307907104492,16982000
2017-06-05,26.06131257369396,26.152452327551345,26.02941392059581,26.08409881591797,13531600
2017-06-06,26.05219262048706,26.166116852841846,26.00206741846145,26.033966064453125,15370400
2017-06-07,26.093203449626095,26.161558679232186,25.979279225846415,26.115989685058594,17407400
2017-06-08,26.16156158149428,26.193460228623643,26.02940905004639,26.17523193359375,14204800
2017-06-09,26.21168638445059,26.257255379960426,25.16358384261256,25.528141021728516,70285000
2017-06-12,25.263835707581592,25.41877272432594,24.958519616602107,25.37775993347168,71412800
2017-06-13,25.500804144546432,25.642070842798184,25.37320953860687,25.56004524230957,36586800
2017-06-14,25.660294439844357,25.66485064421639,25.227382013977042,25.437002182006836,32361200
2017-06-15,25.14992041332517,25.35954238454993,25.040554091104415,25.32308578491211,29501000
2017-06-16,25.324454390479683,25.333605261200333,25.17346938696429,25.278701782226562,43222600
2017-06-19,25.470863345265613,25.6721789986743,25.457137912660485,25.65387725830078,19858400
2017-06-20,25.644725945024238,25.658453122742213,25.447986602783203,25.447986602783203,21915400
2017-06-21,25.53491929370169,25.60354820169337,25.457137770224435,25.58982276916504,24586400
2017-06-22,25.667606962399137,25.68590870581836,25.516621942566367,25.59897804260254,17585600
2017-06-23,25.576093542858615,25.823160018470585,25.534915506031663,25.759105682373047,32847200
2017-06-26,25.896368173276382,25.951273392199905,25.594396450596832,25.621849060058594,19455800
2017-06-27,25.48458816578056,25.530340767132017,25.200918197631836,25.200918197631836,25791000
2017-06-28,25.297001180387028,25.539493123296573,25.127712705761528,25.516616821289062,25952000
2017-06-29,25.39765739902583,25.39765739902583,24.857770036327054,25.059083938598633,41946800
2017-06-30,25.164321636415856,25.20549968708946,25.013334868829197,25.036212921142578,30743800
2017-07-03,25.141434381097508,25.18718697509967,24.83488641616434,24.86233901977539,33105200
2017-07-05,24.953853742664865,25.159743970643973,24.87149765147322,25.10941505432129,29618800
2017-07-06,24.88979280556084,25.017901471131264,24.82116216594831,24.88064193725586,25514800
2017-07-07,24.97215619657189,25.25124990762817,24.95385445459602,25.168893814086914,17636400
2017-07-10,25.173466321457227,25.41138369517126,25.136862843032027,25.351903915405273,11188400
2017-07-11,25.324450866126394,25.447984985637973,25.22836935495624,25.40680694580078,13713000
2017-07-12,25.580665771182655,25.759103332706342,25.566940341942246,25.73622703552246,33103800
2017-07-13,25.772836533492697,25.87806892142362,25.727082183077076,25.786561965942383,16250200
2017-07-14,25.89636599395806,26.042776408066317,25.859764263105898,26.01532554626465,13379200
2017-07-17,26.038206831937384,26.09311031140329,25.969576173592394,26.01990509033203,19674200
2017-07-18,25.969574131351813,26.13886260986328,25.905519786120447,26.13886260986328,19840400
2017-07-19,26.180038300896708,26.294421548635192,26.15716025506913,26.271543502807617,13347200
2017-07-20,26.344753996229926,26.353903121370294,26.175465510181706,26.326452255249023,20745800
2017-07-21,26.212069872525408,26.299000527079297,26.184617260132004,26.29442596435547,11610000
2017-07-24,26.280697022254877,26.381354848927188,26.22579354650181,26.358478546142578,10756200
2017-07-25,26.27612026013262,26.363050901576745,26.193764180722443,26.308147430419922,13760600
2017-07-26,26.4499819774836,26.45455653929083,26.321871557333782,26.408803939819336,21205200
2017-07-27,26.59639370835553,26.628420878642835,25.983299420163053,26.308147430419922,46094400
2017-07-28,26.17546638013262,26.331027692940257,26.15259007582123,26.280698776245117,20586200
2017-07-31,26.321876542499556,26.38135632935736,26.12513718588154,26.152589797973633,21965600
2017-08-01,26.28527069091797,26.308146991405742,26.18918918165941,26.28527069091797,16614400
2017-08-02,26.55521789172026,26.559792454137174,26.19376637353335,26.358478546142578,25147800
2017-08-03,26.395083223339533,26.395083223339533,26.221221906519116,26.299001693725586,21375600
2017-08-04,26.35390223837564,26.440834632447192,26.298998762622574,26.358478546142578,9513800
2017-08-07,26.39507589169869,26.51861000061035,26.385925023036744,26.51861000061035,15366000
2017-08-08,26.482009887695312,26.687900081781674,26.408804679281253,26.482009887695312,20921400
2017-08-09,26.31272520588182,26.486588255352885,26.29899977275387,26.468286514282227,13945600
2017-08-10,26.326450480789582,26.353901345060603,25.932971802971913,25.946697235107422,29823800
2017-08-11,25.987872066606197,26.2120639874418,25.955844898679647,26.125131607055664,29936200
2017-08-14,26.363056739719443,26.578097855283875,26.30815325640415,26.541494369506836,19517000
2017-08-15,26.59638975715975,26.642142352101718,26.500306515222213,26.58266258239746,14105200
2017-08-16,26.623846501364735,26.75653149951683,26.573519333943256,26.660449981689453,18111800
2017-08-17,26.559792161583673,26.600970204282408,26.13886260986328,26.13886260986328,25937800
2017-08-18,26.138864660742957,26.29442597366033,26.01075421487856,26.111412048339844,33393000
2017-08-21,26.129711292029718,26.15716215645848,25.92839564435225,26.102258682250977,15957200
2017-08-22,26.23951491141642,26.509459431267693,26.22121491923564,26.491159439086914,16922400
2017-08-23,26.344752518206253,26.500312071766288,26.335601648229193,26.427106857299805,17847400
2017-08-24,26.4911644220937,26.51861528820328,26.271547021116582,26.404232025146484,16187800
2017-08-25,26.491163251247432,26.56894302892033,26.344752820633733,26.399656295776367,16666200
2017-08-28,26.463709028413543,26.500310761161607,26.376778385955728,26.449983596801758,11986600
2017-08-29,26.2349391999014,26.60096520772142,26.202912033301505,26.564363479614258,17379600
2017-08-30,26.591816699892316,26.77483059272317,26.53233866826965,26.756528854370117,15308000
2017-08-31,26.820578977610236,26.96241480952795,26.788551813201327,26.916662216186523,18851600
2017-09-01,26.98530006850262,27.00817637277097,26.861765931033393,26.8937931060791,12026200
2017-09-05,26.81600802657502,26.866336933235953,26.477432856078607,26.65587043762207,23803400
2017-09-06,26.7382271160955,26.77483059280171,26.564365837790497,26.678749084472656,18227400
2017-09-07,26.765679573244178,26.82515934988267,26.669598065454952,26.770254135131836,15387600
2017-09-08,26.729075781312446,26.76567925738104,26.532338206168042,26.55063819885254,12518400
2017-09-11,26.761108964439018,26.953272008403303,26.761108964439018,26.925819396972656,14074600
2017-09-12,27.00359359337709,27.040195319999206,26.866334064182347,26.9898681640625,15723400
2017-09-13,26.95784261303923,26.96241892028082,26.848035674138565,26.95326805114746,16256600
2017-09-14,26.852610224010384,26.985295208359968,26.80228306182417,26.86176109313965,15253400
2017-09-15,26.838350887670543,26.994467966847747,26.792433069332738,26.97150993347168,26247600
2017-09-18,27.012828182205702,27.0954767308945,26.8934436366609,26.994461059570312,20824000
2017-09-19,27.03578817569655,27.16894544552299,26.966912336597943,27.113845825195312,11232200
2017-09-20,27.109253272273623,27.118436833700944,26.815386312940344,27.003644943237305,17901600
2017-09-21,26.994464181181446,26.994464181181446,26.769471281843064,26.856714248657227,16209200
2017-09-22,26.769471684373446,26.907221618969,26.755697216389528,26.8704891204834,9649600
2017-09-25,26.78325475005073,26.78325475005073,26.43428629151716,26.55367088317871,27146200
2017-09-26,26.696009146859474,26.760292343038437,26.567442754501553,26.65009307861328,18106600
2017-09-27,26.769471466696125,27.003647930031253,26.72814631149495,26.920997619628906,15271000
2017-09-28,26.852120919378642,26.966912818872352,26.797021298065566,26.95313835144043,11178400
2017-09-29,26.99905654805639,27.15976627102183,26.966914953780407,27.13680648803711,24857400
2017-10-02,27.205677973032625,27.265370246370907,27.044970027412518,27.17812728881836,15143800
2017-10-03,27.201089320536557,27.256188941942426,27.168945977165635,27.242414474487305,12932000
2017-10-04,27.196494115890015,27.26536994988409,27.10466025442632,27.224044799804688,13299200
2017-10-05,27.306699895962385,27.49036589956264,27.29292367579286,27.485774993896484,12845400
2017-10-06,27.393938678943698,27.54087216938479,27.384755116842957,27.527097702026367,11852800
2017-10-09,27.568423126170085,27.65566433960501,27.5500560017884,27.595972061157227,13898400
2017-10-10,27.683214081219777,27.706172110120526,27.48117922308841,27.62352180480957,10945800
2017-10-11,27.586794255314544,27.724544205003507,27.586794255314544,27.715360641479492,9961800
2017-10-12,27.651075124820267,27.779641500181516,27.614340873811056,27.646482467651367,12212800
2017-10-13,27.74750432084591,27.83015464718044,27.74750432084591,27.779645919799805,11900000
2017-10-16,27.848519414513362,27.88525191666675,27.784234470470093,27.880661010742188,16612800
2017-10-17,27.871477447307434,27.880661010742188,27.788827127980284,27.880661010742188,10263400
2017-10-18,27.963307774368996,27.986265804243814,27.862290341017303,27.94953155517578,12182600
2017-10-19,27.830146015646392,27.899020098506654,27.68321253697556,27.866878509521484,13745200
2017-10-20,28.036776075007996,28.087283042898058,27.990858261127713,28.05514144897461,14814800
2017-10-23,28.101062650325478,28.12402068424037,27.889845935771348,27.921987533569336,14109800
2017-10-24,27.977082024624828,28.0459578652996,27.885248154253595,28.00004005432129,16071600
2017-10-25,27.93575576691896,28.01840607182938,27.664846823398204,27.848514556884766,18451800
2017-10-26,28.00921866357816,28.082685396566767,27.944935491161267,27.963302612304688,18872800
2017-10-27,28.413294258848772,28.794402491976708,28.413294258848772,28.716344833374023,29078400
2017-10-30,28.41329255469297,28.890825543895577,28.41329255469297,28.78062629699707,17149400
2017-10-31,28.890827737532476,28.964296243157097,28.776035824872377,28.904603958129883,20222600
2017-11-01,29.042344405064146,29.079078645862975,28.757661045213247,28.9091854095459,19101400
2017-11-02,28.909189785240734,28.950514936601888,28.702564028434963,28.92296600341797,20449200
2017-11-03,29.074492248293577,29.180100585945034,28.904600726992133,29.152551651000977,15319400
2017-11-06,29.1341847134398,29.226018584208017,29.11581758896908,29.216835021972656,12000400
2017-11-07,29.24897892707069,29.25816249003231,29.111228985817533,29.23061180114746,11551200
2017-11-08,29.230609562759025,29.395908428653428,29.152551910941007,29.391319274902344,18201000
2017-11-09,29.166320477514578,29.207645623523497,28.863269990644195,29.157136917114258,20490800
2017-11-10,29.120402675512977,29.180094942322537,29.051528599888144,29.157136917114258,11966400
2017-11-13,29.04694132396426,29.184693003898353,29.042350418706295,29.147958755493164,8600600
2017-11-14,29.060715532519314,29.12040605467037,28.92755651864035,29.08826446533203,14741600
2017-11-15,28.945928070352938,28.98725322748009,28.794401910358214,28.872461318969727,16985000
2017-11-16,29.08367215602141,29.336213953593184,29.08367215602141,29.276521682739258,15282200
2017-11-17,29.235197945617355,29.258157725074952,29.069899093985306,29.08826446533203,16604200
2017-11-20,29.1571421012821,29.22142528392891,29.11581694792553,29.198467254638672,13159800
2017-11-21,29.313257946083258,29.524476360981204,29.29029991773802,29.5061092376709,16348000
2017-11-22,29.506105391067866,29.515287199940737,29.400495321594253,29.451004028320312,24231600
2017-11-24,29.4969274627251,29.630086495319937,29.487745651553833,29.61631202697754,8678200
2017-11-27,29.565803307608086,29.653046278004595,29.51529458823863,29.61631202697754,13778200
2017-11-28,29.662219795119842,29.740277429347863,29.542835264249327,29.71272850036621,22623200
2017-11-29,29.662222848346204,29.666815504705887,28.854088735975495,29.056121826171875,67280400
2017-11-30,29.184690860601595,29.391316613742966,29.079082531570503,29.313257217407227,42095000
2017-12-01,29.134178975578404,29.308663120515508,28.73929463515577,29.161727905273438,38423600
2017-12-04,29.345401323494475,29.359175791023556,28.665833483888672,28.693384170532227,33611000
2017-12-05,28.64287942625387,29.03317124077573,28.518903946543414,28.70256996154785,27854200
2017-12-06,28.587770860943312,28.950513645425854,28.518896779469983,28.88623046875,26524200
2017-12-07,29.010206094007547,29.120405325670188,28.886230644698177,29.065305709838867,23371000
2017-12-08,29.25816343704831,29.34540466062914,29.134187960432016,29.203062057495117,20118000
2017-12-11,29.18928081324183,29.455598831176758,29.170913690987312,29.455598831176758,22843200
2017-12-12,29.437236951029885,29.55202885818468,29.32703594946366,29.44641876220703,16794000
2017-12-13,29.54743093927897,29.597939649686296,29.418864586667727,29.455598831176758,20712200
2017-12-14,29.492339430752523,29.584171558642897,29.405096457036876,29.41887092590332,21892000
2017-12-15,29.51012126782415,29.79586789576155,29.436380599543966,29.75438690185547,42610400
2017-12-18,29.966385185278305,30.04934364047442,29.91569167243287,30.01708221435547,21521600
2017-12-19,29.957176739930304,29.97561234756433,29.758998353155306,29.832740783691406,23953600
2017-12-20,29.96178404074543,29.96178404074543,29.68064720100534,29.823518753051758,17930400
2017-12-21,29.874215236159856,29.924912272957496,29.735949951033152,29.76360511779785,31883800
2017-12-22,29.71290725577716,29.772820335677544,29.666820000759007,29.745168685913086,10971000
2017-12-26,29.560817173627772,29.579252779520097,29.440989251559948,29.5469913482666,12438200
2017-12-27,29.551606309517908,29.634564792460758,29.52856091905432,29.57925796508789,10693200
2017-12-28,29.66682078117948,29.685256386918148,29.579252532978884,29.62994956970215,19316000
2017-12-29,29.648386086439825,29.657602131476207,29.450207713950114,29.473251342773438,13386400
2018-01-02,29.59307949130752,29.837345123291016,29.519340581761746,29.837345123291016,27445600
2018-01-03,29.892653094170402,30.10465730210102,29.860391660707755,30.08622169494629,22663600
2018-01-04,30.20605795648958,30.316668107255367,30.13692529367348,30.238319396972656,21493200
2018-01-05,30.3950133051192,30.58397566056468,30.335100212926502,30.556324005126953,19356000
2018-01-08,30.542495760787617,30.726848341553037,30.52406366732079,30.671545028686523,13467800
2018-01-09,30.731452622035835,30.740668667119557,30.542490293611888,30.59318733215332,21212800
2018-01-10,30.42726983312536,30.496402476799577,30.339705099621522,30.487186431884766,20815600
2018-01-11,30.556328075190837,30.62545722299306,30.48258562922399,30.611631393432617,15775600
2018-01-12,30.5747563789714,30.83285139161647,30.533278895433558,30.791370391845703,16308600
2018-01-16,30.980333579634618,31.090943721600667,30.593192808403934,30.671545028686523,36443600
2018-01-17,30.84666728780024,31.160065510924674,30.745273227931776,31.132413864135742,29376200
2018-01-18,31.132417951602612,31.27067971993185,31.104762784950964,31.187721252441406,29845800
2018-01-19,31.247642517089844,31.298339561252266,31.08633182226426,31.247642517089844,23894400
2018-01-22,31.22459095924537,31.556424813217507,31.16006810055435,31.551815032958984,18004200
2018-01-23,31.65320752758062,31.754601590834756,31.588684672097425,31.690078735351562,20460200
2018-01-24,31.773043982083323,31.82834728932173,31.339815988808287,31.445819854736328,37019000
2018-01-25,31.6439976741544,31.671649327276043,31.312163771764272,31.390512466430664,25951800
2018-01-26,31.60710982338037,31.888246536254883,31.537977210730272,31.888246536254883,20097200
2018-01-29,31.796090250931496,31.796090250931496,31.556434348553164,31.597911834716797,55179800
2018-01-30,31.339810233135605,31.496507596509915,31.22920012274009,31.312158584594727,29662400
2018-01-31,31.4965022247677,31.597896273767457,31.339804888118184,31.547199249267578,30135800
2018-02-01,31.43198266587996,31.796077917991624,31.427376402248314,31.574857711791992,32650000
2018-02-02,31.219980309208868,31.247635473757473,30.634664817037873,30.63927459716797,43929400
2018-02-05,30.31205311315703,30.888152677173668,29.344206548855617,29.358034133911133,98559600
2018-02-06,28.961675271403962,30.252137850446253,28.795758327591226,30.201440811157227,90269400
2018-02-07,30.127704567853637,30.436493095417873,29.814306259155273,29.814306259155273,47425200
2018-02-08,29.897265224138913,29.95256853371593,28.56993129268195,28.579147338867188,55628600
2018-02-09,29.040022650519965,29.491686202988454,28.099829608253923,29.279680252075195,72700400
2018-02-12,29.593080024929126,29.989436780052895,29.376467798706496,29.805084228515625,35629600
2018-02-13,29.634560509173568,29.95256505096368,29.54699225754826,29.878826141357422,19084000
2018-02-14,29.712905864668347,30.477964107601032,29.694470260277775,30.42726707458496,32117600
2018-02-15,30.717627451214746,31.007980346679688,30.35814190933459,31.007980346679688,24305000
2018-02-16,30.915798204770145,31.293719260243677,30.88353677989673,30.961885452270508,20334200
2018-02-20,30.805187576002712,31.233805700124886,30.772926148003492,30.989540100097656,33835200
2018-02-21,31.10937849723419,31.37207977500596,30.786764126719003,30.791370391845703,29102400
2018-02-22,30.8973682682641,31.109372458626872,30.740667378550253,30.828235626220703,21958800
2018-02-23,31.081723701465183,31.47347068786621,31.007981272092838,31.47347068786621,20772400
2018-02-26,31.607122536587315,31.96660804748535,31.607122536587315,31.96660804748535,21594400
2018-02-27,31.980445064859808,32.127926441875424,31.644004821777344,31.644004821777344,25581200
2018-02-28,31.823737689362712,31.957389678670364,31.413555127913227,31.418161392211914,30464000
2018-03-01,31.49191227805256,31.61173847419839,30.66232737117171,30.897377014160156,42973600
2018-03-02,30.547106645613585,31.256861821644918,30.464148157084388,31.192338943481445,38392200
2018-03-05,31.044854111501134,31.616343904115276,30.975721459404667,31.510343551635742,21777800
2018-03-06,31.69008332010194,31.731560797671058,31.441207905989994,31.579469680786133,20303800
2018-03-07,31.344425552700933,31.786869588706693,31.344425552700933,31.754608154296875,22219600
2018-03-08,31.85139056431607,31.920523210008692,31.69468966633063,31.892868041992188,15248000
2018-03-09,32.11869906318033,32.496620178222656,32.077218072529554,32.496620178222656,24685000
2018-03-12,32.59340123695657,32.72705672388692,32.505833000222125,32.5980110168457,27012400
2018-03-13,32.76392921817511,32.879149118674356,32.114090807800146,32.224700927734375,27618800
2018-03-14,32.386006989239426,32.41366215546137,32.03574103526203,32.19704818725586,27762800
2018-03-15,32.20626887169161,32.40444726304413,32.05878752344551,32.21548843383789,23002800
2018-03-16,32.27003977816547,32.385620144810424,32.140586804647505,32.18219757080078,24404600
2018-03-19,31.8816936533455,31.932549306006017,31.28529843079048,31.544200897216797,39736800
2018-03-20,31.465598304562384,31.650527599096694,31.354642138734963,31.530323028564453,18765600
2018-03-21,31.460982941658976,31.756868451981248,31.257560330599844,31.340778350830078,21867000
2018-03-22,30.961670704531816,31.141975803190384,30.508594093009616,30.53171157836914,42390200
2018-03-23,30.513216786852183,30.59181058961576,29.704154220534132,29.7180233001709,41901600
2018-03-26,30.323662901621244,30.88769564779776,29.902952206720403,30.846088409423828,50251600
2018-03-27,31.035637547250243,31.054130828445803,29.625559246607683,29.856719970703125,59497200
2018-03-28,29.78737219085366,30.147982369920523,29.482240093885597,29.657922744750977,53622000
2018-03-29,29.87059024448648,30.54557916257389,29.66254699537284,30.24506950378418,35368200
2018-04-02,30.124872704216475,30.258942844468915,29.19560543770224,29.523853302001953,52034200
2018-04-03,29.745762233058034,29.884460087498606,29.315804880588292,29.81511116027832,36101400
2018-04-04,29.269580801182993,30.314426829421443,29.204854296473897,30.23120880126953,36298400
2018-04-05,30.508600583128047,30.55483203644891,30.15261451260023,30.356037139892578,32738200
2018-04-06,30.041649614283063,30.319041781064588,29.482239314941324,29.611690521240234,40477800
2018-04-09,29.828982845049378,30.425378027650467,29.805868885446195,29.84285545349121,21859400
2018-04-10,30.314415014598104,30.702766837027674,30.1479790231615,30.577938079833984,31297800
2018-04-11,30.388395349766455,30.67040823458627,30.346784578410542,30.397640228271484,17315600
2018-04-12,30.58719369410942,30.896948268381998,30.54558292282456,30.762874603271484,21256000
2018-04-13,30.9755421074822,30.98941118884464,30.51322058348993,30.661163330078125,22421600
2018-04-16,30.873828468028197,31.01252632560778,30.693523369514562,30.89694595336914,19477400
2018-04-17,31.169714699888193,31.571935674904058,31.11423837728816,31.470224380493164,30445600
2018-04-18,31.437864317920436,31.50721325348017,31.19745867217785,31.387008666992188,19764400
2018-04-19,31.18820877975459,31.220571144508895,30.929309861720142,31.040266036987305,25811600
2018-04-20,30.947796244611233,30.97091019871986,30.480850633934825,30.610300064086914,32477000
2018-04-23,30.725893825137696,30.813736059889237,30.356038652902626,30.499357223510742,37920600
2018-04-24,30.675031319590303,30.725886967597955,29.7503883045176,29.967679977416992,34847600
2018-04-25,30.013916362002323,30.074020425302386,29.588581351609047,29.972309112548828,30581600
2018-04-26,30.34678112475287,30.63804238216363,30.22195587935766,30.517841339111328,33086800
2018-04-27,30.82297055255546,30.846088036194256,30.300548578306866,30.462360382080078,26313000
2018-04-30,30.540949559592043,30.73050302048377,30.226570876752096,30.26355743408203,17372200
2018-05-01,30.22194576198594,30.661149602241686,30.147972658194973,30.642656326293945,18547800
2018-05-02,30.836836566853073,30.9524169190935,30.554820225207834,30.610300064086914,26587400
2018-05-03,30.471611810607804,30.79523545027251,30.203464493609545,30.679655075073242,31090800
2018-05-04,30.564062704433354,31.317645185171074,30.527076152349704,31.262168884277344,21682600
2018-05-07,31.410125799123463,31.62741748204265,31.359270148770747,31.47947120666504,26914800
2018-05-08,31.428617536280175,31.576560277141056,31.285295470872352,31.548818588256836,30294800
2018-05-09,31.62740980404107,31.937164306640625,31.525698528027487,31.937164306640625,28826600
2018-05-10,32.085112724424384,32.37637399888496,32.05275036059543,32.3532600402832,23132600
2018-05-11,32.32089470129037,32.431850863171306,32.20069013503357,32.30702209472656,17521200
2018-05-14,32.413358661916746,32.556677189424136,32.270040134409356,32.30240249633789,20261800
2018-05-15,32.075864392551765,32.10360608106368,31.83083456196746,31.997270584106445,28525200
2018-05-16,32.048131577911434,32.214567627817196,31.97416195974982,32.140594482421875,13361000
2018-05-17,32.02501136481543,32.242303051893934,31.844706247289302,31.974159240722656,21600200
2018-05-18,31.867818420151885,32.011136944222955,31.812338575076232,31.84008026123047,15765800
2018-05-21,32.13135031495001,32.27466887828749,31.9556693815933,32.11748123168945,22578400
2018-05-22,32.27466234483192,32.32089731598602,32.00189435663474,32.07124328613281,14782000
2018-05-23,31.80771760264597,32.30702209472656,31.80309340045803,32.30702209472656,29387600
2018-05-24,32.29778821693669,32.33477479257076,31.94642280288094,32.270050048828125,22401400
2018-05-25,32.29316061976871,32.36250955998684,32.16833534916299,32.24692916870117,18782800
2018-05-29,32.08511236658581,32.25154838648795,31.858575822309657,32.07124328613281,58660800
2018-05-30,32.233052495883534,32.34863285995241,32.14058608828877,32.30702209472656,19930400
2018-05-31,32.307024330579786,32.52894019693244,32.24229960440047,32.3162727355957,30568000
2018-06-01,32.53356368853562,32.87105639234832,32.47808384135151,32.866432189941406,25445800
2018-06-04,32.949650483338836,33.16232146910894,32.9172881206752,33.12995910644531,19866000
2018-06-05,33.21317091690467,33.30563732224757,33.12070803879448,33.24553680419922,34549600
2018-06-06,33.30102156320657,33.462833404541016,33.12996484261027,33.462833404541016,35379000
2018-06-07,33.44432587890045,33.44432587890045,32.95426636030631,33.19467544555664,39047200
2018-06-08,32.9450279528728,33.19930263741561,32.87567902900374,33.13920211791992,19809600
2018-06-11,33.15770376582177,33.28252903849589,33.083730621101054,33.17619705200195,14647000
2018-06-12,33.23627855499637,33.36572795689899,33.18079872822454,33.337989807128906,15626800
2018-06-13,33.33799514823612,33.48593784943137,33.153065889934,33.166934967041016,29278000
2018-06-14,33.29640114044885,33.485954695558064,33.24554900788447,33.40273666381836,22654800
2018-06-15,33.284424108690466,33.32618226742742,33.07564393418654,33.275146484375,33641200
2018-06-18,33.0431550201478,33.33544786696266,32.94108349086226,33.312252044677734,16580400
2018-06-19,32.90395544278332,33.15449360581664,32.718371225011474,33.14057540893555,25913400
2018-06-20,33.21945981137805,33.36792653244521,33.173064624743155,33.210182189941406,22931200
2018-06-21,33.340084728536176,33.35864350812946,32.87612585787993,32.95499801635742,29634200
2018-06-22,33.03852613339106,33.04780729737052,32.71375618864834,32.848304748535156,31385800
2018-06-25,32.583842653801426,32.61631964273697,31.883263561361723,32.16627883911133,36055400
2018-06-26,32.26834813400134,32.50960524357317,32.18947241804276,32.29618453979492,27719000
2018-06-27,32.39826185104073,32.54672860792627,31.84614943962573,31.855430603027344,44109200
2018-06-28,31.81366949454042,32.35186365062979,31.81366949454042,32.24515151977539,35598000
2018-06-29,32.370421094167,32.509610223910215,32.21267671753619,32.23123550415039,20019200
2018-07-02,31.952852028902708,32.52816009739483,31.906453305217735,32.51887893676758,25091200
2018-07-03,32.61632215095623,32.63951797927893,32.11060495323977,32.13380432128906,12722800
2018-07-05,32.33330655550251,32.60704068940042,32.24051262388127,32.58848190307617,27320000
2018-07-06,32.607045567324924,33.01996889056361,32.52817336844272,32.96893310546875,25603800
2018-07-09,33.14523555598729,33.22874832630241,32.973569433748814,33.21946716308594,17455200
2018-07-10,33.224100623168226,33.391126127996856,33.224100623168226,33.29833221435547,22986200
2018-07-11,33.06171412801464,33.298330632174064,33.01067836286833,33.16842269897461,25949800
2018-07-12,33.312260787139046,33.71126584830148,33.275143214071235,33.69270706176758,23706600
2018-07-13,33.69734085355496,33.73909900416039,33.54423707393839,33.65558624267578,18516800
2018-07-16,33.66486336357418,33.73445792039542,33.511759586238874,33.57671356201172,13332000
2018-07-17,33.33544874195575,33.882920426354566,33.31688995980528,33.827247619628906,14903200
2018-07-18,33.817978759517835,33.82261934167484,33.65095319913607,33.771583557128906,14164000
2018-07-19,33.68806896129953,33.81797693687787,33.59063797961577,33.65095138549805,14910000
2018-07-20,33.7808478705871,33.845801836282305,33.618462956349084,33.660221099853516,14439600
2018-07-23,33.59062919136757,33.85044507454915,33.45608066908399,33.831886291503906,25151000
2018-07-24,34.170586285829856,34.30513484118209,33.878289805685526,34.017478942871094,21557200
2018-07-25,34.0267530355185,34.44431686401367,33.97572079955517,34.44431686401367,30466200
2018-07-26,33.85509568017259,34.02675827965224,33.79477873248343,33.915409088134766,25094400
2018-07-27,33.95716381232583,33.98035964086014,33.126676692702674,33.33545684814453,63550200
2018-07-30,33.316887900106515,33.36792366293378,32.62559012143577,32.81581497192383,35695400
2018-07-31,32.91789464619267,33.11739718815801,32.723032686057266,32.90397644042969,29954000
2018-08-01,33.14058764283643,33.307613146516374,33.019957325795176,33.20090103149414,29322800
2018-08-02,32.89469058716258,33.660223570153015,32.89469058716258,33.618465423583984,26209800
2018-08-03,33.62774082691217,33.73908996582031,33.474633548585146,33.73908996582031,14491400
2018-08-06,33.72517442254757,33.93859509715214,33.646298717370954,33.92003631591797,15000400
2018-08-07,34.040664396454396,34.17057231686682,33.98962863633161,34.04994201660156,20545400
2018-08-08,34.03139678695076,34.207703497475556,33.94324697141513,34.14274597167969,14197200
2018-08-09,34.175232221910626,34.286581425268125,34.128833475761596,34.156673431396484,23446200
2018-08-10,33.90148190984998,34.045308058319335,33.78549216696152,33.8829231262207,23138400
2018-08-13,33.93396356543871,34.19377949254609,33.82725496954526,33.83653259277344,24128800
2018-08-14,33.95252058775373,34.08706912579485,33.7622956940564,34.045310974121094,18359000
2018-08-15,33.831880324956224,33.957151203487534,33.474633548585146,33.73908996582031,35584400
2018-08-16,33.99891478110454,34.091708704469376,33.8133304741011,33.88756561279297,18208800
2018-08-17,33.78549892145038,34.03139665917829,33.674149737139516,33.93860626220703,18048200
2018-08-20,34.01747356577751,34.02675118825087,33.75301707870863,33.88756561279297,21239600
2018-08-21,33.98035514807787,34.156661828206275,33.90148296998156,33.943241119384766,16004600
2018-08-22,33.84117141616763,34.096346748541045,33.79013564174768,34.045310974121094,12742400
2018-08-23,33.98501164795024,34.305144630998775,33.98501164795024,34.11956024169922,18735000
2018-08-24,34.21232949724436,34.47214889738886,34.20769245668375,34.462867736816406,13115200
2018-08-27,34.6484619361436,34.79692869029981,34.55567154219345,34.77836990356445,16415000
2018-08-28,34.847957614042045,34.91755216567821,34.74124549623646,34.83867645263672,14770400
2018-08-29,34.8804293159439,35.17736272086891,34.87578873594418,35.1541633605957,22364600
2018-08-30,35.05673626997484,35.27479753748585,34.94074653531799,35.04745864868164,21040600
2018-08-31,35.0149772997298,35.16808457992525,34.95466037980262,35.07529067993164,20537800
2018-09-04,34.91292133892384,34.99179353427465,34.7041411654124,34.940757751464844,22147600
2018-09-05,34.89435103363517,34.922187436988665,34.32832056727571,34.5046272277832,32853200
2018-09-06,34.45359184105821,34.52782343072654,33.984992321003745,34.25408935546875,27957600
2018-09-07,34.031395162227646,34.411841436637786,33.994277589181145,34.13810729980469,28462000
2018-09-10,34.263374612900655,34.30976980924897,34.05923504102276,34.244815826416016,33309000
2018-09-11,34.147381971156925,34.61134097494907,34.063869208885286,34.537109375,27189800
2018-09-12,34.46287458852421,34.467515169733055,34.114905332113864,34.393280029296875,32536400
2018-09-13,34.606707291918184,34.88508558146345,34.59742966747261,34.796932220458984,25454800
2018-09-14,34.829405962394674,34.922196357091416,34.611344641158,34.76909255981445,18878400
2018-09-17,34.71805652617508,34.778369928312934,34.295852092030216,34.332969665527344,29584200
2018-09-18,34.291213283679674,34.71805473772863,34.291213283679674,34.551029205322266,19302000
2018-09-19,34.54638048334042,34.662370212416796,34.268005841502244,34.462867736816406,20870600
2018-09-20,34.667015516152006,34.90827262802335,34.56030339338273,34.871158599853516,27401800
2018-09-21,35.00337752758104,35.05923913486923,34.71940251809983,34.733367919921875,46041000
2018-09-24,34.56577280838326,34.91026571124853,34.43076801699819,34.90561294555664,34513600
2018-09-25,34.86370849609375,34.933539041090846,34.71939464103439,34.86370849609375,21101000
2018-09-26,34.90095984524619,35.05458636874846,34.67284999478304,34.733367919921875,26641200
2018-09-27,34.85905109877001,35.03595561417634,34.85905109877001,34.938194274902344,28466400
2018-09-28,34.840440508356295,35.10114104805686,34.8218223392699,35.06855392456055,23421200
2018-10-01,35.29199134593829,35.380443591470076,35.129055802902215,35.23612976074219,20668200
2018-10-02,35.19424261393357,35.44097417478205,35.08251585183288,35.24079513549805,28014000
2018-10-03,35.36182764222737,35.50614149647469,35.28268801581619,35.347862243652344,26584800
2018-10-04,35.175622983958114,35.203557339939536,34.481980781783385,34.71009063720703,46584800
2018-10-05,34.6961317526953,34.803205775322915,33.93731516357131,34.272499084472656,44577000
2018-10-08,34.10955047208829,34.21662446514843,33.499704288242526,33.8860969543457,39946000
2018-10-09,33.87212110130595,34.20730482621957,33.802290566660865,34.00712585449219,30277800
2018-10-10,33.8022833581552,33.806939673266164,32.33585665024521,32.359134674072266,88286000
2018-10-11,32.26603060125146,32.81535865344336,31.688771757979236,31.9494686126709,136539000
2018-10-12,32.85261250001927,33.080722320252676,32.33121507347067,32.97365188598633,71818800
2018-10-15,32.8526193717915,32.88055017757641,32.415017805267205,32.43363952636719,38305000
2018-10-16,32.84330090489693,33.51832123122296,32.76415772489796,33.41124725341797,41998600
2018-10-17,33.45314443825378,33.4764224691277,32.95968143894057,33.25762176513672,48329800
2018-10-18,33.10866419021285,33.131938678207064,32.410365619242874,32.60588836669922,45920600
2018-10-19,32.79674691369521,33.15055243243967,32.47087574625252,32.591915130615234,44283400
2018-10-22,32.745540143249414,33.07607120041966,32.550017430464145,32.86192321777344,31962000
2018-10-23,32.17759164197682,32.90847716064934,31.85171692334737,32.736228942871094,48132200
2018-10-24,32.6524375034121,32.73157714748801,31.232562469203934,31.269805908203125,68330800
2018-10-25,31.716709167201884,32.51276884465446,31.665500338383676,32.34518051147461,46754400
2018-10-26,31.53981223525697,32.275354096258106,31.24187185768958,31.698091506958008,85487200
2018-10-29,32.13568600568773,32.363795780742194,30.53425416053775,31.1627254486084,68110600
2018-10-30,31.134799200713843,31.62360954041441,30.869445929606865,31.511882781982422,61121600
2018-10-31,31.98207223874193,32.51743517191691,31.96810683598843,32.26139450073242,42288200
2018-11-01,32.307934638549135,32.661740096800244,32.03326880004154,32.63846206665039,31106200
2018-11-02,32.387075414022604,32.577945323222124,31.730676850772273,32.00068283081055,40426200
2018-11-05,31.98206499370607,32.03327382668843,31.50722364900429,31.96809959411621,28416400
2018-11-06,31.94016035734071,32.32189656944773,31.91222956553943,32.168270111083984,18267600
2018-11-07,32.540694023153684,33.11329650878906,32.49879428786953,33.11329650878906,32629600
2018-11-08,32.98761539358156,33.12727648874166,32.875888648490985,33.08537673950195,20819400
2018-11-09,32.801387494441734,32.829318280614395,32.23809414568474,32.51275634765625,25883600
2018-11-12,32.214829882835396,32.27069503077037,31.330321460104543,31.36756134033203,32862200
2018-11-13,31.442051480270727,31.94482720888345,31.311703006570287,31.404808044433594,31407000
2018-11-14,31.7539543942705,31.819128625230636,30.869442407588224,31.027725219726562,38993400
2018-11-15,31.07893886483577,31.879655028334287,30.897381543080847,31.80516815185547,52602200
2018-11-16,31.432739324944386,31.94482769619292,31.367565087099948,31.753957748413086,35945800
2018-11-19,31.60499036401012,31.637577485829134,30.45978123071785,30.543577194213867,38397200
2018-11-20,29.691646192641148,30.292183218434477,29.505434359063525,29.887168884277344,56129600
2018-11-21,30.29218399691818,30.41322337892561,29.98027823533103,30.10597038269043,33006600
2018-11-23,29.78474835977807,30.161830061046622,29.77078296279697,29.831302642822266,10676200
2018-11-26,30.22235550819251,30.506330490112305,30.06407623393139,30.506330490112305,25069200
2018-11-27,30.296844873252255,30.613406999558837,30.11994031483605,30.56685447692871,23076400
2018-11-28,30.8741043117078,31.637577056884766,30.757721227970706,31.637577056884766,33219200
2018-11-29,31.5398045999352,31.586357106711155,31.16272467780278,31.3303165435791,28230800
2018-11-30,31.348943161398253,31.65153986466143,31.19532020277011,31.628265380859375,33019600
2018-12-03,32.419662178890334,32.452249290876495,31.977408008831187,32.32655715942383,32463400
2018-12-04,32.09845571520732,32.16828628154153,31.027733387760005,31.102216720581055,41982200
2018-12-06,30.37131370197936,31.172029495239258,30.21769080580173,31.172029495239258,43155800
2018-12-07,31.023067601767032,31.16272869181297,29.933723885633317,30.073381423950195,39875000
2018-12-10,29.905786192116945,30.604084460795363,29.73353978308495,30.487701416015625,40895600
2018-12-11,30.962551486718024,31.023069401660223,30.27821849890167,30.52495002746582,31626200
2018-12-12,31.01841166246054,31.246525015760284,30.748405664403684,30.762371063232422,33857600
2018-12-13,30.911333248196378,31.139442990814096,30.636667452542724,30.81357192993164,25638600
2018-12-14,30.445810350748157,30.61340224758596,30.031486925712827,30.059417724609375,31032400
2018-12-17,29.94769236877592,30.152524156416614,29.184217939278195,29.421640396118164,46527000
2018-12-18,29.649747369695284,29.910446060271138,29.41698125249473,29.654403686523438,39253200
2018-12-19,29.612508543868415,30.1385587403833,28.751272762416548,29.067834854125977,67212200
2018-12-20,28.94213606268194,29.23542184634043,28.1321110280158,28.54643440246582,79003600
2018-12-21,28.553448028176565,28.904112611902566,27.557560110994483,27.67912483215332,83227400
2018-12-24,27.417295605314898,27.753934188358436,26.917014257498735,26.940391540527344,42234000
2018-12-26,27.12741634157021,28.56747817993164,26.973123046260472,28.56747817993164,58120200
2018-12-27,28.170055555169856,28.78255035123553,27.623019647806597,28.7731990814209,46877600
2018-12-28,28.98359891493653,29.18464497845339,28.45993849371352,28.70774269104004,39685800
2018-12-31,28.955540795708032,29.086454989745288,28.73579044122653,28.978918075561523,33720200
2019-01-02,28.38513426483022,29.17062322787596,28.34773096274705,28.997629165649414,30885800
2019-01-03,28.258888012023494,28.277590550374747,27.496778301718354,27.534181594848633,49893400
2019-01-04,28.039142306657446,28.8760604726913,27.950306132157536,28.754497528076172,41535600
2019-01-07,28.7544945187933,29.20802126324746,28.689037418268416,29.011648178100586,23817200
2019-01-08,29.292184897402624,29.39504530501188,28.90879172754479,29.254779815673828,26005200
2019-01-09,29.41374684937851,29.78778873613211,29.381018295760846,29.63349723815918,28044800
2019-01-10,29.399721303828013,29.77843793987961,29.26413056035581,29.76441192626953,21868200
2019-01-11,29.59141525896852,29.727005990406564,29.52595815650113,29.708303451538086,15451200
2019-01-14,29.446477262441526,29.53531165878872,29.329589053976655,29.432451248168945,14483800
2019-01-15,29.525962340978218,29.93740755296187,29.47453124358713,29.87662696838379,28654000
2019-01-16,29.90935296414366,30.08702174264925,29.848570601195764,29.90467643737793,18937000
2019-01-17,29.797141114957967,30.2693686801355,29.717657991378296,30.096376419067383,20256800
2019-01-18,30.39560872562035,30.615359113800913,30.199233837305815,30.554574966430664,27303200
2019-01-22,30.306767129669723,30.358198214176696,29.801811120161087,30.04026222229004,29985000
2019-01-23,30.16650675711121,30.390933683083926,29.806492650716926,30.143131256103516,19152200
2019-01-24,30.250661310023442,30.503140221510687,30.236635298353768,30.395605087280273,28341800
2019-01-25,30.624719596897652,30.919276684420414,30.512507882671752,30.825767517089844,20061600
2019-01-28,30.367559940211912,30.423667573330416,30.16183908640193,30.414318084716797,19324800
2019-01-29,30.47509633589647,30.479772863416585,30.04027202230415,30.087026596069336,17147800
2019-01-30,30.587297268779132,31.11095758535517,30.451706555545762,31.02212142944336,33990600
2019-01-31,30.863155571337845,31.157712496235785,30.764969929705202,30.98939323425293,36501800
2019-02-01,31.00342600162744,31.340064598958495,30.95667143358588,31.17174530029297,19475600
2019-02-04,31.213831573301803,31.6767079302344,31.19045250221468,31.67203140258789,15208600
2019-02-05,31.77955993605696,32.01801282946248,31.742154861180744,31.938526153564453,24121400
2019-02-06,31.975928851089897,32.13489862392256,31.85436415035245,32.04606246948242,20379200
2019-02-07,31.75152075151986,31.88710796026544,31.391503002773312,31.606576919555664,29264000
2019-02-08,31.321372204731365,31.788925170898438,31.302669658027156,31.788925170898438,16977600
2019-02-11,31.88710066950794,31.98528990009453,31.700082396558958,31.77488899230957,14869400
2019-02-12,31.994634701227916,32.23776056074243,31.947880139837938,32.195682525634766,19418200
2019-02-13,32.35465447360202,32.47154268133489,32.21906729171949,32.23776626586914,18241800
2019-02-14,32.116192666351964,32.41074955164693,32.09281360699716,32.293861389160156,19484000
2019-02-15,32.53699581101193,32.58375394209968,32.36868009424539,32.551025390625,14712000
2019-02-19,32.42011175146076,32.65856469526399,32.387383195812866,32.56037902832031,16638200
2019-02-20,32.58842908130877,32.73337287651576,32.424786312989404,32.597782135009766,19704200
2019-02-21,32.5182996409124,32.74272299403371,32.41076092414748,32.61180877685547,19508200
2019-02-22,32.76142246237662,33.04662993754536,32.752072976517034,33.02792739868164,24493200
2019-02-25,33.27572987872452,33.41599713697832,33.16351821240821,33.18689727783203,40341000
2019-02-26,33.070008421304316,33.35053936503725,33.041952829929876,33.25702667236328,28268000
2019-02-27,33.130791252623375,33.266381990876944,32.882988842663124,33.224300384521484,19555000
2019-02-28,33.10275393063715,33.25704371008967,33.046646286288585,33.13080596923828,18876600
2019-03-01,33.392618243295864,33.44404933377714,33.08870822694597,33.3552131652832,24668000
2019-03-04,33.49547831018863,33.5796379468331,32.85960629268473,33.228973388671875,31653000
2019-03-05,33.21028912337235,33.252370748420354,33.0279437381724,33.13080596923828,17907600
2019-03-06,33.107407103109075,33.14481217698343,32.91571234200535,32.95779037475586,26244200
2019-03-07,32.864277762013295,32.89232978086356,32.536988751137045,32.644527435302734,36996600
2019-03-08,32.25179592101574,32.66791765612559,32.1863352427621,32.639862060546875,25781400
2019-03-11,32.75674931514323,33.3739188927365,32.75674931514323,33.341190338134766,29153800
2019-03-12,33.43469733604239,33.64977116774079,33.33183516280744,33.537559509277344,36101200
2019-03-13,33.682509983293315,33.958364470919015,33.66380743999143,33.75731658935547,35667200
2019-03-14,33.81341615684373,33.93030434925084,33.73393304212158,33.82744216918945,21313200
2019-03-15,33.946110095782274,34.39171877025768,33.922655500844094,34.2369270324707,42049000
2019-03-18,34.260393427550845,34.47147054001974,34.171270230492,34.38235092163086,29675200
2019-03-19,34.52306943169559,34.61688426951569,34.31668394583165,34.45270919799805,32306200
2019-03-20,34.41518324495408,34.64033167485272,34.152505305179304,34.35889434814453,27408600
2019-03-21,34.36358256553216,35.29701764474107,34.35889092993067,35.22196578979492,54548200
2019-03-22,35.03903363429925,35.1844457180006,34.377656118464074,34.391727447509766,53494800
2019-03-25,34.27914884990425,34.471462953368466,34.021162588181205,34.24162292480469,43893800
2019-03-26,34.54183448742571,34.762294896292815,34.22756281373745,34.42926025390625,27930200
2019-03-27,34.48084941303207,34.61218658435844,33.932042549033255,34.23224639892578,31662400
2019-03-28,34.33543702342987,34.513683393189005,34.16188586803637,34.372962951660156,21079400
2019-03-29,34.65909990549286,34.72476850574478,34.49023676808213,34.710697174072266,28694400
2019-04-01,35.048415620588436,35.22665841307898,34.85140986383528,35.184444427490234,25181000
2019-04-02,35.21258905118931,35.353309501683455,35.10470289532118,35.306400299072266,23574200
2019-04-03,35.517488627526966,35.770783345790285,35.45182002412579,35.59253692626953,27738000
2019-04-04,35.578465060028755,35.67227990538728,35.2313590788783,35.44243621826172,23006200
2019-04-05,35.55969653051326,35.648819725000116,35.498719574567964,35.61129379272461,13419600
2019-04-08,35.52685412466857,35.766077414979705,35.37675400850001,35.747314453125,14619800
2019-04-09,35.592524391356555,35.72386513057404,35.498713156299,35.578453063964844,26880200
2019-04-10,35.611288176216675,35.83644015568954,35.592525213038165,35.827056884765625,17234800
2019-04-11,35.90210883885756,35.91148853113865,35.705103092930834,35.7801513671875,15394600
2019-04-12,35.981857187637665,36.02876281738281,35.78015975893039,36.02876281738281,17110000
2019-04-15,36.028754097426265,36.117877277440876,35.82236866076458,36.01468276977539,19821400
2019-04-16,36.12726397597402,36.2351501400024,36.02407302696553,36.19762420654297,19218600
2019-04-17,36.42746111458487,36.4462204991683,36.221072097474014,36.399314880371094,24495800
2019-04-18,36.47906309612166,36.511897394622686,36.23046003908962,36.50251770019531,22983800
2019-04-22,36.333657495505086,36.60102354158134,36.30082319436135,36.586952209472656,16168800
2019-04-23,36.64324238290199,37.03256237315464,36.60571644353506,36.98565673828125,33385600
2019-04-24,37.01379643587583,37.16858464571511,36.94343620667439,36.99972152709961,21876600
2019-04-25,37.168572496633494,37.271766988575685,36.793324027997684,36.99032974243164,22775200
2019-04-26,36.76518164914371,36.858996460130506,36.45560171956012,36.849613189697266,22100400
2019-04-29,36.85431333806487,36.976270831184664,36.81678740500186,36.859004974365234,21226400
2019-04-30,36.84023917782804,36.97157635478951,36.63385014050591,36.919979095458984,37685800
2019-05-01,37.29053595547644,37.384347193079094,36.82147261012454,36.82616424560547,30893600
2019-05-02,36.81679220122688,37.084158246458905,36.43685192081043,36.63385772705078,49977600
2019-05-03,36.765192087420836,37.01379872311772,36.71359482139602,36.980960845947266,26576600
2019-05-06,36.09912682364701,36.75581644471275,35.95840991970684,36.69483947753906,26045000
2019-05-07,36.28205939661686,36.42277987183038,35.57846417788995,35.90681076049805,41251200
2019-05-08,35.7895452094354,36.174177122617984,35.728564666253654,35.864593505859375,27334600
2019-05-09,35.41896915106428,35.737932323496494,35.02026608019121,35.62066650390625,38601800
2019-05-10,35.39082047605145,35.8927180060796,34.879543255718325,35.733238220214844,39192400
2019-05-13,34.72476542947256,34.931154485506156,34.28853629291882,34.38703918457031,50922400
2019-05-14,34.560592464405254,35.156301425186804,34.53244980475773,34.94053268432617,36808600
2019-05-15,34.696621332016875,35.428359113227685,34.640332433973796,35.32047653198242,30097200
2019-05-16,35.343922818735095,35.90210935217762,35.29701719932037,35.64412307739258,30889400
2019-05-17,35.2782579749635,35.83644456756823,35.273566338923956,35.35799789428711,27087800
2019-05-20,34.76228560772776,35.03434321315317,34.574659549549224,34.74352264404297,29349200
2019-05-21,35.109399098812055,35.2829538665105,35.02965916987095,35.170379638671875,29682200
2019-05-22,34.94052876683022,35.19851504690683,34.92176580294561,34.98743438720703,23042200
2019-05-23,34.513683393189005,34.53244635730415,34.11966830410992,34.372962951660156,32171400
2019-05-24,34.56059373707859,34.73883655252632,34.3448249882724,34.38235092163086,23500000
2019-05-28,34.49022153320116,34.71068184181046,34.26507316855201,34.28383255004883,51545600
2019-05-29,34.03055986143429,34.24632865153598,33.852313433202404,34.082157135009766,29509600
2019-05-30,34.161883359527096,34.363580735617404,34.05868885380611,34.29322052001953,22841000
2019-05-31,33.880442084863596,34.0399218813416,33.706887383988594,33.7209587097168,24079600
2019-06-03,33.77256193954923,33.96018799939172,32.90479543878081,33.12994384765625,39407400
2019-06-04,33.55209508856711,34.2369270324707,33.38323202528472,34.2369270324707,30192400
2019-06-05,34.69192058476357,34.762280794171375,34.28852586807234,34.68254089355469,28791600
2019-06-06,34.776361555474814,35.15630177922185,34.616881710973054,35.08594512939453,23845000
2019-06-07,35.268870810706396,35.949011166910324,35.198510599696235,35.73793411254883,23984200
2019-06-10,35.99592320340334,36.44153556685687,35.99592320340334,36.10380935668945,26927600
2019-06-11,36.469678224814274,36.50720415453724,35.897420321882784,36.10380935668945,23100200
2019-06-12,35.93024989302785,36.028752761601126,35.81767569732541,35.90210723876953,15193800
2019-06-13,36.02876128836902,36.13664745300745,35.878661132352505,36.0099983215332,19734800
2019-06-14,35.68165315770931,35.81299033882584,35.540932704416015,35.69572448730469,16883400
2019-06-17,35.71917768782613,35.90211212272909,35.64412582803536,35.72386932373047,18702200
2019-06-18,36.1038268162284,36.54943581650546,35.99125255128907,36.371192932128906,32362400
2019-06-19,36.464991765145534,36.59632895914962,36.216388708113485,36.50251770019531,24742400
2019-06-20,37.03724670410156,37.159204193650915,36.72766671206994,37.03724670410156,27783800
2019-06-21,36.89978390292498,37.18221551677287,36.84800435473304,36.862125396728516,41430400
2019-06-24,36.92803867448664,37.05513527873881,36.87625910850451,36.93274688720703,16431800
2019-06-25,36.913915380166905,36.94686568457538,36.21254256272148,36.254905700683594,26245400
2019-06-26,36.60795228623913,36.90450866640652,36.59853945112459,36.64561080932617,18138400
2019-06-27,36.767988181934385,36.86683908189308,36.65972085837199,36.73974609375,13675000
2019-06-28,36.85273039673399,36.89509354321747,36.62207821947884,36.735050201416016,35566800
2019-07-01,37.57762717276027,37.624698515515846,37.16339073735946,37.318729400634766,28553200
2019-07-02,37.29991090846756,37.44112856879704,37.215181030532726,37.4175910949707,15568400
2019-07-03,37.511737349421985,37.70473098754883,37.43642030632858,37.70473098754883,10683600
2019-07-05,37.398768157754375,37.700029198836084,37.262262278686165,37.63412857055664,11847800
2019-07-08,37.34227642702335,37.39405599470365,37.17281667667222,37.346981048583984,14919800
2019-07-09,37.15398044664931,37.50702092843377,37.09749267669093,37.47877883911133,18499600
2019-07-10,37.685891523214515,38.001277066633754,37.65764943535825,37.77532958984375,20217200
2019-07-11,37.869486174588154,38.062483422602604,37.78946450208615,37.916561126708984,22704400
2019-07-12,38.03423539697877,38.21781618943326,37.968334783857365,38.194278717041016,15506800
2019-07-15,38.297843139590874,38.36845197520682,38.21311325511465,38.321380615234375,12572000
2019-07-16,38.27430451581992,38.2790127290703,37.89773005602204,37.96363067626953,16011400
2019-07-17,38.034221034090656,38.11895087486646,37.86005314157577,37.86476135253906,13416000
2019-07-18,37.78003623126511,38.20368548806659,37.75179055326957,38.14719772338867,16044000
2019-07-19,38.528490377310256,38.542611424359954,37.935381262024265,37.98245620727539,23359400
2019-07-22,38.12837133557492,38.51436211161585,38.12366312366943,38.42021942138672,13849400
2019-07-23,38.64147002607423,38.66971571710233,38.34491720514027,38.632057189941406,11010800
2019-07-24,38.58026721834429,38.96625803946025,38.58026721834429,38.9521369934082,18514200
2019-07-25,38.86740098574962,38.86740098574962,38.584969335383946,38.79208755493164,19846800
2019-07-26,38.81092281029906,38.95214046603695,38.77326788124124,38.87682342529297,22240400
2019-07-29,38.895653700900134,38.91919117457565,38.55202956964892,38.85329055786133,16946400
2019-07-30,38.58498390874218,38.768564730383105,38.50025402249909,38.60381317138672,14728000
2019-07-31,38.81092203951998,38.85328877192562,37.619999189092084,38.020111083984375,33738600
2019-08-01,38.08600807476018,38.8909399248567,37.6388213193865,37.827110290527344,57666000
2019-08-02,37.521134356261996,37.53525539805663,36.871541294519574,37.2104606628418,44743800
2019-08-05,36.21724795605434,36.26902751485347,35.36994934962638,35.65708923339844,55653200
2019-08-06,36.13722662500214,36.38200340058622,35.835965663755545,36.25020217895508,38301600
2019-08-07,35.83596249935275,36.57499379079536,35.63826068436359,36.47614288330078,41164800
2019-08-08,36.76800328918702,37.379941787580144,36.673860562348764,37.37052536010742,31983200
2019-08-09,37.14927511736937,37.25283424133896,36.66443339270609,36.94686508178711,31145200
2019-08-12,36.692672985412024,36.82918240395607,36.292561153852446,36.46202087402344,21786800
2019-08-13,36.42907543510677,37.51643912525534,36.34905377637592,37.37522506713867,52085600
2019-08-14,36.6879733739018,36.852724904530945,36.13252279112781,36.22666549682617,47138600
2019-08-15,36.259613699508314,36.34905177865321,35.854793624124,36.160762786865234,31324600
2019-08-16,36.5326366149777,36.92333568784489,36.48085704670304,36.848018646240234,21694000
2019-08-19,37.42700949860953,37.521152216260674,37.215182996922735,37.408180236816406,15756200
2019-08-20,37.361108259937495,37.549393692125044,37.20106133300079,37.21989059448242,16675400
2019-08-21,37.577632156165784,37.75179650658975,37.488194079149984,37.65765380859375,16802600
2019-08-22,37.75650339721857,37.84123325897449,37.23400318160934,37.568214416503906,15188200
2019-08-23,37.36110737072363,37.704731508470445,36.174889064813975,36.32551956176758,40797800
2019-08-26,36.772708919625394,36.84331416413662,36.52322388753228,36.829193115234375,20717000
2019-08-27,37.069261693497,37.13516231586916,36.560882385499255,36.772708892822266,20066000
2019-08-28,36.574996890062074,36.866845016429096,36.31139444773955,36.8056526184082,14279000
2019-08-29,37.30461745948749,37.55880708196724,37.17281623108631,37.44583511352539,16241200
2019-08-30,37.69061007505483,37.73768143149998,37.168109758490715,37.43642044067383,20150800
2019-09-03,37.1257461232201,37.45524920528503,36.84801901863887,36.979820251464844,23675000
2019-09-04,37.37993212398811,37.62941351779601,37.34227360646249,37.6105842590332,15458800
2019-09-05,38.10483464747108,38.552021413498174,38.08600898209058,38.39668273925781,20086600
2019-09-06,38.48141536829662,38.50024462634579,38.26017607536104,38.36373519897461,18300200
2019-09-09,38.54261163282478,38.56144089276425,37.87418906588708,38.07659912109375,25221400
2019-09-10,37.90242780929501,37.90242780929501,37.45524459703763,37.883602142333984,19717000
2019-09-11,38.00128347045163,38.288419791775006,37.92125822251786,38.27900695800781,18818600
2019-09-12,38.5143680391976,38.79679974466629,38.32607903844714,38.48612594604492,25542000
2019-09-13,38.424932936973555,38.424932936973555,38.16133047025985,38.203697204589844,33067200
2019-09-16,37.888314947396175,38.19428417565321,37.850660014026744,38.109554290771484,15451800
2019-09-17,38.137788352531395,38.26488494873047,38.04835386439504,38.26488494873047,15402600
2019-09-18,38.20369342720191,38.288419704856075,37.74238556475046,38.26017761230469,17261400
2019-09-19,38.37785997492906,38.68382916316859,38.2931301011291,38.34490966796875,16387000
2019-09-20,38.46910088439954,38.48798880917962,37.7985957659715,37.89775466918945,30027200
2019-09-23,37.90247293043774,38.1291244192075,37.822201954155965,38.01580047607422,15648400
2019-09-24,38.2660439746778,38.41242082654329,37.48693451966457,37.64748001098633,35448200
2019-09-25,37.59554445011973,38.19994346221623,37.25084622470411,38.09606170654297,23913200
2019-09-26,38.08190489541467,38.27078052812812,37.841088373642435,38.13856506347656,18178600
2019-09-27,38.13856053879048,38.218835104859636,37.34528585750902,37.62860107421875,25564200
2019-09-30,37.78914820702701,38.114958589623896,37.737207316975244,38.02524185180664,22002800
2019-10-01,38.195228785378184,38.45021034884102,37.65693557445765,37.67110061645508,22044600
2019-10-02,37.42082877856783,37.430270935745554,36.68421803364518,36.962806701660156,39509600
2019-10-03,36.94865046174495,37.43027984751893,36.4906282757868,37.416114807128906,34944400
2019-10-04,37.68054280122121,38.08190123054757,37.642766957813315,38.03468322753906,21876800
2019-10-07,37.907183204882124,38.19049476974258,37.84580017328799,37.87413024902344,21238800
2019-10-08,37.628591661849,37.74191555868462,37.17529247200482,37.18001174926758,28733600
2019-10-09,37.567214499267465,37.874136916271816,37.51055433782229,37.73248291015625,20503000
2019-10-10,37.69471081532826,38.143287283047975,37.66637712928595,37.9921875,18796200
2019-10-11,38.45964407274767,38.856283174183275,38.39826103672292,38.51630783081055,31941200
2019-10-14,38.47853362994051,38.65324418952756,38.473814351777754,38.492698669433594,11325600
2019-10-15,38.64853219929144,39.0121184604104,38.6107563483304,38.91767883300781,16205800
2019-10-16,38.705196644852776,38.72408457065982,38.50687882763405,38.64853286743164,20066000
2019-10-17,38.78074659154309,38.88935126947732,38.36994589382209,38.5729866027832,13731800
2019-10-18,38.51631933798366,38.57298311297546,37.963861041201135,38.20467758178711,17452600
2019-10-21,38.431321952222156,38.634362624192796,38.29438721042772,38.615474700927734,12678600
2019-10-22,38.69101856017021,38.8279532742393,38.067731628632906,38.09606170654297,18916000
2019-10-23,37.97801629980361,38.13383893900797,37.89774534112345,38.12911605834961,17617000
2019-10-24,38.535191007232164,38.71934369514307,38.3935334307614,38.6862907409668,14508200
2019-10-25,38.686306023757744,39.200988456753514,38.662695217518035,39.153770446777344,16305400
2019-10-28,39.49846306407388,39.668450757458636,39.479575142308605,39.64956283569336,14459800
2019-10-29,39.61650550053945,39.68733429871579,39.276530151294885,39.29069519042969,15520800
2019-10-30,39.408739729772435,39.57872739466019,39.144316074392414,39.53150939941406,25558600
2019-10-31,39.59289789690763,39.63539662024556,39.25292252021462,39.507904052734375,22461800
2019-11-01,39.64011950207022,39.98009490966797,39.57873645444955,39.98009490966797,19841200
2019-11-04,40.28701747531008,40.310628279660655,40.102864729385026,40.18785858154297,20363200
2019-11-05,40.30118219909748,40.31534724059494,40.0037055201421,40.14064025878906,15799600
2019-11-06,40.13590728647123,40.15951808469938,39.91870163227998,40.121742248535156,17077200
2019-11-07,40.3908885431841,40.664757950037476,40.32478263153011,40.438106536865234,28085000
2019-11-08,40.3342349747536,40.66476821899414,40.17369303519615,40.66476821899414,12573000
2019-11-11,40.43339251903933,40.74031494899173,40.38145163385495,40.68365478515625,8488000
2019-11-12,40.7403199958544,40.971690766017716,40.64116109435584,40.82059097290039,16562400
2019-11-13,40.660050136396094,40.948084687834076,40.65060437265856,40.910308837890625,15372200
2019-11-14,40.749755156319424,40.89613202961079,40.63642763909162,40.86307907104492,12182600
2019-11-15,41.151123646892984,41.19361877441406,41.02363105932338,41.19361877441406,14124800
2019-11-18,41.179444828319824,41.37776258554542,41.02362218942726,41.31637954711914,13022200
2019-11-19,41.481646064371446,41.5194219061239,41.2455524571724,41.39665222167969,14087400
2019-11-20,41.30221929391271,41.424988987494636,40.83475492556608,41.14639663696289,24759800
2019-11-21,41.066114059732044,41.113332050837215,40.853627696006065,40.938621520996094,18755400
2019-11-22,41.05668357503994,41.12278950768208,40.72615391182925,40.886695861816406,11780000
2019-11-25,41.0708469063977,41.48164749145508,41.05667826337617,41.48164749145508,14739800
2019-11-26,41.50526321097689,41.623310032622165,41.43915727905579,41.51942825317383,19454400
2019-11-27,41.64691169141166,41.75079345703125,41.52414560704543,41.75079345703125,18697000
2019-11-29,41.64219391044958,41.708299835947855,41.55720006302282,41.628028869628906,11360200
2019-12-02,41.64691469896075,41.64691469896075,40.8536399617185,41.03307342529297,23167600
2019-12-03,40.38617536685024,40.69782068452987,40.21146838800214,40.66948699951172,22494400
2019-12-04,40.93390618607474,40.966959143281954,40.773360677852494,40.834747314453125,13829000
2019-12-05,40.98113222129661,41.01890806623051,40.79225659912997,40.98585510253906,15620600
2019-12-06,41.29749415579367,41.476924003913034,41.26444119423214,41.439151763916016,18407000
2019-12-09,41.368319776906674,41.5005316129802,41.22194290161133,41.22194290161133,11370200
2019-12-10,41.288057849059335,41.47221060422071,41.15112310246441,41.2550048828125,12350800
2019-12-11,41.36360071805149,41.571364252507166,41.27860687236531,41.53358840942383,9879000
2019-12-12,41.41553976229302,42.038826735475595,41.316380880480175,41.97744369506836,24189400
2019-12-13,41.93494359994639,42.350470636799116,41.854672641464354,42.25603103637695,26256200
2019-12-16,42.57712529316982,42.78016596347424,42.56768313286628,42.6337890625,19744600
2019-12-17,42.7093368047429,42.72822472769919,42.477966052908464,42.534629821777344,14919400
2019-12-18,42.586563356253244,42.69516439137211,42.51573455802223,42.52989959716797,12970200
2019-12-19,42.55824535354896,42.84156065084391,42.54408030918495,42.83683776855469,13724000
2019-12-20,43.090267615994605,43.13763965924922,42.97657398933249,43.08552932739258,23400800
2019-12-23,43.21817484963311,43.3176572218467,43.15658794236627,43.20869827270508,15530400
2019-12-24,43.28449874527632,43.28449874527632,43.123429457184464,43.2229118347168,4890800
2019-12-26,43.312926001661175,43.55452815318155,43.284503494749025,43.54505157470703,8269200
2019-12-27,43.72034043316955,43.72034043316955,43.43136617718896,43.54032516479492,19332200
2019-12-30,43.53083629052626,43.53557457932478,42.95762623058801,43.28923416137695,16491200
2019-12-31,43.142376986554346,43.47398489620297,43.08552836736237,43.426612854003906,11601800
2020-01-02,43.81981857987549,44.24143600463867,43.734547436987654,44.24143600463867,26567000
2020-01-03,43.59716410923775,44.04720763879469,43.59242581976186,43.7440185546875,30023600
2020-01-06,43.30818677876201,43.895611746824216,43.22765393474329,43.848236083984375,15630000
2020-01-07,43.92402855239861,44.04719875413628,43.76295927101008,43.829280853271484,15363600
2020-01-08,43.876657660922746,44.49250145725544,43.79612121098829,44.298274993896484,23254400
2020-01-09,44.705674779744356,44.82884135311344,44.478283942150725,44.800418853759766,15554800
2020-01-10,44.994655885702386,45.056239181942615,44.620410591037974,44.696205139160156,15330600
2020-01-13,44.89991885266026,45.30732503661621,44.8762346319805,45.25521469116211,15524400
2020-01-14,45.312058814976176,45.354692576508626,44.970974265693364,45.04203414916992,16134600
2020-01-15,45.07045508206857,45.3120572317448,44.942550187684496,45.09414291381836,14417000
2020-01-16,45.3831114516525,45.70998108064063,45.32152454248767,45.70050811767578,11543200
2020-01-17,45.913690396474365,46.05107187090451,45.6673535689051,46.00843811035156,21661000
2020-01-21,45.86632408740169,46.25478072727905,45.856851121956176,45.98949432373047,17975000
2020-01-22,46.278458906920086,46.477423668070294,46.11738961390176,46.15528869628906,15491600
2020-01-23,46.2026496180696,46.41109090675855,46.003684904823544,46.373191833496094,14956400
2020-01-24,46.7142875116078,46.818508181045175,45.99421940327074,46.15528869628906,23617400
2020-01-27,45.07993172826979,45.411539687731434,44.86675208496814,45.056243896484375,35574600
2020-01-28,45.44943709849526,46.0415967287581,45.354689389099875,45.918426513671875,31184400
2020-01-29,46.297409283274,46.363730871520445,45.852104092828874,46.03685760498047,21126600
2020-01-30,46.01789733235183,46.47741366822828,45.73839979195543,46.434776306152344,19933600
2020-01-31,46.1647657121118,46.18845354424705,44.99939593332149,45.160465240478516,26964600
2020-02-03,45.2125707973996,45.87105198144405,45.16046046361864,45.757354736328125,25075600
2020-02-04,46.55321543944101,47.05536921545649,46.439521813321846,46.95588684082031,19097800
2020-02-05,47.728059693394755,47.75174752107861,46.88956336151007,47.23064422607422,32697000
2020-02-06,47.42487931914191,47.67595441647686,47.21170330441555,47.6617431640625,13505600
2020-02-07,47.43909767751764,47.62385121508973,47.13117391014549,47.225921630859375,16598000
2020-02-10,46.951160861692415,47.87492859282858,46.94168428204909,47.865455627441406,16347600
2020-02-11,48.23021423784464,48.272851608717,47.5622600843912,47.704376220703125,15105800
2020-02-12,48.0312494759778,48.23969081299768,47.76122484131814,48.220741271972656,12152800
2020-02-13,47.84175937015155,48.34391318941647,47.77069949236113,48.09283447265625,14802800
2020-02-14,48.187587327288604,48.38181382545214,48.03599459179904,48.3012809753418,12392400
2020-02-18,47.91282404611906,48.225486094005895,47.86071370480459,48.12126541137695,20633200
2020-02-19,48.43391777796974,48.76552932790967,48.40075698440129,48.6944694519043,16615600
2020-02-20,48.59024791312937,48.70867983293462,47.52909892366579,48.18758010864258,26324600
2020-02-21,47.941241046893985,47.98387841864214,46.81377043960324,47.10748291015625,29899000
2020-02-24,44.84780320472086,45.81420820489579,44.43566239391125,45.160465240478516,42365200
2020-02-25,45.56787244260596,45.73367642866544,43.55452954869092,43.71559524536133,62934400
2020-02-26,43.881405238287826,44.866759939262124,43.58295802252671,43.91456604003906,55759600
2020-02-27,42.47443477598584,43.37451467264885,41.51750262995121,41.54592514038086,67825800
2020-02-28,39.89261037143518,42.26124894198178,39.821550491467654,41.863319396972656,111854400
2020-03-02,42.616541784107255,44.29353820993746,41.86805118009023,44.28406524658203,70008600
2020-03-03,44.53513900366981,44.84306271018846,42.15228941603063,42.60232925415039,94989200
2020-03-04,43.52137084007319,44.44513853120474,42.91973455774156,44.43092727661133,44727600
2020-03-05,43.24660849299875,44.07089379958698,42.74919288953259,43.02869415283203,49019000
2020-03-06,41.58856041880375,42.37021194442751,40.97271288606843,42.119136810302734,57631800
2020-03-09,38.64670012554246,40.74057533952476,38.60880104850312,38.92146301269531,59119800
2020-03-10,40.58899955695714,41.5222439359198,39.139393591648236,41.51750564575195,71164600
2020-03-11,40.40423598710948,40.655311089955354,38.99252585012432,39.5562629699707,63304200
2020-03-12,36.68547000792513,38.798294872214015,35.52957339685256,35.695377349853516,65490600
2020-03-13,37.94085026206678,39.97314255576923,36.1454254357658,39.88313674926758,65849600
2020-03-16,33.97575058900577,37.52396998387884,33.72467549096645,34.373680114746094,81244800
2020-03-17,35.18374098115901,37.159187467360205,34.079958617026286,36.71388244628906,100814600
2020-03-18,34.274197837814256,35.91803350946775,33.2888433697546,35.33061218261719,107412400
2020-03-19,35.00374457197548,36.661791763935234,34.16524801088565,35.45852279663086,123454200
2020-03-20,36.126473429625115,36.495980437047834,33.71993597839084,33.8336296081543,90444000
2020-03-23,33.66268459236952,34.39127229296936,32.42932084031741,33.52458572387695,84958400
2020-03-24,35.55319614610242,36.9865596587075,35.41033428137701,36.95798873901367,75329000
2020-03-25,37.23896174838097,38.615184010834426,36.200842168534564,36.91038513183594,57480800
2020-03-26,37.37703997790654,39.291371287532996,37.286564199113904,39.196128845214844,56425800
2020-03-27,37.98181415913406,38.69611606125025,37.262749227061434,37.42465591430664,58485400
2020-03-30,37.924683952563605,39.09137607535269,37.805633587661504,39.00090026855469,47480200
2020-03-31,38.91040873384083,39.610425243174916,38.07229340817105,38.272300720214844,39988800
2020-04-01,36.94845736961175,37.738953276787036,36.177013583666486,36.448448181152344,54984800
2020-04-02,36.31988387723045,37.34848077817625,36.1722625867374,37.30086135864258,44223600
2020-04-03,37.13894420759092,37.53895525169496,36.26273542176099,36.72465133666992,31572000
2020-04-06,38.33896780397699,40.11995965444766,38.096104122917666,39.85804748535156,35987200
2020-04-07,41.26283946209764,41.27712491844372,39.45803627012191,39.500892639160156,44298800
2020-04-08,40.01996262040411,40.72950162757851,39.643763111062505,40.56283187866211,27428600
2020-04-09,41.04379145399894,41.25331755671982,40.28662949326402,40.572349548339844,39259800
2020-04-13,40.4104404439064,40.71997199895065,39.83423733774829,40.66282653808594,25301600
2020-04-14,41.56762290803643,42.44383178790138,41.40095313557608,42.36764144897461,31779000
2020-04-15,41.52475141327288,41.78190054819226,41.13426649723847,41.44379806518555,25858200
2020-04-16,41.98668631775027,42.05335423858409,41.26286162021341,41.94858932495117,23667600
2020-04-17,42.69145172571641,42.70097415413377,41.89143331292367,42.505733489990234,28284800
2020-04-20,41.929529127026825,42.48668381871404,41.76761878340983,41.824764251708984,20407000
2020-04-21,41.234270672533235,41.334276147170954,39.8294782277767,40.07234191894531,32765000
2020-04-22,41.043801750882544,41.84382028567644,40.89617683944127,41.61524200439453,24032000
2020-04-23,41.71048013072644,42.181922146691754,41.29618722552648,41.32952117919922,21169600
2020-04-24,41.500946871000785,42.21524887004338,41.23427165416461,42.20572280883789,16885000
2020-04-27,42.58668688719724,42.71050025550613,42.31048923217277,42.5676383972168,15598600
2020-04-28,43.09621421558663,43.12478512870893,41.94380803337453,42.00094985961914,25267600
2020-04-29,42.89622589372272,43.87719968166387,42.7438415807112,43.724815368652344,22925800
2020-04-30,43.815295485101366,43.815295485101366,43.20575822357164,43.52957534790039,30861200
2020-05-01,42.572401671297385,43.16765336235823,42.172390645677936,42.33430099487305,23990200
2020-05-04,42.139059077840834,42.939077541165695,41.943818401365185,42.89622116088867,21458000
2020-05-05,43.386707741549394,44.0391049358517,43.310513777341164,43.48670959472656,17374600
2020-05-06,43.90577102979442,44.24863664566977,43.629576957564744,43.8248176574707,16941000
2020-05-07,44.42005942799759,44.73435404932322,44.35339153252752,44.48196792602539,21088800
2020-05-08,44.9057942550568,45.196277404764345,44.64388202724559,45.134368896484375,15221600
2020-05-11,44.824823649413204,45.701035863950196,44.73434787982617,45.434364318847656,20768800
2020-05-12,45.62008549906397,45.74865825009504,44.46291620727409,44.49625015258789,27042000
2020-05-13,44.52006467419418,44.86293023889246,43.153369079463346,43.72957229614258,33942200
2020-05-14,43.42480831898959,44.31530264235022,42.94860690264582,44.2867317199707,30475200
2020-05-15,43.58671197818297,44.52006625231998,43.46289860140236,44.51054382324219,28032800
2020-05-18,45.38676229749159,45.85820438271276,45.229618568880205,45.60105514526367,20033400
2020-05-19,45.62008252106225,46.13914015465503,45.41531583232214,45.434364318847656,20092800
2020-05-20,46.06296063381402,46.515350487122,46.039149111796476,46.42963409423828,18192000
2020-05-21,46.382008536636945,46.520107353155424,45.758182347104835,45.7819938659668,20581600
2020-05-22,45.71533936890223,46.00582254512576,45.529621093366366,45.94867706298828,18489600
2020-05-26,46.86773099428684,46.901064939905005,45.862945962346636,45.90104293823242,26001400
2020-05-27,45.89629620382385,46.18201999128825,44.92008537375006,46.16297149658203,38856800
2020-05-28,45.991525892895055,46.91535401400853,45.958191944707366,46.072479248046875,21147400
2020-05-29,46.21058258127668,46.7629742956006,45.82486062415705,46.65345001220703,35555000
2020-06-01,46.43438963785568,46.739158178270706,46.22962293415862,46.639156341552734,26719400
2020-06-02,46.734401132958034,47.077266693115234,46.29153372327632,47.077266693115234,22415200
2020-06-03,47.26775463568665,47.5963311496112,47.062987876862444,47.443946838378906,22035800
2020-06-04,47.25822208349052,47.58680218542573,46.791546783915365,47.0534553527832,15138800
2020-06-05,47.38679317372279,48.42967156765804,47.30583619019027,48.29157638549805,20756400
2020-06-08,48.20586263699736,48.55348757624846,47.76299525107428,48.53443908691406,16130200
2020-06-09,48.29157745897264,49.00111640634983,48.248717451075905,48.76301574707031,14707800
2020-06-10,49.115411791918675,49.94876423660062,49.024932363895,49.577327728271484,24389600
2020-06-11,48.71539715016063,48.78682444262747,46.720112429690225,46.734397888183594,39742000
2020-06-12,47.98680664729393,48.22490731339431,46.51534627469496,47.339176177978516,43287000
2020-06-15,46.477249760368764,48.01061864667047,46.32486547786767,47.796329498291016,29924000
2020-06-16,48.93922037251624,49.234466573135734,48.058248435460726,48.81541061401367,27935800
2020-06-17,49.091597782627886,49.26779359850645,48.724924324114085,48.805877685546875,17324200
2020-06-18,48.71540485666543,49.07731530617561,48.61063996697045,49.024932861328125,13717200
2020-06-19,49.61542349444523,49.6725653354762,48.45349095177221,48.68682861328125,31280000
2020-06-22,48.74937969414836,49.64710792557806,48.67297938434172,49.604129791259766,14738000
2020-06-23,50.0482252824763,50.53529144797901,49.89064848129981,49.96227264404297,19028000
2020-06-24,49.75693655859211,50.03389543725686,48.56792821533706,48.83533477783203,25425600
2020-06-25,48.90697006677207,49.51341472649042,48.37692937554871,49.46088790893555,20534400
2020-06-26,49.36537519728262,49.4370029957147,48.338723444607034,48.486751556396484,44275600
2020-06-29,48.48197175677073,49.02156464037372,47.899404383221075,49.016788482666016,18547200
2020-06-30,49.02156876898631,50.095974825830524,48.954713484870545,49.895416259765625,16500000
2020-07-01,49.92883110386479,50.26786539231404,49.69962656895224,49.976585388183594,21709200
2020-07-02,50.449325588431556,50.721508264950025,50.16281808311853,50.26786804199219,19144600
2020-07-06,50.91729522132928,51.385260348668545,50.88864555911259,51.14650344848633,16046200
2020-07-07,51.08920050715267,51.604916286165036,50.55915989702461,50.61168670654297,15863600
2020-07-08,51.01279155378629,51.442554630177106,50.740608879262204,51.43777847290039,13327000
2020-07-09,51.85799654367448,51.867548859574235,50.88386798094048,51.62401580810547,17767800
2020-07-10,51.504626581717496,51.63355367425191,50.99846323919974,51.60968017578125,14724600
2020-07-13,52.04899561439551,52.39280607658575,50.411123404840744,50.5400505065918,28910400
2020-07-14,50.138946235642685,51.194251238282625,49.604129497598414,51.122623443603516,30053200
2020-07-15,51.59058431692674,51.84366601333067,50.79790976888207,51.39957809448242,23779200
2020-07-16,50.85045230885105,50.99370793080567,50.37293842652472,50.76449966430664,17180600
2020-07-17,51.06532893552963,51.15605408374289,50.544836978734075,51.01280212402344,12710400
2020-07-20,51.15604767035317,52.44056084737142,50.869540143692156,52.31640625,17018400
2020-07-21,52.68886605926379,52.70796704667015,51.60013527908698,51.791141510009766,18794800
2020-07-22,51.83888968647224,52.368930221530974,51.79591519921159,52.20657730102539,15028000
2020-07-23,51.92961923703617,52.27342971281837,50.62123260921231,50.85043716430664,23349600
2020-07-24,50.00047054740805,50.56393698825174,49.40835444380423,50.23445129394531,22911600
2020-07-27,50.54005262661382,51.079645485851565,50.43977517812539,51.02711868286133,16908000
2020-07-28,50.86954097797288,51.02712139532012,50.39202721132616,50.43022918701172,17825400
2020-07-29,50.621249684009975,51.29931854932934,50.621249684009975,51.16083908081055,13187000
2020-07-30,50.69763403206008,51.48075629167332,50.42545133991573,51.447330474853516,21556800
2020-07-31,52.25910446219674,52.75094302764294,51.40913059455487,52.731842041015625,25185800
2020-08-03,53.44811425146115,54.20258685177815,53.42423710667435,54.03068161010742,24327000
2020-08-04,53.916077240434895,54.17393144980663,53.682092888643254,54.169158935546875,17971600
2020-08-05,54.34107842274372,54.493882711367405,54.097545335419795,54.369728088378906,12960200
2020-08-06,54.32673627511205,55.18626245927849,54.20735784081897,55.13373565673828,16399400
2020-08-07,54.914080599919686,54.91885675744256,53.88264916342233,54.31241226196289,27476200
2020-08-10,54.41748395189223,54.50821275927297,53.42903031834997,54.15962600708008,16481200
2020-08-11,53.982925040559145,54.21212957554413,53.07564828532093,53.18547439575195,18844400
2020-08-12,53.615246853002084,54.536848597866445,53.548395214982165,54.39359664916992,14196800
2020-08-13,54.469995831034026,54.87110929398208,54.22169027255454,54.4174690246582,11453600
2020-08-14,54.441347770039755,54.53684906999754,54.07843627254626,54.379268646240234,8334200
2020-08-17,54.70875786384091,54.86633829779294,54.64190622091725,54.742183685302734,8174600
2020-08-18,54.84723992584771,55.09554551953868,54.48432838755339,54.94751739501953,8930000
2020-08-19,55.08600357674444,55.32953668485729,54.789943648388785,54.880672454833984,14239400
2020-08-20,54.67532530235718,55.72108159839948,54.61802233985457,55.61125183105469,12803000
2020-08-21,55.66377138625729,56.38004193011913,55.63512173030774,56.31796646118164,15288600
2020-08-24,57.12974029309917,57.14884127878307,56.33229326728406,56.805030822753906,16440600
2020-08-25,56.67611045720305,57.1154222507074,56.59015783298343,57.09154510498047,18628200
2020-08-26,57.68844091980953,58.40471161866245,57.55951379699812,58.25190734863281,16463000
2020-08-27,58.495438313696916,58.76284486589726,57.77439148256696,58.29965591430664,18174200
2020-08-28,58.52886145305991,59.00159905566789,58.45246114584671,58.81059646606445,13092600
2020-08-31,59.044580636761786,59.37883883122952,58.676892979706196,58.996829986572266,19040000
2020-09-01,59.52686046027475,60.200152892677174,59.154396708595854,60.12375259399414,25612600
2020-09-02,60.983278822329204,60.988054979771334,59.59848825850752,60.6585693359375,40395000
2020-09-03,59.68922828092145,59.736978934917914,56.728644015444296,57.20138168334961,54162000
2020-09-04,56.88144061111459,57.69321254883215,53.982932223021606,56.403926849365234,62544200
2020-09-08,54.25988605004363,55.54917535971805,53.758498798898685,53.854000091552734,47860400
2020-09-09,55.167163890296806,56.155617223836494,54.56549553501239,55.61125183105469,36783800
2020-09-10,56.375277587588116,56.46123021659015,54.02591058572062,54.35539627075195,32109800
2020-09-11,54.866346213497124,55.076449845937375,53.25234694769265,53.93996810913086,37166400
2020-09-14,54.837686133977414,55.367726773302124,54.57983187340883,55.07167053222656,24730200
2020-09-15,55.912084029608536,56.0123651244908,55.24356768466573,55.61602783203125,18260400
2020-09-16,55.86433198639709,55.940735934275835,54.70397344075918,54.756500244140625,19637000
2020-09-17,53.4767674432966,54.680104214482526,53.39081481678332,54.3028678894043,30403600
2020-09-18,54.39358709474064,54.48908837709651,52.707960680350325,53.3669319152832,41837600
2020-09-21,52.40356495393865,53.83449232623257,52.216922411952915,53.81056594848633,38381800
2020-09-22,54.41836874873302,54.80122743680959,53.494725541118534,54.66244125366211,25537400
2020-09-23,54.69115544209006,54.74379860400573,52.79601256675898,52.9587287902832,23707800
2020-09-24,52.46579599638068,53.915870812479184,52.39879627366853,53.25543975830078,31838600
2020-09-25,53.284146003758266,54.6911473015119,52.94914743344101,54.52843475341797,19326600
2020-09-28,55.432930154393524,55.57649939406907,54.97350201525326,55.57171630859375,17473200
2020-09-29,55.49992691666605,55.734425884867115,55.265427948464975,55.38507080078125,20851000
2020-09-30,55.356360911830386,56.41879015660702,55.332434529120164,55.84928894042969,22318400
2020-10-01,56.624588942837,56.701162147871315,56.079017636207325,56.43794631958008,27076400
2020-10-02,55.05006964453421,55.96414280576388,54.78685755528291,55.00699996948242,37251600
2020-10-05,55.3994312586832,56.24650110617906,55.365931403724844,56.2130012512207,12270600
2020-10-06,56.078999483391556,56.610214054925564,55.14578666918866,55.34199905395508,26862200
2020-10-07,55.92107702505217,56.46664822325087,55.8780073441889,56.3565788269043,12992400
2020-10-08,56.849497649004405,56.849497649004405,56.4570692428775,56.64849853515625,10109600
2020-10-09,56.91651033860336,57.52908129267978,56.902153777368895,57.51472473144531,14425400
2020-10-12,58.361786783771905,59.47207240013984,58.06985790759146,59.08443069458008,19163800
2020-10-13,59.27586876996578,59.38115508857849,58.481438294041546,58.70636749267578,17613800
2020-10-14,58.84993931581468,59.161011528333454,57.95979601289554,58.395294189453125,14534000
2020-10-15,57.428583164858985,58.24694003681291,57.2754404224678,58.132083892822266,13185000
2020-10-16,58.45271415848128,58.687213136803805,57.91192975710599,57.96457290649414,11544200
2020-10-19,58.25650344769344,58.476645873648536,56.725072637138794,56.90214538574219,16616400
2020-10-20,57.11751289824443,57.70137076460623,56.7490144168516,57.09836959838867,14566600
2020-10-21,56.959575321019855,57.55778966448684,56.88300578368558,57.0122184753418,12171800
2020-10-22,57.03614579676911,57.222788370956735,56.093359452112956,56.74421691894531,13486400
2020-10-23,56.82557226377859,56.835145737340696,56.208214662595694,56.682003021240234,10312800
2020-10-26,56.05506950816474,56.504927814546065,54.76292812547439,55.45207214355469,18189200
2020-10-27,55.720071138729296,55.96414358773025,55.41378571893643,55.72964096069336,19064800
2020-10-28,54.67200718464793,54.705507043628295,53.27457927973752,53.365509033203125,32756600
2020-10-29,53.57128467653309,54.88256931447941,53.53778482396107,54.25564193725586,19409000
2020-10-30,53.49472062495864,53.82972285904172,52.43707806907792,53.05443572998047,25848600
2020-11-02,53.461220201488224,53.896722005828956,52.68114999464036,53.18843460083008,24039800
2020-11-03,53.60478938117788,54.605001963656015,53.38464695131969,54.12643051147461,20970200
2020-11-04,55.77272661495508,56.65329647868862,55.212798800436836,56.232154846191406,30763800
2020-11-05,57.710921340226506,58.14642305146431,57.471635648656694,57.97892379760742,22189800
2020-11-06,57.84013946547909,58.37135400945785,57.050495928385516,58.18471145629883,19455200
2020-11-09,59.419429202852335,59.99371344581806,57.71092572992745,57.76356887817383,39768200
2020-11-10,57.26108228760228,57.663080606129974,56.227366066455254,56.68679428100586,23538400
2020-11-11,57.2610739332935,58.189500050670375,57.14621780921591,58.03157424926758,14488600
2020-11-12,58.03158284315138,58.31872502147334,57.24672585183961,57.51472473144531,14352800
2020-11-13,57.95022168009752,58.122507713673976,57.40465045750899,58.002864837646484,11851600
2020-11-16,58.00764527988912,58.66807256945376,57.88800241684557,58.56278991699219,14864200
2020-11-17,58.270873214654294,58.55322867785369,57.98851410024371,58.23737335205078,9939400
2020-11-18,58.136848521421534,58.414417126240764,57.59127382971919,57.615203857421875,9542800
2020-11-19,57.500362405095366,58.184719747939795,57.24672011215487,58.07943344116211,12155200
2020-11-20,58.13207388659781,58.14643044572408,57.46207313475891,57.48121643066406,9915800
2020-11-23,57.6582833840593,58.0363515737522,56.96913940558214,57.466854095458984,9807000
2020-11-24,57.6870078838077,58.380935084317365,57.27064937277548,58.26607894897461,13634000
2020-11-25,58.46706482273155,58.634564076075215,58.17035290286846,58.39049530029297,12186400
2020-11-27,58.70158004760742,58.95043561304125,58.591506999627995,58.70158004760742,7025800
2020-11-30,58.68243383634171,59.18014859370718,58.0172197979423,59.0940055847168,32229200
2020-12-01,59.58214459319575,60.18035889634028,59.33328904962018,59.85014343261719,22681200
2020-12-02,59.59651533956261,59.82623129318783,59.14665690811928,59.75923156738281,16038800
2020-12-03,59.82622213202185,60.12293411480549,59.56300635580024,59.7209358215332,13775400
2020-12-04,59.80707012160861,60.32871120967577,59.67785379530254,60.31914138793945,10358800
2020-12-07,60.3526536427742,60.668508941919875,60.247367325988684,60.49143981933594,8905400
2020-12-08,60.433998873127244,60.87907044375047,60.17556986587406,60.68764114379883,7886800
2020-12-09,60.64936513479956,60.83122098236753,59.31893335628116,59.52471923828125,17271800
2020-12-10,59.16100802090406,59.893221805428176,59.02222185274037,59.610862731933594,9997400
2020-12-11,59.25193608797677,59.4864387512207,58.816437922772344,59.4864387512207,13023200
2020-12-14,59.66828999968146,60.23779120757655,59.63000340644925,59.70178985595703,11055800
2020-12-15,60.3478686577496,60.697227478027344,59.96022689033796,60.697227478027344,9099200
2020-12-16,60.778575873069435,61.32414704943952,60.57757673466162,61.10879135131836,10309200
2020-12-17,61.55385742024898,61.72614343394843,61.30021513652768,61.59214401245117,11505000
2020-12-18,61.68307453206719,61.69264800584336,60.98436064603462,61.37678909301758,17693400
2020-12-21,60.59873610605935,61.46696663575188,60.05668855837001,61.43818664550781,15232200
2020-12-22,61.77876708070349,62.2488647095339,61.495754049900434,61.970645904541016,14334200
2020-12-23,62.042589554765925,62.08575954093628,61.40940779931686,61.50054931640625,11300800
2020-12-24,61.60607866629764,62.06178628989036,61.56290867651367,61.90828323364258,4384600
2020-12-28,62.522276212005785,62.733339239077246,62.22966743709817,62.60862350463867,8171000
2020-12-29,62.94918620526269,63.03073193977381,62.200877282053106,62.31120300292969,8841400
2020-12-30,62.52707243406341,62.6565823828459,62.186492156749196,62.27763366699219,8141400
2020-12-31,62.306420514966945,62.54626353909407,61.86511022890443,62.36878204345703,11058400
2021-01-04,62.68536772352345,62.699765038489275,60.555564210509694,61.351844787597656,21017200
2021-01-05,61.21274625674851,61.85072967666832,61.17437048869739,61.74999237060547,12361400
2021-01-06,60.86735703208982,61.86989902835471,60.49800041760112,60.68507766723633,27258000
2021-01-07,61.27029848897559,62.440729918666726,61.24631272348555,62.32080841064453,19652000
2021-01-08,62.62781912198469,62.8916479538332,62.01382146937146,62.7237548828125,12387600
2021-01-11,62.11455807712763,62.64700996107608,61.946665007995605,62.205692291259766,17853200
2021-01-12,62.128942047141614,62.21048780098752,61.31827141497594,61.90828323364258,17089200
2021-01-13,61.98981639382799,62.493488130602294,61.869894900283015,62.30161666870117,13605200
2021-01-14,62.45512501018329,62.584642298855236,61.6636459204262,61.75478744506836,15624800
2021-01-15,61.66364103510428,61.937058267940614,60.996877741697084,61.1215934753418,12641200
2021-01-19,61.543722657868166,62.02340871549858,61.327861736105966,61.917877197265625,11569600
2021-01-20,62.39277446810953,63.36653666442813,62.30642716410638,63.145877838134766,11770000
2021-01-21,63.48644595134355,64.1723934279972,63.145865665840844,63.96133041381836,8945200
2021-01-22,63.692715740201045,64.03809029589047,63.563198451960375,63.71670150756836,11243600
2021-01-25,64.43620745617463,64.65685887003197,62.69494530693405,64.24913024902344,18205200
2021-01-26,64.47460329142169,64.57533326234548,64.0476830026503,64.29232025146484,8593400
2021-01-27,63.98531489085518,64.19158367580866,62.50788114075248,63.07870864868164,24484600
2021-01-28,63.400099561115816,64.39305312293665,63.18424231880667,63.337738037109375,16181600
2021-01-29,63.0211533849463,63.27058485222576,61.5101379886876,61.845916748046875,19023200
2021-02-01,62.57984087020059,63.702304391019055,62.11933907427552,63.39530563354492,11232600
2021-02-02,64.00931474885677,64.44102931374081,63.91817321818747,64.25395202636719,8595000
2021-02-03,64.38345578039495,64.5177672754141,63.84140825586425,64.03328704833984,11574800
2021-02-04,64.37867138991689,65.05502319335938,64.19159411331728,65.05502319335938,8134200
2021-02-05,65.25169053854891,65.26128630865686,64.72403297403204,64.91111755371094,9413800
2021-02-08,65.17495323890702,65.62106515342616,65.08381170156282,65.59228515625,11713200
2021-02-09,65.41958244733922,65.82731117702987,65.40039090745503,65.51551818847656,10552200
2021-02-10,65.77935072101273,65.86089647160568,64.86314860408231,65.41958618164062,9464400
2021-02-11,65.86091078940946,66.18229963611866,65.60667771187188,66.13912963867188,7565800
2021-02-12,65.96643026398657,66.52286054130866,65.78414721553376,66.47969055175781,6755600
2021-02-16,66.74348741419946,66.79145892591872,66.09111437971275,66.26380157470703,9722200
2021-02-17,65.654625989472,65.82251903133756,65.01664267758217,65.6786117553711,15274800
2021-02-18,64.99745139025767,65.46754160917561,64.5321553962271,65.35721588134766,10954800
2021-02-19,65.69299836070287,65.75056565977536,64.96867511227131,65.26128387451172,11685600
2021-02-22,64.46023389046589,64.67129698954939,63.78387459188389,63.82225036621094,14262600
2021-02-23,62.76212801412397,64.0380948058702,61.69243005294919,63.64474868774414,24198400
2021-02-24,63.16985354621118,64.67606736580268,62.68536597849956,64.6185073852539,16472200
2021-02-25,64.04287960530134,64.469799881724,62.08096548777629,62.35918426513672,34313800
2021-02-26,62.97795836189955,63.654317235107214,62.13371381595674,62.69015121459961,35511600
2021-03-01,63.75508505110477,64.7480315303035,63.352150460109044,64.70965576171875,24773800
2021-03-02,64.80075910824331,64.84392907767382,63.59195604763824,63.68309020996094,24802800
2021-03-03,63.376106121813315,63.55838912718711,62.0137997643534,62.080955505371094,29889600
2021-03-04,61.88910314868545,62.34000925727116,59.941575079061614,60.70907211303711,76955600
2021-03-05,61.466958625757556,62.02819032066408,59.82163563645834,61.85550308227539,46085800
2021-03-08,61.797948540006495,62.09535151914526,60.29652901094622,60.358890533447266,35242400
2021-03-09,61.769182965539834,62.79571095699387,61.687637204469794,62.41196060180664,22987200
2021-03-10,63.08352168822697,63.09311746047515,62.11456095462032,62.16252517700195,18459000
2021-03-11,63.09789540810906,63.88458018261945,62.963583909004434,63.491241455078125,13362800
2021-03-12,62.7333370001364,63.05472575464199,62.33040250070502,63.03554153442383,12442200
2021-03-15,63.083525503920015,63.7454947599214,62.83409396581724,63.70711898803711,16585000
2021-03-16,64.1963862369409,64.80078803706472,63.91337321842939,64.1867904663086,13106800
2021-03-17,63.66872950405885,64.51777589049644,63.18424921229177,64.13402557373047,19366400
2021-03-18,63.25620168259784,63.366534752129354,62.27764528981047,62.35439682006836,17584800
2021-03-19,62.36877604994786,62.64219326507528,61.869898508824726,62.16730880737305,27224800
2021-03-22,62.500440445723285,63.69737538834849,62.39949050200729,63.38972854614258,15984200
2021-03-23,63.56276518374615,63.84157121403171,62.82729701251326,62.99554443359375,12929200
2021-03-24,63.37531245268448,63.38492848008752,62.221638550233685,62.23125457763672,14209400
2021-03-25,61.86110775742118,62.47159707019326,61.39482950036646,62.19279098510742,22573000
2021-03-26,62.159144159400036,63.84158951293366,62.1351077588022,63.7742919921875,14883200
2021-03-29,63.58201077722006,63.75986692576963,62.96190542788497,63.442604064941406,17317800
2021-03-30,62.99556676089244,63.06286428620115,62.46199090491618,62.841739654541016,13235400
2021-03-31,63.32244677483024,64.23096715467608,63.26956961685483,63.84160232543945,15430400
2021-04-01,64.53860800543339,65.12987271671687,64.4761221590691,65.12506103515625,14351600
2021-04-05,65.5047916241604,66.58636333131084,65.41826207345204,66.47099304199219,12866800
2021-04-06,66.36527227778879,66.5815852614363,65.966291410897,66.18741607666016,11315600
2021-04-07,66.13452207862552,66.65848185413395,65.89417275024044,66.5383071899414,10085200
2021-04-08,67.16320727970687,67.51411519506367,67.04783697806921,67.49969482421875,14144600
2021-04-09,67.25455885081078,68.16788347365829,67.13438417228451,68.1486587524414,9401000
2021-04-12,67.86983487775794,68.0380749827907,67.4900788853454,67.82176208496094,15907000
2021-04-13,68.08137178974911,68.51399776562023,67.95638541036483,68.46112060546875,11315800
2021-04-14,68.45148100517441,68.48513342953805,67.6054540689551,67.73524475097656,11216200
2021-04-15,68.35534487389039,68.95141382571742,68.3457288473618,68.8985366821289,11028800
2021-04-16,68.95141464320456,69.01390781406258,68.59569500622081,68.88411712646484,11695600
2021-04-19,68.57645842926465,68.89372123969473,67.90347604336347,68.31207275390625,10254000
2021-04-20,68.16787990287825,68.46591074285021,67.32665719725945,67.70641326904297,9873400
2021-04-21,67.58623406250258,68.41303633877449,67.39876187979438,68.38899993896484,9254200
2021-04-22,68.26881856216889,68.56204500730412,67.2881892914405,67.58622741699219,11652200
2021-04-23,67.71121174503641,68.81200841989214,67.69679137240925,68.59569549560547,8886000
2021-04-26,68.61973031581003,69.01871106403141,68.57165751823962,68.94660186767578,7735000
2021-04-27,69.05716453532477,69.11004167617394,68.53320480728762,68.77835845947266,10822000
2021-04-28,68.37937977032266,68.47071368313958,67.97559468354373,68.13903045654297,10691200
2021-04-29,68.69663822153855,68.7831604482114,67.3891374515954,68.08134460449219,13416600
2021-04-30,67.38914758849158,67.75447593641721,66.99497115912375,67.15360260009766,10583400
2021-05-03,67.51412932914049,67.6487243751227,66.79789297763796,66.96613311767578,10805800
2021-05-04,66.46620466798129,66.485429386715,65.03371740386129,65.7643814086914,19919600
2021-05-05,66.30275491690044,66.3316029944332,65.48076441174219,65.60574340820312,11245800
2021-05-06,65.57690230083749,66.30275454815208,65.10581972538928,66.2643051147461,14338600
2021-05-07,66.9276736061437,67.22571176853067,66.5431132041112,66.83153533935547,19196600
2021-05-10,66.50945402043192,66.54309910598379,65.12023545526145,65.14427185058594,20281000
2021-05-11,63.89926254969035,65.08178435473397,63.745442809004885,64.94718933105469,27046800
2021-05-12,63.990604030224624,64.34151933729562,62.95230048683078,63.120540618896484,29414600
2021-05-13,63.8127629288273,64.53381109751462,63.52915240951513,63.956974029541016,22610400
2021-05-14,64.6731949725243,65.59133118035899,64.54821596054661,65.36540222167969,16823000
2021-05-17,64.98085049781412,65.00008255445759,64.29345483786038,64.88471221923828,16267200
2021-05-18,65.07219793157562,65.2067930164852,64.32230893425601,64.36557006835938,11737200
2021-05-19,63.36568575908775,64.63953397011936,63.21185870385797,64.59146118164062,30581200
2021-05-20,64.85104859807765,66.04798339397777,64.84143257250268,65.82686614990234,16828200
2021-05-21,66.16334285692241,66.22583601060404,65.40865000769035,65.4663314819336,14148400
2021-05-24,66.00955577144444,66.86038727655034,65.97590333825227,66.62965393066406,13229000
2021-05-25,66.89883775533411,67.0526648613562,66.49985695082945,66.64887237548828,11245800
2021-05-26,66.74499288597667,66.93726936132217,66.42773010026698,66.64404296875,13311400
2021-05-27,66.58637065901021,66.86036504083786,66.27872385518215,66.29314422607422,11354600
2021-05-28,66.6296364616661,66.9132468890109,66.49504143394724,66.5286865234375,9222600
2021-06-01,66.82672240022873,66.8988242573287,66.08163809238825,66.20181274414062,12907400
2021-06-02,66.33641058302176,66.92766784097388,66.21143158045075,66.65847778320312,10098200
2021-06-03,66.12010901377869,66.38449477119997,65.63459862245593,66.03839111328125,12721200
2021-06-04,66.44216742304148,67.38433266147244,66.44216742304148,67.30742645263672,11182600
2021-06-07,67.24972319483032,67.36989783051435,66.96611281498666,67.2929916381836,11784000
2021-06-08,67.61507629628592,67.89868674959456,67.11034122869356,67.29781341552734,8902600
2021-06-09,67.6246696808835,67.74003997546563,67.30741420681898,67.34587097167969,9763400
2021-06-10,67.48527618389518,68.00923589770515,67.24492688381223,67.84099578857422,11275400
2021-06-11,67.92753384252919,68.24479675292969,67.86504066278599,68.24479675292969,12100600
2021-06-14,68.31208673617265,68.9418008059952,68.03328063371696,68.93699645996094,11426600
2021-06-15,68.88412473054335,68.88412473054335,68.38900565954259,68.51398468017578,15079600
2021-06-16,68.64375998586559,68.77355065867985,67.47565860029394,68.14382934570312,19202800
2021-06-17,67.94676348438357,69.21580774601588,67.94676348438357,68.93218994140625,15864200
2021-06-18,68.60052081323929,68.86971093562991,68.22076469888908,68.30248260498047,20816600
2021-06-21,68.3313522877561,69.07298188961794,67.88829978753262,69.03446197509766,12276000
2021-06-22,68.99114187459232,69.69906499801888,68.91409466633463,69.66053771972656,9253200
2021-06-23,69.6701616878193,69.82908393305226,69.42937174322257,69.58348083496094,8271000
2021-06-24,70.03134691219337,70.23360958474356,69.88205832162008,70.02171325683594,12279000
2021-06-25,70.08431000913902,70.13728408281276,69.82426014185647,69.93983459472656,14385800
2021-06-28,70.22878431128433,70.753704538622,70.21433750490438,70.67183685302734,12557400
2021-06-29,70.71037469166109,71.22084818894166,70.54663929599107,71.18714141845703,9829200
2021-06-30,71.0763627902132,71.28344593079557,70.88854695720002,71.11007690429688,11013600
2021-07-01,71.0137593134119,71.23046875,70.74888895832667,71.23046875,11636600
2021-07-02,71.57240157879896,72.24179733831139,71.5531416162798,72.16956329345703,12780000
2021-07-06,72.32365868683463,72.78597857827779,71.7505848352257,72.44405364990234,11870600
2021-07-07,72.90637199479455,72.98823968614491,72.25623626869003,72.83895111083984,14883800
2021-07-08,71.69277715873959,72.35254643268047,71.3701195984626,72.15028381347656,17086200
2021-07-09,72.063601791556,72.88228599113279,71.95765364649404,72.81486511230469,9775800
2021-07-12,73.10383697968521,73.13754375464028,72.63670384606993,72.8726806640625,9619600
2021-07-13,72.74745673656345,73.70098285767872,72.68484899963246,73.17124938964844,15202800
2021-07-14,73.75877799394155,74.0862487931791,73.38795941971294,73.71061706542969,12886800
2021-07-15,73.62392022339553,73.68170744639949,72.71373471946121,73.10381317138672,12506200
2021-07-16,73.24828424438952,73.59502225855158,72.3091978361783,72.38143920898438,15080400
2021-07-19,71.51940900849736,71.71685847782605,70.9704083645444,71.38456726074219,24254000
2021-07-20,71.74095118064916,72.84376580908616,71.32679221376326,72.44405364990234,14715600
2021-07-21,72.41515142041465,73.15678841975311,72.28030966568484,73.14234161376953,12234000
2021-07-22,73.29645915946762,73.73951178475654,73.29645915946762,73.68172454833984,9577800
2021-07-23,74.00917893767927,74.45223881302627,73.74431593063035,74.41371154785156,12576200
2021-07-26,74.22590977614351,74.5100401437369,73.94659256198658,74.37519836425781,8993400
2021-07-27,74.2837048262081,74.30778529257559,72.74265050693425,73.6720962524414,18089800
2021-07-28,73.69615583245532,73.97065984425923,72.8774716462714,73.58057403564453,13941200
2021-07-29,73.50352852838871,74.17292416832146,73.49389487468707,73.92250061035156,12030600
2021-07-30,73.45054344217327,73.9513831346913,73.43127613765895,73.87432861328125,10148800
2021-08-02,74.20664380414549,74.30777881474182,73.50835443032163,73.60948944091797,12205200
2021-08-03,73.74433170026629,74.11996343064003,73.14716998484661,74.08143615722656,10824800
2021-08-04,74.02362187975204,74.41370027661583,73.78764517192131,74.23069763183594,11322800
2021-08-05,74.36554119210278,74.66411827391097,74.14401863086559,74.64004516601562,6674600
2021-08-06,74.37998128955921,74.66411154168163,74.36072133531484,74.57743072509766,7602800
2021-08-09,74.66411772120873,74.79896680537152,74.26441301389302,74.3366470336914,7198200
2021-08-10,74.47149673416271,74.53891760929295,73.59020485675197,73.8021011352539,10421400
2021-08-11,74.05734776479309,74.19218953314208,73.4361129997799,73.8117446899414,10831600
2021-08-12,73.73470240999013,74.27889007522343,73.43130470660145,74.23554229736328,6947800
2021-08-13,74.28367351961742,74.65930512199661,74.20180584713206,74.64004516601562,5630800
2021-08-16,74.46188642863605,74.98681413708891,73.83101789603865,74.97718048095703,9493800
2021-08-17,74.51966160255347,74.64005655369273,73.8936063869644,74.35591888427734,19052600
2021-08-18,74.18255304823826,74.51484430339272,73.24829435984635,73.33016204833984,13481200
2021-08-19,72.92563982787156,74.32222592959448,72.81969901164183,74.04772186279297,19291000
2021-08-20,74.32703499711016,75.06867210822986,74.14885279757357,75.00125122070312,14769400
2021-08-23,75.19868475402869,76.07516353964222,75.19387160130243,75.9692153930664,10802400
2021-08-24,76.06553318154525,76.15222137264719,75.81510961075921,75.88253784179688,9537000
2021-08-25,76.06071757144079,76.26298021304436,75.71397951488473,75.83918762207031,9430400
2021-08-26,75.74768472534056,75.90179379101154,75.29981903134308,75.3624267578125,12056600
2021-08-27,75.42984527430227,76.14258130989407,75.2998166727558,76.08960723876953,14088800
2021-08-30,76.3159459945547,76.9997883794782,76.3159459945547,76.90828704833984,10026800
2021-08-31,76.95647046716972,76.98055093214082,76.35930873818715,76.5037841796875,21971000
2021-09-01,76.7686512157126,77.11538932070759,76.4604403833088,76.52304077148438,20289800
2021-09-02,76.80718280418385,76.9083104706331,76.13296651844156,76.44117736816406,21769600
2021-09-03,76.34966126296483,76.94682288385896,76.32558815067726,76.74456024169922,21204800
2021-09-07,76.83605821216412,76.92755954948223,76.4026319851296,76.7638168334961,19721800
2021-09-08,76.7541999562022,76.77827307039061,75.9258820143385,76.47006225585938,11466400
2021-09-09,76.52304708700261,76.7879175152235,76.11852171389788,76.1811294555664,11161000
2021-09-10,76.60489587689503,76.79271168918186,75.3527855627668,75.42984008789062,17080200
2021-09-13,76.00293416047289,76.20037631088476,74.95789943723518,75.45392608642578,22637800
2021-09-14,75.77658440296251,75.93068611769876,75.15534234644484,75.35760498046875,18431600
2021-09-15,75.61284711532467,76.0799801423213,75.1890618581291,76.01737976074219,16339200
2021-09-16,75.74769863894761,76.1377845274579,75.28057290010028,76.06072998046875,16148600
2021-09-17,75.86326236019539,75.86807551261163,74.76526104669918,74.87602233886719,22663000
2021-09-20,73.77753591434377,74.15383563620789,72.53288109769578,73.51220703125,35669400
2021-09-21,73.96087731963951,74.14420192316263,73.25653806834256,73.54116821289062,18455000
2021-09-22,73.9415680150025,74.83888228266426,73.61351391737627,74.54942321777344,27990600
2021-09-23,74.93535818015904,75.72653786360624,74.70379536972911,75.54804229736328,19534000
2021-09-24,75.08974131621991,75.7265483345165,75.05597526229512,75.60111999511719,11652400
2021-09-27,74.96432755093699,75.13800155685071,74.39023827135406,74.86784362792969,15015000
2021-09-28,73.90779314580207,74.07664549053901,72.59076988510287,72.6486587524414,38190600
2021-09-29,72.94777883004073,73.32889286320841,72.43157848503753,72.5570068359375,25012000
2021-09-30,72.98154045061872,73.29511498943226,71.99739281886143,72.0359878540039,33415600
2021-10-01,72.29649151005103,73.2806390923998,71.56320060165888,73.12144470214844,45483800
2021-10-04,72.70173015711991,72.78857082434146,70.85886328275234,71.4281234741211,50773000
2021-10-05,71.57284589454451,72.86092466711433,71.50530643175526,72.44603729248047,32967000
2021-10-06,71.61144296836918,72.97188286087379,71.37505116123648,72.91881561279297,40004800
2021-10-07,73.55079053264858,74.15382401105028,73.44947766932773,73.58455657958984,19895600
2021-10-08,73.86920279668108,73.92227004885542,73.18898647858282,73.3095932006836,18426400
2021-10-11,72.98154035094126,73.8836762922575,72.85128302766958,72.90435028076172,14970600
2021-10-12,73.18897539698735,73.2806303084563,72.40743895045725,72.52804565429688,17853400
2021-10-13,72.84165095795,73.13110272362674,72.36886722655062,72.9719009399414,19521600
2021-10-14,73.71482278104497,74.6507320304356,73.60868828711928,74.61695861816406,15197200
2021-10-15,74.87748208696686,75.22965166140118,74.65074085597827,75.21517944335938,12779200
2021-10-18,74.79544342103728,75.89055425358885,74.58800344267311,75.85195922851562,11630200
2021-10-19,76.0545945046232,76.60456085205078,75.9002217312444,76.60456085205078,13201400
2021-10-20,76.67694889011909,76.78790503944946,76.05944291634296,76.39231872558594,12025400
2021-10-21,76.16071839465354,76.72515688089761,76.00151666346947,76.68656921386719,10023200
2021-10-22,76.65763386685315,76.97603739752743,76.10284585897415,76.42124938964844,12490000
2021-10-25,76.71071418375577,76.94710606246224,76.37301675792635,76.672119140625,10336800
2021-10-26,77.18828529434967,77.51151035566994,76.8505880184366,76.8891830444336,13189600
2021-10-27,77.01944469003817,77.41021662722402,76.74446520970329,76.8216552734375,17448000
2021-10-28,77.28962765206495,77.6514478774556,77.14489808965843,77.59355163574219,12756800
2021-10-29,76.83130339480341,77.97466012295946,76.73964846969817,77.9264144897461,20131800
2021-11-01,77.92640062190762,77.9649956493599,77.41502939035031,77.81061553955078,24421200
2021-11-02,77.91676361121296,78.68864957235604,77.91676361121296,78.49568176269531,26814600
2021-11-03,78.63074679010968,79.11799520811007,78.17243544106368,78.95397186279297,25978600
2021-11-04,79.2530935909304,80.38197081364349,79.1131930235004,80.18900299072266,28691400
2021-11-05,80.77757109420472,81.05737961343347,80.10216893567804,80.60389709472656,24223600
2021-11-08,80.86439669580783,81.17797860559843,80.67625049443366,81.03807067871094,12781000
2021-11-09,81.15866735578996,81.24550801711206,80.29512652854277,80.70518493652344,16823000
2021-11-10,80.08287888362754,80.48329416139588,79.13249714171089,79.37371063232422,25788800
2021-11-11,79.94295974697104,79.97672579997057,79.61490564801223,79.74516296386719,10103800
2021-11-12,80.01051215859843,80.84993033574587,79.8754332022471,80.71485137939453,12244200
2021-11-15,81.03807990339727,81.15386502559618,80.17453887090757,80.63284301757812,12490200
2021-11-16,80.53636552589585,81.5928818463961,80.48811988081518,81.48191833496094,13538800
2021-11-17,81.32270339893529,81.74723405136007,80.98017707222036,81.2358627319336,15417800
2021-11-18,81.70382222482897,82.16212631961866,81.11526080246729,82.04634857177734,19964000
2021-11-19,82.3406152229308,82.95812839326584,82.06563573292797,82.64454650878906,17714600
2021-11-22,82.9677840461091,84.06289527381061,81.67488336525528,81.7231216430664,28451600
2021-11-23,81.4095295569191,81.79547250262401,80.50256473869997,81.53495788574219,29239800
2021-11-24,81.04771804297073,82.14765077036817,80.65212445721804,82.12835693359375,18241000
2021-11-26,80.9560541771578,81.58321059822758,79.75963756671318,80.07804107666016,24767800
2021-11-29,81.26961991366517,82.30201294513171,81.0139269437764,82.08009338378906,24979800
2021-11-30,81.77135769216785,82.51912084242886,80.70036940960051,81.39506530761719,54066800
2021-12-01,82.25381025002554,82.87613789214504,80.20831695211479,80.28068542480469,39084200
2021-12-02,79.53770682218837,81.39023139073355,79.36403287392629,81.01876068115234,46872400
2021-12-03,81.2503358292233,81.50119987286081,78.65970578875091,79.66315460205078,48470000
2021-12-06,79.89471161042124,80.66176854182166,79.0649368323813,80.4205551147461,37800400
2021-12-07,82.02221203382778,83.32958462618505,82.01256143603847,83.22827911376953,28691000
2021-12-08,83.25724353622239,83.66730202510941,82.68315429052956,83.60941314697266,23261600
2021-12-09,83.40196366534956,83.94710104910257,82.63972829062168,82.70726776123047,17201000
2021-12-10,83.57563388470653,84.47294816031827,83.32959146899452,84.36681365966797,24776600
2021-12-13,84.54048986846699,84.70451324245553,82.99189633066328,83.11250305175781,20974000
2021-12-14,82.10905834049318,82.6349019039687,80.76309050495716,81.74723815917969,27094800
2021-12-15,81.81477027081945,83.9953417618272,81.03806272369886,83.913330078125,28270800
2021-12-16,84.2269005464409,84.36197947325022,81.05253104392341,81.53495788574219,31275600
2021-12-17,80.63765308133985,81.7810098356065,80.21794403554908,80.98983001708984,44821600
2021-12-20,79.75102794301911,80.27786629696398,79.4416909175199,80.02653503417969,32649600
2021-12-21,80.88204635572677,82.1193945434645,80.13286850567678,82.05172729492188,16810800
2021-12-22,81.94054503902774,83.18273109705356,81.72304373854777,83.12472534179688,13376200
2021-12-23,83.23590170442846,83.92224293549981,83.22623284901175,83.58873748779297,9792600
2021-12-27,83.92224737760591,85.40126520209137,83.90290966574892,85.38192749023438,13266600
2021-12-28,85.54144565568762,85.57044485346037,84.72460050092737,84.93727111816406,11422200
2021-12-29,84.96625945872276,85.35293258836323,84.56992484784426,85.009765625,9687800
2021-12-30,85.04360233092854,85.32877092886284,84.3475921171941,84.4490966796875,10526400
2021-12-31,84.36692854685026,84.56993029356872,83.99958573120803,84.03825378417969,10243000
2022-01-03,84.14942073061056,84.91309074874509,83.78207794321901,84.83576202392578,20302800
2022-01-04,84.98073667365668,85.06773422539462,83.30354836908526,83.93672180175781,16648000
2022-01-05,83.4485743823066,83.51141088689371,81.32671395047245,81.35572052001953,23628400
2022-01-06,80.70803858235257,81.7810530077795,80.46153805901045,80.94487762451172,23767200
2022-01-07,80.89168733799275,81.27836035721018,79.67366990876894,80.20050811767578,30488600
2022-01-10,79.00670064599969,80.31654693775572,77.9578471390809,80.21504974365234,32501400
2022-01-11,80.00720651959135,81.29289167579684,79.41270085344534,81.17688751220703,19207600
2022-01-12,81.7810402262014,82.34171580459711,81.15269741421831,81.55870819091797,18144000
2022-01-13,81.97922766526698,82.21606671801607,79.24352383216416,79.44652557373047,20942600
2022-01-14,78.90518279203262,80.16669933259682,78.90518279203262,80.11836242675781,22351400
2022-01-18,78.95353366958456,79.42237371351936,77.97718552523628,78.19468688964844,24694200
2022-01-19,78.4411706543207,79.407849733739,77.0249893430574,77.10232543945312,24961400
2022-01-20,77.78867872876495,78.66352225088158,76.00515437143551,76.10665893554688,37609000
2022-01-21,75.92298734233941,76.79783086238584,74.57446569113044,74.59380340576172,48016600
2022-01-24,73.35160940796641,75.03363639692412,70.6835803309827,74.98046875,67413400
2022-01-25,73.51112330843382,74.63730554287226,72.40427878949254,73.24528503417969,48886200
2022-01-26,75.23664543590795,76.11631969070325,72.80060967227436,73.67545318603516,53596200
2022-01-27,74.86928801722684,75.26562996010772,72.90210002380368,73.16793823242188,39446800
2022-01-28,74.07662065121083,76.38698323099959,72.9746070096035,76.3676528930664,44236000
2022-01-31,76.38697840688117,78.38800382713043,76.01481226755212,78.28650665283203,29121000
2022-02-01,78.3928355271217,78.620005684576,77.35365116585353,78.489501953125,23389800
2022-02-02,78.65869293446717,79.25802934712041,78.12701639887734,79.12753295898438,25504800
2022-02-03,78.00617671135417,78.53785321435261,76.54648907372139,76.8316650390625,27865400
2022-02-04,76.420835337465,77.81768668544505,76.09699864435437,77.1410140991211,29721400
2022-02-07,77.1989759662311,77.65814695931168,76.33379423831573,76.62863159179688,14622600
2022-02-08,76.38697788193953,77.78382886165457,76.20814461166813,77.57599639892578,21139800
2022-02-09,78.57651306599249,79.32085271732822,78.25266908194342,79.29668426513672,17795600
2022-02-10,77.72099892248063,79.040513791707,76.81714897435891,77.22315979003906,31692200
2022-02-11,77.30049980982457,77.63884343487676,74.57930283745053,74.86447143554688,34878800
2022-02-14,74.66629896354895,75.44447601060189,73.97028876305727,74.84030151367188,41030400
2022-02-15,75.96649667708681,76.86067803582324,75.70065837785342,76.80751037597656,24437400
2022-02-16,76.2855071855797,76.99601714809491,75.45416229576841,76.73017883300781,20318200
2022-02-17,76.01481815304474,76.09214688105776,74.29413042054512,74.43429565429688,24906400
2022-02-18,74.69047595585403,74.79681126948238,73.1147913428178,73.6802978515625,25310800
2022-02-22,72.90692835312944,74.16844474215316,72.20125681377776,72.99876403808594,26893600
2022-02-23,73.75761471798008,73.95577831877591,71.09440920598558,71.17174530029297,37879400
2022-02-24,68.72604930743965,73.65611106399315,68.49887913714649,73.60294342041016,50967800
2022-02-25,73.71412692225127,74.62763856023955,72.8102841422545,74.60347747802734,28301600
2022-02-28,73.81078233858632,74.7822921318103,73.1921009594903,74.46812438964844,34822200
2022-03-01,74.1877876148841,74.56962260108075,72.40909429740195,72.97943878173828,29925000
2022-03-02,73.51595154557648,74.86929644140774,72.94560701789628,74.5599594116211,25592400
2022-03-03,75.1883098866383,75.19314800293758,73.29361946681685,73.67062377929688,23450600
2022-03-04,73.09545230245892,73.39995863825823,71.8049363379051,72.38011169433594,26731200
2022-03-07,72.31726172550195,72.6507671978643,69.69273148678306,69.73139953613281,32864200
2022-03-08,69.54289284878386,71.54874891684128,68.36837397416222,69.39305877685547,36898400
2022-03-09,71.27809900342731,72.46711041612966,70.70775437951119,72.13844299316406,35327400
2022-03-10,70.86243063646,71.0751012752583,69.80391555937274,70.8769302368164,27448400
2022-03-11,71.50525014953556,71.68408341283144,69.52355515691433,69.62989044189453,21457800
2022-03-14,69.31088819278466,70.09873401562244,68.14120737232665,68.3393783569336,27852400
2022-03-15,68.8807435523475,70.77543444427538,68.65357328499485,70.63526916503906,22993800
2022-03-16,71.5294322636474,72.9601133936428,70.39358121856893,72.93111419677734,27176000
2022-03-17,72.5395920968988,73.49660222934115,72.14808828704399,73.44827270507812,18518800
2022-03-18,73.18728304474993,75.08681155190654,72.82960907738904,74.95147705078125,27897800
2022-03-21,74.54760754741424,75.2061641812206,73.82610569977855,74.80909729003906,22341400
2022-03-22,74.862370680151,76.27632913214859,74.76067857253025,75.88410186767578,17485800
2022-03-23,75.17713695974321,75.86958626884875,74.64447796134998,74.71711730957031,12360600
2022-03-24,75.13354452279053,76.67824795668028,74.88174145992087,76.65887451171875,14263400
2022-03-25,76.77993274845032,76.8864645294181,75.65651677025062,76.61529541015625,14874600
2022-03-28,76.26181002057666,77.55955010038025,76.06811250872231,77.5256576538086,18593000
2022-03-29,78.43116744050317,79.24467479285218,77.86945576075499,79.17204284667969,18829800
2022-03-30,78.76530231336774,78.98804524466668,77.7048313894724,78.1164321899414,18680200
2022-03-31,78.10673532963516,78.25200661617203,76.84288769773212,76.95909881591797,19424000
2022-04-01,77.0365755420704,77.21574665864851,75.87442006175758,76.73151397705078,28209600
2022-04-04,76.93001836682213,78.22776536730288,76.90096559772512,78.18902587890625,23048200
2022-04-05,77.85009033758206,78.02925406546687,76.27633412141407,76.54266357421875,23588200
2022-04-06,75.26913465839779,75.44345873194423,74.06823958996935,74.73163604736328,34225400
2022-04-07,74.33455415056171,75.35144570814262,73.82611576057539,74.84784698486328,23200200
2022-04-08,74.51371768173401,74.68804171990529,73.6420974908776,73.80189514160156,26354600
2022-04-11,72.87703244246192,72.96903785167463,71.84561427005443,71.94246673583984,21595400
2022-04-12,72.83342230092772,73.38544713270413,71.35167182557014,71.62284088134766,22172200
2022-04-13,71.66640989988736,72.99804927302715,71.40008054749909,72.77529907226562,14446800
2022-04-14,72.8528221812494,72.98356710413923,70.97400397003125,71.00789642333984,17407000
2022-04-18,70.65922535414701,71.7003299547656,70.6398592997818,71.24030303955078,14060600
2022-04-19,71.06115428082931,72.7027029666196,70.79967185345966,72.5768051147461,13562200
2022-04-20,73.27894627855656,73.47263643184786,72.29595434243207,72.50901794433594,15652600
2022-04-21,73.21597571864191,73.90358519983526,71.06114188870434,71.27904510498047,18509200
2022-04-22,71.20156125042278,71.61800159950651,69.18715916510935,69.28400421142578,22094800
2022-04-25,68.97893762083072,70.37352997895756,68.54797086971564,70.32510375976562,28707600
2022-04-26,69.68591576458047,69.79244752848773,67.67150636008382,67.70540618896484,25953200
2022-04-27,68.46082290851827,70.02973216018177,68.3107119506176,68.70777893066406,40048600
2022-04-28,69.78762019910839,71.86498279366369,69.41476630884893,71.4582290649414,27762400
2022-04-29,70.67861489762417,71.50180908853352,68.34944918143667,68.48019409179688,29589800
2022-05-02,68.40269486146885,69.61327636935215,67.62792712970543,69.52127838134766,37004400
2022-05-03,69.5116043475844,70.06846898732765,68.9983188767662,69.64234924316406,27469800
2022-05-04,69.91351519155832,72.2184600385648,68.75619940692717,72.08771514892578,28650400
2022-05-05,71.0272426065626,71.11440832703065,67.80225872532444,68.62061309814453,36442200
2022-05-06,67.99594892488007,69.15811173693818,67.04685705327678,68.06858825683594,34862200
2022-05-09,66.83864392643648,67.26961076571446,65.13414262768083,65.43437194824219,41124600
2022-05-10,66.99359646646025,67.3712973783449,65.4440459277693,66.431884765625,36370400
2022-05-11,65.83144443605666,67.08076588510872,64.13662971962883,64.33516693115234,34781800
2022-05-12,63.38119519901474,64.59661618249748,62.18997993085397,63.67173767089844,36506600
2022-05-13,64.53852827789326,66.11228442153254,64.12208789510117,65.78784942626953,24495400
2022-05-16,65.24065666129025,66.08322405213202,64.64989229336726,65.2067642211914,17423400
2022-05-17,66.61104322113262,67.19696798811246,65.85564145721439,67.09527587890625,18602200
2022-05-18,66.20913239762534,66.40282990328852,63.78312932602819,64.0252456665039,23670200
2022-05-19,63.54583625232786,64.41261666526056,63.022864205213686,63.32309341430664,20874800
2022-05-20,64.20440301660344,64.37872705998248,61.516914120913,63.46352767944336,20252600
2022-05-23,63.662073569243795,65.0034002151947,63.46353638921404,64.92108154296875,17219600
2022-05-24,64.01555642170655,64.33999141850425,62.83887459998373,63.95745086669922,17122000
2022-05-25,63.53616809727528,65.18255612168737,63.48774187763809,64.70316314697266,13656600
2022-05-26,64.32544739076617,66.54323326064645,64.18986287372563,66.25753784179688,15556600
2022-05-27,66.99843324625084,68.51408388427102,66.87253541064952,68.49955749511719,16281800
2022-05-31,68.23323308623937,68.6787262937414,67.34708633837595,68.01048278808594,19420800
2022-06-01,68.74167125913651,69.20653047226385,67.30349967631659,67.80709838867188,13304800
2022-06-02,67.32770515050585,69.45348621199436,67.01295688004191,69.44864654541016,13868400
2022-06-03,68.131528379554,68.60123461359782,67.47297171864331,67.78772735595703,11263800
2022-06-06,68.63997144699097,69.06609850187253,67.4584427139489,67.79256439208984,12589600
2022-06-07,67.07107996012135,68.73200224419568,66.9354953722956,68.60125732421875,11016600
2022-06-08,68.39785269620948,68.72712730769682,67.63760399041207,67.82646179199219,8814200
2022-06-09,67.33254758850437,67.9911042501882,66.00090787757632,66.01543426513672,9765200
2022-06-10,64.87750555354515,65.08088243372987,63.45870706006399,63.47807312011719,20886400
2022-06-13,61.47818008003555,62.06410117446147,60.44192244931174,60.664669036865234,36332600
2022-06-14,61.119850149755955,61.453971884931455,60.48066315272599,61.04721450805664,18250400
2022-06-15,61.80745808770837,63.25531643998397,60.96973763226267,62.335269927978516,25069600
2022-06-16,60.75183638486996,60.805102279426634,59.30398159181729,59.79789733886719,32690800
2022-06-17,59.78821297692595,60.91647607188384,59.36692919148095,60.3450813293457,27684200
2022-06-21,61.22526799972097,62.317622708567626,61.22526799972097,61.880680084228516,17245000
2022-06-22,61.20585978506284,62.472988085365465,61.03593864931368,61.618526458740234,15163400
2022-06-23,62.147704445227205,62.66233116274762,61.57968082578093,62.540958404541016,16042200
2022-06-24,63.259486342812465,64.80334435150277,63.259486342812465,64.78878021240234,25492200
2022-06-27,64.99755652544808,65.1917500192363,64.06055476830292,64.35185241699219,13917200
2022-06-28,64.41008323344971,65.05093484116153,62.39529876084816,62.4244270324707,15260800
2022-06-29,62.346761451484646,62.924497002013425,61.84185030124147,62.55066680908203,13607200
2022-06-30,61.7204703767324,62.49240300382189,60.73978017250818,61.71561813354492,15720400
2022-07-01,61.327231420634014,62.011775602861924,60.79804793565178,61.85641860961914,13930600
2022-07-05,61.01650425192411,62.64775047655161,60.666950166646046,62.63318634033203,14341000
2022-07-06,62.769130190859286,63.67700342810324,62.45841623698037,63.172088623046875,16167000
2022-07-07,63.4488193224791,64.62370664143054,63.4488193224791,64.47805786132812,13082200
2022-07-08,63.788669827298136,64.71595952618844,63.58961671555622,64.50719451904297,12627000
2022-07-11,63.9440294188452,64.22075546502576,63.181804914933785,63.618743896484375,11416600
2022-07-12,63.85177281627754,64.21103138377038,62.380735807424784,62.74970626831055,16553400
2022-07-13,61.56996623835375,62.98760272196998,61.29809247349689,62.58464431762695,15162600
2022-07-14,62.08459691432584,63.380860890781406,61.28353960923904,63.15753173828125,13728800
2022-07-15,63.76438756854438,64.29843064352579,63.497366031053666,64.26930236816406,13529200
2022-07-18,64.90042929326819,65.13347029255772,63.40512362518406,63.64786911010742,9897600
2022-07-19,64.35668484984451,65.6578045633085,63.9682905738252,65.58983612060547,12330600
2022-07-20,65.59953790186375,66.89094566797789,65.42476085526181,66.61421966552734,12537200
2022-07-21,66.69675464904392,67.56578026256369,66.00249868042913,67.55121612548828,12957600
2022-07-22,67.52210093288451,67.79882699893417,66.23554511393364,66.61908721923828,10583600
2022-07-25,66.58993990121195,66.6627605798775,65.69663833889628,66.19669342041016,13951200
2022-07-26,66.1432981262488,66.16271450720207,64.88101853214287,65.12376403808594,10167800
2022-07-27,66.19670945711415,68.2794628595563,66.09960531803057,67.92505645751953,17076200
2022-07-28,68.0027415750772,69.11451292870535,67.39587770326995,68.95915222167969,12408000
2022-07-29,69.1727524915985,70.23597891901277,68.88146234951525,70.01750946044922,10177400
2022-08-01,69.3863656871353,70.566112547833,69.21644829943256,69.86700439453125,12515800
2022-08-02,69.26500229702843,70.17286812551218,68.77465903822264,69.37181091308594,15921800
2022-08-03,69.7116497662238,71.4157278893368,69.69708562910357,71.2166748046875,14243200
2022-08-04,71.19239233584683,71.57592692533908,70.73602965933435,71.54194641113281,11679800
2022-08-05,70.39620567626521,71.57594542934187,70.33794911799157,71.37689971923828,7921000
2022-08-08,71.31376703756216,71.86722643734538,70.38647752318725,70.77001953125,11102200
2022-08-09,70.19713988636651,70.33793642078614,69.68252062649789,70.06120300292969,8565600
2022-08-10,71.72643943960601,72.03229371695127,71.15355623593557,71.97403717041016,19273200
2022-08-11,72.42554789072524,72.8479301218845,71.5613744548438,71.69245910644531,11025800
2022-08-12,72.16340151903086,73.12467188554781,71.94007233892754,73.11981964111328,8093600
2022-08-15,72.82849643949872,73.68781751526173,72.74596386503622,73.58100891113281,7162600
2022-08-16,73.24602112726805,73.72665986005306,72.6974213622152,73.3819580078125,10990600
2022-08-17,72.7119867212993,73.41594716624066,72.33330434655831,72.85763549804688,12632800
2022-08-18,72.93047398934493,73.52762597100748,72.64888826101466,73.23633575439453,9976800
2022-08-19,72.63431104638482,72.72169587323751,71.7458616000242,71.90607452392578,10146200
2022-08-22,70.92537193047886,70.94964795986132,69.72620867742545,69.90098571777344,10744200
2022-08-23,69.7650516106946,70.45444790608383,69.62426248749722,69.71650695800781,14777200
2022-08-24,69.66795602847996,70.05635029630234,69.37665847561203,69.76020050048828,8983200
2022-08-25,69.93981610397654,70.94478579746038,69.84757165002355,70.93992614746094,7126600
2022-08-26,70.9108151762683,71.08073999163061,67.86193225014566,67.91048431396484,14321800
2022-08-29,67.17738663260832,67.66773727886394,66.7550118373625,67.01232147216797,13231600
2022-08-30,67.39100007516973,67.50752057435807,65.71120547456229,66.3132095336914,13268800
2022-08-31,66.7113288475851,66.92494610091529,65.63353809342325,65.66751861572266,14171400
2022-09-01,65.0266658363363,65.42962425598508,63.97800349662421,65.34709167480469,15988600
2022-09-02,66.02193155288825,66.3957543332666,64.15764026266525,64.49748992919922,16606600
2022-09-06,64.58487845917095,64.86161193352496,63.64788422075695,64.07025909423828,14990000
2022-09-07,64.19647368496248,65.35679689362979,63.978004213741535,65.09463500976562,11657000
2022-09-08,64.61399455799591,65.65780463900144,64.32270440664911,65.31795501708984,11210600
2022-09-09,65.86172199289243,66.78901173786824,65.73548957038945,66.609375,11418600
2022-09-12,67.02202847772746,67.70657250892292,67.01231658429091,67.67743682861328,10181000
2022-09-13,65.74519441313565,66.1141649291632,63.91003891183187,64.0848159790039,20148800
2022-09-14,64.38580901453663,64.78876740198628,63.70127238815029,64.31784057617188,13229200
2022-09-15,63.80323080732921,64.19162511617903,62.4584185687389,62.837100982666016,14885200
2022-09-16,62.288507151158036,62.61863753027462,61.59910700134748,62.4875602722168,20762200
2022-09-19,61.86312444829346,63.055512658342,61.824188383413734,62.99711227416992,15683000
2022-09-20,62.40821509947589,63.02144884431394,62.08213390757881,62.62722396850586,12109400
2022-09-21,62.9533191461962,63.87802665680493,61.63925465565316,61.64898681640625,16808800
2022-09-22,61.30343724235421,61.692790507149304,60.67560705227477,61.021156311035156,16033800
2022-09-23,60.466329171543826,60.55880140563115,59.4296814149906,60.222984313964844,19396200
2022-09-26,60.03803695726191,61.045484408335845,59.63408364694331,59.80442428588867,17193600
2022-09-27,60.597739646296304,61.16716574228832,59.32747914714612,59.88230514526367,18714800
2022-09-28,59.483212036698575,60.80700853265014,59.02572255888215,60.514991760253906,18933400
2022-09-29,59.64868831048858,59.784960832080394,58.242155377683744,58.9381217956543,31096600
2022-09-30,58.699641090534534,59.570816040882434,57.701925786963294,57.808998107910156,19513000
2022-10-03,58.26648886900254,59.9553026464832,58.0426120626052,59.60001754760742,17332200
2022-10-04,60.80701222084103,61.66845135484667,60.7632082170657,61.60031509399414,17779000
2022-10-05,60.76808164517952,62.252486847496165,60.41279649878719,61.80472946166992,14600400
2022-10-06,61.64411785802403,62.320616229417205,61.22556442797748,61.29856491088867,14348200
2022-10-07,60.04777197099831,60.05263990752741,58.461166272093024,58.77751159667969,15749000
2022-10-10,58.77751504644006,58.86025511970043,57.21037728852536,57.78953552246094,16706200
2022-10-11,57.458588817181244,57.857674250600255,56.48034512514864,56.90376281738281,21044800
2022-10-12,56.947554890208444,57.3369043679899,56.6312058867223,56.72854232788086,14111600
2022-10-13,55.195476677203466,58.79697722685308,54.98133203644577,58.49036407470703,38114600
2022-10-14,58.96732328485734,59.09385992792016,56.75288376033959,56.84535598754883,22484000
2022-10-17,58.237298693420584,58.869993156025075,58.08155440498454,58.577980041503906,14599600
2022-10-18,60.09643780133957,60.31057871593398,58.32975204876544,59.07438659667969,13998000
2022-10-19,58.558503499185804,59.48808259172881,58.31029071698175,58.904052734375,10984000
2022-10-20,58.92352169879056,60.218118080208285,58.64610871893644,58.9381217956543,12429600
2022-10-21,58.79211359674217,60.641532114082445,58.59256904981458,60.514991760253906,17126000
2022-10-24,60.772934615963734,61.57596952412569,60.03316430896915,61.35209274291992,13385200
2022-10-25,61.50298057072943,62.56882852076279,61.50298057072943,62.525028228759766,10265000
2022-10-26,60.94814642816412,62.422811758595614,60.85080627039568,61.133087158203125,15169400
2022-10-27,61.36183344493024,61.73658285069491,60.295981897484744,60.4371223449707,11694800
2022-10-28,60.77294242147547,63.19665869129804,60.77294242147547,63.065250396728516,14935400
2022-10-31,62.437418222370106,62.60776258755256,61.863127942123825,62.23301315307617,13292200
2022-11-01,63.006849915540144,63.11878646377699,61.44457275842918,61.71225357055664,9413200
2022-11-02,61.668450369755405,62.461753230236305,59.561083114221525,59.58055114746094,18092400
2022-11-03,58.748303781185264,58.85537609204705,57.78466040972345,57.828460693359375,16010600
2022-11-04,59.03059090674715,59.19119939005513,57.536453758580905,58.88458251953125,17896200
2022-11-07,58.98678406375882,59.965031299426265,58.56823066792687,59.86769485473633,10427600
2022-11-08,60.36411396120087,61.17202052591743,59.55134317367073,60.441986083984375,12722000
2022-11-09,59.88230298626832,59.906635244132495,58.782383190556686,58.86998748779297,11962600
2022-11-10,61.77552102957939,63.77581219176401,61.46403993244641,63.70767593383789,27932200
2022-11-11,63.649293812393616,65.01202678823414,63.33781262588412,64.79788208007812,15977800
2022-11-14,64.28684228396212,65.04607704657158,63.93642509717381,64.2430419921875,14526600
2022-11-15,65.70310635124223,65.97078715867298,64.3695739636841,65.02174377441406,12716200
2022-11-16,64.52046443457814,64.71027314212222,63.863430294304464,64.13111114501953,10095800
2022-11-17,63.10906402866462,64.51073299695962,63.08472805396289,64.21385192871094,8149600
2022-11-18,64.93900477867486,64.95847652590174,63.74661646822779,64.2868423461914,11912400
2022-11-21,63.92182247501861,64.18463906787647,63.46920462530113,63.595741271972656,8363800
2022-11-22,63.87315689091206,64.8611363567095,63.41566739910531,64.82706451416016,9019200
2022-11-23,64.68593270239846,65.59604010568859,64.64213240975039,65.4013671875,9480600
2022-11-25,64.95847174003175,65.22128089786688,64.83193509756228,65.02174377441406,3263000
2022-11-28,64.28683693408125,64.70052612542547,63.37186540142863,63.62981033325195,13030200
2022-11-29,63.54708090231587,63.7368895978481,62.748902624769656,63.00685501098633,11570200
2022-11-30,62.97763598001964,66.18005467870617,62.91437137716752,66.17032623291016,23334400
2022-12-01,66.2335943031232,66.57914723062872,65.44515942728977,66.2627944946289,15165800
2022-12-02,65.15314845247607,66.09732766868103,64.90007515272909,65.8783187866211,8934400
2022-12-05,65.37215424685343,65.7371714670118,64.35496728269501,64.78325653076172,11526200
2022-12-06,64.7151189580792,64.81245539620755,62.987369332697675,63.39618682861328,11799200
2022-12-07,63.167457945849556,63.56168287245716,62.62236781468258,63.07499313354492,10413800
2022-12-08,63.42540316023832,64.29171020333695,63.04577837466595,64.10676574707031,8965800
2022-12-09,63.819623446236214,64.60805839257853,63.47407048782827,63.71255111694336,10402800
2022-12-12,63.814752371381935,65.10448455810547,63.795288050560366,65.10448455810547,14806200
2022-12-13,67.47466482919307,67.81048193587353,65.20668887284639,65.87345886230469,18607600
2022-12-14,65.81020337647641,66.5791742454176,64.55454264817732,65.31864929199219,19541000
2022-12-15,64.24791526870263,64.4863959346826,62.63697328299463,62.87545394897461,19223800
2022-12-16,62.66128799503311,63.03116942934372,61.726844824437244,62.04319381713867,23999200
2022-12-19,62.05052528353386,62.148144959216935,60.81078333093273,61.21589660644531,14276600
2022-12-20,60.89375095474725,61.620999730684375,60.600899423561295,61.308624267578125,12622000
2022-12-21,61.59172177689503,62.616700375357944,61.4404122205232,62.3238525390625,14670600
2022-12-22,61.54291138102754,61.611247012845574,59.72234826596172,60.75221252441406,15323600
2022-12-23,60.31781509480986,60.874234186687,59.873653969923716,60.8156623840332,8231600
2022-12-27,60.60578094120521,60.71316071075784,59.88341403953939,60.239715576171875,9530200
2022-12-28,60.09329349373008,60.65459075815328,59.200093082144754,59.26842498779297,10362600
2022-12-29,59.8492489748836,61.025537095578926,59.844367060610814,60.82054138183594,10954200
2022-12-30,60.190905156799715,60.77173003730813,59.815079702465006,60.73756408691406,8905800
2023-01-03,61.38672490195606,61.791838167687246,59.73210960812938,60.16162872314453,15196200
2023-01-04,60.47400162006176,60.70340318771465,59.65401501856294,60.317813873291016,11813000
2023-01-05,60.01519497500249,60.17138271263921,59.04390259794319,59.146400451660156,11341000
2023-01-06,59.668665682057025,61.15245135323697,58.96581885786385,60.87912368774414,13825400
2023-01-09,61.42576811263984,62.709435998091195,61.406244179455356,61.58683776855469,21427200
2023-01-10,61.435531345827734,62.06516422064054,61.10851012291836,61.96754455566406,17209000
2023-01-11,62.162781489758395,63.04133987426758,61.97242779374966,63.04133987426758,13758000
2023-01-12,63.13895936982514,63.7978800571838,62.367780713791426,63.50990295410156,15358600
2023-01-13,62.909548354641,63.78322101909675,62.76312072968584,63.69049072265625,10153200
2023-01-17,63.602621665029524,64.35427988526344,63.52452595037351,63.978450775146484,10425800
2023-01-18,64.33965059787184,64.68131010755997,63.114547105650374,63.153594970703125,13936000
2023-01-19,62.660627486488,63.01205081227364,62.18718237946063,62.41658020019531,14645000
2023-01-20,62.728975034267286,64.15418890098614,62.504451623821424,64.10537719726562,14127800
2023-01-23,64.36406044166968,65.94058755207513,64.21764023120978,65.56475830078125,23472600
2023-01-24,65.19380951186368,65.78439084081329,65.09618611581496,65.53546905517578,12575600
2023-01-25,64.42748499658758,65.56472861789287,63.82714006263387,65.3987808227539,14342200
2023-01-26,66.03819274189895,66.47259000655602,65.35486626480343,66.44330596923828,11161800
2023-01-27,66.02355834154322,67.190086464222,65.99427430084647,66.72151947021484,13549400
2023-01-30,65.955223791585,66.24319344373988,65.3939190594183,65.4476089477539,9705600
2023-01-31,65.44760068780381,66.38961271014554,65.40367463406012,66.3603286743164,8871600
2023-02-01,66.31152903094069,68.46399542688327,65.99427532165892,67.9222183227539,18852800
2023-02-02,69.08385666709503,70.1674108101406,68.76660297690701,69.77694702148438,18824000
2023-02-03,68.57624841527411,70.32847959447064,68.47374683108171,69.19612121582031,16145400
2023-02-06,68.42982608854848,68.9667250043716,68.09304471840669,68.35173034667969,12977400
2023-02-07,68.45422458740197,70.32359931476866,68.424940549251,70.06002807617188,15708200
2023-02-08,70.19669714014778,70.57251888150061,69.07409521118466,69.21563720703125,12577000
2023-02-09,70.28455764658685,70.40170125714091,68.56161040564328,68.8349380493164,12624000
2023-02-10,68.32244558391314,68.751964712036,67.8685280533813,68.51768493652344,9861600
2023-02-13,68.78611392818512,69.85502590765378,68.74218787501695,69.70372009277344,8411800
2023-02-14,69.37671382790182,70.39681428138304,68.94231652082583,70.00146484375,12622000
2023-02-15,69.57682501493635,70.33336159014509,69.41087717066625,70.32847595214844,10491000
2023-02-16,69.30837863696193,70.09419928420128,69.0545712214087,69.10826110839844,13001200
2023-02-17,68.61529015917525,68.693385888007,67.6488797196428,68.24434661865234,10606600
2023-02-21,67.33161859200405,67.73673180661474,66.5653256649977,66.62389373779297,12277800
2023-02-22,66.7605630222004,67.06317468665318,66.20902213268684,66.52628326416016,14338400
2023-02-23,67.76602019465467,67.88316379538628,66.67758790214269,67.62935638427734,13120000
2023-02-24,66.42865272698381,66.71173667163876,66.03818158427624,66.42376708984375,14347400
2023-02-27,67.0924811538292,67.43414076217941,66.6580837701509,66.78010559082031,9389000
2023-02-28,66.56534270329088,67.27794593009571,66.44819908009724,66.63367462158203,10485800
2023-03-01,66.66294769433975,66.77032746935663,65.94058075591474,66.14557647705078,15069400
2023-03-02,65.96497613201647,67.17055200273778,65.85271817150779,66.96067810058594,10969400
2023-03-03,67.3901914994644,68.40540614410581,67.32673779131744,68.40052795410156,14439600
2023-03-06,68.83981228686092,69.65980261840916,68.67386443382091,68.72755432128906,15999200
2023-03-07,68.67388361264794,68.93745493296177,67.7025946239492,67.87342071533203,14120000
2023-03-08,68.11256831133952,68.51768156952613,67.71233324387103,68.43470764160156,13247000
2023-03-09,68.54207607668602,69.3132546806434,67.32185818073175,67.45364379882812,15624600
2023-03-10,67.35604113500573,67.52687465316443,66.00403735442586,66.26760864257812,30556800
2023-03-13,65.85274236303714,67.55128420398157,65.44275078895085,66.62879943847656,34439400
2023-03-14,67.487811305789,68.40541006967509,67.20959805959576,68.16625213623047,21202200
2023-03-15,67.41948632847914,68.28828093590224,67.09246880299915,68.20530700683594,23060000
2023-03-16,67.96614030077,70.21622251455663,67.74161691941276,70.11860656738281,26086800
2023-03-17,70.2552758748047,70.8604992631643,69.61099716737934,70.02099609375,23078600
2023-03-20,69.8967432421528,70.29786187636391,69.37334089777643,70.20980834960938,11981600
2023-03-21,70.59135197631763,70.90441706497135,69.85760497502976,70.77723693847656,13066400
2023-03-22,70.7772361371003,72.18603275212124,70.03370376094367,70.07283782958984,14224400
2023-03-23,70.968010745247,72.17624806920126,70.54243987368902,71.21259307861328,17595800
2023-03-24,70.98757166800613,71.43271329118474,70.51797778355898,71.39847564697266,11872600
2023-03-27,71.506086194305,71.75066852354652,70.6794041912793,70.84571838378906,10810600
2023-03-28,70.72342910167913,70.74788882806641,69.87717630991483,70.5130844116211,9968000
2023-03-29,71.39847143321336,72.15178166608311,71.29574357851942,71.9903564453125,14256600
2023-03-30,72.65563263030158,72.92956366932025,72.3376785594537,72.82684326171875,11202400
2023-03-31,72.73877485957046,73.93722664223493,72.64583239089623,73.86874389648438,15069800
2023-04-03,73.4187221814202,73.85407843116737,73.06652302835951,73.75135803222656,21142200
2023-04-04,73.85898425449811,74.11334453647744,73.07142875146137,73.3453598022461,15824800
2023-04-05,72.99803762913591,73.06652038063496,71.9854706988243,72.50887298583984,15737600
2023-04-06,71.98056670242019,73.01270428974757,71.66750166221023,72.91976928710938,15696000
2023-04-10,72.19581074602613,72.8953200947031,71.79958856365614,72.88064575195312,9517200
2023-04-11,72.75346349761058,72.76324888151491,72.07352486544828,72.19581604003906,12791600
2023-04-12,72.68498099556754,72.88065135404166,71.66751752368506,71.78491973876953,13235800
2023-04-13,72.06374082451553,73.23284405573742,71.94633861981858,73.12033081054688,13641800
2023-04-14,72.70942836266948,73.31109875156294,72.07840929100949,72.71431732177734,13003600
2023-04-17,72.80726685985861,73.1399027129709,72.41104467593374,72.97847747802734,8306000
2023-04-18,73.53611940983488,73.7317822753761,72.88552955902352,73.20348358154297,9212800
2023-04-19,72.54312580909634,73.13012195067081,72.44529436284408,72.99315643310547,8623200
2023-04-20,72.32299714047055,73.23284369623968,72.19092059384238,72.5137710571289,11416200
2023-04-21,72.19582695421856,72.41106064828595,71.80939006827904,72.27898406982422,12237600
2023-04-24,71.99037011194973,72.34256930339072,71.42293725195468,71.96102142333984,9079800
2023-04-25,71.6088110982702,71.74577659986193,70.40057384461026,70.42503356933594,11022600
2023-04-26,71.66263674923358,72.21049888741737,71.30065214275541,71.47186279296875,13603400
2023-04-27,71.80937730804675,73.04207440516626,71.63327772274395,72.98826599121094,12084800
2023-04-28,72.98826393349702,73.79538265601141,72.90999579466663,73.78070831298828,11792000
2023-05-01,73.72200952025112,74.18181803288283,73.60460731426791,73.8247299194336,8194400
2023-05-02,73.91279500222916,73.99595211211968,72.75346949596344,73.13501739501953,12058800
2023-05-03,73.22305981002584,73.69755013162995,72.48441638976561,72.51866149902344,11630200
2023-05-04,72.23004576924579,72.66050553657129,71.87295024136546,72.17134094238281,10861000
2023-05-05,72.87085639380477,74.23073348423297,72.76812853609819,73.98126220703125,12230000
2023-05-08,73.83941079953713,74.005725008026,73.48721161446596,73.942138671875,6795600
2023-05-09,73.53612004851922,73.67308554839964,73.29642669169853,73.37469482421875,12473200
2023-05-10,74.01549924488154,74.44107008605683,73.55079433747427,74.26986694335938,10551800
2023-05-11,74.14758530056827,74.14758530056827,73.42362364252257,73.93724060058594,8956800
2023-05-12,74.0644126120646,74.17202941935085,73.26707193918728,73.83939361572266,7908000
2023-05-15,73.91278242724266,74.46553341236351,73.64862933341473,74.45085906982422,6796600
2023-05-16,74.34813287900316,74.93512892701845,74.32367315532342,74.52912139892578,9398200
2023-05-17,74.84218672215533,75.64930535804487,74.49487655840872,75.52212524414062,11916600
2023-05-18,75.61506685326647,77.18039212371146,75.61506685326647,77.06788635253906,15491200
2023-05-19,77.08745403899373,77.21953058209509,76.76950000774018,77.03364562988281,9805000
2023-05-22,76.80373057522287,77.38094868014687,76.67655046725086,77.18038940429688,10794200
2023-05-23,76.79395951003738,77.11191354036937,76.01129310052164,76.04064178466797,11691000
2023-05-24,75.43899392838834,75.78629674673158,75.07212033872133,75.48301696777344,10925600
2023-05-25,77.48856948500399,78.68702131489509,77.0825619534623,78.37884521484375,18078000
2023-05-26,78.5794118000517,80.74641515594519,78.56962641677579,80.60455322265625,15160000
2023-05-30,81.78833690928332,82.19923346873259,80.86381591849192,81.03502655029297,18123600
2023-05-31,80.57032242815283,81.32852175514418,80.31595468977385,80.35997772216797,19301000
2023-06-01,80.10560800334059,81.51929367751424,79.84635131134777,81.1768798828125,17419400
2023-06-02,81.65626064774052,82.01824521661261,81.06437553438465,81.64158630371094,14270600
2023-06-05,81.59266370181089,82.13563675248355,81.03011988560297,81.17198181152344,10909000
2023-06-06,80.97631284206395,81.32851198703761,80.57031275111116,81.15241241455078,9975600
2023-06-07,80.99587497117976,81.62689401793568,79.77296347710602,79.93927764892578,13703800
2023-06-08,80.05667826477706,80.93227959312544,79.99797343865579,80.80509948730469,10665200
2023-06-09,81.19645224357727,82.03781613510066,80.93229912243842,81.20623016357422,14413600
2023-06-12,81.76385459414996,83.00633677732914,81.59754043232564,82.97209167480469,13787200
2023-06-13,83.71074127426137,83.87216648966044,82.80089481004997,83.47593688964844,16595800
2023-06-14,83.37810241085732,84.36621696712076,83.08949709573014,84.33686828613281,16769000
2023-06-15,83.99446873421036,85.8043765196295,83.97489796754478,85.4228286743164,17732600
2023-06-16,86.2348433151622,86.23973973925413,84.63528008993359,84.71843719482422,17366600
2023-06-20,84.23411212045148,84.75371148672721,83.69490847682492,84.14588165283203,14137800
2023-06-21,83.82236078519969,83.98412413340111,82.65570799012575,82.90080261230469,12058000
2023-06-22,82.52826576954152,83.61158734695478,82.51356068982189,83.5772705078125,15224200
2023-06-23,82.54786284947839,83.16059938333643,82.32237999364727,82.67041015625,14729000
2023-06-26,82.74394341776613,83.46942138295597,82.0184654525763,82.07728576660156,10890200
2023-06-27,82.4057081303852,83.8860816341945,82.32727606190797,83.69490814208984,13833000
2023-06-28,83.2292343924457,84.19490787047567,83.16551487236656,83.74393463134766,11371600
2023-06-29,83.83216326810518,84.04294104438657,83.3860892786847,83.89098358154297,9128200
2023-06-30,84.72431664928764,85.43999631693788,84.66059712660636,85.22431182861328,11398400
2023-07-03,85.20960843165295,85.24882447391367,84.61157687664391,85.0429458618164,6182200
2023-07-05,84.44980641891522,85.15078096098428,84.37628102065729,84.5184326171875,9395600
2023-07-06,83.68510850532249,84.37137045644926,83.43020800360642,84.2929458618164,12116400
2023-07-07,84.15567500249851,84.93998068396346,83.87627105877344,83.92529296875,11622200
2023-07-10,83.62137560744827,84.1507808522463,83.30275561256411,84.14588165283203,16877200
2023-07-11,84.32234079135907,84.42037712671574,83.50372579760689,84.32723999023438,9996000
2023-07-12,85.17038539362511,85.68508562143919,84.70470708453414,85.28312683105469,16104400
2023-07-13,85.86644587328736,86.58212543474973,85.69488413189902,86.3958511352539,9349200
2023-07-14,86.61154071175937,87.28800427754476,86.01840842180786,86.2684097290039,11543800
2023-07-17,86.4301602984568,87.6262156215036,86.33211647814564,87.37132263183594,11858800
2023-07-18,87.17035494702141,88.78798096280063,86.71447505653443,88.36151123046875,16406000
2023-07-19,88.58210500026047,88.94974694747918,87.80269838758889,88.14093017578125,20990000
2023-07-20,87.5772199807423,87.94976114689612,86.11155131707379,86.38115692138672,24356000
2023-07-21,86.93016094449341,87.36642908355002,86.23409309789152,86.3370361328125,14871400
2023-07-24,86.71937267536589,86.9301504399177,86.15565061074643,86.48898315429688,11308200
2023-07-25,86.76839139805662,87.76838159846491,86.75368631978832,87.47917175292969,10802200
2023-07-26,86.56250351849611,86.77328875050893,85.69487407514697,86.30270385742188,15501600
2023-07-27,87.46937341862808,87.73407232998241,85.66057383867405,86.05272674560547,13857000
2023-07-28,86.85171747918979,87.48406572572299,86.67034987158722,87.2242660522461,11287400
2023-07-31,87.30270751054955,87.53309705403333,86.92525969765359,87.42525482177734,10138400
2023-08-01,87.14094233170405,87.75857807462823,86.9105527930598,87.57230377197266,8845800
2023-08-02,86.80271250784422,86.85663362404763,85.09685602748176,85.40567016601562,15818600
2023-08-03,84.70960241989488,85.5576277213145,84.65568130363731,85.0576400756836,11321000
2023-08-04,84.76843229029416,85.27823335231597,83.76844940662853,83.90080261230469,14431800
2023-08-07,84.25373362705412,84.54294349953153,83.52824812632807,84.1360855102539,9536000
2023-08-08,83.5478645112625,83.59687895287196,82.65081720519431,83.48904418945312,11461800
2023-08-09,83.60177777623589,83.60177777623589,82.12630335215327,82.41061401367188,14301800
2023-08-10,83.03806121646052,83.75864005796632,82.01356741421168,82.42042541503906,12731400
2023-08-11,81.76357711032702,82.29298245431453,81.52828833956428,81.81259155273438,10772000
2023-08-14,81.7292491613231,83.12629147472997,81.53317645895103,83.11648559570312,10328000
2023-08-15,82.87139498654302,83.16551153402226,82.10670093873046,82.2978744506836,9366400
2023-08-16,82.1214177836164,82.59200283106466,81.50868112166039,81.51358032226562,9779400
2023-08-17,81.87630987827283,82.02826734911295,80.61652739445769,80.73907470703125,12614800
2023-08-18,79.92045568618666,81.19005158635254,79.87144124676031,80.86162567138672,13658600
2023-08-21,81.27827163513447,82.5723708491014,81.19983956648345,82.40570831298828,13132800
2023-08-22,83.14589650611488,83.19491842199895,82.13120866862386,82.31257629394531,11361800
2023-08-23,82.51356562165246,84.0429538414641,82.50866642135131,83.79785919189453,10113200
2023-08-24,84.85177477388937,84.85667397442731,81.80279658750618,81.86651611328125,13929000
2023-08-25,82.19492730835478,83.15570149971404,81.46455013544177,82.6998291015625,15686600
2023-08-28,83.32726730462456,83.55275015477176,82.7341350637361,83.37628173828125,8963800
2023-08-29,83.13611610427026,85.13118285378737,83.04787813251575,85.0478515625,13713800
2023-08-30,85.06254550008441,85.77822514281125,84.76842893903067,85.68998718261719,12266600
2023-08-31,85.88605240488968,86.43506191143616,85.79291526080907,86.10663604736328,11963400
2023-09-01,86.64586561425851,86.75861454857927,85.93019336179205,86.3713607788086,9244600
2023-09-05,86.15566205093029,86.94977374206492,85.87625806085471,86.68016815185547,10060400
2023-09-06,86.3419313634873,86.55761582316318,85.23410638751791,85.76351165771484,18143200
2023-09-07,84.17038610678115,84.70958970875202,83.86156453458328,84.5233154296875,12513600
2023-09-08,84.51843095205824,85.24390895945727,84.47921491386174,84.69979858398438,8584800
2023-09-11,85.44489856427725,85.52333065004589,84.39589372613158,85.14098358154297,8272800
2023-09-12,84.43019041588663,84.72920612677403,83.44490533787236,83.59686279296875,12243000
2023-09-13,83.56255310629851,84.2586208692694,83.32726438578428,83.80764770507812,10008800
2023-09-14,84.32235204786276,84.62626697194703,83.79294679063298,84.41548919677734,9473200
2023-09-15,84.1115713964719,84.13608235484786,82.57237745461055,82.79296112060547,13116800
2023-09-18,82.55226348951459,83.46596332699158,82.52770017485211,83.19087219238281,9943800
2023-09-19,82.83718605526674,83.35789537411175,82.38524952389803,83.14665985107422,8236600
2023-09-20,83.37262836086704,83.48070095031257,81.8055833095783,81.83997344970703,10760400
2023-09-21,80.98030498576146,81.55505054260712,80.55292431861659,80.59222412109375,14741200
2023-09-22,80.94592283131568,81.50593195442427,80.58240524430175,80.76416778564453,12537800
2023-09-25,80.55784786308753,81.14732995562086,80.35152950548444,81.02452087402344,10577400
2023-09-26,80.49398043579842,80.53818990384723,79.29045299966393,79.56554412841797,14926000
2023-09-27,79.94870148148148,80.10590068293065,78.89745618271924,79.68834686279297,11665200
2023-09-28,79.31010774079726,80.76417064465441,78.93677081073281,80.25328063964844,12829400
2023-09-29,81.04417340065724,81.79576443946966,80.25328255316333,80.52837371826172,15883800
2023-10-02,80.56766344821,81.62873566285772,80.44485437232034,81.3929443359375,13656200
2023-10-03,80.93118275097373,81.4862821845421,79.59992904161803,80.0125732421875,14838800
2023-10-04,80.07643494806462,81.22593370712003,80.07643494806462,81.0097885131836,15194200
2023-10-05,81.00485389456833,81.2504720173483,80.14519046483841,81.11784362792969,12023000
2023-10-06,80.56274743828862,82.98945578604193,80.32695612993993,82.6357650756836,16625600
2023-10-09,82.1297949344774,83.1908670992974,81.75154089971207,83.06314086914062,13139200
2023-10-10,83.12209940873062,83.85895387457751,82.89121774311155,83.19087219238281,20402800
2023-10-11,83.44630519981064,84.00140459958043,83.18104090443344,83.96210479736328,10389200
2023-10-12,84.03579315551606,84.90036630100613,83.40209416324066,84.04070281982422,15405800
2023-10-13,84.20772709376841,84.35018982079268,82.54734597261726,82.8371810913086,15183200
2023-10-16,82.97472550150242,84.01123439769634,82.95998901210824,83.63298034667969,14544200
2023-10-17,82.58172401751816,83.67717872612123,81.98732487326063,83.2448959350586,15317800
2023-10-18,82.66033343885927,83.33332476423514,82.05119773476198,82.39015197753906,12862800
2023-10-19,82.71928142166034,83.27438084708955,81.7761086118633,81.91856384277344,19991800
2023-10-20,81.87926207030564,81.93821552277461,80.44977014825785,80.53327941894531,15350400
2023-10-23,80.03221062918371,81.44697345747267,79.58518383334652,80.6266098022461,15159000
2023-10-24,80.9459027468189,81.30450308426711,80.30729416945692,81.18169403076172,11180400
2023-10-25,81.56979084823584,81.66803661119025,79.98309966429208,80.22380065917969,15529600
2023-10-26,80.36627228298131,80.71996306530617,78.35220018894645,78.69115447998047,20646400
2023-10-27,79.17256594248404,79.94872031724115,78.79922899459054,79.14800262451172,16231600
2023-10-30,79.56554291583002,80.28274370548412,79.32483443400311,79.99783325195312,14180800
2023-10-31,80.03711382358586,80.63642261236507,79.41324922031279,80.5676498413086,10893600
2023-11-01,80.71011503829338,82.23294287181885,80.71011503829338,82.12487030029297,20945800
2023-11-02,82.86665527417429,83.58877325772778,82.75367302037931,83.51508331298828,16192600
2023-11-03,83.4315829324059,84.71371015256291,83.24982787488223,84.374755859375,15661800
2023-11-06,84.48773043447899,84.95931306536195,84.22245864589539,84.92984008789062,11099200
2023-11-07,85.15580451815799,86.10879651973906,85.02807829955519,85.85826873779297,13029800
2023-11-08,86.15303025204615,86.48706735967936,85.76003968755236,86.34461212158203,10722400
2023-11-09,86.47232381415633,87.10602282792142,85.82880547144191,85.94178771972656,14374600
2023-11-10,86.46249296008811,88.24568301417945,86.36424720547696,88.18673706054688,13346400
2023-11-13,87.81831660493992,87.8919990526407,87.30251698402094,87.67094421386719,11725000
2023-11-14,89.01200781539976,89.65061644537761,88.73691671218968,89.42464447021484,16508400
2023-11-15,89.82256138906608,89.96010695484539,89.19377951816892,89.53764343261719,13147800
2023-11-16,89.36078503851566,90.0829029014431,89.19867618197377,89.98464965820312,11553600
2023-11-17,89.78326003175123,90.14186042949484,89.4099156490917,89.7979965209961,13277800
2023-11-20,89.91096359579683,91.33554561728965,89.90113677273509,91.0997543334961,11116200
2023-11-21,90.68712513621685,90.82958035175902,90.03378001902122,90.36290740966797,13350800
2023-11-22,90.93275035191581,91.5418860527051,90.52011366541548,90.76573181152344,11213400
2023-11-24,90.61345339041264,90.69204550360583,90.24502615649072,90.5888900756836,4193800
2023-11-27,90.46116766243861,91.10960321948198,90.29906626884934,90.58397674560547,8420000
2023-11-28,90.27940534740051,90.99661363343077,90.27940534740051,90.75590515136719,11012400
2023-11-29,91.41908339646449,91.81206646128439,90.77064784730295,90.8246841430664,10765400
2023-11-30,91.2029393333565,91.32574841653866,90.19590335212851,90.95732116699219,13744000
2023-12-01,90.72151807777206,91.32574413558834,90.28431806196447,91.16363525390625,13992200
2023-12-04,90.25484509899532,90.25484509899532,89.07097128911069,90.0534439086914,18221800
2023-12-05,89.57202339285152,90.69695869544671,89.57202339285152,90.59379577636719,10841400
2023-12-06,91.15872252470334,91.29135092698081,89.75869609085092,89.82746887207031,14731400
2023-12-07,90.25484252876716,91.0702965787582,90.06326067323153,90.91801452636719,13928800
2023-12-08,90.72151483548934,91.76785053637374,90.60853258708377,91.69416809082031,12808800
2023-12-11,91.42398912806541,92.51453432606789,91.21275361892454,92.49488067626953,37795400
2023-12-12,92.15594029280653,93.13841297185279,92.07734067952164,93.10893249511719,15055400
2023-12-13,93.32998950131727,94.15526290654698,93.1089271646503,93.9292984008789,29395000
2023-12-14,94.00297412685245,94.35666484542051,93.00576508567804,93.69841003417969,15427400
2023-12-15,93.6001546729588,94.71035342953812,93.6001546729588,94.16999053955078,18131200
2023-12-18,94.15129121265402,94.66330077095428,93.75250565280881,94.45160675048828,10138000
2023-12-19,94.43190846384535,94.82084551378681,94.37775295735507,94.81099700927734,9003600
2023-12-20,94.70269153031681,95.03746558112289,93.36358030267591,93.37834930419922,13734800
2023-12-21,94.32851656575355,94.63867306258497,93.63434355133725,94.4269790649414,11336000
2023-12-22,94.6977768822661,94.82577740744266,94.08237674009439,94.55007934570312,10215000
2023-12-26,94.60914241230562,95.14084896386615,94.60914241230562,94.94392395019531,6207600
2023-12-27,94.99315086658758,95.13592788600236,94.53529683210938,94.93899536132812,11764600
2023-12-28,95.27378863812835,95.37225115649554,95.00793157510743,95.05224609375,9615400
2023-12-29,95.1014665750295,95.29347110094193,94.28914146821725,94.76176452636719,12190600
2024-01-02,93.47188542681617,93.61958294494244,91.69460973758855,92.28047180175781,23545400
2024-01-03,91.43861144482042,91.94078005779144,91.17768238887273,91.34014892578125,18190000
2024-01-04,90.77890428630353,91.40907342268295,90.58197924826321,90.67059326171875,12127200
2024-01-05,90.77398887785029,91.42877555874017,90.30135824296865,90.64598083496094,16350600
2024-01-08,91.1038392729156,92.9844982159764,91.01029724860936,92.92050170898438,16434600
2024-01-09,92.20663888311475,93.33405624928587,92.00971382523278,93.06819915771484,10633800
2024-01-10,93.11250343756669,94.06267763001969,92.91557088914035,93.86082458496094,9785400
2024-01-11,94.3236099036399,94.79624052378975,93.01403658267921,94.33837890625,13296600
2024-01-12,94.49099018624823,94.86023024952172,94.17098513629452,94.64361572265625,8834600
2024-01-16,94.52544232040005,95.27869133791415,93.97896680649694,94.87991333007812,11775600
2024-01-17,94.17591237909859,94.52546296940946,93.38820469501216,94.4122314453125,14109000
2024-01-18,95.67256778402883,96.41596844500535,95.3131762074994,96.32735443115234,18918800
2024-01-19,96.95752240223321,98.56741124437872,96.74582085134263,98.54771423339844,18333200
2024-01-22,99.0301845336383,99.58650864730654,98.60678894961464,98.98095703125,14969000
2024-01-23,99.07449418329179,99.44373423799847,98.49848059941435,99.37973022460938,13263800
2024-01-24,100.06405639648438,101.06838605568262,99.7785098482299,100.06405639648438,17651200
2024-01-25,100.98468974610832,101.4917788141767,100.01974662155818,100.48252868652344,17071400
2024-01-26,99.77851802147545,100.2216106377002,99.09911385058949,99.3255844116211,10553000
2024-01-29,99.44865117854657,100.25605576881476,99.25172616129397,100.23636627197266,7639600
2024-01-30,100.20190688218536,100.35452490747016,99.10403518966476,99.40927124023438,12251600
2024-01-31,98.46400923308065,98.86771527679599,97.27259562282529,97.32182312011719,16295200
2024-02-01,97.7107715597435,98.68556326142591,97.64676754237054,98.54771423339844,14303400
2024-02-02,97.87815641324526,99.8819027960977,97.84861840964099,99.56681823730469,12872200
2024-02-05,99.97050944656635,100.07882045994658,98.85786882354243,99.79327392578125,10086200
2024-02-06,99.90159910016841,100.07391414921015,98.69541629350316,99.33543395996094,12677200
2024-02-07,100.03451750715297,100.67453510879615,99.6357394472961,100.64991760253906,11365800
2024-02-08,100.82224217296162,101.23579681627959,100.69916213306914,100.96501922607422,9948200
2024-02-09,101.38838646758929,102.45672001317902,101.27022695799043,102.32379150390625,11612200
2024-02-12,102.31888271279708,102.63396726223057,101.39824657083837,101.54593658447266,10753200
2024-02-13,99.34525627842555,100.49236285822063,99.04494075743021,99.82280731201172,19459400
2024-02-14,100.5662158496444,100.94529686854669,99.857273795904,100.86653137207031,11791600
2024-02-15,100.99946111457186,101.09793114005325,100.09359397292569,100.65483856201172,10796400
2024-02-16,100.92562043015968,101.12747347395006,99.59635766352125,99.72928619384766,11090400
2024-02-20,99.14341909351106,99.49789014843803,97.72553487380317,98.71509552001953,17447600
2024-02-21,97.76000590597418,98.09477996826172,97.0215257556485,98.09477996826172,15954400
2024-02-22,100.63023431277297,101.580416095947,100.39884324438283,101.30471801757812,18551600
2024-02-23,102.10718560271951,102.235193636367,100.74838483287648,101.06838989257812,12324000
2024-02-26,101.51148506364397,101.76256561629069,101.06347195893329,101.16686248779297,18248800
2024-02-27,101.44256195427465,101.44256195427465,100.50222872468595,101.25547790527344,9984400
2024-02-28,100.92069298049101,101.05361398945111,100.4136039137552,100.77791595458984,8329000
2024-02-29,101.31453621358831,102.14163777478754,100.74837118092428,101.90039825439453,11986800
2024-03-01,102.1613427087408,103.90908059119619,102.11211520536139,103.76138305664062,13136800
2024-03-04,103.61369303429373,104.35709369153822,103.38230198300538,103.76138305664062,20443800
2024-03-05,102.73734642985265,102.78658144069504,100.55637217171875,101.2111587524414,18042800
2024-03-06,102.26965002440613,102.78166712400235,101.32932436332806,102.0136489868164,14303200
2024-03-07,102.8850398375915,103.93860442251693,102.3730303014534,103.62351989746094,12120800
2024-03-08,103.81062149471393,104.54418118279213,102.01857654647337,102.08258056640625,14912200
2024-03-11,101.61486450753254,102.02841909622198,101.06838890210825,101.80194854736328,15648400
2024-03-12,102.78166127108898,103.8992224011248,101.80686214120911,103.8893814086914,17382800
2024-03-13,103.57430376242428,103.63337976978775,102.3385755188761,102.76689910888672,12815400
2024-03-14,103.20012999996445,103.56444955379577,102.16133435851549,102.78658294677734,16023200
2024-03-15,101.30963144946969,101.77241355397639,100.82223183706628,101.23578643798828,19633400
2024-03-18,102.122932129676,102.77880005727754,101.65445718842174,101.73336029052734,14176600
2024-03-19,101.23528390569375,102.27579497693921,100.72735744919423,102.26100158691406,13390200
2024-03-20,102.3398982809936,103.43958284354255,101.97991327188001,103.40506744384766,13357400
2024-03-21,104.50969607348362,104.50969607348362,103.39028933490118,103.47904968261719,12312000
2024-03-22,103.48398591027598,103.89327976899375,103.11413607860896,103.5135726928711,11507000
2024-03-25,102.53222688971682,103.26699787200533,102.23635156283619,102.82810974121094,8777800
2024-03-26,103.19795143839559,103.36561486292149,102.32017524574486,102.40400695800781,8538400
2024-03-27,103.05002583029169,103.10427077297179,102.13772657374847,102.92674255371094,12495000
2024-03-28,102.68508919051425,103.0006940301451,102.49770375501065,102.70481872558594,8854400
2024-04-01,102.92180639771539,103.5924676742074,102.61605877743804,102.9908447265625,11654800
2024-04-02,101.84676375419549,102.14757520250612,101.17117391315888,101.9996337890625,11418200
2024-04-03,101.48678662395766,102.79852238718574,101.46212846570187,102.27086639404297,10670000
2024-04-04,103.24727398462916,103.6072665627205,100.59915166485716,100.65339660644531,16464800
2024-04-05,101.092285778461,102.32511853185687,100.81119629887205,101.80732727050781,12808800
2024-04-08,101.87142929901083,102.20675617083138,101.31418652862342,101.68897247314453,8125800
2024-04-09,102.21169277114863,102.42373637786861,100.92461516696676,102.20182800292969,9400800
2024-04-10,101.03803249486366,101.32405057299219,100.51531265451658,100.94927215576172,13836800
2024-04-11,101.39801944800017,103.13384996133435,100.90982252444088,102.9661865234375,10563600
2024-04-12,101.73827316197206,102.21661279808839,100.92460668074185,101.29938507080078,16186800
2024-04-15,101.92074358574966,101.98485329542443,99.22331250195603,99.37618255615234,17189000
2024-04-16,99.5931776359207,100.1109614411512,99.10004446932786,99.49454498291016,14914000
2024-04-17,99.8594418866907,100.02710531654392,97.98553480562276,98.05950927734375,13090400
2024-04-18,98.02992151491219,98.28142420108661,96.83654036606093,96.94010162353516,15280600
2024-04-19,96.57025763467686,96.88586252344005,94.70127893785549,94.94291687011719,21880000
2024-04-22,95.67274490181306,96.36806434150749,94.72100168156427,95.79109954833984,13293400
2024-04-23,96.19052996105219,97.35432424106561,96.04752468971314,97.21131896972656,12151600
2024-04-24,97.93129706008952,98.33566979960497,97.11763048370761,97.65514373779297,9160200
2024-04-25,96.437104274909,97.62555680797942,96.00808090161031,97.44309997558594,11568000
2024-04-26,98.21239498312205,99.262763422658,97.82775174758252,98.54279327392578,10104200
2024-04-29,99.05070488462769,99.19864630479026,98.38990840246315,98.96687316894531,7494800
2024-04-30,98.62661572162907,99.02605231136349,96.75764466453418,96.7872314453125,14929000
2024-05-01,96.26943919853748,97.88691507744507,95.77630612509947,95.79602813720703,20453600
2024-05-02,97.01900491598833,97.3099516274248,95.79602945926236,97.17680358886719,13340000
2024-05-03,99.8051911495436,100.21942107849719,99.4501347748369,99.88409423828125,13316400
2024-05-06,100.26383265142184,101.05776977539062,100.11095505884778,101.05776977539062,8021000
2024-05-07,101.35362937223685,101.40294568426373,100.71749108492155,100.72734832763672,10020800
2024-05-08,100.36736364255479,101.12185656632704,100.34270548646423,101.01336669921875,7176000
2024-05-09,100.85064712271706,101.06269826757135,100.48079729936524,100.98379516601562,9589600
2024-05-10,101.51143621322065,101.96511769329896,101.03802519835779,101.35855865478516,8753800
2024-05-13,102.10320250169825,102.18703421970311,101.51637295105078,101.83690643310547,6582000
2024-05-14,101.80239191507508,102.88235453955862,101.74321835470232,102.73934173583984,9825200
2024-05-15,103.38534706630166,105.08666220959242,103.31138011425146,105.05213928222656,14308600
2024-05-16,105.11623328524482,105.44170287486529,104.6428222890139,104.68720245361328,12066600
2024-05-17,104.92885550539307,104.99296521326923,103.8834157901958,104.45545196533203,7616000
2024-05-20,104.55899923605183,105.88059971332689,104.46530275328892,105.68334197998047,6276800
2024-05-21,105.27898459770364,106.02854146613589,105.09159161828873,105.85594940185547,6140400
2024-05-22,106.15676870997446,106.4822308500405,105.46637782811196,106.09265899658203,11783000
2024-05-23,107.3057690215812,107.31562626617624,104.89434838599689,105.22967529296875,9400400
2024-05-24,105.49594189915648,106.34413128380612,105.14582167357719,106.11729431152344,5906400
2024-05-28,106.71892533967598,106.80275705536636,105.90032266936302,106.56605529785156,8786400
2024-05-29,105.44171939598866,106.3983912561255,105.44171939598866,105.89046478271484,8569000
2024-05-30,104.71188248763352,104.8696886942205,103.15358005835047,103.47412109375,10450600
2024-05-31,103.7798537300776,103.79958326678539,101.35363991335339,103.63684844970703,12081000
2024-06-03,104.43078557280724,104.52448205397307,102.65550362601489,103.89820098876953,9628000
2024-06-04,103.84396390228814,104.28285203833185,103.31137927799688,104.11518859863281,6405400
2024-06-05,104.9387221196295,106.42798614501953,104.77105867643435,106.42798614501953,8788800
2024-06-06,106.48715170780444,106.56111865524166,105.79183230344192,106.07292175292969,7057600
2024-06-07,106.1863481149196,106.77317769011232,105.7967687639165,106.31949615478516,6398600
2024-06-10,105.95949616881721,106.87672394386816,105.89045784272147,106.59070587158203,6734800
2024-06-11,106.31948321718502,108.60268400657068,106.27016690483185,108.5730972290039,12719200
2024-06-12,109.65307730328878,112.09408466309617,109.4508909247472,110.97467041015625,17821200
2024-06-13,112.00530991901854,112.31597861785875,111.17191387646896,111.8524398803711,12693600
2024-06-14,111.69464164967839,112.33571615303194,111.62067469816643,112.2716064453125,7864600
2024-06-17,112.54776134159984,114.37235224240563,112.16311813911807,113.97291564941406,11602600
2024-06-18,114.0863418688328,114.4907070844727,113.66224711607073,114.11592864990234,8677800
2024-06-20,114.62878248441206,114.69782081435248,112.45406380436856,112.83377838134766,13243000
2024-06-21,112.85843639504458,113.3022531548603,112.12366540085576,112.63652801513672,13560200
2024-06-24,111.46574332572021,111.96962355410531,109.84542998131877,109.87506866455078,13748600
2024-06-25,110.68029282950883,111.94986422204106,110.05785030360893,111.89058685302734,9126200
2024-06-26,111.72263286560691,112.29072777104636,110.89271198372663,111.76215362548828,9459600
2024-06-27,111.54478205807094,112.36975805131608,111.41140044903925,111.81648254394531,7923600
2024-06-28,112.20673462512988,113.81222854302892,111.60405630523195,111.75719451904297,12488200
2024-07-01,111.92517647310417,112.78967332836378,110.29991816404006,112.6019515991211,9281600
2024-07-02,111.62383576650319,113.17498980156601,111.62383576650319,113.16510772705078,7076600
2024-07-03,113.0020784160592,114.74589130727975,112.9082175601771,114.6915512084961,6249200
2024-07-05,114.81999215436284,115.55111488031675,114.34575812771516,115.04229736328125,6671800
2024-07-08,115.41279450724468,116.16366629606382,115.21519071717609,115.82775115966797,7671000
2024-07-09,116.4205591994471,116.69719699563817,115.07194617410835,115.73390197753906,8678600
2024-07-10,116.52922924902596,117.49746898907779,115.8771555774106,117.41348266601562,8749400
2024-07-11,117.59131689425504,117.6407197246262,114.14321190069215,114.47418975830078,14106000
2024-07-12,114.79035146877804,116.72188610771191,114.39021416020282,115.49677276611328,9767600
2024-07-15,116.08464251348869,116.84539644308124,115.04724325350251,115.70426177978516,8628000
2024-07-16,115.9759577092379,116.03523508020946,114.49396313243528,115.31893920898438,7652200
2024-07-17,112.68099101695408,112.79460849093611,110.77909495576509,110.83343505859375,12440400
2024-07-18,112.04867190154995,112.06842851230499,109.4452993569019,110.84331512451172,10837200
2024-07-19,110.25544667986779,110.93222172329475,108.86731310487298,109.10936737060547,8472800
2024-07-22,110.55185101963147,111.82142997914788,110.08255424925758,111.6929931640625,10601600
2024-07-23,111.22862595887375,112.25119821610747,111.10018161486957,111.24838256835938,5530800
2024-07-24,109.7960283933094,110.14183313576612,106.38744410240697,106.64432525634766,14300800
2024-07-25,106.530690907523,108.12136544716259,103.96684701225817,105.50318145751953,21158000
2024-07-26,106.92590536140392,107.6916040537526,105.93790899393831,106.84192657470703,11697800
2024-07-29,107.6915948112749,108.155954270181,106.05646216950247,106.36768341064453,7343800
2024-07-30,106.76288439285263,106.8666273274301,102.8998225397289,103.69515991210938,10694600
2024-07-31,106.89626223913018,108.47705485389312,106.14538292043763,108.08679962158203,14614000
2024-08-01,107.79040361604066,109.0402184344762,102.94921984353138,104.05577850341797,16991400
2024-08-02,101.28938500955343,102.12424315215881,99.41713519628398,101.13130950927734,18621600
2024-08-05,94.80319325237181,99.64931422890058,94.23015355014743,97.76223754882812,31430000
2024-08-06,99.01205345134923,101.09672641296983,97.95984243398031,99.09109497070312,24575800
2024-08-07,101.49192905056366,101.98592725235547,97.35222924526208,97.48560333251953,17653600
2024-08-08,99.24917865218106,101.37830965554687,97.81164210310547,101.12637329101562,14477200
2024-08-09,101.0670863627996,102.1637629311288,100.45453344061454,101.58084869384766,9535600
2024-08-12,101.89699660311503,103.2011513675853,101.42275508066525,102.41075134277344,8580200
2024-08-13,103.68033861390722,105.59210912491042,103.55189426515673,105.55752563476562,9999600
2024-08-14,106.20961001845828,106.67396951947296,104.7078588492541,106.13551330566406,8922400
2024-08-15,107.50882475500494,109.29709572838127,107.2766450107715,109.18841552734375,9518800
2024-08-16,108.61043148292465,109.58360842283403,108.31402958346905,109.37118530273438,6706400
2024-08-19,109.11432947035739,111.17923841605783,108.66972654875322,111.17430114746094,13004200
2024-08-20,110.88284040024591,111.54973345424295,110.13196101813028,110.7840347290039,7221600
2024-08-21,110.85318208288614,111.82142177560301,110.50244761680868,111.43610382080078,7538800
2024-08-22,112.0585400200782,112.32035844001842,108.64501094932311,108.87225341796875,9083600
2024-08-23,109.9541138518678,111.11994983742969,109.22299866906883,110.63583374023438,10681000
2024-08-26,110.53703921048869,110.95200344484208,108.6894906882647,109.2477035522461,6268800
2024-08-27,108.57091438729972,110.14183244687197,108.03739547298161,109.90965270996094,7656000
2024-08-28,109.7663805745493,109.97880368546012,107.48411167603132,108.39306640625,9002200
2024-08-29,108.42272341478898,109.94918358982558,107.13833261049574,107.41497039794922,13314800
2024-08-30,108.58573207180127,109.26250712474192,107.4149588691957,108.84261322021484,10048400
2024-09-03,107.69160341260871,107.77064493061077,103.25055705367753,103.8433609008789,14765800
2024-09-04,102.7911286685693,104.7572390555828,102.46508810361057,103.57658386230469,12330000
2024-09-05,102.83065904850497,104.70290876288843,102.73679819182308,103.41851806640625,8874800
2024-09-06,103.33454238385845,103.58154148989634,100.27175497655158,100.73611450195312,12441000
2024-09-09,101.9859252923592,102.49968763352508,101.04238693599461,102.38606262207031,10922000
2024-09-10,103.09248152343828,104.13975525429079,102.10942243035518,103.9174575805664,10123000
2024-09-11,104.27313160426965,107.62737576466016,102.62317957339275,107.46435546875,12768800
2024-09-12,107.38533672943372,108.81299130038913,106.62952004703467,108.35356903076172,10604200
2024-09-13,108.48693041267383,109.1686502490872,108.04727237531775,108.8969497680664,8047400
2024-09-16,108.11150362700579,108.82779947328,107.47918656595411,108.48200225830078,6897800
2024-09-17,109.56880233465789,109.7367599136853,107.72124635191336,108.26958465576172,6990000
2024-09-18,108.54129030059171,109.30204424835455,107.17785791696632,107.2815933227539,12741600
2024-09-19,110.29497777615559,111.15452980087326,109.69229938250928,110.4678726196289,13934000
2024-09-20,110.03315577477173,110.42341101482893,108.94635376385008,109.92941284179688,14492800
2024-09-23,110.02789389058208,110.17140736268581,109.57260013769864,109.90911865234375,7490600
2024-09-24,110.36938102277637,110.88405868872283,109.18165113378885,110.66136169433594,7025800
2024-09-25,110.44358828253141,111.46305113188858,110.394104266859,110.97806549072266,6111600
2024-09-26,113.14568164810805,113.26940303116328,111.26511511539766,112.44789123535156,9244800
2024-09-27,112.6062493880254,112.64089499953359,110.98302546505788,111.39873504638672,6093800
2024-09-30,110.9137374962303,111.79463309524776,110.35946814440454,111.72534942626953,5500400
2024-10-01,111.39377690779483,111.45811444010879,108.35518019824679,109.00347900390625,11295400
2024-10-02,109.02823767658855,110.30998947831479,108.40963072000007,109.8101577758789,4532400
2024-10-03,109.4884679764409,111.07210002622021,109.4736220159237,110.26543426513672,5784800
2024-10-04,111.69071080796542,111.76989430107346,110.31987584502733,111.49275207519531,5009200
2024-10-07,110.9929276163646,111.73030978486321,110.44855050521072,110.72569274902344,4430400
2024-10-08,111.52245206725206,112.98236280321075,111.27005562571561,112.79430389404297,7864800
2024-10-09,112.88339051473018,114.21462622490017,112.53201847174489,114.05626678466797,7579800
2024-10-10,113.29414476327992,114.32350760823111,112.97741831493757,114.02658081054688,5692200
2024-10-11,113.75438571880069,114.4818680359631,113.5861264546369,114.22452545166016,8849000
2024-10-14,114.95200629791256,115.9516771480505,114.8975685894557,115.7141342163086,9810200
2024-10-15,115.80322019978685,116.08530859159025,112.7497772229037,113.17042541503906,14179400
2024-10-16,113.52674331723915,113.69501014499922,112.2994292549937,113.52179718017578,5758800
2024-10-17,115.1054159521581,115.16975348321084,113.86820220947266,113.86820220947266,6051200
2024-10-18,114.46206869682584,114.69466549553455,114.03152071048808,114.27401733398438,4537000
2024-10-21,113.91769912109923,114.82334052937114,113.70984810874477,114.8084945678711,6322400
2024-10-22,114.199780766703,115.08067639505977,113.87316205998643,114.6897201538086,6169200
2024-10-23,114.26411355524868,114.43732650194565,112.08166667336386,113.04669189453125,6083600
2024-10-24,113.50694052396794,113.66035382337604,112.7052284166851,113.3782730102539,4832800
2024-10-25,114.0216313177973,115.24895295771992,113.80388801202503,113.96719360351562,8314800
2024-10-28,114.78374456124497,114.78374456124497,113.90779510817987,113.93254089355469,5899200
2024-10-29,114.15030034556641,115.79827009815087,113.72469847957143,115.4666976928711,7451600
2024-10-30,114.41258869604951,114.71941531306256,113.55643883000583,113.63066864013672,8341200
2024-10-31,112.38354272725137,112.38354272725137,109.94376091625817,109.98335266113281,12110200
2024-11-01,110.10213942061496,111.63628770706148,109.95367223945004,110.80982971191406,11565800
2024-11-04,110.9137441181324,111.52245876551919,110.25554544786598,110.72569274902344,6311800
2024-11-05,111.06715470245317,112.3736597371806,111.06715470245317,112.28457641601562,7273000
2024-11-06,114.45216653611492,115.6943263665903,114.11069434830316,115.48152923583984,10967800
2024-11-07,116.28325188915453,117.62934111519468,116.22881417959579,117.49571990966797,10463000
2024-11-08,117.34725052160428,117.75306026724421,116.94144832731801,117.36705017089844,7236400
2024-11-11,117.35221818728598,117.42644800259633,116.02097478945346,116.71876525878906,7267200
2024-11-12,116.63955966737535,117.01566991264977,115.94671546647639,116.86720275878906,7530800
2024-11-13,116.6197776021904,117.32252173299335,116.10015381236411,116.46141815185547,6329600
2024-11-14,116.6494748498241,116.85237218374971,115.877447058371,116.06550598144531,6602000
2024-11-15,114.63032932285263,114.77878892988083,112.80914677932194,113.18526458740234,11229800
2024-11-18,113.18527269558882,114.03152272168533,112.69533330323817,113.55148315429688,6166800
2024-11-19,112.83884894567565,114.57590201915104,112.83884894567565,114.48187255859375,6906800
2024-11-20,114.58083997472353,114.62043172114988,112.85864053762178,114.38288879394531,8874400
2024-11-21,115.49143021122146,116.0852988702638,113.72469284949615,115.54586791992188,10591800
2024-11-22,115.33801272979855,115.8724899727543,114.92231072461743,115.60525512695312,7090800
2024-11-25,116.47625311077795,116.67915798076585,115.07572622123394,115.60030364990234,11137200
2024-11-26,116.12486832848188,116.5405778473232,115.68442057811481,116.17930603027344,6229400
2024-11-27,115.39246467475239,115.46174835083146,113.59108154534226,114.60559844970703,6369400
2024-11-29,114.87282779880294,115.91209044131591,114.75900624029947,115.66959381103516,4168400
2024-12-02,115.75373257616673,117.20375123266314,115.72404064998499,116.76824951171875,9398200
2024-12-03,116.2733624888463,117.21859573440533,116.04571935672125,117.18890380859375,5576000
2024-12-04,118.65375065878445,119.3911328089207,118.30733230183762,119.33174896240234,10840000
2024-12-05,119.14369122923979,119.28225857339393,118.56467606587698,118.72798919677734,5638000
2024-12-06,118.93582828683192,119.7029022909237,118.80716078054905,119.18821716308594,6654200
2024-12-09,118.74283491012174,119.168436766663,118.10938203778412,118.41126251220703,8032400
2024-12-10,118.0104171335884,118.33208973569668,116.39708533173786,116.76824951171875,11234400
2024-12-11,117.69368023559097,118.83686460037609,117.28787047680196,118.46074676513672,8689600
2024-12-12,117.70357795871172,118.23310912437678,117.41654343218595,117.797607421875,7218200
2024-12-13,118.86159125230388,119.32678481285753,117.36208884834664,118.30237579345703,8677000
2024-12-16,118.45579804271188,119.58908255779214,118.20340914669498,119.48516082763672,9442600
2024-12-17,118.63889002331348,119.22780493296011,118.18359630316007,118.76261138916016,8145000
2024-12-18,119.16348578235707,119.49011205088567,114.66497803878678,114.93222045898438,16927200
2024-12-19,116.10013978454795,116.47625004108481,114.9074639330021,115.0559310913086,13383400
2024-12-20,114.27402738062537,117.71348053970483,113.9177091704836,116.77320098876953,14924800
2024-12-23,117.10828114076028,118.06001737508237,116.4837063642847,118.01045227050781,7973400
2024-12-24,118.43177928737958,119.23480500994684,118.25332828639502,119.22985076904297,4653400
2024-12-26,118.84816437629726,119.74538120050512,118.46648359984809,119.30916595458984,7150800
2024-12-27,118.50613974246646,118.65980441337062,116.5630032350524,117.72293853759766,8726400
2024-12-30,116.00782926086893,117.15288674823441,115.2890709851015,116.22593688964844,7950400
2024-12-31,116.54316720044031,116.62248043040707,114.88258143024348,115.25931549072266,9381200
2025-01-02,116.17140842756314,116.4985698663535,113.90111801141377,114.9866943359375,12766600
2025-01-03,115.69057648129562,116.98434432061075,115.46255282110565,116.86042022705078,9117600
2025-01-06,118.19385424265296,119.49257642780064,117.88156308123344,118.34751892089844,8975400
2025-01-07,118.96713210232988,118.96713210232988,115.56665460718924,115.97312927246094,10006800
2025-01-08,116.24080866426227,116.26063319271097,114.81816238159976,115.93347930908203,10023800
2025-01-10,114.71407198518514,114.73390407894759,112.73624041926334,113.40543365478516,11665800
2025-01-13,111.58126074775035,112.6817073419352,111.25905355505202,112.6023941040039,10656000
2025-01-14,113.47482043769483,113.78711159409812,112.00260150568919,112.89981079101562,7220200
2025-01-15,114.44142149221759,115.48238692172986,114.06469496417986,115.14530944824219,10465400
2025-01-16,116.08217758782119,116.15653658494679,114.23323216127714,114.25801849365234,5368400
2025-01-17,116.32012753361163,116.45892193064898,115.53692625677087,116.04749298095703,6742600
2025-01-21,116.43412001719905,117.30158866447888,115.62613251391168,117.01408386230469,6744200
2025-01-22,118.59536084991309,119.93373958500378,118.42682589325777,119.6561508178711,10243800
2025-01-23,118.73415190965524,119.89407961001457,118.62014386143011,119.86930084228516,7604400
2025-01-24,120.24603126007548,120.24603126007548,118.23845936672444,118.62014770507812,6607600
2025-01-27,113.30628418671844,114.4959525229819,111.76466807789625,112.80563354492188,20705600
2025-01-28,113.56899496360559,116.0722631300907,112.36941066292593,115.81449890136719,11260600
2025-01-29,115.58647709052373,115.64100399432213,113.75736382032588,114.8726806640625,9050000
2025-01-30,114.66944753353044,115.4823893157367,113.8812920837267,115.08583068847656,8840200
2025-01-31,116.15653553288826,116.85050745074817,114.10435278867209,114.41168212890625,10741800
2025-02-03,111.87867858791034,113.55908912072336,111.28384440672227,112.87007141113281,13752800
2025-02-04,113.25670783006409,114.6743997925003,113.21705121165083,114.4959487915039,8371200
2025-02-05,114.6000612527065,116.11193690849302,114.23820496910102,116.08715057373047,5398000
2025-02-06,116.08714302908321,116.64232058579103,115.5716145289457,116.40438842773438,6808000
2025-02-07,116.87530005962454,117.43543942866056,115.02139274559762,115.40804290771484,8552800
2025-02-10,116.32012906617913,117.38587339255639,116.2854266845989,117.09341430664062,6054200
2025-02-11,116.44404596254202,117.61884403863304,116.3647327213246,117.14793395996094,6456200
2025-02-12,115.49725889211696,117.03392072690188,115.36838055363387,116.89512634277344,8555600
2025-02-13,117.10331064154846,118.62509453143034,116.9397299353357,118.55074310302734,7829600
2025-02-14,118.45161224929032,119.05140064331012,118.23350462829163,118.95226287841797,4557000
2025-02-18,119.56693933003568,120.05271971408648,119.01175418453607,120.03784942626953,6024000
2025-02-19,119.90400375018491,120.52362425977985,119.06627561101627,120.0477523803711,5604200
2025-02-20,119.93374940359725,120.09237589136025,118.40204925430614,119.66607666015625,5987400
2025-02-21,119.70077090449722,119.75034357261785,116.36473607335809,116.4242172241211,9057600
2025-02-24,116.87530820726627,117.20246967908884,114.6149336087241,114.75868225097656,7447600
2025-02-25,114.5157709565653,114.61986295261687,112.49828321562453,113.27156829833984,10433600
2025-02-26,114.38193528476732,115.58647381124042,113.62847469830926,114.505859375,7630600
2025-02-27,115.13045022570833,115.2494200919709,110.28750154557667,110.33706665039062,10100000
2025-02-28,109.84135814450087,111.9084111248105,108.90449229639326,111.79440307617188,14172200
2025-03-03,112.3694156873938,112.59743179075805,107.59090279765303,108.39392852783203,12516200
2025-03-04,107.59091118692945,110.22305800884513,106.20791391742063,108.3096694946289,17721000
2025-03-05,108.64672979726637,110.18834585381047,107.18938878206828,109.83145141601562,11931000
2025-03-06,107.57604581314536,109.27628100789427,106.26740748627968,106.78292846679688,16432000
2025-03-07,106.65899617185926,108.6021252012463,105.39993061212692,108.3294906616211,11263400
2025-03-10,106.1880759566081,106.38635147719454,102.64880421168361,103.7244644165039,21561800
2025-03-11,103.40722304287537,105.04302262399266,102.25720380058269,103.3031234741211,14832800
2025-03-12,105.14712375151665,105.841103288059,103.67490475715498,104.92901611328125,10981600
2025-03-13,104.62665175759967,104.85962212696442,102.53481216498082,102.93632507324219,12383000
2025-03-14,104.28461546951722,106.15834733578369,104.24991308945849,106.0492935180664,10040800
2025-03-17,105.96502203508638,107.54629476858344,105.65768512233318,106.78787231445312,10148800
2025-03-18,106.02945599701751,106.13850980915143,104.77534472120426,105.1619873046875,11486600
2025-03-19,105.70230872488352,107.779270398684,105.26113920778467,106.53012084960938,8838600
2025-03-20,105.32062766208134,106.93659540182004,105.16200116398963,105.77171325683594,7145200
2025-03-21,104.4531525711791,106.20296036794248,104.06650996000194,106.05921173095703,10425400
2025-03-24,107.82448965527237,108.32601927929522,107.54145058492483,108.06781005859375,8200200
2025-03-25,107.99829869210656,108.56934738947082,107.9436760498103,108.42534637451172,7481800
2025-03-26,108.09264359788135,108.35086042250342,105.58995057902827,106.00706481933594,7873000
2025-03-27,105.28208537592978,105.87796396573178,104.47267914171937,105.0288314819336,6577800
2025-03-28,104.48260865070452,104.90468582973857,102.13384253599222,102.4814453125,10667600
2025-03-31,100.69380200638243,102.76448438392678,99.6758386833288,102.53109741210938,14219000
2025-04-01,102.12391294555655,103.37029267883264,101.2896769200638,103.28091430664062,9480200
2025-04-02,101.80611807481436,104.90468977195583,101.726665575655,104.0456314086914,9292000
2025-04-03,99.06010425303103,99.66094578085094,96.86528011469126,96.9447250366211,19451400
2025-04-04,93.92062715387182,94.66547721829727,90.52411267857342,90.55886840820312,33804600
2025-04-07,86.86441461694251,95.24646346087208,85.6329312456234,91.10013580322266,44557800
2025-04-08,94.49166758803332,95.75791410238816,87.61422380658684,89.2479248046875,25811400
2025-04-09,89.43166527250028,101.78623955696784,89.31744947660258,101.23008728027344,36988800
2025-04-10,97.74916830939105,98.41952887939743,93.22047437195762,96.5176773071289,19747600
2025-04-11,96.03599962508042,98.91608808672852,95.31597940392008,98.49401092529297,14423200
2025-04-14,101.54788939146736,101.61244548662724,98.32020586557721,99.39279174804688,11904400
2025-04-15,99.54673005914788,100.51007069950705,99.28851324553455,99.75528717041016,7200000
2025-04-16,97.07879249085975,98.1116521641977,94.61581825797596,96.28925323486328,13222400
2025-04-17,96.97948445322544,96.97948445322544,95.36067205464597,95.76786041259766,7480800
2025-04-21,94.25333017765804,94.4916800874284,91.9591943007266,93.29496002197266,8973400
2025-04-22,94.5363770416166,96.12042613201393,93.98518766497376,95.5692367553711,9312800
2025-04-23,99.23390196685219,100.28165815957948,97.93786238795262,98.34008026123047,13413800
2025-04-24,99.30838038666477,102.14874261195202,99.14947540037973,102.00969696044922,9317000
2025-04-25,101.70183571179624,103.71293258163682,101.6025238763612,103.51927185058594,6518400
2025-04-28,103.38518907979477,103.89665219271708,101.80611055492939,103.35043334960938,5574400
2025-04-29,102.85387046771832,104.26411817968771,102.85387046771832,103.83210754394531,9144400
2025-04-30,101.79122169436029,104.65144347148096,101.20030604440655,104.26412200927734,10203800
2025-05-01,106.54335397224723,107.53152447037093,105.69919206569779,105.79354095458984,11532800
2025-05-02,107.00517273244168,108.06285476792785,106.71716310538216,107.56132507324219,8125400
2025-05-05,106.63770680470726,107.75498196331304,106.58308416053958,106.99027252197266,6757000
2025-05-06,105.40124902001841,106.88102329770146,105.07848368355444,106.10140991210938,7958200
2025-05-07,106.10141757731857,107.63084409117687,105.37146384168149,107.16407012939453,8169400
2025-05-08,108.22672270959183,109.2148932795156,107.26338199281327,108.18699645996094,8704400
2025-05-09,108.66866301507338,108.86729425627591,107.49676521150329,108.05292510986328,7330000
2025-05-12,112.63622669562967,113.10796355036048,111.49908469713485,113.0682373046875,13478200
2025-05-13,113.47543345294287,115.88874811043637,113.34632125136459,115.5113525390625,12757200
2025-05-14,116.05261231890019,116.71800991011398,115.58086786982402,116.26116943359375,10248000
2025-05-15,115.6305199837944,117.07553087326656,115.49148191645753,116.42005920410156,9536400
2025-05-16,116.79746242263926,116.79746242263926,115.63052759106877,116.63855743408203,8111600
2025-05-19,114.91547782021561,116.73291396654204,114.87575157047539,116.46973419189453,11863000
2025-05-20,115.74473575248132,116.05261227339032,115.15382013924449,116.03274536132812,10273200
2025-05-21,114.94526666086409,116.54918268381932,113.39101791963557,113.85282135009766,18643600
2025-05-22,113.90744398810058,114.90554040604816,113.62936782650368,113.88261413574219,11372000
2025-05-23,111.90132140640557,113.36122130319828,111.7771797175043,112.62630462646484,12004000
2025-05-27,114.37917340321607,115.46169276386948,113.99682249450044,115.30278778076172,14208400
2025-05-28,115.441833488811,115.90364449663537,114.65725713108257,114.82609558105469,10789200
2025-05-29,116.5640753144452,116.68324647871115,114.42883688959972,115.0197525024414,14011800
2025-05-30,114.96512982000053,115.01975246260581,112.9292032250841,114.66222381591797,13494000
2025-06-02,114.35932543149524,115.74474334696457,114.22028734596452,115.67522430419922,12878800
2025-06-03,115.82914379001807,117.50257869358187,115.74472836166123,117.41319274902344,14312400
2025-06-04,117.56217576281863,117.95446015376179,117.00602343834008,117.58700561523438,10899200
2025-06-05,117.93458929218554,118.96248598108471,116.74779520196759,117.2542953491211,15885200
2025-06-06,118.38647841199483,118.90787500488122,118.02397923601252,118.36164855957031,9026000
2025-06-09,118.82344821148263,119.67754358406899,118.73406983800604,118.942626953125,11100600
2025-06-10,118.92276766919846,119.78678892120499,118.47585307060245,119.60802459716797,9831600
2025-06-11,119.89603801803032,120.3826713023195,118.72911072367316,119.3448486328125,9599600
2025-06-12,119.32000755145779,120.73026272075452,119.30014821758327,120.45218658447266,11210400
2025-06-13,119.05682751067195,119.96554546752809,118.32687386626301,118.76385498046875,13193800
2025-06-16,119.47891629585997,121.04309840024393,119.47891629585997,120.6855697631836,13866200
2025-06-17,120.17907711472665,121.02820194456511,119.54843527230982,119.83148193359375,10525400
2025-06-18,120.12445828830357,120.73027029909056,119.36471180505555,119.9754867553711,11066000
2025-06-20,120.40253052030876,120.80971128158752,118.8830376033054,119.44415283203125,11490600
2025-06-23,119.56254074148899,120.91046260343762,118.75179308672833,120.80601501464844,12277000
2025-06-24,122.03456603297926,123.12384310165689,121.89031876970238,122.9746322631836,11329400
2025-06-25,123.6112897857084,124.20815590497865,123.50186344505967,124.02412414550781,9228600
2025-06-26,124.58120941992243,125.0785991624575,124.08879084256927,124.87964630126953,11288400
2025-06-27,125.21786277714094,125.69536025067482,124.16339899294155,124.73042297363281,12196600
2025-06-30,125.82467615799072,126.29719486687655,125.21786010167345,125.95399475097656,13365200
2025-07-01,125.5511085747264,125.81472451152486,123.97438411874823,124.82989501953125,15144800
2025-07-02,124.5165420440644,126.2325350789044,124.42701553647713,126.14797973632812,11950200
2025-07-03,126.83437791157195,128.19225730428835,126.784635904016,127.80925750732422,7112800
2025-07-07,127.31684690419429,127.65010469454396,126.22756220589903,126.79458618164062,11560800
2025-07-08,127.46108447093897,127.7197216404927,126.94876611726842,127.47600555419922,15715200
2025-07-09,127.92863113058141,128.72444247131563,127.29196536095286,128.24197387695312,12933600
2025-07-10,128.5603273556111,128.67473246087698,127.1477423083576,127.81922149658203,9988600
2025-07-11,127.2123931582073,128.00324858793527,127.0532323930007,127.25716400146484,9239000
2025-07-14,126.943807185599,127.46606032916276,125.93907780839153,127.1527099609375,8125200
2025-07-15,128.63492650742464,128.93834212870988,128.23702080446947,128.2817840576172,15657000
2025-07-16,128.32656027330992,128.754308188238,126.73988569746061,128.67970275878906,17782600
2025-07-17,128.83387725968367,130.05248812121349,128.5802188293129,129.8485565185547,11955000
2025-07-18,130.345945023547,130.39070827555148,129.41582870281883,129.76400756835938,10281000
2025-07-21,129.9082573901762,130.8184891759277,129.75904652978969,129.93313598632812,9246600
2025-07-22,129.83363692876057,129.92316343462772,127.80429356679076,128.72943115234375,13448800
2025-07-23,129.06269170770605,129.63468685740384,128.29670727867443,129.465576171875,10091800
2025-07-24,129.783900363417,130.2663690152157,129.28154705112257,130.01271057128906,12159600
2025-07-25,129.97290534542907,130.63940574271612,129.70431064889772,130.31112670898438,8002000
2025-07-28,130.80852448840275,131.3854984154577,130.53994495444388,131.35067749023438,11517600
2025-07-29,132.20619940043377,132.9373629949729,131.1318508174387,131.3556671142578,13739000
2025-07-30,131.49493452708018,132.09677191446332,130.61456007549663,131.6491241455078,13934600
2025-07-31,133.30541162654617,133.30541162654617,130.0475001484919,130.6841583251953,16414400
2025-08-01,129.2616316733959,129.30639492282563,127.22233096209149,127.86396789550781,19438000
2025-08-04,129.0676573024302,130.4852210810798,129.0676573024302,130.46035766601562,12377000
2025-08-05,130.942822974805,131.05721289613794,129.082575094084,129.38101196289062,11176000
2025-08-06,129.5053628013922,131.00748951490152,129.420815046802,130.83836364746094,10167000
2025-08-07,132.2957280230952,132.50960196751728,129.86846367216197,130.95774841308594,10318000
2025-08-08,131.45014278711423,132.4150799715705,131.1069426968113,132.265869140625,11015800
2025-08-11,132.18130729845248,132.77818098537438,131.06715927393526,131.3705596923828,9425400
2025-08-12,132.027143015085,133.43972815378416,131.29597943908644,133.4049072265625,11153800
2025-08-13,134.1758567915043,134.3200888824779,132.9671882261543,133.4546356201172,13990200
2025-08-14,132.77818958621015,133.62374298847124,132.46979521454264,133.16615295410156,15484400
2025-08-15,132.98708065667674,132.98708065667674,131.6292165005672,132.1564483642578,13373200
2025-08-18,131.99230894818325,132.5593405208958,131.8629827623092,132.43995666503906,12233800
2025-08-19,132.39023821324446,132.42008038431456,129.88338958944126,130.12710571289062,17367000
2025-08-20,129.79881465324274,129.79881465324274,127.25218176313658,129.24671936035156,23064200
2025-08-21,128.93336440424918,129.45065396552718,128.22210074444797,128.7791748046875,15148600
2025-08-22,128.63991301804597,131.37555663341007,128.28179179214217,130.5250244140625,13756000
2025-08-25,130.52003138798685,131.04726324915092,129.87341567848813,130.23153686523438,10691800
2025-08-26,130.34098273825947,131.0025196305484,130.1519873767366,130.82843017578125,11081000
2025-08-27,130.95773986500484,131.68392458517675,130.3558873921298,131.5347137451172,11538600
2025-08-28,131.69385982126028,132.85774984842087,131.03731698123292,132.57424926757812,12380600
2025-08-29,131.99228623959192,132.01716482904965,130.06241200917245,130.5399169921875,17481200
2025-09-02,128.23204681538277,129.34123139280652,127.47104112533118,129.2218475341797,18226000
2025-09-03,129.8833867591022,130.2514503136999,129.02289703431705,129.99281311035156,15636600
2025-09-04,129.46058241983823,130.68913550924057,128.9333505851112,130.63442993164062,24397400
2025-09-05,131.87291966362787,131.92266166420083,129.41581359077267,130.74383544921875,38561800
2025-09-08,131.43025100152272,132.20121415298,131.40040883350545,131.7237091064453,20556000
2025-09-09,132.01718615251934,132.11665498903503,131.04229137241023,131.97738647460938,19355000
2025-09-10,134.64836429408805,135.2750801867083,133.72819029373613,134.3698272705078,25957200
2025-09-11,135.21539083739597,135.40440134906044,134.60359605160767,134.82244873046875,23429200
2025-09-12,135.09103130964908,135.2203422962047,134.44441566036124,134.73291015625,15612200
2025-09-15,134.9468055128906,135.9764058899695,134.7826735819256,135.94656372070312,16268000
2025-09-16,136.25991376373517,136.35441902063346,135.30989761958273,135.47402954101562,16081400
2025-09-17,135.38450602127347,135.5486379463226,133.60882111827732,135.00648498535156,18948600
2025-09-18,136.75729598422765,137.74211781723758,136.0957592221093,137.3392333984375,20882600
2025-09-19,137.8913590024938,138.86125985930232,137.44369610644242,138.73194885253906,15670800
2025-09-22,138.52674235227067,140.8874097901948,138.4719664659045,140.77285766601562,15771200
2025-09-23,140.578631529077,140.80773579770752,138.94012716500762,139.55767822265625,16456400
2025-09-24,139.93117729463643,139.93117729463643,137.7697337441614,138.69606018066406,13471000
2025-09-25,137.4360583598655,138.79568280129888,136.584433150806,138.45204162597656,21349600
2025-09-26,138.6014519546609,138.99489908432523,137.6452448732802,138.87039184570312,16534000
2025-09-29,139.6672483664823,140.40433672838887,139.2887414781197,139.61245727539062,16107400
2025-09-30,139.6124517236541,140.51389812435107,139.31861646097641,140.3744354248047,18215200
2025-10-01,139.65728051399282,141.8486047862867,139.61742968799211,141.74899291992188,17411200
2025-10-02,143.06876551132504,143.09864603128875,141.87349911686573,142.51596069335938,17607800
2025-10-03,142.64546821807096,143.37258627875266,141.31073899060902,141.79881286621094,17458000
2025-10-06,143.71122729805265,144.14949518967745,143.15842247927827,143.23312377929688,17945600
2025-10-07,143.97021200980782,144.17939087049237,141.52490307312738,142.27691650390625,15588400
2025-10-08,142.60560476407178,144.77701884436692,142.53090346284725,144.77203369140625,14037800
2025-10-09,144.7072829952907,144.8367753791425,143.7759713388467,144.5279998779297,11989400
2025-10-10,144.83179702838643,145.09575176265568,138.59149492321754,138.6462860107422,44574600
2025-10-13,141.80378475292457,142.49603707230452,140.9969651078484,142.02291870117188,22030400
2025-10-14,140.16029870464416,141.62949034334838,138.571584968752,140.2001495361328,26956800
2025-10-15,142.16734555613417,142.72513557089158,139.84652873151722,141.58963012695312,20937600
2025-10-16,142.61060061992438,143.24309194927667,140.72805169459545,141.69422912597656,23166200
2025-10-17,140.8525526775265,142.3665497574576,139.95609143949193,141.9432373046875,25511600
2025-10-20,142.75502349817936,144.13954335159264,142.67035189048008,143.52696228027344,13805200
2025-10-21,143.43732644119822,144.11463853526766,142.90941695651532,143.60166931152344,12503800
2025-10-22,143.53692085963615,143.8506815330566,140.39435936959308,142.18228149414062,20723200
2025-10-23,141.62447691673037,144.20426299028463,141.62447691673037,143.9751739501953,11923400
2025-10-24,145.67346964338674,146.7043932300745,145.45932083996007,146.21133422851562,14359600
2025-10-27,148.26322821823314,149.04015218385535,148.02416884471944,148.91065979003906,15167000
2025-10-28,149.63281323485535,150.97251240797067,149.1198439930087,150.38482666015625,15055200
2025-10-29,151.74942580095654,152.3918721977498,150.33999537369786,151.46554565429688,21506200
2025-10-30,150.60396372710983,151.3808877366032,149.5531298522248,149.60293579101562,19218600
2025-10-31,151.1119546646113,151.22152164443403,148.880779438511,149.74734497070312,16303800
2025-11-03,151.18166905619162,151.5103699918333,149.53817957662088,150.35992431640625,13983600
2025-11-04,147.64069786780368,148.61184526401036,146.1466109210503,146.39064025878906,16722600
2025-11-05,146.13166379739448,148.15366015449294,145.90754468645042,146.96336364746094,14447000
2025-11-06,146.72928940126204,146.88866231574173,143.2679972569878,144.0100555419922,24797400
2025-11-07,142.77990558105037,143.54687433742652,140.24494032121208,143.5120086669922,25547000
2025-11-10,146.07687023925317,147.46139011354595,145.31987170608562,147.1824951171875,18286400
2025-11-11,146.21132465218625,146.4752793736569,144.95629723666033,145.92745971679688,14871600
2025-11-12,147.1476299126462,147.1476299126462,145.49915529730131,146.38067626953125,13179200
2025-11-13,145.56390379565195,145.76311233988991,141.9531938362771,142.73011779785156,22385800
2025-11-14,140.09553306390734,144.80689772287403,139.59253417560754,143.5070343017578,27429600
2025-11-17,142.16237174735357,143.7162196602338,140.1204499854737,141.2609405517578,24675400
2025-11-18,140.04077128519353,140.76291939174976,137.69007387178866,138.96502685546875,36747600
2025-11-19,138.9749758252732,141.49998631135145,138.6163943645364,139.9311981201172,27668800
2025-11-20,143.1534410364927,143.68633565483097,135.22481355190342,135.53857421875,56551800
2025-11-21,135.76268778444646,137.87432555961206,133.21278212417783,136.06150817871094,44959000
2025-11-24,136.9778936166021,139.7967394405229,136.89322200340374,139.30368041992188,20124800
2025-11-25,138.0785466674893,140.03579708078325,136.11631110039917,139.67721557617188,21303400
2025-11-26,141.3256728058098,141.933268746237,140.23498816521803,141.33065795898438,13358800
2025-11-28,141.6294811784993,142.57074803022297,141.24598914377208,142.5458526611328,6792200
2025-12-01,141.1613296060198,143.038893313281,140.72804684270088,142.610595703125,12846600
2025-12-02,143.49708757361336,144.94136852691435,143.07874506843473,144.07977294921875,15719000
2025-12-03,143.38253741429702,144.52302801114428,142.66537448165087,144.4234161376953,11623200
2025-12-04,144.6176472647211,145.22025803165195,143.92537973685995,144.96128845214844,9995200
2025-12-05,145.63363275215895,146.7292873267815,145.1156783867417,146.0220947265625,6628000
2025-12-08,146.84881092631207,147.7950781032685,146.3408268618178,147.04803466796875,8272800
2025-12-09,146.75915046372157,147.66556669617333,146.38065884031457,147.4364776611328,6978200
2025-12-10,147.10779845440155,148.6317658749423,146.24123291685743,148.14369201660156,8961100
2025-12-11,146.48025673354593,147.5460458683233,144.5379470752424,147.3866729736328,9769300
2025-12-12,146.3607539300509,146.5002014316042,142.69525286279008,143.12356567382812,14873200
2025-12-15,143.85068210338324,144.05986095270538,141.46014918944869,141.73904418945312,10790300
2025-12-16,141.35056959184453,142.40638845455095,140.7429737106559,141.9980010986328,10790900
2025-12-17,142.15738988852524,142.2769119773204,138.77079898446758,138.84051513671875,18178700
2025-12-18,141.30077096229675,141.85856094133138,140.23498173914078,140.98202514648438,12319500
2025-12-19,142.0278973434728,144.04989373619406,142.00798712778658,144.0299835205078,14265900
2025-12-22,145.6550074327677,145.6550074327677,144.2983133264608,144.8070831298828,8864500
2025-12-23,144.3880890312723,145.6250643909789,144.0090080808129,145.5951385498047,7546100
2025-12-24,145.43553563558234,146.14381611772401,145.32580246853757,145.94430541992188,3676300
2025-12-26,146.2535438927823,146.6226394311932,145.88444835437141,146.17373657226562,5052900
2025-12-29,144.99662554553183,146.02412015194898,144.68736644330406,145.51535034179688,9822300
2025-12-30,145.49540545528077,145.9043970663659,145.0265469341358,145.0564727783203,6387400
2025-12-31,145.35573958892994,145.4455171172508,143.55012748534418,143.61996459960938,9528400
2026-01-02,145.27592583189536,146.16376131212516,143.06132223461395,143.94915771484375,15299500
2026-01-05,145.65499138022793,146.0340723336753,143.89927605684684,144.26837158203125,17476300
2026-01-06,144.856955650259,146.41316036557873,144.27836398554192,146.29344177246094,14985700
2026-01-07,146.17373657226562,147.02167603377654,145.68492244223475,146.17373657226562,13957100
2026-01-08,145.57519103721043,145.57519103721043,143.15110643671426,143.88931274414062,16870100
2026-01-09,144.21851729160065,146.22362494086602,143.6798216581504,145.79466247558594,15652600
2026-01-12,144.8370046524077,146.93188982792398,144.6973456407066,146.43310546875,12867200
2026-01-13,146.49296635217556,147.16133553937286,145.49539767486198,146.1238555908203,16552200
2026-01-14,145.14624832556666,145.57519556747127,142.9715558288872,144.3481903076172,22104200
2026-01-15,146.57276578483157,147.21122438307907,144.95670931766733,145.10635375976562,17370900
2026-01-16,146.36327706462842,146.59271359757147,144.66741336319407,145.2659454345703,14156700
2026-01-20,142.7420932480683,143.7496473177872,141.26569592083473,141.49513244628906,20029200
2026-01-21,142.43286308440085,144.68736295073882,141.61486463514902,143.46035766601562,27892800
2026-01-22,145.25597661419093,145.34575414250082,143.8095050674451,144.5277557373047,12971600
2026-01-23,144.17860759797276,145.47544999372877,143.40050520485732,144.73724365234375,14654500
2026-01-26,144.91681004123515,146.35331141194342,144.53772906238424,145.72483825683594,10195600
2026-01-27,147.06159026335632,148.25866977571278,146.6725390412982,147.6900634765625,12436200
2026-01-28,148.63773570320546,149.53554144092453,148.24868452063515,148.86717224121094,19497400
2026-01-29,147.48056714416987,147.57034468260184,142.9216856618305,146.51292419433594,25581000
2026-01-30,145.68493408291513,146.39321459553818,142.6423615616896,143.5301971435547,18342600
2026-02-02,143.1810250971117,145.7946500523043,143.04136609694925,144.9068145751953,16337600
2026-02-03,145.52533775321245,145.6151152897474,139.8292133509947,141.7345733642578,30464500
2026-02-04,140.48761303613495,140.66716811002345,135.7790871794094,137.78419494628906,45649500
2026-02-05,136.8863777667897,138.1433088447119,134.75158136490833,135.3002471923828,42950900
2026-02-06,137.6744556880719,141.12605020998274,137.0858937874117,140.78688049316406,37131900
2026-02-09,140.25816616087096,143.6798195162492,139.5698413182183,143.00148010253906,24629500
2026-02-10,143.47034676656006,143.7995310631825,142.0438155205337,142.20343017578125,22564300
2026-02-11,144.15865518978487,144.40804737833514,140.97642365010412,142.62240600585938,18905700
2026-02-12,142.9615742299937,143.4204625496584,138.58224805384012,138.87155151367188,32154700
2026-02-13,139.22068786621094,140.56741172435744,137.59464598472434,139.22068786621094,26637100
2026-02-17,138.30291513926875,140.10851193565165,136.68685881926893,139.140869140625,25743800
2026-02-18,139.71947382130853,141.77446296865227,138.93140122253052,140.56741333007812,13705800
2026-02-19,139.74939151611082,140.3678944430965,138.9413633277883,139.86911010742188,13484000
2026-02-20,138.86155234697074,141.40535543619254,138.63211582068172,140.5374755859375,14942400
2026-02-23,139.83916465425418,140.30802313280765,137.55473916610825,138.18321228027344,22021900
2026-02-24,138.9014752647546,140.5973390592157,137.85402505527574,139.97885131835938,13030600
2026-02-25,141.0163102352209,142.99149197385634,140.866681020813,142.66229248046875,13296000
2026-02-26,142.59247558325785,142.66229747853097,138.9214147703723,140.6671600341797,19364900
2026-02-27,137.97373503439198,139.43019214554337,137.6046394580493,138.42263793945312,15328600
2026-03-02,136.69683741886774,139.6197216182104,136.22797891324518,139.2007293701172,20156700
2026-03-03,136.0284674900821,137.99367903163656,134.66180325258014,137.1656951904297,34153000
2026-03-04,138.1931874698976,140.2880877781941,137.70437333884442,139.5,15201400
2026-03-05,138.82166325396486,140.9165483805195,137.75425744386845,139.83917236328125,19422500
2026-03-06,137.4849174002521,139.49002488872586,136.4574076961334,136.95619201660156,19677200
2026-03-09,135.6394178441605,139.8691146271686,135.13066328514083,139.42019653320312,22760900
2026-03-10,139.50000385609275,141.0462383909873,138.68200543443226,139.42019653320312,24338500
2026-03-11,140.23820644629026,141.24574533030233,139.18078608408766,140.08856201171875,14009200
2026-03-12,138.93139872657775,139.4102274460723,137.3153270630365,137.50486755371094,32372800
2026-03-13,138.11338956552257,139.37033592487268,136.1880891959716,136.4674072265625,15701800
2026-03-16,138.38272949100278,139.73942351431418,138.18321879792262,138.4425811767578,16626400
2026-03-17,139.05110015414843,139.92896547900608,138.59221185569365,139.2007293701172,12034600
2026-03-18,138.97129665856934,139.72945863152938,137.59464694698676,137.6245880126953,12634500
2026-03-19,135.66934490045796,138.83163589249077,135.11070885692658,138.0934295654297,18087900
2026-03-20,137.64453730823163,137.64453730823163,133.99344710727743,134.96107482910156,27251800
2026-03-23,137.33624377517714,139.03421610463784,136.05776941601027,136.78689575195312,21818500
2026-03-24,135.88796698986025,136.756925939613,134.70936444914835,135.9878387451172,16843900
2026-03-25,137.12648977738814,137.83565091914792,136.11769810873238,136.5971221923828,13872400
2026-03-26,135.01899443034011,135.35860107603992,132.26228705397543,132.34219360351562,15434600
2026-03-27,131.37335727879343,131.8927422685792,129.4256826178681,129.76527404785156,15895200
2026-03-30,131.11366649582598,131.3933318068118,126.52912905548251,127.34815216064453,18830000
2026-03-31,128.9961806013036,133.061340683807,128.82638489445486,132.74171447753906,19405300
2026-04-01,133.9602609523419,135.88797028702558,133.6006890953376,134.74932861328125,17050100
2026-04-02,131.7529059378816,135.87797696624884,131.19357530628037,135.8280487060547,12266200
2026-04-06,136.31745019443446,137.0865374038907,135.54837822559426,136.61709594726562,10147600
2026-04-07,136.0078178096317,137.3262529867915,133.950273736745,137.2663116455078,8585500
2026-04-08,142.95954295106222,143.38902352330368,140.57238995210017,141.52125549316406,13359000
2026-04-09,141.59115901873233,142.0206548158708,140.18284990498256,141.9008026123047,8235100
2026-04-10,142.33028207469894,143.3890171730368,141.75097102755612,142.45013427734375,9310100
2026-04-13,142.16049205087307,145.49651057637163,141.96073329161632,145.43658447265625,10407700
2026-04-14,146.72503928611852,147.76380920410156,145.9060238129167,147.76380920410156,10183300
2026-04-15,148.09342105941076,150.19091090514866,147.7837926946078,150.12100219726562,10622500
2026-04-16,150.81018661974522,151.9987566081987,149.5716578891661,151.83895874023438,11778000
2026-04-17,153.87652031148002,154.62562710144812,153.32717228404675,154.1661834716797,10630400
2026-04-20,154.11623067577236,154.56569167452182,152.85772159053502,154.37591552734375,8131600
2026-04-21,154.81539617611932,155.884129129734,153.96640242342323,154.50576782226562,12657300
2026-04-22,156.03395010399387,157.9716420882383,155.33478682117797,157.90171813964844,13830400
2026-04-23,156.5833040579365,157.61207619318276,153.76665513110274,155.65440368652344,12151400
2026-04-24,158.24131329735445,160.20896838018592,157.4123151828165,160.02919006347656,11059800
2026-04-27,159.82942092114686,160.42869717855376,158.6208553216934,160.37876892089844,8963900
2026-04-28,156.9228936237192,158.4510702818269,155.974028055183,157.66201782226562,9253000
2026-04-29,158.6408364062814,158.96044736339226,157.56212084987743,158.92050170898438,7506900
2026-04-30,159.4598585960826,159.60968909782088,156.6931685032586,159.31004333496094,9276400
2026-05-01,160.19898245384482,162.09671354707754,159.94928019207123,161.67721557617188,10161800
2026-05-04,162.5162275196125,163.04559509780208,160.68840512599667,161.8570098876953,10740000
2026-05-05,163.67482566689128,165.82227415750694,163.32525166187185,165.4327392578125,9813500
2026-05-06,167.68006605574075,169.87744288963577,166.64129612222325,169.82749938964844,11304700
2026-05-07,170.05722828892144,171.7452180707813,168.49908856431756,169.4879150390625,11031500
2026-05-08,171.3856465086146,175.39088067642803,171.09599858106782,175.31097412109375,11222200
2026-05-11,175.94020129220524,178.08764981145518,175.6605359882143,177.66815185546875,10461800
2026-05-12,175.9402138471824,176.77922505964256,170.99611193521514,174.99134826660156,15950700
2026-05-13,177.05888701602882,177.52832849528758,174.05246197984613,176.63938903808594,9817900
2026-05-14,177.14877360916768,180.00536810004343,176.65935168834534,179.28622436523438,11424900
2026-05-15,176.00015108522015,178.48717588944902,174.42203094229262,176.05007934570312,14519000
2026-05-18,177.40845571369712,177.63819276472415,171.7052646652148,174.15234375,19162600
2026-05-19,172.4743303069572,174.9713527997539,170.62654280665714,173.03367614746094,15751400
2026-05-20,174.45198923933788,177.03890097524803,173.7428281205334,176.9290313720703,12630300
2026-05-21,175.62059330770344,178.76683565119026,175.62059330770344,178.38729858398438,10873200
2026-05-22,179.81558378854845,181.5135560473922,179.346142337373,180.17515563964844,10739900
2026-05-26,182.98181786096717,185.77848629416397,182.3725437210229,184.9195098876953,12500300
2026-05-27,185.95825821276128,186.04816260848574,182.32259394687375,184.21034240722656,12297400
2026-05-28,184.60987343129256,187.3565982427769,183.5711035132952,186.62747192382812,11167600
2026-05-29,189.10452123574152,191.4017851228011,188.97467118089125,190.79251098632812,15031700
2026-06-01,192.09096511554273,196.26597965738966,190.9223451073667,195.52685546875,18968800
2026-06-02,196.21603952298054,198.14374896076225,195.51687621936165,197.9739532470703,10175200
2026-06-03,198.13374283346508,198.49331469466892,194.29831980770152,195.9962921142578,11582100
2026-06-04,191.29191257814006,194.5080789224973,189.4640901967979,192.93994140625,13142600
2026-06-05,188.6650317829306,188.99464058247287,179.58586161226862,180.08526611328125,26816100
2026-06-08,184.99941755273238,186.4876485567764,182.9518559068137,183.9606475830078,14685000
2026-06-09,185.6885959756143,186.85720074677207,172.67411514493736,180.55471801757812,29884400
2026-06-10,177.94782384264687,182.1927623012561,175.94020789999234,176.41964721679688,20059800
2026-06-11,177.57824776651307,183.4412670381296,176.28979084524326,182.99180603027344,18238400
2026-06-12,183.02177064279778,185.61866495512996,181.42367011165783,184.5799102783203,15014300
2026-06-15,190.14327742477178,191.85124763716223,189.52402067952255,191.56158447265625,13097800
2026-06-16,191.00224505357698,192.02103452362363,186.2079586987521,186.21795654296875,10077200
2026-06-17,188.78488853172763,189.76373235052438,185.07931557973617,185.57872009277344,14396100
2026-06-18,190.19321612408265,191.77133624077132,189.1544614253164,191.21200561523438,12101600
2026-06-22,192.9499969482422,194.3000030517578,190.86000061035156,192.14999389648438,11313000
2026-06-23,184.67999267578125,187.25,183.6999969482422,184.19000244140625,14633600
2026-06-24,184.07000732421875,185.66000366210938,180.7899932861328,183.0500030517578,12323700
2026-06-25,188.14999389648438,188.41000366210938,180.3800048828125,184.57000732421875,13218200
2026-06-26,181.0,183.11000061035156,179.75999450683594,181.11000061035156,13433900
2026-06-29,183.1199951171875,185.66000366210938,178.6699981689453,185.41000366210938,11857000
2026-06-30,185.75999450683594,190.94000244140625,185.60000610351562,190.52000427246094,10729900
2026-07-01,186.8300018310547,187.97999572753906,185.3800048828125,185.6199951171875,9960300
2026-07-02,185.49000549316406,187.3800048828125,178.72000122070312,180.58999633789062,14173100
2026-07-06,182.66000366210938,185.7100067138672,182.0399932861328,183.57000732421875,8923100
2026-07-07,179.83999633789062,180.72000122070312,176.36000061035156,179.17999267578125,12254800
2026-07-08,177.47999572753906,181.6300048828125,177.14999389648438,181.39999389648438,10528300
2026-07-09,184.75999450683594,186.39999389648438,183.55999755859375,185.35000610351562,7756600
2026-07-10,184.00999450683594,186.22999572753906,183.08999633789062,185.77999877929688,6162000
2026-07-13,183.10000610351562,183.89999389648438,180.5399932861328,181.27999877929688,8595100
2026-07-14,183.7100067138672,184.42999267578125,181.3300018310547,183.6199951171875,6399600
2026-07-15,185.11000061035156,185.2899932861328,178.22000122070312,181.5800018310547,9256800
2026-07-16,179.0,179.47999572753906,176.41000366210938,177.52000427246094,8666500
2026-07-17,172.85000610351562,177.9199981689453,171.33999633789062,175.58999633789062,12036700
2026-07-20,177.19000244140625,178.6999969482422,175.52000427246094,175.7100067138672,7638600
2026-07-21,179.55999755859375,181.02000427246094,178.1699981689453,180.77999877929688,7506800
2026-07-22,178.16000366210938,181.42999267578125,178.14999389648438,180.27000427246094,5357600
2026-07-23,178.8000030517578,180.38999938964844,177.1999969482422,178.4499969482422,7177000
2026-07-24,177.82000732421875,179.00999450683594,175.0500030517578,175.8800048828125,7739600
2026-07-27,177.8300018310547,178.3000030517578,171.72999572753906,174.3000030517578,8376600
2026-07-28,171.2100067138672,172.1699981689453,167.5399932861328,171.08999633789062,10049300
2026-07-29,171.1199951171875,172.50999450683594,166.4600067138672,166.57000732421875,14372900
2026-07-30,172.80999755859375,176.08999633789062,172.16000366210938,175.72999572753906,15098400
2026-07-31,177.4600067138672,178.6199951171875,172.6999969482422,175.35000610351562,9146200
2026-08-03,174.00999450683594,178.9199981689453,173.0399932861328,178.0399932861328,9343400
2026-08-04,182.52000427246094,187.7100067138672,181.8699951171875,186.89999389648438,13495800
2026-08-05,187.33999633789062,188.6199951171875,185.7100067138672,185.91000366210938,7571400
2026-08-06,183.19000244140625,186.91000366210938,182.05999755859375,185.3300018310547,6706000
2026-08-07,187.99000549316406,188.72999572753906,185.74000549316406,187.97000122070312,6361200
2026-08-10,188.0800018310547,188.83999633789062,186.27000427246094,186.32000732421875,6486800
2026-08-11,187.69000244140625,187.7100067138672,185.07000732421875,186.08999633789062,5759200
2026-08-12,189.47000122070312,189.58999633789062,188.3300018310547,188.86000061035156,5887200
2026-08-13,189.1300048828125,191.74000549316406,188.86000061035156,190.77000427246094,4873900
2026-08-14,191.13999938964844,191.35000610351562,189.25,190.00999450683594,3634400
2026-08-17,190.7899932861328,191.75,190.11000061035156,190.32000732421875,6099500
2026-08-18,186.2899932861328,187.5,184.3300018310547,185.6199951171875,8436300
2026-08-19,186.38999938964844,186.91000366210938,182.41000366210938,183.63999938964844,7310400
2026-08-20,183.47000122070312,184.7100067138672,182.66000366210938,183.10000610351562,5012100
2026-08-21,184.4199981689453,184.55999755859375,181.89999389648438,183.30999755859375,5781100
2026-08-24,181.67999267578125,181.8800048828125,178.82000732421875,180.0500030517578,6540100
2026-08-25,182.11000061035156,183.02000427246094,180.58999633789062,181.74000549316406,5363500
2026-08-26,180.7100067138672,183.35000610351562,180.7100067138672,182.83999633789062,4662700
2026-08-27,186.47000122070312,188.74000549316406,185.6699981689453,188.61000061035156,8136000
2026-08-28,188.07000732421875,188.6699981689453,185.50999450683594,185.69000244140625,6300200
2026-08-31,185.77999877929688,186.64999389648438,185.27999877929688,186.5,4874800
2026-09-01,183.6999969482422,184.9199981689453,182.6300048828125,183.63999938964844,7648700
2026-09-02,183.4600067138672,183.77999877929688,182.27000427246094,183.60000610351562,5698700
2026-09-03,183.52000427246094,186.32000732421875,182.49000549316406,185.97000122070312,6091100
2026-09-04,187.19000244140625,188.1999969482422,186.4199981689453,187.27999877929688,5103800
2026-09-08,188.63999938964844,189.0800018310547,187.02000427246094,187.8699951171875,8421300
2026-09-09,187.52999877929688,188.8300018310547,187.14999389648438,187.8699951171875,5990000
2026-09-10,185.24000549316406,186.52000427246094,184.57000732421875,185.22000122070312,5568800
2026-09-11,187.35000610351562,188.63999938964844,186.8800048828125,187.6699981689453,6534700
2026-09-14,183.0,185.60000610351562,182.0800018310547,184.27999877929688,8532300
2026-09-15,184.5,185.07000732421875,183.4600067138672,183.74000549316406,6147600
2026-09-16,184.92999267578125,186.1300048828125,182.4199981689453,183.92999267578125,8061600
