Date,Open,High,Low,Close,Volume
2002-07-30,36.35431134926581,36.60552463883432,36.336366369431126,36.379432678222656,21200
2002-07-31,36.53374001551088,36.6952338369452,36.444020617376545,36.601924896240234,272000
2002-08-01,36.74905992598467,37.000273103871756,36.71317272028912,36.96079635620117,111700
2002-08-02,36.92852452586027,37.07207618708241,36.76702788022778,37.03618621826172,29200
2002-08-05,37.197649889948984,37.197649889948984,36.7885297978445,36.946434020996094,166500
2002-08-06,36.78495552903196,36.838787718873355,36.64140393546123,36.82084274291992,430100
2002-08-07,36.85671246429371,37.00026398973365,36.677273741998185,36.92490005493164,33100
2002-08-08,36.964390418866344,36.964390418866344,36.72394309947974,36.8172492980957,83600
2002-08-09,36.89261157476587,37.02898405194147,36.824423967168926,36.964385986328125,273800
2002-08-12,37.0002739338098,37.07563788886638,36.946441755049854,37.01462936401367,69100
2002-08-13,37.136649867471064,37.31967544555664,37.01821961952035,37.31967544555664,36400
2002-08-14,37.33043679498163,37.574473607442194,37.32326044962311,37.33402633666992,76400
2002-08-15,37.41297530715448,37.41297530715448,37.14381721141955,37.22277069091797,132000
2002-08-16,37.46678735887708,37.46678735887708,37.03613299409865,37.043312072753906,57400
2002-08-19,37.19763651031899,37.337598452642425,37.17969154827064,37.251468658447266,18700
2002-08-20,37.6103607523142,37.66419018354653,37.48116464132088,37.649837493896484,262800
2002-08-21,37.682143527898745,37.735975709113724,37.57447916546879,37.70008850097656,22300
2002-08-22,37.77184677819547,37.77184677819547,37.59958441951504,37.646240234375,161800
2002-08-23,37.75390625,37.78979618503882,37.628299691417,37.75390625,47500
2002-08-26,37.68214482563164,37.825696401142515,37.68214482563164,37.79339599609375,28900
2002-08-27,37.75391794417307,37.771862917250886,37.592424138546605,37.70008850097656,202400
2002-08-28,37.825690389845875,37.929765197101126,37.73597101166219,37.77185821533203,307900
2002-08-29,37.96922207075521,38.005109255642935,37.789783408299876,37.911800384521484,42900
2002-08-30,38.04102160266372,38.04102160266372,37.789808404268626,37.93335723876953,36500
2002-09-03,38.20357974021918,38.25769300908131,38.1133918762207,38.1133918762207,49300
2002-09-04,38.275718297285586,38.29375696600011,38.14945587322715,38.25407409667969,1690000
2002-09-05,38.45608935528969,38.49216393607055,38.174703771959315,38.3622932434082,138300
2002-09-06,38.358698941919286,38.358698941919286,37.95104807804012,38.10256576538086,224800
2002-09-09,37.96904576626002,38.23960903775355,37.96904576626002,38.127777099609375,53600
2002-09-10,37.97270082733324,38.36591861188203,37.969092541954126,38.2901611328125,176800
2002-09-11,38.059263625234934,38.23963928222656,37.95825369768987,38.23963928222656,125500
2002-09-12,38.311776564418466,38.506582543841866,38.203552855169846,38.43804168701172,523900
2002-09-13,38.528262291699335,38.57155071133059,38.3298478606708,38.50300979614258,93400
2002-09-16,38.81325072303586,38.81325072303586,38.57154789005518,38.65452194213867,32200
2002-09-17,38.69060920674293,39.04414698673746,38.51023340624529,38.68339538574219,135500
2002-09-18,38.7446820040027,38.7446820040027,38.54265944701074,38.63645553588867,214400
2002-09-19,38.7446820040027,38.766326196700135,38.54626772989812,38.63645553588867,143000
2002-09-20,38.63648326706801,38.65452194213867,38.49218212344889,38.65452194213867,46900
2002-09-23,38.78076862971803,38.78076862971803,38.528243795380455,38.535457611083984,75100
2002-09-24,38.56432242017886,38.85292186790867,38.38394673322977,38.52824783325195,229100
2002-09-25,38.492171461114694,38.58235930685519,38.28293775075588,38.448883056640625,97000
2002-09-26,38.243263233554174,38.513826829886405,38.16750575685898,38.49217987060547,280200
2002-09-27,38.56428599721007,38.79877471923828,38.441629214727264,38.79877471923828,301400
2002-09-30,38.816818942182394,38.907006719814,38.654482043370514,38.72663116455078,105200
2002-10-01,38.725564826573674,38.76179024600173,38.5806603850391,38.7002067565918,333500
2002-10-02,38.761762768698624,38.761762768698624,38.57338906291302,38.68931198120117,314000
2002-10-03,38.77992465399343,38.77992465399343,38.580680597023886,38.67124557495117,160500
2002-10-04,38.27273019897247,38.63498982648035,38.27273019897247,38.580650329589844,123300
2002-10-07,38.54442910823498,38.54442910823498,38.3995246887207,38.3995246887207,61300
2002-10-08,38.037258740655155,38.32706753182683,38.037258740655155,38.0408821105957,281800
2002-10-09,38.03727012365788,38.03727012365788,37.729349918278444,37.89961242675781,300600
2002-10-10,37.71121566756225,37.8923454284668,37.566311306074454,37.8923454284668,116600
2002-10-11,38.16404567147464,38.16404567147464,37.84888161008683,38.00102996826172,86100
2002-10-14,38.00104634031346,38.13508067195704,37.953950806430115,38.06987380981445,47600
2002-10-15,37.60254373995952,37.91046381570461,37.60254373995952,37.62065505981445,47600
2002-10-16,37.58446420145903,37.92860999705135,37.45767379065258,37.53012466430664,1124900
2002-10-17,37.403315121078606,37.403315121078606,37.095394919819654,37.24754333496094,638900
2002-10-18,37.222158583287474,37.3489488383497,36.91423860275912,37.3453254699707,599800
2002-10-21,37.45766034029543,37.45766034029543,37.062795758345466,37.12438201904297,183400
2002-10-22,37.11348987514089,37.34533576655477,37.11348987514089,37.27650833129883,464900
2002-10-23,37.243905270175105,37.49386525630659,37.16783109261795,37.348960876464844,128500
2002-10-24,37.31273179290185,37.49386155888681,37.20405282778252,37.490238189697266,30600
2002-10-25,37.7003666458751,37.747459411621094,37.47214403119844,37.747459411621094,58500
2002-10-28,37.85252380371094,37.85614717539715,37.747468135393206,37.85252380371094,771200
2002-10-29,38.00104693040994,38.21115824100125,37.85614248297378,38.0734977722168,29200
2002-10-30,38.03726210126671,38.21114794409691,37.94669719150179,38.08073425292969,828500
2002-10-31,38.1930517427048,38.49010467529297,38.1930517427048,38.49010467529297,111000
2002-11-01,38.48899997303984,38.48899997303984,38.11404569915676,38.21597671508789,13100
2002-11-04,38.223257375891436,38.29606246948242,37.986636655716275,38.29606246948242,155200
2002-11-05,38.47805572163238,38.47805572163238,38.095825035391805,38.25599670410156,53100
2002-11-06,38.4598909584697,38.689229579583255,38.230549560018915,38.37252426147461,598300
2002-11-07,38.74745545798748,38.91490936279297,38.66736820409447,38.91490936279297,247800
2002-11-08,39.0059173454593,39.0059173454593,37.338654906634005,38.96587371826172,847700
2002-11-11,39.13333770615465,39.13333770615465,39.00956848281019,39.07145309448242,18100
2002-11-12,39.060533975819524,39.060533975819524,38.747467041015625,38.747467041015625,26300
2002-11-13,38.94040561628231,38.94040561628231,38.74382849705415,38.89672088623047,339400
2002-11-14,38.66008941390958,38.88214853647457,38.59092541549504,38.638248443603516,120300
2002-11-15,38.696504357519,38.878519894897096,38.64189914083823,38.86031723022461,112900
2002-11-18,38.900342166560314,39.15152437611633,38.80933444162962,39.12968063354492,50400
2002-11-19,39.18425678366178,39.18425678366178,38.96219787721678,39.056846618652344,22600
2002-11-20,39.28988686944988,39.28988686944988,38.92949676513672,38.92949676513672,81200
2002-11-21,38.91493518409994,38.94769665842949,38.71107582692258,38.92949676513672,239200
2002-11-22,38.86031394385396,38.91127806782291,38.76930618286133,38.76930618286133,1099900
2002-11-25,38.88216061641736,38.89308110496317,38.73655039935729,38.76567077636719,28100
2002-11-26,38.823913304371956,38.98408508300781,38.8057106403436,38.98408508300781,75800
2002-11-27,38.914924859391675,38.94768632502913,38.66010142486283,38.76567077636719,123000
2002-11-29,38.84211697352478,38.87852230512666,38.59457571625106,38.76567077636719,17200
2002-12-02,38.6724570994533,38.895469225627366,38.49697388527871,38.82966232299805,63300
2002-12-03,38.82598097343469,38.96856204045224,38.81135970591041,38.89910125732422,2064200
2002-12-04,38.89910125732422,38.95028406142008,38.789422226116734,38.89910125732422,248700
2002-12-05,38.79675492854099,39.059979713587644,38.789441501890934,38.98686218261719,123500
2002-12-06,39.191597140248284,39.24277997453168,38.79310181771968,39.0088005065918,297400
2002-12-09,39.063640054539796,39.15503837136804,38.935682968831316,39.0088005065918,63500
2002-12-10,38.93932046953195,39.11480358927449,38.93932046953195,39.08190155029297,115600
2002-12-11,39.228132392317626,39.28296911423729,39.04898980320203,39.24641036987305,217600
2002-12-12,39.2098516255088,39.33415191419792,39.09286196999117,39.24641036987305,26800
2002-12-13,39.081904059585646,39.26104390269039,39.03072124727001,39.045345306396484,44900
2002-12-16,39.24642826193497,39.24642826193497,39.02707290649414,39.02707290649414,317400
2002-12-17,39.33781364734828,39.33781364734828,39.0489947882688,39.17329788208008,294400
2002-12-18,39.30126394743122,39.38169488737178,39.209865659181375,39.3707275390625,46800
2002-12-19,39.50235362562726,39.62299728393555,39.31955699207832,39.62299728393555,50600
2002-12-20,39.64857436533509,39.64857436533509,39.487715282667395,39.63395309448242,39800
2002-12-23,39.593728332797646,39.666845826915406,39.498673359041675,39.64125442504883,23900
2002-12-24,39.666826525155656,39.84962296075545,39.63026779588615,39.72532272338867,14500
2002-12-26,39.604683990403416,39.85694122314453,39.604683990403416,39.85694122314453,14100
2002-12-27,39.941034887519486,40.094583276705194,39.84963663834896,40.08727264404297,16500
2002-12-30,40.16040262906886,40.251800906690434,40.032445598249474,40.20793151855469,30200
2002-12-31,40.29205439750853,40.36918841915277,40.163502365141696,40.28838348388672,96100
2003-01-02,40.02391480323219,40.02391480323219,39.30402092883951,39.42155456542969,66700
2003-01-03,39.52070690508129,39.64558792114258,39.39582869124183,39.64558792114258,23800
2003-01-06,39.57579938574499,39.627220153808594,39.355424265155015,39.627220153808594,623000
2003-01-07,39.61255610172132,39.82191303457845,39.45094906025749,39.77783966064453,45100
2003-01-08,39.88802871514772,39.94312323868033,39.741110919802054,39.81824493408203,107600
2003-01-09,39.66763834910801,39.66763834910801,39.31136374150574,39.49868392944336,55600
2003-01-10,39.74110997284596,39.74110997284596,39.417893072566244,39.601539611816406,82100
2003-01-13,39.667661297943525,39.75948458798506,39.49870678053403,39.557472229003906,53300
2003-01-14,39.924756161932706,39.924756161932706,39.60153926448779,39.66765213012695,239200
2003-01-15,39.74110962429323,39.75947539894669,39.56481051740465,39.66765213012695,111500
2003-01-16,39.66764417325261,39.68233622958356,39.392174422049465,39.57582092285156,185900
2003-01-17,39.75946044921875,39.7778262169666,39.57948769462525,39.75946044921875,1489000
2003-01-21,39.66764168244209,39.80721200548742,39.57581843780681,39.78517532348633,37600
2003-01-22,39.759459141724754,39.906376872207986,39.70436464251571,39.86597442626953,39300
2003-01-23,39.77782208943639,39.943102773125865,39.76680094859765,39.884334564208984,200300
2003-01-24,40.01289881670123,40.16716119838465,39.91005722891229,40.0643196105957,1025300
2003-01-27,40.05329159797799,40.05329159797799,39.71905371614689,39.82924270629883,819100
2003-01-28,39.77785975733054,39.95415894658395,39.73010984181288,39.95048522949219,691100
2003-01-29,39.99817568302922,39.99817568302922,39.685977447750744,39.71535873413086,38100
2003-01-30,39.77783417525167,39.917404510501676,39.67131886589378,39.85129165649414,812000
2003-01-31,39.94309053861139,39.979819256823276,39.741078385113696,39.961456298828125,128300
2003-02-03,39.742041238056956,40.02604345004685,39.742041238056956,40.00022506713867,25300
2003-02-04,39.90798523389501,40.12928870334707,39.88216687099101,40.07765197753906,557200
2003-02-05,40.06291896392659,40.12562033286654,39.83792905044374,40.01865768432617,118900
2003-02-06,40.09241237213514,40.12191988355391,39.93012668731425,40.08872604370117,29600
2003-02-07,40.05555253748606,40.20677651040441,39.926460617917215,40.177268981933594,266500
2003-02-10,40.147730081736306,40.16617297611735,39.85634979725741,39.930118560791016,425700
2003-02-11,39.91167437545001,40.07765197753906,39.91167437545001,40.07765197753906,133300
2003-02-12,40.180919087649464,40.180919087649464,40.0186306527284,40.02231979370117,35300
2003-02-13,40.10715033814441,40.29525713189473,40.02231979370117,40.02231979370117,79200
2003-02-14,40.18461190280144,40.18461190280144,39.92642827282282,40.003883361816406,75900
2003-02-18,40.01863598771275,40.144038657604,39.92642714903138,40.12928771972656,930400
2003-02-19,40.18091437839086,40.31738162449845,40.092391889359746,40.25836944580078,27200
2003-02-20,40.26208328928349,40.45387650521349,40.2030682603872,40.36166763305664,164900
2003-02-21,40.47965919158897,40.47965919158897,40.2030328189813,40.250980377197266,81200
2003-02-24,40.42436118353256,40.46862244665652,40.31739857480953,40.3837890625,125200
2003-02-25,40.56823721566093,40.56823721566093,40.37275474798094,40.45758819580078,163800
2003-02-26,40.568214416503906,40.57190355929053,40.405928715780924,40.568214416503906,32300
2003-02-27,40.57189065726908,40.752619200461375,40.46861720401633,40.73786544799805,89700
2003-02-28,40.741559899426846,40.85958712052531,40.56452047477461,40.75262451171875,81000
2003-03-03,40.94997859376535,41.04994847920877,40.76855542641288,40.987003326416016,196700
2003-03-04,40.87963214756677,41.03883821430941,40.82039031591796,41.009220123291016,96400
2003-03-05,41.06105561652337,41.06105561652337,40.82039061708502,40.987003326416016,23900
2003-03-06,41.06108937985251,41.06108937985251,40.82042418252223,40.916690826416016,48000
2003-03-07,41.00920953356619,41.08325897919955,40.816676455231004,40.92775344848633,28400
2003-03-10,40.92779441841532,41.120324864673876,40.92409109498493,41.042572021484375,48600
2003-03-11,41.09066049987045,41.09066049987045,40.857399408053304,40.9499626159668,49700
2003-03-12,40.91297842920029,41.04256648369775,40.80190133974091,40.875953674316406,139500
2003-03-13,40.55012220583829,40.72044113420362,40.45755892185191,40.61676788330078,190500
2003-03-14,40.561195887747274,40.705594255606364,40.487143631919075,40.568599700927734,212800
2003-03-17,40.65375491802115,40.761125734547974,40.30201309473508,40.35755157470703,502800
2003-03-18,40.36495014841948,40.587104039475356,40.09096392753572,40.19833755493164,1098700
2003-03-19,40.24649589009264,40.25760585180359,39.92437762062333,39.98731994628906,869800
2003-03-20,40.22425648949052,40.27979496412846,39.894731784724,40.05764389038086,44700
2003-03-21,40.098387417991994,40.11689836682448,39.82810157682938,39.85401916503906,142200
2003-03-24,39.987320719776065,40.242796172757,39.97991690329815,40.172447204589844,123000
2003-03-25,40.19095938978828,40.28352262852589,40.116907103914684,40.21687698364258,30700
2003-03-26,40.22801759368656,40.42795469470231,40.22801759368656,40.394630432128906,129600
2003-03-27,40.52048706222598,40.52048706222598,40.361278167727306,40.450138092041016,54600
2003-03-28,40.52418200183387,40.7241189227306,40.5056710502432,40.61304473876953,650500
2003-03-31,40.61675338093984,40.820393662922264,40.61675338093984,40.8018798828125,59000
2003-04-01,40.92523779011648,41.05196302316938,40.73887514597874,41.02214431762695,94500
2003-04-02,40.77615255762181,40.92896846753791,40.70533383340754,40.90287780761719,155700
2003-04-03,40.90291104648328,41.03336445209708,40.813457688872525,40.906639099121094,31200
2003-04-04,40.90290254022461,40.936449319646535,40.74263043418078,40.80599594116211,680000
2003-04-07,40.63450162824037,40.820864235465905,40.466776419204486,40.73141098022461,61800
2003-04-08,40.81341014248979,40.90286339589023,40.679228840555325,40.88050079345703,377400
2003-04-09,40.92523332128151,41.03332114065066,40.779870702220414,41.014686584472656,31500
2003-04-10,40.99977043622128,40.99977043622128,40.813407843329365,40.8655891418457,795300
2003-04-11,40.7389132982414,40.843276021708,40.649457097837804,40.72027587890625,106100
2003-04-14,40.746304646057574,40.8096672256446,40.515214078328455,40.742576599121094,145200
2003-04-15,40.93269022835682,40.99978089265517,40.74632758793566,40.81714630126953,824100
2003-04-16,41.037058618344425,41.111605391188796,40.90660532045256,41.09296798706055,196400
2003-04-17,41.223417838384336,41.22714588763202,41.00351127513359,41.00723648071289,54800
2003-04-21,41.037058618344425,41.14142125665792,40.95505859004994,41.09296798706055,89000
2003-04-22,41.21969444527724,41.316603830985095,41.074331788549806,41.11160659790039,35500
2003-04-23,41.13028716066324,41.391196899585694,41.13028716066324,41.350196838378906,51700
2003-04-24,41.4246896084489,41.670689671373744,41.4246896084489,41.59241485595703,344000
2003-04-25,41.67066182868564,41.704205718307215,41.48429930323296,41.59611511230469,128400
2003-04-28,41.61105891500248,41.64460567607165,41.45078689664024,41.61851501464844,50300
2003-04-29,41.52159888639941,41.6222334659373,41.379961452800735,41.469417572021484,275900
2003-04-30,41.48434521518539,41.84961457687384,41.45079844477015,41.76388931274414,345500
2003-05-01,42.099249794438855,42.20440357420878,41.86265378995651,41.99785232543945,47700
2003-05-02,41.91523783711635,42.09550067172414,41.776282967135515,41.85514831542969,49200
2003-05-05,41.94901240963069,42.04290008544922,41.76874967658481,42.04290008544922,32100
2003-05-06,42.117997024162776,42.38088127723329,41.93397804701342,42.264461517333984,139900
2003-05-07,42.53114308518867,42.56869760537538,42.36589975809567,42.546165466308594,102300
2003-05-08,42.73769075135367,42.771488954819226,42.49733842040153,42.5499153137207,1671300
2003-05-09,42.60623467991472,42.60623467991472,42.34710659107125,42.47479248046875,36100
2003-05-12,42.80905616348009,42.80905616348009,42.49735102215097,42.621280670166016,59500
2003-05-13,42.538644929120565,42.63628895562101,42.44475721350783,42.625022888183594,73100
2003-05-14,42.75646434499108,42.880396815016354,42.62502211855168,42.81279754638672,36500
2003-05-15,42.662595744211835,42.906704482804905,42.628797527368,42.797794342041016,55200
2003-05-16,42.81276354064554,43.08691670822691,42.66254274465123,43.083160400390625,84400
2003-05-19,42.9855502106446,43.150793502529616,42.80528740606605,42.90668487548828,751100
2003-05-20,42.96300744928655,43.1507828289904,42.75645338552234,43.038116455078125,559100
2003-05-21,43.038116455078125,43.184581022029136,42.85785369508837,43.038116455078125,52700
2003-05-22,43.03812527684675,43.327301025390625,43.03812527684675,43.327301025390625,39200
2003-05-23,43.4512216339497,43.48877900199828,43.237157816107334,43.38737869262695,2946200
2003-05-27,43.42493511665476,43.42869142667079,43.053140651369084,43.237159729003906,63800
2003-05-28,43.188332142605745,43.25217507638005,42.9254477886971,43.06439971923828,711900
2003-05-29,43.31978451285599,43.46249565160788,43.19585206032679,43.37611770629883,134300
2003-05-30,43.37612258729896,43.40616734254603,43.135770275773524,43.394901275634766,32900
2003-06-02,43.36199563513226,43.39222691224769,43.08614027672715,43.21084213256836,73100
2003-06-03,43.43380231726268,43.634079520320036,43.27886915534204,43.607627868652344,43600
2003-06-04,43.64166224093473,43.73613289434234,43.42249251612089,43.664337158203125,344300
2003-06-05,43.683212652407384,43.834366215961865,43.46026338050071,43.59252166748047,124600
2003-06-06,43.577422888541285,43.687009192455974,43.456500567500164,43.664337158203125,81600
2003-06-09,43.830577125965064,43.89481932264781,43.64163593304667,43.75878143310547,38600
2003-06-10,43.96662248690704,44.098880767822266,43.87971113788317,44.098880767822266,32100
2003-06-11,44.02708688575553,44.19335321021298,43.951508662807214,44.04975891113281,191600
2003-06-12,44.01576280100007,44.268943429704485,44.01576280100007,44.20848083496094,70200
2003-06-13,44.306720557652355,44.47676651959319,44.20847030610135,44.39363479614258,26800
2003-06-16,44.55236268401849,44.57503471926895,44.11779708261868,44.231163024902344,173500
2003-06-17,44.227354110614705,44.227354110614705,43.90993141217971,44.09131622314453,43000
2003-06-18,43.85325345985997,44.00062736450189,43.683204650878906,43.683204650878906,75200
2003-06-19,43.645415564148905,43.88348042934111,43.58873262967063,43.75878143310547,107700
2003-06-20,43.75877025019208,43.75877025019208,43.513146185566654,43.550933837890625,57900
2003-06-23,43.569852896084136,43.82303347621377,43.55473725029831,43.7701301574707,233500
2003-06-24,43.79655530645888,43.928813523259656,43.68696910310597,43.83434295654297,365000
2003-06-25,44.11781942180284,44.14805073945496,43.54343880149835,43.61145782470703,76700
2003-06-26,43.53962659761367,43.53962659761367,43.13529239627159,43.22976303100586,98400
2003-06-27,43.39981744628708,43.40737671302182,43.006819183531086,43.11640548706055,47700
2003-06-30,43.26751529456366,43.3166389465332,43.082353809280235,43.3166389465332,279500
2003-07-01,43.405213697906106,43.46222638144179,43.055540158572725,43.08214569091797,1089100
2003-07-02,43.07070382728221,43.367166027239946,42.899668834932086,43.23413848876953,1120200
2003-07-03,43.32920758903716,43.36341346628905,42.94912682071227,42.96813201904297,118500
2003-07-07,42.911111840265285,42.94531771155177,42.69446595609395,42.75907897949219,211300
2003-07-08,42.835080842865885,42.94910617847485,42.6070330714327,42.79707336425781,191600
2003-07-09,42.91112732270009,43.066958958872355,42.81610711290659,42.949134826660156,131800
2003-07-10,43.177161340612756,43.177161340612756,42.94911353014426,43.03653335571289,68000
2003-07-11,43.12018699008831,43.1353905776045,43.025166742953,43.08978271484375,43700
2003-07-14,43.04416847257794,43.31022398313359,42.97575378417969,42.97575378417969,47400
2003-07-15,43.04418183410974,43.04418183410974,42.35243439214914,42.4854621887207,64700
2003-07-16,42.18897868596752,42.54625564961838,42.18897868596752,42.470237731933594,191200
2003-07-17,42.43603699944329,42.477846134302624,42.18898381158016,42.27260208129883,80600
2003-07-18,42.4740482844553,42.508254179766176,42.268804213227035,42.45124435424805,74100
2003-07-21,42.416989779375555,42.416989779375555,41.81266308281928,41.938087463378906,40900
2003-07-22,41.86588503127176,42.08253089019864,41.74425933678273,41.903892517089844,116500
2003-07-23,42.22698526070348,42.31060351841328,42.07495232848448,42.18137741088867,172300
2003-07-24,42.09015047239409,42.09015047239409,41.85830093317399,41.998931884765625,73000
2003-07-25,42.07492765316385,42.253566026272644,41.78986715985031,41.903892517089844,95300
2003-07-28,41.7138610037571,41.85449192076786,41.48581314086914,41.48581314086914,142100
2003-07-29,41.4288000080703,41.80888074208929,41.094330006056495,41.10573196411133,355200
2003-07-30,41.23114681513796,41.52380761579238,41.18933771507519,41.314762115478516,565300
2003-07-31,41.1817700955776,41.21217726733687,40.668661396236786,40.80168914794922,165400
2003-08-01,40.827303087840775,41.06453870896527,40.63598488608091,40.9229621887207,179400
2003-08-04,40.834983306976405,41.22909858506576,40.834983306976405,41.1640510559082,74200
2003-08-05,41.05688819795625,41.267336473101814,40.83878555976733,40.976531982421875,82500
2003-08-06,41.05689672094791,41.301783842056295,40.86557847512669,41.1334228515625,103500
2003-08-07,41.42037695308695,41.43185557430274,41.09513670174612,41.359153747558594,62800
2003-08-08,41.36302337088929,41.60791060571862,41.24823412166147,41.38215637207031,40500
2003-08-11,41.36297091968659,41.389755335803805,41.098953937754736,41.221397399902344,76500
2003-08-12,41.15255696523842,41.405095538575864,41.095160906071094,41.175514221191406,55600
2003-08-13,41.0951570656764,41.0951570656764,40.67043035452824,40.712520599365234,88100
2003-08-14,40.58243119561925,40.93063185425978,40.47146624679815,40.76609802246094,456200
2003-08-15,40.71253620437455,41.22909504803338,40.71253620437455,40.846458435058594,8000
2003-08-18,40.96124330689089,41.079859701660745,40.789055110082714,40.98037338256836,40800
2003-08-19,41.09512744504388,41.34766581275614,40.91146078911295,41.343841552734375,101100
2003-08-20,41.328539930015324,41.473940646158006,41.102783036778185,41.21757507324219,32100
2003-08-21,41.305608351891856,41.3247413443022,40.98036791590939,41.01863098144531,88100
2003-08-22,41.209920713860456,41.29027689095491,41.026256958657356,41.21757507324219,66500
2003-08-25,41.09517406685866,41.28266519551703,40.94594601680403,41.03395080566406,55400
2003-08-26,41.01862540490367,41.18315919169581,40.85409161811154,41.11428451538086,47200
2003-08-27,41.2941385963636,41.2941385963636,40.96507090734066,41.10664749145508,23700
2003-08-28,41.21760964243707,41.47780261326751,41.13725631723306,41.40892791748047,105300
2003-08-29,41.5849646268283,41.5849646268283,41.24824531736627,41.393646240234375,42600
2003-09-02,41.19091172731047,41.47607579185327,41.19091172731047,41.294960021972656,135100
2003-09-03,41.256434304672425,41.43369866523221,41.16009478653893,41.414432525634766,69500
2003-09-04,41.414437657156256,41.60711671729745,41.25643941661689,41.5570182800293,364600
2003-09-05,41.637932486755666,42.00402140555546,41.59168846899276,41.87300109863281,738700
2003-09-08,41.923130576124066,42.13893028725253,41.71503673751423,41.71889114379883,264900
2003-09-09,41.93467092025353,41.93467092025353,41.56472747415903,41.849891662597656,193200
2003-09-10,41.946208109277144,42.18513107299805,41.8691377029401,42.18513107299805,50600
2003-09-11,42.08109407434285,42.1311924979385,41.88841506678625,41.96548843383789,137900
2003-09-12,42.208259227443236,42.44332783127385,42.14274907622437,42.27376937866211,33300
2003-09-15,42.27376989806312,42.331574183986255,42.03484982831806,42.2891845703125,345300
2003-09-16,42.312322585377856,42.38553862865609,42.10422884859152,42.38168716430664,44300
2003-09-17,42.512670398674054,42.68608022458005,42.27374751538337,42.63983917236328,87700
2003-09-18,42.582061767578125,42.69767035111128,42.39323715851916,42.582061767578125,83300
2003-09-19,42.620611537602464,42.68997612340164,42.49729704507609,42.62446594238281,33700
2003-09-22,42.454870399849284,42.497259995328974,42.204387228391155,42.4664306640625,161300
2003-09-23,42.46644800174692,42.535812555392376,42.20055299614603,42.528106689453125,551000
2003-09-24,42.431797856386595,42.75164591487832,42.431797856386595,42.68998718261719,58900
2003-09-25,42.751600807499706,42.83638000488281,42.60901734462383,42.83638000488281,50600
2003-09-26,42.90965008632669,43.10232925415039,42.81716490898554,43.10232925415039,36700
2003-09-29,43.02521810098162,43.05989890718955,42.851805249797984,42.9866828918457,79800
2003-09-30,43.04445368305798,43.28723091438493,42.940408398236364,43.27181625366211,57500
2003-10-01,43.36528053665738,43.44285588129295,43.20624723305184,43.39630889892578,420900
2003-10-02,42.97745822191578,43.34594606514223,42.97745822191578,43.22957992553711,105300
2003-10-03,42.76407334305554,42.94249905358731,42.558495958297435,42.62831497192383,584500
2003-10-06,42.49645614147373,42.74470099907533,42.49645614147373,42.67100524902344,111800
2003-10-07,42.690398846099555,42.83391661073816,42.5197323511726,42.527488708496094,33200
2003-10-08,42.492593450067936,42.799018485218916,42.492593450067936,42.682655334472656,524800
2003-10-09,42.44995495354688,42.581833872642804,42.2986806831415,42.5352897644043,71700
2003-10-10,42.51198358108956,42.82617087791225,42.51198358108956,42.744712829589844,286000
2003-10-13,42.53138520126822,42.72532676355461,42.53138520126822,42.717567443847656,26800
2003-10-14,42.608931013273164,42.72141739629666,42.47705226309402,42.542991638183594,47700
2003-10-15,42.53136314264385,42.56627118528014,42.372329723580265,42.546878814697266,53600
2003-10-16,42.60508584099395,42.60508584099395,42.30641710311268,42.4111442565918,752200
2003-10-17,42.306408141942356,42.65938317125914,42.306408141942356,42.64386749267578,35600
2003-10-20,42.639987958071764,42.77574644693228,42.48871379058246,42.682655334472656,26500
2003-10-21,42.82232278046792,42.83783846971205,42.504258549251254,42.69820022583008,233000
2003-10-22,42.82229232788086,42.86108004375015,42.705926220959945,42.82229232788086,57900
2003-10-23,42.86109761761392,42.86109761761392,42.44994233405447,42.58958053588867,54000
2003-10-24,42.89989471435547,42.89989471435547,42.71758907997971,42.89989471435547,190300
2003-10-27,42.89985006282405,42.91924539241436,42.686516233889634,42.802879333496094,35000
2003-10-28,42.83391976988747,43.089921010815,42.62834225356217,43.08604431152344,68100
2003-10-29,42.96193800722042,43.08606049535886,42.752480753615515,42.783512115478516,72500
2003-10-30,42.5701917014353,42.725345611572266,42.47322087751404,42.725345611572266,64700
2003-10-31,42.647767176846436,42.83395246087373,42.632254449215964,42.725345611572266,45100
2003-11-03,42.94996794090527,42.94996794090527,42.50995278091394,42.74748229980469,150800
2003-11-04,42.73192575861057,42.82148732744638,42.63847240435084,42.813697814941406,89800
2003-11-05,42.81372802693091,42.81372802693091,42.51389694213867,42.51389694213867,50900
2003-11-06,42.502204219456324,42.51778028044525,42.27635579136171,42.280250549316406,50200
2003-11-07,42.27635555036653,42.38927976377012,42.101130064192255,42.362022399902344,71500
2003-11-10,42.42431443276025,42.455466547775664,42.171211668040314,42.23740768432617,78200
2003-11-11,42.10111985638136,42.439889443624416,42.097225099393185,42.4204216003418,32200
2003-11-12,42.482702371527104,42.52164101014405,42.389249044680895,42.443763732910156,76100
2003-11-13,42.599521092642426,42.96944261430727,42.599521092642426,42.8448371887207,62000
2003-11-14,42.833182591352916,43.10186441463686,42.833182591352916,43.07849884033203,322000
2003-11-17,43.31991158292733,43.33159288150474,43.140791406140075,43.16025924682617,165700
2003-11-18,43.14467385900844,43.351051330566406,43.02006842500206,43.351051330566406,30500
2003-11-19,43.26151925591486,43.44063950365503,42.96947479248047,42.96947479248047,436800
2003-11-20,43.22257809550409,43.31213969962382,42.950004467017486,43.17584991455078,40500
2003-11-21,43.319915771484375,43.390006540554545,43.16415817679189,43.319915771484375,33200
2003-11-24,42.98893914584858,43.21089278584203,42.94221096922858,43.02787780761719,29500
2003-11-25,43.0317924649092,43.2537462075442,43.02789770568239,43.1641845703125,32600
2003-11-26,43.242050557087666,43.292670526921995,43.03566997815573,43.070716857910156,18900
2003-11-28,43.08628381627703,43.08628381627703,42.833178078917584,42.85654067993164,32900
2003-12-01,42.61494646451247,42.78697105611598,42.51720576161222,42.76742172241211,183000
2003-12-02,42.79869230842095,42.93161821039507,42.497649323441124,42.88470458984375,227300
2003-12-03,43.00588320379388,43.00588320379388,42.66574469009854,42.810401916503906,181500
2003-12-04,42.947251263621034,42.947251263621034,42.646211302207575,42.84560012817383,672300
2003-12-05,43.15841468908116,43.3695351127941,42.99421090935276,43.291343688964844,81900
2003-12-08,43.314761094504775,43.314761094504775,42.896431093877354,42.96680450439453,275000
2003-12-09,43.00589570064304,43.19746658266859,42.65402868471242,42.82996368408203,38100
2003-12-10,43.14273537754721,43.14273537754721,42.73222631292517,42.92770767211914,34200
2003-12-11,42.65403475125903,43.131009775935986,42.65403475125903,43.123191833496094,65000
2003-12-12,43.2521954733982,43.29129412335914,43.10363074509455,43.2404670715332,78200
2003-12-15,43.04497862569652,43.27955557258053,43.01370090402993,43.14271926879883,275500
2003-12-16,43.849479071349535,43.849479071349535,43.576284961971446,43.79008865356445,40600
2003-12-17,43.79007797552329,44.04347421027595,43.77028318823657,43.889060974121094,41900
2003-12-18,43.9722089807065,44.142459869384766,43.89302378534424,44.142459869384766,45700
2003-12-19,44.142454713110716,44.17412999584427,43.94844889262988,44.170169830322266,152700
2003-12-22,44.30479231618936,44.344384912860114,43.9524130705931,44.08702850341797,299400
2003-12-23,44.10683899777203,44.10683899777203,43.80592973923048,43.83364486694336,39900
2003-12-24,44.027618034994134,44.09492874145508,43.85341008488378,44.09492874145508,29700
2003-12-26,44.25728751488683,44.25728751488683,44.02764618301645,44.106834411621094,17600
2003-12-29,44.20582200954372,44.20582200954372,43.84948249572742,44.01973342895508,82400
2003-12-30,43.90489082953275,44.0038738105752,43.762355095173945,43.84946060180664,55700
2003-12-31,44.07013438127533,44.07013438127533,43.811716203667466,43.95881652832031,53600
2004-01-02,43.958837384937745,43.958837384937745,43.59307768506682,43.64476013183594,209600
2004-01-05,43.75207927218337,43.79183521080689,43.59305248450561,43.69244384765625,69900
2004-01-06,43.891184868383355,44.10984383963394,43.73215823181333,44.08599090576172,304400
2004-01-07,44.070136898793216,44.24506669667773,44.01050146467948,44.121822357177734,60600
2004-01-08,44.189382872783476,44.24901827330141,44.05023562702994,44.193359375,63400
2004-01-09,44.487553854446496,44.60682161428998,44.36430655947128,44.55116271972656,86600
2004-01-12,44.527321456535354,44.813569008350946,44.527321456535354,44.626712799072266,114500
2004-01-13,44.467666593014634,44.87715825983466,44.467666593014634,44.74596405029297,72500
2004-01-14,44.86524546551728,44.96861329734064,44.646586360839514,44.841392517089844,272300
2004-01-15,44.9646288074867,45.04414367675781,44.805602102126585,45.04414367675781,165700
2004-01-16,44.92886342496126,45.09981665581462,44.837422055032825,44.845375061035156,45600
2004-01-20,44.805607720106195,44.99644039710243,44.69826642460878,44.75392532348633,76100
2004-01-21,44.85331185876258,44.92089722401474,44.646579261173,44.8572883605957,43800
2004-01-22,44.92486994203612,45.17136147083172,44.78174621992021,45.08389663696289,77800
2004-01-23,45.22303059895834,45.270739503403505,44.718124251266325,44.72607421875,112900
2004-01-26,44.82550876838261,44.82550876838261,44.4796257019043,44.4796257019043,239100
2004-01-27,44.68633391791843,44.83740761830639,44.606819049412586,44.749942779541016,571700
2004-01-28,44.845376619526405,44.97259742133738,44.32854040600377,44.39612579345703,70100
2004-01-29,44.408040964534095,44.51140878756044,44.24901727764114,44.38816452026367,133100
2004-01-30,44.62669590768051,44.67042832449849,44.33647196272317,44.49549865722656,80000
2004-02-02,44.62323909485435,44.65516754109267,44.463584683044196,44.48353958129883,320600
2004-02-03,44.683116715926815,44.683116715926815,44.43964436923504,44.57535171508789,152200
2004-02-04,44.571348757592126,44.64319308919429,44.423670941910416,44.5394172668457,55000
2004-02-05,44.5354368750317,44.66315981798748,44.359816686534316,44.463592529296875,47100
2004-02-06,44.68309815423582,44.74296892767793,44.503488879063546,44.59529113769531,122500
2004-02-09,44.61525835869123,44.822810024613815,44.57135331571356,44.782894134521484,130400
2004-02-10,44.80285794541031,44.80285794541031,44.591317098906266,44.651187896728516,52400
2004-02-11,44.50751456691221,45.04634584304158,44.50751456691221,44.92261505126953,41700
2004-02-12,45.03435556179234,45.03435556179234,44.735004625665276,44.842769622802734,106100
2004-02-13,45.10218631887953,45.106178515444604,44.89064557823682,45.09819412231445,92300
2004-02-17,45.11417716145359,45.11417716145359,44.94254918519343,44.96649932861328,64800
2004-02-18,45.13809436976532,45.142086565217525,44.79484168969809,44.862693786621094,52400
2004-02-19,44.97444547768961,45.30572762177954,44.84672264498842,45.022342681884766,51900
2004-02-20,45.08622243655467,45.08622243655467,44.79086382679106,44.80283737182617,119300
2004-02-23,44.902616175428356,45.03832039819595,44.82279052028902,44.92656326293945,33600
2004-02-24,44.84673213515906,45.13410933083777,44.84673213515906,44.970462799072266,63100
2004-02-25,45.122186869753016,45.198020405183804,44.88270357214152,45.002445220947266,49500
2004-02-26,45.03831761159603,45.08222263275225,44.91458694023942,45.03432846069336,37700
2004-02-27,45.04634266102207,45.225952058659026,45.03037690754117,45.16608428955078,39700
2004-03-01,45.24821112678904,45.29629320948155,45.04787370093005,45.15205001831055,291000
2004-03-02,45.19210434447897,45.21213624735908,44.87957853601701,45.06388854980469,51800
2004-03-03,45.06392306717289,45.0759428294888,44.791463912682765,45.043888092041016,58800
2004-03-04,44.83549954431605,45.13600556933572,44.83549954431605,45.115970611572266,128000
2004-03-05,45.797104711138054,45.817136605555525,45.4845759778009,45.59676742553711,158600
2004-03-08,45.83717160628479,45.86922630567254,45.644846466862646,45.72498321533203,61000
2004-03-09,45.87723665194542,45.981412892415776,45.70494647062701,45.817134857177734,71000
2004-03-10,45.837162093579494,45.97739755316701,45.79709525611217,45.96537780761719,60300
2004-03-11,45.953379656113036,45.99344651240826,45.6047915868437,45.76906967163086,145800
2004-03-12,45.95739184451849,45.95739184451849,45.63284628057925,45.71698760986328,69700
2004-03-15,45.640853897343035,45.849203384221305,45.62081894074283,45.76906967163086,67900
2004-03-16,45.68092239138387,46.01748766461646,45.58876586738621,45.977420806884766,98400
2004-03-17,46.073532928045175,46.07754052663224,45.91727020907224,46.00141143798828,34700
2004-03-18,45.99748366274369,46.06960527316629,45.757076256730265,45.809165954589844,173700
2004-03-19,45.90529740037955,45.90529740037955,45.64485825020366,45.73701477050781,139700
2004-03-22,45.873232713137426,46.009463662614955,45.74902456909679,45.913299560546875,48400
2004-03-23,45.945396413865886,45.99748611450195,45.78112127170148,45.99748611450195,65600
2004-03-24,46.04153332650538,46.04153332650538,45.87725522476146,45.95338439941406,38200
2004-03-25,45.941350236642386,45.95737453026404,45.789091935095755,45.829158782958984,50500
2004-03-26,45.8532248473486,45.86925220609245,45.48460171005235,45.488609313964844,139200
2004-03-29,45.536694283975635,45.560733795166016,45.32834166397129,45.560733795166016,153900
2004-03-30,45.616803261187535,45.640845816231874,45.440508513322044,45.44852066040039,60900
2004-03-31,45.56872538807312,45.75703988964998,45.408454930414024,45.612796783447266,246500
2004-04-01,45.81027698609695,45.81027698609695,45.48851789127884,45.59309005737305,393100
2004-04-02,44.985763401573884,45.04207077309831,44.796730196375464,44.88119125366211,226800
2004-04-05,44.603694596439574,44.780659375059614,44.543364369593355,44.65597915649414,127600
2004-04-06,44.78468623094888,44.9214349619844,44.72837883244104,44.86512756347656,48800
2004-04-07,44.885258942285915,45.08635777542207,44.77264408669362,44.87721633911133,29900
2004-04-08,44.885248376829814,44.96568973226414,44.7042606970195,44.92144775390625,36000
2004-04-12,44.812848612464784,44.812848612464784,44.567507870637215,44.64794921875,79900
2004-04-13,44.32216351633537,44.57956967226907,44.32216351633537,44.36640548706055,91300
2004-04-14,44.23767729298793,44.370403129807876,44.1331082111192,44.306053161621094,134200
2004-04-15,44.241685455007506,44.402564924911665,44.09689423894583,44.12102508544922,144000
2004-04-16,44.24975976468059,44.438793047172794,44.24573999972921,44.37444305419922,32200
2004-04-19,44.4387938554366,44.44281668898402,44.18138774181482,44.294002532958984,47300
2004-04-20,44.040648071752706,44.302077189993206,43.99238324316948,44.004451751708984,35000
2004-04-21,43.96018063732461,44.16127935374692,43.91191584071502,44.040618896484375,245500
2004-04-22,44.09291475675977,44.33021289857691,44.06476105198726,44.28194808959961,37000
2004-04-23,44.012461070894496,44.17736040726258,43.96017651419683,44.092899322509766,67100
2004-04-26,44.16127688667604,44.22160404341424,44.01648557345892,44.096923828125,61000
2004-04-27,44.020490396879396,44.306053161621094,44.020490396879396,44.306053161621094,105000
2004-04-28,44.040624854322736,44.26585446525757,43.948118082104045,44.03660202026367,132200
2004-04-29,43.87974626608295,44.137152418429345,43.68669318608484,43.83952713012695,235200
2004-04-30,43.89985736832263,44.04062587843029,43.72288948788822,43.83952713012695,74100
2004-05-03,43.95342403703695,43.96957633126469,43.775754962002054,43.89689254760742,210800
2004-05-04,44.0139799238835,44.07455023717328,43.74747177770211,43.75151062011719,78200
2004-05-05,43.779753781563954,43.90089434568026,43.53343689373131,43.68688201904297,262200
2004-05-06,43.58594263662031,43.60209492094635,43.44057515841917,43.48902893066406,53700
2004-05-07,43.16599561979057,43.16599561979057,42.863147198343114,42.9237174987793,136200
2004-05-10,42.82677357434778,42.883304993346805,42.60064789835168,42.60468673706055,338300
2004-05-11,42.64507709139077,42.77833107722824,42.62892481304088,42.68949508666992,224200
2004-05-12,42.88333839514594,42.89949068183114,42.60068107998925,42.70566940307617,98200
2004-05-13,42.556245264563636,42.60066326418868,42.45125698538332,42.479522705078125,106400
2004-05-14,42.766237255452445,42.91564050743874,42.5441471771843,42.73796844482422,60300
2004-05-17,42.98829997909784,43.00445225573616,42.86312368606554,42.94388198852539,162000
2004-05-18,43.09733803991497,43.09733803991497,42.80660314792756,43.00446319580078,47400
2004-05-19,43.00449552093814,43.00449552093814,42.79048303145105,42.86316680908203,36500
2004-05-20,42.935835286796255,43.10542968058968,42.90756955449735,43.10139083862305,47800
2004-05-21,43.16596710733092,43.16596710733092,42.972142890108735,43.06501770019531,282900
2004-05-24,43.20637340855379,43.25079142206798,43.08927165299213,43.238677978515625,187500
2004-05-25,43.347664169234356,43.35574184503233,43.1174997006828,43.283058166503906,219100
2004-05-26,43.448674411604955,43.4769401550293,43.20235732716355,43.4769401550293,159300
2004-05-27,43.63839264851224,43.68281061686287,43.404189375523494,43.67473602294922,179700
2004-05-28,43.610164642333984,43.703039496631796,43.521328628849005,43.610164642333984,80900
2004-06-01,43.49908065867468,43.49908065867468,43.259872624907565,43.37744903564453,114000
2004-06-02,43.369345149867016,43.38556290710754,43.21933321530784,43.26393127441406,73800
2004-06-03,43.247710081248684,43.40582933525548,43.19905990661316,43.37744903564453,91600
2004-06-04,43.38148879607568,43.38148879607568,43.14633605835977,43.22336959838867,94300
2004-06-07,43.21932792888499,43.28825106881112,43.13418703370202,43.28014373779297,52500
2004-06-08,43.061208493703866,43.304468635053496,43.061208493703866,43.28419876098633,83200
2004-06-09,43.32069323993372,43.32474845267655,43.04094542509827,43.093650817871094,91300
2004-06-10,43.00446734201436,43.17880442256674,42.95581405445721,43.11798858642578,162400
2004-06-14,43.16256953068195,43.16256953068195,42.89498428836549,42.8990364074707,68400
2004-06-15,43.09770087613792,43.482862523674754,43.02877464063732,43.38555908203125,116100
2004-06-16,43.42208779450605,43.438305565660436,43.17882741363731,43.389652252197266,87200
2004-06-17,43.3977093444085,43.51528572084744,43.239590136526424,43.4747428894043,63300
2004-06-18,43.405844158675464,43.58018122817173,43.324758444444434,43.422061920166016,52500
2004-06-21,43.523401928445864,43.584217734626634,43.426098494488876,43.49907684326172,66800
2004-06-22,43.60448112285979,43.60448112285979,43.24769678802201,43.43825149536133,268800
2004-06-23,43.519328448910386,43.62474226249403,43.32472166268421,43.40986251831055,163900
2004-06-24,43.75043053840624,43.75448265556176,43.55176544189453,43.55176544189453,93500
2004-06-25,43.462551224558766,43.6774339796228,43.462551224558766,43.58418273925781,211700
2004-06-28,43.60043744436919,43.60043744436919,43.267981194655476,43.28014373779297,53900
2004-06-29,43.46660643324017,43.58418273925781,43.20712875555226,43.58418273925781,110700
2004-06-30,43.62073090172944,43.77885332766605,43.46666678332679,43.66532897949219,52400
2004-07-01,43.64739052642678,43.89977971404353,43.59853950343968,43.88349914550781,422400
2004-07-02,44.091129238536126,44.22953898095233,44.0667052687311,44.1888313293457,40900
2004-07-06,44.23766998150401,44.23766998150401,43.96492535662663,44.08705139160156,49900
2004-07-07,44.08704417372806,44.180671426858765,44.08704417372806,44.123680114746094,27800
2004-07-08,44.17252887185758,44.229520181041444,44.107394172336924,44.148101806640625,46600
2004-07-09,44.16844699940598,44.18880236476426,44.00561339391783,44.16437530517578,32600
2004-07-12,44.27838744055084,44.29874281949056,44.18068845438865,44.253963470458984,70300
2004-07-13,44.2091608472066,44.2091608472066,44.0666825870215,44.168453216552734,64500
2004-07-14,44.22953898095233,44.24582266275392,44.10741292033772,44.1888313293457,22600
2004-07-15,44.24171374833136,44.26206910990847,44.06666819846144,44.09923553466797,233500
2004-07-16,44.35572509883206,44.52669906616211,44.16846745283331,44.52669906616211,191200
2004-07-19,44.5348235209141,44.57553114737871,44.437124596240466,44.55517578125,38700
2004-07-20,44.45751392347078,44.53486065229712,44.23768883032913,44.249900817871094,37800
2004-07-21,44.258024858619876,44.258024858619876,44.03412816561305,44.24174118041992,49700
2004-07-22,44.24175099815033,44.343521680138544,44.13998031616211,44.13998031616211,38900
2004-07-23,44.33538196917185,44.372017924382966,44.19697222485315,44.3313102722168,34600
2004-07-26,44.32719816437859,44.331269857621685,44.16843629160943,44.30684280395508,44000
2004-07-27,44.13179732725404,44.24984847103747,43.895688828103715,43.997459411621094,379000
2004-07-28,43.94456159288903,43.985272333971444,43.785799641206786,43.867218017578125,67900
2004-07-29,43.781718080758516,44.066674549151934,43.781718080758516,44.03410720825195,45100
2004-07-30,44.33131153235546,44.34759521484375,44.139982145361586,44.34759521484375,135800
2004-08-02,44.44279408355042,44.483664156029185,44.32426869063134,44.4387092590332,77500
2004-08-03,44.5286493540636,44.54091318966177,44.197597511249846,44.38969039916992,147900
2004-08-04,44.467350570764054,44.58587293065315,44.3692585845133,44.50822067260742,34300
2004-08-05,44.67166329096616,44.67166329096616,44.4673098506931,44.58992004394531,77300
2004-08-06,45.08449469352623,45.129452739428146,44.94144778301503,44.99049377441406,102700
2004-08-09,45.121289746026754,45.121289746026754,44.953718244402886,44.99867630004883,46800
2004-08-10,45.035429130680946,45.035429130680946,44.73298368004738,44.85150909423828,38600
2004-08-11,44.91692125094282,44.945530629799556,44.70030693700063,44.81883239746094,25500
2004-08-12,44.753417334490564,45.039510992550404,44.71254725736587,44.8801155090332,84400
2004-08-13,44.937319399673356,45.20297949052761,44.937319399673356,45.059932708740234,61400
2004-08-16,45.027241024960375,45.05585038488512,44.84741209894185,45.01498031616211,131200
2004-08-17,45.00273145218419,45.260215759277344,44.99864350878003,45.260215759277344,39000
2004-08-18,45.38280916049223,45.38280916049223,45.04766966702105,45.12940979003906,82900
2004-08-19,45.121253923672484,45.3378681371631,45.09264455808291,45.288822174072266,51300
2004-08-20,45.28881214973913,45.31742150899624,45.121243936429295,45.12533187866211,48300
2004-08-23,45.08853568641916,45.100796391954134,44.941400983628455,45.03948974609375,33400
2004-08-24,44.85562935853422,45.05181024846101,44.85562935853422,44.99867630004883,385100
2004-08-25,45.19073359892664,45.26838892800717,45.08038407913742,45.2111701965332,233400
2004-08-26,45.29291121535507,45.325608524875044,45.11307913118223,45.23978042602539,42300
2004-08-27,45.239769635650504,45.36646778208716,45.21933304252819,45.346031188964844,142800
2004-08-30,45.44820311528995,45.52177047729492,45.24793762023763,45.52177047729492,67400
2004-08-31,45.56266283499221,45.77518912679276,45.468658842461565,45.71388244628906,68100
2004-09-01,45.774195810304505,45.807021371079166,45.55673194840351,45.62648391723633,128200
2004-09-02,45.548533504149255,45.688037461357496,45.35979119888141,45.43364715576172,70200
2004-09-03,45.22439880789981,45.359801949341175,45.06847890063316,45.07668685913086,92800
2004-09-07,45.154621244729455,45.3310546875,45.13410449052144,45.3310546875,70800
2004-09-08,45.290068014825295,45.61831763910273,45.2531415755648,45.52394485473633,63700
2004-09-09,45.55259690905704,45.745443034086996,45.50336173188557,45.618247985839844,50100
2004-09-10,45.73726635305855,45.73726635305855,45.54442010938624,45.593658447265625,47000
2004-09-13,45.66342324500323,45.7660007966012,45.52802012559348,45.74958801269531,148600
2004-09-14,45.74548144309795,45.82754535797931,45.67162548491386,45.76189422607422,47600
2004-09-15,45.815236553351674,45.815236553351674,45.6757294632625,45.76189422607422,25400
2004-09-16,45.81523822400569,46.07783650036516,45.7659998732814,46.02449417114258,64600
2004-09-17,46.02039773682741,46.03270654308441,45.83575625171634,45.852169036865234,56500
2004-09-20,45.99987378113335,46.11065615054525,45.90550106388616,46.10245132446289,106000
2004-09-21,46.036817282210656,46.172220440965354,45.921930891904616,46.11888122558594,54600
2004-09-22,46.11063404447666,46.344510605927674,46.01216052660695,46.28296661376953,1033000
2004-09-23,46.23372686142004,46.344509174299205,46.09421984586549,46.098323822021484,98000
2004-09-24,45.97932788665633,46.131143681540344,45.95881426923927,46.081905364990234,83600
2004-09-27,46.122940975030254,46.27064967061944,46.098320250418425,46.24192810058594,45500
2004-09-28,46.28301202985602,46.29121686005602,46.0860616704386,46.20915603637695,52000
2004-09-29,46.04909973116593,46.04909973116593,45.8193239672855,45.99165344238281,43300
2004-09-30,45.70447294247821,45.921936942843146,45.70447294247821,45.85628890991211,50400
2004-10-01,45.80968930071045,45.91266018903522,45.58315208942711,45.65317153930664,442000
2004-10-04,45.51729065292906,45.79737183052791,45.51317093405157,45.6243782043457,244800
2004-10-05,45.67793175665386,45.81797079457991,45.61614853421728,45.8138542175293,61800
2004-10-06,45.78500066500956,45.80147325021883,45.677910006606915,45.682029724121094,47200
2004-10-07,45.669667051070284,45.69849878659957,45.537864382590186,45.58317184448242,64600
2004-10-08,45.88386784192832,46.089809795310025,45.826204346375434,46.02802658081055,48100
2004-10-11,46.048613931532614,46.06920623779297,45.91269151203231,46.06920623779297,34400
2004-10-12,46.151569869228084,46.18040160254819,46.00740806020434,46.09390640258789,68000
2004-10-13,46.065084702303324,46.38223700195904,46.03213638510171,46.271026611328125,526400
2004-10-14,46.26693949217494,46.46052551269531,46.13513671218199,46.46052551269531,46700
2004-10-15,46.324551321687274,46.45635395461087,46.0691823455879,46.25453186035156,85400
2004-10-18,46.21748248288289,46.345165459898666,46.176294729886585,46.33280944824219,35600
2004-10-19,46.19275940924137,46.37810582459784,46.130976223314754,46.324562072753906,42300
2004-10-20,46.37398829458954,46.476959228515625,46.35339599325843,46.476959228515625,108300
2004-10-21,46.4604947368283,46.49756277113485,46.36987979640243,46.4357795715332,51200
2004-10-22,46.36989185397357,46.481099128234526,46.283396609009515,46.39872360229492,166500
2004-10-25,46.46461872824139,46.600541160573805,46.42343096940797,46.50168991088867,50600
2004-10-26,46.53873518419818,46.542854900793515,46.41928854231777,46.452239990234375,37000
2004-10-27,46.534620761287734,46.608759951315974,46.1309733617066,46.17216110229492,108400
2004-10-28,46.29570798151797,46.3574911376087,46.09388593788197,46.25040054321289,81000
2004-10-29,46.336940386627774,46.481099128234526,46.25456486068817,46.39872360229492,55400
2004-11-01,46.42807921199769,46.42807921199769,46.20480728149414,46.20480728149414,73900
2004-11-02,46.246112474741196,46.357749918847,46.20476655838361,46.275054931640625,97800
2004-11-03,46.184104919433594,46.55208904040722,46.11795206568715,46.184104919433594,315700
2004-11-04,46.57276597579733,46.60170844226653,46.3660331711624,46.382572174072266,53100
2004-11-05,46.184104919433594,46.213047384414935,45.95256519958289,46.184104919433594,99500
2004-11-08,45.989810943603516,46.14279129940649,45.81615287763293,45.989810943603516,123000
2004-11-09,46.01459732534118,46.16344522709272,45.9401733744654,45.9980583190918,172200
2004-11-10,46.07664683798544,46.080779226281486,45.89885635191445,45.95674133300781,34000
2004-11-11,46.09729870066665,46.10143424170437,45.89470135272811,45.96085739135742,52100
2004-11-12,46.15930480350071,46.28747814525725,45.95670751874204,46.1923828125,355400
2004-11-15,46.17999993117854,46.287498776601964,46.03941990751827,46.20894241333008,61500
2004-11-16,46.229586386474566,46.229586386474566,45.87814126756058,46.184104919433594,932500
2004-11-17,46.25853051567193,46.47766993497687,46.18410658097211,46.44045639038086,79300
2004-11-18,46.452898757732214,46.560400787773546,46.24616578314997,46.51491928100586,274900
2004-11-19,46.490075146343145,46.490075146343145,46.02285697863576,46.270938873291016,105700
2004-11-22,46.30401642672372,46.36603690400581,46.18411101184303,46.250267028808594,171300
2004-11-23,46.24614219756586,46.36191209956996,46.15517923042171,46.308162689208984,53800
2004-11-24,46.39083969724098,46.40737870000787,46.25026290546077,46.304012298583984,42900
2004-11-26,46.130388686484295,46.25029417173396,46.130388686484295,46.13865661621094,18300
2004-11-29,46.01874964965644,46.01874964965644,45.76653523272734,45.774803161621094,259300
2004-11-30,45.828509878419744,45.9360117808226,45.712740054827954,45.832645416259766,163200
2004-12-01,45.8716894743582,45.99205531174881,45.67661708266176,45.80528259277344,159900
2004-12-02,45.78040006877022,45.78040006877022,45.58117300524547,45.6600341796875,129300
2004-12-03,45.967169767307944,46.261857337967875,45.917362213134766,45.917362213134766,180100
2004-12-06,46.14978002392423,46.15392827720059,45.95055303546451,46.046016693115234,140200
2004-12-07,46.12486943200581,46.21618165940264,45.98790425751576,46.15392303466797,665400
2004-12-08,46.3780791268119,46.46109173021887,46.232811029108504,46.31167221069336,558700
2004-12-09,46.37803191442757,46.485946605696995,46.278420058350136,46.41953659057617,91100
2004-12-10,46.473485915004694,46.577249167233745,46.282561910895616,46.44028091430664,98600
2004-12-13,46.54823016771367,46.55238158753614,46.41126181302171,46.5316276550293,90200
2004-12-14,46.48598098800656,46.552391052246094,46.319958994013874,46.552391052246094,77600
2004-12-15,46.568959696583626,46.8013916015625,46.568959696583626,46.8013916015625,64400
2004-12-16,46.7350073608565,46.7350073608565,46.324105424111494,46.3988151550293,45400
2004-12-17,46.34067844886108,46.44859313964844,46.2867195201655,46.44859313964844,36000
2004-12-20,46.39048467477742,46.510850456574886,46.28672139735932,46.41539001464844,80000
2004-12-21,46.423736644911784,46.60636121122046,46.216209880145435,46.436187744140625,240000
2004-12-22,46.50669294387106,46.53159511217901,46.36557326805164,46.485939025878906,54300
2004-12-23,46.53992756496014,46.5731325904979,46.43616423510876,46.5689811706543,49300
2004-12-27,46.41540611601166,46.456910808055966,46.199576650813235,46.319942474365234,71400
2004-12-28,46.324102486257985,46.3780582792634,46.16223194063614,46.36975860595703,75500
2004-12-29,46.41541257116317,46.41541257116317,46.23693952060727,46.299198150634766,72300
2004-12-30,46.37806819634402,46.46938045526752,46.27015658725831,46.46522903442383,122700
2004-12-31,46.60353097425858,46.65769893729489,46.47019958496094,46.47019958496094,100600
2005-01-03,46.545193900302614,46.77019119262695,46.45769548309938,46.77019119262695,1497800
2005-01-04,46.77854049088858,46.78687549309117,46.457712841271345,46.507713317871094,90200
2005-01-05,46.520190266968555,46.628522991392714,46.441023678481244,46.545188903808594,120700
2005-01-06,46.478558262593424,46.64522019996518,46.478558262593424,46.578556060791016,43900
2005-01-07,46.62857028412312,46.632734608573166,46.42857144994409,46.557735443115234,68300
2005-01-10,46.56604076866485,46.56604076866485,46.41604253335755,46.47854232788086,73200
2005-01-11,46.578566976438864,46.72023029217807,46.40773431806384,46.58689880371094,265900
2005-01-12,46.395246960986285,46.68691185275388,46.395246960986285,46.63274383544922,46100
2005-01-13,46.6619103126564,46.83691052041397,46.624412311698954,46.75774383544922,61100
2005-01-14,46.728585327386135,46.891083049266335,46.611920622331105,46.81191635131836,61300
2005-01-18,46.657715314946984,46.84521155422423,46.62854916264003,46.83687973022461,145600
2005-01-19,46.86605698553112,46.916054299118045,46.71189118460124,46.90772247314453,78900
2005-01-20,46.78270967669031,46.95354226040405,46.77437785305961,46.82437515258789,62200
2005-01-21,46.857700033075126,46.97020029369775,46.72853612831055,46.928531646728516,111900
2005-01-24,47.02020697632318,47.03270630136216,46.88270804315026,47.01187515258789,100500
2005-01-25,47.0493467511504,47.0493467511504,46.81601767090498,46.853515625,72900
2005-01-26,46.91604553640786,46.961878517884074,46.85354572722462,46.87021255493164,47000
2005-01-27,46.82435597121827,46.911854388421496,46.52852708099665,46.77019119262695,1000300
2005-01-28,46.936888463876556,47.09105108538011,46.920221633116434,47.041053771972656,64500
2005-01-31,46.886887971596174,47.078551757028244,46.886887971596174,47.041053771972656,83100
2005-02-01,47.106678779528735,47.13595564376704,46.98957132257549,47.031394958496094,57000
2005-02-02,46.99379590389238,47.106720139119105,46.931058799459,46.9896125793457,118600
2005-02-03,46.96870796681134,47.04817199707031,46.851597202062734,47.04817199707031,46800
2005-02-04,47.32837269139036,47.34509960098732,46.98541041678512,47.19871520996094,749000
2005-02-07,47.257266310993835,47.3283700320174,47.194529235239024,47.2154426574707,218400
2005-02-08,47.38271472040982,47.39107817019466,47.22378364698995,47.386898040771484,101800
2005-02-09,47.41617012600832,47.59601459218538,47.36179653959827,47.5541877746582,78800
2005-02-10,47.49982216302851,47.49982216302851,47.265607277791126,47.386898040771484,56600
2005-02-11,47.3074512990374,47.34091149447575,47.152700288339965,47.248897552490234,65000
2005-02-14,47.340919733060154,47.382743389166585,47.177805240586785,47.328372955322266,69600
2005-02-15,47.24057121857142,47.34095189054134,47.16110717527347,47.257301330566406,52800
2005-02-16,47.303253378388334,47.303253378388334,46.96866110008463,47.031394958496094,194700
2005-02-17,46.88502571586299,47.094147153659826,46.78883164140279,46.926849365234375,73800
2005-02-18,46.84324022783969,46.880880585656094,46.76795632126439,46.8474235534668,55400
2005-02-22,46.73446497053645,46.8641224510779,46.717734870113674,46.80556869506836,56400
2005-02-23,46.88505960216846,47.031444076238046,46.809775702512354,46.87251281738281,66900
2005-02-24,46.92686767122341,47.010518193537834,46.78048324584961,46.78048324584961,86400
2005-02-25,46.905940319127474,46.93521719351989,46.788832821557826,46.86411666870117,66600
2005-02-28,46.63406137834991,46.84318272982234,46.55041411413638,46.60060119628906,192300
2005-03-01,46.612852801540924,46.68003193480635,46.49949201825224,46.591861724853516,92400
2005-03-02,46.58764449145584,46.68840994971339,46.55405493761127,46.608638763427734,60300
2005-03-03,46.646363031825466,46.7177383370665,46.54139821708092,46.60437774658203,109400
2005-03-04,46.784948053197375,46.8689186787801,46.70937320886331,46.755558013916016,64100
2005-03-07,46.75559096629927,46.94033031671062,46.73040040152547,46.88994598388672,53100
2005-03-08,46.76394803222682,46.76394803222682,46.60860207371538,46.67997741699219,65600
2005-03-09,46.49946147540376,46.537247310588164,46.23495101928711,46.23495101928711,69800
2005-03-10,46.436470848330764,46.436470848330764,46.20974628126104,46.297916412353516,93500
2005-03-11,46.18874579604137,46.31050543887206,46.117367244537945,46.218135833740234,71100
2005-03-14,46.18453056557817,46.268501158024655,46.066970454843975,46.21392059326172,55200
2005-03-15,46.19714609155699,46.310509964669826,46.020805848130536,46.02500534057617,73700
2005-03-16,46.10057299345658,46.35668753700818,46.0795787377791,46.18454360961914,60200
2005-03-17,46.23913150631631,46.25592627286103,45.93263582587916,46.079586029052734,252800
2005-03-18,46.11738031523448,46.121579808459934,45.85286990097651,45.9410400390625,62000
2005-03-21,45.89064739866404,46.050192865106595,45.85285837568288,45.88644790649414,95900
2005-03-22,45.89065934634757,46.07959490062106,45.491790771484375,45.491790771484375,97500
2005-03-23,45.37423686360015,45.68913163313655,45.36584107918696,45.62615203857422,124800
2005-03-24,45.78151647887743,45.78151647887743,45.65136095596831,45.72273635864258,48500
2005-03-28,45.72269663046553,45.72269663046553,45.596737508963805,45.655517578125,53000
2005-03-29,45.6303218577293,45.8570463287432,45.59673233537024,45.735286712646484,83700
2005-03-30,45.59674871749027,45.89065233881675,45.59674871749027,45.85286331176758,91400
2005-03-31,45.89485665182604,46.02081582631193,45.87806188167627,46.01241683959961,69100
2005-04-01,46.17680062136764,46.18523024517864,45.911224052808684,46.05455017089844,104000
2005-04-04,45.995535830171924,46.15572442138429,45.74260529071533,45.77211380004883,379500
2005-04-05,45.86488006940363,45.94075959309644,45.654103972055616,45.911251068115234,141300
2005-04-06,45.991343859361265,46.04614770310508,45.81429270923822,45.885955810546875,259800
2005-04-07,45.8648170982417,46.12196384124575,45.6540412902832,45.6540412902832,156800
2005-04-08,45.81849057971819,45.81849057971819,45.57820605436062,45.80162811279297,115700
2005-04-11,45.79740905094481,45.98710616458717,45.78897942606168,45.9280891418457,71600
2005-04-12,45.76791002785588,46.193678536917986,45.76791002785588,46.113582611083984,57100
2005-04-13,46.11780227828664,46.25691524888794,46.11358585658094,46.22319030761719,58400
2005-04-14,46.19787628898819,46.20209270898675,46.03347128709177,46.05455017089844,67400
2005-04-15,46.3285761702809,46.3285761702809,46.075645554953965,46.265342712402344,93900
2005-04-18,46.30326644356956,46.37071630196,46.24846584576703,46.27375793457031,116400
2005-04-19,46.38335050980688,46.47609243333382,46.24845404363646,46.4676628112793,60500
2005-04-20,46.28640613995641,46.50561174235553,46.28640613995641,46.49296569824219,324400
2005-04-21,46.476097275719894,46.5013893607041,46.24845886230469,46.24845886230469,81200
2005-04-22,46.530893017151804,46.58569681715524,46.3791340906869,46.4676628112793,149000
2005-04-25,46.49719569228518,46.581504821777344,46.42974581574174,46.581504821777344,45200
2005-04-26,46.391866109123825,46.60685562499321,46.349708275087146,46.50568389892578,49400
2005-04-27,46.665818854162985,46.77963972874172,46.539355146637966,46.73326873779297,350000
2005-04-28,46.74590610614235,46.93560324029657,46.741689685151606,46.92717361450195,315000
2005-04-29,46.85551093776145,46.96932857598624,46.72061441059024,46.75855255126953,92200
2005-05-02,46.79155928549817,46.83387713431078,46.639212446856824,46.77463150024414,52400
2005-05-03,46.76617359491282,46.80425869381194,46.62652177499233,46.800025939941406,52400
2005-05-04,46.381084512256116,46.78734180503453,46.381084512256116,46.69424057006836,58900
2005-05-05,46.7534853515112,46.85504885863648,46.60536800233997,46.76194763183594,80700
2005-05-06,46.50381244132474,46.57152361007519,46.39378340642837,46.5080451965332,60700
2005-05-09,46.40222603506177,46.436081602742206,46.23718417842549,46.34720993041992,473600
2005-05-10,46.33454287908843,46.55883050028056,46.3006905196107,46.338775634765625,134800
2005-05-11,46.419180414157054,46.54190449582827,46.359934751094606,46.3810920715332,157600
2005-05-12,46.32604567135537,46.38952404407073,45.97903422630809,46.23294448852539,803900
2005-05-13,46.245644668655046,46.541876031442655,46.245644668655046,46.491092681884766,57300
2005-05-16,46.550349064441086,46.5757391307643,46.313366502370414,46.41916275024414,133500
2005-05-17,46.48264229301245,46.50803559037203,46.10600787340844,46.444557189941406,584300
2005-05-18,46.55035441980512,46.630760610605925,46.44879091418268,46.60960006713867,54800
2005-05-19,46.59266932594476,46.63498718155235,46.436092937332155,46.54188919067383,55500
2005-05-20,46.40222889043526,46.592660820227835,46.40222889043526,46.52918243408203,143100
2005-05-23,46.728060699759425,46.728060699759425,46.44452768376261,46.72383117675781,339700
2005-05-24,46.85502411461372,46.888879675325,46.770385212835514,46.825401306152344,161300
2005-05-25,46.82543407967533,46.87198470107353,46.6942444972594,46.82120132446289,48500
2005-05-26,46.7619463494577,46.87197536253601,46.74078580625763,46.85081481933594,76200
2005-05-27,46.884680289530436,46.888913044792666,46.76618897135812,46.84659194946289,62400
2005-05-31,47.041300436668315,47.092080628937005,46.96089416071082,47.04976272583008,172900
2005-06-01,47.152079124952174,47.43246966011316,47.152079124952174,47.37299346923828,195600
2005-06-02,47.33053414121491,47.5599405663583,47.305042017479394,47.555694580078125,1231800
2005-06-03,47.76807230909342,47.76807230909342,47.2625216026292,47.30500411987305,70400
2005-06-06,47.40696521406039,47.44945097466749,47.30925574356438,47.43670654296875,195200
2005-06-07,47.59817597698281,47.81484119682012,47.47497431241692,47.53445053100586,796500
2005-06-08,47.55565889376831,47.55565889376831,47.415463662665196,47.43670654296875,37200
2005-06-09,47.42823038514438,47.42823038514438,46.905688992656025,47.347511291503906,171000
2005-06-10,47.343271297648464,47.343271297648464,47.09261877361827,47.135101318359375,64200
2005-06-13,47.088403333536874,47.1733717251958,46.982195274872765,47.024681091308594,138400
2005-06-14,47.02466723823849,47.03316245429541,46.88022263557685,46.97368621826172,107300
2005-06-15,46.926920092660744,46.982147059653066,46.80796770762534,46.884437561035156,106400
2005-06-16,46.98216061750595,46.98216061750595,46.81647642750734,46.931182861328125,175800
2005-06-17,46.969419304264136,47.02889551790328,46.86746054391281,46.92268753051758,209500
2005-06-20,46.90999052423928,46.90999052423928,46.79103797668065,46.86750793457031,194600
2005-06-21,46.982195274872765,47.04592075831378,46.90997457287223,47.024681091308594,73200
2005-06-22,47.29231963532126,47.43676426649453,47.16062269256726,47.360294342041016,229700
2005-06-23,47.36026891112457,47.411246672578585,47.28804501371361,47.39000701904297,119600
2005-06-24,47.513210525009654,47.513210525009654,47.43249464699318,47.50896453857422,57000
2005-06-27,47.51744335398355,47.58116878184407,47.47496081581317,47.57691955566406,55300
2005-06-28,47.51320300725843,47.551439567604504,47.3687617022434,47.42823791503906,42600
2005-06-29,47.551463432533,47.576952324748966,47.4112680429209,47.45375061035156,57600
2005-06-30,47.606652120936545,47.69586641308373,47.44946642386226,47.6236457824707,94300
2005-07-01,47.69487917785191,47.72046877267359,47.396361018298236,47.40489196777344,77500
2005-07-05,47.264147384565476,47.29826466573062,47.18311965519901,47.2513542175293,47500
2005-07-06,47.3153159790618,47.38781600869655,47.25561236896453,47.35369873046875,70100
2005-07-07,47.35799063187115,47.5413670376757,47.35799063187115,47.47739791870117,45700
2005-07-08,47.53281923628963,47.53281923628963,47.336649726952686,47.38356018066406,62300
2005-07-11,47.26843725287301,47.29402685551631,47.123443603515625,47.123443603515625,220300
2005-07-12,47.20870393114017,47.20870393114017,46.974154953962056,47.01679992675781,242100
2005-07-13,47.114915905037805,47.19167820575787,47.03815360431774,47.123443603515625,102400
2005-07-14,47.217233504698264,47.22576119756827,47.123412615114354,47.16605758666992,132000
2005-07-15,47.16179597117329,47.230030534125866,47.12341646971475,47.18738555908203,178000
2005-07-18,47.268420777988034,47.268420777988034,47.0637235498161,47.14901351928711,85900
2005-07-19,47.119150996129456,47.25135464844931,47.04665421319462,47.18738555908203,102300
2005-07-20,47.22151958850535,47.345189083913155,47.059464070818656,47.23857498168945,132000
2005-07-21,47.16606274221106,47.23003183333802,46.98268641623547,46.995479583740234,187300
2005-07-22,46.999754002464904,47.25136494115683,46.995488527950464,47.212982177734375,58100
2005-07-25,47.20869445800781,47.298253112591354,47.18737360268972,47.20869445800781,59100
2005-07-26,47.25134521045271,47.33236967077125,47.18311066112933,47.217227935791016,1058300
2005-07-27,47.21726208820274,47.21726208820274,47.0466788451132,47.15755844116211,66500
2005-07-28,47.25989619875615,47.40915528197431,47.16180979915337,47.3366584777832,105500
2005-07-29,47.35372953652457,47.3793158850393,47.161822161849585,47.23005676269531,76500
2005-08-01,47.126405957021355,47.229173507027376,46.93372251769099,47.11784362792969,139000
2005-08-02,47.09643639582375,47.182076027176485,46.96369905074939,47.03220748901367,88900
2005-08-03,47.11786823468815,47.24204330568116,47.04507696553274,47.143558502197266,74200
2005-08-04,47.109302634305536,47.25060563924441,47.10074030074228,47.143558502197266,112700
2005-08-05,47.1221409467861,47.1221409467861,46.929454181260766,47.06219482421875,57900
2005-08-08,46.97655332669958,46.99796405541165,46.8095600965648,46.84809875488281,102900
2005-08-09,46.9637133757031,46.97655850761958,46.809565259067554,46.925174713134766,56400
2005-08-10,47.045067638320226,47.06647510139376,46.90376466139625,46.96371078491211,72700
2005-08-11,46.94229784518176,47.13070180554449,46.60831138222497,47.109291076660156,69400
2005-08-12,47.169241810143184,47.33623504638672,47.15211387991069,47.33623504638672,46000
2005-08-15,47.35334035935921,47.36618875189722,47.16493973742697,47.267704010009766,77000
2005-08-16,47.40045380995428,47.52891163461294,47.301972308958405,47.39189147949219,2083500
2005-08-17,47.319087779709825,47.46038742945468,47.23344816354306,47.267704010009766,69800
2005-08-18,47.34049030969418,47.46894808717462,47.327645185309535,47.40043640136719,139900
2005-08-19,47.383321389467376,47.39616651646607,47.301964562718794,47.357627868652344,101600
2005-08-22,47.41758863146776,47.41758863146776,47.164959010880395,47.33623504638672,206500
2005-08-23,47.271972544312575,47.42183774386445,47.25484462624717,47.37473678588867,265800
2005-08-24,47.409011643464765,47.46039215145953,47.3233720187774,47.357627868652344,77600
2005-08-25,47.44325693833682,47.631657537099045,47.36190012968821,47.44753646850586,54000
2005-08-26,47.45184406222645,47.524635314941406,47.3790528095115,47.524635314941406,82200
2005-08-29,47.5289192199707,47.58458254390332,47.430434436439,47.5289192199707,105800
2005-08-30,47.70017423272497,47.75155473468655,47.5503089906416,47.60597229003906,187900
2005-08-31,47.760137383808434,47.94854133645578,47.760137383808434,47.93997573852539,47700
2005-09-01,47.97220185824618,48.03669283656148,47.51217102381324,47.804527282714844,803700
2005-09-02,47.701366995345225,47.89053976248066,47.692769724179634,47.81745147705078,54800
2005-09-06,47.63688514254803,47.84325247749306,47.63688514254803,47.718570709228516,72700
2005-09-07,47.67125534921597,47.67985589759424,47.43908974522448,47.546573638916016,105300
2005-09-08,47.6712405392851,47.6712405392851,47.512166525335644,47.5594596862793,201400
2005-09-09,47.56375769373857,47.66694456353368,47.4992700003006,47.580955505371094,119700
2005-09-12,47.568070438625774,47.568070438625774,47.37030047321898,47.46058654785156,90800
2005-09-13,47.58099000740093,47.61538565560701,47.47780634293223,47.54229736328125,120300
2005-09-14,47.53796211286945,47.58955554722056,47.42188098576339,47.426177978515625,72100
2005-09-15,47.426181348273246,47.46057697361788,47.19401579741798,47.258506774902344,92900
2005-09-16,47.2585028951898,47.271400433598366,47.090828335584234,47.12952423095703,83900
2005-09-19,47.163920445278265,47.27570458757466,47.108030014203756,47.258506774902344,88100
2005-09-20,47.2370106118274,47.28000350219912,46.923156279834,47.18541717529297,108500
2005-09-21,47.29290404700493,47.4519813596525,47.060738488065574,47.396087646484375,102500
2005-09-22,47.46060165512954,47.469202206012035,47.275729172944835,47.37031555175781,113400
2005-09-23,47.31440058231494,47.31440058231494,47.185418627084005,47.23271179199219,46500
2005-09-26,47.077975113725074,47.16826124772241,47.03498218517637,47.082275390625,95800
2005-09-27,47.09083325572131,47.24131001978851,46.991949930826046,47.12522888183594,137600
2005-09-28,47.10805134991352,47.271425724073396,47.086553254299574,47.2241325378418,85400
2005-09-29,47.2155636754754,47.24995933709272,47.146775632391595,47.206966400146484,105100
2005-09-30,47.112346376705894,47.228427551702616,47.022060289453215,47.047855377197266,145600
2005-10-03,47.13673158311853,47.13673158311853,46.86047260613782,46.90364074707031,146000
2005-10-04,47.01159750665891,47.05907657722577,46.87778207526937,46.964115142822266,87200
2005-10-05,46.946849699878825,47.063395227393926,46.92958308593772,47.02886199951172,50700
2005-10-06,47.02020424031867,47.07200405339017,46.890706354273945,46.92523956298828,75500
2005-10-07,46.864845811111415,47.04614036286511,46.83463005248581,47.00297546386719,51100
2005-10-10,47.0029139307391,47.080611964526476,46.82593708855287,46.97269821166992,51600
2005-10-11,47.00293715211766,47.00293715211766,46.86480761195027,46.895023345947266,73500
2005-10-12,46.860526798979585,46.860526798979585,46.636067355576955,46.69649887084961,204100
2005-10-13,46.62738699437937,46.67918679700072,46.4935749541918,46.61875534057617,71100
2005-10-14,46.6878309903931,46.6878309903931,46.43315269365114,46.523799896240234,76200
2005-10-17,46.40298807466189,46.674929981986764,46.40298807466189,46.588600158691406,69600
2005-10-18,46.57995034621204,46.66196265840929,46.57563286874785,46.64901351928711,66500
2005-10-19,46.66628311321328,46.756930386122264,46.644699017785655,46.69649887084961,84000
2005-10-20,46.558371957991774,46.64470175823312,46.5108895798778,46.5799560546875,58200
2005-10-21,46.76986763829406,46.89936559140339,46.66195377512621,46.825984954833984,56600
2005-10-24,46.88642538076164,46.903691997348,46.623115241042754,46.64901351928711,137000
2005-10-25,46.446152041469546,46.74831300339985,46.359822219930365,46.42025375366211,110800
2005-10-26,46.25186967706479,46.34251690197394,46.20006985143006,46.28208541870117,119600
2005-10-27,46.282098090593756,46.390011953594296,46.20439997750258,46.31663131713867,56700
2005-10-28,46.424545180139205,46.424545180139205,46.169866750957674,46.31663131713867,84800
2005-10-31,46.333899988017976,46.39864897194979,46.25188768208979,46.30368423461914,87300
2005-11-01,46.36519476918653,46.40852606572154,46.213533578330996,46.28719711303711,66500
2005-11-02,46.287220974068575,46.37388361181313,46.196224212646484,46.196224212646484,104100
2005-11-03,46.248213894416715,46.2655437734876,46.02288579489107,46.035884857177734,125000
2005-11-04,46.04454707536306,46.15287698819407,45.96654940588608,46.0705451965332,76900
2005-11-07,46.174528744364,46.20053016460663,46.08786615946373,46.11819839477539,77200
2005-11-08,46.239527772224434,46.42585530688687,46.23519365114882,46.39552307128906,148600
2005-11-09,46.33921751336024,46.33921751336024,45.96222812126466,46.148555755615234,164900
2005-11-10,46.22656734930122,46.39556184686587,46.178901895529805,46.39122772216797,71900
2005-11-11,46.21355404363549,46.447547115705724,46.21355404363549,46.430213928222656,92500
2005-11-14,46.40421586562049,46.412884112975576,46.11389239261176,46.196224212646484,105500
2005-11-15,46.15285992512256,46.382518726463005,46.15285992512256,46.31752014160156,111300
2005-11-16,46.347882401450796,46.5688764107704,46.347882401450796,46.512542724609375,78300
2005-11-17,46.40423319697333,46.66855863857422,46.40423319697333,46.59056091308594,89800
2005-11-18,46.534193340282656,46.58185876256351,46.4128643766464,46.49952697753906,100200
2005-11-21,46.60787234942072,46.71187147216574,46.54287703016434,46.651206970214844,147000
2005-11-22,46.66853270566041,46.75519863358245,46.57320514389683,46.73786544799805,182000
2005-11-23,46.81586711991881,46.81586711991881,46.62520536820872,46.69453811645508,475800
2005-11-25,46.65553824661747,46.79853456232342,46.65553824661747,46.75520324707031,27100
2005-11-28,46.78986105008991,46.950187217752536,46.737861497731664,46.911190032958984,1690700
2005-11-29,46.91552881306371,46.932862000125304,46.64687267852756,46.69453811645508,97300
2005-11-30,46.68157326704915,46.781235033239305,46.5905731417871,46.607906341552734,49900
2005-12-01,46.778814060034584,46.79186079999934,46.50047254714462,46.513519287109375,92400
2005-12-02,46.435208900013016,46.57872959350558,46.435208900013016,46.52654266357422,99100
2005-12-05,46.4960922032222,46.55697915773079,46.36561826179511,46.40475845336914,58400
2005-12-06,46.53522073083207,46.639597866957715,46.43084359470644,46.50042724609375,332500
2005-12-07,46.383048395950865,46.54831263170746,46.374348357278514,46.44393539428711,93300
2005-12-08,46.40480298817227,46.58746734509165,46.40480298817227,46.53962707519531,244000
2005-12-09,46.4743364406264,46.53957339870694,46.40909948254586,46.456939697265625,62700
2005-12-12,46.43089736684948,46.51352784118661,46.34391355426674,46.35696029663086,71200
2005-12-13,46.3612674507408,46.48739137380058,46.33082397400844,46.396060943603516,104200
2005-12-14,46.5352272677953,46.70919139783492,46.49608708053353,46.635257720947266,62800
2005-12-15,46.709192296720005,46.709192296720005,46.49173795950817,46.59611511230469,134000
2005-12-16,46.67004663380645,46.86140750349808,46.67004663380645,46.79182052612305,356700
2005-12-19,46.81792773886874,46.86141795037861,46.652660289804594,46.71355056762695,88600
2005-12-20,46.62656923371616,46.83532690506775,46.6004757690812,46.75269317626953,143200
2005-12-21,46.64833710314369,46.770111083984375,46.60049685094312,46.770111083984375,79900
2005-12-22,46.674402672623486,46.83532009000193,46.674402672623486,46.77443313598633,88500
2005-12-23,46.752715052540154,47.05715000936634,46.64833782707006,46.957122802734375,123900
2005-12-27,47.00497043738718,47.20502820016055,46.917986637425265,47.17023468017578,157500
2005-12-28,47.144448975081076,47.21429420178609,47.017856999481026,47.192466735839844,93000
2005-12-29,47.10078335124673,47.16189624121788,46.948001126318864,47.065860748291016,123100
2005-12-30,47.0833366270107,47.20992860411667,46.9742059567887,47.00912857055664,97500
2006-01-03,47.0091234718547,47.27540254474752,46.88689766732751,47.26667022705078,676400
2006-01-04,47.26230406820241,47.33214928816274,47.12698311753351,47.26667022705078,66500
2006-01-05,47.262325734683394,47.34089997795788,47.25796290423837,47.30598068237305,63500
2006-01-06,47.297241013330826,47.30160717350252,47.12263124091155,47.23176193237305,112000
2006-01-09,47.15754576801411,47.24485230444188,47.1313554722877,47.24048614501953,60400
2006-01-10,47.15320758603952,47.20995770099011,47.05717533459584,47.113922119140625,94000
2006-01-11,47.01350044097326,47.17501506290918,47.01350044097326,47.03532791137695,150800
2006-01-12,47.11387776058938,47.209913252019746,47.01784226915901,47.183719635009766,127600
2006-01-13,47.13135804743446,47.336524256244715,47.13135804743446,47.323429107666016,77000
2006-01-17,47.27541134260813,47.38890485055949,47.20993226931064,47.323429107666016,138200
2006-01-18,47.37144234935342,47.428192432303966,47.297234289006944,47.31032943725586,80200
2006-01-19,47.23612995576605,47.397644584445565,47.2012073338238,47.30160903930664,97400
2006-01-20,47.362701179998986,47.41944791795157,47.2535705321188,47.34087371826172,111000
2006-01-23,47.279768634638465,47.45001220703125,47.231750875204234,47.45001220703125,580000
2006-01-24,47.40202266001013,47.40202266001013,47.31908556922839,47.34527587890625,92900
2006-01-25,47.3277721701251,47.3277721701251,47.00911258645404,47.08332061767578,100500
2006-01-26,47.09207062305742,47.100802942629876,46.90873187688498,47.01349639892578,75800
2006-01-27,47.09641576078519,47.10078191862254,46.982918969832596,47.08332061767578,107000
2006-01-30,47.039687697089626,47.070244153271396,46.908729553222656,46.908729553222656,113000
2006-01-31,46.92618470150582,47.04841051018936,46.70792337731277,46.803958892822266,1313000
2006-02-01,46.90869319347641,46.94812906907005,46.750943004788596,46.81666946411133,98800
2006-02-02,46.794768926063476,46.94813625990147,46.77285787416213,46.77724075317383,83800
2006-02-03,46.755308038544534,46.948114507842185,46.715872175182156,46.85171127319336,92900
2006-02-06,46.829812610029755,46.952506443926275,46.82104685437644,46.93059539794922,108700
2006-02-07,46.842948385104734,47.07957359233481,46.799129645207806,46.81227493286133,90400
2006-02-08,46.842948385104734,46.9086781665279,46.77721860368156,46.81227493286133,76300
2006-02-09,46.812287572901866,46.93498141500472,46.7859936473395,46.88677978515625,91300
2006-02-10,46.930616308628146,47.00072901246954,46.76410365174141,46.79916000366211,85200
2006-02-13,46.87800556115998,46.91744142483298,46.781602325751834,46.869239807128906,71600
2006-02-14,46.81666204422925,46.89992000371815,46.742169840031856,46.821044921875,55600
2006-02-15,46.87362231494286,47.00946141295406,46.80350965586895,46.85171127319336,140500
2006-02-16,46.847329194969575,46.97002299852951,46.8298010311531,46.91743850708008,99500
2006-02-17,47.05770507278266,47.171636573989154,47.0226487119255,47.07085037231445,101200
2006-02-21,47.1102818863812,47.11466142340102,47.000733284041196,47.04893493652344,92300
2006-02-22,47.14534132302187,47.22421646118164,47.07961482718746,47.22421646118164,74200
2006-02-23,47.16721254363003,47.17159542070313,46.9963171124916,47.11901092529297,63500
2006-02-24,47.189131122588954,47.189131122588954,47.05767153464551,47.097110748291016,75300
2006-02-27,47.19353302608228,47.19353302608228,47.02263748664814,47.07522201538086,71900
2006-02-28,47.10586584723631,47.22855966058467,47.06642998286963,47.12339401245117,71900
2006-03-01,47.078104861016165,47.210100890261764,46.8273150908883,46.94171142578125,220400
2006-03-02,46.858093078041236,46.97248936254806,46.66890064307867,46.726097106933594,136700
2006-03-03,46.81408168343725,46.822879845735,46.49729413198245,46.63808822631836,132300
2006-03-06,46.65567102769934,46.66007178565402,46.396080017089844,46.396080017089844,157800
2006-03-07,46.49289720934379,46.567693343833305,46.29930741165307,46.37410354614258,120500
2006-03-08,46.44447828420695,46.47967763425481,46.28608456578636,46.396080017089844,75300
2006-03-09,46.35214115107337,46.59413279281849,46.35214115107337,46.3873405456543,84300
2006-03-10,46.40930266629534,46.50609588623047,46.268508561085035,46.50609588623047,100900
2006-03-13,46.41810212301856,46.53249838568917,46.21571080093756,46.44449996948242,69200
2006-03-14,46.633717816220795,46.78331352700806,46.51932484792261,46.74371337890625,61600
2006-03-15,46.72168854007517,46.73928822247105,46.5984941201002,46.67329025268555,117700
2006-03-16,46.69090275735849,46.990090726659204,46.69090275735849,46.92849349975586,101000
2006-03-17,46.92848804345503,46.95048513233603,46.85808930272373,46.88448715209961,56200
2006-03-20,46.96369186010958,46.97689078699054,46.69090508644364,46.937294006347656,63500
2006-03-21,46.75250859585873,46.96809892973118,46.72610738175352,46.76130676269531,80000
2006-03-22,46.77010212956034,46.937294131828274,46.61610569741137,46.75250244140625,75100
2006-03-23,46.80969477908823,46.83609263059097,46.52810650706911,46.726097106933594,79400
2006-03-24,46.81849134551278,46.97248439097507,46.57209911597649,46.84048843383789,85800
2006-03-27,46.73489368220613,46.968083630591394,46.73489368220613,46.84048843383789,92800
2006-03-28,46.64693849207148,46.79653427259585,46.585341216796664,46.620540618896484,61800
2006-03-29,46.62049747247083,46.62489823286042,46.48410411156328,46.576499938964844,83800
2006-03-30,46.506117758388704,46.52811821137326,46.29052741769093,46.43572235107422,93700
2006-03-31,46.492907499917195,46.492907499917195,46.31691398932036,46.330116271972656,102200
2006-04-03,46.30279013745881,46.4574266395938,46.19233501153054,46.36906051635742,114200
2006-04-04,46.311576471330845,46.52365157375258,46.311576471330845,46.4131965637207,83000
2006-04-05,46.58106029818136,46.60756840675112,46.435258959412764,46.567806243896484,80200
2006-04-06,46.47946441387333,46.47946441387333,46.32482808217434,46.39993667602539,82400
2006-04-07,46.30713168425275,46.3336431641367,46.10831412461953,46.21876907348633,80100
2006-04-10,46.24087702781345,46.27622006156536,46.05972923250321,46.117164611816406,299000
2006-04-11,46.17018616947037,46.32040333901437,46.13483976340631,46.24971389770508,101600
2006-04-12,46.254083140751334,46.37779205769548,46.0375891652839,46.10386276245117,138700
2006-04-13,46.081818552871844,46.081818552871844,45.86090859503606,46.01554489135742,100500
2006-04-17,45.92716328636222,46.103891866767874,45.6885835792545,46.006690979003906,110300
2006-04-18,46.08178296039875,46.20990767066279,46.037598306304005,46.192237854003906,76700
2006-04-19,46.10391911883478,46.165773652916435,46.06415693441914,46.16135787963867,87200
2006-04-20,46.1834559343631,46.19670999843965,46.08183919589629,46.13927459716797,63400
2006-04-21,46.227630615234375,46.25414211039003,46.10834068490209,46.227630615234375,84200
2006-04-24,46.25414899082509,46.38227722887518,46.20112936344644,46.32041931152344,82200
2006-04-25,46.32926237908141,46.32926237908141,46.06858673111318,46.09951400756836,93100
2006-04-26,46.06415529112011,46.103917474117274,45.98020841036718,46.04648208618164,173100
2006-04-27,46.037612690694004,46.2806148808774,45.98459648252082,46.13039779663086,74300
2006-04-28,46.20111904374427,46.25413865928021,46.143683655028084,46.23646545410156,90600
2006-05-01,46.15744290470705,46.215132941041716,45.97993067306255,46.00212097167969,72800
2006-05-02,45.99325121292819,46.1530119096304,45.99325121292819,46.0731315612793,76600
2006-05-03,46.002128688169854,46.13969908253268,45.95774808349108,46.0731315612793,85900
2006-05-04,46.108674662197046,46.108674662197046,45.95335256846738,46.055419921875,86900
2006-05-05,46.1530350781051,46.197412319296134,46.09090626328435,46.10865783691406,72700
2006-05-08,46.18408381247858,46.219586947689656,46.09089062187352,46.16633224487305,87100
2006-05-09,46.1086404111601,46.21070768874874,46.1086404111601,46.18408203125,108300
2006-05-10,46.157420770138884,46.330494181910595,46.15298203539119,46.215110778808594,76600
2006-05-11,46.15302836548146,46.170779936529335,46.06427389600809,46.135276794433594,80900
2006-05-12,46.06425899359612,46.09088464867117,45.93112394669106,46.01987838745117,111200
2006-05-15,45.9399922488529,46.108630405122604,45.9399922488529,46.059814453125,68500
2006-05-16,46.05979699507255,46.23730917271187,46.05979699507255,46.228431701660156,105600
2006-05-17,46.07758445268973,46.10421011506385,45.8468174262279,46.0820198059082,127900
2006-05-18,46.10863791470183,46.37490463256836,46.10863791470183,46.37490463256836,68900
2006-05-19,46.303906199764754,46.43260253541479,46.277280539204604,46.35272216796875,68500
2006-05-22,46.41488668132983,46.58352502334787,46.321693411894266,46.37938690185547,71300
2006-05-23,46.24178387575883,46.37048022942809,46.24178387575883,46.34829330444336,59200
2006-05-24,46.41926256198088,46.49470414663139,46.24618909801155,46.39707565307617,120600
2006-05-25,46.41486464560225,46.42374212558234,46.29060701201354,46.33498764038086,84700
2006-05-26,46.35272170465873,46.410415149649836,46.299470384070695,46.33940887451172,81800
2006-05-30,46.32610876108504,46.33498624079699,46.21516396505107,46.23735427856445,148700
2006-05-31,46.321656017123644,46.33053349415172,46.08645366236136,46.148582458496094,130500
2006-06-01,46.17132931085185,46.26936761555251,46.10894191692561,46.2292594909668,102400
2006-06-02,46.38965084547662,46.545619214822594,46.36737159263031,46.518882751464844,63200
2006-06-05,46.45652509705724,46.52336969803172,46.37185504249904,46.376312255859375,79100
2006-06-06,46.456480934560574,46.50104282622956,46.371810960491416,46.478763580322266,116100
2006-06-07,46.40303448267536,46.460968038991346,46.309453429999444,46.3540153503418,82200
2006-06-08,46.47881390054476,46.5946742643493,46.367407350830945,46.505550384521484,76600
2006-06-09,46.47880218155425,46.56346882608572,46.46097673011152,46.55455780029297,67500
2006-06-12,46.509991877409526,46.52781732732144,46.41195360282246,46.429779052734375,75900
2006-06-13,46.48321738959108,46.52778268111447,46.39409360625311,46.478763580322266,108600
2006-06-14,46.349572530778985,46.41641712707412,46.23370879052459,46.27827072143555,66600
2006-06-15,46.17131270195366,46.29163023271382,46.12229356723665,46.1846809387207,79400
2006-06-16,46.247070127509865,46.26935278956839,46.03762534364455,46.12229537963867,98500
2006-06-19,46.077748887521544,46.10448537106071,46.00644706493971,46.06438064575195,76200
2006-06-20,46.01088396384602,46.05544588335544,45.970779256244505,46.028709411621094,53500
2006-06-21,46.033159146702154,46.06435282527784,45.96185736718289,45.97077178955078,48000
2006-06-22,45.98417827234347,45.988632087376075,45.83266356476487,45.86385726928711,86500
2006-06-23,45.8861089409295,45.899477176712665,45.75241978338482,45.78807067871094,62700
2006-06-26,45.82372157403705,45.832632597940325,45.6811213925891,45.78807067871094,54000
2006-06-27,45.774719006740824,45.854931850321755,45.6276615601995,45.7167854309082,480300
2006-06-28,45.64107824545974,45.78813584809187,45.609884517616074,45.614341735839844,91400
2006-06-29,45.74349009287022,45.854896545410156,45.64099466059722,45.854896545410156,64600
2006-06-30,45.85494472591769,46.108951568603516,45.79255731893231,46.108951568603516,58500
2006-07-03,44.758585905173646,46.208763132354726,44.758585905173646,46.05210876464844,245800
2006-07-05,45.9446544335095,45.97598528340081,45.74323890008835,45.76114273071289,939300
2006-07-06,45.84173298207193,46.01629115628654,45.81040211528491,45.989437103271484,86500
2006-07-07,46.09687052679789,46.2132438160406,46.04763580499557,46.16400909423828,77900
2006-07-10,46.16397925444603,46.24454480033611,46.12817158631552,46.222164154052734,59300
2006-07-11,46.293766021728516,46.36537792234779,46.23558113904997,46.293766021728516,108400
2006-07-12,46.23114540664324,46.40122680969462,46.14610299771294,46.369895935058594,94900
2006-07-13,46.325121146746866,46.45939822613889,46.325121146746866,46.36540222167969,92200
2006-07-14,46.41911626521103,46.49968183427369,46.347504323159875,46.40568923950195,122300
2006-07-17,46.392263805112165,46.46387574961971,46.33407547196598,46.454925537109375,104200
2006-07-18,46.338561250691775,46.338561250691775,46.16847986162366,46.21323776245117,208700
2006-07-19,46.16844512652303,46.504134252385086,46.12368725936936,46.42356872558594,80600
2006-07-20,46.34299570631385,46.629450107552636,46.34299570631385,46.62497329711914,97900
2006-07-21,46.63394891791009,46.678706798942436,46.55785676386693,46.58918762207031,83700
2006-07-24,46.57575789753787,46.616042378495415,46.56233087548777,46.60261535644531,108300
2006-07-25,46.53996799961821,46.611579944244276,46.5175873460929,46.56682205200195,60100
2006-07-26,46.50862509871227,46.67422959863688,46.504148286204,46.665279388427734,69200
2006-07-27,46.683204366818806,46.69215458108156,46.593685150146484,46.593685150146484,74900
2006-07-28,46.665285467584596,46.79955912705814,46.54891223086124,46.772705078125,195200
2006-07-31,46.795061902162615,46.80848891979256,46.71896977758275,46.78163146972656,108600
2006-08-01,46.865283778191,46.865283778191,46.73041828030176,46.8473014831543,76000
2006-08-02,46.80232718710573,46.977650200553896,46.79783075785125,46.928199768066406,60300
2006-08-03,46.75290064971894,47.00015293852543,46.75290064971894,46.93272018432617,110700
2006-08-04,47.135001944771076,47.175462957978155,47.06756920927356,47.11701965332031,57300
2006-08-07,47.04508138581552,47.11251410335088,47.04508138581552,47.0765495300293,76900
2006-08-08,47.13496849647626,47.19341175966112,47.01359240252972,47.10350036621094,62000
2006-08-09,46.93265393256929,47.098983937721606,46.93265393256929,47.08100509643555,58300
2006-08-10,47.10352124513525,47.10352124513525,46.99563095494096,47.0765495300293,61300
2006-08-11,46.99565215391943,47.01363444869175,46.932715837102336,46.9821662902832,54200
2006-08-14,46.9371915274378,46.955170384493506,46.85177652245583,46.923702239990234,48000
2006-08-15,47.02711110399184,47.19344472573712,47.00463238248498,47.16646957397461,99200
2006-08-16,47.22488416844865,47.391214259305116,47.22488416844865,47.36424255371094,69700
2006-08-17,47.40022490662813,47.427196622346486,47.301324042633404,47.34178161621094,84900
2006-08-18,47.341783305986226,47.49463103664384,47.341783305986226,47.436187744140625,115700
2006-08-21,47.427209423454,47.50812802222042,47.404730701107745,47.503631591796875,77300
2006-08-22,47.53957256954824,47.58452656214705,47.458654010962476,47.53507614135742,194100
2006-08-23,47.53507594136509,47.553058224282914,47.467643237865694,47.517093658447266,107400
2006-08-24,47.49461837712732,47.59351921829046,47.49461837712732,47.517093658447266,54800
2006-08-25,47.54409136675244,47.64299225486355,47.52161264499213,47.58454895019531,105800
2006-08-28,47.611504116799715,47.6429722561922,47.54407140959583,47.59801483154297,101300
2006-08-29,47.53060388779991,47.63399777292673,47.449685293897,47.62950134277344,110000
2006-08-30,47.6340008720828,47.71941590169627,47.6340008720828,47.660972595214844,80100
2006-08-31,47.67444420125601,47.822792053222656,47.56205749020144,47.822792053222656,125600
2006-09-01,47.76139836193749,47.83816601737904,47.35499798018877,47.76591491699219,139900
2006-09-05,47.76136577207261,47.76588232404545,47.616867115019346,47.62138366699219,74900
2006-09-06,47.598807797367456,47.652992640562594,47.54461950905259,47.62138366699219,158200
2006-09-07,47.639461115562455,47.716225297166126,47.52205484391398,47.67107009887695,280100
2006-09-08,47.77493339536413,47.806542380822165,47.689136101211886,47.72074508666992,130200
2006-09-11,47.76140300953843,47.77495267602103,47.653029793534586,47.702701568603516,81200
2006-09-12,47.630430348387044,47.815567690611594,47.630430348387044,47.77492904663086,72500
2006-09-13,47.78395330246375,47.95554441061678,47.78395330246375,47.90135955810547,173000
2006-09-14,47.86977478203113,47.887837557040875,47.77494779707154,47.77946090698242,63800
2006-09-15,47.829136912317054,47.901388018753956,47.73882647439329,47.74785614013672,116400
2006-09-18,47.66204331410822,47.76589993192993,47.594308790025664,47.75687026977539,55100
2006-09-19,47.829134466763314,48.00072911321597,47.829134466763314,47.94202423095703,239900
2006-09-20,48.063942226527075,48.086518110000796,47.99620768586222,48.01878356933594,124600
2006-09-21,48.009765803532055,48.307796478271484,48.009765803532055,48.307796478271484,232400
2006-09-22,48.33485794067383,48.389046240925346,48.28970274635781,48.33485794067383,152600
2006-09-25,48.42516725853861,48.45677623837293,48.352919638254605,48.4071044921875,366900
2006-09-26,48.44774079268737,48.44774079268737,48.26711659586479,48.27163314819336,243200
2006-09-27,48.36197041309933,48.447767729445005,48.20844199976698,48.249080657958984,559500
2006-09-28,48.26713175760474,48.30777385108837,48.176821353385016,48.26261520385742,255400
2006-09-29,48.29423232844868,48.37099997460561,48.20392190900974,48.240047454833984,110100
2006-10-02,45.35753521782412,48.39648869321621,45.35753521782412,48.31938171386719,102700
2006-10-03,48.39201992462808,48.39201992462808,48.21965884636663,48.3511962890625,118200
2006-10-04,48.43735254810804,48.587033369301786,48.405602385476776,48.582496643066406,162700
2006-10-05,48.51446560395523,48.53260905063706,48.36932149100919,48.42375183105469,78900
2006-10-06,48.33756795837926,48.33756795837926,48.10624335493032,48.15160369873047,124500
2006-10-09,48.21508309750455,48.255903236594804,48.128902634304836,48.1878662109375,51600
2006-10-10,48.10166295955624,48.10166295955624,47.97465896606445,47.97465896606445,121000
2006-10-11,48.07901820325986,48.08808819350508,47.85223038154636,47.86583709716797,130800
2006-10-12,48.001909138801246,48.02005257902982,47.89758522261375,47.97922897338867,91000
2006-10-13,47.89756518427149,47.933852049547745,47.78870804894867,47.80231475830078,215000
2006-10-16,47.79324935881601,47.95653680772344,47.79324935881601,47.920249938964844,113000
2006-10-17,48.0472808491844,48.133461351761355,47.97924379243988,48.01099395751953,153100
2006-10-18,48.09715683554347,48.11076354980469,47.85222559732002,48.11076354980469,363600
2006-10-19,48.0245994514338,48.04727962327278,47.91120551325563,47.956565856933594,665000
2006-10-20,47.97012570453277,48.006409099311156,47.88394528836102,47.97465896606445,101600
2006-10-23,47.88851726354233,47.93387413578352,47.83408694054838,47.86583709716797,116200
2006-10-24,47.888508042143556,47.95200834315513,47.888508042143556,47.947471618652344,95200
2006-10-25,47.95202925963661,48.156136964703784,47.92027909528153,48.15160369873047,91700
2006-10-26,48.237730075592374,48.310303781043025,48.2150533880176,48.30576705932617,79500
2006-10-27,48.57343882967615,48.57343882967615,48.36933106997452,48.460044860839844,88400
2006-10-30,48.4872276562388,48.52804779525886,48.43279734370519,48.50537109375,56200
2006-10-31,48.550779254152914,48.75035381713205,48.53263579747203,48.72313690185547,144100
2006-11-01,48.85657608001686,48.96135161854073,48.783688144437114,48.883907318115234,220200
2006-11-02,48.7927622331,48.85198102724466,48.7927622331,48.824649810791016,319200
2006-11-03,48.56044248218617,48.569555205789754,48.43744851742366,48.483001708984375,73000
2006-11-06,48.446602155080676,48.53771209716797,48.38738329934062,48.53771209716797,80600
2006-11-07,48.715379425740075,48.783707548163534,48.66526981896991,48.71082305908203,130000
2006-11-08,48.74269973250798,48.78369659675871,48.715368489674155,48.7700309753418,124800
2006-11-09,48.8110201408349,48.861129724884485,48.770019810481664,48.82012939453125,111500
2006-11-10,48.91576933862344,49.015988459888014,48.87932886537961,48.952213287353516,62200
2006-11-13,48.943112202932575,48.94766509066869,48.83833670172583,48.92033386230469,100400
2006-11-14,49.0387916222322,49.102566827052414,48.9977912902832,48.9977912902832,120600
2006-11-15,48.993229125490785,48.993229125490785,48.83378766813807,48.87023162841797,103000
2006-11-16,48.98869078833234,48.98869078833234,48.77458678726161,48.801918029785156,108400
2006-11-17,48.83378419131471,49.03422248309618,48.81100932437679,48.96133804321289,99600
2006-11-20,49.0387916222322,49.0387916222322,48.965903687873094,48.9977912902832,81300
2006-11-21,49.038819412154126,49.12992590624435,48.98415343040601,49.0661506652832,155500
2006-11-22,49.11625509553176,49.143586345776065,49.0479234944314,49.120811462402344,75000
2006-11-24,49.26655849454282,49.28933336616158,49.19367056419206,49.19822692871094,48600
2006-11-27,49.0934802350768,49.284809426889865,49.04792698959363,49.20281219482422,147500
2006-11-28,49.35766711086662,49.36677984030665,49.23011670260995,49.29389190673828,182300
2006-11-29,49.37589866907483,49.39412065600047,49.248348236083984,49.248348236083984,102800
2006-11-30,49.380464762244415,49.49890596284875,49.321242424197585,49.43512725830078,108600
2006-12-01,49.51602897407205,49.67155108509348,49.44741484103209,49.49315643310547,175400
2006-12-04,49.53896373353874,49.65331960227742,49.41088222906554,49.607574462890625,97200
2006-12-05,49.60752863511866,49.69901533951206,49.50232328739243,49.584659576416016,109700
2006-12-06,49.5526531102452,49.5526531102452,49.378830071198514,49.46116638183594,101900
2006-12-07,49.55264584102209,49.55264584102209,49.44286178303596,49.484031677246094,99600
2006-12-08,49.516083614002746,49.516083614002746,49.29194712261157,49.30109405517578,109900
2006-12-11,49.37885391514666,49.46119026554246,49.37885391514666,49.41087341308594,69400
2006-12-12,49.45655420639119,49.552612575246926,49.42453475010594,49.51601791381836,85500
2006-12-13,49.36511669201365,49.406286599567025,49.25991129800635,49.26905822753906,116600
2006-12-14,49.26902345545749,49.26902345545749,49.19126239479141,49.22328186035156,73400
2006-12-15,49.45659814916782,49.502339771666,49.182141434454515,49.21416091918945,103700
2006-12-18,49.21874237060547,49.237039719897744,49.173000742306066,49.21874237060547,69800
2006-12-19,49.1821393329522,49.269050854888576,49.163845476624275,49.20958709716797,115400
2006-12-20,49.16842070341429,49.27362957904606,49.16842070341429,49.246185302734375,73200
2006-12-21,49.28275417921829,49.42912940299904,49.25073470807439,49.37424087524414,145000
2006-12-22,49.31022911706682,49.32852297649655,49.15012818322509,49.21874237060547,100200
2006-12-26,49.24158968899394,49.278184368820455,49.17755074422792,49.27360916137695,61800
2006-12-27,49.25388626530604,49.27225643354746,49.0150810856703,49.116111755371094,114500
2006-12-28,49.162056466384485,49.162056466384485,48.91406436228133,49.015098571777344,129300
2006-12-29,49.010511900957376,49.010511900957376,48.937031191659116,48.99214172363281,120500
2007-01-03,49.207981755411694,49.230941846839336,48.76710805722016,48.88650894165039,1597400
2007-01-04,49.01967190679174,49.2768507631781,49.01967190679174,49.25388717651367,111600
2007-01-05,49.13909194829807,49.23093931679389,49.07939150915105,49.22175598144531,103200
2007-01-08,49.12530184015258,49.240112771440685,49.12530184015258,49.20796585083008,120600
2007-01-09,49.21256172706606,49.24470864928225,49.17582138631849,49.2171516418457,127200
2007-01-10,49.18502474292044,49.20798834117412,49.116137451912564,49.15287780761719,66500
2007-01-11,49.09318222771936,49.1207357453547,48.9691843908533,49.0013313293457,73600
2007-01-12,48.98292556307296,48.98751547651357,48.9140383202059,48.950775146484375,86400
2007-01-16,48.97838977027584,49.028906907563076,48.88653883713775,49.005943298339844,205300
2007-01-17,49.03803825680927,49.03803825680927,48.877303673928736,48.93700408935547,100400
2007-01-18,48.99211879518642,49.079376220703125,48.9094547877894,49.079376220703125,91700
2007-01-19,49.08395813235531,49.08395813235531,49.001294138435945,49.05181121826172,181100
2007-01-22,49.07939064458556,49.083980560302734,49.028873541677,49.083980560302734,73200
2007-01-23,49.0472193887487,49.0472193887487,48.87270457298537,48.950775146484375,142800
2007-01-24,48.96914239240866,48.97832922624369,48.91403540440056,48.97373580932617,84900
2007-01-25,48.92325490877089,48.93703166595957,48.77170357218919,48.817630767822266,168800
2007-01-26,48.7717002392675,48.85895770050369,48.74414672677307,48.78548049926758,97900
2007-01-29,48.84514184982985,48.8818821729183,48.70736739012318,48.76247787475586,154100
2007-01-30,48.83597648075291,48.8405698990953,48.780869475650576,48.83138656616211,77100
2007-01-31,48.81302692513009,49.05183217416899,48.79925017088297,49.038055419921875,166800
2007-02-01,49.299558249835165,49.299558249835165,48.97670727666999,49.01821517944336,135300
2007-02-02,49.06894803138976,49.17041648263006,49.01821380576961,49.064334869384766,174000
2007-02-05,49.10585891576121,49.13353085728291,49.07818697423951,49.1289176940918,101400
2007-02-06,49.07356883861126,49.258056640625,49.04128373716977,49.258056640625,168100
2007-02-07,49.350279387793684,49.35489254870442,49.26264692454358,49.32721710205078,156700
2007-02-08,49.32262657832712,49.42409504482974,49.27650198896256,49.38258361816406,113600
2007-02-09,49.327225086524045,49.327225086524045,49.13351452264699,49.175025939941406,175400
2007-02-12,49.20733125036691,49.230390030505035,48.773785365542004,49.184268951416016,572300
2007-02-13,49.207290567222024,49.207290567222024,49.00896692417591,49.15194320678711,97600
2007-02-14,49.25801579887661,49.43327713012695,49.20728160741823,49.43327713012695,102700
2007-02-15,49.4932771836137,49.5762965219781,49.4471561109251,49.52556228637695,141900
2007-02-16,49.580895662828596,49.65007901170178,49.54399740758806,49.5762825012207,149700
2007-02-20,49.594717816956575,49.663901146562544,49.53476080799691,49.65467834472656,101600
2007-02-21,49.5670659495257,49.74232740580992,49.5024957541151,49.62240982055664,120500
2007-02-22,49.61318731923298,49.61318731923298,49.493269733244325,49.55323028564453,101800
2007-02-23,49.61775584688485,49.760732077723645,49.61775584688485,49.7146110534668,161400
2007-02-26,49.8576457849432,49.917606353759766,49.77923959982754,49.917606353759766,109700
2007-02-27,49.94066101959395,50.33730859479159,49.94066101959395,50.11131286621094,143800
2007-02-28,50.088226306504225,50.088226306504225,49.90835173962967,50.01904296875,87000
2007-03-01,49.97322214907235,50.186267896168175,49.92690847074841,50.0287971496582,143000
2007-03-02,50.130672265948995,50.167724609375,49.90836527240488,50.167724609375,145600
2007-03-05,50.15849450716496,50.16312340284461,50.01954989959616,50.09365463256836,98100
2007-03-06,50.01490873452373,50.01954116290241,49.84354775309565,49.90375518798828,348200
2007-03-07,50.00101935828842,50.02880686397697,49.83891968592544,49.9500732421875,120300
2007-03-08,50.00102171281007,50.014915466308594,49.880603293309484,50.014915466308594,123800
2007-03-09,49.764774555032105,49.90835146270348,49.72309333034056,49.88519287109375,95000
2007-03-12,49.880584128124596,50.03342242490068,49.880584128124596,49.99174118041992,79100
2007-03-13,50.00099363381122,50.116779559287856,49.926892478929304,50.0195198059082,217500
2007-03-14,50.06584817938932,50.06584817938932,49.820382510618835,49.97322082519531,144900
2007-03-15,50.01951999570175,50.01951999570175,49.866681725451215,49.98246765136719,74000
2007-03-16,49.88981403198721,49.9963350489297,49.70455594145189,49.78792190551758,199800
2007-03-19,49.7879703862891,49.82502274717655,49.695343017578125,49.695343017578125,108800
2007-03-20,49.75553826470061,49.862062892778525,49.70922459169112,49.82963943481445,100200
2007-03-21,49.82502496643004,50.02417699818592,49.65366043982361,49.97786331176758,116200
2007-03-22,49.88985143590329,49.959323713627505,49.774065484198545,49.838905334472656,67900
2007-03-23,49.908323055739004,49.908323055739004,49.66285767181245,49.709171295166016,74500
2007-03-26,49.71848334472079,49.92690016275803,49.70922202399998,49.801849365234375,69500
2007-03-27,49.7416373725303,49.83426470524667,49.70921745272895,49.79258346557617,84500
2007-03-28,49.80649511000287,49.926913512611264,49.699970458943994,49.76018142700195,82500
2007-03-29,49.73240544541597,49.76945781643622,49.6721979926395,49.69998550415039,119400
2007-03-30,49.755520234628364,49.76015266030267,49.565629650541936,49.68141555786133,127000
2007-04-02,49.70562352096325,49.71958128567598,49.635831147612,49.71027374267578,77000
2007-04-03,49.687015374600804,49.696319368448194,49.612569224670445,49.6823616027832,158900
2007-04-04,49.70564306462363,49.78939323561716,49.66841997756229,49.7242546081543,93600
2007-04-05,49.69164139920015,49.733514672813584,49.58462600587832,49.621849060058594,129900
2007-04-09,49.32872275671322,49.4776114260966,49.32872275671322,49.45900344848633,137400
2007-04-10,49.561378479003906,49.593947775642384,49.48228212285147,49.561378479003906,115800
2007-04-11,49.59857316302634,49.63579620925091,49.46829605102539,49.46829605102539,103400
2007-04-12,49.5195012682371,49.593943847605864,49.47762443314038,49.54276657104492,83700
2007-04-13,49.57997305188253,49.57997305188253,49.440391921090175,49.45900344848633,96400
2007-04-16,49.59395440001204,49.59395440001204,49.45902697433515,49.50090026855469,180500
2007-04-17,49.66840172031897,49.77541716883606,49.61256711025079,49.7707633972168,101200
2007-04-18,49.88243310239082,49.89639086858995,49.700975042226275,49.784725189208984,127300
2007-04-19,49.85450288109624,49.91033392944295,49.78005675025142,49.81727981567383,124200
2007-04-20,49.86844896863349,49.905672025341715,49.73817181994074,49.80331039428711,92500
2007-04-23,49.88707072478033,49.966167074162016,49.78470907273965,49.94755554199219,100600
2007-04-24,49.92432287560568,50.08716943973451,49.86383447336579,50.073211669921875,105900
2007-04-25,50.063910458248884,50.12904909214259,49.98016027898708,50.00342559814453,125200
2007-04-26,49.97080077407131,49.99406251760051,49.84982763844919,49.89635467529297,194500
2007-04-27,49.93359659629112,49.947554357640826,49.85915401916376,49.882415771484375,235700
2007-04-30,49.92898923203657,50.13836649624648,49.92898923203657,50.12440872192383,362600
2007-05-01,50.06825039249024,50.161724484989946,49.96543423924862,50.09629440307617,226900
2007-05-02,50.11968436812557,50.12435896641785,50.007518968827135,50.082298278808594,145000
2007-05-03,50.01688569523314,50.058949966257494,49.91406944915472,50.01221466064453,157200
2007-05-04,50.17110242963951,50.17110242963951,50.0542624130052,50.13371276855469,100900
2007-05-07,50.14309766969886,50.19450759887695,50.10570798199172,50.19450759887695,136900
2007-05-08,50.24117255069702,50.24117255069702,50.10096320103098,50.1663932800293,134500
2007-05-09,50.189810168034676,50.189810168034676,50.044929651163436,50.08699035644531,107200
2007-05-10,50.110382080078125,50.15244280406771,50.068317790411704,50.110382080078125,75900
2007-05-11,50.21783013043324,50.236524958149076,50.012194156906695,50.058929443359375,87100
2007-05-14,50.07292214362604,50.08694236528642,49.94673658301075,50.00749206542969,121600
2007-05-15,50.00749004144642,50.072920116994574,49.853260478080756,49.89532470703125,174200
2007-05-16,49.98417062473654,50.02156029549702,49.8673305778665,50.01221466064453,157200
2007-05-17,49.91409227191285,49.942132754966835,49.829967257074024,49.8626823425293,126100
2007-05-18,49.77384870650245,49.84862803110638,49.68037811642199,49.72243881225586,147700
2007-05-21,49.68035864637077,49.80186965271954,49.6523146277977,49.78784942626953,88700
2007-05-22,49.77387837341514,49.78322401172372,49.59628272013948,49.628997802734375,83100
2007-05-23,49.68036690297395,49.69438713175404,49.498096797485466,49.582218170166016,128200
2007-05-24,49.591576405594104,49.64298629760742,49.43267213055085,49.64298629760742,92800
2007-05-25,49.57757545294775,49.71778138649818,49.512145304155744,49.61029052734375,104000
2007-05-29,49.586879756854586,49.596228950703875,49.441999343245,49.51210403442383,139700
2007-05-30,49.60555343631427,49.63826846949776,49.48403892777363,49.549468994140625,94700
2007-05-31,49.558890543641546,49.558890543641546,49.34857625266939,49.50748062133789,130100
2007-06-01,49.402288837771295,49.42107162267627,49.2661163340476,49.31776809692383,105200
2007-06-04,49.28017808841982,49.406960928042686,49.266091902339085,49.39756774902344,111300
2007-06-05,49.28487400086653,49.30365677619885,49.19096370665301,49.237918853759766,97200
2007-06-06,49.25669466166517,49.31303939724401,49.20973952120028,49.28017044067383,64800
2007-06-07,49.092359082279344,49.092359082279344,48.70732112636708,48.754276275634766,179800
2007-06-08,48.651003099953705,48.810651423390134,48.528916769857894,48.77778244018555,404300
2007-06-11,48.73081358400603,48.815334314587645,48.60872728817715,48.62751007080078,109700
2007-06-12,48.54294812165594,48.5758170677254,48.34573444523917,48.36451721191406,129400
2007-06-13,48.56176525106761,48.65567915089641,48.39272381382474,48.57585144042969,249400
2007-06-14,48.49604868398579,48.651004000153364,48.45848310749961,48.56178665161133,110100
2007-06-15,48.59932105884796,48.8106210217767,48.585234872312476,48.754276275634766,100100
2007-06-18,48.68383102823639,48.810610261555695,48.58522416177749,48.749568939208984,101100
2007-06-19,48.82471374569852,49.064186096191406,48.78714819103154,49.064186096191406,121000
2007-06-20,48.88105466158799,48.94209957874628,48.76836158887388,48.829402923583984,77700
2007-06-21,48.697940127913995,48.85289538345992,48.66507115696023,48.70263671875,83200
2007-06-22,48.67446960818779,48.838814480748766,48.599338476474465,48.8341178894043,73900
2007-06-25,48.97499315473543,49.0125551428859,48.820037862846,48.890472412109375,82500
2007-06-26,48.979672276682386,48.99845505665701,48.829413619334375,48.881065368652344,68900
2007-06-27,49.012541246025734,49.0641929953437,48.866979179283625,48.881065368652344,105900
2007-06-28,48.89514084787123,48.974968540889904,48.77305817845102,48.829402923583984,63100
2007-06-29,48.9186325331339,49.18628088726545,48.9186325331339,49.1064567565918,191400
2007-07-02,49.14985789241171,49.14985789241171,48.914014037652166,48.98476791381836,3074400
2007-07-03,49.18759557150841,49.19231345640978,48.89986577028499,48.994205474853516,45900
2007-07-05,48.77247837307797,48.89040022427077,48.66870656823803,48.678138732910156,83600
2007-07-06,48.635690989203916,48.70644482314214,48.498901203240536,48.583805084228516,83700
2007-07-09,48.72530743393555,48.744171762149925,48.5979498270094,48.68285369873047,100900
2007-07-10,49.0036607588469,49.107432683471075,48.824420633664616,49.0178108215332,159600
2007-07-11,49.06490881377914,49.08849461702932,48.7677471257438,48.79604721069336,86000
2007-07-12,48.899838196370695,48.899838196370695,48.56022264881184,48.60267639160156,129500
2007-07-13,48.7489473449392,48.838569204138764,48.61687529897774,48.81498336791992,71800
2007-07-16,48.90456683500884,48.9753206894273,48.77249489272933,48.94230270385742,90500
2007-07-17,48.93288285705179,49.02250467505197,48.76307499067865,48.83854675292969,86600
2007-07-18,48.852676013591164,49.12625563725916,48.83380808105991,48.98003005981445,85900
2007-07-19,48.89514586232834,49.00363201174419,48.74420235237351,48.876277923583984,170900
2007-07-20,49.10266443597923,49.21586842005956,48.98946045189889,49.01304626464844,181000
2007-07-23,49.08853482964791,49.11683493778051,48.9375949217886,48.95646286010742,56900
2007-07-24,49.14984592111834,49.14984592111834,48.86683408407764,48.895137786865234,101600
2007-07-25,49.07907542518872,49.10265763598271,48.9328498840332,48.9328498840332,239800
2007-07-26,49.14042480172118,49.33853277232456,48.82910919189453,48.82910919189453,104600
2007-07-27,49.050809520117056,49.19703517391678,48.583839641872636,48.64987564086914,91400
2007-07-30,48.92820213095449,48.98008450472376,48.51311435124703,48.72537612915039,138300
2007-07-31,48.77250557890518,48.9941993586011,48.701751708984375,48.701751708984375,152700
2007-08-01,49.07711872368789,49.171906494658316,48.77853037487984,48.859100341796875,77200
2007-08-02,48.920707314691555,49.06762941944727,48.76430426490065,48.79273986816406,117400
2007-08-03,48.98708714439329,49.252495900599634,48.91125400494971,49.034481048583984,109200
2007-08-06,49.20033178347158,49.29038267815136,48.83539496426355,48.86383056640625,99100
2007-08-07,49.110289722077226,49.143465800075234,48.86383575758805,48.99654006958008,100500
2007-08-08,48.7027158856349,49.1766621183439,48.7027158856349,49.0486946105957,92500
2007-08-09,49.13871625036961,49.18136965023615,48.86382673149421,49.006011962890625,69300
2007-08-10,49.053433627678444,49.49894423028112,48.69323348906516,48.78802490234375,142700
2007-08-13,48.887525548258296,49.15767459557777,48.82117340441987,48.9586181640625,155100
2007-08-14,49.06764422986033,49.29039949844894,48.93968036062972,49.266700744628906,115800
2007-08-15,49.27140544120191,49.276145911708156,49.02021474316371,49.13396072387695,125700
2007-08-16,49.19085012778344,49.29985567035601,48.62211282351051,48.65529251098633,438800
2007-08-17,48.72635990423753,49.001249298617495,48.62683173370389,48.740577697753906,234100
2007-08-20,48.750108696943045,49.152962262563854,48.750108696943045,49.09135055541992,129100
2007-08-21,49.10080984208997,49.247735575773994,49.039198157591116,49.190860748291016,104000
2007-08-22,49.19086939040314,49.337791533977835,49.08186018922312,49.29039764404297,102600
2007-08-23,49.257196846333436,49.40885938758658,49.133969901590184,49.31407165527344,88600
2007-08-24,49.46100462137681,49.46100462137681,49.181374602386306,49.42308807373047,231600
2007-08-27,49.50367195671088,49.55580632041584,49.29039764404297,49.29039764404297,82200
2007-08-28,49.50837282918227,49.7121696472168,49.38988639116032,49.7121696472168,145100
2007-08-29,49.83542592947237,49.83542592947237,49.48470687866211,49.48470687866211,63100
2007-08-30,49.62212992827813,49.669527406854236,49.494166137514476,49.63161087036133,155200
2007-08-31,49.432575861247116,49.91599925493174,49.23825623960192,49.86386489868164,290200
2007-09-04,49.80097163239246,49.80573419210293,49.600987717776675,49.75335693359375,148500
2007-09-05,49.78195884988624,49.95813370556146,49.54864050856744,49.948612213134766,69600
2007-09-06,49.910521984160546,49.915284547046184,49.74863117375958,49.8343391418457,106600
2007-09-07,49.81053766482971,50.14384446295846,49.81053766482971,50.10575485229492,102300
2007-09-10,50.0438325518757,50.31524044622907,49.948603113873546,50.25334167480469,118800
2007-09-11,50.04386276232481,50.20099469937885,49.95815476327463,49.96291732788086,98500
2007-09-12,49.94385199765641,49.98194523469509,49.748630515182484,49.75815200805664,94800
2007-09-13,49.77242593657309,49.80099404215384,49.61529409033838,49.68671798706055,134300
2007-09-14,49.820058908569635,49.9295760747017,49.620074830698854,49.82482147216797,83300
2007-09-17,49.52009780212895,49.82483657490485,49.52009780212895,49.805789947509766,70700
2007-09-18,49.75813991283789,49.97717052341175,49.567677406713194,49.9247932434082,78200
2007-09-19,49.72482233987658,49.862907602357275,49.57245302141015,49.64863586425781,141100
2007-09-20,49.47245473137777,49.84385467105615,49.42484000653168,49.558162689208984,113700
2007-09-21,49.63910790475171,49.90575326913956,49.56768400135622,49.79147720336914,103300
2007-09-24,49.920031515175474,50.03907012939453,49.67243279601872,50.03907012939453,64100
2007-09-25,49.96763827003691,50.15809710236744,49.953354220889054,50.01049041748047,78400
2007-09-26,50.17714475086971,50.186669872345036,49.88193137498455,50.13429260253906,111700
2007-09-27,50.13430685955612,50.30572276716422,49.92003515866076,50.26286697387695,65600
2007-09-28,50.39142855841674,50.400950049421695,50.09144891659098,50.22953414916992,95800
2007-10-01,50.61842935638363,50.61842935638363,49.8769937090216,49.905696868896484,1038900
2007-10-02,49.781316057754864,50.0587567664171,49.781316057754864,49.857852935791016,187300
2007-10-03,50.068360502831005,50.14011296872441,49.86267204699366,50.08271026611328,253900
2007-10-04,50.13532741883434,50.479736328125,50.13532741883434,50.479736328125,768400
2007-10-05,50.1831457639426,50.35534650368852,50.03964088976035,50.27402877807617,75200
2007-10-08,49.991801224022176,50.474926700924186,49.991801224022176,50.451011657714844,78100
2007-10-09,50.321904971907344,50.44149125145036,50.20710316540146,50.231021881103516,70200
2007-10-10,50.331452398801574,50.47495368320914,50.197516406895026,50.40798568725586,69200
2007-10-11,50.35059382798621,50.527579135660204,50.192739108047846,50.51322937011719,138700
2007-10-12,50.47015510264731,50.47015510264731,50.11617736346976,50.23576354980469,149400
2007-10-15,50.37924689686095,50.39359664916992,50.1783430655769,50.39359664916992,101700
2007-10-16,50.42711809756771,50.51800479570883,50.27883234753276,50.479736328125,123700
2007-10-17,50.58495139867678,50.819339276920154,50.388828322354485,50.71888732910156,65900
2007-10-18,50.81930786177879,50.82409232761645,50.637538304207446,50.72364044189453,96800
2007-10-19,50.848045449079784,51.053733825683594,50.65192236115216,51.053733825683594,97700
2007-10-22,50.86717602643216,51.053733825683594,50.86717602643216,51.053733825683594,73100
2007-10-23,50.80504441261958,51.01551747325417,50.73329190108649,50.75242614746094,157500
2007-10-24,51.010679062206705,51.18288344800891,50.91022711206883,51.063297271728516,114900
2007-10-25,51.1398104287426,51.1398104287426,50.943687438964844,50.943687438964844,51400
2007-10-26,50.8719729753489,51.07287693215979,50.776305467195584,50.86240768432617,73500
2007-10-29,50.72844966974763,50.99153702758892,50.72844966974763,50.981971740722656,84200
2007-10-30,50.95328085729511,50.98676484361418,50.81934491201885,50.97719955444336,55400
2007-10-31,50.891084896257446,51.0298052769019,50.647128113091014,50.71409606933594,101100
2007-11-01,50.59687723106426,51.101402282714844,50.59687723106426,51.101402282714844,70300
2007-11-02,50.88521064800845,51.15429084933829,50.74586449633613,50.784305572509766,132300
2007-11-05,51.04374243559714,51.04374243559714,50.86114928159547,50.90919876098633,60300
2007-11-06,50.64972594436743,50.827509367526886,50.59687042236328,50.59687042236328,82700
2007-11-07,50.71218688453165,50.76504240339815,50.529597424954474,50.563232421875,93000
2007-11-08,50.716996394855485,50.741019299473635,50.553623780128206,50.644920349121094,174600
2007-11-09,50.78906991447373,50.885172532923,50.60167439092272,50.870758056640625,42700
2007-11-12,50.39023156156716,50.8563152880775,50.39023156156716,50.85151290893555,89900
2007-11-13,50.81790093895338,50.81790093895338,50.462326760754586,50.59687042236328,112500
2007-11-14,50.55841371248528,50.625683689478485,50.3806266784668,50.3806266784668,102700
2007-11-15,50.582472964973334,50.68338166892882,50.457545012732,50.5728645324707,88900
2007-11-16,50.510393405811286,50.72661793295406,50.510393405811286,50.57766342163086,72100
2007-11-19,50.716952877697636,51.04369416085524,50.596827459859355,50.96681213378906,73000
2007-11-20,50.87555929634317,50.88517139094241,50.644920349121094,50.644920349121094,77800
2007-11-21,50.92842747639114,51.07738565218108,50.83232850215451,51.00050354003906,269500
2007-11-23,50.88039349538182,50.94766353103659,50.745853424072266,50.745853424072266,49800
2007-11-26,50.96203877036122,51.64915674765266,50.8130843298235,51.586692810058594,142400
2007-11-27,50.89959238511224,51.2936039975188,50.89959238511224,51.144649505615234,280100
2007-11-28,50.95725262323635,51.31762922264838,50.774659466665774,50.7890739440918,152400
2007-11-29,51.15905692535131,51.2935969208885,50.92361193316123,50.98126983642578,134400
2007-11-30,50.7169954342027,51.23113250732422,50.55842886977852,51.23113250732422,1046100
2007-12-03,51.75568193247253,51.75568193247253,51.147642120845674,51.24898147583008,97900
2007-12-04,51.21039565417669,51.53371708681177,51.084926261765446,51.273128509521484,72800
2007-12-05,50.891875956090054,51.15246442420847,50.891875956090054,51.080078125,143900
2007-12-06,50.969085687701764,50.969085687701764,50.6940207139092,50.703670501708984,88500
2007-12-07,50.70846965231134,50.70846965231134,50.25002582422595,50.26932907104492,106800
2007-12-10,50.41896210614789,50.45756494394103,50.148720151273814,50.30314254760742,118000
2007-12-11,50.50101243211548,50.95945301495472,50.21147081760011,50.79055404663086,101100
2007-12-12,49.999128095187935,50.771240132524355,49.999128095187935,50.63129425048828,125700
2007-12-13,50.25011103226043,50.53482980348444,50.19220487533116,50.341800689697266,126700
2007-12-14,50.11975960984787,50.30313502754272,49.772308349609375,49.772308349609375,328500
2007-12-17,50.02809311537789,50.33211494905366,50.02809311537789,50.25490188598633,112400
2007-12-18,50.54445912517772,50.62167221210068,50.2742206843926,50.409339904785156,119100
2007-12-19,50.833949527989304,50.92563905573201,50.40928902371579,50.804996490478516,131400
2007-12-20,50.81950271967115,50.95462188267431,50.55891418457031,50.55891418457031,162800
2007-12-21,50.81948137454914,50.81948137454914,50.399647534658875,50.50581359863281,123200
2007-12-24,50.428598119049774,50.47202768034807,50.24522272403583,50.25004577636719,61700
2007-12-26,50.30797120079458,50.505826859553515,50.20180510894545,50.26454162597656,78900
2007-12-27,50.640208059541884,50.640208059541884,50.2766572258014,50.56264877319336,139400
2007-12-28,50.6693084438951,51.10072195308483,50.6693084438951,50.72262954711914,177600
2007-12-31,50.89713175798896,51.168581943930846,50.80018631964726,50.81957244873047,93900
2008-01-02,51.19274865824973,51.48843663994306,50.92614352779631,51.42057418823242,728300
2008-01-03,51.071612075215974,51.40123158542651,51.071612075215974,51.2509651184082,151300
2008-01-04,51.52244386799753,51.67755880046855,51.40610859320219,51.67271041870117,135900
2008-01-07,51.6484560038161,51.726011591050046,51.50303419268582,51.609676361083984,148300
2008-01-08,51.643598547344155,51.67752980421363,51.376993173205705,51.512718200683594,127100
2008-01-09,51.328534304685746,51.62422263630141,51.31399286185721,51.40609359741211,146200
2008-01-10,51.41092462997478,51.464245705009795,51.18309889086692,51.25580978393555,388300
2008-01-11,51.26067861819068,51.643619356147404,51.26067861819068,51.62907791137695,98800
2008-01-14,51.43512314047506,51.653251953146246,50.88737507202126,51.415733337402344,335000
2008-01-15,51.58059840539651,51.764796178624145,51.415786757156496,51.69208526611328,159800
2008-01-16,51.682414105096235,51.915084685853145,51.43519837708884,51.61455154418945,173400
2008-01-17,51.483651619532715,51.85689926147461,51.410940703730844,51.85689926147461,152700
2008-01-18,51.49334717591998,52.19621071635482,51.49334717591998,51.76964569091797,195800
2008-01-22,51.85691096537853,51.99748074989586,51.45942872727968,51.88114547729492,267100
2008-01-23,52.26409486362693,52.477379313663775,51.75997033514217,51.94901657104492,440200
2008-01-24,51.85204216337207,51.86658360444153,51.50788116455078,51.50788116455078,244400
2008-01-25,51.33823257146603,52.108958649833745,51.2994529239652,52.06533432006836,159700
2008-01-28,51.99261548583953,52.18166161582141,51.648454487712755,52.05078125,272100
2008-01-29,52.03139402119526,52.03139402119526,51.7454024712122,51.963531494140625,152000
2008-01-30,51.682422393503934,51.99265234975345,51.682422393503934,51.95387268066406,147200
2008-01-31,52.06050190991732,52.157447360178146,51.83752441573191,52.12351608276367,162900
2008-02-01,52.432221365250975,52.43709212061347,52.10595134662117,52.344566345214844,188500
2008-02-04,52.174132962254276,52.27639654464783,52.10595724065858,52.20335006713867,155800
2008-02-05,52.53939484541131,52.53939484541131,52.217995342627205,52.38356399536133,212400
2008-02-06,52.32507680805721,52.339689071287594,52.01341540115559,52.101070404052734,215000
2008-02-07,52.105957037766444,52.13517414253707,51.37549969611551,51.502113342285156,206400
2008-02-08,51.74073652221796,51.80404149763171,51.53133856932785,51.6969108581543,210000
2008-02-11,51.935544631530426,52.0913754631745,51.66283788967824,51.852760314941406,146100
2008-02-12,51.843006215766984,51.843006215766984,51.48751895890291,51.779701232910156,270400
2008-02-13,51.60926049480614,51.72126190110238,51.25376953220274,51.25864028930664,200500
2008-02-14,51.38039267745628,51.43395986957258,51.00542233264215,51.146644592285156,172700
2008-02-15,51.40468250041316,51.40468250041316,51.12710904441239,51.31216049194336,179400
2008-02-19,51.07358013700958,51.23428165689051,50.74243929996637,50.805747985839844,220800
2008-02-20,50.80089058176101,50.942112828898786,50.64505977721234,50.917762756347656,151000
2008-02-21,51.054087685222896,51.312185687972274,50.93721557143852,51.26835632324219,264600
2008-02-22,51.24402039109559,51.3219339110175,50.87879171042208,51.06871032714844,276800
2008-02-25,51.058960037824406,51.09304789354881,50.742427825927734,50.742427825927734,194200
2008-02-26,50.927469901934856,51.10764694213867,50.74241839215112,51.10764694213867,235600
2008-02-27,51.12717768998226,51.24405361859684,50.80090741535974,51.05900192260742,286900
2008-02-28,51.3024977247036,51.463199370949845,51.13692903363877,51.42911148071289,214400
2008-02-29,51.618977709935415,51.75532913208008,51.38036272118225,51.75532913208008,211800
2008-03-03,51.935311494429264,52.01844995343451,51.50007235262618,51.754371643066406,571400
2008-03-04,51.75437757659087,51.84729133515005,51.28001483863907,51.451175689697266,335900
2008-03-05,51.38760112043575,51.38760112043575,50.96214096306993,51.089290618896484,391400
2008-03-06,51.17240819595246,51.27999604319151,50.952344858254655,51.020809173583984,151600
2008-03-07,50.89855668793076,51.27021909000773,50.702942737296375,50.91322708129883,317200
2008-03-10,51.108819924730625,51.108819924730625,50.72248355781114,50.90342330932617,139400
2008-03-11,50.859449872469,50.859449872469,50.32151412963867,50.32151412963867,149700
2008-03-12,50.5366894255155,50.9817114313005,50.25794064894516,50.92791748046875,523400
2008-03-13,50.89858205324963,50.89858205324963,50.27262008409196,50.37531661987305,402100
2008-03-14,50.63447101070937,50.80563179335351,50.22857277542095,50.34593963623047,96200
2008-03-17,50.85942177290544,51.34845467456799,50.60512630569189,50.7567253112793,175400
2008-03-18,50.61492723833073,50.92790813243345,50.38997245388355,50.6638298034668,103700
2008-03-19,50.918154762847344,51.07464528873391,50.79589642290383,50.8839225769043,187400
2008-03-20,50.95726375910258,51.226233542188616,50.854567223113634,51.15287780761719,118100
2008-03-24,51.108859103750646,51.348484319219416,50.85945113522685,51.0550651550293,107100
2008-03-25,50.90833174261071,51.338683146702934,50.90833174261071,51.284889221191406,95300
2008-03-26,51.2506865103147,51.43162642643244,51.1675480215558,51.34849166870117,140500
2008-03-27,51.11864577511813,51.24579546667033,50.88879954728335,51.0355110168457,126900
2008-03-28,51.14306819933059,51.37291428905451,50.89855171767117,51.3093376159668,119900
2008-03-31,51.47071168183625,51.69077498996623,51.34845345931408,51.446258544921875,435100
2008-04-01,51.69342275668691,51.69342275668691,51.12336326136436,51.36416244506836,395100
2008-04-02,51.659081966148534,51.659081966148534,51.354394258118965,51.45267868041992,261400
2008-04-03,51.580425974605646,51.590256661570656,51.3543689154213,51.47722625732422,143700
2008-04-04,51.96378347181882,52.106298556796474,51.75246851813632,52.101383209228516,308700
2008-04-07,52.0178205120545,52.20456615279891,51.79667869984788,52.160335540771484,302900
2008-04-08,52.25864399292777,52.26355934081603,51.72790264966449,51.97361755371094,168100
2008-04-09,52.027608242671754,52.16029247057264,51.79172058836153,51.821205139160156,150000
2008-04-10,51.865487943276364,51.91463016052938,51.619773107700475,51.87040328979492,126600
2008-04-11,52.003082541325526,52.116113004280486,51.71805246023083,51.91954040527344,176800
2008-04-14,51.96374675438107,51.96374675438107,51.55094783383455,51.60009002685547,115500
2008-04-15,51.59025818827194,51.644311970944976,51.339628153566736,51.49197006225586,90200
2008-04-16,51.52145831763165,51.5755158534873,51.13814397197077,51.19711685180664,111400
2008-04-17,51.38878398746044,51.403526272950295,51.025127197908816,51.329811096191406,139800
2008-04-18,51.27085901760902,51.56080072689682,51.005486542544595,51.55588912963867,118200
2008-04-21,51.52147064064826,51.61484345206094,51.27084427734551,51.38878631591797,164600
2008-04-22,51.30525660878985,51.575540668805054,51.2757682800293,51.2757682800293,298500
2008-04-23,51.49691367980888,51.62468643912796,51.3642255741631,51.43302917480469,455600
2008-04-24,51.442792892411916,51.555823223141765,51.19216302813693,51.36416244506836,238600
2008-04-25,51.4035286020758,51.457586150861054,51.22170207371614,51.38878631591797,120100
2008-04-28,51.42811049965034,51.6345100402832,51.388795230202994,51.6345100402832,178400
2008-04-29,51.77208459345632,51.96374175230511,51.62465802858497,51.79665756225586,226700
2008-04-30,51.86545192919104,52.08659362792969,51.71802163049312,52.08659362792969,196500
2008-05-01,52.443473257912416,52.46321713503007,52.221361230418005,52.39411544799805,221300
2008-05-02,51.82650439978866,52.57675309226052,51.82650439978866,52.088104248046875,236900
2008-05-05,52.12264831874097,52.31514643734796,52.07822741402858,52.16213607788086,129900
2008-05-06,52.32006639753069,52.32993645123788,51.826480865478516,51.826480865478516,143500
2008-05-07,51.94985368780645,52.01401842219961,51.59940857087694,51.96466064453125,401700
2008-05-08,52.08315181459552,52.23616591413081,51.954822267577974,52.196678161621094,139700
2008-05-09,52.275653666640515,52.31020450864668,52.093025635602615,52.196678161621094,225400
2008-05-12,52.5076735861953,52.5076735861953,52.117740222063986,52.14735794067383,205100
2008-05-13,51.97455069298299,52.07326627915202,51.79192271623622,51.85115432739258,276300
2008-05-14,51.96959424923883,51.999208160806404,51.68331388489625,51.8807487487793,324000
2008-05-15,51.89560157657543,52.22630310058594,51.85611381574309,52.22630310058594,243800
2008-05-16,52.08315744240581,52.43853972187511,52.04367345138903,52.157196044921875,155300
2008-05-19,52.28056431097307,52.32005204648812,52.048578572019295,52.16704177856445,206100
2008-05-20,52.28061499824756,52.329972832616086,52.08317989501209,52.18683624267578,159600
2008-05-21,52.10289522108528,52.19667769101045,51.8955901709174,51.959754943847656,184600
2008-05-22,51.76232937149012,51.82649415143268,51.224319045437326,51.387203216552734,219600
2008-05-23,51.510611445035444,51.63894480011323,51.37240803145655,51.6241340637207,129500
2008-05-27,51.49086637642821,51.5797119639343,51.268754290543214,51.313175201416016,150300
2008-05-28,51.219386679686956,51.26874826253363,50.95285371426723,50.98246765136719,151200
2008-05-29,50.918273253536285,50.918273253536285,50.676413688676405,50.73564529418945,159000
2008-05-30,50.97257726553239,51.03180888624572,50.85411778986457,50.938026428222656,171900
2008-06-02,50.840340290893224,51.3262829881127,50.72133538297944,51.11306381225586,151900
2008-06-03,51.291608533306594,51.370943932409475,50.87508539294008,51.31144332885742,149300
2008-06-04,51.48994350629341,51.48994350629341,51.078383836982844,51.15276336669922,127600
2008-06-05,50.949447640315505,51.07837187609404,50.87506812801638,50.880027770996094,118700
2008-06-06,51.08829771127283,51.37589653267512,51.08829771127283,51.13292694091797,118900
2008-06-09,51.14281298311762,51.266777529573325,50.934553453015496,51.0882682800293,124200
2008-06-10,51.07340622071203,51.152745366651,50.7015124860952,50.79572677612305,135900
2008-06-11,50.820527235317385,50.99407692169784,50.53788809375509,50.775901794433594,230800
2008-06-12,50.364332468640065,50.67672186728933,50.339538037895316,50.34449768066406,189800
2008-06-13,50.45353553318741,50.57749999395691,50.03701676088754,50.081642150878906,215900
2008-06-16,50.4040189978429,50.4040189978429,50.11642015010632,50.26021957397461,123500
2008-06-17,50.50314819730799,50.5527332521308,50.31472347574245,50.42381286621094,271500
2008-06-18,50.59239038244844,50.70147974612181,50.463466245098445,50.67668533325195,300100
2008-06-19,50.542834122878986,50.63208876370434,50.27507020040291,50.413909912109375,98000
2008-06-20,50.52795190839713,50.61224689540753,50.329607869533085,50.44365692138672,74000
2008-06-23,50.4188532257995,50.587443168816485,50.28992905678245,50.42381286621094,128800
2008-06-24,50.48828776610354,50.59241754649297,50.30977849026501,50.394073486328125,153200
2008-06-25,50.48830250903264,50.6321019000651,50.03707332891645,50.43375778198242,228400
2008-06-26,50.79573553437478,50.825485827682115,50.418882092384635,50.473426818847656,342300
2008-06-27,50.54777739481655,50.582487311502234,50.31472347574245,50.42381286621094,203700
2008-06-30,50.562676031520525,50.59738596433735,50.28003692626953,50.28003692626953,97700
2008-07-01,50.61571366813972,50.66053475299272,50.217320066756685,50.25716018676758,308700
2008-07-02,50.371680904631845,50.48621645799081,50.15754508817645,50.22228240966797,212300
2008-07-03,50.27205196752276,50.34675117239801,50.1027373158743,50.15751647949219,49900
2008-07-07,50.47623983209803,50.481220793267745,50.097766569763046,50.39158248901367,367800
2008-07-08,50.22228228999584,50.675454937441295,50.18742314783554,50.66549301147461,352100
2008-07-09,50.680404970299016,50.82980338492938,50.411493902939576,50.70032501220703,135300
2008-07-10,50.48122873743615,50.745162730563614,50.247172917308546,50.4115104675293,275700
2008-07-11,50.560916579787985,50.560916579787985,49.97826927820434,50.02308654785156,159400
2008-07-14,50.49617289905425,50.52107011260284,49.97826298529315,50.04798126220703,207300
2008-07-15,49.848793916559835,50.27208461997385,49.848793916559835,50.03803253173828,145800
2008-07-16,50.0479896289523,50.09778786373562,49.54999968239556,49.64461898803711,264100
2008-07-17,49.878693499621605,49.878693499621605,49.25620583393761,49.475318908691406,195900
2008-07-18,49.256229279976395,49.699440404963504,49.256229279976395,49.385704040527344,175200
2008-07-21,49.33086370457405,49.73921514996187,49.310943658535585,49.44042205810547,217000
2008-07-22,49.47028226283508,49.82385820241985,49.47028226283508,49.759117126464844,713000
2008-07-23,49.68442765194439,49.77406594442453,49.43045565605037,49.58483123779297,232300
2008-07-24,49.74919436816363,50.033048474014244,49.634655013462464,50.02308654785156,92000
2008-07-25,49.81887724287895,49.90851551782064,49.64955881271845,49.759117126464844,148000
2008-07-28,49.843803594558416,50.16749776557924,49.843803594558416,50.04798126220703,264700
2008-07-29,49.93841625887092,49.96829443090965,49.77407871393668,49.92347717285156,135000
2008-07-30,49.94837417062652,50.202346211278005,49.81391480853071,50.16250991821289,293100
2008-07-31,50.07289428339663,50.47626495361328,50.07289428339663,50.47626495361328,1078000
2008-08-01,50.474213893183865,50.579274243775295,50.08398864329956,50.29410934448242,109800
2008-08-04,50.279113625845056,50.39918208218763,50.09400506726523,50.29912567138672,244200
2008-08-05,50.08401016160068,50.2591108211507,50.07900619506836,50.07900619506836,113300
2008-08-06,50.229096968182155,50.229096968182155,50.04398836704561,50.154052734375,280700
2008-08-07,50.194095557231485,50.59932922727209,50.13906335303959,50.569313049316406,169800
2008-08-08,50.559306629332326,50.629346924603965,50.39421382871194,50.61934280395508,356000
2008-08-11,50.7494114764927,50.7494114764927,50.174077296378364,50.38920211791992,170000
2008-08-12,50.589313668472634,50.694374084472656,50.40420504014373,50.694374084472656,188800
2008-08-13,50.55428310613564,50.679355549429495,50.27912220412596,50.4292106628418,141400
2008-08-14,50.604315028032985,50.66935132922433,50.309142055438926,50.57429504394531,219100
2008-08-15,50.694388429362945,50.7294085779392,50.48926768990921,50.68938446044922,116600
2008-08-18,50.52929545221549,50.709400177001946,50.52929545221549,50.70940017700195,107900
2008-08-19,50.734397728044655,50.734397728044655,50.5292770485038,50.62933349609375,160300
2008-08-20,50.43420266509565,50.66933943120861,50.33915021904488,50.63431930541992,509200
2008-08-21,50.68439961594871,50.68439961594871,50.29417386545484,50.334197998046875,234600
2008-08-22,50.60436650336131,50.60436650336131,50.06905601499205,50.35422134399414,187300
2008-08-25,50.68937118372691,50.71438720483336,50.54929062611224,50.67936706542969,101700
2008-08-26,50.639331085059254,50.78441557625916,50.484242477907785,50.73938751220703,727400
2008-08-27,50.46422721244807,50.684352101523785,50.38918298841663,50.659339904785156,164600
2008-08-28,50.66934600217582,50.66934600217582,50.44921728758136,50.64933395385742,143900
2008-08-29,50.814435058443976,50.814435058443976,50.06400035511937,50.54928207397461,535000
2008-09-02,50.70356571997071,50.88951535513164,50.42715461827883,50.74879837036133,134200
2008-09-03,50.84933471679687,50.94482293295554,50.708617661985464,50.849334716796875,225200
2008-09-04,50.76385362915037,50.949799353090405,50.6231367026286,50.86436462402344,333900
2008-09-05,51.02522350026571,51.1056354249988,50.76389241338637,50.81414794921875,119600
2008-09-08,50.86942173014993,51.090550652144174,50.66839578599616,50.899574279785156,356400
2008-09-09,50.93473774489784,51.180992437176236,50.7889940764168,51.07545471191406,263600
2008-09-10,50.668394744826095,51.22121320420103,50.66336804190652,51.05536651611328,834400
2008-09-11,50.49250138588066,50.84932062865103,50.47742511050673,50.658348083496094,438100
2008-09-12,50.472422685230825,50.52267823873457,50.11560327082539,50.27139663696289,226600
2008-09-15,50.301542378888286,50.301542378888286,49.281339827564615,49.89949417114258,227400
2008-09-16,49.11549305241589,49.71856723383234,45.67795948243616,46.733341217041016,2894600
2008-09-17,46.80871159734194,47.10522572367774,42.73795257867501,44.592411041259766,993700
2008-09-18,44.898971101760736,46.70317404545372,43.72297566567611,45.20051193237305,800200
2008-09-19,46.517239901719165,46.98462374404423,46.11016501249328,46.612728118896484,818900
2008-09-22,47.205727587903176,47.321318727863094,46.24080785791239,46.88911437988281,862000
2008-09-23,47.060006975638665,47.21580030503787,46.33129203604336,46.406673431396484,311900
2008-09-24,47.059965297198765,47.059965297198765,46.10007264872355,46.28601837158203,207800
2008-09-25,46.17549295494698,46.582571644210134,46.1101611369365,46.487083435058594,365500
2008-09-26,46.08500707903877,46.23577745225695,43.848604159884985,45.23065185546875,513400
2008-09-29,44.47682391954999,44.97436019828003,40.20503857134463,41.10965347290039,787300
2008-09-30,43.17018924152841,45.12516021728515,42.76813705847018,45.125160217285156,905100
2008-10-01,44.76920247256867,45.587044496906316,44.18863581741913,45.54160690307617,639700
2008-10-02,44.57736113683518,45.28918333592381,44.42590763832826,44.88026428222656,340400
2008-10-03,45.51129379170345,45.51129379170345,44.48142047578058,44.860050201416016,273400
2008-10-06,44.72882445061325,44.88027799539681,42.63373762310012,44.3400993347168,380800
2008-10-07,44.42589945333048,46.12216137695102,44.42589945333048,45.16801452636719,581200
2008-10-08,44.163436978332726,45.42553789521707,43.567725191498255,44.844970703125,524800
2008-10-09,45.38512289931947,45.38512289931947,42.78519577788985,43.64847183227539,353900
2008-10-10,40.38719972448266,43.9210797003749,38.39308327873574,41.245426177978516,905400
2008-10-13,40.170109595929915,44.022036541537034,40.170109595929915,43.51719665527344,481100
2008-10-14,45.68800892041233,46.06158935136248,42.42169429625142,42.835662841796875,610300
2008-10-15,42.305583281318135,43.90592476883708,42.16927435746461,42.835662841796875,238900
2008-10-16,43.466723483115345,44.46125890517392,42.88615670940555,43.28498077392578,221500
2008-10-17,43.41625647042373,43.85546882362813,42.5277366548996,42.916465759277344,494800
2008-10-20,43.49196354488814,44.34514046251111,43.16381679889934,44.22397994995117,945600
2008-10-21,44.314844367415695,44.88026642364802,43.673699409939324,44.663185119628906,1048700
2008-10-22,44.052337418121304,44.61271010004249,43.42128744763559,44.14825439453125,691500
2008-10-23,44.27953353221959,44.77427862352025,44.249244352703755,44.42593765258789,1166100
2008-10-24,43.416271776049676,44.67837269977205,43.416271776049676,44.60264587402344,1777300
2008-10-27,44.4208925467676,44.4208925467676,43.88576311395377,44.314876556396484,975300
2008-10-28,44.35022648414775,44.506729620600176,43.688886820784774,44.02207946777344,732000
2008-10-29,43.61816022682447,45.0519034342549,43.41622353309033,44.76414489746094,1970600
2008-10-30,44.764146260419636,44.95598785853811,44.425904502799014,44.43095397949219,1219400
2008-10-31,44.79949162905449,44.79949162905449,43.97155450152604,44.24921798706055,636300
2008-11-03,44.3938277738593,44.69316715456243,44.24161881601509,44.61199188232422,374200
2008-11-04,44.799710742835735,45.22588958385439,44.647501801995276,44.91640090942383,1376400
2008-11-05,44.97731290339142,45.89055549721892,44.97731290339142,45.789085388183594,654400
2008-11-06,46.14425013293166,46.230504012490414,45.66733581534448,46.10366439819336,2814300
2008-11-07,45.992004842613454,46.26090397128078,45.7129563859769,45.77891540527344,2126600
2008-11-10,45.74343806068484,45.997117276538226,45.53034457753139,45.79924392700195,452100
2008-11-11,45.99706609285325,46.48412918080703,45.814416951016426,45.946327209472656,621000
2008-11-12,45.75357277425637,45.99203180045572,45.75357277425637,45.936222076416016,1815700
2008-11-13,45.865172841962064,45.89053842436576,45.40854977950947,45.621639251708984,858300
2008-11-14,45.36286501823419,45.77889828014835,44.140130801256994,45.61146926879883,409400
2008-11-17,45.91082862058729,45.96663831546222,45.66222426122103,45.9412727355957,360300
2008-11-18,45.7738202032628,46.25580855300922,45.7738202032628,45.9970588684082,450300
2008-11-19,46.052921747959424,46.225425622350336,45.8195373409438,46.068145751953125,487200
2008-11-20,46.205114132327424,46.64144252244845,45.48466637034568,45.56584167480469,756600
2008-11-21,45.96665485779985,46.36746832394758,45.611505645180905,46.0934944152832,756500
2008-11-24,46.550100451589316,46.69216008431511,45.667298540482804,45.890533447265625,1088800
2008-11-25,46.286274389556176,46.392819110457125,45.73325212868797,46.10869598388672,1002200
2008-11-26,46.3369972613206,46.3369972613206,45.667284997905135,45.86515426635742,2219400
2008-11-28,46.164510890100665,46.2203205888996,45.7129625058802,45.73325729370117,825200
2008-12-01,46.397198023251114,46.47878634910698,45.647621813418695,46.44818878173828,1636600
2008-12-02,46.580716641889616,46.96315274550175,46.32575923948153,46.79998016357422,949600
2008-12-03,47.06515546402662,47.1263427734375,46.55524047044168,47.1263427734375,739000
2008-12-04,46.789808716562725,47.30992038514964,46.76941164657102,47.172245025634766,1064600
2008-12-05,46.937674983082935,47.12634103392608,46.662320429869744,46.85098648071289,1339700
2008-12-08,47.06517949781059,47.519003762618645,46.91220336548094,47.33543395996094,1697800
2008-12-09,47.417005077403225,47.68725946374867,47.29462654007281,47.65666580200195,1440300
2008-12-10,47.50366392134693,47.768817901611335,47.360884511606415,47.76881790161133,807200
2008-12-11,47.906494280811344,47.99827910114719,47.549555474139275,47.93199157714844,950400
2008-12-12,47.98298019123056,48.202243703026966,47.55465364186514,48.192047119140625,945300
2008-12-15,48.11046258125707,48.197147167141495,47.98298387601243,48.176753997802734,906000
2008-12-16,49.166011810302734,49.191509120818836,48.079894074291516,49.166011810302734,1581500
2008-12-17,49.604513197197726,50.13482507822905,49.46173766967801,49.895164489746094,2113300
2008-12-18,50.38978286492618,51.491200754596925,50.3132948630866,51.10366439819336,2787900
2008-12-19,50.51722968999263,51.027144193329725,50.02261199930142,50.3438606262207,1669000
2008-12-22,50.85382146875233,51.04248751708707,50.481581830373635,50.95070266723633,2562500
2008-12-23,50.71103926983771,51.210757623211784,50.68554585702146,51.11897277832031,1677900
2008-12-24,50.81811429366623,51.883834430827434,50.792616995794596,51.24644088745117,886300
2008-12-26,51.04245962015464,51.460589509761235,51.04245962015464,51.34331130981445,515500
2008-12-29,51.303405451716955,51.71305200838835,51.25219621375622,51.503108978271484,1503900
2008-12-30,51.293134424361845,51.95369338989258,51.293134424361845,51.95369338989258,1129400
2008-12-31,51.90250814439396,52.10221164060201,51.41605171141863,52.05100631713867,1232800
2009-01-02,51.97417022277893,52.0561018244611,51.45698773062314,51.518436431884766,1095800
2009-01-05,51.28293209781536,52.09710756451019,51.25732747406189,51.871803283691406,2938400
2009-01-06,51.846208190211705,52.163687612214616,51.5645729040222,51.9588623046875,2036600
2009-01-07,51.84105012170856,51.866654732209476,51.33411086885396,51.52357482910156,1675100
2009-01-08,51.513345020712904,51.8973908393167,51.48774431016897,51.892269134521484,1445200
2009-01-09,52.03565404573115,52.53747177124024,51.89739535125263,52.537471771240234,2232600
2009-01-12,52.332622571569964,52.45039829787156,52.025386812007284,52.266056060791016,1053300
2009-01-13,52.03564763562034,52.17390240635126,51.9229935745054,52.153419494628906,1165400
2009-01-14,52.0612283504449,52.20460477071981,51.47235756141769,51.9229736328125,2006000
2009-01-15,51.92301807175955,52.06639461474502,51.66698741450898,52.025428771972656,2086000
2009-01-16,51.697709843229354,52.04078998633285,51.46728381439095,52.025428771972656,1484300
2009-01-20,51.78475047210114,51.94860990844717,51.211244398248596,51.257328033447266,1458600
2009-01-21,51.211247803991675,51.31878019999034,50.74527018128007,51.00130081176758,1845200
2009-01-22,51.04221241150687,51.05757360793814,50.33044832762758,50.81178665161133,1310800
2009-01-23,50.21273600819239,50.63774787711644,50.21273600819239,50.4738883972168,1353600
2009-01-26,50.289535975394756,50.56604952514849,49.833801765629545,50.02326583862305,1641000
2009-01-27,50.28952589932621,51.144667096270595,50.207598145472126,50.96544647216797,1628700
2009-01-28,51.32899877782225,51.71816627136841,51.03200633665502,51.369964599609375,1436500
2009-01-29,51.17540615031131,51.508242860689755,50.74015093203013,50.755516052246094,1098000
2009-01-30,50.950077986903764,51.41093374501293,50.847667332531074,51.11393737792969,1373200
2009-02-02,50.93945512477472,51.25335652277102,50.84168532571148,50.86741256713867,1616700
2009-02-03,50.93947551431757,50.93947551431757,50.558678424959,50.69761657714844,1799100
2009-02-04,50.6924810574188,50.836566251894574,50.63587559872803,50.71820831298828,4207300
2009-02-05,50.790219037014914,50.79536605530966,50.224168731356954,50.27562713623047,1820400
2009-02-06,50.28594919915105,50.64101906491455,50.177885310881024,50.574119567871094,1855200
2009-02-09,50.481483136694145,50.69761087178936,50.27564551592563,50.6667366027832,872900
2009-02-10,50.512379791050314,51.03211516404179,50.512379791050314,50.913761138916016,1109400
2009-02-11,51.09386925122246,51.284269813032694,50.9446370151054,51.088722229003906,1118500
2009-02-12,51.1762209544388,51.320310147798025,51.0064084185306,51.12990951538086,1050400
2009-02-13,50.97034594704742,51.114431098039844,50.53293954807281,50.73877716064453,1249600
2009-02-17,50.944627633368576,51.1710494569566,50.72849985232195,51.01667022705078,1136200
2009-02-18,51.12991328948971,51.14020341247467,50.71823770156261,50.76455307006836,1288600
2009-02-19,50.36826710545831,50.7593581523784,50.02863840299465,50.34768295288086,1349200
2009-02-20,50.17786416171802,50.24990672353325,49.73016773384465,50.136695861816406,2035700
2009-02-23,49.90512465302748,50.01833157421839,49.709577216555246,49.96687316894531,1171500
2009-02-24,50.10587586815473,50.291129492329745,49.66846907850131,49.786827087402344,1777200
2009-02-25,49.869184898503086,49.88462205271785,48.88631086916496,49.10758590698242,2134700
2009-02-26,49.10756861822481,49.10756861822481,48.7936668395996,48.79366683959961,1365800
2009-02-27,48.788526413593694,48.91203147259768,48.37170763603835,48.454044342041016,1583900
2009-03-02,48.76535167740576,48.873971526141816,48.123975641248755,48.460182189941406,1936200
2009-03-03,48.49127224247293,48.61023923338226,48.02575523969922,48.19644546508789,1375700
2009-03-04,48.217103393646646,48.33089680135382,48.10330998593947,48.1808967590332,1186600
2009-03-05,48.056759654921535,48.43951606523939,47.84986291148072,48.05158615112305,1645100
2009-03-06,48.289535715065156,48.641259138462395,47.99988252387758,48.155052185058594,1349600
2009-03-09,48.04127681892364,48.22748363942658,46.8154198545479,46.830936431884766,2680200
2009-03-10,47.198159685763635,47.58091625936712,47.0688496592273,47.50850296020508,2112800
2009-03-11,47.591272530544195,47.591272530544195,47.068858816754606,47.52402877807617,2179000
2009-03-12,47.44123629241512,47.58088930562268,47.27054620698519,47.48261642456055,1108400
2009-03-13,47.617120914814684,47.95850126476396,47.47746782834459,47.92229461669922,1547000
2009-03-16,47.76193419010086,48.05159124008534,47.6636612848848,47.98952102661133,959300
2009-03-17,47.97918498811363,48.07745790771646,47.70504841103579,47.8602180480957,1909700
2009-03-18,47.875767654229314,49.329215785557786,47.71025089274571,48.879215240478516,1934400
2009-03-19,49.137805278509965,50.53952535553899,48.79125538837741,48.98263168334961,4319900
2009-03-20,49.158466725928065,49.43777666681828,48.38778059690624,48.486053466796875,1293200
2009-03-23,48.54296690570853,48.760206730397414,48.43952049763597,48.636070251464844,1631700
2009-03-24,48.3981556617605,48.46022589397016,48.155052185058594,48.155052185058594,1220100
2009-03-25,48.33608431654931,48.37229096461405,47.82919124364293,47.92229461669922,1392700
2009-03-26,48.02057026699819,48.28436382995829,47.81367737847856,48.170570373535156,1486100
2009-03-27,48.35674801014642,48.52226458902673,48.25847513114739,48.32054138183594,1703900
2009-03-30,48.4550568021202,48.47057337502892,48.16023007816712,48.284366607666016,944200
2009-03-31,48.40849191892451,48.69297551042159,48.36194221098583,48.68263244628906,1093000
2009-04-01,48.718524745513434,48.8693565705964,48.50528248805813,48.60930252075195,1401200
2009-04-02,48.75496225534816,48.87458893810313,48.50531243550386,48.624935150146484,1233700
2009-04-03,48.61969978750235,48.70811719915976,48.276426587266315,48.323238372802734,1359400
2009-04-06,48.43765335674449,48.453259928907485,48.21920896376891,48.29722595214844,911600
2009-04-07,48.26603162167646,48.33884643574514,48.09959719407522,48.276432037353516,1245200
2009-04-08,48.49486043189839,48.7809213697277,48.354433042123915,48.76011657714844,1135900
2009-04-09,48.70813375227603,49.228241952581996,48.68732894809051,49.08781051635742,1395000
2009-04-13,49.223063054564,49.592339575369884,49.06183070596056,49.561134338378906,1581700
2009-04-14,49.6391101399123,49.711924944444036,49.363453527312274,49.69112014770508,1687200
2009-04-15,49.78993180086955,50.07598876953125,49.53507606879856,50.07598876953125,1922400
2009-04-16,50.034401205324144,50.29445527389259,49.951185966799535,50.28925704956055,1764500
2009-04-17,50.28407227874258,50.42449977845414,49.95640546734123,50.22686004638672,1720500
2009-04-20,50.45041727719432,50.45041727719432,49.53502715161101,49.951114654541016,1915300
2009-04-21,50.055190618456436,50.15401240392681,49.763931420997196,50.107200622558594,574500
2009-04-22,49.998005414356314,50.08642683398311,49.78996528563963,49.98240280151367,1781700
2009-04-23,50.05523182661982,50.117646263790704,49.722362764599524,49.9408073425293,1302700
2009-04-24,49.95116982375164,50.18001859992856,49.86275242135925,50.049991607666016,1541400
2009-04-27,50.01878073829786,50.11240032828265,49.748326349513356,49.98757553100586,1201600
2009-04-28,50.070790941329385,50.138407514879205,49.80033655145644,49.82634353637695,1468200
2009-04-29,50.122813551076995,50.320453178971114,49.8315503485742,50.06560134887695,1089900
2009-04-30,50.08640729054157,50.138417302426724,49.8471540932727,50.034393310546875,1129800
2009-05-01,49.95491533400161,50.195333987258884,49.886968244762336,50.158748626708984,1183900
2009-05-04,50.22672362019401,50.27898788452148,49.965398311048865,50.278987884521484,984400
2009-05-05,50.33128002094067,50.5037517763166,50.17448316604292,50.441036224365234,1009000
2009-05-06,50.51940707151824,50.718012856787894,50.346931422793084,50.665748596191406,1815600
2009-05-07,50.47236673633427,50.80163516874475,50.17445606296074,50.179683685302734,1783000
2009-05-08,50.43057274392283,50.618727344090026,50.289458787551936,50.49851989746094,1313200
2009-05-11,50.62396656796514,50.6971373750727,50.31037682500276,50.65010070800781,1045200
2009-05-12,50.691882392818314,50.900943437806504,50.62393924788796,50.79118728637695,1073900
2009-05-13,50.89050670080793,50.97935637433986,50.66053908695221,50.69712448120117,1615400
2009-05-14,50.78596532793339,51.03161178412879,50.52986761270143,50.81209945678711,1112700
2009-05-15,50.812079540542456,50.83820967164602,50.5402990620201,50.8016242980957,1025900
2009-05-18,51.00546637881054,51.047279380729044,50.65529145963456,50.72846221923828,1259800
2009-05-19,50.650068952465894,50.9375243751627,50.54030882310979,50.93229675292969,1366600
2009-05-20,51.005470744920046,51.29293017333236,50.86958445831393,51.2249870300293,1324200
2009-05-21,51.418352515389024,51.418352515389024,50.540299554125205,50.70232391357422,1540900
2009-05-22,50.57693418944985,50.70759693602408,50.48808447878191,50.63442611694336,1070100
2009-05-26,50.69714383000662,50.723277973376774,50.46195248971695,50.61351776123047,1056100
2009-05-27,50.70231113965554,50.84865259841252,50.163981921725636,50.263282775878906,1422100
2009-05-28,50.472364478220044,50.61347837508044,50.19536031910005,50.45145797729492,1084600
2009-05-29,50.6239655503027,51.2668239123261,50.43581091080564,51.19365310668945,1280400
2009-06-01,51.3974187690026,51.50247466264403,51.00872198121073,51.17680740356445,1234400
2009-06-02,51.297650745555835,51.770388517865584,51.2923969459263,51.555030822753906,1882900
2009-06-03,51.644299164702694,52.01198480263604,51.597027014456785,51.8176383972168,1156300
2009-06-04,51.891199319600915,51.891199319600915,51.48149113303911,51.591796875,1109500
2009-06-05,51.51296913767343,51.54448389645586,51.05598509796881,51.31861877441406,1133900
2009-06-08,51.224092302842436,51.52874845904089,51.21358871459961,51.21358871459961,885000
2009-06-09,51.21354874957218,51.64426766593643,51.13475787307875,51.60224533081055,809500
2009-06-10,51.44472045367836,51.8596824226835,51.29239233790625,51.44997024536133,1526400
2009-06-11,51.660050987803814,51.81763281994165,51.339637534603355,51.628536224365234,948000
2009-06-12,51.74937100753839,52.12756438518371,51.63381548212404,52.01200485229492,854600
2009-06-15,52.00148312960296,52.22209452048047,51.74410317357919,52.027748107910156,809000
2009-06-16,52.18535450833321,52.369197434653366,51.70210909987018,51.99625778198242,1000100
2009-06-17,51.891172082921756,52.195828166986416,51.79136998461408,52.05925750732422,1070900
2009-06-18,51.85440694681042,51.85440694681042,51.318631865999514,51.397422790527344,1363500
2009-06-19,51.41317813371628,51.94369939651329,51.31338004024934,51.78611755371094,1395400
2009-06-22,51.9909849343624,52.159070393529454,51.82814926542278,51.975223541259766,878800
2009-06-23,52.222118901615765,52.39545822143555,52.02777239831018,52.39545822143555,816400
2009-06-24,52.42171874158756,52.67384499666559,52.23787183822805,52.31140899658203,995600
2009-06-25,52.31667949298106,52.7473989897249,52.17485893017095,52.72113800048828,618900
2009-06-26,52.778913356671815,52.78941694998955,52.54254042852983,52.74739456176758,924000
2009-06-29,52.789392578183225,52.81565756056482,52.605549723933045,52.68959045410156,828500
2009-06-30,52.58978740271746,52.75787285475581,52.29563485604538,52.673828125,967700
2009-07-01,52.37575092335924,52.650109895601624,52.34409566707657,52.602622985839844,2274400
2009-07-02,52.475962201407924,52.75559417572107,52.460134584044546,52.60786437988281,660700
2009-07-06,52.52347577125635,52.760898203035175,52.45488402737667,52.73451614379883,1346200
2009-07-07,52.549819331291964,52.77141399229273,52.444299214244296,52.523441314697266,1242800
2009-07-08,52.68704405464948,53.024713550255925,52.55514178213641,53.00360870361328,918700
2009-07-09,52.792562329655155,53.02471160888672,52.792562329655155,53.02471160888672,706300
2009-07-10,52.88223607370664,53.23573303222656,52.80836713242127,53.23573303222656,827100
2009-07-13,53.15657674979005,53.28320171123174,52.87694478166112,53.20405960083008,720200
2009-07-14,53.23044621250165,53.23044621250165,52.93498660201308,53.08799362182617,951900
2009-07-15,52.94028992029685,53.05636455485855,52.50765066214535,52.597347259521484,1671600
2009-07-16,52.68171757510884,52.96134948730469,52.665889961261406,52.96134948730469,989700
2009-07-17,52.797786712646484,53.01410814733691,52.650056964728016,52.797786712646484,1502600
2009-07-20,53.014122009277344,53.27792634963428,52.66062113394461,53.014122009277344,884400
2009-07-21,53.13020699203406,53.789718022348964,53.06161929400223,53.76333999633789,1271000
2009-07-22,53.81611597220507,53.89525812429043,53.4678921131643,53.62089920043945,869000
2009-07-23,53.657829246051605,53.74224861122206,53.28850458677308,53.53120422363281,802300
2009-07-24,53.42039734493465,53.678924560546875,53.32015037292053,53.678924560546875,1183200
2009-07-27,53.394021352004955,53.56285604620774,53.3412612648172,53.55758285522461,631300
2009-07-28,53.462603127527736,53.942725064422326,53.462603127527736,53.76333999633789,943100
2009-07-29,53.94273271842194,54.10629421437637,53.6842054849498,54.101016998291016,956100
2009-07-30,54.116840877774145,54.528375146562844,53.90052333727533,54.3964729309082,1118800
2009-07-31,54.44396358526973,55.187890039812565,54.44396358526973,55.1140251159668,1604600
2009-08-03,54.87653281614529,55.10447839789886,54.57437277004265,54.60087966918945,1396500
2009-08-04,54.90305829213018,54.90305829213018,54.22982569648917,54.32524490356445,1103500
2009-08-05,54.35175610621483,54.680423213096866,54.20332710452197,54.335853576660156,1383600
2009-08-06,54.56903143859492,54.59023613225351,54.12374096052815,54.187355041503906,996200
2009-08-07,53.985976607703,54.2510295267378,53.82694728291407,54.176815032958984,945900
2009-08-10,54.31463431097994,54.56908684887619,54.10259120346405,54.346439361572266,909900
2009-08-11,54.680374845392635,54.73338457848059,54.33580551374586,54.62736511230469,595100
2009-08-12,54.60089196321907,54.60089196321907,53.96476668431456,54.15030288696289,1328300
2009-08-13,54.41534397703303,54.74400688072849,54.12378426144672,54.67509460449219,1213800
2009-08-14,54.7121973077576,54.8871331226277,54.63798284891295,54.66448974609375,746500
2009-08-17,54.521326209026,54.88179795439073,54.38879989152988,54.754573822021484,722800
2009-08-18,54.669747076125,54.791673049993896,54.45770823451561,54.616737365722656,870300
2009-08-19,54.892419783344636,54.99843925330844,54.74398686325836,54.79169845581055,905800
2009-08-20,54.89241581387848,55.130961626238715,54.73868476247932,55.05144500732422,789200
2009-08-21,55.12566414481564,55.13096633169801,54.73868943445756,54.80229949951172,724100
2009-08-24,54.865952401860476,55.146907839521795,54.74402628365964,55.08329772949219,1031100
2009-08-25,55.2158069571647,55.34833337089324,54.99846169734501,55.17869567871094,1209400
2009-08-26,55.37483428417986,55.549770114816354,55.247610063891976,55.54446792602539,702000
2009-08-27,55.401349333083246,55.43845657130826,55.19990657324548,55.2900276184082,1136200
2009-08-28,55.242305266991295,55.576270346124154,55.19989584743589,55.565670013427734,981900
2009-08-31,55.43847254067399,55.841350087629394,55.32715079393209,55.83605194091797,2122200
2009-09-01,55.662393194738165,55.90206314553234,55.470655608725934,55.555870056152344,1077500
2009-09-02,55.52392063431756,55.99261030009403,55.412074375329176,55.720985412597656,1225400
2009-09-03,55.75295773364145,56.01393241943315,55.63045708977128,55.816871643066406,865400
2009-09-04,55.94468287251512,56.003269593842845,55.81685914572874,55.85414123535156,757200
2009-09-08,55.83816232529343,55.97664040612977,55.65707904249785,55.7103385925293,817900
2009-09-09,55.71564056056292,55.7422723552519,55.56651226256387,55.6943359375,873800
2009-09-10,55.91802343619254,56.221607176951935,55.41205188940723,56.06182861328125,873700
2009-09-11,56.33882841269186,56.658389874891476,56.18970000122834,56.567848205566406,704700
2009-09-14,56.52525933834482,56.56786863227621,56.18439311378553,56.2802619934082,850700
2009-09-15,56.34412547712004,56.376080387229415,56.200320254743254,56.24825668334961,1052800
2009-09-16,56.53589186855269,56.53589186855269,56.20567606322911,56.42404556274414,1097900
2009-09-17,56.42934835858794,56.706304499067926,56.32282926667587,56.70097732543945,985000
2009-09-18,56.57846301571242,56.6636774498041,56.3441162109375,56.3441162109375,759700
2009-09-21,56.5624979366378,56.61043437129077,56.39206495548582,56.4772834777832,586600
2009-09-22,56.370769031835465,56.62642057477228,56.322836653221735,56.610443115234375,815300
2009-09-23,56.5358435017277,56.66899433236604,56.37606087958534,56.63703536987305,980900
2009-09-24,56.52522337077822,56.80750671586952,56.52522337077822,56.72761535644531,634000
2009-09-25,56.7329340034364,56.95663060491227,56.615764624068966,56.94597625732422,722400
2009-09-28,56.98858672782899,57.08978271484374,56.83945836598183,57.08978271484375,731500
2009-09-29,56.84479973721813,56.99925124810424,56.748930900166414,56.8661003112793,1299100
2009-09-30,56.79680680335958,56.90332582151025,56.64767855257262,56.818111419677734,1447400
2009-10-01,56.78713360180084,56.82458138291179,56.05957321321491,56.236114501953125,3051300
2009-10-02,56.38589328888437,56.38589328888437,55.797426536685144,55.87232208251953,3318300
2009-10-05,55.8348755538131,56.17190551757813,55.8348755538131,56.171905517578125,1066700
2009-10-06,56.38051614956478,56.38051614956478,56.022087049999655,56.05418395996094,1470300
2009-10-07,56.209363692813284,56.439401225999234,56.054221720990014,56.41265106201172,900800
2009-10-08,56.48215260195192,56.5196003513039,56.09162257456815,56.09697341918945,1012500
2009-10-09,56.107654969212085,56.107654969212085,55.50314030796798,55.60478591918945,1497300
2009-10-12,55.428308526253765,55.845584973838776,55.428308526253765,55.79743957519531,687200
2009-10-13,55.8455680513261,55.979310671255796,55.743922354099254,55.904415130615234,803100
2009-10-14,55.77067117507641,55.94186156122668,55.6369285583496,55.63692855834961,1181600
2009-10-15,55.63693739178759,55.749280717894685,55.4122507395734,55.62623977661133,1096300
2009-10-16,55.620902906681174,55.75464557825384,55.50855955234043,55.66904830932617,876200
2009-10-19,55.78675130956461,56.10773295564952,55.69580725811611,55.95259094238281,825100
2009-10-20,56.27890362831108,56.48754182889889,56.24145585080818,56.311004638671875,873400
2009-10-21,56.19329381670922,56.262838502476654,56.02745429137896,56.075599670410156,984600
2009-10-22,56.24147820806221,56.40732192993163,56.075638567696046,56.40732192993164,707200
2009-10-23,56.17186891789342,56.36980935389596,56.09162257456815,56.09697341918945,640500
2009-10-26,56.17191341594201,56.20401034609911,55.82953255592688,55.861629486083984,953700
2009-10-27,56.14520653244388,56.42339374658425,55.931221391111215,56.34314727783203,732600
2009-10-28,56.27891044681429,56.41265310859997,55.80813774666945,55.963279724121094,1114300
2009-10-29,56.17729278018431,56.20403887505752,55.840258516450184,56.0328483581543,932500
2009-10-30,56.220047960423614,56.53568267822265,56.13445480269065,56.535682678222656,1419700
2009-11-02,56.60769516846236,56.623817467183926,56.30135919191429,56.451839447021484,983600
2009-11-03,56.44108486145225,56.44646032743801,56.09175747768183,56.19386672973633,810500
2009-11-04,56.17241770311135,56.435762461271146,56.15629539144498,56.41426467895508,760100
2009-11-05,56.376599319467886,56.45721491335515,56.28523689319272,56.451839447021484,705000
2009-11-06,56.446465898020996,56.60232162475586,56.24224327347854,56.60232162475586,693100
2009-11-09,56.63458633422851,56.70982649105559,56.57009711425161,56.634586334228516,594100
2009-11-10,56.69912122500361,56.79048375380985,56.58626090701636,56.597007751464844,606400
2009-11-11,56.74745029004312,56.96779940682719,56.682961065838064,56.80656814575195,688100
2009-11-12,56.779699002426945,56.930179325947144,56.467987417831516,56.80656814575195,1043100
2009-11-13,56.93554353129857,56.97316360473633,56.725945393533856,56.97316360473633,655800
2009-11-16,56.967809843773985,57.24190139770508,56.88719419846695,57.24190139770508,1141700
2009-11-17,57.129003195744374,57.327850341796875,57.048387603973126,57.327850341796875,587100
2009-11-18,57.18815679203026,57.4246241487734,57.03767234647132,57.13978576660156,718900
2009-11-19,57.1451474702384,57.30637461550437,57.06453184746496,57.20963668823242,855100
2009-11-20,57.25263334406652,57.29562889041696,56.93017494700015,56.940921783447266,628600
2009-11-23,56.7528213935153,56.962419556622486,56.66683440109539,56.940921783447266,1143000
2009-11-24,56.940913444641126,57.2580004271881,56.940913444641126,57.16126251220703,768100
2009-11-25,57.19886397599544,57.39233974301348,57.08062832945341,57.37084197998047,670900
2009-11-27,56.98388424347361,57.36008890518432,56.96776194802346,57.354713439941406,344600
2009-11-30,57.33324750321988,57.63958358764649,57.24188504477074,57.639583587646484,1399900
2009-12-01,57.52408417896732,57.599645602656416,57.35137176513671,57.35137176513672,867400
2009-12-02,57.3405472847741,57.44309664654694,57.21101406628357,57.36213684082031,1171600
2009-12-03,57.31361455262803,57.3837775840246,57.25424424998846,57.34599685668945,543300
2009-12-04,57.21103557586536,57.2272267195407,56.94117220050751,57.10848617553711,1285900
2009-12-07,57.18401189332939,57.18401189332939,56.941136654240765,57.08146667480469,1128000
2009-12-08,57.39456106085787,57.47012662113754,57.30280846894726,57.324398040771484,951700
2009-12-09,57.37295124549911,57.47010221856161,56.96815621070336,56.995140075683594,1547200
2009-12-10,56.84941829029761,57.16785508911479,56.84941829029761,57.04372024536133,1253200
2009-12-11,57.07608743348305,57.07608743348305,56.70907318409291,56.773841857910156,1340800
2009-12-14,56.973526218854936,57.09226670394212,56.85478573376775,57.08686828613281,1017300
2009-12-15,56.892622724365175,56.925005025350565,56.67673110961913,56.67673110961914,884200
2009-12-16,56.76304078702555,57.124656590517176,56.76304078702555,56.892578125,962300
2009-12-17,57.016730805843245,57.15706090709322,56.8494168390605,57.13547134399414,1426400
2009-12-18,57.216432636774826,57.31358361430668,57.0167322613515,57.04372024536133,792400
2009-12-21,56.946585441215746,57.011350032771944,56.70370586951182,56.76847457885742,683800
2009-12-22,56.903407294386014,56.903407294386014,56.40146111212159,56.5309944152832,1590500
2009-12-23,56.66051013122143,56.79004338476258,56.59034302563789,56.709083557128906,678000
2009-12-24,56.50937897343531,56.67129861659776,56.42842326964166,56.44461441040039,529300
2009-12-28,56.27731135944813,56.48780859882356,56.163969226115924,56.29350662231445,1017600
2009-12-29,56.30162035017453,56.46963916863986,56.2582645233439,56.46421813964844,610100
2009-12-30,56.52384151330546,56.65391727412772,56.41002470570676,56.52926254272461,1405500
2009-12-31,56.38291995628548,56.55635567089687,56.242002145965714,56.447959899902344,499100
2010-01-04,56.7839907226514,56.7839907226514,56.55093608752505,56.74605178833008,2017600
2010-01-05,56.897840826712574,57.15257143914101,56.832800848093235,57.01707458496094,1143800
2010-01-06,57.11995411322367,57.15247197842557,56.81102198871975,56.848960876464844,1005500
2010-01-07,56.892405375353974,57.027902195192375,56.83820747442557,56.91950225830078,1264100
2010-01-08,56.984540006331656,57.044158935546875,56.89240316482982,57.044158935546875,704600
2010-01-11,56.908628877026416,57.11458242625549,56.908628877026416,57.10374450683594,817500
2010-01-12,57.13628414790742,57.26094301135826,57.08208626011593,57.212162017822266,1343100
2010-01-13,57.20130449120646,57.21756343846853,56.908631035391984,56.973670959472656,1090700
2010-01-14,57.1579884351714,57.17966842651368,56.924933697036316,57.17966842651367,873200
2010-01-15,57.29886913976964,57.34222909432521,57.14169240578035,57.15795135498047,834300
2010-01-19,57.05502331855272,57.21762122545411,56.91952644114708,57.206783294677734,822100
2010-01-20,57.28802257300269,57.36390041998422,57.14168790669048,57.16878890991211,1112000
2010-01-21,57.31512035448982,57.596951751003125,57.288019352791565,57.32054138183594,1333400
2010-01-22,57.33139879261835,57.34224085099658,57.179643055592784,57.23384094238281,1003800
2010-01-25,57.20673678424406,57.25009260713678,57.141696847355206,57.22841262817383,765100
2010-01-26,57.28259492981942,57.288011821421094,57.038698351695864,57.076637268066406,887200
2010-01-27,57.147100054177166,57.147100054177166,56.73518885240452,56.87068557739258,1496100
2010-01-28,56.89238086998867,57.04413658123608,56.77856408655311,56.78940200805664,1158800
2010-01-29,56.90321713252338,57.157951698276236,56.854440284630044,57.152530670166016,1218600
2010-02-01,57.180803323804696,57.19713225525731,56.83787915197588,56.89775466918945,1202800
2010-02-02,56.96309349649635,57.19170691854272,56.96309349649635,57.07740020751953,1950500
2010-02-03,57.061082772354354,57.099185017042295,56.89234070059357,57.01753616333008,1478800
2010-02-04,57.07200250869522,57.093775826621304,56.90326448581276,57.01212692260742,1116700
2010-02-05,56.95226994608376,57.001260965634565,56.72910063188179,56.83796310424805,2204600
2010-02-08,56.89781649869178,56.979465397511746,56.778065334133906,56.892372131347656,1736500
2010-02-09,56.93048349198608,56.99035908383042,56.76174545288087,56.76174545288086,969800
2010-02-10,56.7236541176386,56.78352972102723,56.27186698401058,56.320858001708984,1178000
2010-02-11,56.391559547988564,56.48409296505732,56.25003516416816,56.45143508911133,1045500
2010-02-12,56.51679229736328,56.59844119395273,56.43514340077384,56.51679229736328,707100
2010-02-16,56.39703555376944,56.73995590209961,56.33715997905283,56.73995590209961,1029500
2010-02-17,56.712732410189496,56.723616988755126,56.407910223506484,56.549434661865234,717200
2010-02-18,56.56033590613725,56.647425012431846,56.33716254424362,56.51134490966797,1717100
2010-02-19,56.445995297653575,56.71271514892578,56.42422614714803,56.71271514892578,1827800
2010-02-22,56.67460122148839,56.745361328125,56.61472568786044,56.745361328125,585900
2010-02-23,56.78896293432494,56.90326974938349,56.71275839095259,56.88149642944336,1095300
2010-02-24,56.9631064351295,57.153617663440976,56.908675248873834,57.126399993896484,924400
2010-02-25,57.21896824034892,57.21896824034892,57.061114808635885,57.06655502319336,572300
2010-02-26,57.14818993832325,57.45845235843366,57.14818993832325,57.44212341308594,804600
2010-03-01,57.499497757158636,57.554159435122266,57.34097597177103,57.51589584350586,598700
2010-03-02,57.4120206736195,57.69626799712592,57.39562259157444,57.636138916015625,625600
2010-03-03,57.49955119919038,57.756465911865234,57.49955119919038,57.756465911865234,746300
2010-03-04,57.70176163227892,57.83841794851332,57.60336891777336,57.783756256103516,492300
2010-03-05,57.73459974776204,57.74553042522574,57.455819512578586,57.71273422241211,786000
2010-03-08,57.7127082318499,57.80563354492187,57.60338065433525,57.805633544921875,966800
2010-03-09,57.78370404968047,57.84383310813179,57.71810757580194,57.75090789794922,722100
2010-03-10,57.663509779363146,57.80563354492187,57.597917403275005,57.805633544921875,688200
2010-03-11,57.71269647301276,57.8056217671514,57.63616926955508,57.783756256103516,480000
2010-03-12,57.734531661226235,57.93131698688346,57.66893516253462,57.90398406982422,819100
2010-03-15,57.92587021146856,57.93133763091227,57.76188099151022,57.89307403564453,497200
2010-03-16,57.942249284582935,58.1609001159668,57.86572211916124,58.1609001159668,635600
2010-03-17,58.25935463780201,58.41240913114933,58.160961867732716,58.3741455078125,983900
2010-03-18,58.3522866242786,58.38508282789283,58.259361267089844,58.259361267089844,497200
2010-03-19,58.215648651123054,58.357772529163746,58.16098690431477,58.21564865112305,621500
2010-03-22,58.14994616859851,58.35219885097755,58.14994616859851,58.308467864990234,406000
2010-03-23,58.346767971882365,58.40689707266368,58.27024078369141,58.270240783691406,463300
2010-03-24,58.029716265430345,58.08984118306355,57.71813598893646,57.83839416503906,801600
2010-03-25,57.756432443802176,57.827492232981484,57.52684664333793,57.630706787109375,985400
2010-03-26,57.58698256031321,57.80563354492187,57.56511704481028,57.805633544921875,614000
2010-03-29,57.800192792626156,57.827525742221496,57.597943979141974,57.756465911865234,597600
2010-03-30,57.74003189853837,57.82749395282503,57.64163917267602,57.78923034667969,616100
2010-03-31,57.84389177233124,57.94775191870128,57.794697494842445,57.816558837890625,997800
2010-04-01,57.89833115564089,57.99167446806878,57.81048380093438,57.942256927490234,1565600
2010-04-05,57.6567702782185,57.71716719082189,57.34380636245265,57.409690856933594,1417800
2010-04-06,57.596380303844604,57.72815349767406,57.50852871529543,57.54696273803711,1175000
2010-04-07,57.612858341716844,57.92033056054021,57.612858341716844,57.83797073364258,1041200
2010-04-08,57.97521699659107,58.008163430109356,57.72814178466797,57.72814178466797,938600
2010-04-09,57.78853393579517,57.87089372932177,57.66774013048858,57.766571044921875,657800
2010-04-12,57.8434800088488,57.98074503221532,57.81602951757314,57.931331634521484,502800
2010-04-13,58.068581142937056,58.15642855614231,57.9697501849593,58.139957427978516,728100
2010-04-14,58.172901297399534,58.20035597109714,58.00818582219913,58.090545654296875,697200
2010-04-15,58.08505028955235,58.2772204265658,58.01367400694587,58.18937301635742,766300
2010-04-16,58.28821086551213,58.45292635000905,58.18937989921585,58.32664489746094,1091800
2010-04-19,58.39801148673694,58.39801148673694,58.17838668823243,58.17838668823242,643900
2010-04-20,58.29371920918057,58.31568211940075,58.2113593431041,58.30470275878906,923200
2010-04-21,58.4638832748027,58.5956564401978,58.34857704246441,58.50780487060547,646600
2010-04-22,58.50782224627719,58.61214496890153,58.365069686785056,58.37604904174805,248000
2010-04-23,58.34859502689588,58.40899195235803,58.288202290428416,58.36507034301758,327400
2010-04-26,58.463901374181255,58.50782298358137,58.31565285184745,58.392520904541016,839900
2010-04-27,58.51881321571678,58.710983369413576,58.337622418376164,58.43096160888672,590500
2010-04-28,58.38702079695016,58.66704248549678,58.33760742255645,58.52977752685547,1670600
2010-04-29,58.67252107786993,58.72193444116452,58.546235501128514,58.67801284790039,1102600
2010-04-30,58.749405666526556,59.04589849686872,58.678029391979024,58.919612884521484,1031700
2010-05-03,58.94830875400358,58.97036035346376,58.82148892017558,58.937278747558594,495800
2010-05-04,59.03100889921173,59.190910328463154,58.970356487884814,59.00895309448242,844700
2010-05-05,59.00346532115738,59.102714377808326,58.51824584121218,58.755340576171875,1288500
2010-05-06,58.63951411045013,58.782874704291075,56.500152032831714,57.784873962402344,1687800
2010-05-07,58.22048298974929,58.512719282692544,57.80143526939563,57.97236251831055,1758600
2010-05-10,58.11574974283322,58.43003778019878,58.11574974283322,58.3363037109375,1275900
2010-05-11,58.28112903734281,58.42448966637909,58.09917600797851,58.39692306518555,997500
2010-05-12,58.32525511917939,58.468615783786824,58.22600607548435,58.374881744384766,1034900
2010-05-13,58.55131044368792,58.57336624902953,58.28664498630327,58.54579544067383,585100
2010-05-14,58.63399562317611,58.82146780500989,58.42998685104078,58.52923583984375,575700
2010-05-17,58.73326170591187,58.8821373358023,58.44654465854138,58.628501892089844,877200
2010-05-18,58.81044150654311,58.942772088244816,58.60642852943824,58.81595230102539,582100
2010-05-19,58.67259499536166,58.99790854663005,58.67259499536166,58.849037170410156,503300
2010-05-20,58.88764818887933,58.959326393992185,58.58990115679511,58.71671676635742,1009400
2010-05-21,58.75528864118107,58.810430229136806,58.407919353307626,58.6174430847168,1775500
2010-05-24,58.6450425970426,58.82148482745173,58.63952759420383,58.77185821533203,717800
2010-05-25,58.67812584100927,58.71121165225219,58.42449039062535,58.490657806396484,901500
2010-05-26,58.52372083860098,58.556802432630846,58.314197065222885,58.52923583984375,562000
2010-05-27,58.29766889225121,58.30317968797393,58.10468166738433,58.22598648071289,767600
2010-05-28,58.33075331032281,58.463083928201556,58.11571447875191,58.14879608154297,1042200
2010-06-01,58.15597117101745,58.32208531966089,58.067380056343694,58.10060119628906,782400
2010-06-02,58.10060738182077,58.30548095703125,58.10060738182077,58.30548095703125,521000
2010-06-03,58.28883179136159,58.443873559929855,58.117183685302734,58.117183685302734,1017000
2010-06-04,58.26120333438197,58.50483640232523,58.19475680009012,58.47161102294922,745200
2010-06-07,58.416226043474744,58.765060754019125,58.416226043474744,58.71522903442383,551500
2010-06-08,58.682007888026966,58.84257957858455,58.560191385292995,58.71522903442383,953500
2010-06-09,58.632159814884396,58.82042279592571,58.50480929706836,58.73736572265625,526900
2010-06-10,58.549110062737604,58.66538829007126,58.39407242629273,58.49374008178711,1037200
2010-06-11,58.63214841235678,58.737354299668645,58.48264908911233,58.70966720581055,483100
2010-06-14,58.51036169595968,58.59895706176758,58.38301113818527,58.59895706176758,712900
2010-06-15,58.62111882148694,58.648801711057686,58.42731747218927,58.52698516845703,663100
2010-06-16,58.60448593972136,58.637711311201365,58.44391424614789,58.58787536621094,568000
2010-06-17,58.77611716403789,59.01974586164149,58.69306010202086,58.9754524230957,1487500
2010-06-18,58.98655457616163,59.06407341341644,58.89242516298934,58.96994400024414,726300
2010-06-21,58.87583216593927,59.13053759646234,58.83707273573926,59.11946105957031,686300
2010-06-22,59.047460235623795,59.42952036273004,59.030849660438236,59.407371520996094,657000
2010-06-23,59.324281591474424,59.68419267767753,59.31874332799082,59.6565055847168,1105800
2010-06-24,59.678677710440084,59.70636481420878,59.38521299811109,59.418434143066406,743000
2010-06-25,59.42400562450663,59.65656221810204,59.36309734173717,59.51813507080078,485000
2010-06-28,59.74512756215853,59.866944066411186,59.650998163221175,59.84479522705078,772700
2010-06-29,59.94446292457375,59.94446292457375,59.76727643405321,59.817108154296875,1007200
2010-06-30,59.927893811876366,60.055244445800774,59.90020668739085,60.05524444580078,850800
2010-07-01,60.13305082080729,60.29983742739189,60.04965539668126,60.12192916870117,1478700
2010-07-02,60.12747792512694,60.166395216351404,59.91620899419417,59.94956970214844,600400
2010-07-06,60.155293750018764,60.3776801637745,60.04410266397491,60.199771881103516,993400
2010-07-07,60.16638134947724,60.34428953145226,60.160820525822054,60.23865509033203,634100
2010-07-08,60.110789621982015,60.12746785233183,59.9717987135123,60.08855056762695,738200
2010-07-09,60.0885362095458,60.11077525858687,59.96622356065236,60.016258239746094,530000
2010-07-12,60.138585258676414,60.18862419139178,60.01071599821719,60.08855056762695,585100
2010-07-13,60.1552856416846,60.21088541888027,60.021855508083426,60.12192916870117,709000
2010-07-14,60.171930376617766,60.44435129899541,60.15524790892277,60.388755798339844,1880300
2010-07-15,60.38876982113967,60.55555636183566,60.38876982113967,60.49440002441406,1038800
2010-07-16,60.59448724008169,60.805756177360976,60.53889171404331,60.60004806518555,814100
2010-07-19,60.57781801488644,60.677891673304046,60.533339890774755,60.58893966674805,580700
2010-07-20,60.57782792752289,60.80577516964484,60.57782792752289,60.655662536621094,1052100
2010-07-21,60.59450463869774,60.950321197509766,60.56670898853091,60.950321197509766,779400
2010-07-22,60.96697263603764,60.97809004211031,60.7001082319697,60.87245559692383,827300
2010-07-23,60.96700367761142,60.98368191604512,60.80577363663911,60.950321197509766,675800
2010-07-26,60.861360997653755,61.01703019100046,60.79464381121914,61.00591278076172,538000
2010-07-27,60.883608294012674,61.04483833511802,60.80021286010742,60.80021286010742,1108600
2010-07-28,60.928064943757974,61.02813858779599,60.7334784808137,61.01702117919922,777600
2010-07-29,60.96695662202674,61.10038666818013,60.900239478117705,61.03923034667969,513000
2010-07-30,61.172675687614124,61.38950115744972,61.172675687614124,61.32278823852539,796300
2010-08-02,61.34902636748269,61.37134962363531,61.15366167857438,61.19273376464844,764100
2010-08-03,61.34343338012695,61.421577539480175,61.231795824952854,61.34343338012695,1060700
2010-08-04,61.304358003209664,61.37133627417442,61.148069692909154,61.153648376464844,859900
2010-08-05,61.226232475966995,61.33786580056375,61.17041155513026,61.26530456542969,1093400
2010-08-06,61.50533289963224,61.66720423510292,61.432767390794794,61.616966247558594,685700
2010-08-09,61.65603790640397,61.83465381693853,61.5667320804063,61.817909240722656,844400
2010-08-10,61.73413645007925,61.80670190473973,61.61133730391788,61.73971939086914,1260100
2010-08-11,61.75087542169223,61.92391250222014,61.70064173474056,61.734130859375,934600
2010-08-12,61.700693608399,61.78999943535156,61.499750174581656,61.51649475097656,1427100
2010-08-13,61.61697548253497,61.83466352459528,61.58906501210062,61.75651931762695,894800
2010-08-16,62.11369653029718,62.49883853893141,62.11369653029718,62.43743896484375,786200
2010-08-17,62.45978954999744,62.504444576477795,62.21977410583766,62.33699035644531,799600
2010-08-18,62.39840520993454,62.51003854489261,62.29235056074724,62.392822265625,1889200
2010-08-19,62.28676352629217,62.72772240993628,62.281184840887725,62.459800720214844,1439500
2010-08-20,62.431924487961545,62.65519552416562,62.40401827002404,62.571468353271484,1402000
2010-08-23,62.510087532090765,62.716614048004196,62.420781645845835,62.705448150634766,549100
2010-08-24,62.85611547665,62.96217013727646,62.710988718719975,62.85053253173828,826000
2010-08-25,63.07381285509385,63.07381285509385,62.73890850580132,62.96775817871094,1820000
2010-08-26,62.93425711889854,63.0514734060554,62.83936835194381,63.02356719970703,703600
2010-08-27,62.91748701916521,63.02354163246654,62.41512866476062,62.454200744628906,1642300
2010-08-30,62.77233473670308,62.91746137071148,62.50441322926436,62.86164474487305,1574500
2010-08-31,62.88399498224921,63.10168288269778,62.73886829577113,63.07377243041992,1450700
2010-09-01,62.947161714414385,62.96957332218138,62.442911226099795,62.59979248046875,2395600
2010-09-02,62.45412793183149,62.56618171181453,62.37568943092783,62.521358489990234,1243900
2010-09-03,62.03390494994525,62.27482436618108,62.005889374387515,62.05071258544922,1184800
2010-09-07,62.521346946127885,62.60538940288652,62.19078536400801,62.5101432800293,1128300
2010-09-08,62.45972921234786,62.470932880032414,62.3028479427215,62.38689041137695,556200
2010-09-09,62.291647417716575,62.30285108596636,61.94427385788482,62.06193161010742,967700
2010-09-10,61.9162506133206,62.1571700427334,61.86582342947392,62.10674285888672,1105900
2010-09-13,62.09557642143163,62.35890761547803,62.05075318104512,62.19082260131836,987900
2010-09-14,62.30284336618223,62.52695517460851,62.263624120300925,62.48213195800781,1846500
2010-09-15,62.381263732910156,62.504525405459475,62.30282526393803,62.381263732910156,983200
2010-09-16,62.213192424429785,62.21879639435802,62.02829988798756,62.185176849365234,1382000
2010-09-17,62.381286440245916,62.44852127008579,62.21320577751252,62.38689041137695,2647200
2010-09-20,62.46534347534179,62.52137037598463,62.364493344353264,62.4653434753418,775000
2010-09-21,62.53818166604739,63.02002070098439,62.52697372128413,62.94157791137695,1416600
2010-09-22,63.003216780961715,63.081655305947024,62.85194370408404,62.902366638183594,851200
2010-09-23,63.13208197031698,63.143285641827276,62.902366095855534,62.94718933105469,594200
2010-09-24,62.94160964794943,62.94160964794943,62.756721211915405,62.80714416503906,1064700
2010-09-27,63.04803377367117,63.171295522036985,62.98080320152879,63.132076263427734,770900
2010-09-28,63.13204110774132,63.41778370396369,63.09282187097168,63.24409484863281,595900
2010-09-29,63.26648412472359,63.3057033476526,63.13201882819192,63.18244171142578,751900
2010-09-30,63.17691276066734,63.39542071517026,62.86315435133073,63.36180114746094,1089800
2010-10-01,63.19531558746859,63.296554249177674,61.29428326320526,63.05470657348633,3916600
2010-10-04,63.06029363596302,63.195277005482886,63.06029363596302,63.155906677246094,847300
2010-10-05,63.32466010836568,63.39777952646942,63.206549076481544,63.2852897644043,1236000
2010-10-06,63.628383210339024,64.10645724374032,63.59463842343395,63.69587707519531,1457100
2010-10-07,63.79706985310742,63.830814615748025,63.65083539659305,63.678958892822266,713800
2010-10-08,63.83648761118808,63.88710479276347,63.594639953442176,63.61713790893555,1160400
2010-10-11,63.60587269510262,63.78023073878926,63.59462586537056,63.67336654663086,460300
2010-10-12,63.712742212355565,63.830853244117705,63.53276288428292,63.5777587890625,748800
2010-10-13,63.51583326868077,63.6564421261523,63.38647123174857,63.5439567565918,996600
2010-10-14,63.46528519717996,63.527153509253644,63.02096447017334,63.03221130371094,1236100
2010-10-15,62.81285288418071,62.97595983971008,62.63287353515625,62.63287353515625,1287700
2010-10-18,62.87469948315059,63.0771767172881,62.85782709547991,63.06592559814453,662600
2010-10-19,62.87473482367488,63.2065700771681,62.846611301053,63.07158660888672,685300
2010-10-20,63.09969336501389,63.3415410057395,62.942211978689485,63.18405532836914,632700
2010-10-21,63.15594409445034,63.313425500698536,63.01533508300782,63.01533508300781,841200
2010-10-22,63.04346039831048,63.184069423330584,62.992843209005756,63.09408187866211,640000
2010-10-25,63.4540179907625,63.50463945304579,63.30216218600338,63.319034576416016,716400
2010-10-26,63.0828098266949,63.240291185195055,62.98157119750977,62.981571197509766,598800
2010-10-27,62.80727608991616,62.94788519961386,62.801654815083886,62.81852722167969,1751000
2010-10-28,62.98722033206818,63.184072117280024,62.94222870333912,63.07158660888672,1264500
2010-10-29,63.08278131584158,63.27400736729531,63.060283376074686,63.19526672363281,583800
2010-11-01,63.28112767768458,63.55778378825221,63.10609665019226,63.173851013183594,865500
2010-11-02,63.28113552699559,63.495684575002166,63.28113552699559,63.46745681762695,555600
2010-11-03,63.58031694064546,63.74405328752734,63.12298720778508,63.25849151611328,932000
2010-11-04,63.563423925638844,63.90783436052995,63.563423925638844,63.857017517089844,990300
2010-11-05,63.727195003400574,63.817529885375215,63.58039597413094,63.65379333496094,455800
2010-11-08,63.71589942696118,63.78930109422124,63.55781015533888,63.68767166137695,432500
2010-11-09,63.749757968592725,63.75540093530198,63.18515114987923,63.21337890625,1438900
2010-11-10,63.02704113084747,63.196424855184524,62.564063832947504,63.077857971191406,1169900
2010-11-11,63.06653556355628,63.09476760767559,62.795526893473465,62.80117416381836,778500
2010-11-12,62.72777001445785,62.8124618357574,62.343837491157565,62.360774993896484,1351700
2010-11-15,62.14059714492474,62.26481127840068,61.67761993408203,61.67761993408203,1294100
2010-11-16,61.8244491215185,62.05029271955713,61.55343594235047,62.005123138427734,2219600
2010-11-17,62.05593999410039,62.31565862418189,61.97689107331977,62.005123138427734,1237000
2010-11-18,62.06724574779362,62.151937656675855,61.81317432875634,62.05030822753906,1001200
2010-11-19,62.146245605516256,62.309982029357045,62.050263521487416,62.26481246948242,676400
2010-11-22,62.389041398805354,62.62053221734838,62.389041398805354,62.60923767089844,759800
2010-11-23,62.7616795594172,62.7786170703148,62.53018875686456,62.64310836791992,749200
2010-11-24,62.35516176593038,62.366452003938505,62.027688864803466,62.12931823730469,644500
2010-11-26,62.208343505859375,62.298678304689766,62.084129388312626,62.208343505859375,233400
2010-11-29,62.28745678083129,62.38908623387868,62.21405940659002,62.2705192565918,494600
2010-11-30,62.44549302571395,62.5245376100766,62.15189947059654,62.17448425292969,1324500
2010-12-01,62.00789841419054,62.0985841326995,61.82085344407054,62.03623580932617,1473400
2010-12-02,61.84344455618209,62.05882663795092,61.7357513531309,61.900123596191406,1011600
2010-12-03,62.02488661619818,62.160917323014615,61.701810984797795,61.724483489990234,1391800
2010-12-06,62.01354302742634,62.15524291992187,61.9568596109581,62.155242919921875,670700
2010-12-07,61.86615247892939,61.97951062388863,61.373035467251015,61.577083587646484,1302200
2010-12-08,61.35601567036889,61.36734975208101,60.77788236768338,61.1803092956543,3831100
2010-12-09,61.24834236839385,61.44105641489937,61.08963922676359,61.327693939208984,1967300
2010-12-10,61.18598465006056,61.350356971205386,60.97060246597542,61.04428482055664,1335200
2010-12-13,60.99323530172966,61.42966859013885,60.97056282482969,61.270965576171875,1670200
2010-12-14,61.01598863035557,61.174691854618736,60.65323716794304,60.8969612121582,1976500
2010-12-15,60.998949056135174,61.11230719909987,60.46615627066199,60.51716613769531,2601900
2010-12-16,60.47184511702155,60.84026136349038,60.27346181589235,60.81192398071289,1892500
2010-12-17,60.85728863960541,61.39574665401353,60.851619431483776,61.36740493774414,1678700
2010-12-20,61.45239050030027,61.57708706139156,61.24834236839385,61.327693939208984,1438200
2010-12-21,61.4070660795151,61.48075279448072,61.17468049409622,61.45808029174805,985200
2010-12-22,61.49208332976693,61.53175912617163,61.32771093770818,61.40706253051758,749800
2010-12-23,61.339043223639436,61.43539810180665,61.26535652029282,61.43539810180664,861300
2010-12-27,61.288005042244116,61.60541558193618,61.197319405428786,61.55440139770508,781400
2010-12-28,61.513459098113046,61.56467515212241,61.012703540123496,61.06391525268555,584800
2010-12-29,61.02409276876671,61.68418389613316,60.9842599829048,61.52485275268555,1031600
2010-12-30,61.43940466130931,61.575973390616305,61.280073753544215,61.5532112121582,562900
2010-12-31,61.598831710292956,61.883352872927105,61.598831710292956,61.70695114135742,914800
2011-01-03,61.58174005009835,61.962997235541245,61.49069122533454,61.945926666259766,2447900
2011-01-04,62.01418717349334,62.1336854495954,61.88330562836533,62.02556610107422,962500
2011-01-05,61.74672603701523,61.78655878877907,61.45651350762481,61.57032012939453,1209200
2011-01-06,61.638656703689215,61.82075005108698,61.57037007037211,61.66141891479492,1089700
2011-01-07,61.60447948860852,62.05971041984334,61.57033402121806,61.97435760498047,1118600
2011-01-10,61.90044897391588,62.13944580713597,61.90044897391588,62.082542419433594,909200
2011-01-11,61.96865896661993,62.12229835745445,61.78656574641669,62.05401611328125,845000
2011-01-12,61.9174692911596,62.03696761076029,61.837803744759135,62.01420974731445,1291600
2011-01-13,61.94022618201037,62.287342179309384,61.89470177613102,62.28165054321289,971000
2011-01-14,62.24749561053409,62.27025780842785,61.962974649030066,61.98573684692383,1629900
2011-01-18,61.91179304366655,62.071124164898784,61.68417529557159,61.95162582397461,1422700
2011-01-19,61.92885961959508,62.00852517507146,61.84350242688547,61.906097412109375,1685300
2011-01-20,61.78657057892669,61.88330666003462,61.28581092811829,61.63861846923828,1699200
2011-01-21,61.55894955162796,61.769496606042395,61.536187355898434,61.72966384887695,1056600
2011-01-24,61.76951620676969,61.92315564989077,61.718300164765125,61.75813293457031,727200
2011-01-25,61.92318056199142,62.1280361295318,61.69556278234122,62.0654411315918,1302200
2011-01-26,61.928862296771044,62.019906789202544,61.71831512451172,61.71831512451172,1647100
2011-01-27,61.74105895210153,61.906081658292656,61.65001014532874,61.82072448730469,1094300
2011-01-28,61.66705525034834,62.036928910134286,61.64998035124582,61.900360107421875,1388100
2011-01-31,61.86623268180919,62.025563710470955,61.706901653147426,61.72966384887695,1849900
2011-02-01,61.67654165533622,61.76223612956455,61.53943311173211,61.647979736328125,989200
2011-02-02,61.767952917218636,61.78509094108205,61.44802715689348,61.52800750732422,1975700
2011-02-03,61.41948008356382,61.568012565352916,61.36806164094201,61.37948989868164,1645800
2011-02-04,61.299518045102005,61.379498425977836,61.05957254387064,61.19097137451172,1367700
2011-02-07,61.08812867709381,61.32806977982879,61.05956239212878,61.259517669677734,1709500
2011-02-08,61.27661982036423,61.39659030149019,61.00811258987254,61.03667449951172,1263200
2011-02-09,61.09952429647165,61.50514443394188,61.025258091980504,61.43087387084961,2124900
2011-02-10,61.24234245148886,61.35088904584033,61.09381005338776,61.12808609008789,690600
2011-02-11,61.32804041253123,61.50514344902194,61.25948833520675,61.46514892578125,817300
2011-02-14,61.316630497879125,61.61941386469232,61.316630497879125,61.505157470703125,785400
2011-02-15,61.52231764354608,61.64228820800781,61.43090900856365,61.64228820800781,621800
2011-02-16,61.63655725097692,61.79651795992092,61.49944869453956,61.56800079345703,1892600
2011-02-17,61.767945444113884,61.8136453826865,61.64226080618541,61.6822509765625,585600
2011-02-18,61.533694917146924,61.77363586425781,61.50513300931009,61.77363586425781,505900
2011-02-22,61.69370658370227,62.087898721902484,61.69370658370227,61.94507598876953,1225300
2011-02-23,62.07072415239083,62.12785234029381,61.84220704217752,61.87077331542969,1293600
2011-02-24,62.036468522245784,62.12787714626863,61.905074073466814,61.93935012817383,718900
2011-02-25,62.105005363431225,62.24782802437885,62.007887000051255,62.230690002441406,722900
2011-02-28,62.236413042984154,62.39637374877929,62.236413042984154,62.3963737487793,718600
2011-03-01,62.1910668718916,62.40328549672516,62.16238714186378,62.39754867553711,1332300
2011-03-02,62.33439659939481,62.414694514866966,62.064823150634766,62.064823150634766,837100
2011-03-03,61.99029721658766,62.0304461970994,61.76660941432073,61.801021575927734,1024200
2011-03-04,61.85841026043184,62.099304274440414,61.84120417027595,62.036216735839844,1385200
2011-03-07,61.79530140904614,62.10502407470246,61.79530140904614,61.8813362121582,451800
2011-03-08,61.89852561775472,61.95014823607592,61.74940333351722,61.801021575927734,745900
2011-03-09,61.887031598023796,62.16807434917516,61.829676559653365,62.122188568115234,1745300
2011-03-10,62.231190543339174,62.42619862524986,62.01897200486816,62.37458038330078,965400
2011-03-11,62.351577502951535,62.517910082407994,62.248336742458086,62.31716537475586,1541500
2011-03-14,62.4835710592191,62.57533830040958,62.34591363356606,62.38606262207031,1095700
2011-03-15,62.535165318450474,62.55810821392327,62.300008297696664,62.380306243896484,1659400
2011-03-16,62.667104705949235,63.085800640400585,62.552390194111666,62.75313949584961,2000100
2011-03-17,62.55811545585885,62.78180324272605,62.5007603984922,62.712974548339844,1117800
2011-03-18,62.483565862920315,62.79902092467345,62.47782904335064,62.75313949584961,693500
2011-03-21,62.57528434567494,62.724410906927496,62.48351718360953,62.55234146118164,870400
2011-03-22,62.42049108902721,62.68432797472221,62.42049108902721,62.66712188720703,463300
2011-03-23,62.747407719571456,62.79329352799453,62.51798305336761,62.62696075439453,537800
2011-03-24,62.56957054341399,62.59825025355585,62.3917685930808,62.420448303222656,516800
2011-03-25,62.443404063491855,62.56385099427051,62.259865258127675,62.32868957519531,420200
2011-03-28,62.23117662164288,62.437658295068566,62.15087867930063,62.35162353515625,573000
2011-03-29,62.17382167073356,62.368829709323556,62.01322578579835,62.047637939453125,625000
2011-03-30,62.05913836242517,62.25988769531249,62.053405917877214,62.2598876953125,754700
2011-03-31,62.29421268839734,62.29421268839734,62.007433329506235,62.059051513671875,832900
2011-04-01,62.052793881675356,62.41557310344027,61.91458850767257,62.352230072021484,2873600
2011-04-04,62.363728762646744,62.55951305441976,62.363728762646744,62.49617004394531,767300
2011-04-05,62.542231433742856,62.542231433742856,62.334927857991374,62.53071212768555,1901800
2011-04-06,62.513389852318724,62.51914950095168,62.294571530837956,62.32912063598633,1253300
2011-04-07,62.36377336130271,62.38680320582791,62.191018774042156,62.23708724975586,641400
2011-04-08,62.19098828772778,62.32343399214625,62.133404917979114,62.2025032043457,572200
2011-04-11,62.133386404694846,62.294621549281224,62.133386404694846,62.20824432373047,667500
2011-04-12,62.438627500900424,62.525004789220624,62.33497563358246,62.4271125793457,625100
2011-04-13,62.32921436763769,62.57682691132217,62.32921436763769,62.53651809692383,673700
2011-04-14,62.62859757650177,62.62859757650177,62.34067648259606,62.380985260009766,1076400
2011-04-15,62.611366847140765,62.76684241363213,62.611366847140765,62.709259033203125,662600
2011-04-18,62.65739177771737,62.85894007332101,62.51343121990195,62.795597076416016,822800
2011-04-19,62.87627684265045,63.02023754289036,62.81293378307833,62.9281005859375,467300
2011-04-20,63.00292422407676,63.01443913994989,62.88775309869932,62.95685577392578,515400
2011-04-21,62.98564093675295,63.169910331378844,62.91654265959882,63.014434814453125,624800
2011-04-25,63.00293136166157,63.118098106756996,62.96261816821548,63.077789306640625,687000
2011-04-26,63.12387414360726,63.38876124073271,63.11811448685886,63.37148666381836,953600
2011-04-27,63.25629805538462,63.34267530947256,63.15840588430546,63.29085159301758,716100
2011-04-28,63.313860316351416,63.50964898655785,63.25627696393594,63.492374420166016,508700
2011-04-29,63.45207659562979,63.619071421813125,63.43480202625374,63.613311767578125,756000
2011-05-02,63.61735975331613,63.837027370813544,63.565330542891544,63.761878967285156,1771000
2011-05-03,63.779237484119626,63.8197026983489,63.64049582643848,63.73299026489258,661300
2011-05-04,63.85439025038878,63.92953867896048,63.76767781103506,63.82548904418945,720600
2011-05-05,63.88331273435725,64.09719847614139,63.88331273435725,64.04517364501953,771600
2011-05-06,63.91221394818749,64.18391093839018,63.83128349285635,64.04517364501953,857100
2011-05-09,64.05672778198216,64.16656385214935,64.01048496172425,64.10875701904297,485200
2011-05-10,64.05095955885116,64.06830117028291,63.819727782209604,63.848628997802734,974700
2011-05-11,63.84858271520698,64.03356712035277,63.7676523136042,63.95263671875,538900
2011-05-12,63.91796652812551,63.99311494194166,63.69251687630006,63.80235290527344,595000
2011-05-13,63.958450330059144,64.12609321919281,63.90642550776506,63.993133544921875,1062900
2011-05-16,63.95844053753706,64.2127958352621,63.93531692770954,64.17810821533203,614900
2011-05-17,64.19542700630826,64.3688473909036,64.1607394010886,64.2647933959961,1227800
2011-05-18,64.30530005565814,64.37467090045006,64.09141433571226,64.10297393798828,477800
2011-05-19,63.92952295390425,64.22434341103735,63.87749814931552,64.21278381347656,430800
2011-05-20,64.14340319246975,64.21855159107017,64.05091319499047,64.1665267944336,585600
2011-05-23,64.33418379785172,64.36886700326316,64.10873414192318,64.1260757446289,1200000
2011-05-24,64.08565080319272,64.27641737357834,64.05674517360222,64.20704650878906,590500
2011-05-25,64.29373171502354,64.29373171502354,64.03937639573532,64.07984161376953,675300
2011-05-26,64.22432495508527,64.36306213783014,64.15495856890058,64.35728454589844,1042600
2011-05-27,64.23588142158465,64.42664337158203,64.23009941995593,64.42664337158203,510300
2011-05-31,64.4150935468109,64.50180594289087,64.33994515574193,64.4208755493164,1022400
2011-06-01,64.6327243963124,64.93447779598615,64.59210425719436,64.74298095703125,1467600
2011-06-02,64.55723115630597,64.55723115630597,64.14522598761324,64.15682983398438,1448900
2011-06-03,64.42956859098331,64.55142890410436,64.1394237233829,64.29610443115234,684700
2011-06-06,64.13946592584938,64.28453845510435,64.09304165394484,64.1858901977539,445500
2011-06-07,64.13946205206018,64.42960709304643,64.10464606386566,64.4063949584961,405200
2011-06-08,64.42961348854976,64.55147388658882,64.35998150524881,64.447021484375,450600
2011-06-09,64.49923143664428,64.55725954853905,64.15685805012117,64.27291870117188,1355700
2011-06-10,64.30776633157002,64.40641461306646,64.139481625172,64.197509765625,1379300
2011-06-13,64.1742642137367,64.33674912058126,64.11043639155262,64.2671127319336,908900
2011-06-14,64.07565307617188,64.15109364769368,64.01182078977507,64.07565307617188,690200
2011-06-15,64.03499100002738,64.44119659539453,64.00597916074017,64.4295883178711,1024100
2011-06-16,64.41219163755845,64.4644156138007,64.25551528157025,64.3077392578125,1002000
2011-06-17,64.28451599090045,64.44119674701064,64.27291214061039,64.33094024658203,556100
2011-06-20,64.4064073487199,64.41221149028955,64.19170281053381,64.34257507324219,619400
2011-06-21,64.32514190673828,64.44700226844269,64.2090856843325,64.32514190673828,692800
2011-06-22,64.46439436918779,64.47019850705574,64.23808169219778,64.41217041015625,703200
2011-06-23,64.44699097780763,64.66169982163014,64.41217500263762,64.58045959472656,796100
2011-06-24,64.59205277054701,64.73712521279676,64.52242083171329,64.61526489257812,716900
2011-06-27,64.6385118767375,64.65591987083475,64.3599751166574,64.4063949584961,995100
2011-06-28,64.26130156149416,64.30772581551304,63.90732437230621,63.95955276489258,863400
2011-06-29,63.94216342351885,64.0292033911115,63.715850653254286,63.81449890136719,1041200
2011-06-30,63.93061419379324,63.95382634901227,63.58244072003973,63.90740203857422,1004100
2011-07-01,64.05644435098324,64.05644435098324,63.72439493268945,63.91080856323242,1495800
2011-07-05,63.91668130771894,64.30115775338119,63.91668130771894,64.13804626464844,1116100
2011-07-06,64.184613171163,64.27781777672007,64.08558188886731,64.2719955444336,1343800
2011-07-07,64.12055923671905,64.33027524040128,64.07978137180605,64.28949737548828,1463800
2011-07-08,64.54582494356906,64.74971429031017,64.37688678642516,64.70310974121094,1044300
2011-07-11,64.87202797253983,64.95358368618597,64.66231201046317,64.91863250732422,1397100
2011-07-12,65.09925253754498,65.09925253754498,64.86040750899039,64.9710922241211,694400
2011-07-13,65.04680020446078,65.1574804316817,64.90116434992218,65.1341781616211,1014400
2011-07-14,65.01181120143403,65.040940135169,64.70306405942911,64.73219299316406,761200
2011-07-15,64.70309622256852,64.88368325702935,64.64484277059279,64.87786102294922,531400
2011-07-18,64.84289566732687,64.86037125585226,64.55745068435583,64.62735748291016,1163600
2011-07-19,64.65064582155112,64.99434417371553,64.62151688398212,64.9419174194336,1230200
2011-07-20,64.90701904908448,65.00605041303507,64.73225860289917,64.79051208496094,1019800
2011-07-21,64.69141387939453,64.81374739866138,64.57490259119906,64.69141387939453,931400
2011-07-22,64.85455907976376,64.97106598430176,64.76717667913351,64.9535903930664,1121000
2011-07-25,64.67396855951564,64.9186401738013,64.55746165324902,64.64484405517578,1166900
2011-07-26,64.71473234477034,65.05843519906766,64.71473234477034,64.9302749633789,900200
2011-07-27,64.84874468896007,64.91282483193415,64.65650426003783,64.7380599975586,762400
2011-07-28,64.93028779639133,64.9710656572197,64.83125648358723,64.87786102294922,890200
2011-07-29,65.07010357059563,65.50118893674212,64.97689892687069,65.46041107177734,1680200
2011-08-01,65.63055602283866,65.97555147156991,65.56623491309499,65.65394592285156,2151200
2011-08-02,65.83522784424834,66.21530600347415,65.69489287171683,66.20361328125,1427300
2011-08-03,66.2912995643447,66.49010699611541,66.16265736206167,66.1801986694336,2093400
2011-08-04,66.31473022104004,66.7591251514948,66.24456048725641,66.65972137451172,2160900
2011-08-05,66.57781982585658,66.61290244156564,65.7124114619765,65.835205078125,2470900
2011-08-08,65.76504905666131,65.76504905666131,65.2037048208699,65.20954895019531,2548400
2011-08-09,65.30308377069821,66.44916170814497,65.22706996780855,65.79425811767578,2109000
2011-08-10,66.18020875465771,66.50765843861161,65.95216280173733,66.3848648071289,1264900
2011-08-11,65.60714142846673,66.25035228380051,64.79436166890743,65.02240753173828,1858300
2011-08-12,65.35570587218422,65.85857738178555,65.20952239755977,65.76502227783203,1962400
2011-08-15,65.80012926149354,65.96385409994244,65.66564291326792,65.8878402709961,1884300
2011-08-16,65.79431842390214,66.25625917525376,65.73000173860719,66.12761688232422,1692300
2011-08-17,66.29715596822248,66.50181648856754,66.063265878401,66.30885314941406,1050200
2011-08-18,66.61879630167975,66.65972753487718,66.19778678240914,66.39659881591797,1358100
2011-08-19,66.33806743992531,66.4316270169475,66.18019123015807,66.31468200683594,1749300
2011-08-22,66.3965535296764,66.45502604276687,66.02232409249723,66.06909942626953,1464200
2011-08-23,65.75918024525166,65.78257013886318,65.16859769976737,65.31478118896484,2340100
2011-08-24,65.18618773763906,65.26805019029399,64.43772401724262,64.54297637939453,1513600
2011-08-25,64.85285997828967,65.01073621946931,64.71252058483324,64.8996353149414,1480200
2011-08-26,64.98734366908947,65.26801798338379,64.84116015274525,64.92887115478516,1134400
2011-08-29,64.87623318266445,65.18029734998385,64.81776067700032,65.13936614990234,1186200
2011-08-30,65.35571754677537,65.58376791219885,65.291400910724,65.48435974121094,1420000
2011-08-31,65.75337754891358,65.92295105007584,65.60719395768774,65.68321228027344,1332700
2011-09-01,65.95488214469151,66.06052282100427,65.45602513673657,65.73186492919922,2821200
2011-09-02,66.20141455259363,66.31879115296269,65.8786221851333,66.13685607910156,1386300
2011-09-06,66.22486910647041,66.88218953981375,66.03119821387841,66.52418518066406,4665100
2011-09-07,66.65328979492188,66.80001271905243,66.47135480184104,66.65328979492188,826700
2011-09-08,66.75312446754893,66.75312446754893,66.40686018305524,66.59466552734375,1397100
2011-09-09,66.55354789579498,66.84699387022297,66.36574265126627,66.66505432128906,1029500
2011-09-12,66.34812072635042,66.62395611507196,66.21313364027039,66.26008605957031,1749500
2011-09-13,66.13684564131779,66.30704481933311,66.02533475422474,66.24835205078125,1536800
2011-09-14,66.13098996370921,66.38335369985543,66.13098996370921,66.21902465820312,954900
2011-09-15,65.97844061410495,66.10168747720375,65.87866998363928,65.99018096923828,1326900
2011-09-16,65.90801639383908,66.21319846280275,65.90801639383908,65.99018096923828,1528700
2011-09-19,66.31880707200216,66.43618370054608,66.27185462953204,66.35401916503906,903300
2011-09-20,66.37747638458102,66.5065933255962,66.3187880871096,66.38334655761719,889200
2011-09-21,66.38334891668423,66.64158280789147,66.17206745617472,66.53594207763672,1006500
2011-09-22,66.71787692505382,66.79417126645822,66.26010192136698,66.66505432128906,1304000
2011-09-23,66.58290005245104,66.62398231608749,66.25424194335938,66.25424194335938,686500
2011-09-26,66.14270968275724,66.33051489559189,65.99598672030424,66.13097381591797,811500
2011-09-27,65.81994530595884,66.05470302506217,65.75538682126465,65.91971588134766,1298700
2011-09-28,65.83752126496567,65.83752126496567,65.53233950393465,65.65558624267578,1238500
2011-09-29,65.79057053827329,65.89034107063378,65.58515930175781,65.58515930175781,864500
2011-09-30,65.92552054938892,65.98420880144195,65.67315703569696,65.91378021240234,1483800
2011-10-03,65.98922623877475,66.08937399296812,65.79483182096182,66.0363540649414,3575400
2011-10-04,66.05990168594901,66.06579378635591,65.24107500926382,65.45903778076172,1753300
2011-10-05,65.54150423680983,65.74179069189252,65.20572644878176,65.73001098632812,4530500
2011-10-06,65.76538487682772,65.8714202531494,65.43549903687477,65.46495056152344,1410900
2011-10-07,65.47672811877581,65.67701464573784,65.35890854907134,65.40603637695312,2117800
2011-10-10,65.4060626703085,65.60046166770184,65.18221213941725,65.52976989746094,953700
2011-10-11,65.70646667480469,65.83017384472028,65.47083204405067,65.70646667480469,2097300
2011-10-12,65.70649732088778,65.90678392911222,65.51209832276957,65.806640625,1613100
2011-10-13,65.96569497711666,65.98336679588304,65.77718808634384,65.86554718017578,1494400
2011-10-14,65.47083768514422,65.93032278280846,65.4354940605107,65.82428741455078,1051900
2011-10-17,65.94793760644714,65.94793760644714,65.75943094737053,65.77710723876953,979000
2011-10-18,65.889100264514,66.142406778667,65.85964873620107,66.00691986083984,835100
2011-10-19,66.1423983771652,66.27199766948272,65.97745545761835,66.17774200439453,1839700
2011-10-20,66.1542197302302,66.36039849543985,66.01872825917242,66.3250503540039,937600
2011-10-21,66.36038447046725,66.57834290718434,66.35449236574654,66.54299926757812,850600
2011-10-24,66.69616715735494,66.88467407226562,66.68438294709588,66.88467407226562,1341200
2011-10-25,66.84930148341199,67.27343848753353,66.81984546487861,67.21453094482422,1546300
2011-10-26,67.28523904199821,67.33825449501133,67.02014829385705,67.16741943359375,1035800
2011-10-27,67.13794494862464,67.53263038953484,67.0967092233707,67.1556167602539,2364200
2011-10-28,67.30289033978939,67.57976071717714,67.17918315945049,67.4148178100586,2102500
2011-10-31,67.53264190538255,67.71525664916756,67.3618068732401,67.56798553466797,1548300
2011-11-01,67.80558983730162,67.97702561458036,67.6045989667997,67.90608978271484,1530900
2011-11-02,67.82926594933332,68.1721376521585,67.74650443626024,68.15440368652344,1871200
2011-11-03,68.08345681848174,68.29627340612763,67.90019984418369,68.18986511230469,1868200
2011-11-04,68.16030555271335,68.384943264913,67.99477804301712,68.3258285522461,1489300
2011-11-07,68.21944762646672,68.38497069238656,68.02436493727606,68.05392456054688,757000
2011-11-08,68.04797031576351,68.12481897526148,67.6105161206413,67.63416290283203,4358700
2011-11-09,67.75834679455566,67.9120442080675,67.4272961504691,67.45685577392578,1252300
2011-11-10,67.26179513999462,67.31500157763102,66.83616167957054,67.11991882324219,1487800
2011-11-11,67.13763116244495,67.14354398920274,66.7888510565461,67.00166320800781,1114200
2011-11-14,67.04301347870533,67.16124289113573,66.91886673244153,66.99571990966797,821400
2011-11-15,66.95437189373425,67.12580778267575,66.80658280087073,66.93072509765625,1425200
2011-11-16,67.01935580616332,67.01935580616332,66.65283747091318,66.71786499023438,2641800
2011-11-17,66.64106019858525,66.75928966962626,66.15039932445116,66.19178009033203,4230700
2011-11-18,66.19174084397523,66.32770420404057,66.07941975596796,66.29814910888672,1280400
2011-11-21,66.28044249322298,66.28044249322298,65.96121756679486,66.0262451171875,1355300
2011-11-22,65.9198249019286,66.04396715475622,65.85479736328125,65.85479736328125,1391700
2011-11-23,65.73659303399413,65.73659303399413,65.4114597044736,65.51786804199219,1796600
2011-11-25,65.38776836515441,65.51782341243774,65.2222453995802,65.2577133178711,660100
2011-11-28,65.1040157747317,65.50600207909088,64.91484601445462,65.28727722167969,2416000
2011-11-29,65.25774820207174,65.28139499696049,64.9858168260986,65.13951873779297,1460500
2011-11-30,65.5001395729114,65.55925431868401,65.28732287999718,65.43511199951172,1759300
2011-12-01,65.4326941393035,65.63438838925961,65.3199799843599,65.58692932128906,1661300
2011-12-02,65.75900268698928,66.17426298049722,65.59290037996547,66.14459991455078,1882200
2011-12-05,66.14460021851053,66.63697814941406,66.11493715242779,66.63697814941406,1826300
2011-12-06,66.47682015818454,66.66072306358328,66.24546267244209,66.28105926513672,1166900
2011-12-07,66.53610507665269,66.72000334215414,66.43525340678241,66.69627380371094,1560000
2011-12-08,66.6191619464973,66.64288696104094,66.41746311529974,66.47085571289062,1110300
2011-12-09,66.66660690392018,66.70220347250516,66.14457066612022,66.21575927734375,1018000
2011-12-12,66.3878323166909,66.41749086023341,66.12681178820259,66.22172546386719,574500
2011-12-13,66.25137058197107,66.61323820716086,66.23357455547776,66.44713592529297,1206100
2011-12-14,66.53017880948309,66.61322994010996,66.3818725725141,66.5598373413086,1085400
2011-12-15,66.55984529215155,66.73781460815238,66.55391630064652,66.6666259765625,912600
2011-12-16,66.737828665311,67.06410430472089,66.70816559774696,67.04037475585938,1464900
2011-12-19,67.11156495688482,67.32512639003863,66.95732966423412,67.27767181396484,1061800
2011-12-20,67.22426820292128,67.37850799630603,67.15307956152486,67.2302017211914,1127900
2011-12-21,67.25985073426692,67.29544731289756,66.94544219970703,66.94544219970703,1159500
2011-12-22,67.14714965951177,67.33104798985904,67.09969056589046,67.29545593261719,1762800
2011-12-23,67.24208468894219,67.24208468894219,67.00479367137771,67.08784484863281,830600
2011-12-27,67.15799804806045,67.3484832363118,66.9258443668018,67.342529296875,872900
2011-12-28,67.4318986251191,67.56285819584402,67.29498964956517,67.46761322021484,501500
2011-12-29,67.55689800783563,67.56285195364497,67.27712159468676,67.43189239501953,971600
2011-12-30,67.53304682393039,67.77115455864588,67.46161768258486,67.71758270263672,807100
2012-01-03,67.74145782755139,67.86050953644128,67.56287572268496,67.66407012939453,2509400
2012-01-04,67.71162876034883,67.83068035694292,67.5270974231698,67.71758270263672,1641400
2012-01-05,67.6819143085416,67.71763344750813,67.38428055249429,67.42594909667969,1454800
2012-01-06,67.55692186485412,67.75336127216279,67.49739601032981,67.68788146972656,781000
2012-01-09,67.75926743976117,67.81879325231098,67.58663940429688,67.58663940429688,1184400
2012-01-10,67.6818775673925,67.81283707560677,67.62830570032024,67.7771224975586,1946400
2012-01-11,67.7949858207981,67.89023075944166,67.74736335147634,67.76522064208984,2382700
2012-01-12,67.96761300827161,68.08666463854512,67.86641866838627,67.91999053955078,1820800
2012-01-13,68.12236347008457,68.34856331684031,68.06878707334963,68.16403198242188,3220100
2012-01-17,68.32476065716803,68.39024040498424,68.22356633473491,68.37238311767578,1689000
2012-01-18,68.45576238938027,68.47957363432546,68.21170053483996,68.23551177978516,1643200
2012-01-19,68.31886866957294,68.41411367696192,68.11052589282447,68.2176742553711,1268300
2012-01-20,68.17596533519674,68.22358781069546,67.98547997473104,68.04500579833984,1140300
2012-01-23,68.00331242295506,68.09855733915522,67.94378662109375,67.94378662109375,1129000
2012-01-24,68.00329983775505,68.19973903491768,67.95568192999507,68.18783569335938,1321300
2012-01-25,68.223581769239,68.7712265643907,68.09262224397908,68.4200210571289,1697600
2012-01-26,68.83075156163696,68.97361897377742,68.75932239709552,68.95575714111328,1342800
2012-01-27,68.99743523760465,69.17601270350163,68.90219028923632,69.05696105957031,1148400
2012-01-30,69.28911149844004,69.29506544279923,68.95575873725817,68.96766662597656,1325500
2012-01-31,69.13433699354285,69.27719985972823,69.02123476448475,69.17005157470703,1504000
2012-02-01,69.33190927240123,69.47525446411356,69.12883274035242,69.44538879394531,3195600
2012-02-02,69.45139985837366,69.62461081257922,69.40361658337959,69.58877563476562,2860600
2012-02-03,69.3438526845161,69.51706354609234,69.22439911777596,69.48719787597656,2148400
2012-02-06,69.42755378437919,69.78591946829297,69.42755378437919,69.66646575927734,1141700
2012-02-07,69.5469212339508,69.61859154302432,69.40357150208185,69.53497314453125,1061100
2012-02-08,69.56484972973819,69.67235976708362,69.47525727247339,69.60665893554688,1651200
2012-02-09,69.58277604229536,69.58875008869252,69.27219398257661,69.38567352294922,2439000
2012-02-10,69.39164405980029,69.43345326874139,69.18259801509475,69.3199691772461,1776500
2012-02-13,69.58279819150724,69.60071577953991,69.45737051841486,69.55890655517578,1061300
2012-02-14,69.59474112430291,69.72614284454812,69.52307077279727,69.61266326904297,1972900
2012-02-15,69.6723678918719,69.7977955239246,69.49318295644677,69.51707458496094,1025100
2012-02-16,69.5409663693292,69.5409663693292,69.29608059415685,69.39762115478516,1821400
2012-02-17,69.2602496796875,69.36775973640813,69.1826052997247,69.29011535644531,1858600
2012-02-21,69.38564356022097,69.4632924592663,69.17659759521484,69.17659759521484,1887500
2012-02-22,69.38566481520857,69.63055056127493,69.24829366334933,69.60665893554688,2834500
2012-02-23,69.55287502784188,69.71414230059077,69.41550392854016,69.70219421386719,1590800
2012-02-24,69.779880704167,69.8754426651445,69.6006957616484,69.75598907470703,2175100
2012-02-27,69.9888876197429,70.06056246803371,69.86346005287886,70.01277923583984,1160200
2012-02-28,70.18004242719472,70.35922733698749,70.12628968837382,70.23379516601562,2136700
2012-02-29,70.23977272442121,70.40104006267252,70.12031914982614,70.29949951171875,1769800
2012-03-01,70.08555628587084,70.23538858196855,69.99565599370845,70.13349914550781,2300600
2012-03-02,70.13948393231007,70.34325820428363,70.12749936220253,70.15746307373047,1880600
2012-03-05,70.22937299181658,70.30728411636365,69.93570305965885,70.0315933227539,1646400
2012-03-06,70.0136445058517,70.0675865173744,69.82185932408547,69.92374420166016,1682900
2012-03-07,69.92973423027352,70.03161910122729,69.83383935936237,69.8937759399414,1410400
2012-03-08,69.95375496279749,70.01968158772736,69.83988087018732,69.90580749511719,1202400
2012-03-09,69.83982083886387,69.88177369389271,69.68399398910609,69.86978912353516,1659400
2012-03-12,69.9716661266747,69.98964526645345,69.7259390229845,69.73193359375,2027900
2012-03-13,69.68402943042855,69.76194518119455,69.47426504859811,69.54019165039062,2230100
2012-03-14,69.36636327964362,69.36636327964362,68.68312832836945,68.71309661865234,3067800
2012-03-15,68.75503280340295,68.99476534995607,68.49732111604901,68.56324768066406,2035800
2012-03-16,68.44336961090028,68.67710755386913,68.32350564053786,68.66512298583984,3390500
2012-03-19,68.64716315956218,68.7011005896439,68.41941972279719,68.56925201416016,1961200
2012-03-20,68.4314381550005,68.6232233999423,68.35352697104696,68.52732849121094,1825900
2012-03-21,68.67111683689946,68.86290193098112,68.59919571192484,68.83892822265625,2112500
2012-03-22,68.81498269736838,68.8269672701804,68.68312953384003,68.72508239746094,3073000
2012-03-23,68.87491251379801,68.98279195574868,68.77902221679688,68.77902221679688,2235200
2012-03-26,68.93481537584117,69.09064218666947,68.81495141213762,68.92882537841797,1600200
2012-03-27,68.9348674606062,69.49224400074436,68.9348674606062,69.4622802734375,2904800
2012-03-28,69.36039737784338,69.52221431304221,69.23453417294121,69.33042907714844,1666400
2012-03-29,69.44427274439987,69.54615760614539,69.29444045153224,69.46824645996094,1632100
2012-03-30,69.58213106023453,69.6300785018079,69.21054981934019,69.30044555664062,4285000
2012-04-02,69.41892644447114,69.52116234808814,69.25655204391906,69.47906494140625,6107600
2012-04-03,69.46095767536222,69.64137758255382,68.79341044232972,68.81746673583984,2724100
2012-04-04,69.04606504423417,69.15431618127306,68.94382913377343,68.94984436035156,1620100
2012-04-05,69.08813559335428,69.23848408143996,68.91974602082179,69.06407928466797,1646300
2012-04-09,69.5512005820638,69.60532382690337,69.3948368942978,69.5151138305664,1026600
2012-04-10,69.64745019106347,69.64745019106347,69.44297839667973,69.4730453491211,2263600
2012-04-11,69.4730356232304,69.50912238469014,69.15429752468172,69.40087127685547,1311400
2012-04-12,69.52116402120245,69.58130251958487,69.3948717981174,69.43095397949219,1400700
2012-04-13,69.5813138958705,69.7857903297298,69.5813138958705,69.76173400878906,1012800
2012-04-16,69.74369291515202,69.93613889440392,69.70159550057423,69.76173400878906,2396800
2012-04-17,69.74366234949393,69.86393931321135,69.64743710790233,69.85191345214844,2229300
2012-04-18,69.89997915036332,69.93004607697327,69.79172812037575,69.83983612060547,2663500
2012-04-19,69.99622867483514,70.00224389795135,69.83986499170969,69.88797760009766,1141800
2012-04-20,69.80982610909032,69.9240878645947,69.7196160791754,69.86996459960938,663400
2012-04-23,70.00227773389375,70.00829295991745,69.85192920121283,69.88199615478516,976400
2012-04-24,69.85796256174976,69.8880295231272,69.725655084521,69.75572204589844,1988800
2012-04-25,69.6714773771489,69.90000997917558,69.61133890913646,69.8759536743164,1709800
2012-04-26,69.9119938372217,70.08639850147235,69.90597861755286,69.99017333984375,1116300
2012-04-27,70.04430989852138,70.12248941091883,69.92402843144589,70.09242248535156,1601000
2012-04-30,70.17062328981433,70.21873589124347,70.01425962930476,70.05034637451172,1733000
2012-05-01,70.2307704593064,70.30318119385305,69.89286290537898,69.91699981689453,2430700
2012-05-02,70.07392101311275,70.17046871177492,70.03168254585997,70.14633178710938,2046500
2012-05-03,70.1462991500558,70.26697911358694,70.0618222548549,70.18853759765625,1356300
2012-05-04,70.28511969648872,70.34545970782551,70.26098277122445,70.26701354980469,686400
2012-05-07,70.29714489943424,70.41782485179499,70.23680492325389,70.38765716552734,787200
2012-05-08,70.44799578341237,70.59884802277728,70.36955427625482,70.5626449584961,1570700
2012-05-09,70.38767384425329,70.59283073260855,70.33940001041222,70.44197845458984,2175700
2012-05-10,70.36962149473499,70.4058245935981,70.17653062804942,70.29721069335938,1600000
2012-05-11,70.46614623239198,70.59889703177046,70.4480446876855,70.50838470458984,2977200
2012-05-14,70.63505728746806,70.7074680260317,70.45403734652707,70.52644348144531,1925800
2012-05-15,70.63508805309861,70.63508805309861,70.36959110335027,70.43596649169922,2455300
2012-05-16,70.18248391036033,70.54453291379951,70.12817932203104,70.47212219238281,2700500
2012-05-17,70.23079237530625,70.26699545205442,69.93512317335416,69.94718933105469,2367900
2012-05-18,69.84459007085881,69.8566562249648,69.62736246778958,69.6756362915039,1969000
2012-05-21,69.67568593574956,69.7903351978479,69.54293512777222,69.7541275024414,1387000
2012-05-22,69.62132119591065,69.75407189806593,69.52477816029898,69.5670166015625,1728300
2012-05-23,69.62740145746844,69.87480148980852,69.61533529660569,69.73601531982422,1870700
2012-05-24,69.74806213378906,69.77823443304831,69.65151906272318,69.74806213378906,1212900
2012-05-25,69.80238517190944,69.94117133087516,69.75411132499549,69.92306518554688,594000
2012-05-29,69.9833734342497,70.17042873929229,69.96526729832892,70.0256118774414,2514200
2012-05-30,70.28511707904059,70.33942170612704,70.07392014175521,70.08599090576172,1919500
2012-05-31,70.29113396839548,70.59887393868776,70.1463170544654,70.58077239990234,4629800
2012-06-01,70.59043542989289,71.02031521944859,70.43301947635139,71.0142593383789,3800200
2012-06-04,70.68736604726776,70.78424174262047,70.45123731395479,70.47545623779297,2643900
2012-06-05,70.39668010185144,70.52988175320607,70.27559021113808,70.32402801513672,2430900
2012-06-06,70.3967357619316,70.3967357619316,69.97291619005323,70.11822509765625,2499400
2012-06-07,70.16660553479993,70.29375130234213,70.06973454874625,70.26348114013672,2929700
2012-06-08,70.57231322360172,70.63891409603754,70.3543475718639,70.52388000488281,1713000
2012-06-11,70.51174926757812,70.67522577204839,70.40276647102635,70.51174926757812,1354200
2012-06-12,70.44513062307779,70.49356843582075,70.19083903510337,70.30587768554688,926300
2012-06-13,70.34824815376382,70.56621365630599,70.25742842449068,70.5601577758789,1333000
2012-06-14,70.52389408546932,70.57232731385827,70.3361985805453,70.47545623779297,1574900
2012-06-15,70.68733661146648,70.81448244420497,70.60862860623375,70.76604461669922,1347100
2012-06-18,70.81451737022375,70.8387362959215,70.65709666283225,70.73580932617188,996800
2012-06-19,70.82050071346222,71.02635444210095,70.63886126643028,70.66913604736328,2159200
2012-06-20,70.63282852285025,70.82657516147842,70.52384574991663,70.69942474365234,2579000
2012-06-21,70.82660881563442,71.00218789279874,70.79027812787075,70.80844116210938,2229400
2012-06-22,70.80241276769128,70.91139562761342,70.71764883433939,70.75397491455078,1245600
2012-06-25,70.91134322511625,71.04454029388994,70.81446759042502,70.93556213378906,1702300
2012-06-26,70.8931401071234,71.09294253923773,70.8507581929733,71.0081787109375,1642300
2012-06-27,71.13537271583127,71.20802945478988,71.03244580010389,71.1051025390625,2352100
2012-06-28,71.25041450136041,71.35939730490296,71.20803255660972,71.2140884399414,2286500
2012-06-29,71.14141851074525,71.32910928566633,71.08087354650793,71.19590759277344,2348600
2012-07-02,71.42798135931478,71.68312356815295,71.34900546033926,71.57377624511719,2310500
2012-07-03,71.59803579518638,71.67700701489872,71.52513607602121,71.63448333740234,808800
2012-07-05,71.67098518569226,71.88967522528368,71.64060912297143,71.81678009033203,1982300
2012-07-06,71.92003692004445,72.02938423536334,71.69526615112912,71.99900817871094,1533100
2012-07-09,71.9321581352754,72.14477653582394,71.91392972831393,72.04757690429688,1119500
2012-07-10,72.15083753836424,72.20551348182592,72.02934265136719,72.02934265136719,1385600
2012-07-11,72.16911495233248,72.35743354548393,72.13873889258856,72.15088653564453,1210000
2012-07-12,72.26018839202483,72.53963498856491,72.18121717501407,72.51533508300781,1716700
2012-07-13,72.48499687683695,72.60649183330517,72.32097822213129,72.5396728515625,1634700
2012-07-16,72.79484934033144,72.81307312891478,72.64904976218939,72.74017333984375,750100
2012-07-17,72.75839712842709,72.83737305860512,72.61260218502271,72.74017333984375,2479000
2012-07-18,72.97097274277074,73.19573883496112,72.94059669179302,73.14106750488281,2351900
2012-07-19,73.14712082611113,73.42656279595147,73.14712082611113,73.26861572265625,3499900
2012-07-20,73.384101133369,73.45699627900426,73.29905370696977,73.32334899902344,1144600
2012-07-23,73.33543529554304,73.38403510539649,73.04991720607013,73.08636474609375,1328000
2012-07-24,73.03171798720554,73.28078398565063,73.00134193715233,73.20181274414062,1333100
2012-07-25,73.3172375620298,73.42050871859244,73.2261140448779,73.34153747558594,2551400
2012-07-26,73.3415666317758,73.48736153633733,73.3415666317758,73.45698547363281,1094600
2012-07-27,73.23825832011825,73.2929342817917,72.74012170193554,73.11068725585938,2952200
2012-07-30,73.03171682540321,73.37190633386157,73.03171682540321,73.29901123046875,2581500
2012-07-31,73.53591760959985,73.6817124273752,73.40834192997102,73.6756362915039,1563500
2012-08-01,73.53243524221847,73.72135348116012,73.37398513725456,73.59337615966797,2583100
2012-08-02,73.73962190174218,73.77618551567384,73.25208535168548,73.6421127319336,1500000
2012-08-03,73.45933572409956,73.54465397602624,73.24604009428286,73.4654312133789,2259800
2012-08-06,73.56898458453124,73.611643683416,73.49585270808886,73.5628890991211,1596300
2012-08-07,73.27040695326774,73.33743872779742,73.13023861680757,73.17899322509766,4136600
2012-08-08,73.27044328271448,73.2948159494488,72.94744732976412,72.9718246459961,2310300
2012-08-09,72.87428768653827,72.9900740753782,72.70365119814626,72.92304229736328,2496100
2012-08-10,73.185094478447,73.1911899677245,73.002271645586,73.1302490234375,1482700
2012-08-13,73.10585974214456,73.17289616472947,72.96569605819086,72.9778823852539,1127000
2012-08-14,72.80723093896496,72.80723093896496,72.63049901117077,72.6487808227539,1593600
2012-08-15,72.53910305397592,72.56348035854997,72.30752563476562,72.30752563476562,3995300
2012-08-16,72.3684442188087,72.45985792035232,71.99060308885899,72.09420776367188,1895700
2012-08-17,72.16126617048975,72.39284358878118,72.15517068199657,72.19173431396484,1734500
2012-08-20,72.0759600302415,72.41114223283041,72.06986918982824,72.39286041259766,1813900
2012-08-21,72.37456104398144,72.51472473144531,72.20392456385393,72.51472473144531,2010000
2012-08-22,72.79502724245103,72.9473818450091,72.63658180342594,72.9291000366211,2281400
2012-08-23,73.03272822949764,73.07539199818908,72.9596009677301,72.98397827148438,883300
2012-08-24,73.09978843526012,73.09978843526012,72.96572019523582,73.06322479248047,1335300
2012-08-27,73.22165373486783,73.28869016016534,73.13024000496253,73.15461730957031,1879300
2012-08-28,73.24605341481488,73.30089887981508,73.16682598826321,73.25823974609375,908300
2012-08-29,73.246056755031,73.246056755031,73.05713374036668,73.10588836669922,1777000
2012-08-30,73.1668126601105,73.209471786061,73.099776226546,73.1302490234375,1888000
2012-08-31,73.15461371171502,73.63605499267578,73.15461371171502,73.63605499267578,1766500
2012-09-04,73.70633483112006,73.71244980140008,73.39454131217434,73.4617919921875,3788800
2012-09-05,73.4556596036198,73.85304861918722,73.40063421285898,73.49234008789062,817600
2012-09-06,73.27225849497408,73.31505395429015,73.1255318722269,73.16832733154297,2078500
2012-09-07,73.73079667379034,73.74302661544942,73.30284200284402,73.32118225097656,2192700
2012-09-10,73.32116318701306,73.37007361222021,73.19277681911042,73.31504821777344,1075900
2012-09-11,73.3639954228717,73.43736109746315,73.24172396290979,73.376220703125,2641500
2012-09-12,73.22947692871094,73.26004711874585,73.10109052640536,73.22947692871094,1334800
2012-09-13,73.37621050634336,73.72468924960108,73.15000787041254,73.62075805664062,3618500
2012-09-14,73.42509709242238,73.42509709242238,72.97268730319851,73.18054962158203,3164800
2012-09-17,73.38232582392838,73.57184796073334,73.31507513067051,73.43123626708984,898100
2012-09-18,73.66358864253115,73.76140957502258,73.55965740002812,73.65747833251953,1563000
2012-09-19,73.87137657511126,73.93862722799244,73.76133047624695,73.77967071533203,1237400
2012-09-20,73.9631450236761,74.01205081450327,73.70025715750447,73.71859741210938,1165200
2012-09-21,73.68800916976824,73.88976124974067,73.63909872655857,73.85308074951172,1305900
2012-09-24,73.95699690719427,73.99367739996586,73.87751628704825,73.9631118774414,1191700
2012-09-25,73.98146923310799,74.10985565185547,73.87142306498777,74.10985565185547,3287800
2012-09-26,74.13427328126173,74.3237953274472,74.09758813425324,74.31768035888672,1162900
2012-09-27,74.2932387637765,74.42774011062913,74.23821802971236,74.28101348876953,1720200
2012-09-28,74.43388067782006,74.5317015689368,74.31771953570814,74.44610595703125,2519100
2012-10-01,74.6202733258504,74.67547280592193,74.45468424385912,74.64480590820312,3318000
2012-10-02,74.57124218441072,74.69390515213951,74.55284390902985,74.66937255859375,2188900
2012-10-03,74.60802762799443,74.71842193603516,74.5344298629297,74.71842193603516,6193600
2012-10-04,74.65708923339844,74.77361317361924,74.6202880130701,74.65708923339844,1710500
2012-10-05,74.55895613125658,74.63255389008276,74.51602527505273,74.54055786132812,1711500
2012-10-08,74.73681640625,74.79201121790665,74.65708900748623,74.73681640625,715300
2012-10-09,74.60801599985861,74.9575971409843,74.60801599985861,74.81653594970703,3132200
2012-10-10,74.75521340697588,75.04346545169766,74.6754860095664,74.95146942138672,2418400
2012-10-11,74.85949056583596,75.24587304596581,74.8410922913752,75.19680786132812,2165200
2012-10-12,75.28877286513311,75.41143109703194,75.2274437491837,75.28263854980469,1712000
2012-10-15,75.30723459393536,75.52802334070275,75.27043802917932,75.51575469970703,2144800
2012-10-16,75.47279681448242,75.55865855427368,75.39306939299452,75.46666717529297,2177900
2012-10-17,75.4482811640008,75.52801328250824,75.28882628521578,75.31948852539062,6454900
2012-10-18,75.4114507051739,75.43598329375484,75.12933295516234,75.17839813232422,1541400
2012-10-19,75.25200541082265,75.4421318384029,75.19067626736059,75.31333923339844,1716000
2012-10-22,75.15385816975463,75.25811815165916,75.10479299740695,75.13545989990234,2030300
2012-10-23,75.06801091968605,75.28266524117018,75.04961264628929,75.26426696777344,1188600
2012-10-24,75.19677836673905,75.28877438207255,75.04958754967251,75.06185150146484,2842400
2012-10-25,74.96989493220872,75.08642359155117,74.82270403769635,74.84723663330078,1511200
2012-10-26,75.04959035286352,75.22744807472166,74.95759433409387,75.21517944335938,1206500
2012-10-31,75.39918931717537,75.54638017455885,75.24586414265964,75.44824981689453,1286500
2012-11-01,75.18453946867953,75.29493379491446,75.06188118580232,75.11708068847656,1953700
2012-11-02,75.0618828335193,75.12321197630418,74.84109417620283,74.96988677978516,1940300
2012-11-05,74.98211262370073,75.13543773271746,74.98211262370073,75.00664520263672,2073200
2012-11-06,74.89012705261865,74.96372479967681,74.60800937422987,74.64480590820312,1459400
2012-11-07,75.0741372176964,75.09866512686311,74.79814910888672,74.79814910888672,1585400
2012-11-08,74.76135719349178,74.82268632843017,74.57736510956353,74.72455596923828,3176500
2012-11-09,74.63255389008276,74.71841560249045,74.44242751622653,74.54055786132812,2850300
2012-11-12,74.54053908905783,74.68772989052933,74.5160065089607,74.55280303955078,991500
2012-11-13,74.73068694684699,74.81041902990553,74.54669955025396,74.58349609375,1849500
2012-11-14,74.44243004007693,74.77974726390936,74.44243004007693,74.73681640625,2445600
2012-11-15,74.53438489031548,74.64477913174643,74.52825057714988,74.58958435058594,2218400
2012-11-16,74.59572517053658,74.73065200575273,74.57732690739087,74.61412811279297,2181100
2012-11-19,74.55898448384156,74.86563491022555,74.54672052559643,74.84723663330078,2385000
2012-11-20,74.81038405153174,74.84718057782317,74.59572517053658,74.61412811279297,3229500
2012-11-21,74.60190909612136,74.7000394703044,74.54671426997874,74.66937255859375,2263700
2012-11-23,74.69996643066406,74.78582808456409,74.66929954893868,74.69996643066406,929000
2012-11-26,74.82266235351562,74.93305663267707,74.76746755349068,74.82266235351562,2412300
2012-11-27,74.80427146460163,74.914665754651,74.80427146460163,74.8656005859375,2243300
2012-11-28,74.92079595302665,75.00665765400049,74.83492957294105,74.85333251953125,1479700
2012-11-29,74.90852355957031,74.95145440790095,74.85332875990727,74.90852355957031,1052700
2012-11-30,74.9944313711871,75.0496308839045,74.88403702486671,74.90243530273438,2129200
2012-12-03,74.88702286136899,75.0469687583568,74.76398214038961,74.9854507446289,3859100
2012-12-04,75.07773161881086,75.11464148908367,74.98545224960516,75.0531234741211,2387600
2012-12-05,75.12082875735395,75.24386484306191,75.0654592333173,75.20695495605469,1943900
2012-12-06,75.25615151059024,75.34843089740782,75.17617385170354,75.19463348388672,2737400
2012-12-07,75.08392186825061,75.1085253315539,75.01009739776273,75.01625061035156,1947300
2012-12-10,75.11464185373984,75.14540320813231,75.03466890325262,75.0838851928711,2290200
2012-12-11,75.05309111260227,75.06539283288105,74.78240633125284,74.80701446533203,2365400
2012-12-12,74.80087823761563,74.93007214423776,74.5301980883457,74.57941436767578,2390900
2012-12-13,74.45639409226138,74.5732816143511,74.35796620012582,74.4625473022461,3635100
2012-12-14,74.53638871130535,74.61636168521831,74.49947413651661,74.51792907714844,2844200
2012-12-17,74.52406903141004,74.56097890610778,74.27799224853516,74.27799224853516,1983300
2012-12-18,74.35794594162519,74.37024766471907,74.0072881644152,74.09341430664062,2278500
2012-12-19,74.22260254133796,74.40715654644931,74.22260254133796,74.38255310058594,3112200
2012-12-20,74.5117598809139,74.5917328326329,74.40102557432863,74.45639038085938,2545200
2012-12-21,74.55487564114398,74.6410018633967,74.49335288794025,74.58563232421875,2649700
2012-12-24,74.48713015942658,74.6101661562049,74.4748237436353,74.53634643554688,1902500
2012-12-26,74.73506538507114,74.74740397814546,74.63016615978502,74.64250946044922,1642000
2012-12-27,74.66100065518745,74.9201534119379,74.64249041650366,74.88313293457031,1556900
2012-12-28,74.96951579155488,75.04972839355469,74.91398507653699,75.04972839355469,1894500
2012-12-31,74.91404199479787,74.96957275200697,74.59935358116981,74.6548843383789,1867700
2013-01-02,74.63633504566509,74.85229572339071,74.54377912447134,74.8276138305664,4058400
2013-01-03,74.7474294922349,74.77211139439827,74.3895489722534,74.42040252685547,3207900
2013-01-04,74.39566988769928,74.44503365836049,74.20439116087249,74.38333129882812,4663300
2013-01-07,74.46973153201027,74.5376055543446,74.3586653779713,74.50675201416016,3832600
2013-01-08,74.53763312964261,74.62401742500987,74.51295122988182,74.57465362548828,2534900
2013-01-09,74.64865429730402,74.66099288594636,74.5314165210549,74.5499267578125,1867600
2013-01-10,74.4388579836929,74.6424799959651,74.432686335797,74.58694458007812,1439900
2013-01-11,74.50672618392485,74.72885841499325,74.45119547995158,74.72268676757812,758200
2013-01-14,74.77827576782155,74.77827576782155,74.55614337756545,74.57465362548828,1569400
2013-01-15,74.65485446983112,74.7474104024079,74.45740401054282,74.512939453125,3042900
2013-01-16,74.56229853725436,74.62400563069906,74.48208590640265,74.512939453125,4199900
2013-01-17,74.39566988769928,74.42035177302989,74.2290730462031,74.38333129882812,2225700
2013-01-18,74.38951580775135,74.53143550502185,74.34015673302149,74.45738983154297,2704400
2013-01-22,74.36483391659172,74.5252638553346,74.27844965132773,74.45738983154297,1730300
2013-01-23,74.5684369945701,74.62397241243113,74.51290628429727,74.5499267578125,2446600
2013-01-24,74.51291185337313,74.53759374009073,74.40184571693821,74.44503784179688,1873600
2013-01-25,74.31546844666072,74.31546844666072,74.06248261473723,74.10567474365234,2434600
2013-01-28,73.85886400746725,74.06248607082136,73.4269426981608,74.04397583007812,2434200
2013-01-29,73.90206518610766,74.07483843857179,73.80951397106054,73.87738800048828,1424100
2013-01-30,73.66762810800809,73.79720457619673,73.56273354436853,73.63060760498047,3009300
2013-01-31,73.69223732077552,73.72309084792518,73.57499956671157,73.68606567382812,2804100
2013-02-01,73.92806089163763,74.05804100539139,73.48860296734924,73.49478912353516,4589000
2013-02-04,73.64338587886176,73.84145160706957,73.6371949967198,73.74241638183594,2581400
2013-02-05,73.6062567436544,73.70529198427403,73.5753117726559,73.59387969970703,2814700
2013-02-06,73.70530399713998,73.82909334583016,73.63102755456931,73.7857666015625,1970200
2013-02-07,73.73006138395161,73.96526303081393,73.72387049995866,73.8105239868164,1680000
2013-02-08,73.903327139525,73.9714126586914,73.7609652206521,73.9714126586914,1496700
2013-02-11,73.95287593314578,73.97763002123115,73.90954919560603,73.9343032836914,749100
2013-02-12,73.76095779132335,73.93426465092453,73.75477163366456,73.85999298095703,1520200
2013-02-13,73.61243013015846,73.76097823351999,73.61243013015846,73.68670654296875,2317800
2013-02-14,73.70529195943948,73.94049357244157,73.69910107633778,73.89097595214844,3180500
2013-02-15,73.89093793602424,73.91569673343267,73.77952570881523,73.85999298095703,1363600
2013-02-19,73.88477264999118,74.02712987248172,73.78573743238114,73.84144592285156,1842300
2013-02-20,73.75474445571514,73.97756410576841,73.75474445571514,73.9651870727539,1369800
2013-02-21,74.07667959904883,74.1633330908988,74.03335285312384,74.08287048339844,3578100
2013-02-22,74.12616857663086,74.18187234746222,74.07046008354018,74.13235473632812,1914300
2013-02-25,73.91569628087733,74.6027375574168,73.90951012325641,74.57179260253906,2643500
2013-02-26,74.47279776422796,74.63991383343595,74.4356619093507,74.47898864746094,1574100
2013-02-27,74.59656559152279,74.63370615795391,74.37993196342013,74.45420837402344,941400
2013-02-28,74.5161245023382,74.5161245023382,74.34281754989725,74.47898864746094,2231100
2013-03-01,74.58080344087882,74.68635288920981,74.50008525581643,74.64910125732422,1363700
2013-03-04,74.62431555362937,74.64915157062006,74.53118167416073,74.59326934814453,1733400
2013-03-05,74.59322281689379,74.59943300151402,74.41316535877048,74.46904754638672,1395400
2013-03-06,74.28278569048994,74.38833515234185,74.2206980503996,74.25173950195312,1014700
2013-03-07,74.06549524315902,74.13379308556165,74.00961303710938,74.00961303710938,1964000
2013-03-08,73.80473017196168,73.90406948171402,73.66813447619046,73.74884796142578,2526900
2013-03-11,73.74876705700181,73.86052661848542,73.74876705700181,73.7984390258789,2632500
2013-03-12,73.87925767173326,73.99101739243093,73.85442165191306,73.94755554199219,3172900
2013-03-13,73.81708566867462,73.95368125315798,73.81708566867462,73.8791732788086,1958600
2013-03-14,73.77989281408759,73.96615579284399,73.77368262703361,73.9102783203125,1669600
2013-03-15,73.87302208928861,74.06549524315902,73.87302208928861,74.00961303710938,1188500
2013-03-18,74.13993847390338,74.20823151963339,74.0902664979358,74.18960571289062,1665700
2013-03-19,74.25173514122142,74.39454096832733,74.23931950872583,74.31382751464844,1354600
2013-03-20,74.15236348752582,74.24549727001124,74.09027587819585,74.09648132324219,1905100
2013-03-21,74.24552087549142,74.25793650651244,74.08408925032349,74.17101287841797,1854000
2013-03-22,74.13377664128396,74.2703722957897,74.09652026652019,74.17723846435547,997900
2013-03-25,74.1151508223938,74.24553629160835,74.04064280984971,74.17723846435547,1089700
2013-03-26,74.05924876495055,74.23930619423375,74.04683313468165,74.22689056396484,918000
2013-03-27,74.28896480287771,74.53731999634329,74.28896480287771,74.4876480102539,1847200
2013-03-28,74.34486223888317,74.46904223752043,74.33865679168825,74.44420623779297,1874300
2013-04-01,74.37444059133828,74.59241866134087,74.29347866578463,74.33707427978516,5877400
2013-04-02,74.38071941983844,74.40563189465024,74.28729882718638,74.33089447021484,1319200
2013-04-03,74.43673611176347,74.62980651855469,74.41805295178258,74.62980651855469,1421000
2013-04-04,74.71077622844787,75.04085809326612,74.71077622844787,75.02840423583984,2660900
2013-04-05,75.25884246826172,75.38963411568957,75.19656367283787,75.25884246826172,3268500
2013-04-08,75.35851147134218,75.38342394614905,75.29000335351546,75.3273696899414,2276800
2013-04-09,75.37090444736921,75.47055426609829,75.34599674425183,75.40204620361328,3157000
2013-04-10,75.23390054840047,75.32731632328367,75.14670932413259,75.2027587890625,2181600
2013-04-11,75.28372337361989,75.34600689449854,75.20899075107036,75.2525863647461,1496900
2013-04-12,75.4830210284593,75.66986209475165,75.38960524687884,75.62626647949219,1358900
2013-04-15,75.60757321381183,75.6885351308782,75.55774830258713,75.65116882324219,1024800
2013-04-16,75.5141372680664,75.58887461963704,75.50168341858668,75.5141372680664,1629800
2013-04-17,75.55777736514048,75.7508430309407,75.55777736514048,75.62005615234375,1373200
2013-04-18,75.63872793355206,75.76951954403837,75.63872793355206,75.68855285644531,1656700
2013-04-19,75.74457920815561,75.8379949647452,75.65115870000159,75.80062866210938,877900
2013-04-22,75.82557678222656,75.86294310243926,75.77575185423186,75.82557678222656,1271500
2013-04-23,75.92520141601562,76.03730033941468,75.86291790092936,75.92520141601562,1659700
2013-04-24,75.89404296648489,76.00614661679319,75.86290121579101,75.9563217163086,1366900
2013-04-25,75.92525463288348,75.99375799467599,75.87542968651763,75.91279602050781,1067100
2013-04-26,76.07467153235854,76.1992290596196,76.07467153235854,76.18677520751953,1294500
2013-04-29,76.31757835771086,76.32380766087562,76.16810834271925,76.1930160522461,875700
2013-04-30,76.18060418568528,76.33630358965796,76.04358794993834,76.06227111816406,2347500
2013-05-01,76.17592863535442,76.45077566622535,76.17592863535442,76.40080261230469,4063500
2013-05-02,76.26337909686923,76.45702348938862,76.26337909686923,76.40080261230469,1799000
2013-05-03,76.13843261130343,76.13843261130343,75.67619388979016,75.68244171142578,2882200
2013-05-06,75.76989084486368,75.832354763068,75.63246736539931,75.6699447631836,1839300
2013-05-07,75.61369323730469,75.74486883377817,75.57621109139139,75.61369323730469,3886100
2013-05-08,75.59498650560175,75.75114868665138,75.55750910717114,75.68244171142578,2379000
2013-05-09,75.67618168711871,75.8385916636156,75.52001953125,75.52001953125,825800
2013-05-10,75.49507123148035,75.49507123148035,74.98910711535802,75.12652587890625,2808200
2013-05-13,74.97661708412866,75.05782450241433,74.89541443153654,74.93289184570312,2498400
2013-05-14,75.1015317420511,75.15150002706665,74.71424774760293,74.73298645019531,2325000
2013-05-15,75.039078935936,75.05157458410527,74.75174098205771,74.99535369873047,2081600
2013-05-16,75.13277765915007,75.4263634387726,75.13277765915007,75.33891296386719,2916500
2013-05-17,75.27016157621047,75.30139591467614,74.98282377195183,75.01405334472656,909500
2013-05-20,75.10151085343931,75.15147912455677,74.87663695349191,74.92660522460938,2097100
2013-05-21,74.90165650880253,75.21398097807645,74.7892195092362,75.20773315429688,2007700
2013-05-22,75.22022912152188,75.33266612868967,74.6080757891478,74.61431884765625,2886300
2013-05-23,74.78919321390774,74.83916148949626,74.47686885444477,74.68924713134766,2568500
2013-05-24,74.73296521980969,74.83915434812825,74.62052827050441,74.63926696777344,1090900
2013-05-28,74.53937309964839,74.6393144705861,73.91472404278186,73.92096710205078,1683700
2013-05-29,73.96464613528502,74.0708352580011,73.80223615803696,73.88968658447266,3574100
2013-05-30,73.90845411623111,74.08335503734031,73.86472888595382,73.98341369628906,1759000
2013-05-31,73.90847687409132,73.98967953655513,73.38377394919749,73.6148910522461,4297500
2013-06-03,73.4650784291729,73.77836234571522,73.26457691379916,73.42121887207031,10863900
2013-06-04,73.27714174703632,73.4651141003655,73.1267667325743,73.1330337524414,3726500
2013-06-05,73.18939346685069,73.30844289527627,72.98262969686627,73.0264892578125,4575200
2013-06-06,73.03903558435609,73.59668075258777,72.94504942312199,73.33979034423828,2500000
2013-06-07,73.2395164587801,73.43375096484016,72.92623253012407,73.05154418945312,3159800
2013-06-10,72.81972938080598,72.98263838958133,72.72574323034581,72.82599639892578,2911100
2013-06-11,72.368612700413,72.71322705397756,72.19944142342179,72.68816375732422,3983700
2013-06-12,72.55660289909213,72.74457049976853,72.36863051807951,72.43755340576172,3469000
2013-06-13,72.58162732715687,73.25205960701676,72.55030179859374,73.21446228027344,2474400
2013-06-14,73.26464380334805,73.4024896173312,73.14559427666488,73.16439056396484,1283900
2013-06-17,73.25210839745593,73.3774201558418,73.02654340809164,73.05786895751953,1868600
2013-06-18,72.85737131297881,73.03280969657506,72.78218616591609,72.91376495361328,1748400
2013-06-19,72.99517310452244,73.03276565538424,71.84855249989214,71.8798828125,2823000
2013-06-20,71.34728925334035,71.35981850812689,70.67059476685753,70.889892578125,6649600
2013-06-21,70.96509590973852,71.10294164020812,70.3009305520518,70.30719757080078,4107600
2013-06-24,69.81850030280054,70.2382998831045,69.4926869160828,69.8498306274414,6063600
2013-06-25,70.29473136216941,70.47016980181726,69.96265077564469,70.08169555664062,3653200
2013-06-26,70.64555761398024,70.80219964860103,70.49518259923822,70.61422729492188,2010000
2013-06-27,70.95255642471714,71.29717072443269,70.95255642471714,71.25331115722656,1544800
2013-06-28,70.88363175115634,71.24077529793541,70.72698976080879,71.2094497680664,2960300
2013-07-01,71.07934312341358,71.61991862288033,71.07934312341358,71.39363098144531,2849900
2013-07-02,71.5382085313974,71.76449619757102,71.44392600020227,71.61992645263672,2214800
2013-07-03,71.59480898191497,71.70795285630568,71.38737774625626,71.41252136230469,2132000
2013-07-05,70.51365709800973,70.67080110074235,70.21193850267515,70.50736999511719,2500100
2013-07-08,70.73995648568585,71.0856704711914,70.73995648568585,71.0856704711914,3096700
2013-07-09,71.06049068413111,71.34963495458206,71.06049068413111,71.14849090576172,4037000
2013-07-10,71.19249419842197,71.31192033559972,70.90334991504814,70.9410629272461,2908800
2013-07-11,71.56964554298558,71.78335902672268,71.40621448176405,71.7770767211914,2179100
2013-07-12,71.85878492477792,71.97192876006964,71.49420981154319,71.575927734375,2008800
2013-07-15,71.71420742362096,72.04735661065553,71.62620719931826,72.03478240966797,3308200
2013-07-16,71.99077409128385,72.03477419841963,71.8399172661972,71.92791748046875,1625900
2013-07-17,72.21078870566924,72.38050686317665,72.12278847424058,72.1982192993164,1248400
2013-07-18,72.25482601477924,72.25482601477924,71.92168142493307,72.00968170166016,1119900
2013-07-19,72.14162659638549,72.4182014221925,72.11648779008641,72.40563201904297,2734900
2013-07-22,72.48734816627135,72.58163547862506,72.46849166293099,72.56906127929688,2235900
2013-07-23,72.36792476596496,72.52506870432246,72.2924987447709,72.45592498779297,827300
2013-07-24,72.11021471292787,72.21078434463567,71.83992693396249,72.10392761230469,1960700
2013-07-25,71.77083161470333,72.01597595214844,71.73940088604384,72.01597595214844,2109200
2013-07-26,72.07875728534856,72.15418807790616,71.9656134943376,72.0913314819336,1022700
2013-07-29,71.99706743376159,72.08506765566344,71.93421081749634,71.971923828125,2211900
2013-07-30,72.11021462483771,72.1479276372255,71.8839269592058,71.99078369140625,1331900
2013-07-31,71.58220799638704,72.06621403185216,71.46906416432465,71.9970703125,2282100
2013-08-01,71.84574476918228,71.84574476918228,71.32243144606333,71.42330932617188,1845700
2013-08-02,71.65660550877149,71.85836610346647,71.63769120463634,71.77639770507812,1772000
2013-08-05,71.67554366280704,71.77012002530492,71.48639093781128,71.50531005859375,3111500
2013-08-06,71.47374594614155,71.62506516147607,71.42330460424633,71.54940795898438,1047200
2013-08-07,71.63145307436612,71.7890788394606,71.61884031935887,71.70711517333984,946000
2013-08-08,71.82053168531716,71.98445884812904,71.80791894334602,71.85836029052734,960900
2013-08-09,71.88988252475195,71.92771594031376,71.71964899095451,71.85836029052734,539600
2013-08-12,71.92771801052297,71.99076729113848,71.7827003357907,71.8205337524414,1042800
2013-08-13,71.42332035102415,71.50528875226331,71.24678042582005,71.30982971191406,1221600
2013-08-14,71.25936089152594,71.34132926116989,71.1647894040142,71.19001007080078,1723700
2013-08-15,70.67301042737681,70.88107737009378,70.60996115058873,70.68562316894531,1793800
2013-08-16,70.66040154050832,70.74867148888809,70.21274542791042,70.3325424194336,2469000
2013-08-19,70.18751087825395,70.26317288062762,69.9416153834776,69.94792175292969,4884400
2013-08-20,70.16862673739794,70.4523509501252,70.16862673739794,70.37669372558594,2100500
2013-08-21,70.24426656575953,70.40189214752237,69.91640266189627,69.95423126220703,2310800
2013-08-22,70.01727630478233,70.30100039118958,70.01727630478233,70.2757797241211,2507700
2013-08-23,70.25688139163714,70.75497885613935,70.2253543480497,70.74867248535156,2327600
2013-08-26,70.8180376174639,70.91261395054111,70.78020900837387,70.8936996459961,1385700
2013-08-27,70.93783893984224,71.2278695179884,70.90000551809975,71.19634246826172,2398500
2013-08-28,71.08289616656913,71.20899963378906,70.96310388565446,71.20899963378906,2488300
2013-08-29,71.02608030034752,71.29089009412861,70.94411192821255,71.27828216552734,2273100
2013-08-30,71.24675512849844,71.42960136049504,71.12695816020916,71.27828216552734,1668800
2013-09-03,70.84566388478798,71.0164504153657,70.53571545656584,70.99747467041016,5473600
2013-09-04,71.01646293929169,71.07972186826983,70.71284131450292,70.73814392089844,2335000
2013-09-05,70.45976457409726,70.4787403074517,70.04228396237507,70.15614318847656,2703800
2013-09-06,70.4724166739897,70.62422736333973,70.20674193515866,70.2573471069336,1960600
2013-09-09,70.50404995794821,70.59260660645828,70.3838638666951,70.4407958984375,1615600
2013-09-10,70.23840705896207,70.41552042418283,70.09924517886654,70.13087463378906,2115900
2013-09-11,70.28268735008051,70.45980072021484,70.0992471235907,70.45980072021484,2301300
2013-09-12,70.5926122234655,70.69382258751618,70.3585717020559,70.40917205810547,1860200
2013-09-13,70.4281199653723,70.5546328704444,70.41547108785203,70.45342254638672,1255400
2013-09-16,71.11132399525137,71.12397770743273,70.49142722572586,70.53570556640625,2311100
2013-09-17,70.64323404650776,70.74443960842306,70.56732625558858,70.7254638671875,1020100
2013-09-18,70.65584703462852,71.92727413719669,70.47873377177812,71.76280975341797,5100000
2013-09-19,71.73118811938754,71.83239363408417,71.26310235871951,71.30738067626953,5030300
2013-09-20,71.43392058200227,71.53512614176056,71.32006131103871,71.37066650390625,1089700
2013-09-23,71.40859283826678,71.8070977333131,71.40859283826678,71.79444885253906,3719000
2013-09-24,71.87041096160472,72.06650013071801,71.73124903798416,71.97794342041016,2576200
2013-09-25,71.93360985812727,72.22458237239354,71.87667783034959,72.19927978515625,1931100
2013-09-26,71.9399793297264,72.07913640300761,71.9399793297264,72.02220916748047,921300
2013-09-27,71.95262210904315,72.0158761962512,71.89569487834915,71.96527099609375,1194100
2013-09-30,71.85774173803638,71.97160103042921,71.74388244564356,71.80713653564453,1800800
2013-10-01,71.75380121287458,71.82360719102762,71.66495812096805,71.7347640991211,3172400
2013-10-02,71.83628061959439,72.06473561575719,71.82993814417851,71.95050811767578,910300
2013-10-03,71.8934341346418,72.10919460888158,71.8934341346418,71.9886245727539,1411600
2013-10-04,71.89341592083257,71.98225901613948,71.829957258697,71.9188003540039,569300
2013-10-07,72.00130903520532,72.14726834170399,71.98227191731124,72.04573059082031,1374600
2013-10-08,72.0139981618836,72.1028412663123,71.88707598299544,72.03303527832031,1667900
2013-10-09,71.98228270017596,72.04574138319107,71.84267069259039,71.88074493408203,1017300
2013-10-10,71.76648117558199,72.02032062121627,71.72205963571484,71.98224639892578,1978400
2013-10-11,72.14092755132302,72.22342335019283,72.04573711165052,72.07746887207031,3275900
2013-10-14,72.03304817915684,72.11554397901926,71.77920861750489,71.85536193847656,525100
2013-10-15,72.07111264565428,72.07745996527126,71.83631023568888,71.8680419921875,1430400
2013-10-16,71.87434338872019,72.43913343410975,71.84261165249612,72.40105438232422,1395200
2013-10-17,72.6041475705583,72.97855697368016,72.55972119230549,72.93413543701172,2697900
2013-10-18,73.04204007766562,73.14992029689972,72.9722340907292,73.02935028076172,1071200
2013-10-21,72.98489507787075,73.09277524736424,72.81355142836107,72.83893585205078,1031400
2013-10-22,73.17534089904152,73.2895684939773,73.14361397030781,73.2832260131836,1372100
2013-10-23,73.27687768902423,73.40379508540072,73.23880343842896,73.2641830444336,1514800
2013-10-24,73.33393506605722,73.3847039238599,73.14990158771108,73.18798065185547,1500200
2013-10-25,73.17532382167734,73.31493583197103,73.16898134236382,73.18167114257812,708700
2013-10-28,73.14359985081036,73.30859146818808,73.13725252965354,73.25148010253906,2958700
2013-10-29,73.20061129407956,73.35926021532447,73.14350000639021,73.35291290283203,1584300
2013-10-30,73.35299333569623,73.45453108058972,73.02935266741709,73.20703887939453,1436200
2013-10-31,73.26412542087897,73.29585716580966,73.03567041381463,73.10547637939453,1072800
2013-11-01,73.0991634882669,73.1755688586874,72.76808326500095,72.90815734863281,1965300
2013-11-04,73.0036667270201,73.08643557283247,72.91452469465304,72.92726135253906,772400
2013-11-05,72.7935009613274,72.7935009613274,72.53245310430025,72.61522674560547,1264700
2013-11-06,72.72983481118847,72.73619827796458,72.6343293758563,72.697998046875,1060000
2013-11-07,72.8189682068781,72.89536866515927,72.71709445235925,72.84443664550781,1337000
2013-11-08,72.2523521154317,72.27145224145103,72.12500984595138,72.13137817382812,1634000
2013-11-11,72.08683477069748,72.12503503607782,71.95312898425371,72.01042938232422,1241500
2013-11-12,71.97218031332815,72.08678588936885,71.94671186780695,72.06131744384766,2301900
2013-11-13,72.15684590146378,72.30965176569129,72.1377457756367,72.22688293457031,4339700
2013-11-14,72.41786222340271,72.67254180784357,72.36693019260177,72.6216049194336,1355100
2013-11-15,72.63434157034061,72.67891013329708,72.53883611897416,72.6216049194336,1451200
2013-11-18,72.65981569060057,72.94632720947266,72.65981569060057,72.94632720947266,3003900
2013-11-19,72.81261665819092,72.8762853406299,72.69164276123047,72.69164276123047,914200
2013-11-20,72.67254138027927,72.86355228188839,72.277787783838,72.3796615600586,1881300
2013-11-21,72.32236562071101,72.53884499413526,72.15682799953854,72.51974487304688,3320600
2013-11-22,72.6025032821143,72.7744140625,72.58340316376231,72.7744140625,1190900
2013-11-25,72.75533678234498,72.92724762817207,72.75533678234498,72.90177917480469,1189200
2013-11-26,72.9144995703711,73.08004206256624,72.9144995703711,73.04821014404297,1044500
2013-11-27,72.96542289170836,73.09912858289019,72.76168019215379,73.06092834472656,2387900
2013-11-29,72.818989002208,73.06093195187134,72.79988402457381,73.00363159179688,741200
2013-12-02,72.88097760670531,72.94485128462458,72.65102846759659,72.65741729736328,5714000
2013-12-03,72.74684603699903,72.90653267855417,72.74684603699903,72.84265899658203,1164500
2013-12-04,72.44663659572896,72.6382625207791,72.44663659572896,72.6063232421875,1705000
2013-12-05,72.42745551375926,72.55520284729545,72.33164257698292,72.44661712646484,1234400
2013-12-06,72.4530540395514,72.61912958196542,72.3955642900324,72.59996795654297,737400
2013-12-09,72.59994847696271,72.72130702982663,72.59994847696271,72.70853424072266,590100
2013-12-10,72.9257137495408,73.01513790280657,72.81073914202041,73.00236511230469,1171600
2013-12-11,72.9448673783251,73.00235711241076,72.77879675374498,72.79795837402344,1087800
2013-12-12,72.7276832304677,72.7660064643744,72.63187027245147,72.67658233642578,877300
2013-12-13,72.81072958086082,72.90015372238385,72.70214381947576,72.87460327148438,904000
2013-12-16,72.99595681185836,73.0406688765662,72.85543178756241,72.93208312988281,1593500
2013-12-17,72.87461543195965,73.14927673339844,72.87461543195965,73.14927673339844,1500800
2013-12-18,73.02791816293784,73.3920036208217,72.84268101794414,73.14927673339844,1946900
2013-12-19,72.93849061838128,73.13650054513309,72.92571295476779,73.04068756103516,2493300
2013-12-20,73.23866080095009,73.37918090820312,73.14284787122226,73.37918090820312,1269700
2013-12-23,73.34090307485427,73.48142814232355,73.25786775010017,73.26425170898438,1204900
2013-12-24,73.14925082712244,73.45585130724325,73.14286687053088,73.24506378173828,1003500
2013-12-26,73.14770247723506,73.28865530279968,73.14770247723506,73.19255065917969,2268000
2013-12-27,73.0900086020072,73.19251658955731,73.06438038309894,73.12844848632812,2463600
2013-12-30,73.16690065529491,73.35270160751341,73.16690065529491,73.34629821777344,2790000
2013-12-31,73.23097596678636,73.35270392077376,73.05157839865034,73.1604995727539,1658600
2014-01-02,73.22458320715543,73.33349951625758,73.10925861866934,73.30146789550781,1887700
2014-01-03,73.1796979248324,73.51285496260897,73.1796979248324,73.41034698486328,1695800
2014-01-06,73.5128842791851,73.60898890720443,73.45522443522415,73.57054901123047,1171700
2014-01-07,73.62821062614347,73.64102718383268,73.46163448086008,73.51288604736328,1086500
2014-01-08,73.35910918989119,73.37832913509645,73.13486834902355,73.19893646240234,1067000
2014-01-09,73.29504027222923,73.36551666259766,73.15408749149235,73.36551666259766,1216000
2014-01-10,73.62180842738466,73.83964103078272,73.60899186948794,73.76275634765625,1736900
2014-01-13,73.82682199485545,73.96776990106386,73.78837721308575,73.90370178222656,2109900
2014-01-14,73.80761054980842,73.87168356835373,73.67947428888783,73.68588256835938,1529100
2014-01-15,73.5513289121247,73.73712500100675,73.5128841281453,73.70509338378906,1495000
2014-01-16,73.82042242805788,73.88449055445584,73.78838592081655,73.87808227539062,1372300
2014-01-17,73.8011996216523,73.96137237548828,73.7499431672845,73.96137237548828,1766000
2014-01-21,73.85245555137068,73.9357485166607,73.85245555137068,73.8588638305664,1114100
2014-01-22,73.78198679558446,73.86527487590868,73.67306559751741,73.67947387695312,1687800
2014-01-23,73.8204195700191,74.06388039613935,73.80760301238489,73.96137237548828,1597600
2014-01-24,73.99339853977841,74.08309488426879,73.85244574469804,73.91011047363281,1681100
2014-01-27,73.8524301994932,74.05745107061409,73.7691421508789,73.7691421508789,1979600
2014-01-28,73.9357177549655,74.12792205810547,73.87164965391884,74.12792205810547,2420900
2014-01-29,74.14078502698933,74.31376949692049,74.05108865175306,74.27532958984375,2105500
2014-01-30,74.21122034106826,74.33294827541144,74.10870746153385,74.31372833251953,1821900
2014-01-31,74.35219067146771,74.5379867553711,74.32656244552966,74.5379867553711,1427400
2014-02-03,74.4724412748361,75.02508900361373,74.43388605279331,75.01866149902344,6064600
2014-02-04,74.7552064522242,74.76162905525135,74.60740323584288,74.6588134765625,2015000
2014-02-05,74.54309563826037,74.54952313996394,74.40172001726548,74.4209976196289,3226900
2014-02-06,74.38245915108641,74.43386937078782,74.29892122113293,74.35032653808594,853500
2014-02-07,74.43385156242825,74.65233758976365,74.40171895711552,74.58164978027344,1076900
2014-02-10,74.4981447412999,74.6202428120652,74.46601212180923,74.61381530761719,1048800
2014-02-11,74.45960235595703,74.49815758379273,74.3567818780615,74.45960235595703,2288900
2014-02-12,74.3503278325655,74.36318283908886,74.19610207352454,74.23465728759766,971500
2014-02-13,74.56884934689603,74.6074045767535,74.44675124868006,74.54314422607422,1125500
2014-02-14,74.62026418149824,74.68452453613281,74.53029870445968,74.68452453613281,1063900
2014-02-18,74.76805726122363,74.96084321435245,74.72950203169805,74.8387451171875,1034400
2014-02-19,74.99295171307054,74.99295171307054,74.71020526444956,74.75518798828125,1556900
2014-02-20,74.66524098234005,74.7423514406691,74.54314288631855,74.6588134765625,1148800
2014-02-21,74.58169305539495,74.7616239829556,74.56884294746207,74.73592376708984,711000
2014-02-24,74.80658482192005,74.83871253161915,74.69091428095705,74.77445220947266,703600
2014-02-25,74.9479890752948,75.06365966796875,74.83231848262083,75.06365966796875,787300
2014-02-26,75.05724250960947,75.314283931753,75.05081500323062,75.307861328125,898200
2014-02-27,75.37212574939622,75.46851873927511,75.35284813197066,75.43638610839844,964900
2014-02-28,75.33353222838478,75.41707016235674,75.20500667294873,75.39136505126953,1791900
2014-03-03,75.4468367540906,75.59507719561954,75.38238631235113,75.58863067626953,1292700
2014-03-04,75.39527754810413,75.4339468287724,75.18258666992188,75.18258666992188,1075900
2014-03-05,75.13099463542399,75.31145776350456,75.11810651938315,75.14388275146484,2869300
2014-03-06,74.8538616509655,75.00854364670806,74.84097353350862,74.9183120727539,1271000
2014-03-07,74.73139857769658,74.76362624556519,74.53160080521606,74.64761352539062,1473800
2014-03-10,74.57027785321851,74.62828667798406,74.51872046340188,74.53160858154297,1851400
2014-03-11,74.56381193307455,74.64115045120093,74.51224964282319,74.55736541748047,943800
2014-03-12,74.76359798813733,74.85382952336371,74.71848222052414,74.82160186767578,1303800
2014-03-13,74.647606774625,75.12454572898764,74.647606774625,75.08587646484375,1696400
2014-03-14,75.2147686703754,75.25988444579001,75.00208282470703,75.00208282470703,797800
2014-03-17,74.99566524042338,75.0407810332425,74.8732059810918,74.90543365478516,635800
2014-03-18,74.92476795725027,75.13745880126953,74.88609868279316,75.13745880126953,963500
2014-03-19,75.10522076198835,75.11166727925901,74.56383132529898,74.59605407714844,1286700
2014-03-20,74.58959915646365,74.73783460645261,74.57670612422484,74.69916534423828,2003400
2014-03-21,74.80872985093495,75.01497410686179,74.77006058958959,74.95697021484375,636100
2014-03-24,74.95050421589856,75.1889760724577,74.92472307595301,75.09873962402344,1061300
2014-03-25,74.9440867334456,75.15033101565533,74.9440867334456,75.12454986572266,1352800
2014-03-26,75.16319082707227,75.427438891894,75.15029779917889,75.41455078125,955000
2014-03-27,75.32438608348795,75.57574626067476,75.28571188274508,75.43395233154297,665500
2014-03-28,75.42098550999633,75.4789942957354,75.29853125965637,75.37586975097656,816300
2014-03-31,75.20831734980797,75.38878042813802,75.13097392313075,75.36944580078125,1695700
2014-04-01,75.26604112528044,75.32421415797347,75.17554645336477,75.1820068359375,3416600
2014-04-02,75.03333542994609,75.14968642118232,75.03333542994609,75.07858276367188,1236800
2014-04-03,75.1431952155299,75.31125879642643,75.1431952155299,75.22076416015625,1012200
2014-04-04,75.45997235282726,75.64742705103211,75.44704665331936,75.51815032958984,989900
2014-04-07,75.62154297511654,75.75728496230485,75.60215196717378,75.69911193847656,1024500
2014-04-08,75.69262189846178,75.89946746826172,75.64737458418014,75.89946746826172,992600
2014-04-09,75.75080536327985,76.00935864570884,75.7120184256453,75.964111328125,1675600
2014-04-10,75.93829684333363,76.30027555988876,75.88011887440719,76.06757354736328,1401500
2014-04-11,76.27442625833339,76.27442625833339,76.11929321289062,76.11929321289062,1258200
2014-04-14,76.17744004449477,76.22915268571265,76.0804800751085,76.17097473144531,908600
2014-04-15,76.17099747183696,76.42309544013915,76.12575013016023,76.33259582519531,1152500
2014-04-16,76.12575421863637,76.37138688515108,76.11282851957327,76.36492156982422,956300
2014-04-17,76.35200662451372,76.35200662451372,75.89952818812581,75.92538452148438,1510500
2014-04-21,76.08697400891617,76.13868666958619,75.95769728883188,76.02880096435547,652500
2014-04-22,75.91890089929807,76.10635557225415,75.88658418908572,76.06757354736328,1385000
2014-04-23,76.1257203765722,76.28085828590596,76.11925999570796,76.23561096191406,1778900
2014-04-24,76.10633548978262,76.28086441891818,76.08047916948148,76.24854278564453,1161000
2014-04-25,76.30024929167557,76.4489169569682,76.23561096191406,76.23561096191406,1051500
2014-04-28,76.23565155652275,76.32614625269395,76.0805135645798,76.14515686035156,1015500
2014-04-29,76.02228570254195,76.19034927350705,76.0158203913082,76.15802764892578,1359500
2014-04-30,76.24852163615799,76.45536720960442,76.13863600404933,76.371337890625,2123200
2014-05-01,76.41930016920297,76.70454515926451,76.38040492364458,76.69158172607422,2193800
2014-05-02,76.52304371726233,76.93794291154593,76.45821664552835,76.85366821289062,862700
2014-05-05,76.82127277140386,76.91203168532802,76.65271838297762,76.6592025756836,1879800
2014-05-06,76.76289912031284,76.85365799787488,76.73696730586828,76.78882598876953,2251100
2014-05-07,76.80829540979236,76.87312248713202,76.68512050065478,76.80181121826172,1869200
2014-05-08,76.87316035771181,77.03523060389723,76.73702194443501,76.82129669189453,3351200
2014-05-09,76.71755456069086,76.80831843135753,76.64624821643704,76.73700714111328,1148100
2014-05-12,76.57491173825667,76.62677043102052,76.47766865209265,76.54249572753906,1634400
2014-05-13,76.72406196363796,76.83426855608433,76.6916508784436,76.82778930664062,961600
2014-05-14,77.0546724441333,77.28805397675893,77.04170405565908,77.21025848388672,1359000
2014-05-15,77.33341870110152,77.50845234420571,77.21024376403444,77.34638214111328,755100
2014-05-16,77.2102434049543,77.37879780026375,77.19079577203206,77.25562286376953,821100
2014-05-19,77.37232058767334,77.44363187881514,77.12597563845019,77.18431854248047,726700
2014-05-20,77.11300725133867,77.35287295299658,77.11300725133867,77.18431854248047,1200100
2014-05-21,77.00279174688295,77.07410302974186,76.93148046402405,77.04168701171875,1397200
2014-05-22,77.0481657694539,77.06113415414431,76.93795922953329,77.01575469970703,605800
2014-05-23,77.1065208140449,77.17134790558619,77.03520952955246,77.10003662109375,582500
2014-05-27,77.18428197941266,77.37228393554688,77.02221183922677,77.37228393554688,1062700
2014-05-28,77.47603637410042,77.74182891845703,77.47603637410042,77.74182891845703,1430800
2014-05-29,77.70293274010719,77.87796637008726,77.51493072509766,77.51493072509766,1325700
2014-05-30,77.45011778476835,77.59274037020528,77.36583810465164,77.52790832519531,1045400
2014-06-02,77.29254107753893,77.41606510464482,77.07150330272579,77.09750366210938,2652700
2014-06-03,77.01300585924719,77.032508612781,76.7464599609375,76.7464599609375,1431100
2014-06-04,76.85046238794477,76.86346752795208,76.69443542791048,76.70743560791016,1263600
2014-06-05,76.73995819347223,76.94149326211043,76.65544460727106,76.86997985839844,801000
2014-06-06,76.99999066175987,77.20802825890041,76.95448259238562,77.0324935913086,1112700
2014-06-09,76.9024854267388,76.92849075093856,76.78546394784412,76.87648010253906,1215400
2014-06-10,76.75944190300763,76.8244527193414,76.71393383557326,76.73343658447266,758800
2014-06-11,76.78546672802892,76.89598563987315,76.73345607774625,76.7919692993164,507500
2014-06-12,76.83097146217317,77.10401992425706,76.7529554901456,77.03900909423828,964800
2014-06-13,76.79844044121475,77.09749413725523,76.76593751599701,77.02598571777344,474700
2014-06-16,76.9740384080415,77.11706528467981,76.96103325925021,77.01954650878906,732400
2014-06-17,76.9544902565713,76.96098786712362,76.75295024926383,76.75945281982422,605200
2014-06-18,76.93498723679467,77.2015380859375,76.82446833056838,77.2015380859375,791400
2014-06-19,77.29252363679126,77.29902620517363,76.85044322691112,76.92845916748047,610700
2014-06-20,76.86998815552901,77.11053371761575,76.83098264384273,77.0780258178711,1151900
2014-06-23,77.16898587628314,77.2209964940545,77.03246172463747,77.07147216796875,833300
2014-06-24,77.2860749164371,77.40309642882107,77.09753998204017,77.39659881591797,777600
2014-06-25,77.64362625754946,77.64362625754946,77.45509136144281,77.47459411621094,827100
2014-06-26,77.52012649925108,77.70215888083102,77.52012649925108,77.61764526367188,698700
2014-06-27,77.70211274553547,77.76062595345014,77.60459899902344,77.60459899902344,729300
2014-06-30,77.65012542636059,77.6631256089667,77.47459072112203,77.5331039428711,857200
2014-07-01,77.38972111926176,77.48098987341322,77.22674049059503,77.23326110839844,5448400
2014-07-02,77.13543605957605,77.13543605957605,76.90726427973199,76.95941925048828,3278000
2014-07-03,76.77037709230058,76.9268370631625,76.70518585225585,76.8812026977539,648400
2014-07-07,76.93987970381046,77.07026716848833,76.8942453346165,77.01811218261719,1219200
2014-07-08,77.24621794130333,77.35704843490282,77.22666108177663,77.30489349365234,1296400
2014-07-09,77.26583715641276,77.4940139650861,77.16805277986472,77.42881774902344,836700
2014-07-10,77.53962597699802,77.55918284666929,77.35056794722327,77.37012481689453,524000
2014-07-11,77.47443533872365,77.6504571259381,77.47443533872365,77.61134338378906,1259300
2014-07-14,77.48743983444639,77.53307416991053,77.4026917753757,77.44832611083984,690900
2014-07-15,77.38966390394135,77.60479936843441,77.25276087392861,77.36358642578125,791400
2014-07-16,77.44186047139333,77.57224295848069,77.37666922784965,77.5461654663086,963800
2014-07-17,77.69606153749291,77.89815575906782,77.61782910957521,77.83948516845703,847900
2014-07-18,77.80695663056083,77.8330341298437,77.6244191093552,77.73524475097656,539300
2014-07-21,77.81999786708947,77.88518912840942,77.71568786995802,77.73524475097656,852600
2014-07-22,77.78082016251858,77.83949573486433,77.69607208443101,77.79386138916016,1017500
2014-07-23,77.87866462376029,77.93734023766226,77.84607148161402,77.88518524169922,1597800
2014-07-24,77.65046245839737,77.68957620323245,77.56571435333062,77.57875061035156,813400
2014-07-25,77.8199686002009,77.8786392211914,77.72217925811081,77.8786392211914,655400
2014-07-28,77.84600619213214,77.91119739552295,77.72866003652067,77.7873306274414,1290600
2014-07-29,77.92426105053555,77.93730228006196,77.76128049785768,77.85906982421875,787500
2014-07-30,77.63087567007445,77.69606687760151,77.38314211819315,77.50048828125,1305800
2014-07-31,77.16798560259727,77.40267784955117,77.16146499191281,77.28533172607422,2121700
2014-08-01,77.23239965737288,77.7227433557543,77.1997130703012,77.68351745605469,2763600
2014-08-04,77.71617310163131,77.80770348397037,77.61810340968752,77.70309448242188,1779300
2014-08-05,77.58545383273135,77.794666961006,77.47431044946798,77.7815933227539,2416200
2014-08-06,77.8731590691822,77.87969838529096,77.63125425352465,77.64433288574219,1799500
2014-08-07,77.76203945634587,77.87972224217,77.6639696368194,77.84703063964844,1839200
2014-08-08,77.97773899754073,78.06927443055854,77.80121742165562,77.8273696899414,1048300
2014-08-11,77.89274559752695,77.98427603984322,77.81428879495515,77.86005401611328,770900
2014-08-12,77.93198997991611,77.9385292953561,77.7881599564896,77.82084655761719,1927400
2014-08-13,77.82740619559901,78.01700648857833,77.80125391504626,77.97777557373047,2260600
2014-08-14,78.1019395206577,78.12809178174284,77.92541799337523,78.06271362304688,1694200
2014-08-15,78.17387811488288,78.57269147513492,78.13465220667288,78.33732604980469,1729500
2014-08-18,78.24578824160884,78.2850141461273,78.10195327432828,78.16079711914062,1624200
2014-08-19,78.28504212927824,78.31119440431695,77.99737707992531,78.1085205078125,1559000
2014-08-20,78.08233533066952,78.10848759468826,77.87312220655389,77.93196105957031,746700
2014-08-21,78.0561620289227,78.21960989396158,78.04962271767191,78.19999694824219,1817900
2014-08-22,78.20005642947847,78.37657806325343,78.02352980766673,78.29812622070312,1014500
2014-08-25,78.37654465749446,78.42230987548828,78.27194058266629,78.42230987548828,793300
2014-08-26,78.4876803703705,78.51382764383288,78.35691906288938,78.47460174560547,730100
2014-08-27,78.52035822166575,78.64458020294599,78.46805370449161,78.60535430908203,1412400
2014-08-28,78.7818841609803,78.8472623203536,78.66420147889482,78.77534484863281,1100200
2014-08-29,78.73609777376869,78.89954562225796,78.70994551944652,78.83416748046875,1257900
2014-09-02,78.50510714058426,78.59689490808088,78.40020897861304,78.45921325683594,3493400
2014-09-03,78.32153261324528,78.56411743164062,78.28875412560801,78.56411743164062,838300
2014-09-04,78.3673680095813,78.45260301835279,77.98710182197412,78.00677490234375,4901900
2014-09-05,78.19038544121607,78.28217318263873,77.94780069485232,78.0199203491211,1557300
2014-09-08,78.15759946459022,78.21660872622365,77.86912085673029,77.8887939453125,1133000
2014-09-09,77.81665954795535,77.82976993580263,77.67242027135714,77.6789779663086,1853400
2014-09-10,77.52160648802125,77.63306726980143,77.49538071595853,77.55438995361328,1894800
2014-09-11,77.6199401054025,77.72484317773635,77.49536895751953,77.49536895751953,1300200
2014-09-12,77.27247816981533,77.3839339625415,77.10201313255136,77.1216812133789,1296900
2014-09-15,77.29214173805798,77.32492520555998,77.10856632497847,77.14134979248047,3575600
2014-09-16,77.14796399379797,77.31187145788034,77.08895970771655,77.1282958984375,1567600
2014-09-17,77.23972176485684,77.30528872666322,76.87912848520622,76.91846466064453,1763300
2014-09-18,76.97742663544331,77.08888239875124,76.9249750990441,77.05609893798828,1521200
2014-09-19,77.14792580070304,77.37739513640477,77.0364699807988,77.35772705078125,739000
2014-09-22,77.39708449383005,77.47575685286198,77.30529674025453,77.42986297607422,1729400
2014-09-23,77.47571263742513,77.55438995361328,77.4035930147663,77.55438995361328,904400
2014-09-24,77.50854650949151,77.52165690302172,77.32497098772157,77.37086486816406,786700
2014-09-25,77.40362803027018,77.65277047654465,77.39707533583115,77.6003189086914,1375200
2014-09-26,77.28562364843913,77.45608876310399,76.97092420819659,77.42986297607422,3295000
2014-09-29,77.4429428059069,77.51506243660438,77.28558815599138,77.39704895019531,3628200
2014-09-30,77.45605522355504,77.63963065121537,77.39705097983075,77.50850677490234,1716100
2014-10-01,77.78792614571334,78.11667235377234,77.74847820595237,77.97859954833984,1973500
2014-10-02,77.97866800929486,78.10359328324085,77.82744742993509,77.97209167480469,1891200
2014-10-03,77.95891987019928,78.20876532441495,77.82742331877458,78.19561767578125,2535800
2014-10-06,78.18245841311962,78.34025525464287,78.15615810348723,78.23505401611328,1858400
2014-10-07,78.42569743139204,78.65581878211118,78.3468015490136,78.51774597167969,1887900
2014-10-08,78.63613927946605,78.9517380362554,78.39287014954066,78.91886138916016,2297900
2014-10-09,78.72160470172184,78.85967756944153,78.57695550231894,78.59010314941406,1786200
2014-10-10,78.63612166475974,78.68214595062028,78.51120146957881,78.65584564208984,1371400
2014-10-13,78.84652751198011,79.01747702749452,78.76763159425921,78.85968017578125,1748200
2014-10-14,78.95828475026448,79.06348597517226,78.82678823540026,79.03718566894531,2826400
2014-10-15,79.42515150902584,80.49686322708389,78.9846274138214,79.09640502929688,3497900
2014-10-16,79.3856806835347,79.41855733062995,78.7939361497247,78.91886138916016,2229900
2014-10-17,78.93857430392822,79.03062288336346,78.73475316607465,78.88597869873047,1537800
2014-10-20,79.08324028106497,79.08981661421151,78.87941909997403,79.0306396484375,1735300
2014-10-21,78.89913162842961,79.05692848713039,78.86625498374242,78.98460388183594,1150000
2014-10-22,78.85307312011719,78.91224503535253,78.75444824512209,78.85307312011719,957000
2014-10-23,78.70184326171875,78.80046813122351,78.53747015130057,78.70184326171875,1408400
2014-10-24,78.68872455314302,78.86624537050892,78.63612393456383,78.73474884033203,1727800
2014-10-27,78.73477197687154,78.83997324494374,78.67560002578534,78.8333969116211,1946500
2014-10-28,78.70847696417974,78.73477728297021,78.5309560826851,78.57040405273438,2212700
2014-10-29,78.53090616434524,78.57035410931935,78.14955930869654,78.42570495605469,3574000
2014-10-30,78.53751209246653,78.70188529066446,78.4388921865653,78.47834014892578,2542000
2014-10-31,78.44544020924688,78.53091745734228,78.26134308453436,78.46516418457031,1893700
2014-11-03,78.31685943422212,78.44213637182692,78.21795685350224,78.31026458740234,6621700
2014-11-04,78.33002505813664,78.54760463238816,78.3102405237568,78.42233276367188,2155400
2014-11-05,78.33664413715626,78.3630184957895,78.20477737438455,78.27730560302734,1725300
2014-11-06,78.19155557467553,78.27067861808763,78.02012985953807,78.03990936279297,1458700
2014-11-07,78.13219343138022,78.54098815310118,78.13219343138022,78.53439331054688,1730000
2014-11-10,78.44867851312277,78.46186316751005,78.13219147352892,78.13878631591797,1710500
2014-11-11,78.1322250366211,78.19156355244002,78.06629167558019,78.1322250366211,805600
2014-11-12,78.34979740993019,78.44869995123034,78.03331028384815,78.12561798095703,1931400
2014-11-13,78.15199656816573,78.17177607142064,78.0069401704398,78.03990936279297,2128500
2014-11-14,77.96735562653835,78.27065298135409,77.92779663298568,78.13878631591797,1784800
2014-11-17,78.22452136528308,78.25089571194017,77.9146290800526,77.95419311523438,1770100
2014-11-18,77.94098043795597,78.03988295115062,77.90801628715161,78.02010345458984,2002900
2014-11-19,77.71021843458678,77.85527479661104,77.60472106933594,77.60472106933594,1890200
2014-11-20,77.94096431941323,78.00030782721383,77.71679003089702,77.90140533447266,2040100
2014-11-21,78.05969107967712,78.29705518625212,78.00035256822969,78.23771667480469,1820200
2014-11-24,78.2113527260549,78.38937331446131,78.19816303482877,78.36299896240234,1592600
2014-11-25,78.46188517889127,78.7585877745537,78.42891598808778,78.69924926757812,2052800
2014-11-26,78.94318177907921,79.02229976190007,78.89702794563686,78.96955108642578,978200
2014-11-28,79.06188786998474,79.1937545684532,79.06188786998474,79.1805648803711,1037800
2014-12-01,79.21031696717982,79.26320816841209,78.64830318447214,78.90616607666016,6029800
2014-12-02,78.64167337713359,78.654894912701,78.377197265625,78.377197265625,1496200
2014-12-03,78.43014061363142,78.56898952058273,78.38385764464766,78.45658874511719,5153700
2014-12-04,78.42351537639658,78.68137831353081,78.40368054191926,78.58219909667969,2413000
2014-12-05,78.51607979008465,78.5557494582763,78.21854718971852,78.25821685791016,1118600
2014-12-08,78.37060086804226,78.72102964742803,78.29786979558898,78.62846374511719,1842000
2014-12-09,78.76734933146884,78.85991527694748,78.61527886866779,78.69461822509766,1369900
2014-12-10,78.66812896728516,78.859868995773,78.63506755853194,78.66812896728516,2974000
2014-12-11,78.71441820350138,78.780535981829,78.4697768747797,78.58879089355469,1915600
2014-12-12,78.78055718821525,79.09792462740305,78.68137797179489,78.71443939208984,3457700
2014-12-15,78.68138100414416,79.00536174876993,78.58881507710822,78.89957427978516,4318600
2014-12-16,78.90615664702355,79.0780669027594,78.77392109305015,78.87310028076172,2041000
2014-12-17,79.02516462101093,79.26980592606544,78.76730177935522,78.89292907714844,1875200
2014-12-18,78.8466627148482,79.01857299359456,78.60202135834236,78.9722900390625,2056600
2014-12-19,78.80700252204859,78.9921343624231,78.7012100164264,78.93262481689453,1088400
2014-12-22,79.05168872791651,79.21698583886948,78.89961821074158,79.18392944335938,2011400
2014-12-23,79.07809013647085,79.08470342945145,78.52930284176381,78.58219909667969,1285700
2014-12-24,78.57024693829241,78.88847647303427,78.51057573917377,78.83544158935547,466200
2014-12-26,78.96141612083218,78.98130483725137,78.80230133131072,78.8951187133789,499100
2014-12-29,79.07411470640821,79.17356333722338,78.96803987619482,79.04759979248047,826200
2014-12-30,79.25977183907379,79.37247795149298,79.09402577086841,79.1139144897461,1052000
2014-12-31,79.27962959134544,79.41885562727606,79.10062107502993,79.16692352294922,1231400
2015-01-02,79.29295352308355,79.71726324303037,79.25980732950164,79.44544219970703,2523600
2015-01-05,79.68405467803423,80.0089154466141,79.61775222642589,79.7702407836914,3218800
2015-01-06,79.98902558648139,80.33377506232952,79.86968825673264,80.09510040283203,5313400
2015-01-07,79.98243160184504,80.2542576133427,79.8962454572617,80.20121765136719,1636600
2015-01-08,79.98906617481168,80.0023236367701,79.80343135837747,79.94265747070312,2156900
2015-01-09,79.83657333434172,80.23436292832973,79.81668461336768,80.1548080444336,1530400
2015-01-12,80.18133315930538,80.34707925559424,80.13492445467129,80.30729675292969,1948000
2015-01-13,80.30724409029554,80.40669269448789,80.1613918700684,80.38017272949219,1468300
2015-01-14,80.69178644540004,80.76471509404124,80.45311178769553,80.5194091796875,2457000
2015-01-15,80.57245238409605,81.0630591745329,80.51941244508478,80.93709564208984,2171300
2015-01-16,80.69179053287976,80.82439038174738,80.37356101193156,80.48626708984375,1322500
2015-01-20,80.69180186255355,80.92384530794355,80.63876191555934,80.67191314697266,1648900
2015-01-21,80.93713231441065,80.95702103600964,80.43326278183605,80.63878631591797,1878000
2015-01-22,80.80453783010246,80.8575777967058,80.38685947398282,80.59901428222656,1938400
2015-01-23,80.94374115716099,81.15590096383566,80.91059498099422,81.06970977783203,1436300
2015-01-26,81.11610972024415,81.19566963916428,80.88406627943668,81.04981231689453,2347900
2015-01-27,81.33486845962919,81.43431706042603,81.01663394871252,81.10945129394531,1268000
2015-01-28,81.14261751276038,81.77245033728792,81.12936005734761,81.65974426269531,1367900
2015-01-29,81.45422606424243,81.56693214608346,81.34151998240141,81.46748352050781,1674500
2015-01-30,81.91170326925601,82.14374673707275,81.83214334107531,82.13711547851562,3499000
2015-02-02,81.92769803885042,82.24679549719313,81.80139296048901,82.21355438232422,5684700
2015-02-03,81.80806215269118,81.89448704903668,81.44907930419132,81.54879760742188,2828500
2015-02-04,81.27621937437105,81.6817366536051,81.22968485405971,81.66178894042969,3209500
2015-02-05,81.49558062259564,81.56206284557692,81.34268368225436,81.40251159667969,1789300
2015-02-06,81.07676806916116,81.16318785633824,80.53164732815495,80.55158996582031,2578400
2015-02-09,80.81085516209377,80.8507455096825,80.5117054505264,80.60477447509766,2426900
2015-02-10,80.59149228167854,80.63802680043571,80.36546385351356,80.38540649414062,2580300
2015-02-11,80.4585489068038,80.47184738445708,80.19928438327956,80.43860626220703,2239600
2015-02-12,80.4385498200542,80.73105526058315,80.37207269408297,80.6446304321289,4045600
2015-02-13,80.63137576608511,80.67791028380528,80.31892754487167,80.32557678222656,2068700
2015-02-17,80.21257003000845,80.29234059563528,79.81369691434492,79.95330047607422,2970300
2015-02-18,79.99980635782167,80.43856459922921,79.91338658536891,80.23912811279297,3221900
2015-02-19,80.19920770254869,80.49171306865031,80.13273059349241,80.22579956054688,2765500
2015-02-20,80.45192065606193,80.65135729782438,80.08629357534342,80.3455581665039,1621100
2015-02-23,80.5383171974571,80.62473700677373,80.47848419725122,80.61808776855469,2191400
2015-02-24,80.47849053833504,81.16986428299101,80.30565090608337,81.14327239990234,1891700
2015-02-25,81.05018945079398,81.23632752862233,80.93052853334972,81.21638488769531,2024500
2015-02-26,81.10338297180202,81.20310126032425,80.7311067713274,80.77764129638672,1192200
2015-02-27,80.79757615873466,81.01030612021705,80.64467412147432,80.97042083740234,2892800
2015-03-02,80.89507213721757,80.89507213721757,80.25516446747869,80.26849365234375,4540700
2015-03-03,80.32184951486623,80.50182154585293,80.215195655366,80.22186279296875,4737600
2015-03-04,80.42850082811292,80.43516287996881,80.12187353452512,80.16853332519531,2703200
2015-03-05,80.32182151904837,80.37514843021162,80.07518836906895,80.27516174316406,1307600
2015-03-06,79.78857002937053,79.8618932676836,79.3952954652683,79.42195892333984,3372800
2015-03-09,79.71526463654537,79.77525870202058,79.57528526448425,79.74192810058594,6241000
2015-03-10,80.00189592287263,80.11521692408476,79.84858735120181,79.86858367919922,3356900
2015-03-11,80.03519572846359,80.28182887844301,79.90854558583442,80.27516174316406,1712200
2015-03-12,80.40847774010982,80.46847178939066,80.0418666509679,80.19517517089844,2970700
2015-03-13,79.98853269644181,80.18850606239648,79.92187660296823,79.96853637695312,1845300
2015-03-16,80.26851558929809,80.26851558929809,79.92856788422519,80.04854583740234,1588300
2015-03-17,80.0552117037174,80.23518880169735,79.90856520478127,80.1818618774414,2528800
2015-03-18,80.34850848122205,81.24837875684591,80.22852543876984,81.16838836669922,3382500
2015-03-19,80.97505848702207,81.06171089818264,80.68843271406469,80.75508880615234,2503000
2015-03-20,80.96841367100855,81.12838935322281,80.8950904238405,80.98174285888672,3669300
2015-03-23,81.03507613532369,81.20838610454038,81.0217469464004,81.16838836669922,2946600
2015-03-24,81.24836794871766,81.321691191881,81.1217177858837,81.28836059570312,2782100
2015-03-25,81.32166819547469,81.52164154492287,80.94839003440717,81.02171325683594,3205900
2015-03-26,80.83507369062809,80.90839691722927,80.46846264315607,80.52178955078125,2681800
2015-03-27,80.77508737529385,81.01505338192098,80.67510069161023,80.84174346923828,1009700
2015-03-30,80.93508307301026,81.04839896934806,80.84176350125733,80.98174285888672,981100
2015-03-31,80.9683813153072,81.16168751827284,80.86839464680314,81.12835693359375,1688400
2015-04-01,81.3416081930491,81.65574669841773,81.28145661507804,81.36166381835938,7393500
2015-04-02,81.50203431896425,81.62234259152567,81.2079462972984,81.22799682617188,3013700
2015-04-06,81.54881885161863,81.64907659317419,81.14110777546118,81.3349380493164,3496000
2015-04-07,81.27477349507159,81.63569827013198,81.18788618044077,81.62901306152344,2613500
2015-04-08,81.62896197570633,81.62896197570633,81.34155937724476,81.60222625732422,3933500
2015-04-09,81.58892260868913,81.58892260868913,81.11437472222973,81.18789672851562,1780600
2015-04-10,81.4151138076564,81.47527047284422,81.24801932559532,81.3014907836914,1325000
2015-04-13,81.3082088524793,81.44188245242638,81.2346868427121,81.27478790283203,1710100
2015-04-14,81.57556512542679,81.74933979395878,81.44188641964692,81.4619369506836,2245000
2015-04-15,81.64235138823713,81.7359238746967,81.5153579711914,81.5153579711914,1560900
2015-04-16,81.63567662899769,81.63567662899769,81.254701428426,81.46858215332031,1820500
2015-04-17,81.42184139526607,81.77608106572822,81.30821831215964,81.68919372558594,1625800
2015-04-20,81.66911816629404,81.77605600605874,81.43518176187627,81.4953384399414,1527200
2015-04-21,81.57554612226266,81.60896196643245,81.39508118632978,81.47528839111328,2441600
2015-04-22,81.49532773814315,81.50201294578805,80.93388758031566,80.94725799560547,2106000
2015-04-23,80.96731967638867,81.2680877707035,80.9004828886876,81.15446472167969,1962900
2015-04-24,81.28148416617854,81.4285282057096,81.21464735711578,81.30821990966797,1690200
2015-04-27,81.30818065545543,81.38170263972579,81.08761470264434,81.2480239868164,1564700
2015-04-28,81.02080215236126,81.1277400073457,80.71334880771502,80.76681518554688,1972700
2015-04-29,80.21204732793929,80.305619842467,79.93800989302271,80.09841918945312,3087100
2015-04-30,79.97811528765024,80.21204657176419,79.65060639057114,80.1652603149414,5716000
2015-05-01,79.90387083070192,80.07142633735467,79.6223788067385,79.72290802001953,3462200
2015-05-04,79.76310757723633,79.86364188217426,79.4615046624225,79.46820831298828,2689600
2015-05-05,79.51515572925261,79.54866888221886,79.1197271138749,79.33419799804688,3307400
2015-05-06,79.28723165206576,79.28723165206576,78.87169234416177,78.9923324584961,2105900
2015-05-07,79.09289459572607,79.36098440126601,78.99236027947512,79.30736541748047,3641200
2015-05-08,79.81672879850564,79.91056457491405,79.64247477483143,79.76311492919922,5393700
2015-05-11,79.49503433756755,79.5218438320201,78.87843130532353,78.95885467529297,3882800
2015-05-12,78.71757347845222,79.0727954410258,78.55001797499584,78.84491729736328,3737200
2015-05-13,79.22693029639277,79.27384562492301,78.74436970957471,78.77117919921875,3263600
2015-05-14,78.91859025894591,79.17997626347163,78.82475964775128,79.03923034667969,3094300
2015-05-15,79.2269238884752,79.63575962405211,79.15319907626382,79.5888442993164,1856500
2015-05-18,79.29392498932025,79.40786656061165,78.91860248639023,78.97891998291016,2820500
2015-05-19,78.6170395555363,78.9521505423657,78.55001326746012,78.55671691894531,3562500
2015-05-20,78.67062615880575,78.87169472656508,78.48966853853122,78.65052032470703,2626800
2015-05-21,78.78462139416233,79.05270618256189,78.69748923588186,79.0259017944336,1606900
2015-05-22,78.96554061223901,78.98564645022086,78.75777346857718,78.97224426269531,2858500
2015-05-26,78.99237052322061,79.36099469281474,78.95885737566172,79.3207778930664,2232300
2015-05-27,79.32748975805778,79.45483359589942,79.1465269239261,79.40121459960938,2282700
2015-05-28,79.37441915083504,79.41463084847562,79.21356724688283,79.23367309570312,2901000
2015-05-29,79.42135004871989,79.46826540961388,79.17336593348546,79.26719665527344,2845800
2015-06-01,79.21271320774096,79.30008326628047,78.78257501121276,78.8228988647461,5315800
2015-06-02,78.5473539020368,78.6280016192845,78.35916393060323,78.4196548461914,7084900
2015-06-03,78.25835657017936,78.25835657017936,77.76772738942951,77.91558837890625,3307900
2015-06-04,78.04324710090656,78.41289425588933,78.04324710090656,78.31880187988281,2849100
2015-06-05,77.90215557322932,78.10378001741731,77.62659550022347,77.92231750488281,5548400
2015-06-08,78.01639888421252,78.0970465994002,77.86853790283203,77.86853790283203,2131100
2015-06-09,77.74081147453533,77.74081147453533,77.45181196569261,77.5190200805664,6152300
2015-06-10,77.41152187237456,77.47873001654993,77.24349894810979,77.31070709228516,1959600
2015-06-11,77.65345533655568,78.00966302402703,77.48543245547285,77.99622344970703,2562600
2015-06-12,77.80134586613009,78.1844379755136,77.78118393316043,77.86183166503906,2437900
2015-06-15,78.09704403027062,78.13065066226147,77.7475586447655,77.84837341308594,1827600
2015-06-16,77.93577490913502,78.0433120727539,77.73415041883088,78.0433120727539,2274100
2015-06-17,77.98955197327983,78.09708402093999,77.6064597596163,78.0365982055664,3824200
2015-06-18,77.86182488143096,77.96263966514923,77.64675573573666,77.89543151855469,1853100
2015-06-19,78.11724690143221,78.37936234264937,78.0029873768686,78.31214904785156,5114500
2015-06-22,78.02314837245173,78.13068554070661,77.65350089379803,77.6938247680664,2547700
2015-06-23,77.3509972295567,77.72064955283824,77.3509972295567,77.5190200805664,1238700
2015-06-24,77.58628509019564,77.77446998846312,77.49219264106189,77.73414611816406,2540000
2015-06-25,77.61315240650865,77.7206844130081,77.46529141087572,77.60643005371094,2567500
2015-06-26,77.30397705645208,77.37790754599297,77.10907499601034,77.25021362304688,2285000
2015-06-29,77.43841063458682,78.0231271631503,77.39136441817764,77.92231750488281,5945700
2015-06-30,77.74084557346987,78.08361377561788,77.69379935965762,77.77445220947266,2668600
2015-07-01,77.5318193987867,77.7070644555844,77.52507781982422,77.52507781982422,4088700
2015-07-02,77.71376237644876,77.95640765960351,77.7002792260984,77.82160186767578,1971000
2015-07-06,78.10471455208284,78.23277881513059,77.9092499398636,78.13167572021484,4845100
2015-07-07,78.62365775526509,78.76519994069604,78.36079296199135,78.45515441894531,3627500
2015-07-08,78.5293440846305,78.66414477878911,78.34062105588167,78.56304168701172,3490600
2015-07-09,78.29340844572653,78.32036445973796,77.99684086845318,78.04402160644531,1427800
2015-07-10,77.61265025590136,77.7541924641624,77.38348300753974,77.54524993896484,2740000
2015-07-13,77.2285014215016,77.56550831706515,77.2285014215016,77.37678527832031,3146100
2015-07-14,77.4239561318388,77.51157606224045,77.28241387089008,77.44417572021484,4364200
2015-07-15,77.41725340410171,77.76100200594203,77.35658946621504,77.64641571044922,1923800
2015-07-16,77.53178881845811,77.82161489171338,77.45764690606843,77.76769256591797,2036600
2015-07-17,77.77442112607986,77.92944650121797,77.77442112607986,77.82160186767578,2268200
2015-07-20,77.68006471837938,77.81486537679962,77.61266438916927,77.6396255493164,2805800
2015-07-21,77.51830711808626,77.83509433915928,77.51156554210374,77.8013916015625,2490900
2015-07-22,77.78793049166262,78.01709270169675,77.74074459184948,77.90251159667969,1292900
2015-07-23,77.86881075882411,78.19907606938634,77.78119081913287,78.13167572021484,2007600
2015-07-24,78.25970032209352,78.25970032209352,77.96313276525576,78.09793853759766,2704700
2015-07-27,78.13841618520577,78.30691962689366,78.05753268196148,78.1047134399414,4836700
2015-07-28,77.93617698114055,78.06424118811127,77.84855707981649,78.04402160644531,2755100
2015-07-29,78.0036152203897,78.05753241338344,77.86206780462,77.97665405273438,1569200
2015-07-30,78.03061364010905,78.1317167881671,77.91603247205913,78.01713562011719,2157600
2015-07-31,78.25970883998761,78.46191494935164,78.25296726505815,78.42147064208984,3626900
2015-08-03,78.31332301220735,78.66480466989073,78.29304591846774,78.60397338867188,2942800
2015-08-04,78.40121311942977,78.44177247470509,78.16463836758547,78.20519256591797,3823200
2015-08-05,78.07676731480575,78.07676731480575,77.79287246257317,77.9010238647461,2991600
2015-08-06,77.98887669453583,78.1308215124832,77.95508325613406,78.04971313476562,1750800
2015-08-07,78.16467821887838,78.36745962781214,78.10384689036553,78.32014465332031,2907200
2015-08-10,78.12408516298667,78.19167721338155,77.96861880582985,78.0091781616211,1317600
2015-08-11,78.33367156982422,78.54996936194452,78.28635658895247,78.33367156982422,5011600
2015-08-12,78.33365052474036,78.58374687469806,78.17142851346917,78.21198272705078,5062200
2015-08-13,78.00915602604728,78.17813868255605,77.88072755687934,77.94155883789062,1647500
2015-08-14,77.92132313860469,78.09030588488271,77.84697031768684,78.01595306396484,1693600
2015-08-17,78.27277484986853,78.47555095981507,78.13082486888156,78.2660140991211,3313900
2015-08-18,78.08356550705315,78.16467910293315,77.92134347223868,77.96865844726562,2200900
2015-08-19,77.79968305731845,78.40126143571803,77.73209096612841,78.3471908569336,2600100
2015-08-20,78.37421846513399,78.48236992955343,78.27958851223981,78.39450073242188,1760100
2015-08-21,78.4146957397461,78.6039554473727,78.28626729945364,78.4146957397461,2971100
2015-08-24,78.74596593052365,78.80679724861298,78.15790407093729,78.1984634399414,3966000
2015-08-25,77.96862719285082,78.11057206103182,77.64418325327807,77.79964447021484,2625300
2015-08-26,77.6509591620224,77.88753916115486,77.51577501132796,77.75234985351562,3299400
2015-08-27,77.60365504093672,77.9956963524724,77.52930220057837,77.82671356201172,2957800
2015-08-28,78.21199407796011,78.24579269881315,77.91458271667896,77.96865844726562,1901200
2015-08-31,78.26605306618083,78.28633017157685,77.77262115478516,77.77262115478516,1250200
2015-09-01,77.99970544415672,78.29120464332478,77.85056559732628,78.2437515258789,3856800
2015-09-02,77.93871227210214,78.27088416140191,77.93871227210214,78.12852478027344,1824500
2015-09-03,78.34545292050613,78.59627954367258,78.24376617208715,78.50137329101562,11303000
2015-09-04,78.61655762765994,78.77247271068025,78.48775416360046,78.67756652832031,1648600
2015-09-08,78.47420894643106,78.51488155236123,78.2979523674008,78.31150817871094,1892300
2015-09-09,78.11494651757009,78.52846355042092,78.09460503582203,78.48101043701172,2079100
2015-09-10,78.34540954621195,78.39964313827717,78.20305024604076,78.3250732421875,2566500
2015-09-11,78.35218618381698,78.56233487773177,78.34540569214238,78.37930297851562,2333300
2015-09-14,78.48780878592578,78.51492559575713,78.28444047019462,78.37256622314453,1732500
2015-09-15,78.18953296150907,78.28444438666843,77.71500169572684,77.78279113769531,3090400
2015-09-16,77.8302112797407,77.99291207791573,77.79631915912142,77.92511749267578,2918300
2015-09-17,77.91158447005273,78.59626963965948,77.8844676624245,78.56915283203125,4106700
2015-09-18,78.6911463448167,78.8945145676939,78.636912749916,78.80638885498047,4692400
2015-09-21,78.59625317649964,78.70471521229135,78.37254343942773,78.40644073486328,3209900
2015-09-22,78.67082955660975,78.87419782993912,78.59625963812184,78.74539947509766,4001000
2015-09-23,78.71832428097267,78.78611374124891,78.5895206860448,78.69798278808594,2435200
2015-09-24,78.94877529883289,78.98944792298825,78.69117339251217,78.71150970458984,2378100
2015-09-25,78.46064403445898,78.60300332008612,78.39963512861857,78.47420501708984,2858800
2015-09-28,78.52845184722966,78.74538624420057,78.43354563455523,78.60980224609375,3099400
2015-09-29,78.57593084273726,78.73862651136078,78.51491673450218,78.71150970458984,2267100
2015-09-30,78.55562336990454,78.72509960659728,78.52173122576856,78.69798278808594,4404200
2015-10-01,78.68708509536998,78.80946024304563,78.57151000782244,78.68029022216797,6459600
2015-10-02,79.1018007868566,79.19698088118822,78.87744548439227,79.02701568603516,3480100
2015-10-05,78.80943834508165,78.91141847096289,78.72785839391639,78.81623840332031,7567200
2015-10-06,78.81623263773592,79.01339281683703,78.62587251637603,78.97260284423828,3241200
2015-10-07,79.02703319762549,79.2717835478342,78.80947790709854,79.25138854980469,5884900
2015-10-08,79.25136446128398,79.25136446128398,78.8502491234835,78.93862915039062,2175000
2015-10-09,78.92500762697402,79.05418278943577,78.85702261033467,78.97260284423828,3798800
2015-10-12,79.08138963627643,79.33973481283336,79.08138963627643,79.29214477539062,860400
2015-10-13,79.27852416509388,79.2989191478309,79.02697394184956,79.2309341430664,2147200
2015-10-14,79.43490573322464,79.5504859710584,79.25134566336429,79.54368591308594,1976500
2015-10-15,79.4417195591103,79.50970458984375,79.27855444796495,79.50970458984375,4233500
2015-10-16,79.48932096373238,79.56410606430866,79.42813598340241,79.53691101074219,3055300
2015-10-19,79.5028952872889,79.53688520302353,79.29893504518338,79.53009033203125,2510700
2015-10-20,79.29893854381403,79.44170864481707,79.23775358063759,79.38052368164062,4190100
2015-10-21,79.57768629663018,79.79524148386481,79.57768629663018,79.77484130859375,2497700
2015-10-22,79.7544335910895,80.07396885598092,79.69324863581615,79.94479370117188,2396900
2015-10-23,79.78165108333386,79.82244625191946,79.65248107910156,79.65248107910156,3682800
2015-10-26,79.79521942138672,79.83600938680124,79.63204918588187,79.79521942138672,3771900
2015-10-27,79.99234736590475,80.01274234040228,79.79518730089309,79.81558227539062,2809600
2015-10-28,79.74087229607,79.7884623436629,79.42133689640642,79.50292205810547,4693300
2015-10-29,79.2784959413573,79.29209086270095,78.86378081693522,78.94536590576172,2942100
2015-10-30,78.99296518420483,79.16293024902191,78.91818014073154,79.14933013916016,2664100
2015-11-02,78.95231778911995,79.0068577499517,78.7886823014857,78.80913543701172,6241700
2015-11-03,78.81598663330078,78.8909849615842,78.70008201748647,78.81598663330078,2672700
2015-11-04,78.83643348625299,78.94552384658394,78.71370943173801,78.72734832763672,4176400
2015-11-05,78.78867085251022,78.89776116174754,78.56368119270466,78.74776458740234,3743100
2015-11-06,78.291003008857,78.32508984766444,78.1614594969296,78.23645782470703,4306200
2015-11-09,78.09323887070205,78.27732226665752,78.01824058301702,78.10687255859375,3253200
2015-11-10,78.20237079722446,78.44781893991833,78.11373876858543,78.30464172363281,2228800
2015-11-11,78.27051551955441,78.33869436896697,78.22278980479435,78.29778289794922,910900
2015-11-12,78.2364310424371,78.54323849525154,78.22961159632406,78.27052307128906,3102000
2015-11-13,78.46824256484418,78.53642662460894,78.39324946218713,78.50233459472656,2618900
2015-11-16,78.5500704140942,78.61143503542895,78.4205269259429,78.51598358154297,2558400
2015-11-17,78.37283668217081,78.74782842200983,78.31147723476978,78.59783172607422,3857700
2015-11-18,78.54327253941214,78.68645496128137,78.45464050837859,78.61827087402344,1713300
2015-11-19,78.7273126222381,78.93184915252264,78.70685948938088,78.85003662109375,2890500
2015-11-20,78.8364028930664,78.92504007686752,78.73413722208463,78.8364028930664,2344900
2015-11-23,78.77503075197058,78.91820786990493,78.72730504599245,78.86366271972656,1948100
2015-11-24,78.84327309591154,78.96599718180937,78.80236680118426,78.89099884033203,1659500
2015-11-25,78.91827004499578,79.02736043129846,78.87054430141733,78.96599578857422,609600
2015-11-27,79.02732475780998,79.08868417112022,78.99323272705078,78.99323272705078,409200
2015-11-30,78.98642463746936,79.05460350707712,78.95233780352262,79.02733612060547,4925000
2015-12-01,79.06764023052123,79.6351453024244,79.01293981518916,79.62146759033203,5961700
2015-12-02,79.45739629772373,79.53944694626607,79.34800064952098,79.43004608154297,6138300
2015-12-03,79.0266310009601,79.10184278073528,78.32921362786644,78.3770751953125,4515400
2015-12-04,78.4864980560185,78.82152912209979,78.4864980560185,78.80101776123047,3120500
2015-12-07,78.78048693513495,79.19756855816127,78.75997557933361,78.937744140625,3094600
2015-12-08,79.04030860026369,79.04714745791726,78.78048939114723,78.83518981933594,3754100
2015-12-09,78.74627858115653,78.91721345966899,78.58218255840974,78.81465148925781,3394600
2015-12-10,78.82833576073729,78.95140909216894,78.63005065917969,78.63005065917969,4722600
2015-12-11,78.82151561617295,78.91040512007034,78.50015710689506,78.76681518554688,7949600
2015-12-14,78.52751596137216,78.63007797594929,78.06941154165118,78.1856460571289,6442800
2015-12-15,77.99418922154565,78.3770817933473,77.90530493638315,78.19247436523438,3822600
2015-12-16,78.15825299489413,78.37704940501162,77.74117152302672,78.17876434326172,2540900
2015-12-17,78.39762007605133,78.45231530394022,78.17881829840978,78.26770782470703,2327500
2015-12-18,78.30189169007241,78.46599302330357,78.24035760250185,78.26770782470703,2566200
2015-12-21,78.46597241178166,78.56169555609443,78.26084840738565,78.3223876953125,3026000
2015-12-22,78.24035999596349,78.3497556716093,78.14463682357778,78.2198486328125,2204900
2015-12-23,78.13777680068956,78.30187287797499,78.08991522745964,78.28820037841797,1923200
2015-12-24,78.39925619161411,78.54325103759766,78.30326311511197,78.54325103759766,920100
2015-12-28,78.41298013808672,78.55011162327817,78.31012890857771,78.447265625,2422500
2015-12-29,78.35809293243175,78.42665864657228,78.03582832161969,78.04268646240234,2965700
2015-12-30,78.00840098971774,78.20039231303137,77.98097888904447,78.04268646240234,1890600
2015-12-31,78.28272358194046,78.35128934381999,78.16616126362204,78.17301940917969,1228200
2016-01-04,78.26900319372511,78.44727833835036,78.09072804909987,78.13186645507812,8333700
2016-01-05,78.22786887994391,78.32386722405403,78.10445364730016,78.17301940917969,4474300
2016-01-06,78.4952836738281,78.52956393890254,78.37186321084911,78.4815673828125,4522400
2016-01-07,78.55696209228496,78.63238597114098,78.33754859867574,78.54325103759766,4820000
2016-01-08,78.52272890970835,78.79699726720712,78.46787942319564,78.60501098632812,4363500
2016-01-11,78.50212800969618,78.58441005310146,78.32385809583228,78.35128021240234,4161500
2016-01-12,78.37184794767883,78.79010581124875,78.37184794767883,78.52954864501953,2616600
2016-01-13,78.65985757465671,78.85184383569413,78.53643708809935,78.76956176757812,5649800
2016-01-14,78.78327006600516,78.79698112701641,78.34444287638675,78.37872314453125,4735300
2016-01-15,78.39923929135452,78.5020904886442,78.15240374158019,78.2621078491211,5977900
2016-01-19,78.19357908781058,78.24843378312383,77.89874163954143,77.9124526977539,3374300
2016-01-20,78.05642906976743,78.12500004285884,77.83016264475046,78.02900695800781,6175300
2016-01-21,78.03587424530518,78.15929469588187,77.72732573447932,77.80274963378906,3928300
2016-01-22,77.7753298775077,78.00160159752365,77.72047517606768,77.85075378417969,2932000
2016-01-25,77.61074719675264,77.96729218427554,77.61074719675264,77.76844787597656,2485200
2016-01-26,77.83016095357112,78.01528897569521,77.78216441218852,77.98786163330078,4002200
2016-01-27,77.84388007853303,77.96730051648655,77.62446654786359,77.77531433105469,2535900
2016-01-28,77.66559660977312,77.99471948604915,77.66559660977312,77.86444091796875,4187100
2016-01-29,78.3170090075673,78.3170090075673,78.09759543101215,78.26901245117188,2022700
2016-02-01,78.04688722675732,78.11565601501604,77.78556373268526,78.01937866210938,8696800
2016-02-02,78.15004619434427,78.21881498538528,77.96436993386129,78.16380310058594,5881200
2016-02-03,78.06751453206272,78.35635182712133,77.87495983317166,77.97123718261719,3732100
2016-02-04,78.04688308519084,78.17754744865427,77.93685407916003,78.00562286376953,3367500
2016-02-05,77.90245530748474,78.05374975882745,77.79242631805805,77.99185943603516,4334400
2016-02-08,78.15691254127375,78.45262301899594,78.05375674732944,78.3976058959961,3265200
2016-02-09,78.16378154064675,78.45261353138385,78.1156376288029,78.12939453125,3346900
2016-02-10,78.21880666723956,78.34947102902774,78.13628622545492,78.2256851196289,3738300
2016-02-11,78.39762349000588,78.7345942622402,78.32885469418378,78.48702239990234,5333600
2016-02-12,78.17065325666731,78.2806874872649,77.82680415613119,78.04686737060547,4180600
2016-02-16,78.07438812875071,78.07438812875071,77.6273831788572,77.67552185058594,4972200
2016-02-17,77.64116319425045,77.80620936834578,77.4829902276468,77.65491485595703,5008100
2016-02-18,77.8405902260395,78.31509859481262,77.76494297583803,78.28759002685547,3810700
2016-02-19,78.26006013332398,78.37696757240519,78.10188723295681,78.23255157470703,3587300
2016-02-22,78.30819612642118,78.42510356151213,78.24630055996539,78.39071655273438,4556800
2016-02-23,78.22569296102529,78.6039291795258,78.08815537978279,78.54891204833984,2832100
2016-02-24,78.74148788338992,78.96155122044398,78.58331490048053,78.62458038330078,3402200
2016-02-25,78.79651047779446,79.16098991311216,78.79651047779446,79.06471252441406,4531800
2016-02-26,79.0233806115812,79.05776236394689,78.78956056058523,79.0371322631836,5422500
2016-02-29,78.98214410470999,79.1334385613721,78.93400543638307,79.09217834472656,5231900
2016-03-01,79.39221328849105,79.39221328849105,78.57145986010948,78.66112518310547,8301800
2016-03-02,78.59211282772503,78.83351449437349,78.50245280945789,78.81971740722656,3519600
2016-03-03,78.8266480500932,79.24736992459965,78.81974950371055,79.19219207763672,3614600
2016-03-04,79.13701974258944,79.19219759339553,78.93700397995447,79.17840576171875,2040600
2016-03-07,78.96454788551688,79.28871099662659,78.96454788551688,79.26802062988281,3616900
2016-03-08,79.84743440361173,79.90951081444574,79.62672821563083,79.68880462646484,3279800
2016-03-09,79.45429316285333,79.68879642334686,79.44050132967138,79.59913635253906,3205800
2016-03-10,79.94397287351508,80.06811513160727,79.59222068944047,79.93017578125,4459000
2016-03-11,80.21295372072547,80.26812630049605,79.9853490697577,80.15777587890625,4603500
2016-03-14,80.30259004110619,80.4198389737934,80.15085365195941,80.39225006103516,2997400
2016-03-15,80.57850553026528,80.57850553026528,80.27503263287156,80.36469268798828,6599400
2016-03-16,80.24744214906863,80.77851970918212,80.18537101874445,80.75093078613281,3975400
2016-03-17,80.75089634468634,81.17161803315858,80.75089634468634,80.99919128417969,3341900
2016-03-18,81.28888956464841,81.32337702885329,81.04059455610839,81.18543243408203,3315200
2016-03-21,81.04751694549667,81.27511638524446,80.9854405440747,81.08889770507812,2948600
2016-03-22,81.24754346007244,81.24754346007244,80.88889262279164,80.93717193603516,3762900
2016-03-23,81.1026839137408,81.34408569335938,80.90956669968548,81.34408569335938,5338700
2016-03-24,81.56477914275891,81.56477914275891,81.24751444587804,81.30958557128906,2601500
2016-03-28,81.34408780675936,81.51651464693848,81.28890995501014,81.35787963867188,3274500
2016-03-29,81.57859651488495,81.79930268886505,81.4613475110315,81.72343444824219,3758500
2016-03-30,81.72344309290129,81.72344309290129,81.51653399281147,81.62688446044922,3877600
2016-03-31,81.64756160053086,81.97862347384549,81.58549045918747,81.95103454589844,7853500
2016-04-01,82.06307123416968,82.27747790425934,81.74491752872284,82.2152328491211,6809800
2016-04-04,82.23595031012854,82.24978078047737,82.06995828198552,82.22211456298828,4138700
2016-04-05,82.09072799591675,82.4918750619571,82.00081144647216,82.4849624633789,6944700
2016-04-06,82.35358216986778,82.42966299901484,82.24292250361427,82.41583251953125,4793600
2016-04-07,82.60945688353797,82.67861980607205,82.47804363696828,82.63712310791016,3591900
2016-04-08,82.56794827511533,82.57486614985078,82.40195621901069,82.45037078857422,2060900
2016-04-11,82.36737776020811,82.54028770288397,82.29130224008001,82.4434585571289,1998600
2016-04-12,82.2221194112588,82.33278428774052,82.0353790281856,82.11837768554688,3553400
2016-04-13,82.14606126986152,82.41580566143762,82.09764669225414,82.40196990966797,2502200
2016-04-14,82.42964022488232,82.46422432922859,82.24289978107545,82.34664154052734,1864000
2016-04-15,82.51265176962839,82.73397635227708,82.4019868399069,82.69247436523438,3789500
2016-04-18,82.54028575613076,82.78236389160156,82.54028575613076,82.78236389160156,2827400
2016-04-19,82.81001393480676,82.94142187424636,82.69934906286653,82.93450927734375,2577100
2016-04-20,83.03825237829969,83.2664947228745,82.68551996591127,82.70626831054688,3040900
2016-04-21,82.76163134510084,82.78237969740726,82.53338891614288,82.67171478271484,3579500
2016-04-22,82.93452186954295,82.93452186954295,82.68553114666396,82.76161193847656,1651800
2016-04-25,82.7754796560266,82.78239753388381,82.5126583421944,82.56798553466797,2923600
2016-04-26,82.65095610064483,82.65095610064483,82.38813487628823,82.53337860107422,3286600
2016-04-27,82.71318590105619,83.05900573730469,82.59560842316176,83.05900573730469,3091100
2016-04-28,82.92762776646634,83.18353116065364,82.87229530623358,83.13511657714844,3503200
2016-04-29,83.05212663323813,83.28728168386061,82.89304712262158,83.22503662109375,2924600
2016-05-02,83.18688106356166,83.25623659545361,83.06204851367403,83.1175308227539,6771200
2016-05-03,83.24934617190615,83.38804673047458,83.15225472269081,83.26321411132812,3732700
2016-05-04,83.22154969768222,83.2284863083271,83.02736692829434,83.12445831298828,4228200
2016-05-05,83.19381741842827,83.3117133565463,82.95802554219217,83.29090881347656,4466000
2016-05-06,83.25620751878803,83.25620751878803,83.00654250620659,83.11056518554688,3045000
2016-05-09,83.18690222107917,83.18690222107917,82.95111028414534,83.02739715576172,6202800
2016-05-10,83.08979743021051,83.20076205873625,82.99270602579283,83.16608428955078,5469900
2016-05-11,83.11062130133212,83.38802764606818,83.04820765158662,83.25626373291016,3416600
2016-05-12,83.29089064221236,83.29089064221236,82.99267991074235,83.08283996582031,2681900
2016-05-13,83.1591615391171,83.26318427522487,83.06900144637669,83.23544311523438,4328100
2016-05-16,83.23542402540227,83.23542402540227,82.94414984893298,82.95802307128906,2968400
2016-05-17,82.95102608492488,83.08279514598051,82.88167589687251,82.93022155761719,3386000
2016-05-18,82.84012654337197,82.84012654337197,82.13968221610544,82.222900390625,7022100
2016-05-19,82.26450009168529,82.472550781949,82.26450009168529,82.41706848144531,5759900
2016-05-20,82.47950130876983,82.52111039562645,82.31305967025905,82.47256469726562,2977700
2016-05-23,82.47256469726562,82.51417907520654,82.32692760218316,82.47256469726562,2842000
2016-05-24,82.52112377577615,82.52112377577615,82.22291292575447,82.33387756347656,3498100
2016-05-25,82.34079933582505,82.50030435994654,82.31998950168887,82.47949981689453,4793800
2016-05-26,82.50034459342274,82.84016464152414,82.50034459342274,82.71533203125,4858600
2016-05-27,82.72225095532502,82.81241105468361,82.54887266097161,82.65290069580078,2762800
2016-05-31,82.52803046850069,82.8747868990406,82.46561685072345,82.79850006103516,3170400
2016-06-01,82.95427445398306,83.05163820239972,82.78736592897256,82.8569107055664,5528700
2016-06-02,82.9543199313739,83.17686652203498,82.9195501769786,83.02386474609375,2709400
2016-06-03,83.48978900397071,83.69146728515625,83.40633207987791,83.69146728515625,2998800
2016-06-06,83.67063019072147,83.67063019072147,83.46894654139514,83.48981475830078,6401500
2016-06-07,83.67756369163445,83.767971383458,83.58019992938536,83.61497497558594,3663400
2016-06-08,83.71931617263158,83.90013691980948,83.68454642128157,83.89318084716797,2478800
2016-06-09,84.0878991834572,84.1296250002257,83.9627164272238,84.01139831542969,2885400
2016-06-10,84.08088465280142,84.25474917635728,84.0669725195994,84.10870361328125,4209200
2016-06-13,84.25476404674471,84.25476404674471,83.92789783582217,83.98353576660156,3979900
2016-06-14,84.09480836118192,84.16435312337977,83.76794214233425,83.79576110839844,6301100
2016-06-15,84.08088465280142,84.21301808267543,83.90702012924555,84.10870361328125,5589500
2016-06-16,84.0948604667959,84.33131917188993,84.0531346448087,84.23395538330078,4550700
2016-06-17,84.20608218379401,84.20608218379401,83.93485390365088,83.98353576660156,2673200
2016-06-20,83.92793145520531,83.94183829050831,83.78884187846622,83.8792495727539,4549700
2016-06-21,83.94878764005612,83.99051344855177,83.74015329165105,83.80274200439453,4396400
2016-06-22,83.82362593588867,83.96272084231096,83.80276302640736,83.95576477050781,4090400
2016-06-23,83.90708950896007,83.94185925886657,83.80276964738341,83.872314453125,3942700
2016-06-24,84.0670084463746,84.49819455919703,84.0670084463746,84.26869201660156,5294900
2016-06-27,84.56079617388954,84.83898063410693,84.56079617388954,84.6233901977539,7323900
2016-06-28,84.72772694184289,85.11718208031056,84.7207708698193,85.08936309814453,5555700
2016-06-29,85.20759964889665,85.32583166326026,84.99896521741114,85.06155395507812,5325800
2016-06-30,85.15194606410729,85.43012523774549,85.0545822921484,85.36058044433594,5398300
2016-07-01,85.76571219939748,85.89123341768882,85.6053272273036,85.80755615234375,4396300
2016-07-05,86.09349661493546,86.17717923386675,85.9121869340556,86.10047149658203,4415000
2016-07-06,86.21898377007747,86.29569147701227,86.05162391870779,86.25385284423828,6770300
2016-07-07,86.21204148338109,86.37243183677266,86.09349509885621,86.26782989501953,2597100
2016-07-08,86.50486441355272,86.76287631728985,86.37236836334921,86.74893188476562,3835300
2016-07-11,86.66531409923306,86.80478513007006,86.51189862545026,86.52584838867188,3000200
2016-07-12,86.35147199883153,86.3584415568096,86.03069676282271,86.03766632080078,4363000
2016-07-13,86.39331769265627,86.51186403125678,86.28174623287747,86.37239837646484,3738500
2016-07-14,85.93312060962944,86.24692115311605,85.91917084487034,86.16323852539062,7254900
2016-07-15,85.96100100537615,86.12139136260036,85.77272176194205,85.83547973632812,4442600
2016-07-18,86.05863338821429,86.08652227442417,85.65417537458445,85.83547973632812,4737300
2016-07-19,86.0586526817331,86.0586526817331,85.78668543759338,85.9889144897461,7196300
2016-07-20,85.90522306850715,85.98890037271069,85.73088825771485,85.96100616455078,3676800
2016-07-21,85.68905285090496,86.08653604643322,85.6332697492852,86.05864715576172,3570100
2016-07-22,85.89126501833091,86.19809595821368,85.84245148882917,86.00981140136719,3748200
2016-07-25,86.13534097534308,86.13534097534308,85.91219263033999,85.96100616455078,3295600
2016-07-26,86.16323328217882,86.16323328217882,85.75180569152035,85.87732696533203,4929300
2016-07-27,86.04466378293108,86.28873138305472,85.91216766274626,86.23294830322266,5976800
2016-07-28,86.04465193948111,86.2050422376427,85.94702491286934,86.14925384521484,5276100
2016-07-29,86.12139425879899,86.49795807860662,86.12139425879899,86.46308898925781,4226100
2016-08-01,86.22046650430723,86.30436767863179,85.96177521743466,85.97576141357422,4827700
2016-08-02,85.59822231235631,85.76601934287358,85.37449116027616,85.49334716796875,4526700
2016-08-03,85.668131232261,85.75203240866547,85.42342613546177,85.60520935058594,6037600
2016-08-04,85.89188005297653,86.15756449920754,85.80798419346961,85.96878814697266,3413100
2016-08-05,85.90582177587828,85.96874363793161,85.58420870121043,85.6191635131836,3888300
2016-08-08,85.53530506065522,85.8359443313791,85.458402302258,85.67514038085938,4161300
2016-08-09,85.91285102445184,86.22048338971769,85.82196206842873,86.17853546142578,4259100
2016-08-10,86.41622467584526,86.50012584444052,86.19249356042845,86.4232177734375,6338800
2016-08-11,86.48612340950855,86.52807665301377,86.03866126269617,86.13654327392578,4227600
2016-08-12,86.52812957763672,86.73787458677444,86.47219544153086,86.52812957763672,6585200
2016-08-15,86.43018479388654,86.44416565068227,86.26238250732422,86.26238250732422,2980700
2016-08-16,86.36032024328104,86.36731334327663,86.07366715353037,86.10862731933594,4526300
2016-08-17,86.17147768460786,86.4581358705719,86.1225366936101,86.34626770019531,4566900
2016-08-18,86.51412279062161,86.65395809761264,86.34632575640391,86.55607604980469,4237900
2016-08-19,86.37426371124103,86.48612658496654,86.17849968159406,86.29735565185547,5272100
2016-08-22,86.58401032129383,86.67490457555837,86.44418039281433,86.59100341796875,5221000
2016-08-23,86.73085706336555,86.85670615933896,86.62598192769254,86.68890380859375,5398800
2016-08-24,86.81473530035285,86.87066940592565,86.62596436175701,86.6329574584961,3871200
2016-08-25,86.63995356591295,86.74482869042066,86.52809067816301,86.54906463623047,3679300
2016-08-26,86.73085304918017,87.01051295246998,86.22046359075186,86.27639770507812,3388100
2016-08-29,86.55605556648072,86.87067559795611,86.49312835968348,86.76580047607422,2668000
2016-08-30,86.75181268088222,86.76579354006938,86.56303640975142,86.6539306640625,10626500
2016-08-31,86.7029044852835,86.73087154841186,86.53510210651338,86.61900329589844,5300000
2016-09-01,86.35962683650213,86.66104458661914,86.27551373748258,86.61898803710938,10146300
2016-09-02,86.62597784386321,86.63298370172778,86.28950948695581,86.46475219726562,4155700
2016-09-06,86.54890549699748,86.8503232941012,86.34562322937076,86.76620483398438,6387400
2016-09-07,86.88530773359321,86.94839787145001,86.64698028564453,86.64698028564453,2983400
2016-09-08,86.39469006501022,86.4998368020292,85.98812553412903,86.03719329833984,4632300
2016-09-09,85.59556279507036,85.78482259771171,85.34321282622598,85.39228057861328,8136000
2016-09-12,85.32217713746007,85.56050467177378,85.20301337030321,85.39928436279297,5164100
2016-09-13,85.51146147021961,85.51146147021961,84.8525522845722,85.1189193725586,13637100
2016-09-14,85.16097300622195,85.32219870393845,85.06283748517184,85.17499542236328,4444000
2016-09-15,85.16093731781821,85.3081405377049,84.9576551528368,85.23103332519531,3441100
2016-09-16,85.34322544192732,85.39229320156797,85.1679826792129,85.32920837402344,6832400
2016-09-19,85.38528345395238,85.45538483862484,85.24509138057704,85.3011703491211,5997100
2016-09-20,85.50446738415755,85.66568776161823,85.38529821839904,85.41333770751953,5026100
2016-09-21,85.43435518097026,85.86895918538724,85.25210654671785,85.84793090820312,4651400
2016-09-22,86.02315965950356,86.29653791430411,86.00913724500991,86.19840240478516,8544300
2016-09-23,86.19140917389763,86.24748814759995,86.10729071334416,86.13533020019531,6284600
2016-09-26,86.18435997008552,86.36661388027724,86.14931463796057,86.26847839355469,5027000
2016-09-27,86.45774140677004,86.52784276961722,86.26848163183878,86.47877502441406,4571800
2016-09-28,86.56289055055379,86.57691296271295,86.39465904052683,86.53485107421875,8094600
2016-09-29,86.35259078654383,86.52783347887923,86.27548357407765,86.49979400634766,5409100
2016-09-30,86.53487904311316,86.53487904311316,86.10728624977249,86.34561920166016,5224600
2016-10-03,86.389176997264,86.41026038396254,86.10102844238281,86.10102844238281,5555900
2016-10-04,86.04479867308459,86.14319138129848,85.70042419433594,85.70042419433594,6890100
2016-10-05,85.77069514696876,85.84800446150224,85.51065423790162,85.60904693603516,4168600
2016-10-06,85.60902876923444,85.83392708324331,85.49658229322938,85.61605834960938,5909300
2016-10-07,85.73557685122772,85.88316594017581,85.5247375935882,85.81991577148438,2545900
2016-10-10,85.81991577148438,85.82694535533945,85.58095817842455,85.81991577148438,2246100
2016-10-11,85.56689499069122,85.74962661687758,85.524728216187,85.55284118652344,3416600
2016-10-12,85.60203304469323,85.69339617198375,85.44741439697037,85.665283203125,2327800
2016-10-13,85.81289650027958,85.97454477636406,85.78478352348218,85.87615203857422,4204300
2016-10-14,85.6441744152846,85.81284681640902,85.46847243353027,85.47550201416016,2208900
2016-10-17,85.60204715022624,85.79180301879015,85.60204715022624,85.75666046142578,2698800
2016-10-18,85.68638203144097,85.9675064086914,85.6793578094608,85.9675064086914,2944100
2016-10-19,85.91127821554474,86.14320622286502,85.8550576311652,86.0799560546875,5010500
2016-10-20,86.2837720274889,86.2837720274889,86.03779019661182,86.05184936523438,2646800
2016-10-21,86.10805266328187,86.15022479867963,85.95343937349236,86.10102844238281,3502500
2016-10-24,86.12912093102159,86.12912093102159,85.7566281939213,85.85502624511719,3816500
2016-10-25,85.80586288876938,85.94642776615973,85.72855890870696,85.79180908203125,6611600
2016-10-26,85.65823268448747,85.68634564647508,85.42631013158847,85.43333435058594,10256000
2016-10-27,85.2646445262786,85.2646445262786,84.84999048614843,85.0467758178711,11643100
2016-10-28,85.00465350579583,85.13818878570083,84.92734417132463,84.94843292236328,5629800
2016-10-31,85.15223199087076,85.18033959631748,84.99761335091237,85.02572631835938,5377300
2016-11-01,84.86223550794884,85.03135246539304,84.6860704425729,84.91860961914062,9303000
2016-11-02,84.98206420290578,85.13004227840332,84.91864733174977,85.04548645019531,4798100
2016-11-03,84.91862605307982,84.98909101764075,84.81292591817233,84.8763427734375,6320500
2016-11-04,85.00319629219294,85.19345764255601,85.00319629219294,85.13003540039062,4242900
2016-11-07,85.03840375117126,85.1018205965335,84.95384258122357,85.07363891601562,4352400
2016-11-08,85.0454818816883,85.10889874943766,84.79180365842441,84.88340759277344,3632400
2016-11-09,84.18577313050476,84.34079926815694,83.50929983758492,83.63613891601562,9216200
2016-11-10,83.50932033077007,83.91097661501179,83.4388553534902,83.56568908691406,9063900
2016-11-11,83.53043429815678,83.60794736281649,83.16400792410509,83.20629119873047,6011900
2016-11-14,82.67073574516735,83.15695301115268,82.57208374571101,82.77643585205078,7148700
2016-11-15,82.91036036760904,83.18517754364584,82.84693812445191,83.0301513671875,4840300
2016-11-16,82.93147462411484,83.1921955012969,82.90328756623244,83.14991760253906,5417800
2016-11-17,82.94555725393268,82.99488325631107,82.52981028761933,82.62141418457031,6106200
2016-11-18,82.73417584116041,82.76235752469822,82.10702317173987,82.1563491821289,9801400
2016-11-21,82.29732568565117,82.41006860464704,82.15639031673808,82.24095153808594,5077200
2016-11-22,82.5157484112188,82.52279652195767,82.29025725277427,82.45233154296875,3693100
2016-11-23,81.95198798535407,82.27613105031341,81.76877481780976,82.1492919921875,6098300
2016-11-25,82.353658599817,82.353658599817,82.06474527030123,82.1563491821289,876100
2016-11-28,82.42410031512082,82.56503019759153,82.35363537388547,82.52980041503906,3125200
2016-11-29,82.47345350565142,82.67075755661983,82.41003127433605,82.64257049560547,3926200
2016-11-30,82.13519264375904,82.39591885777564,82.07882391262179,82.3324966430664,11333400
2016-12-01,81.94885584851633,82.07604000642796,81.68035296472613,81.87113189697266,11597800
2016-12-02,82.07603602607223,82.45052119766261,82.07603602607223,82.24561309814453,7533500
2016-12-05,82.16080567533035,82.57768907585219,82.04068883089876,82.4222412109375,4107500
2016-12-06,82.45757693816164,82.51410442155404,82.39398756241332,82.4151840209961,9040100
2016-12-07,82.6059710657162,82.86033398451949,82.57064003742677,82.76141357421875,8069200
2016-12-08,82.54235805536909,82.5635545113562,82.36571373446728,82.4222412109375,5941700
2016-12-09,82.34449468998794,82.45754422116012,81.99827342540667,82.10425567626953,8875100
2016-12-12,82.00534621058539,82.11840114753399,81.87110021140406,82.02654266357422,7302800
2016-12-13,82.3657139786568,82.3657139786568,82.06188553017465,82.21026611328125,6232700
2016-12-14,82.57769742402625,82.57769742402625,81.66621198913566,81.68740844726562,6133700
2016-12-15,81.84993219888682,81.99831821265361,81.65209136820886,81.74394989013672,9352800
2016-12-16,81.87109959672547,81.96295268923951,81.64499511528196,81.6803207397461,7852000
2016-12-19,82.10428526641464,82.11841983212733,81.92764093030723,82.0760269165039,5777400
2016-12-20,81.91349311738173,82.05480639781138,81.8357691959186,82.02654266357422,3750000
2016-12-21,82.04772264691803,82.30209079652364,82.04772264691803,82.28795623779297,4199600
2016-12-22,82.18029851969874,82.33617201159512,82.10944840670506,82.29366302490234,3773400
2016-12-23,82.357434721363,82.45662597055345,82.34326685955766,82.42120361328125,1291700
2016-12-27,82.25821138176092,82.307806987008,82.18736128933874,82.27238464355469,2542800
2016-12-28,82.42122149048205,82.66919966724475,82.2795158141042,82.57709503173828,1731700
2016-12-29,82.74709482160426,82.99507287365054,82.65499023242026,82.89588165283203,3309500
2016-12-30,82.89588226902804,83.15094695460479,82.8604545161083,83.0234146118164,2388400
2017-01-03,82.86045859129763,83.17929216670734,82.55579827995935,83.09426879882812,5822600
2017-01-04,83.27139243513719,83.37767028808594,83.12969223488297,83.37767028808594,4999200
2017-01-05,83.4627364738093,83.84532829189548,83.39896756711566,83.8240737915039,7071100
2017-01-06,83.51228269862293,83.59021942429223,83.33515475946827,83.38475036621094,4496000
2017-01-09,83.61151365024794,83.65402264608332,83.51232238961984,83.54774475097656,3561400
2017-01-10,83.54775695347567,83.58318472552506,83.44147904284658,83.49816131591797,4259600
2017-01-11,83.53354390874834,83.88071318388529,83.38475707654679,83.62564849853516,7133600
2017-01-12,83.90202018069503,83.90910681681085,83.61153296618107,83.61861419677734,3922600
2017-01-13,83.4768732296254,83.58315109749567,83.17221289133958,83.44853210449219,4045300
2017-01-17,83.90905908600607,83.98699582238791,83.67524887686055,83.80986785888672,8443000
2017-01-18,83.56897421796481,83.61148860658439,83.19346378584459,83.25723266601562,6026200
2017-01-19,83.10845781276026,83.14388016861882,82.83921979954444,82.97383880615234,3371300
2017-01-20,82.9879853980114,83.15094549085083,82.82503071068804,83.12260437011719,4570600
2017-01-23,83.27852533376043,83.63986807233046,83.1226517835726,83.5052490234375,8747800
2017-01-24,83.37059175612896,83.43436063630001,83.13678153802958,83.25723266601562,5129700
2017-01-25,83.01634464560544,83.07302689944946,82.79670766885643,82.93840789794922,5886400
2017-01-26,82.93840641655329,83.07302541564904,82.76836506357566,83.03759765625,4033200
2017-01-27,83.14388930749747,83.1934849355648,83.05178468552046,83.13680267333984,3816700
2017-01-30,83.10137217920567,83.13679453549041,82.9667531709781,82.9950942993164,3651000
2017-01-31,83.02342938953043,83.29266198088732,82.95257927659621,83.14387512207031,4982500
2017-02-01,82.9634406365578,83.15525844495036,82.78583436514194,83.04158782958984,3626900
2017-02-02,83.21915289020885,83.32571768430927,83.03444094177549,83.06285858154297,7145600
2017-02-03,83.3044391527266,83.42521010499495,82.97764429476436,83.1552505493164,5243200
2017-02-06,83.4252118470636,83.49625326634533,83.24049982084077,83.41810607910156,4494500
2017-02-07,83.41811527790118,83.70939217522316,83.32576196466209,83.5602035522461,3228900
2017-02-08,83.83723431817164,83.92958759330284,83.71645797978626,83.8514404296875,6287200
2017-02-09,83.85148646951814,83.85148646951814,83.4607558570166,83.51758575439453,4692700
2017-02-10,83.36836200803954,83.56017976878033,83.30442636786722,83.4962387084961,4881600
2017-02-13,83.41100959792837,83.46073913574219,83.30444475400931,83.46073913574219,3723500
2017-02-14,83.48915374290164,83.48915374290164,82.98475258212817,83.2618179321289,4404100
2017-02-15,83.08418251281405,83.1978530883789,83.027352645143,83.1978530883789,3632700
2017-02-16,83.34705906223853,83.5246653085713,83.26891188024311,83.43231201171875,4037700
2017-02-17,83.73067682603664,83.73778259247094,83.56727671871796,83.64542388916016,3104800
2017-02-21,83.52466724127933,83.77331490787627,83.47493770795995,83.68096160888672,3656200
2017-02-22,83.86565702194281,83.95090453640448,83.50333882514607,83.74488067626953,4259100
2017-02-23,83.94380170054825,83.97931969048332,83.86565453453515,83.9580078125,4247900
2017-02-24,84.27061978575664,84.44822604489194,84.14274306237472,84.38428497314453,5388800
2017-02-27,84.37008343608254,84.37008343608254,84.15695374550833,84.18537139892578,5083400
2017-02-28,84.27062804284324,84.38429324136838,84.18537507886431,84.2422103881836,4290600
2017-03-01,83.77991306926106,83.78703812750055,83.6231943969544,83.74429321289062,6524600
2017-03-02,83.66586180952376,83.68723696583034,83.52339337641405,83.61599731445312,4687900
2017-03-03,83.71572935007602,83.7228544024374,83.43791209102974,83.70148468017578,4926300
2017-03-06,83.68730510278677,83.70154978376661,83.4949665831849,83.55195617675781,3464400
2017-03-07,83.35249456550987,83.4379735174854,83.0604269867227,83.13878631591797,5999600
2017-03-08,82.97494892293928,82.97494892293928,82.7469959905202,82.88233947753906,7933300
2017-03-09,82.62588102750554,82.6472507629552,82.39080850273352,82.43354797363281,5497200
2017-03-10,82.68282275915207,82.68282275915207,82.46199504087545,82.64008331298828,4789100
2017-03-13,82.56173218479702,82.63296641370624,82.36227416992188,82.36227416992188,3171600
2017-03-14,82.4264229168743,82.49053755804914,82.36943333245796,82.43354797363281,3598500
2017-03-15,82.6614584155844,83.20996793806628,82.56885446459536,83.14585876464844,7841600
2017-03-16,83.15301936870576,83.16013899002512,82.98917568632801,83.02479553222656,3116900
2017-03-17,83.16727566742344,83.28837446467939,83.11741113709299,83.2171401977539,4440500
2017-03-20,83.24565418445552,83.43798729298092,83.21715938415038,83.40949249267578,2939600
2017-03-21,83.41653933417058,83.68011191372814,83.36667483909994,83.61599731445312,5032300
2017-03-22,83.85111216256516,83.91522679016352,83.68014888034413,83.82974243164062,3905800
2017-03-23,83.88671471691188,83.90095938965116,83.6658815282758,83.77273559570312,4504900
2017-03-24,83.7157338219111,83.92944192558811,83.7157338219111,83.85820770263672,3158300
2017-03-27,84.12181774332882,84.12181774332882,83.91524002193528,84.03633880615234,3492100
2017-03-28,84.0078012012815,84.12177487103915,83.8368379792336,83.85820770263672,4834900
2017-03-29,84.00071293618157,84.12893676757812,83.92947868203355,84.12893676757812,3457100
2017-03-30,84.00784061815547,84.08619993061541,83.8724917266655,83.90811157226562,2667700
2017-03-31,83.96510414745647,84.01496867218074,83.90811456639287,83.99359893798828,5772300
2017-04-03,84.02789365032093,84.3707504272461,84.00646612354878,84.3707504272461,3713700
2017-04-04,84.27787784175324,84.30644968965058,84.14930725097656,84.14930725097656,3016200
2017-04-05,84.19932601760483,84.33504096399827,84.07075539721212,84.2564697265625,6753900
2017-04-06,84.34214340692562,84.37071524721608,84.14928484734526,84.33499908447266,2012600
2017-04-07,84.52787123687264,84.59930357845168,84.10644875907359,84.12787628173828,2121700
2017-04-10,84.27788222556632,84.3921696231005,84.22074397632228,84.28502655029297,2766200
2017-04-11,84.47071468856946,84.72785580386969,84.47071468856946,84.6778564453125,3534200
2017-04-12,84.86354581677435,84.95640563964844,84.64926523606822,84.95640563964844,2886300
2017-04-13,85.04215287684177,85.14929593880325,84.92072661639594,85.09929656982422,3286700
2017-04-17,85.13497969809865,85.14926289103947,84.89212182194142,84.93498229980469,2933700
2017-04-18,85.19928394362326,85.47071372432447,85.10642954205387,85.43499755859375,3616800
2017-04-19,85.26361779580714,85.30647285810849,85.11361962822764,85.17790222167969,1839400
2017-04-20,85.07075598205294,85.13504402266108,84.92790214662857,85.05647277832031,3264000
2017-04-21,85.19932661374469,85.20647094037326,85.04932845169174,85.05647277832031,3892400
2017-04-24,84.94928299457754,85.02070987303833,84.813568110837,84.942138671875,3193400
2017-04-25,84.82075439158781,84.86360944995897,84.57790179478562,84.6064682006836,3541100
2017-04-26,84.62073022252102,84.84215522045389,84.59930270007881,84.81358337402344,3320400
2017-04-27,84.81357966703729,84.95643889294553,84.72072525733861,84.89215087890625,4391000
2017-04-28,84.79216710977128,85.00645326169004,84.71359588403595,84.9921646118164,4478000
2017-05-01,84.92196837540956,85.02223845865913,84.64264379145581,84.72859191894531,3479800
2017-05-02,84.77152899548227,85.00071844519883,84.7213939741164,84.97923278808594,2858200
2017-05-03,85.13685549126454,85.15834116198802,84.87185280228267,84.93630981445312,2854900
2017-05-04,84.69274576467404,84.77153015136719,84.63544703538675,84.77153015136719,1540100
2017-05-05,84.7858739978399,84.80020141601562,84.60681952080621,84.80020141601562,2887300
2017-05-08,84.77871497307709,84.77871497307709,84.58533307964683,84.64979553222656,3886500
2017-05-09,84.59967416586612,84.66413116455078,84.54953912323033,84.66413116455078,3012400
2017-05-10,84.89330906661739,84.89330906661739,84.67844696949818,84.77871704101562,4282600
2017-05-11,84.65695327035002,84.85033516262308,84.6211456540724,84.82168579101562,2263500
2017-05-12,85.08673007727353,85.27294288751298,85.07240265229413,85.25145721435547,3165000
2017-05-15,85.2013142411727,85.28726239013056,85.14401547520079,85.2442855834961,3752700
2017-05-16,85.29440928134183,85.48779122467192,85.26576536648068,85.36603546142578,3996400
2017-05-17,85.65250174628329,85.93183177306294,85.65250174628329,85.88885498046875,7304300
2017-05-18,85.88168305648745,85.91032696124225,85.7312725028284,85.87451934814453,4825400
2017-05-19,85.82444300663205,85.92471313476562,85.73133112742791,85.92471313476562,2907800
2017-05-22,85.86020084731688,85.8960139284419,85.80290756754943,85.85304260253906,2852900
2017-05-23,85.95334653748456,85.95334653748456,85.55942434714288,85.58807373046875,5154200
2017-05-24,85.63820346668831,85.77428666295698,85.50212027041962,85.72415161132812,5274800
2017-05-25,85.78143439791802,85.78143439791802,85.6238710151867,85.75994873046875,2806200
2017-05-26,85.81723814566203,85.88170060530346,85.7456174405234,85.82440185546875,2054800
2017-05-30,85.94614083235925,86.03208894034266,85.91749146303144,86.0249252319336,3898300
2017-05-31,86.02493592070051,86.13236970295152,85.96047346562625,86.12520599365234,4428500
2017-06-01,85.95000440719298,86.1510729661677,85.9356392365763,86.14389038085938,9430000
2017-06-02,86.50292833126099,86.58910290428136,86.38803437927355,86.54601287841797,5130100
2017-06-05,86.35931434257748,86.43830633591259,86.29468203952752,86.30186462402344,3198500
2017-06-06,86.6465492922021,86.6465492922021,86.49574242553116,86.55319213867188,1806700
2017-06-07,86.51014318781068,86.60349490104431,86.40242630102821,86.44551086425781,5702400
2017-06-08,86.45266171316356,86.45266171316356,86.17260119756799,86.294677734375,3895200
2017-06-09,86.13670408935488,86.27314581080593,86.06489467548326,86.2085189819336,6884700
2017-06-12,86.14391267039794,86.3737061513572,86.11518780043943,86.23008728027344,4075100
2017-06-13,86.14386853915231,86.32339477539062,86.14386853915231,86.32339477539062,4822000
2017-06-14,86.88351421997197,87.1133075791466,86.73989542500252,86.91223907470703,6852800
2017-06-15,86.79732899299698,86.79732899299698,86.59625504724478,86.70397186279297,6624700
2017-06-16,86.77580261230469,86.82607522014915,86.71835837807961,86.77580261230469,4314800
2017-06-19,86.78300768542654,86.78300768542654,86.62502367327804,86.6681137084961,7827700
2017-06-20,86.7901900914474,86.94817410326893,86.70401549989724,86.86199951171875,6906500
2017-06-21,86.85480793638426,86.94816510391114,86.7686388324604,86.90507507324219,5462700
2017-06-22,87.02715006736521,87.05587492592038,86.8763486689805,86.97688293457031,3520800
2017-06-23,86.96971424345239,87.02716396974017,86.92662968809026,87.01998138427734,5495700
2017-06-26,87.21384232824633,87.29283430954132,87.15639809715478,87.17794036865234,3808600
2017-06-27,86.98407332262492,86.99843849344936,86.76146248321295,86.78300476074219,4736500
2017-06-28,86.82606801907366,86.87633514404297,86.62499404049073,86.87633514404297,3933900
2017-06-29,86.43832827636929,86.68248142413674,86.41678051741208,86.61067199707031,6954200
2017-06-30,86.6465275454077,86.66806981275217,86.51008588061956,86.53881072998047,4567700
2017-07-03,86.6468275956733,86.6468275956733,86.35162353515625,86.35162353515625,5759500
2017-07-05,86.42362776547772,86.51003177120057,86.33002754591439,86.4956283569336,5406900
2017-07-06,86.24365196337251,86.32285428806445,86.04204804353658,86.27245330810547,11548000
2017-07-07,86.1859673832459,86.23636831531581,86.11396683647311,86.20037078857422,9803900
2017-07-10,86.32282938711796,86.36602864510861,86.21482574884811,86.34442901611328,2234500
2017-07-11,86.33007691310361,86.39487583448076,86.2076752883049,86.38047790527344,4340900
2017-07-12,86.76202392578125,86.84842791889419,86.67561993266831,86.76202392578125,6779600
2017-07-13,86.67566163797812,86.71166469242165,86.48846113609737,86.6108627319336,3977400
2017-07-14,86.92045023931895,86.97805291580111,86.67564161091651,86.81244659423828,5302000
2017-07-17,86.8124221661307,86.9420254050998,86.72601817572063,86.8916244506836,5899000
2017-07-18,87.15803885819528,87.26603698730469,87.0644331552439,87.26603698730469,4775300
2017-07-19,87.25886617263623,87.33806848589813,87.18686007454792,87.23726654052734,4144200
2017-07-20,87.42444038852318,87.46044342660231,87.2588395972608,87.31643676757812,1925200
2017-07-21,87.43887172121418,87.56127330049958,87.43167001264031,87.51807403564453,3634000
2017-07-24,87.46048900746152,87.4820886442489,87.34528362020178,87.41728973388672,2647900
2017-07-25,87.07886137421609,87.10766271461407,86.87725748472423,86.89885711669922,7043100
2017-07-26,86.89162459216055,87.25883468538623,86.86282326197697,87.18682861328125,9355500
2017-07-27,87.00689143034825,87.07169584649523,86.9060894437163,86.97089385986328,2769100
2017-07-28,87.00684052753763,87.20124816894531,86.97084297811281,87.20124816894531,2312200
2017-07-31,87.0572469846599,87.20844987614751,87.0572469846599,87.20124816894531,3689900
2017-08-01,87.08429655063135,87.51744842529297,87.04098356626713,87.51744842529297,7390500
2017-08-02,87.47411853476639,87.56074999996108,87.35139475655619,87.3802719116211,6728600
2017-08-03,87.43081583916955,87.54631896525981,87.41637450606152,87.50300598144531,6520500
2017-08-04,87.27921254920678,87.29364837417316,87.04820079546195,87.16370391845703,5095700
2017-08-07,87.17093557213985,87.22868989479427,87.055426926831,87.18537139892578,10816400
2017-08-08,87.09876465278779,87.11320048276093,86.75224414811014,86.76668548583984,9992700
2017-08-09,87.04099317177536,87.0770910012324,86.84607921287159,86.8532943725586,7465800
2017-08-10,86.87492023544833,86.9471158689066,86.67278568037374,86.82438659667969,8053400
2017-08-11,86.84609382105789,86.99769481631806,86.6944873180413,86.9832534790039,10910500
2017-08-14,86.93268360271946,87.09872586613005,86.88937062433153,86.92546844482422,3051500
2017-08-15,86.75219647097498,86.88214090034487,86.70888349710286,86.82438659667969,4710000
2017-08-16,86.84606365549915,87.20701985438691,86.83884298935013,87.06985473632812,5190200
2017-08-17,87.0626724801241,87.235929989856,86.97604647913663,87.15652465820312,8973800
2017-08-18,87.37305672331155,87.38027738946897,87.06985483775371,87.0987319946289,4350900
2017-08-21,87.23591715203005,87.25757915684602,87.14929116379064,87.22148132324219,3666200
2017-08-22,87.19256570656161,87.19978637164932,87.09149842634822,87.13481140136719,2390100
2017-08-23,87.31531247729836,87.47413410454735,87.25756366464384,87.4669189453125,4590000
2017-08-24,87.35139118630492,87.4452378056145,87.27198039006069,87.30085754394531,2929800
2017-08-25,87.35862569689378,87.56076029836785,87.31530720532449,87.50300598144531,5488000
2017-08-28,87.48134948953808,87.5391038064606,87.35140503033976,87.50300598144531,5200500
2017-08-29,87.82069205673784,87.85678439160459,87.51749000662119,87.56802368164062,3499700
2017-08-30,87.56073356356114,87.64014434814453,87.52463574956755,87.64014434814453,2573700
2017-08-31,87.68349820912093,87.82788402467514,87.67627754140429,87.79178619384766,4549400
2017-09-01,87.71942821739295,87.74114185477335,87.43713988687135,87.44437408447266,7946000
2017-09-05,87.7411103404001,88.05959163369081,87.70491727624024,87.9872055053711,7357000
2017-09-06,87.97272436540163,88.01615162099655,87.63976918717373,87.67595672607422,8863700
2017-09-07,87.84970706047302,88.1681829150387,87.83522762209547,88.01618194580078,7698800
2017-09-08,87.95823732964828,87.95823732964828,87.74833526422447,87.75556945800781,6776600
2017-09-11,87.5746322305221,87.71939896860137,87.47329827500981,87.48777770996094,4220300
2017-09-12,87.45158345225452,87.45158345225452,87.25615526137064,87.3936767578125,4615800
2017-09-13,87.45156966267209,87.46604357285715,87.29232903920918,87.30680847167969,5671300
2017-09-14,87.26336650586842,87.52394104003906,87.26336650586842,87.52394104003906,4333500
2017-09-15,87.57463799196634,87.61807077739073,87.42987676664978,87.59635162353516,4631300
2017-09-18,87.55291059371152,87.56739002733852,87.40814939115698,87.50948333740234,4971700
2017-09-19,87.54567071288452,87.6252910308261,87.46605039494291,87.56015014648438,5296800
2017-09-20,87.63253049638847,87.64700440766096,87.24890834138017,87.45157623291016,6603300
2017-09-21,87.47328986096181,87.63253049638847,87.44433651613097,87.45157623291016,3410000
2017-09-22,87.62529160981892,87.66872438861961,87.50948375168421,87.56739044189453,2099200
2017-09-25,87.66877630440229,87.91487160010017,87.6325832210165,87.89315795898438,3489900
2017-09-26,87.79902651866225,87.9148343963687,87.73388010059429,87.87864685058594,10290700
2017-09-27,87.47330573017793,87.58911913051189,87.32130478395477,87.5384521484375,6695500
2017-09-28,87.4298707141583,87.6832056020681,87.40091736664198,87.66873168945312,6350800
2017-09-29,87.72667103595091,87.79905719738332,87.54571667694748,87.7483901977539,7627300
2017-10-02,87.7867942591017,87.8956579594204,87.64889986956216,87.83033752441406,7218100
2017-10-03,87.8013404191016,88.02632141113281,87.7577916028404,88.02632141113281,7569400
2017-10-04,88.0335481310309,88.0335481310309,87.80130816542922,87.9754867553711,5376300
2017-10-05,87.92469340425933,87.92469340425933,87.75776831647039,87.85211944580078,3932800
2017-10-06,87.58359077170502,87.80857170676836,87.50375775532032,87.779541015625,5901300
2017-10-09,87.83034227492892,87.86663202267725,87.72148410576017,87.85211944580078,1312200
2017-10-10,87.88112556549669,88.10611198613817,87.85210041803028,87.91015625,3873400
2017-10-11,88.04080151447803,88.04080151447803,87.81582060544007,87.86662292480469,7170900
2017-10-12,87.89567153327162,87.95373292067981,87.77954875845526,87.88841247558594,10302500
2017-10-13,88.22951920134516,88.28758059072494,88.10614290169224,88.23677825927734,5755800
2017-10-16,88.20773365160535,88.22224622814181,88.02629599119076,88.11338806152344,4886100
2017-10-17,88.01177725401489,88.1714432799745,88.00452373431703,88.09886932373047,4476900
2017-10-18,87.88841343566227,88.02630784800337,87.8448701631498,87.96824645996094,3272500
2017-10-19,88.21499208335126,88.21499208335126,88.03355442422223,88.09886932373047,4143300
2017-10-20,87.80132677846498,87.9319621328742,87.74326539049673,87.85938262939453,7280400
2017-10-23,87.99003833868211,88.04084068064685,87.9174643554525,87.94649505615234,2675800
2017-10-24,87.72872924804688,87.8593645756125,87.7069576162922,87.72872924804688,4686200
2017-10-25,87.51103911388435,87.55458239317699,87.38040373896688,87.49652099609375,8866600
2017-10-26,87.6706955055686,87.6706955055686,87.48199875440633,87.4892578125,9420100
2017-10-27,87.60537295502682,87.77955158582299,87.58360131830716,87.75052642822266,6915900
2017-10-30,87.60535275683996,88.06983268989902,87.60535275683996,88.04080200195312,5236600
2017-10-31,88.07713129684197,88.07713129684197,87.90295262798996,87.91746520996094,5932800
2017-11-01,88.08553482474433,88.15830160584758,87.9399957107883,88.05642700195312,5967400
2017-11-02,88.15833960551142,88.15833960551142,87.97641979846402,88.04190826416016,13253900
2017-11-03,88.12190068807239,88.18739466632648,87.98364549264458,88.14373016357422,5307500
2017-11-06,88.18741786014937,88.2310768226356,88.08554324651479,88.16558837890625,9576900
2017-11-07,88.06372664099122,88.12922065017536,88.02006766936928,88.09283447265625,7643200
2017-11-08,88.10736945827405,88.12919893870712,87.96183033580382,87.97638702392578,7185500
2017-11-09,87.76534449135839,87.86721908383743,87.69257771840893,87.74351501464844,7232300
2017-11-10,87.38698104902076,87.43064557050864,87.1614023030455,87.24144744873047,5816600
2017-11-13,87.3942290226209,87.40878570864167,87.25597381591797,87.25597381591797,3646400
2017-11-14,87.30691696530987,87.39423488029078,87.23414463382652,87.2778091430664,6112500
2017-11-15,87.37241738901797,87.67076844413495,87.21232712058936,87.64893341064453,7141900
2017-11-16,87.58342901078524,87.69985474277449,87.51793502574507,87.54704284667969,5051200
2017-11-17,87.69259802380182,87.74353533183597,87.59799620048827,87.65621185302734,5521500
2017-11-20,87.6271040267578,87.75808646909564,87.59799620048827,87.65621185302734,3190600
2017-11-21,87.97640397267982,88.00551180278151,87.80903533753278,87.94729614257812,4372100
2017-11-22,88.08554976887453,88.31840683895996,88.03461245828555,88.28929901123047,4111500
2017-11-24,88.23106740509182,88.31839087249368,88.17285176015726,88.18740844726562,1359700
2017-11-27,88.16560532872874,88.23837213077856,88.07828183521829,88.1364974975586,6049200
2017-11-28,88.22378381905084,88.33293675887965,88.17284652069729,88.26016998291016,5176400
2017-11-29,87.91091918945312,87.95458371506183,87.7726639216548,87.91091918945312,7606300
2017-11-30,87.99824202247821,88.0055203686498,87.6635102713545,87.80904388427734,6119600
2017-12-01,88.14612326870845,88.56200990374239,87.8469794762269,88.08045959472656,13958300
2017-12-04,88.12420026235318,88.22634742558118,87.97827733391402,88.21905517578125,5766700
2017-12-05,88.28473178905587,88.40876685310518,88.16069672500655,88.38687896728516,4541900
2017-12-06,88.63494678527687,88.6787225530267,88.53279404952185,88.5546875,4801500
2017-12-07,88.64222808518711,88.70059947937821,88.24093727497899,88.37956237792969,8295200
2017-12-08,88.29932937013064,88.36499859978176,88.21907563749691,88.27014923095703,5135100
2017-12-11,88.35040549969311,88.44526043784485,88.30662972307192,88.3358154296875,4521500
2017-12-12,88.24825577667053,88.27744148244834,88.12422070206799,88.27014923095703,10153000
2017-12-13,88.4160576608178,88.67872340304106,88.35038844196035,88.57657623291016,7205800
2017-12-14,88.4963512599294,88.7663149237228,88.44527765506096,88.73712921142578,8022200
2017-12-15,88.79545291820118,88.90489789571012,88.64223217632977,88.86112213134766,5846000
2017-12-18,88.81011830592661,88.84659628267906,88.58393592359701,88.59852600097656,6371100
2017-12-19,88.40879163011827,88.42338726915794,88.02938851416609,88.14612579345703,6029200
2017-12-20,87.95641714882349,88.06585659631395,87.84697213472839,87.91263580322266,9805700
2017-12-21,87.95208533631985,88.1714321048574,87.93745887140021,88.14949798583984,6210400
2017-12-22,88.15682206231082,88.22993766081716,88.09832735216072,88.21531677246094,2934900
2017-12-26,88.23730953057935,88.36891992669496,88.17881478155769,88.33235931396484,1873000
2017-12-27,88.52978218464453,88.82955802643433,88.43472681807467,88.82225036621094,3179300
2017-12-28,88.81486860769962,88.82218184064749,88.63207683253876,88.76368713378906,2493200
2017-12-29,88.6613675261054,88.9318959154334,88.6613675261054,88.8807144165039,3003300
2018-01-02,88.70519429325478,88.80755724322955,88.10563748124717,88.2884292602539,8480600
2018-01-03,88.42736092098745,88.50778975740822,88.25187678059875,88.44929504394531,5087600
2018-01-04,88.31036013687071,88.47853102185813,88.27380512942975,88.42003631591797,7710100
2018-01-05,88.5370469656422,88.5370469656422,88.29576599269338,88.39081573486328,5796500
2018-01-08,88.48583156591836,88.49314479816377,88.30303980831549,88.38346862792969,3897200
2018-01-09,88.27386788929579,88.30310968469364,88.04720213721616,88.06182861328125,7621600
2018-01-10,87.77662587220105,88.21532508293004,87.67426290897639,88.12026977539062,6050500
2018-01-11,88.09838589624448,88.4347223355696,88.09838589624448,88.33235931396484,5192600
2018-01-12,88.17876055209801,88.40542617056725,88.14220554021533,88.34693145751953,4463000
2018-01-16,88.6028620295309,88.6028620295309,88.33964133032973,88.42738342285156,7410200
2018-01-17,88.4420189561239,88.48588722046445,88.09836934314897,88.18611145019531,11240700
2018-01-18,87.86434134509656,88.0398254500927,87.7473575201276,87.8424072265625,6399400
2018-01-19,87.73274945880922,87.82049152971253,87.53533677223048,87.57189178466797,6797800
2018-01-22,87.57187832447126,87.74004920659655,87.4695153799992,87.491455078125,5096700
2018-01-23,87.71815199086195,87.87900970795333,87.67428373287865,87.87169647216797,6144000
2018-01-24,87.6962561194915,87.82786652922108,87.61582722585858,87.81324005126953,5679000
2018-01-25,87.75473177415846,88.25923919677734,87.7401108768267,88.25923919677734,7042100
2018-01-26,88.19337812944028,88.19337812944028,87.98864665441063,88.14219665527344,6391300
2018-01-29,87.88627868608876,88.01788898048063,87.74004750492534,87.90821838378906,5732400
2018-01-30,87.74006215963568,87.79855687321587,87.52070977289144,87.60845184326172,6662600
2018-01-31,87.86436011035212,87.9009207012917,87.52802387148728,87.79124450683594,6751200
2018-02-01,87.90930203734989,87.94595504836474,87.34479085320747,87.4034423828125,12272400
2018-02-02,87.24214171080858,87.24214171080858,86.85358516786762,86.95622253417969,8681500
2018-02-05,86.68496767940132,87.4840793199766,86.67030759491871,87.0075454711914,14486000
2018-02-06,86.94158390844667,87.11020568746326,86.79496065189906,86.83161926269531,10467500
2018-02-07,87.0955279149453,87.13218092498069,86.56767534924103,86.58966827392578,8862300
2018-02-08,86.46501013580894,86.58230756080476,86.18641826397679,86.21574401855469,10957000
2018-02-09,86.1058109941593,86.12047667443477,85.92252914394328,85.93719482421875,8719000
2018-02-12,85.9885135185465,86.23044690322801,85.92252914394328,85.93719482421875,7814800
2018-02-13,85.84187543475127,85.92985272697183,85.62194059417625,85.9078598022461,8730500
2018-02-14,85.63657616889323,85.77587211004416,85.52661157673826,85.59259033203125,11013300
2018-02-15,85.90780371004706,86.11307833121317,85.8198264752699,85.99578094482422,4953400
2018-02-16,86.2011532104053,86.33311641539548,86.11317587597175,86.25247192382812,6319800
2018-02-20,86.03247219555152,86.07646362916307,85.87118332338078,85.88584899902344,8786200
2018-02-21,85.92251816202084,86.00316261327401,85.36534543576654,85.41666412353516,6387200
2018-02-22,85.65856580875774,85.8271874991347,85.51194262928578,85.533935546875,7227100
2018-02-23,85.81251978522658,85.95181011533991,85.6878839411148,85.92981719970703,8005600
2018-02-26,86.2084339517733,86.32573700106809,86.01782488664513,86.0398178100586,5072000
2018-02-27,86.14980612108343,86.15713336821592,85.55596909756467,85.66593933105469,7279500
2018-02-28,85.7832083752475,85.89317856511293,85.7392169433116,85.82719421386719,7963400
2018-03-01,85.69488261308135,85.87868255390153,85.55519847226576,85.73899841308594,11679100
2018-03-02,85.54783713702834,85.64341107829102,85.42285453480898,85.46696472167969,5335000
2018-03-05,85.65807730606703,85.70954103588177,85.3566428820622,85.43751525878906,10168400
2018-03-06,85.75369513533853,85.78310379731741,85.4963763544343,85.51107788085938,8363400
2018-03-07,85.65081847519586,85.6728735824923,85.45231690039593,85.48171997070312,4070400
2018-03-08,85.64335749664967,85.79774866323287,85.53307648934023,85.65071105957031,6410000
2018-03-09,85.51841783518583,85.55518005908952,85.31256284323196,85.34931945800781,7773800
2018-03-12,85.42284574039178,85.48901101388601,85.35667485776959,85.45960235595703,8555600
2018-03-13,85.54048356950703,85.57724579798499,85.36403721289568,85.46696472167969,8625900
2018-03-14,85.48164439284942,85.7977804058975,85.4742964363353,85.65809631347656,5765700
2018-03-15,85.6360548047613,85.80514757743269,85.6066461466602,85.74633026123047,5268200
2018-03-16,85.58462299050515,85.89340560209429,85.54786075187926,85.8419418334961,10754700
2018-03-19,85.6507573437592,85.72427618531879,85.54782984375016,85.55518341064453,8095300
2018-03-20,85.30521741500765,85.42285205541991,85.2243450020063,85.25375366210938,6445000
2018-03-21,85.1067270744326,85.4522718643157,84.93027509079286,85.20230102539062,7312600
2018-03-22,85.4228439058152,85.49636274449475,85.27580061932827,85.34931945800781,10966600
2018-03-23,85.26111622236392,85.30522641260687,85.0699627160962,85.07731628417969,6120800
2018-03-26,85.32725177474326,85.43017925553018,85.28314159987086,85.37871551513672,5834800
2018-03-27,85.32725582043237,85.7389713722281,85.32725582043237,85.68750762939453,5000200
2018-03-28,85.85666421494881,86.00370759603379,85.76844379542928,85.91548156738281,4771600
2018-03-29,86.09923684050693,86.36390917977637,85.9816021967745,86.30509185791016,5930800
2018-04-02,86.19226545752755,86.31760786226468,86.05954831566582,86.25862121582031,4393500
2018-04-03,86.22177125989965,86.22177125989965,85.99319937816483,86.03006744384766,3773500
2018-04-04,86.06693550953047,86.16278460491796,86.0005741163568,86.03006744384766,5259600
2018-04-05,85.97843457041013,86.0816583788295,85.89732934589838,86.05953979492188,5171000
2018-04-06,86.21439549138462,86.31761932373047,86.12591550996946,86.31761932373047,4772500
2018-04-09,86.1554145043455,86.39873025028457,86.1554145043455,86.36186218261719,3611300
2018-04-10,86.42079644103524,86.59038157409192,86.27333551033077,86.3839340209961,5201300
2018-04-11,86.53146554043327,86.56095887568839,86.34713641404778,86.44298553466797,2483800
2018-04-12,86.3544826187568,86.4134636444985,86.19227214109468,86.20701599121094,2588100
2018-04-13,86.148046495111,86.3102570050746,86.148046495111,86.23652648925781,4427800
2018-04-16,86.08167836828927,86.2586327059174,86.05218504113842,86.24388885498047,2323600
2018-04-17,86.25123596191406,86.37657834319316,86.19962406225353,86.25123596191406,6702900
2018-04-18,86.22175402648111,86.22912313792315,85.79410930125405,85.80885314941406,6888000
2018-04-19,85.5581817968819,85.58030038523519,85.35173413854875,85.48445129394531,4058600
2018-04-20,85.37383461125617,85.4033279312279,85.13051894044597,85.13789367675781,4679700
2018-04-23,85.1158236997966,85.13794229608766,84.97573175624805,85.10107421875,4380000
2018-04-24,85.01993664631803,85.11579136086534,84.78399566672542,84.85035705566406,5984700
2018-04-25,84.65866092799047,84.67340477949331,84.45958799367757,84.58493041992188,3756100
2018-04-26,84.80611610978131,84.92408941479667,84.73238560678512,84.83560943603516,6027200
2018-04-27,84.97570131780391,85.06418129655333,84.95358272943575,85.02731323242188,3369800
2018-04-30,85.06417369150701,85.13052945067903,84.91670707344203,84.95357513427734,6388500
2018-05-01,84.90845916553846,84.93803694180319,84.65705088798023,84.72360229492188,6051500
2018-05-02,84.83457126214644,84.84935733894923,84.6571044921875,84.6571044921875,3608100
2018-05-03,84.86414509736721,84.9011187521882,84.64232009260434,84.6718978881836,4122600
2018-05-04,84.93067710749234,84.93067710749234,84.64230071833738,84.7901840209961,3733800
2018-05-07,84.8197320890717,84.84930986751671,84.66445298327375,84.69403076171875,3870900
2018-05-08,84.61269952276493,84.69403700914242,84.48699818613967,84.66445922851562,5069300
2018-05-09,84.53136233898336,84.76058308793054,84.50178455825069,84.64967346191406,3906600
2018-05-10,84.91586962914077,85.08594047287515,84.82714192057095,85.07854461669922,5103000
2018-05-11,85.20426612815893,85.24123413256865,85.0933508321572,85.22644805908203,4254000
2018-05-14,85.13029402209521,85.23381343048581,85.0711441040039,85.0711441040039,4808300
2018-05-15,84.67186894438859,84.85672587252762,84.29475923139697,84.4278564453125,5970000
2018-05-16,84.47219651838287,84.5535339951731,84.28733964229313,84.3169174194336,4210800
2018-05-17,84.29474414411612,84.3391079936857,84.08770532427845,84.15425109863281,3272300
2018-05-18,84.28735059721977,84.53875891489743,84.26516867182747,84.50178527832031,4154700
2018-05-21,84.4056674466448,84.55355072021484,84.36869380755964,84.55355072021484,2593300
2018-05-22,84.48701041954669,84.5831339894635,84.39088120824425,84.46482849121094,3230000
2018-05-23,84.59792765090408,84.88630400868145,84.53877207972262,84.8271484375,5771100
2018-05-24,85.01941024648505,85.09335189761661,84.9528588114962,85.06377410888672,4436900
2018-05-25,85.31519317626953,85.34477097065921,85.20428349904256,85.31519317626953,3997600
2018-05-29,85.3521727429828,85.92892567007152,85.2264713391584,85.76625061035156,6831700
2018-05-30,85.485231389727,85.64051051984552,85.23382305425993,85.4334716796875,5083900
2018-05-31,85.52217606205944,85.6035078862437,85.30034558480526,85.39646911621094,6303300
2018-06-01,85.2029197059023,85.40318523867853,85.1584118527478,85.23258972167969,4479700
2018-06-04,85.22518252538944,85.27710364539719,85.03974914550781,85.03974914550781,3714900
2018-06-05,85.24744266160488,85.26227484361742,85.06942818256307,85.0990982055664,3901500
2018-06-06,84.86173739077695,84.90623959249444,84.6763040049836,84.78755950927734,4754900
2018-06-07,84.74304769858244,85.34384998955528,84.74304769858244,85.06941223144531,7185200
2018-06-08,85.00263136246915,85.03972028945135,84.87653806509081,84.92845916748047,2935600
2018-06-11,84.78012476609601,84.85429696982348,84.72820365758915,84.84687805175781,2905100
2018-06-12,84.74302507289772,84.9284583881557,84.72077398050288,84.85428619384766,3396500
2018-06-13,84.88398149100962,84.98782372577149,84.54278476836667,84.77272033691406,4906500
2018-06-14,85.0620010562161,85.16584329722112,84.92106987529027,85.1584243774414,4915800
2018-06-15,85.2845225651062,85.3438569458453,84.99524128623142,85.03974914550781,5887100
2018-06-18,85.03229759048513,85.0471354242084,84.86911537338206,84.9507064819336,4723200
2018-06-19,84.97296527600251,85.04714313339183,84.90621199512333,84.9952163696289,4278700
2018-06-20,85.01006985711116,85.01006985711116,84.48343979474247,84.52052307128906,7731500
2018-06-21,84.48342825231596,84.62435373830253,84.4537582397461,84.4537582397461,15921600
2018-06-22,84.40928037028061,84.62437812017743,84.37219142913818,84.55762481689453,6728500
2018-06-25,84.58728959994235,84.6392107189398,84.46119626223107,84.47602844238281,3243900
2018-06-26,84.54276821798992,84.77270374152435,84.47600927501058,84.75786590576172,10345300
2018-06-27,84.99521526572009,85.0471420288086,84.91362980980827,85.0471420288086,9776300
2018-06-28,84.98040765608253,84.98040765608253,84.7578853404296,84.93590545654297,6241300
2018-06-29,85.03233646805758,85.18068091926183,84.93591314067261,84.98041534423828,7855600
2018-07-02,85.11804174435248,85.11804174435248,84.9320483018653,84.99156188964844,4806200
2018-07-03,85.04359799285062,85.35607113633374,85.04359799285062,85.30399322509766,2518100
2018-07-05,85.38584498454793,85.57927970397961,85.37096801046916,85.57183837890625,4730600
2018-07-06,85.73550115487876,85.76526077482812,85.62390399908544,85.69086456298828,2465600
2018-07-09,85.62394737821448,85.78018688112004,85.57931076371003,85.75042724609375,5161600
2018-07-10,85.73550117111336,85.83222135498387,85.63878666330997,85.6536636352539,6624000
2018-07-11,85.75787612280415,85.84715504165104,85.64628456933413,85.82483673095703,4071400
2018-07-12,85.85456942076922,86.01080322265625,85.7950501602211,86.01080322265625,3324800
2018-07-13,86.08519248565086,86.15958871727386,86.025673229925,86.07775115966797,4273800
2018-07-16,85.92899055602373,86.0257051253853,85.77275670886854,85.93643188476562,2653700
2018-07-17,85.9438470043121,85.98848929002705,85.83969113109286,85.87689208984375,6157000
2018-07-18,85.95874459235485,85.95874459235485,85.81738773582596,85.86203002929688,3527600
2018-07-19,85.85455951212941,86.10750782616206,85.83224121101694,85.99591064453125,5098600
2018-07-20,85.80995878097025,85.8471597515485,85.64628926821108,85.74300384521484,5139900
2018-07-23,85.59419926818599,85.64627721402317,85.34868651949485,85.40076446533203,4716300
2018-07-24,85.41560225247433,85.68343318704729,85.41560225247433,85.6685562133789,4446700
2018-07-25,85.85457049395167,85.85457049395167,85.70577234072137,85.7801742553711,7376300
2018-07-26,85.86946568148339,85.96618592061174,85.76530979016854,85.86203002929688,5860900
2018-07-27,86.1149361939382,86.1149361939382,85.89918318886848,85.97357940673828,5497600
2018-07-30,85.79506446975918,85.92153866246643,85.78762314193227,85.85458374023438,6467600
2018-07-31,86.0851897943875,86.19678697636749,86.03311186627263,86.12239074707031,6081600
2018-08-01,85.73662954860546,85.92317573748714,85.69931803365397,85.81871032714844,7255900
2018-08-02,85.84856228612249,85.93810081735806,85.72170654530852,85.92317962646484,6751500
2018-08-03,86.02764142090858,86.22165105198398,85.93063945183982,86.19180297851562,2711200
2018-08-06,86.25146679880845,86.37832249511153,86.25146679880845,86.27385711669922,3059800
2018-08-07,86.25150859839032,86.25150859839032,85.96049694707666,86.0052719116211,5397700
2018-08-08,85.93807214995113,85.98284709357094,85.87091827392578,85.87091827392578,7433200
2018-08-09,85.99776069946915,86.07984144711175,85.87836845092147,85.93806457519531,7273500
2018-08-10,85.88585489256926,86.18432990094352,85.83362219307405,86.07986450195312,4765900
2018-08-13,86.00523190938412,86.09477041094954,85.97538384455022,86.05746459960938,3145700
2018-08-14,86.17686845356874,86.20671652439033,86.11717800486299,86.1694107055664,7052500
2018-08-15,86.29627040623694,86.378351186959,86.22165306729092,86.34850311279297,5208100
2018-08-16,86.42313006926125,86.47536278162994,86.33358583679833,86.46044158935547,5997900
2018-08-17,86.52757073921615,86.60965150558988,86.47533804179076,86.5350341796875,3871900
2018-08-20,86.7439518000995,86.83349599335017,86.69171911060398,86.75887298583984,2686800
2018-08-21,86.72160902510406,86.72160902510406,86.52759935923724,86.54252624511719,5480400
2018-08-22,86.72158034091198,86.73650152891764,86.52010729874479,86.5350341796875,6877700
2018-08-23,86.66190523720063,86.69175331339358,86.51267054917429,86.56490325927734,5693800
2018-08-24,86.47535532055295,86.77383037673827,86.4455072456406,86.73651885986328,5152500
2018-08-27,86.5723400413876,86.67681112922997,86.56488229384941,86.60218811035156,3762200
2018-08-28,86.46040324856924,86.54248400202692,86.25893023810538,86.27385711669922,4026900
2018-08-29,86.35592821070641,86.37084939469507,86.11714941633915,86.1843032836914,10473500
2018-08-30,86.36340514806325,86.41563784303409,86.19924362303007,86.26640319824219,5682300
2018-08-31,86.41564155879563,86.43802618718325,86.13209344432408,86.13955688476562,4425800
2018-09-04,85.96593731732818,86.0632325957486,85.83121770327965,85.98090362548828,6468700
2018-09-05,85.95096489045157,85.98090321678137,85.90606025603282,85.92851257324219,6103200
2018-09-06,86.0632179977746,86.22787591036611,86.03327967638062,86.16799926757812,6918100
2018-09-07,85.89107528987533,85.89107528987533,85.79377432290215,85.80874633789062,4529100
2018-09-10,85.87612919377337,86.09317779541016,85.87612919377337,86.09317779541016,5512700
2018-09-11,85.9209870682797,85.98834398446904,85.86111044712325,85.89852905273438,5976900
2018-09-12,86.0482492862411,86.16051656079185,86.04076327856417,86.0707015991211,5543100
2018-09-13,86.25782170189392,86.31769834986737,86.16800672993374,86.25033569335938,5584100
2018-09-14,86.07817377286878,86.19044102937666,86.03326344417572,86.1455307006836,7003500
2018-09-17,86.00336851897588,86.15305445313459,85.98839649946858,86.09317779541016,2667100
2018-09-18,85.92848134372989,85.92848134372989,85.71143283933603,85.74137115478516,5160900
2018-09-19,85.71895518257472,85.72644119214782,85.49442628675162,85.61417388916016,5220700
2018-09-20,85.62912916557163,85.92850096813406,85.61415714935283,85.83869171142578,6152400
2018-09-21,85.77134686644214,85.91355249928957,85.77134686644214,85.85367584228516,9404300
2018-09-24,85.68150037763529,85.77130961398339,85.59917143754964,85.65904235839844,10749400
2018-09-25,85.56923312205033,85.67401437122301,85.49439018837697,85.65904235839844,4087100
2018-09-26,85.80873998040393,86.0183024935112,85.71892502757929,85.96591186523438,7433600
2018-09-27,85.95843275511507,86.1006383476263,85.89855611509448,86.07818603515625,6323400
2018-09-28,86.17548244642049,86.17548244642049,85.99585823410432,86.018310546875,12578500
2018-10-01,85.9597340393824,86.06483718610603,85.89967346191406,85.89967346191406,7550600
2018-10-02,86.0047617288511,86.14740414373668,85.9747314453125,85.9747314453125,11207800
2018-10-03,85.89218198317262,85.9822671340568,85.32912687937566,85.47176361083984,8400500
2018-10-04,85.25407575831079,85.32915437850022,85.00633578584714,85.11894226074219,9843800
2018-10-05,84.94622892545073,85.0288107805356,84.65344079476489,84.78857421875,8785800
2018-10-08,84.83361975684534,84.84112876057748,84.68347404835235,84.698486328125,1355200
2018-10-09,84.8336404242197,84.96126488030006,84.76607655724527,84.9387435913086,8416200
2018-10-10,84.72853782967101,84.84115000308236,84.52583477199194,84.70601654052734,12316400
2018-10-11,84.89371987410301,85.20152043819205,84.871198580108,85.05888366699219,18587600
2018-10-12,85.08887244890754,85.23151488780086,84.9537447417773,85.07386016845703,8956700
2018-10-15,85.02882615088379,85.1038990160703,84.90870498443141,84.91621398925781,6636500
2018-10-16,84.95373514929139,85.19397170321662,84.87865657244062,85.1339111328125,9017800
2018-10-17,85.06635736302026,85.13392694920095,84.71350860595703,84.71350860595703,6880600
2018-10-18,84.63093246592423,84.81861748753724,84.53333258896238,84.71350860595703,10418000
2018-10-19,84.64593009700772,84.72851195043962,84.53331795799228,84.60839080810547,6355700
2018-10-22,84.70600656163141,84.72101884339429,84.48078224134152,84.50330352783203,7282900
2018-10-23,84.69102274905744,84.8036349546734,84.57841627113619,84.62345886230469,10277900
2018-10-24,84.79608184503392,84.87116042819316,84.69848770569534,84.7435302734375,7262000
2018-10-25,84.63093971559526,84.72102486796332,84.62343071033366,84.63844299316406,5653100
2018-10-26,84.8111200776015,84.89370195661654,84.77358077706991,84.78108978271484,4955300
2018-10-29,84.72852187888975,84.77356444869747,84.62341873087709,84.68347930908203,6573300
2018-10-30,84.52582839780646,84.58588898278903,84.41322196057995,84.49580383300781,7669600
2018-10-31,84.37570018401186,84.54086396316455,84.25558471679688,84.25558471679688,13156300
2018-11-01,84.14181267814287,84.51842091987474,84.11168332921403,84.5108871459961,14262000
2018-11-02,84.41303392401709,84.49588825861647,84.15694288732077,84.17200469970703,7738400
2018-11-05,84.24727318041023,84.39038616927452,84.24727318041023,84.32259368896484,5064000
2018-11-06,84.38287445471894,84.4958581203815,84.36781264770498,84.46572875976562,5787100
2018-11-07,84.83479937459072,84.89505809298394,84.64649518955262,84.68415832519531,13257500
2018-11-08,84.66908609033958,84.7067434747564,84.43558502197266,84.43558502197266,10934400
2018-11-09,84.49584197998047,84.60882562406087,84.42804949489748,84.49584197998047,8836800
2018-11-12,84.66907261292737,84.66907261292737,84.42050977967673,84.48829650878906,2876500
2018-11-13,84.40544215583866,84.45063905512599,84.3301216524745,84.37531280517578,7778400
2018-11-14,84.15690206196624,84.31507687494471,84.11923892938636,84.14936828613281,11595100
2018-11-15,84.05144864719884,84.11170736227412,83.84808266705403,83.99119567871094,15158300
2018-11-16,83.9610681729096,84.17950170993441,83.91587700890015,84.15690612792969,13503700
2018-11-19,83.96105962881218,84.09663885363112,83.92339649824535,84.07404327392578,9773700
2018-11-20,83.89329260804837,84.05900123830251,83.85563521263792,83.87069702148438,16168200
2018-11-21,84.07404633443922,84.14936685172783,83.94599513380273,84.05144500732422,10704600
2018-11-23,84.31509393494025,84.34522329778297,84.0815928095563,84.08912658691406,2924700
2018-11-26,84.1870458890899,84.22470903071432,84.08912976609042,84.12679290771484,5938900
2018-11-27,84.06651532025509,84.10417845343017,83.99872282985743,84.02132415771484,8581300
2018-11-28,83.99119302445094,84.32260445371703,83.8254844365243,84.24728393554688,13861300
2018-11-29,84.17196469395546,84.2623527650828,83.92340180829571,84.00625610351562,10939100
2018-11-30,84.02130657533245,84.04390215187419,83.79533931674274,83.9535140991211,14854800
2018-12-03,84.10693236109209,84.32605991406929,84.06159761387121,84.26560974121094,12740500
2018-12-04,84.41671065059172,84.6131707728875,84.27314297297049,84.28070068359375,13521500
2018-12-06,84.33360843931959,84.62073808184729,84.32605072732422,84.5376205444336,12752200
2018-12-07,84.62826063031932,84.67359535376445,84.43180055398582,84.5451431274414,11791900
2018-12-10,84.77942036855642,84.80964545344821,84.5602985915705,84.80209350585938,6886500
2018-12-11,84.9154261279004,85.0514361206991,84.82475664259809,84.95320892333984,10241100
2018-12-12,84.96831106375716,85.14210383661634,84.31848624064928,85.04387664794922,10001600
2018-12-13,85.18745892645856,85.31591699136676,85.17990697811095,85.27057647705078,6911200
2018-12-14,85.31586527749361,85.3914250690919,85.16473992945448,85.17985534667969,6037900
2018-12-17,85.21012630119351,85.37636140237797,85.21012630119351,85.27057647705078,6480500
2018-12-18,85.42366571047364,85.60558363036621,85.35545082767585,85.57526397705078,5923200
2018-12-19,85.68896749373471,85.8860365803637,85.50704956054688,85.50704956054688,10049200
2018-12-20,85.71168821143088,85.7647461520085,85.09772543288213,85.2265853881836,20942200
2018-12-21,85.33269719735517,85.4084934255803,84.99918685370673,85.14320373535156,11850700
2018-12-24,85.13562995347509,85.20385061296541,84.88549717348066,84.94613647460938,4384800
2018-12-26,84.95374120210903,85.05227575638662,84.73392801221257,84.87794494628906,7659300
2018-12-27,85.01438051991846,85.11291507419605,84.87794494628906,84.87794494628906,7797300
2018-12-28,84.96886053927318,85.2947894996626,84.96886053927318,85.27963256835938,4334500
2018-12-31,85.28723864766184,85.59042942809958,85.219023758077,85.51463317871094,7008400
2019-01-02,85.51464793406365,85.79510046636454,85.48432827249998,85.77993774414062,9506500
2019-01-03,85.65103202351055,85.87842645707921,85.61313102362222,85.81778717041016,11199100
2019-01-04,85.56009904017215,85.80265047752307,85.50704109396672,85.76475524902344,12080700
2019-01-07,85.94667729012035,85.99973524244284,85.76476513685508,85.77234649658203,16150100
2019-01-08,85.81025472426259,85.98459132708494,85.81025472426259,85.96185302734375,7961400
2019-01-09,86.03006470107435,86.32567415239448,86.03006470107435,86.28777313232422,10534900
2019-01-10,86.20437302971806,86.23468689637343,85.97697854962982,86.06035614013672,10337000
2019-01-11,86.24986311131372,86.24986311131372,86.09826483990138,86.21954345703125,6890800
2019-01-14,86.12101697089265,86.24987117648016,85.96941868530446,85.99215698242188,4511400
2019-01-15,86.06034398848264,86.16645985543852,85.99212334093613,86.04518127441406,10536500
2019-01-16,86.0452122507616,86.33324609294657,85.99973565794633,86.21196746826172,17911800
2019-01-17,86.1512909967258,86.39384234231278,86.1512909967258,86.38626098632812,8756200
2019-01-18,86.37871373200514,86.62126517334958,86.37871373200514,86.53788757324219,12589700
2019-01-22,86.65158037294397,86.8486552160585,86.65158037294397,86.68190002441406,9101600
2019-01-23,86.75772408288664,86.96995592835306,86.70466612152003,86.90174102783203,11707200
2019-01-24,87.20486082056735,87.2503373838699,87.0608439929368,87.12905883789062,8874700
2019-01-25,87.0912282615966,87.20492553710938,87.07606554065694,87.20492553710938,8529200
2019-01-28,87.12909611366517,87.25795606961717,87.08361953090672,87.18973541259766,7830600
2019-01-29,87.29585671847241,87.37923431396484,87.22006048153807,87.37923431396484,9111300
2019-01-30,87.40957726320224,87.7809829711914,87.2958799860551,87.7809829711914,17275500
2019-01-31,88.08411785684629,88.4555233290252,88.06896092819575,88.39488983154297,12004200
2019-02-01,88.28314275455477,88.4275910728007,88.13108426108745,88.1843032836914,15158400
2019-02-04,88.09307954729233,88.10828249737925,87.89540639352957,88.06266784667969,7375500
2019-02-05,88.26795489827434,88.5568632040285,88.2603505216914,88.42001342773438,9298100
2019-02-06,88.48081801258837,88.49602676351519,88.22232725122204,88.25273895263672,7083600
2019-02-07,88.19194179204396,88.25276521297182,88.02468028471269,88.23755645751953,12973200
2019-02-08,88.30597034336634,88.4808304004335,88.27555863769385,88.45802307128906,5502500
2019-02-11,88.40483017110111,88.40483017110111,88.19195396890198,88.2603759765625,5353800
2019-02-12,88.25277361152794,88.38201904296875,88.21475751972007,88.38201904296875,10689100
2019-02-13,88.19955113254568,88.26797313460897,88.10831599602031,88.1539306640625,9595200
2019-02-14,88.37437995785648,88.37437995785648,88.14630089790482,88.25273895263672,14906100
2019-02-15,88.21473773858298,88.38960360106984,88.21473773858298,88.35919189453125,8298000
2019-02-19,88.52645700486025,88.52645700486025,88.32117942743002,88.41241455078125,6920300
2019-02-20,88.33639526367188,88.3668069738938,88.18433671256227,88.33639526367188,8577400
2019-02-21,88.00947624950535,88.17673775478373,87.99426749423971,88.08550262451172,6311000
2019-02-22,88.16914792004839,88.55689003710906,88.16914792004839,88.4808578491211,4110600
2019-02-25,88.38961420379789,88.53406257663346,88.38200982614109,88.45043182373047,6026200
2019-02-26,88.57968932507688,88.64050694932325,88.50366294443816,88.58728790283203,6360600
2019-02-27,88.47324505945019,88.47324505945019,88.27557184322804,88.33639526367188,7008500
2019-02-28,88.38201371042256,88.47324884499204,88.16153315221032,88.21475219726562,12468400
2019-03-01,88.26658362251145,88.3733511018754,88.0225428384808,88.06067657470703,12714100
2019-03-04,88.31999327687225,88.35812702428763,88.22085367934245,88.25898742675781,9453600
2019-03-05,88.22849151851047,88.30475320352794,88.13697400545334,88.28949737548828,9090400
2019-03-06,88.31999880966941,88.43439424068885,88.26661505097947,88.37338256835938,6278700
2019-03-07,88.54115415605219,88.69368332377992,88.4877704019457,88.66317749023438,7355500
2019-03-08,88.54878939989393,88.79283027006936,88.39626603793178,88.77758026123047,7386600
2019-03-11,88.76227546983829,88.87667083740234,88.70126383135211,88.87667083740234,7813600
2019-03-12,88.89955706325968,89.18173155386141,88.89192915313784,89.12071990966797,7994600
2019-03-13,88.8766828865425,89.00632827210927,88.8766828865425,88.97582244873047,5834000
2019-03-14,88.945318058853,88.95294596941835,88.7241551995854,88.80042266845703,5395300
2019-03-15,89.04445826362146,89.24273737966423,88.99869662128106,89.12071990966797,8537000
2019-03-18,89.05976400663371,89.14365361530729,89.03688608033987,89.07501983642578,4308300
2019-03-19,88.94534685221583,89.1741376961129,88.94534685221583,89.09024810791016,8074700
2019-03-20,89.14364792446742,89.73087514769446,89.05975832114927,89.69274139404297,16202600
2019-03-21,89.62408539414037,89.92151581770636,89.62408539414037,89.86050415039062,14163200
2019-03-22,90.15025697710549,90.47818725637171,90.15025697710549,90.40955352783203,10576900
2019-03-25,90.4248264539986,90.752756816407,90.27230313964695,90.59260559082031,7096100
2019-03-26,90.5544756443188,90.69937687189355,90.44008024456987,90.6307373046875,7766500
2019-03-27,90.75272369384766,90.92050276943404,90.69171206301817,90.75272369384766,7484100
2019-03-28,90.77565474139186,90.86717224121094,90.68414305996555,90.86717224121094,4621200
2019-03-29,90.62310647033942,90.867147251015,90.59260064545607,90.79850769042969,8415100
2019-04-01,90.60575110380309,90.73579334481144,90.41451903660558,90.46041870117188,9567400
2019-04-02,90.47571995126971,90.60575636388774,90.40687920433307,90.58280944824219,7733300
2019-04-03,90.37629030374877,90.48337981130535,90.34569246788398,90.39158630371094,6048400
2019-04-04,90.41450444744463,90.53689575195312,90.34566371561256,90.53689575195312,7510600
2019-04-05,90.52158043676137,90.78930991650788,90.4603906295606,90.68222045898438,9326200
2019-04-08,90.65929743941122,90.69754618789744,90.52926103206147,90.55220794677734,8564800
2019-04-09,90.7893460186723,90.89643551877968,90.70520343488221,90.74344635009766,7749000
2019-04-10,90.92703044694564,91.23299710265242,90.919379529771,91.18710327148438,5765300
2019-04-11,91.07237473669632,91.18711516552253,91.03413181771468,91.09532165527344,7769500
2019-04-12,91.01881639051335,91.11826080408608,90.94232472803111,91.04176330566406,11083800
2019-04-15,91.03411829619056,91.08766304356423,90.89643096923828,90.89643096923828,12427300
2019-04-16,90.86587297253091,90.86587297253091,90.63639204835967,90.64404296875,10302700
2019-04-17,90.73581265808087,90.81230433405335,90.62107222615177,90.62872314453125,6062300
2019-04-18,90.83529008941794,90.87353886172764,90.6823066720657,90.70525360107422,8060000
2019-04-22,90.6134126105222,90.66695736215769,90.52161910660128,90.55986785888672,6581900
2019-04-23,90.6898926847406,90.9346694946289,90.6745966873461,90.9346694946289,7389700
2019-04-24,91.14885107991667,91.33243222184292,91.12589833072902,91.24063873291016,6463200
2019-04-25,91.15651442988782,91.23300610135922,91.04942492263977,91.19476318359375,4404000
2019-04-26,91.50072573026505,91.56956647630234,91.40893223294216,91.51602172851562,3406100
2019-04-29,91.31715893709934,91.35540769509701,91.11063081735881,91.15652465820312,5847500
2019-04-30,91.14121842996973,91.29420177291253,91.1029696762638,91.19476318359375,9753300
2019-05-01,91.29602512595916,91.73332518024876,91.16560363769531,91.16560363769531,12804300
2019-05-02,91.0658631487501,91.09655159013924,90.75131686764935,90.83570861816406,11748200
2019-05-03,91.02754202748616,91.27304379988219,91.02754202748616,91.24235534667969,7481000
2019-05-06,91.31907492141148,91.47251718972316,91.20399468348373,91.36510467529297,8077400
2019-05-07,91.51084298034944,91.51851655452299,91.2960297292667,91.35740661621094,11575500
2019-05-08,91.41106542232129,91.44942156806984,91.01979527508288,91.05048370361328,11843100
2019-05-09,91.24230955979993,91.25765085209069,90.99680791060065,91.13490295410156,11586200
2019-05-10,91.10425263321946,91.23467415853128,91.07356418257724,91.18864440917969,8155600
2019-05-13,91.1886520168813,91.39579175946822,91.1272751104763,91.24235534667969,16744900
2019-05-14,91.29605401432033,91.38811936922639,91.23467711104963,91.37277221679688,7993500
2019-05-15,91.61061237408562,91.6412949745472,91.43415522869934,91.6259536743164,10804400
2019-05-16,91.55687412807421,91.55687412807421,91.45714107517144,91.48015594482422,11716300
2019-05-17,91.58756417036594,91.63359976369708,91.4724898200938,91.48783111572266,7746100
2019-05-20,91.46479333515796,91.53383792802664,91.26532142261372,91.27299499511719,2890900
2019-05-21,91.36508800152097,91.38043515216337,91.2423400624967,91.34974670410156,3610100
2019-05-22,91.40345159403365,91.53387311061809,91.32673339917358,91.46482849121094,9526200
2019-05-23,91.50315273147845,91.76400152684572,91.44178170894001,91.66426849365234,9983400
2019-05-24,91.78701339649221,91.87140513460213,91.69494808585753,91.85606384277344,5981700
2019-05-28,92.0095000028463,92.06320330397811,91.88674625556166,91.91743469238281,9039100
2019-05-29,91.971151840985,92.08623203308598,91.92512210543329,91.955810546875,8778000
2019-05-30,92.13992790858184,92.51585104277582,92.0708833108247,92.48516845703125,11946400
2019-05-31,92.53890985545048,92.70768755940772,92.36245272206402,92.70001983642578,11611700
2019-06-03,92.92393822735129,93.04707007342996,92.66229186130843,92.98550415039062,12525200
2019-06-04,92.75462129953678,93.06244499843247,92.75462129953678,93.01627349853516,20566100
2019-06-05,93.09323993221878,93.25484607389924,92.87006786858876,92.95471954345703,10423100
2019-06-06,93.0855347359178,93.2086665692502,92.97779731737644,93.13170623779297,14133600
2019-06-07,93.50108497323059,93.77042848820423,93.44721627023587,93.54725646972656,11912900
2019-06-10,93.37795375636148,93.47799982774558,93.20095910448677,93.20865631103516,13072400
2019-06-11,93.2702051970808,93.36255405087408,93.1393820576427,93.29329681396484,17076700
2019-06-12,93.30100994800405,93.44722753286172,93.23175269491294,93.43183898925781,11814400
2019-06-13,93.4626418559555,93.6935111724371,93.4626418559555,93.67042541503906,6665700
2019-06-14,93.53957247655892,93.7473500983479,93.4703093551301,93.70886993408203,4652300
2019-06-17,93.64732848213447,93.83202039052898,93.59345976421733,93.75506591796875,6213200
2019-06-18,94.23985945929805,94.47842002252693,94.14751059389572,94.37837982177734,19575000
2019-06-19,94.15518243131774,95.00169292005263,94.06283946204466,94.97860717773438,17597800
2019-06-20,95.34804333592449,95.54812965269146,95.19412852639233,95.49425506591797,24937900
2019-06-21,95.17874744185849,95.34035360109786,95.02483849151149,95.14796447753906,18566400
2019-06-24,95.3864974975586,95.55580081667703,95.25567434051194,95.3864974975586,15241600
2019-06-25,95.38648526117424,95.4172682126331,95.01710158616335,95.10175323486328,17843700
2019-06-26,95.30183986892155,95.30183986892155,94.87089026270164,94.90937042236328,24436700
2019-06-27,95.14795713190135,95.5327353493132,95.07100266266892,95.4634780883789,10314500
2019-06-28,95.5096685870579,95.76362367014673,95.49427416740056,95.70975494384766,9512100
2019-07-01,95.86024982310032,96.11493187929669,95.65187734224922,95.89112091064453,19129900
2019-07-02,95.94514619080525,96.19982825323686,95.8525329259052,96.15351867675781,15843800
2019-07-03,96.199786659288,96.43903013009877,96.15347710283184,96.41587829589844,6947300
2019-07-05,95.72901667056468,95.81391065786228,95.18878167066579,95.56694793701172,7889900
2019-07-08,95.69818644250586,95.73677677613338,95.435791015625,95.435791015625,9239200
2019-07-09,95.38172241599277,95.40488013934669,95.18878260443387,95.23509216308594,15877100
2019-07-10,95.3508605479849,95.57466555569759,95.29683763438942,95.45118713378906,9551800
2019-07-11,95.27370474936616,95.42034093366503,94.81065024238671,94.88782501220703,7101300
2019-07-12,94.84921767840402,95.03443825887923,94.80290811724313,94.98041534423828,6363600
2019-07-15,95.08074441447647,95.18879024657936,94.99585041953046,95.14248657226562,7705000
2019-07-16,94.81060534314629,94.95724145800304,94.70255953895334,94.94180297851562,9867500
2019-07-17,95.04216155973863,95.45119305778381,95.04216155973863,95.44347381591797,6620400
2019-07-18,95.39715231144507,95.7675934189832,95.20421251725284,95.66726684570312,10357300
2019-07-19,95.56695470307803,95.74445604322672,95.42803779476091,95.52064514160156,8789300
2019-07-22,95.891086184872,95.90651877902644,95.76760187941345,95.81391143798828,4464800
2019-07-23,95.88336014432959,95.88336014432959,95.67498775371443,95.86792755126953,7013600
2019-07-24,95.99913698722489,96.14577313554842,95.86793932191229,96.13805389404297,11851200
2019-07-25,96.01457980868386,96.07631607934897,95.59782906939863,95.82935333251953,9943100
2019-07-26,96.0300021646534,96.07630583472896,95.82934311423317,95.96054077148438,7285100
2019-07-29,96.07634325436983,96.09178174244511,95.89112261387251,95.89884185791016,7379600
2019-07-30,95.86792755126953,95.9373830521228,95.63639743898126,95.86792755126953,12112000
2019-07-31,95.96829820073357,96.26157059606115,95.55154734005076,95.95286560058594,17422700
2019-08-01,96.20666354195343,96.9805889335665,96.13701309090769,96.7329330444336,16216800
2019-08-02,96.70199293028404,96.85678157954396,96.61686064933687,96.83356475830078,14629500
2019-08-05,97.13540116612576,97.13540116612576,96.84130566689204,96.9032211303711,12715500
2019-08-06,97.18952967053603,97.54553455998428,96.99604836727629,97.5068359375,14920200
2019-08-07,97.87832614577904,98.02537383099256,97.40623127653869,97.49136352539062,24644100
2019-08-08,97.34435227395193,97.79323049870682,97.15087089134204,97.75453186035156,8353800
2019-08-09,97.75451879507338,97.78547652070333,97.4294715328326,97.46817016601562,6375900
2019-08-12,97.74677119925155,98.1569506779851,97.71581347760993,98.07955932617188,8075100
2019-08-13,98.1492526609291,98.24986087179214,97.86289803904843,98.00220489501953,10955000
2019-08-14,98.36592743894879,98.44331880612025,98.1569701571276,98.28853607177734,9070900
2019-08-15,98.4046104602136,99.06244583366139,98.32721910532244,98.76835632324219,11378300
2019-08-16,98.53619341975276,98.98507162227871,98.3427120467243,98.94637298583984,10842200
2019-08-19,98.42009274302774,98.76836271946475,98.28852684073438,98.6213150024414,7226200
2019-08-20,98.94638244614168,99.23273703125213,98.84577424819754,99.19403839111328,11402300
2019-08-21,98.96184329293752,99.62741370653298,98.96184329293752,99.37201690673828,9344000
2019-08-22,99.25595673340732,99.44943813054846,98.96960213998831,99.00830078125,7054000
2019-08-23,98.8999278436693,99.61194370108927,98.88444602906112,99.37201690673828,7998600
2019-08-26,99.43391411084092,99.6196604245629,99.22496279321128,99.37974548339844,6305900
2019-08-27,99.64287875539347,99.99114276590993,99.64287875539347,99.91375732421875,12644100
2019-08-28,100.14592545845474,100.19237089446442,99.84409507478549,99.91375732421875,8935800
2019-08-29,99.88280942676943,99.9137730556511,99.33332901034522,99.69707489013672,17900500
2019-08-30,99.58096552333681,99.71253140537364,99.38748420107747,99.68157958984375,8653700
2019-09-03,99.61872054430594,99.89033510799814,99.28503415469717,99.58768463134766,22683500
2019-09-04,99.38595737906148,99.88261505396267,99.38595737906148,99.77397155761719,8502600
2019-09-05,99.29282346019454,99.51787830927378,98.88152938843204,99.04449462890625,19042800
2019-09-06,99.20741359928256,99.47902812735227,99.16085381532712,99.40142059326172,8914800
2019-09-09,98.9202799917263,98.99011966268509,98.67195129394531,98.67195129394531,7219000
2019-09-10,98.53229359726677,98.54781155494682,97.83386708916787,97.84162902832031,9863400
2019-09-11,97.77954078410285,98.02786953974544,97.70970109687114,97.76402282714844,8165800
2019-09-12,98.29172397172702,98.36932559916835,97.5700175873358,97.63209533691406,11506000
2019-09-13,97.28286434323495,97.4613474562915,96.75516510009766,96.75516510009766,8984600
2019-09-16,97.10439429462598,97.33720509353044,96.94919104243938,97.24407958984375,11464700
2019-09-17,97.20528974956095,97.6321016885677,97.12768811707109,97.49241638183594,12480700
2019-09-18,97.83386034032411,98.1365108195185,97.41480446437237,97.73297882080078,9162300
2019-09-19,98.09774609906854,98.25294940008017,97.9425368774305,98.01238250732422,9042800
2019-09-20,98.31499459637011,98.73405044978412,98.2141071616483,98.68748474121094,10406200
2019-09-23,98.85823500675626,99.00568226395377,98.59438825242965,98.61766815185547,9526600
2019-09-24,98.87378646131371,99.06003162928695,98.78066091701352,98.92810821533203,12638700
2019-09-25,98.77287871994848,98.83496240341739,98.26845915285887,98.36934661865234,13852300
2019-09-26,98.703024770892,98.76510252477541,98.55557752409058,98.578857421875,8377600
2019-09-27,98.67198795151465,98.7263096893158,98.50126079824663,98.60214233398438,8627800
2019-09-30,98.52457011065836,98.9513881212503,98.44696845072178,98.92810821533203,10769500
2019-10-01,98.47366391325586,99.32955545426177,98.47366391325586,99.04166412353516,13233900
2019-10-02,99.01055192230585,99.08835863440109,98.79269075393057,99.00276947021484,11377000
2019-10-03,99.15062780383826,99.53188493088008,99.15062780383826,99.39183044433594,13985000
2019-10-04,99.61747121007448,99.80421447753906,99.55522345425297,99.80421447753906,9168500
2019-10-07,99.52409028339383,99.59411454577335,99.29066420291845,99.29844665527344,6989300
2019-10-08,99.52409291084838,99.5863347225161,99.18951868601248,99.21286010742188,8635500
2019-10-09,99.42290251933451,99.42290251933451,99.03386314122707,99.25172424316406,9929500
2019-10-10,98.92495748130374,98.97164031881641,98.55148290865972,98.6681900024414,7962200
2019-10-11,98.41920473194922,98.63706588816487,98.07685403058376,98.4892349243164,11061500
2019-10-14,98.73824856754881,98.85496163113945,98.58262917067027,98.81605529785156,2276500
2019-10-15,98.85492581854199,98.85492581854199,98.48144533760889,98.55147552490234,13199100
2019-10-16,98.61376500352726,98.74604299097636,98.43481009576617,98.66045379638672,7793500
2019-10-17,98.675972962454,98.96386431323162,98.5903838023923,98.80046844482422,5795300
2019-10-18,98.92497253417969,99.08058597374833,98.85494826725545,98.92497253417969,5978200
2019-10-21,98.73820135863123,98.8160080517329,98.66039466552957,98.69929504394531,6457700
2019-10-22,99.00274010460375,99.018305004169,98.72263127512787,98.87046813964844,5820000
2019-10-23,99.05724455144025,99.10393333232861,98.88606620615143,98.92497253417969,4986100
2019-10-24,99.02609399047546,99.25173757243354,99.02609399047546,99.14280700683594,9154900
2019-10-25,99.18950863624224,99.18950863624224,98.83936954176113,98.97164154052734,6263000
2019-10-28,98.66039776147372,98.76932832248829,98.598150030531,98.67595672607422,9081600
2019-10-29,98.63707351436834,98.72266268039492,98.41143582532199,98.4192123413086,9236700
2019-10-30,98.39586762019141,98.8238134359692,98.37252620047109,98.76934814453125,12250700
2019-10-31,99.13507193244101,99.4307398860471,99.01835886729255,99.36849212646484,18082800
2019-11-01,99.38020527088483,99.7312929476211,99.31779484261601,99.46602630615234,11238400
2019-11-04,99.2007139246746,99.22411856712372,98.96665559548222,98.99786376953125,10122100
2019-11-05,98.56877260089502,98.7404146059922,98.31911312594042,98.4283447265625,10409200
2019-11-06,98.70140165421022,99.00567393112581,98.69359812208775,98.98226928710938,8496500
2019-11-07,98.55319161202986,98.64681616638738,98.10068186116416,98.20990753173828,14799000
2019-11-08,98.1942691506804,98.43612505054526,98.07723999023438,98.07723999023438,6256300
2019-11-11,98.27233614590413,98.29574079932154,98.03828365937667,98.1084976196289,3231600
2019-11-12,98.19430675621565,98.28012777658631,97.9992600648919,98.20211029052734,9936600
2019-11-13,98.48298011047672,98.5687951803318,98.38935555379011,98.43616485595703,10280100
2019-11-14,98.8028505628784,99.01350432086853,98.8028505628784,98.95108795166016,10163800
2019-11-15,98.8808766658183,99.07592337232863,98.77165098636077,98.9666976928711,5411900
2019-11-18,99.11489366394399,99.21631576608719,99.0134715618008,99.07588195800781,9148900
2019-11-19,99.14614640469175,99.3021813938734,99.11493821638476,99.2709732055664,3818800
2019-11-20,99.40360225906434,99.51282793401238,99.32557881779901,99.4113998413086,5395800
2019-11-21,99.21632814614796,99.31775621329781,99.0915013858076,99.17732238769531,8425700
2019-11-22,99.41138196314103,99.48160185718088,99.26315054657115,99.45039367675781,5276600
2019-11-25,99.58303216600032,99.84829874522809,99.57522863216509,99.79368591308594,6808600
2019-11-26,99.90286437350387,100.12131559885476,99.88725731320768,100.05110168457031,8688800
2019-11-27,99.85610705403155,100.08236194074144,99.8483094717109,100.04335021972656,7264000
2019-11-29,100.00430950391957,100.06672585850549,99.73904892545616,99.8404769897461,5260900
2019-12-02,99.40711212158203,99.46969771226972,99.19589321362412,99.40711212158203,14911500
2019-12-03,99.85301282048665,100.26763186747064,99.75131572338353,100.17375946044922,9376800
2019-12-04,100.01726524274686,100.1502610599412,99.71216807524965,100.04073333740234,11177600
2019-12-05,99.88429244037417,100.01728231177671,99.72000978126121,99.93122863769531,5700600
2019-12-06,99.64177028402028,100.02509644817627,99.58700940342658,99.87645721435547,6149500
2019-12-09,100.11898560783399,100.12680432841391,99.83735648624321,99.86082458496094,4545300
2019-12-10,99.99381445668743,100.07986813097844,99.76694622160102,99.86082458496094,6425500
2019-12-11,100.04075714253582,100.36149779329567,100.00164563163258,100.2519760131836,4417100
2019-12-12,100.20500890697812,100.23630765563041,99.48529286865158,99.79039001464844,10375000
2019-12-13,100.16591737797927,100.49449463903916,99.89993763043381,100.43972778320312,12474100
2019-12-16,100.32238951394058,100.37714443401345,100.11116468056595,100.2128677368164,8062600
2019-12-17,100.30677385577837,100.4084769462188,100.11119833538214,100.1346664428711,10886800
2019-12-18,100.14242435344745,100.22065928888964,99.98596641953829,100.06420135498047,10205500
2019-12-19,100.06111334815938,100.27288856780443,100.0062082183099,100.16307830810547,9307000
2019-12-20,100.10816271160057,100.18660373250741,99.99051314865973,100.13169860839844,8336900
2019-12-23,100.24150713583158,100.28856696020007,99.98266613338568,100.17875671386719,3827500
2019-12-24,100.0532349397138,100.36698099969333,100.00617512518981,100.28070068359375,2638000
2019-12-26,100.4297546664934,100.47682646314003,100.24151535358767,100.46113586425781,3879900
2019-12-27,100.6729271572944,100.71213570580228,100.60232543945312,100.60232543945312,8752100
2019-12-30,100.31996835879903,100.79058467796284,100.22584270128179,100.78274536132812,9993800
2019-12-31,100.40616549441114,100.59441666463451,100.31204589350602,100.36695098876953,5499400
2020-01-02,100.66504619357829,100.8454581245775,100.44542572563111,100.57876586914062,15348700
2020-01-03,100.7120851615779,100.95524745713541,100.61012623083742,100.92386627197266,10110900
2020-01-06,100.93960009383991,101.07294026684859,100.50819837621151,100.58663940429688,13894300
2020-01-07,100.5317039156391,100.53954322917868,100.27286294782166,100.32777404785156,8211700
2020-01-08,100.40616835818942,100.64933061481831,100.1394881690766,100.18655395507812,12268500
2020-01-09,100.16306292996212,100.70427482982156,100.13169370418743,100.66505432128906,14415100
2020-01-10,100.76700301675778,101.06506445373844,100.71994320426951,100.94740295410156,8263500
2020-01-13,100.8062326950717,100.82976260345824,100.65720196301208,100.70426177978516,4477400
2020-01-14,100.68071934751377,100.84544065414683,100.64935012970624,100.82975006103516,11066300
2020-01-15,101.02585516194618,101.08075429313442,100.90035433577657,101.04938507080078,8712400
2020-01-16,101.10426382386882,101.26898512106813,100.98661430330868,101.19054412841797,13926100
2020-01-17,101.12780919760552,101.25331001767773,100.86898021277987,101.17488098144531,13727800
2020-01-21,101.46508805165915,101.70823840285045,101.23762829460114,101.66117858886719,16807300
2020-01-22,101.84158053061016,101.8729617194926,101.70824039890185,101.71607971191406,9928600
2020-01-23,101.89650898063628,101.96709871501847,101.76316882621921,101.84944915771484,13623200
2020-01-24,102.06905536076981,102.13964508527414,101.93571522501146,102.0219955444336,11604500
2020-01-27,102.11610008461783,102.32002991474022,102.0768795873286,102.21807098388672,10461200
2020-01-28,102.32003225577591,102.4063125644201,102.06119132984337,102.16316223144531,12055900
2020-01-29,102.43769273572526,102.65731316129597,102.4298414551163,102.49259185791016,11174700
2020-01-30,102.53182897790839,102.71222893492698,102.33573842554372,102.55535888671875,14619200
2020-01-31,102.72010828417707,102.87697837524868,102.57107750871178,102.82206726074219,20194800
2020-02-03,102.6859719608405,102.8668368291053,102.56014770497741,102.74101257324219,11216300
2020-02-04,102.56017443364016,102.62308657796751,102.33212840980998,102.4894027709961,16799300
2020-02-05,102.3635786392676,102.47367189219311,102.3006664948438,102.4264907836914,9587500
2020-02-06,102.45794942496202,102.57591420534645,102.37144671905303,102.37931823730469,11028900
2020-02-07,102.79608200700525,102.92976580101347,102.68598876492416,102.77249145507812,11517200
2020-02-10,102.93764556925353,103.06346987046032,102.85901438044864,103.01628875732422,10405800
2020-02-11,102.92974867561111,103.07130396288542,102.85110551609631,102.86683654785156,10052700
2020-02-12,102.7803500449146,102.86685273428776,102.70171887228838,102.81967163085938,7069100
2020-02-13,102.81969592723709,102.94552023228741,102.73319321742326,102.7489242553711,5437400
2020-02-14,103.0634690959314,103.126381246062,102.89833520119606,103.00055694580078,8254500
2020-02-18,103.1184971264432,103.29150249821271,103.03985395772511,103.19712829589844,9650900
2020-02-19,103.11063602219963,103.24431982310959,103.02413332757978,103.05559539794922,10731500
2020-02-20,103.14211845183007,103.40162658691406,103.1263874135402,103.40162658691406,13706000
2020-02-21,103.62965439642079,103.84198137851118,103.5431516999591,103.60606384277344,12192700
2020-02-24,103.81840689007859,103.92850015722384,103.61393939447588,103.62181091308594,17894700
2020-02-25,103.72403717041016,103.9599547529097,103.60608437879372,103.72403717041016,19930500
2020-02-26,103.40951681160638,103.8341589773897,103.33087359607207,103.3387451171875,23073400
2020-02-27,103.51172559516002,103.72404062714524,102.77252274501768,102.78825378417969,29687900
2020-02-28,103.02414618194128,104.03071657260034,102.82755021502716,103.9442138671875,25073300
2020-03-02,103.97497248446354,104.47959007294251,103.76209539864357,103.84093475341797,15922600
2020-03-03,103.9434416328779,105.64653054633327,103.8803629289315,105.02363586425781,39141000
2020-03-04,105.34685659013887,105.70166359377568,105.06300858102412,105.17339324951172,23702000
2020-03-05,105.43367702847543,105.55194211891671,104.9132865684604,105.1340560913086,22089500
2020-03-06,105.81208068606297,106.0722757767348,105.25227684970285,105.86727905273438,30099900
2020-03-09,103.5176596992161,105.03940480397983,102.77651202408656,103.29689025878906,27166000
2020-03-10,103.21804103144198,103.57284816740061,100.97090911865234,100.97090911865234,30024700
2020-03-11,100.98669438729466,101.13650480429045,97.13897768942059,97.65148162841797,37310300
2020-03-12,95.7433501230681,99.18894595567338,91.24121358207229,92.99160766601562,41021400
2020-03-13,95.79065793864447,97.76970773932459,94.01661082240673,97.02066802978516,33470600
2020-03-16,91.71432287108541,96.23223362855592,90.83912553071426,95.64088439941406,19928900
2020-03-17,94.18221497598492,95.44376476798276,90.98104651525122,91.72220611572266,19074000
2020-03-18,88.87584725811152,90.44489218597712,85.40659726419254,87.13333892822266,23808700
2020-03-19,86.00583914105131,86.73122613408532,82.74947198263233,82.82832336425781,29077100
2020-03-20,85.8402556560479,87.23583718004981,83.41966640263233,84.16082000732422,29390100
2020-03-23,87.57488472244339,90.78393986851286,87.38565463951372,90.38182067871094,36918800
2020-03-24,91.09932581330146,93.60664692799841,90.55528256660287,92.2347183227539,43049700
2020-03-25,92.95223967899958,97.45437901409719,92.40031598365269,96.650146484375,45181000
2020-03-26,96.58705693867871,97.2414849722729,95.60147472501873,96.7289810180664,21893500
2020-03-27,95.86165052585011,96.68165548397951,95.05741223312992,96.53184509277344,27730300
2020-03-30,96.85513579182204,98.55822480388109,96.85513579182204,97.70668029785156,19272700
2020-03-31,97.84068250038185,98.4872299951405,96.9733716402515,97.38337707519531,23901400
2020-04-01,96.8696026787523,96.90912154109,95.89734699933493,95.96849060058594,21859400
2020-04-02,96.16613481435613,97.62055969156515,96.04756612681858,96.22146606445312,22929500
2020-04-03,96.4506542373907,96.62455410834309,95.39145470435577,95.72344207763672,10754100
2020-04-06,96.93280763882659,97.62050078706514,96.61663270371264,97.61259460449219,15631800
2020-04-07,98.25289835905264,98.39517954372542,97.59682367246967,97.7628173828125,17457700
2020-04-08,98.27658580430452,99.60454117880228,97.9208799180733,99.52549743652344,15484100
2020-04-09,102.29206976670471,104.33933101849146,102.04703235851504,104.2049560546875,53580000
2020-04-13,103.69907875965049,103.91250351606722,102.60825451719046,103.19319152832031,20599800
2020-04-14,103.86506371963475,103.94411349738577,102.63196437905593,102.68730163574219,14791600
2020-04-15,102.2841907661333,103.4540650567199,102.2841907661333,103.37501525878906,13687800
2020-04-16,103.24852628156135,103.60423826228073,102.7900640511557,102.86121368408203,12582100
2020-04-17,103.80974513686063,103.92040759597957,102.71102069942842,103.20109558105469,11187900
2020-04-20,102.78218337728916,102.86123317938781,102.14982114441914,102.61619567871094,12057500
2020-04-21,102.52131345304618,102.86121306202591,101.72296367773737,102.2525634765625,16146000
2020-04-22,102.2525432351168,102.44225544871168,101.89684338826537,102.31578063964844,19956600
2020-04-23,102.6952425553312,102.94819229550433,102.52134262428905,102.75057983398438,5833400
2020-04-24,102.58455511355612,102.91654252082243,102.13400508273205,102.67940521240234,14985500
2020-04-27,102.74263372870296,102.83749588063324,101.82572137626909,101.84943389892578,11794700
2020-04-28,102.28417851904516,102.41065335606862,102.02334075197767,102.12609100341797,9232900
2020-04-29,102.6319510574196,102.94022585255021,102.52128861971377,102.7979507446289,7399100
2020-04-30,102.54504404002107,102.87703149203392,102.05496904818867,102.1023941040039,14583200
2020-05-01,101.98348063764449,102.17366397987774,101.29408567033755,101.69821166992188,15442300
2020-05-04,101.84880019680236,102.18161206950288,101.71409149294199,101.85671997070312,9466700
2020-05-05,101.73784412880957,101.99934171436661,101.55559263266579,101.72199249267578,7268800
2020-05-06,101.34164030861187,101.38918312690431,100.4065932598834,100.58092498779297,10662900
2020-05-07,100.86619343330382,101.03259934203889,100.54922720663458,100.850341796875,11194300
2020-05-08,100.49377201599609,100.69980099774102,100.13718874180144,100.36698913574219,12286700
2020-05-11,100.14510940961868,100.26397251728777,99.46363404098658,99.48741149902344,12334800
2020-05-12,100.77110641223076,100.79487782234548,99.99454546888488,100.44622039794922,18760500
2020-05-13,100.86618743828303,101.08013615233259,100.58884427354192,100.67601013183594,13404100
2020-05-14,101.03261944200719,101.52391144773823,100.63641309125423,101.50807189941406,16978300
2020-05-15,101.50807884857274,101.91220500115394,101.40506132112183,101.86466217041016,17987400
2020-05-18,102.11025771605419,103.01360732742921,102.11025771605419,102.44306945800781,15299000
2020-05-19,102.48270819526905,102.74420576642089,102.14196453906942,102.52233123779297,13529000
2020-05-20,102.82348973944008,103.69514873363185,102.7363238400209,103.6476058959961,15068200
2020-05-21,103.79811999976567,103.80603977208715,103.44945655753337,103.56831359863281,11059200
2020-05-22,103.58416523453121,103.79018813618875,103.42568514931347,103.56831359863281,12546900
2020-05-26,103.74265753441455,103.92490904931049,103.38607427787663,103.42569732666016,12864900
2020-05-27,103.75057441323352,103.89321496662342,103.56832290342204,103.85359191894531,10204500
2020-05-28,103.75056676199463,104.10716207354348,103.4890812673671,103.94075012207031,12360900
2020-05-29,104.0913387922133,104.63017365565797,103.93285866127422,104.61433410644531,14092500
2020-06-01,104.37759654976824,104.57618407145411,104.25844888508487,104.56824493408203,15415500
2020-06-02,104.71124207919107,105.10046589346295,104.6397413542163,104.9018783569336,11585400
2020-06-03,104.90981095395517,105.07661766730766,104.53646548202643,104.83831024169922,15198200
2020-06-04,104.9654335319221,105.09253247121059,104.45704989559013,104.52059936523438,9777400
2020-06-05,104.92566907190428,105.21163550353931,104.45700556808534,105.06070709228516,22147400
2020-06-08,105.24344869944312,105.58501342310868,105.1004593791776,105.4102554321289,15872100
2020-06-09,105.46586306850934,105.52941252913847,105.13223749082154,105.18783569335938,17982200
2020-06-10,105.37846639842941,106.05365657781559,104.93363236946482,105.87889862060547,16866200
2020-06-11,105.32288454694555,105.49764255138243,104.16314010385156,104.61591339111328,28279600
2020-06-12,105.4341018275951,105.62475024483295,104.68741067777499,105.12430572509766,16202800
2020-06-15,104.76682352364722,107.10221451889561,104.71122532514192,106.61766052246094,24006200
2020-06-16,107.14989509763105,107.15783423592053,106.02985843690074,106.32377624511719,16299500
2020-06-17,106.44290444016039,106.53028342863809,105.49762596139799,106.11721801757812,20132900
2020-06-18,106.14105948765022,106.37936694855962,105.93453281929993,106.35553741455078,9306600
2020-06-19,106.41114513698447,106.6017814043899,106.14900814848136,106.43497467041016,13741400
2020-06-22,106.43498784966988,106.68917361129175,106.12519175595506,106.33171844482422,10134000
2020-06-23,106.20464444867405,106.49856233438742,106.09343587918994,106.1331558227539,9381300
2020-06-24,105.91865351711819,105.96631259012776,105.4102698703123,105.83922576904297,12357300
2020-06-25,105.94247293571222,106.03780319344921,105.71211673122508,105.95042419433594,19115300
2020-06-26,105.96631360934238,106.12519334866543,105.76772605601091,106.0457534790039,7304900
2020-06-29,106.05365406897778,106.5382080078125,105.79151713936378,106.5382080078125,10954600
2020-06-30,106.68917467031753,106.86393268602696,106.29995082509201,106.84010314941406,11599000
2020-07-01,106.80820792423887,107.43720084833137,106.59324673138353,107.26203918457031,11872500
2020-07-02,107.4531570406646,107.57257995791629,107.31779486935045,107.52481079101562,9733200
2020-07-06,107.61237490021816,107.89103238004861,107.45314031905507,107.80345153808594,12706800
2020-07-07,107.80345770832632,108.02638856447828,107.6681076991498,107.94677734375,11645100
2020-07-08,108.0184295083523,108.05028371523446,107.6681061255705,107.77161407470703,10033100
2020-07-09,107.99458156086814,108.48025511559553,107.81941981005994,108.37674713134766,9809000
2020-07-10,108.52797379025503,108.61555462490375,108.02637336010157,108.17765045166016,9043100
2020-07-13,108.19360651018698,108.3448836422336,107.82735597213612,107.89105224609375,22457200
2020-07-14,108.16175391413834,108.63150022140418,108.12194222818918,108.52003479003906,12505600
2020-07-15,108.66333472110057,108.74295808745944,108.47225807995129,108.73500061035156,8815600
2020-07-16,108.85440985063794,109.1012252470289,108.75887154205266,109.03752899169922,7761800
2020-07-17,109.33216094970703,109.4038147042536,109.029606676525,109.33216094970703,6078400
2020-07-20,109.5709625633203,109.63465881347656,109.3958009125949,109.63465881347656,7244300
2020-07-21,109.80987246125503,109.95319212917559,109.6984070079049,109.77803039550781,7712300
2020-07-22,110.09647981727582,110.1442489817039,109.9531723239916,110.13629150390625,6229900
2020-07-23,110.24775081350874,110.28756249792784,110.00889285581457,110.21589660644531,9544200
2020-07-24,110.00891264372869,110.18407436762371,109.83375091983368,109.96910095214844,9106500
2020-07-27,110.02479378987721,110.10440499095944,109.56300508785732,109.63465881347656,6347600
2020-07-28,109.80988160541736,109.86562041114556,109.48344269741456,109.52325439453125,12922600
2020-07-29,109.62673803956926,110.12036895751953,109.53119970675866,110.12036895751953,7625100
2020-07-30,110.0567108557539,110.1204071493259,109.84174953237743,110.00098419189453,8939900
2020-07-31,109.98498697945169,110.23977199134568,109.81778279679399,110.15219116210938,11788700
2020-08-03,110.0684717535285,110.3796470906292,109.95676809853812,110.29986572265625,10915900
2020-08-04,110.4992876305849,110.70673370361328,110.43545526008852,110.70673370361328,10101900
2020-08-05,110.53919175392524,110.74665003841464,110.4514237508217,110.5551528930664,11602000
2020-08-06,110.89824920705006,111.11366979657456,110.85036579015168,111.0259017944336,8067800
2020-08-07,111.13759287430422,111.20941190415515,110.682803950744,110.71471405029297,7405300
2020-08-10,110.89025687870364,110.89824353516913,110.4354679270747,110.4753646850586,6137100
2020-08-11,110.10836357772756,110.18017045811251,109.70144574742802,109.7812271118164,12870500
2020-08-12,109.70940511734759,109.8929156224228,109.39025535419216,109.50993347167969,11902600
2020-08-13,109.43014383849697,109.49397622835669,108.31310745291074,108.52055358886719,20754500
2020-08-14,108.3928810743832,108.60830165395996,107.9380799457142,108.04180908203125,12409100
2020-08-17,108.31308425113971,108.44872348499247,108.16947053580651,108.26521301269531,9522800
2020-08-18,108.40086474577892,108.70406552392873,108.30512225785046,108.57640075683594,12198000
2020-08-19,108.73599151624668,108.7918494255548,108.19343443900013,108.28917694091797,12168600
2020-08-20,108.7040566759801,108.79182467436475,108.5285206792108,108.67213439941406,12065300
2020-08-21,108.73599616190499,108.90355772220423,108.49662772209949,108.87163543701172,6353900
2020-08-24,108.87960163811087,109.04715099214437,108.60831096408616,108.68013000488281,13093400
2020-08-25,108.28122305658441,108.51260487183157,107.89822862648468,108.20940399169922,12191100
2020-08-26,108.03383479909256,108.25724206076225,107.81841419484277,108.249267578125,6259000
2020-08-27,108.40088510791381,108.42482073439201,107.36362998631476,107.38756561279297,12251100
2020-08-28,107.579013801943,107.7705109013348,107.41145231812779,107.71465301513672,7907500
2020-08-31,107.81045651212632,108.3450391872784,107.76258525387179,108.19345092773438,11874000
2020-09-01,108.14938989779884,108.9090319706799,108.02945090783079,108.8770523071289,13289900
2020-09-02,108.78910121843394,109.39681248249157,108.74911748497647,109.30885314941406,14236600
2020-09-03,109.44480253771653,109.46879034069488,109.01300988278221,109.06897735595703,16452600
2020-09-04,108.75714766048254,108.84510702454345,107.84557434263623,107.9095458984375,13177800
2020-09-08,108.06147964609504,108.29336586578187,107.94154060165823,108.01350402832031,13932300
2020-09-09,108.03747360906975,108.50125817152042,107.95750612538603,108.08544921875,11640000
2020-09-10,107.98950943993981,108.28536719852822,107.85357446433632,108.1654281616211,12624700
2020-09-11,108.21338928573539,108.42929172458336,108.09343806356445,108.24536895751953,9773000
2020-09-14,108.42932120563567,108.7331708748355,108.41332526473214,108.51728057861328,13896200
2020-09-15,108.54125579961395,108.74116233307338,108.53325172942661,108.63720703125,9388500
2020-09-16,108.88509384294647,108.96506134028503,108.55724418571624,108.70917510986328,8868200
2020-09-17,108.9650450543064,108.98903285965733,108.58121576604111,108.73314666748047,12190400
2020-09-18,108.79716522253675,108.845140853967,108.50130736116316,108.53328704833984,9968000
2020-09-21,108.72517908870215,108.72517908870215,108.32536597510136,108.4293212890625,12081100
2020-09-22,108.51728614606309,108.58924958182922,108.36535520300446,108.4932861328125,8295900
2020-09-23,108.47724087673387,108.53320833903754,107.64562319727142,107.7095947265625,17759900
2020-09-24,107.69367163529645,107.79762696587252,107.33384221581063,107.43779754638672,20595000
2020-09-25,107.37377364037235,107.50970859030942,107.1818590162309,107.32579803466797,9793100
2020-09-28,107.56569539287172,107.8855409196463,107.46174010607383,107.86954498291016,8579500
2020-09-29,107.99749011572037,108.09344133530165,107.71762832483331,107.73361206054688,8428600
2020-09-30,107.66965591981094,107.7816030924489,107.48574532219,107.71764373779297,11634700
2020-10-01,107.59260620036886,108.1295259984896,107.55254723162342,108.017333984375,12642600
2020-10-02,107.91318484448426,108.0974977123321,107.70481947142467,108.03338623046875,10829600
2020-10-05,107.77695796033272,107.99332046600416,107.64072564001593,107.67277526855469,10078700
2020-10-06,107.74485200089428,108.14553944770164,107.34416455408693,107.58457946777344,22370600
2020-10-07,107.59265893451496,107.9773279383126,107.4724575133397,107.61669921875,14745500
2020-10-08,107.91315010145262,108.06541329335452,107.79293652615647,107.88108825683594,12101600
2020-10-09,107.8009849825678,108.16961069150362,107.74488285450445,108.1295394897461,9979700
2020-10-12,108.27380863900689,108.78668830099222,108.2657992887315,108.754638671875,5465400
2020-10-13,108.72251141814485,108.81867247567132,108.49812746524421,108.650390625,9228200
2020-10-14,108.81873793010945,108.90688969520141,108.58634449196646,108.754638671875,12994600
2020-10-15,108.74659598252941,108.79467653087917,108.57831406330524,108.64242553710938,13255900
2020-10-16,108.59433929916015,108.88283483464222,108.44208829622337,108.4581069946289,8742400
2020-10-19,108.38600344441065,108.44210558181477,108.19366898075994,108.24977111816406,8634500
2020-10-20,108.16960938778831,108.19364966295029,108.00132746165441,108.0253677368164,13413100
2020-10-21,107.8570770372942,108.08948267532234,107.81700583473616,107.84906768798828,8890100
2020-10-22,107.7849155028071,107.81696511594096,107.51245099313569,107.60861206054688,9661800
2020-10-23,107.63266398710584,107.96923998751542,107.61663306479751,107.88108825683594,12010800
2020-10-26,108.0093457883319,108.19365865589829,107.96126523401152,108.10550689697266,9776600
2020-10-27,108.24170475004989,108.5542404463403,108.19361198845866,108.54621887207031,7023800
2020-10-28,108.51422395077935,108.57031385889107,107.97730400849086,108.00935363769531,13578300
2020-10-29,108.02536077688146,108.02536077688146,107.44836975414101,107.72884368896484,14744600
2020-10-30,107.60064187291286,107.8170043533279,107.15988310685881,107.16789245605469,19875600
2020-11-02,107.57988717797963,107.81277343836312,107.51563973450736,107.5879135131836,18496400
2020-11-03,107.53973562427073,107.7244393734893,107.43533199238975,107.69232177734375,11661900
2020-11-04,108.90493552063108,109.40283779890345,108.86477934407324,109.30647277832031,20019500
2020-11-05,109.6518093800494,109.87668155990657,109.49923548699715,109.71605682373047,14349900
2020-11-06,109.43499024282391,109.48317276306639,109.16997412754313,109.37074279785156,12029700
2020-11-09,109.37074506002618,109.45908376694693,108.52751417650033,108.5435791015625,21273800
2020-11-10,108.27054316762576,108.71222447488967,108.230386979525,108.26250457763672,18849800
2020-11-11,108.41506669308843,108.48734046327024,108.18218046007631,108.46324920654297,3763300
2020-11-12,108.55963995667537,108.89694213867188,108.47131349704335,108.89694213867188,16891500
2020-11-13,109.03342921259198,109.16995040826619,108.91296068421273,109.025390625,8256800
2020-11-16,109.05752873663057,109.41890984128058,109.0013076350018,109.37875366210938,12742500
2020-11-17,109.53135565761875,109.82848936942754,109.42695202743849,109.73212432861328,11832300
2020-11-18,109.89274543979094,110.0854877904945,109.8445629156021,109.96501922607422,11878400
2020-11-19,110.18182931754593,110.70383514403437,110.10955554669147,110.5753402709961,16107800
2020-11-20,110.34245516957635,110.62353620670761,110.15775142588993,110.47898864746094,18308400
2020-11-23,110.55929555014092,110.67172552110661,110.46293050472684,110.61551666259766,8648500
2020-11-24,110.58338786845589,110.64763531732861,110.34246299867013,110.3665542602539,11204400
2020-11-25,110.50304162376139,110.52713287528947,110.32636427659365,110.43075561523438,6709800
2020-11-27,110.67971701974697,110.88048561490344,110.62349593121073,110.82426452636719,3404800
2020-11-30,110.9045569198012,111.24184662852932,110.78408843200805,111.209716796875,11856200
2020-12-01,111.0858634629368,111.26289370577963,110.62719084872977,110.78812408447266,18933600
2020-12-02,110.61108833950337,110.64327007011124,110.22483390170756,110.41796112060547,15637700
2020-12-03,110.7639705466377,111.06975225033378,110.62717669983083,110.85248565673828,18888700
2020-12-04,110.35357548515856,110.51450868060024,110.11216955278817,110.24092102050781,12521200
2020-12-07,110.51452411972647,110.63523324198289,110.2972698008164,110.33749389648438,16697300
2020-12-08,110.53867959933575,110.60305535157167,110.16047972896173,110.20877075195312,12797700
2020-12-09,109.91905094524968,109.91905094524968,109.53279655503759,109.806396484375,20824700
2020-12-10,109.89493162971235,110.36968892441136,109.88687698777052,110.35359191894531,13527600
2020-12-11,110.35358545437138,110.4903792967754,110.17655523986811,110.46623992919922,9023000
2020-12-14,110.22483186877861,110.49843182677539,110.13631676321837,110.3857650756836,8004000
2020-12-15,110.37774886259942,110.62719723416195,110.31337310890271,110.60305786132812,12254500
2020-12-16,110.37776299505273,110.73182354650778,110.14441160164162,110.51455688476562,12326000
2020-12-17,110.88544054104793,110.93381790804446,110.44196083774413,110.67578887939453,12338800
2020-12-18,110.85315521549548,110.88541498839335,110.47418285668532,110.59513854980469,8781900
2020-12-21,110.57103194133099,110.57909073878774,110.20011809869165,110.37751007080078,11925000
2020-12-22,110.61930777148993,110.69993258255707,110.45804584585939,110.6838150024414,10226800
2020-12-23,110.40168522097171,110.72422163228187,110.18397468127561,110.70809173583984,7553100
2020-12-24,110.8531805293598,111.13539824091902,110.8531805293598,111.08702087402344,3397000
2020-12-28,110.92572555692041,111.19180099490697,110.86927711016733,111.15955352783203,6279200
2020-12-29,110.95797366092201,111.2159903094953,110.9499148699814,111.20793151855469,6581800
2020-12-30,111.18374008658031,111.36113191085806,111.10310296518232,111.35307312011719,5343100
2020-12-31,111.30472571893894,111.44987013185593,111.2402307615336,111.37730407714844,6932300
2021-01-04,111.18376456735184,111.18376456735184,110.772544686072,110.81285095214844,14891400
2021-01-05,110.51452026339109,110.51452026339109,110.10330036506997,110.45808410644531,16294400
2021-01-06,109.4824503050582,109.64371231819668,109.17604386764305,109.5630874633789,19136500
2021-01-07,109.30505213634702,109.61951735017414,109.28892224490653,109.54695129394531,11886100
2021-01-08,109.48240033177959,109.5710962440459,109.21631259498061,109.46627044677734,13341400
2021-01-11,109.24860456735476,109.24860456735476,108.99057554525102,108.9986343383789,7557700
2021-01-12,108.94220639016265,109.28891907330679,108.64387107643381,109.23248291015625,16766200
2021-01-13,109.46631162504815,110.17587919009888,109.44212294019432,110.0791244506836,16490700
2021-01-14,110.10332178912972,110.1678290549772,109.53082749442268,109.6033935546875,22050500
2021-01-15,109.85334222045239,110.07104035843541,109.69206793579762,109.772705078125,13680700
2021-01-19,109.73241479705283,110.04688004760104,109.70016731390847,109.96625518798828,12807500
2021-01-20,109.94204631665872,110.07104852905772,109.8775390587085,109.93397521972656,12218400
2021-01-21,109.47436936253166,109.60337156484184,109.33729606392053,109.4985580444336,25084300
2021-01-22,109.4663308694234,109.58728661845872,109.33732862869151,109.41795349121094,15998800
2021-01-25,109.61951701620121,109.95817091440617,109.60338712480987,109.88560485839844,14603700
2021-01-26,109.675990479882,110.02270325104864,109.6276130981848,109.87757110595703,11926900
2021-01-27,109.9984785482847,110.0146084380714,109.64369479398293,109.68401336669922,13822700
2021-01-28,109.69206534382886,109.80494995831948,109.46629611484761,109.5066146850586,16896900
2021-01-29,109.19215875728688,109.5791899963427,108.82125740837957,109.3373031616211,18131600
2021-02-01,109.36716493209074,109.63377766745803,109.31869213070986,109.55299377441406,10682300
2021-02-02,109.23793247820869,109.3591145085519,109.10057640678612,109.26216888427734,12710600
2021-02-03,109.06828138555505,109.13291592052418,108.9632487252581,109.00364685058594,13189600
2021-02-04,108.91475801294641,109.24600532732794,108.76933957898866,109.18944549560547,10689500
2021-02-05,109.26213784299694,109.37524514844196,108.84201971087036,108.89856719970703,12016300
2021-02-08,109.01173419787432,109.39954145270309,108.96326137296533,109.36721801757812,13460300
2021-02-09,109.44795314355207,109.46411485208715,108.9712875278257,109.19750213623047,11755100
2021-02-10,109.37528602807585,109.51262978403699,109.30256447557475,109.45606994628906,9414500
2021-02-11,109.50451360319238,109.5206753136419,109.10055713636557,109.16519165039062,9241100
2021-02-12,108.75319064858576,109.01980346995374,108.72087954650014,108.80973815917969,13717100
2021-02-16,108.27649984634132,108.49462747255693,108.02604879772619,108.04219818115234,21429200
2021-02-17,108.53499278499574,108.60770197175995,108.28454181207242,108.58346557617188,16195400
2021-02-18,108.36536891194072,108.54311074877582,108.13106725076109,108.37344360351562,15414100
2021-02-19,108.09071553609685,108.17958649266292,107.57365151456112,107.58981323242188,13678500
2021-02-22,107.40394978470873,107.63016442499081,106.84648787552315,106.91919708251953,17978100
2021-02-23,106.57185268817034,107.02428219058366,106.4506582893086,107.00004577636719,23482500
2021-02-24,106.35367749513084,107.18582698238107,106.11938812585007,107.16159057617188,18120000
2021-02-25,106.42636893984302,106.57179968058564,104.85094116047503,105.46495056152344,35471200
2021-02-26,106.19212427993514,106.90309191647512,105.82856576680571,106.8626937866211,23284400
2021-03-01,106.57038303928057,106.99944846910357,106.57038303928057,106.96707153320312,23890800
2021-03-02,106.94278997778629,106.95088112385822,106.6756339226752,106.84563446044922,13633400
2021-03-03,106.28705103773684,106.74041469031341,106.003712651885,106.05228424072266,24043300
2021-03-04,106.09276537319973,106.18181740428078,105.08890723673119,105.18605041503906,21771800
2021-03-05,104.91080015082146,105.18604738335823,104.65174756516808,105.04842376708984,23789400
2021-03-08,104.86222766498406,104.93508504599107,104.05266826829437,104.06886291503906,15029200
2021-03-09,104.60318739868468,104.9350974022092,104.56270695350437,104.8541488647461,21900300
2021-03-10,105.00797079783695,105.47750444899121,105.00797079783695,105.34798431396484,19440400
2021-03-11,105.47750413501208,105.68799751548701,105.29130890473634,105.41275024414062,20622100
2021-03-12,104.53840058337912,104.66792068840948,104.1579067087825,104.1983871459961,14352000
2021-03-15,104.29555096241464,104.65985026367423,104.29555096241464,104.55460357666016,10111200
2021-03-16,104.60317655244094,104.74889131650396,104.32791696549484,104.48173522949219,11356900
2021-03-17,104.01220636077142,104.8055836049764,103.87458272115992,104.57889556884766,19086100
2021-03-18,103.63168044447613,104.12551210634308,103.55073192707327,103.97979736328125,21368700
2021-03-19,103.97169184897007,104.20647095654431,103.81788596301791,104.13361358642578,19776100
2021-03-22,104.48174905385038,104.80558027166477,104.37650236394846,104.50603485107422,16677200
2021-03-23,104.50604595476698,104.91082575536912,104.50604595476698,104.81368255615234,32228000
2021-03-24,104.60319340179424,105.1779737564894,104.60319340179424,105.12940216064453,13435400
2021-03-25,105.18604152331245,105.25891125377996,104.79745649003286,105.00794982910156,12945900
2021-03-26,104.79749596846062,105.09704144392477,104.70035276176964,104.93511962890625,14315000
2021-03-29,104.97556969622899,105.00795899101728,104.52221839236543,104.68412780761719,11279900
2021-03-30,104.64363823545048,105.07270370723526,104.4169626032961,105.00794982910156,20219000
2021-03-31,105.16985768119761,105.55035156233014,105.10509145112236,105.28319549560547,23764600
2021-04-01,105.82179959724147,105.97590648464227,105.5703346842769,105.94346618652344,16390900
2021-04-05,105.60279188440634,105.69201817939272,105.38377963724531,105.4243392944336,17015500
2021-04-06,105.5784712324715,106.1624957102572,105.5784712324715,106.13004302978516,15762000
2021-04-07,106.08951512745202,106.19496780494858,105.78128883312141,105.91918182373047,10976500
2021-04-08,106.05702677087413,106.32470564682521,105.9921337969706,106.30847930908203,7452800
2021-04-09,105.96781855729952,106.34095012663478,105.88669923181362,106.08948516845703,7568300
2021-04-12,106.01646550569171,106.07325149839623,105.870465599427,106.06513214111328,10579800
2021-04-13,105.94346738522901,106.54371811230621,105.90290772931974,106.53559875488281,9582100
2021-04-14,106.38961029052734,106.49505055475068,106.21115768698562,106.38961029052734,10219300
2021-04-15,106.79515546819934,107.33051314512485,106.78703611193025,107.0466079711914,17234400
2021-04-16,106.4869607752016,106.81141335565034,106.3004011602972,106.3166275024414,21100200
2021-04-19,106.08136929068925,106.17870257145283,105.95970268973477,106.04080963134766,10868200
2021-04-20,106.00835748461492,106.41392927857116,105.97590480993983,106.24358367919922,11996200
2021-04-21,106.30847002420715,106.60858917236328,106.17868408773548,106.60858917236328,10473600
2021-04-22,106.70592042624928,106.80325367694567,106.47068190097771,106.71402740478516,16487100
2021-04-23,106.84388151107623,106.98177449658768,106.65732186915774,106.8033218383789,15170600
2021-04-26,106.8276233759726,106.97363567881663,106.73839707342088,106.75462341308594,10915200
2021-04-27,106.74651156520193,106.77895186598238,106.27604675292969,106.27604675292969,10418200
2021-04-28,106.26794115209466,106.34906048015246,105.91915527100397,106.29227447509766,15731100
2021-04-29,105.99213760558061,106.20303049554316,105.74068505833728,106.16248321533203,11697300
2021-04-30,106.22738570658689,106.45450495521925,106.15437336611373,106.3814926147461,11860200
2021-05-03,106.57246230558235,106.81626949362347,106.36114620770743,106.63748168945312,9029900
2021-05-04,106.85694945344751,106.96260754321642,106.53998758532502,106.70252990722656,14006800
2021-05-05,106.564334463562,106.87317345790171,106.564334463562,106.83253479003906,5722300
2021-05-06,106.87320901841957,107.08451279996116,106.76755092705656,107.03575134277344,9383600
2021-05-07,107.34454765990536,107.55585135723618,106.8975471451868,107.07634735107422,11267200
2021-05-10,106.88946796496235,107.09264897258977,106.49122872558618,106.49935150146484,9705000
2021-05-11,106.0929720912277,106.29615306554159,105.99544919193542,106.1092300415039,12179400
2021-05-12,105.75978066655817,105.90606503755589,105.4753222991501,105.53221893310547,12569900
2021-05-13,105.75974724691258,106.09295456484337,105.75974724691258,105.93041229248047,9508200
2021-05-14,106.32053092126614,106.53183463977841,106.19861491347848,106.50745391845703,8987200
2021-05-17,106.50748275221864,106.51560552779786,106.32055970442384,106.38556671142578,6001600
2021-05-18,106.19864461625293,106.24740607253383,106.0198443424335,106.03610229492188,8835300
2021-05-19,105.94667449842954,106.206739664427,105.63783548770041,105.84915161132812,20069600
2021-05-20,106.17427811339553,106.6050209031669,106.17427811339553,106.57251739501953,10498100
2021-05-21,106.72687669148334,106.80814161655346,106.53994132134648,106.64559936523438,7826100
2021-05-24,106.87315963617796,106.99506322282,106.75937882158583,106.93817901611328,5756400
2021-05-25,107.01948205830169,107.36895979978351,107.00323650841555,107.33645629882812,11428000
2021-05-26,107.18201812853415,107.38519907742739,107.06823729320118,107.279541015625,28568500
2021-05-27,107.12513284390249,107.13326801947473,106.48308643399228,106.9544677734375,15033000
2021-05-28,107.02758818371476,107.32829199036819,107.00320746432014,107.0438461303711,10432400
2021-06-01,107.03328034937176,107.08213713109699,106.76455562445533,107.05770874023438,6390600
2021-06-02,107.13100041987232,107.29386051065762,107.12286176423302,107.22871398925781,8140400
2021-06-03,106.91926298876484,106.99254815171462,106.78083131693992,106.80525970458984,10028100
2021-06-04,107.15541988817633,107.57072737433424,107.11470176251395,107.56257629394531,11427200
2021-06-07,107.46486091792984,107.53000743280403,107.37528601315623,107.4729995727539,5000100
2021-06-08,107.74986162420971,107.92086033169538,107.74986162420971,107.88014221191406,10626800
2021-06-09,108.28731918078903,108.43390195483143,108.12445909607479,108.27104187011719,12152200
2021-06-10,108.09189818305089,108.76777937712488,108.01046192335862,108.75962829589844,16424100
2021-06-11,108.84915924072266,108.95502385047185,108.65371975166809,108.84915924072266,12707000
2021-06-14,108.7026121817869,108.71888949028684,108.30359446586445,108.45016479492188,8327200
2021-06-15,108.35247400578481,108.56420331502913,108.27105016989995,108.53162384033203,17848200
2021-06-16,108.6619344879593,108.8818024887749,107.92090663643965,108.22219848632812,22698500
2021-06-17,108.48273534643921,109.32961505960412,108.48273534643921,108.82474517822266,22735800
2021-06-18,109.02832952252157,109.58206863303197,108.93061597231281,109.39476776123047,21169700
2021-06-21,108.91434973405653,109.05278143519043,108.68634311743261,108.75962829589844,22492000
2021-06-22,108.40948330902094,108.9469203943488,108.39319357145673,108.93878173828125,12098400
2021-06-23,108.784023278276,108.95503440093626,108.67002000497746,108.76774597167969,12519100
2021-06-24,108.8735894290227,109.02017215460019,108.82473266230484,108.97945404052734,8241300
2021-06-25,108.98762638295085,109.06091155568124,108.4176098860016,108.69447326660156,10981600
2021-06-28,108.95502171593928,109.2155952708168,108.92244225568994,109.15859985351562,12359900
2021-06-29,108.96321541913784,109.2970867155445,108.93064836785828,109.28894805908203,11194400
2021-06-30,109.46806721393041,109.6227886389091,109.33778660512047,109.41107177734375,17381500
2021-07-01,109.36458463994113,109.45432854734405,109.1116733869521,109.31563568115234,11062700
2021-07-02,109.34826276970574,109.63381495747566,109.28299334253346,109.62564849853516,6896200
2021-07-06,109.75618180802584,110.2864787598134,109.75618180802584,110.0254135131836,11499900
2021-07-07,110.24566725718182,110.54752737042321,110.12328245128954,110.40068054199219,16902400
2021-07-08,110.35990391698431,110.629135595977,110.27016002398675,110.45780181884766,17494900
2021-07-09,109.97643924016079,110.04170864901019,109.91116983131137,109.99275970458984,13192600
2021-07-12,110.09880571670361,110.14775465850776,109.85404855881667,109.93563842773438,12577200
2021-07-13,110.05801440917435,110.10697580145818,109.34822983189106,109.52771759033203,19922400
2021-07-14,109.83777350995629,110.05804381418514,109.8296070512938,110.0335693359375,14420100
2021-07-15,110.31911344266013,110.37621640477015,109.95198384693593,110.2701644897461,15859100
2021-07-16,109.97643474366721,110.24566637583818,109.97643474366721,110.11512756347656,9624600
2021-07-19,110.66989100387006,111.02071248113465,110.62094206491814,110.906494140625,21808500
2021-07-20,111.25736371394844,111.39605659940905,110.6046942409272,110.75154113769531,24764800
2021-07-21,110.335457464119,110.49862482495475,110.16412364347491,110.35993194580078,22385000
2021-07-22,110.44967331288909,110.8739059514982,110.35992939916959,110.81680297851562,6074900
2021-07-23,110.38440265147672,110.7760067938609,110.34360770044538,110.76785278320312,11455300
2021-07-26,110.865734047664,110.865734047664,110.4496554869561,110.52307891845703,8684600
2021-07-27,110.90653295302864,110.99627685546875,110.68625020179026,110.99627685546875,10506100
2021-07-28,110.75962537547956,111.20019068599224,110.65357349980118,111.19202423095703,12225700
2021-07-29,110.85758571809234,110.9636376416264,110.7678418142589,110.87389373779297,15828800
2021-07-30,110.92288631366044,111.10236172289125,110.89839937948848,110.96366882324219,11148100
2021-08-02,111.0887227920775,111.5709324780047,111.03151760329801,111.28488159179688,12042700
2021-08-03,111.309379821353,111.48100782791381,111.26851185321613,111.39928436279297,13121700
2021-08-04,111.66078892117599,111.79156139797256,110.92521556370743,111.42377471923828,14426200
2021-08-05,111.2440001047048,111.26851839279735,110.94159957079415,110.96611785888672,13960900
2021-08-06,110.32860490595108,110.46754601309291,110.04254161579586,110.05889129638672,8641500
2021-08-09,110.08338274006238,110.18145585738998,109.58482360839844,109.58482360839844,14166600
2021-08-10,109.71559021246013,109.72375881475091,109.3396224975586,109.3396224975586,12103500
2021-08-11,109.33965865923957,109.78918135687354,109.16803065633103,109.51129913330078,15902200
2021-08-12,109.51944762225341,109.69108806478847,109.41319342110549,109.66655731201172,14593200
2021-08-13,109.93628068040834,110.43483990316871,109.84637614938102,110.40215301513672,17846600
2021-08-16,110.67184133729614,110.87616863650636,110.4429957598726,110.46751403808594,15203000
2021-08-17,110.28775013420702,110.44304094051778,110.18967698123336,110.27140045166016,15055900
2021-08-18,110.27955365921119,110.42667583928298,110.00985252619158,110.19783020019531,9134600
2021-08-19,110.36947408004006,110.541114569637,110.20601466732866,110.45121002197266,15681600
2021-08-20,110.57378632584417,110.65552225658688,110.377640045905,110.52474975585938,10782100
2021-08-23,110.60649871826172,110.71275294651569,110.50024449000773,110.60649871826172,12064300
2021-08-24,110.50021332348996,110.58194924080924,110.26319911710412,110.35310363769531,13782900
2021-08-25,110.35311037607565,110.44301490215658,109.93627463190457,110.06704711914062,15533600
2021-08-26,110.19782217024147,110.21417184931407,109.88724062361754,110.03436279296875,14673700
2021-08-27,110.1569482905618,110.68819435594763,109.98532031854809,110.6473388671875,11670000
2021-08-30,110.5410724410473,110.87617221564491,110.51655416204251,110.8353042602539,9119900
2021-08-31,110.80263196730203,110.97425994293276,110.50021903451103,110.58195495605469,15644700
2021-09-01,110.79810092191676,110.84722244310345,110.42967702025942,110.72441864013672,16028100
2021-09-02,110.83086864897686,110.92092895507812,110.69168681095852,110.92092895507812,11822200
2021-09-03,110.45420721836318,110.60157174114774,110.3805249569709,110.51970672607422,7681300
2021-09-07,110.11857714041561,110.11857714041561,109.8074574601054,109.99577331542969,14271400
2021-09-08,110.18402054737047,110.42964056497645,110.03664353970566,110.34776306152344,16045000
2021-09-09,110.4951854292682,111.12559499218823,110.39692988623848,111.06829071044922,18014200
2021-09-10,110.95366663486193,111.01916616417994,110.60160822637238,110.74898529052734,10776600
2021-09-13,110.99461190511857,111.16653724848781,110.97003864902155,111.01917266845703,13159800
2021-09-14,111.15837226032143,111.55953978748211,111.08467746576734,111.3548583984375,16550300
2021-09-15,111.31389145475117,111.3466349682233,111.05189337595012,111.22383117675781,14194400
2021-09-16,110.89635287971582,111.13379024154965,110.8308533486154,111.06829071044922,16282400
2021-09-17,110.7652998305874,110.8553600803604,110.60975257439044,110.82261657714844,15769600
2021-09-20,110.8390416522116,111.20746556040069,110.8390416522116,111.1665267944336,17519900
2021-09-21,111.18293173865948,111.25661403959882,111.07649341990683,111.15837097167969,15834600
2021-09-22,111.16651991246222,111.51857828667556,111.04371611492073,111.46944427490234,15898200
2021-09-23,111.10922229247221,111.10922229247221,110.52792179952812,110.69985961914062,14735500
2021-09-24,110.57705392113797,110.65073621113889,110.34781180151828,110.46243286132812,10797300
2021-09-27,110.22501550316022,110.49519641101755,110.1513207153741,110.40513610839844,13104100
2021-09-28,109.75015722811307,109.75015722811307,109.20979539268912,109.2261734008789,19987200
2021-09-29,109.52908428780331,109.76652165251232,109.09516082017188,109.20159912109375,14956300
2021-09-30,109.14430411164783,109.20162089826928,108.86594041515708,108.9150619506836,21397100
2021-10-01,109.28824422300728,109.87066101827446,109.24722684022827,109.70660400390625,21381400
2021-10-04,109.45233250644677,109.64920848998217,109.30468490635879,109.52616882324219,12931100
2021-10-05,109.42772664012165,109.51795990301923,109.07500457763672,109.07500457763672,14635200
2021-10-06,109.09957435766185,109.20621704472397,108.91910789497857,109.10777282714844,13855500
2021-10-07,108.86993219159831,108.95196698370464,108.59103392523987,108.62384033203125,15805500
2021-10-08,108.50900751422417,108.53361545040637,108.04144421000952,108.12346649169922,9079400
2021-10-11,107.93477493752013,108.14804783757953,107.90195601951112,107.91836547851562,4337000
2021-10-12,108.3530935063279,108.64840110627647,108.14801913182879,108.60738372802734,19870400
2021-10-13,108.77967051776456,109.18981933767668,108.73865313242362,109.15701293945312,18260300
2021-10-14,109.35390483345137,109.67382049560547,109.28008103066624,109.67382049560547,15870000
2021-10-15,109.27185371471941,109.32926804059097,109.09958570360749,109.2800521850586,13131700
2021-10-18,109.09957084870895,109.33745162364201,108.8616900737759,109.18980407714844,11530300
2021-10-19,108.91915572294667,108.96017312188553,108.5910415649414,108.5910415649414,12213200
2021-10-20,108.53357323992883,108.69763025625666,108.30389091372027,108.32849884033203,13810200
2021-10-21,108.27927474782703,108.3284905973056,108.00037658961708,108.09880828857422,13131000
2021-10-22,108.35308763602673,108.64019675146922,108.26285441546588,108.53355407714844,13735100
2021-10-25,108.52537223821986,108.80427041114565,108.4925533256711,108.5827865600586,8206800
2021-10-26,108.86991039898165,109.06678635057679,108.60740913018812,109.05037689208984,10100600
2021-10-27,109.53436959443144,109.96912644837296,109.29648872815751,109.71483612060547,15928300
2021-10-28,109.68205482667922,109.82150398942285,109.33751864018956,109.5508041381836,18514400
2021-10-29,109.10779099441062,109.69020786036477,109.0585751358017,109.49333190917969,17367800
2021-11-01,108.99361119620953,109.37169575007516,108.99361119620953,109.29771423339844,11894200
2021-11-02,109.29770585039154,109.78264280342276,109.29770585039154,109.71688842773438,18047600
2021-11-03,109.83196525419213,109.92237596116372,109.2401883615355,109.43743896484375,11847700
2021-11-04,109.56074092761109,110.16073245763467,109.56074092761109,110.0127944946289,20135500
2021-11-05,110.4155573015572,110.9580217511585,110.31693196212814,110.81829833984375,15840400
2021-11-08,110.70321521234509,110.71965694698959,110.41554129222632,110.56349182128906,8494200
2021-11-09,111.13056128404887,111.21274483664082,110.84288749656916,110.85932922363281,18075300
2021-11-10,110.68677031990465,110.70321205408008,109.51965802081962,109.72513580322266,23397300
2021-11-11,109.75800481334649,109.87307186782787,109.35527639334582,109.41280364990234,6168900
2021-11-12,109.5607317563251,109.65935705673971,109.14154914683145,109.29771423339844,11897100
2021-11-15,109.19087598965174,109.2319615045353,108.45937573732773,108.46759033203125,12353400
2021-11-16,108.40184071938201,108.77992529559887,108.22923389208667,108.28677368164062,18709500
2021-11-17,108.16348815470768,108.75526505360568,108.07307744678253,108.72238159179688,14541100
2021-11-18,108.64841122263698,109.05936670041903,108.64841122263698,108.96895599365234,14086100
2021-11-19,109.23200854850099,109.48681159044003,109.2237939502596,109.37995910644531,17682900
2021-11-22,108.94433702345411,109.11693136013733,108.38543086052084,108.42652893066406,13745400
2021-11-23,108.17172342612791,108.24569241728757,107.65391540527344,107.65391540527344,10986900
2021-11-24,107.63748520358419,108.18816414600244,107.51419101143875,108.17172241210938,14019900
2021-11-26,108.50868813097985,109.10046502374502,108.33608131168755,109.05113983154297,14399300
2021-11-29,108.60734452314924,109.20733618235514,108.53337552572033,109.12515258789062,21231700
2021-11-30,109.50321826263803,109.91417383485984,109.1251461593605,109.36349487304688,28873400
2021-12-01,109.3215043595246,109.47795048483982,108.97568203384985,109.37913513183594,18070800
2021-12-02,109.40383593792762,109.70025686936305,109.18152966230272,109.63438415527344,17305900
2021-12-03,109.60967572111662,110.79535936316609,109.56851627115948,110.54833984375,25739900
2021-12-06,110.50718887085279,110.53188956829572,109.9308057600224,109.98844909667969,25332000
2021-12-07,110.03781127929688,110.39187542303343,109.90606589725857,110.03781127929688,17338200
2021-12-08,109.75792085303594,109.80732225691251,109.1321362334316,109.3050537109375,17408000
2021-12-09,109.46146652957586,109.64261333124736,109.17327500948011,109.21444702148438,12348300
2021-12-10,109.74964665672334,109.78258929225187,109.28855027079767,109.33795166015625,12792300
2021-12-13,109.77436996087444,110.08724964342201,109.7414273223313,109.83200073242188,10264200
2021-12-14,109.53556978152477,109.65084387800619,109.18974749208053,109.33795166015625,17725400
2021-12-15,108.99215654294005,109.53559708923495,108.95099708416949,109.47796630859375,20585100
2021-12-16,109.54065494841018,109.80465413658216,109.32616504915107,109.47465515136719,9750200
2021-12-17,109.59840545500377,109.83764369582138,109.59840545500377,109.73039245605469,8753100
2021-12-20,109.53237138803753,109.64786784542714,109.18588201586874,109.25186920166016,12931400
2021-12-21,108.4681328147582,109.47460724996901,108.4681328147582,109.46636199951172,12933300
2021-12-22,109.61489245943848,109.64789864977666,109.3591511310974,109.63964080810547,7850800
2021-12-23,109.53240969434512,109.57366114101876,109.24366215580379,109.47465515136719,8401200
2021-12-27,109.50765179356405,109.887134858248,109.45814250896902,109.79638671875,8744200
2021-12-28,110.01910513219073,110.06035656427754,109.51586787233907,109.65611267089844,6864300
2021-12-29,109.21062666852139,109.3178652829373,108.89713089983798,109.05387878417969,7263000
2021-12-30,109.21061456832106,109.51585246411275,108.97962168693795,109.49110412597656,5566900
2021-12-31,109.4993797724654,109.746875810699,109.26838682695976,109.32614135742188,8514500
2022-01-03,108.71564443762583,108.72388968926926,108.16291046142578,108.16291046142578,18199400
2022-01-04,108.02267678724317,108.27017283192762,107.81643218136809,108.25366973876953,18748000
2022-01-05,108.46818860528475,108.46818860528475,107.5937132566169,107.61846160888672,16107500
2022-01-06,107.39567706022041,107.64317308631026,107.24718699746897,107.47817993164062,19336300
2022-01-07,107.33793827149962,107.4121833050547,106.80995260815611,107.01619720458984,17750800
2022-01-10,106.75220767742104,106.9832006391428,106.44696967546852,106.9172134399414,14253400
2022-01-11,106.92547201347087,107.30496769110368,106.81822077210585,107.23896789550781,17231000
2022-01-12,107.43695543668458,107.5607097748474,107.15646574459387,107.16471099853516,12733100
2022-01-13,107.33794414834826,107.51119515763355,106.99145471794951,107.50293731689453,13468500
2022-01-14,107.007947458879,107.02443796241798,106.50471016118634,106.55420684814453,14308300
2022-01-18,105.94373506902332,106.0014896050432,105.49000068071274,105.53949737548828,15266600
2022-01-19,105.81997950099786,106.1664689073118,105.6797346880735,105.70448303222656,16057900
2022-01-20,105.83651587545836,106.00976694778934,105.53952932281949,105.64677429199219,22915800
2022-01-21,106.15821017319033,106.51295741668194,106.10871348530101,106.33970642089844,21504700
2022-01-24,106.3727123431557,106.42220903092321,105.93547481698154,106.00971984863281,22567100
2022-01-25,105.99322768883566,106.24896899412563,105.67148659699149,105.71273803710938,17247300
2022-01-26,105.99322589853094,106.10872237600694,104.89600936250886,104.99500274658203,23220800
2022-01-27,105.35800859891208,105.64674982912433,105.03626747180603,105.23426055908203,22292800
2022-01-28,104.65674508202632,105.39097524754308,104.64849353688435,105.34972381591797,21294200
2022-01-31,105.21774995375901,105.4982395994276,104.98675699989406,105.39924621582031,20325100
2022-02-01,105.4587561766258,105.64886408974485,105.01242792257925,105.57447814941406,17587300
2022-02-02,105.74803046206155,106.04558677582864,105.4752694567701,105.58271789550781,22644800
2022-02-03,104.82232752536024,104.91324788519313,104.52477113064009,104.73140716552734,23396800
2022-02-04,103.8800492993058,103.97923684864318,103.40891947550605,103.68994140625,26115800
2022-02-07,103.5907615190297,103.98749910951246,103.48330676266663,103.88005065917969,12756600
2022-02-08,103.76435349054954,103.8800691672263,103.49159240722656,103.49159240722656,22126100
2022-02-09,103.9131068345539,104.21066316227216,103.81391928997118,103.83871459960938,19616400
2022-02-10,103.28495302054694,103.47506094379841,102.40881826667871,102.42534637451172,39583900
2022-02-11,102.64851188786349,103.28494805837335,102.24350074605358,103.18576049804688,21553500
2022-02-14,102.6154728873268,102.73945578964418,102.21046795872027,102.26832580566406,22793600
2022-02-15,102.15257409159007,102.36747730602694,101.7558364868164,101.7558364868164,15673700
2022-02-16,102.0533954917289,102.06992359817734,101.35083430610304,101.90461730957031,27148800
2022-02-17,102.02857793866184,102.30133262480477,101.73928253761466,101.9789810180664,24384600
2022-02-18,102.29308426005876,102.60716870084349,101.87981227195934,102.22695922851562,19233800
2022-02-22,101.87153958739873,102.10297087932217,101.76409114644277,102.0947036743164,18011000
2022-02-23,101.85501646985257,101.95419771065829,101.14418814927123,101.16898345947266,16579900
2022-02-24,101.22687527874285,101.73106777558733,101.02023921629943,101.6484146118164,29245000
2022-02-25,101.92940307388555,102.55757826260233,101.68143735817284,102.06165313720703,19073700
2022-02-28,102.44186635091462,103.3180009813064,102.44186635091462,103.15269470214844,23474500
2022-03-01,103.39784043127003,104.22608332989536,103.36471627603784,103.5055160522461,28504600
2022-03-02,102.80981279215968,102.9506189203127,101.90703085449562,101.93187713623047,24849900
2022-03-03,102.3128343684018,102.58615601509177,102.07264319273406,102.30455017089844,14144600
2022-03-04,102.97545852988111,103.07484365038098,102.34599205107925,102.40396881103516,17402800
2022-03-07,101.78278044752903,102.11407890704093,101.04564469258612,101.1615982055664,16164900
2022-03-08,100.48246166436546,100.90486745262321,100.06005587610771,100.5570068359375,20045200
2022-03-09,100.68118950338588,101.04561834572624,100.56523602063956,100.73088836669922,27652200
2022-03-10,100.11801140223056,100.15942607976022,99.2152295668162,99.57965850830078,34185900
2022-03-11,99.63766050281936,99.73704564367576,99.44716178452092,99.53826904296875,20701300
2022-03-14,98.65203592216788,99.03302698902225,98.06398408078442,98.09711456298828,18624900
2022-03-15,98.56919500927944,98.95018600707449,98.41182682708435,98.86736297607422,24022000
2022-03-16,99.30635895952518,99.7618889190266,98.28761706352358,99.71219635009766,32561800
2022-03-17,100.22570004279817,100.94626750098043,100.076616030934,100.68951416015625,23878300
2022-03-18,100.34163806678086,101.03735913531125,100.34163806678086,100.88827514648438,21675100
2022-03-21,100.12629258822099,100.34992172976277,99.35602636989607,99.4885482788086,17919300
2022-03-22,99.17383739568733,99.38089819234051,99.0495996538966,99.24838256835938,16780900
2022-03-23,99.43057551564183,99.66248254655763,99.09927704905097,99.52996063232422,16949300
2022-03-24,98.8921836793068,99.72042641310502,98.42836345146618,99.57134246826172,20466500
2022-03-25,99.20694396168773,99.23179024025639,98.42839353190965,98.78453826904297,23247400
2022-03-28,98.95848516127772,99.48856022257941,98.83424743650538,99.33119201660156,18691100
2022-03-29,99.84468748483336,100.22567847338408,99.62934255426397,100.1677017211914,23812400
2022-03-30,99.79498470332913,100.50727409893459,99.74529215167958,100.39960479736328,17696700
2022-03-31,100.4410170849614,100.68120829232878,99.98548726601669,100.1677017211914,19905200
2022-04-01,99.64896103752505,100.7611549892279,99.55766129774555,100.50385284423828,16506800
2022-04-04,100.57023899923483,100.88564035652497,100.24654227216372,100.8524398803711,19647900
2022-04-05,100.54534595184403,100.586848132486,99.06795950673929,99.08455657958984,22750400
2022-04-06,98.03047479482731,98.96836461530799,97.7731789883999,98.50357055664062,25447400
2022-04-07,98.37905652891737,98.45375918205636,97.86446498829808,98.04705810546875,21292700
2022-04-08,97.3166562869142,97.57395202985194,96.98465789878456,97.27515411376953,16072800
2022-04-11,96.69422436547049,96.76892072674144,96.09662814591614,96.32902526855469,20685500
2022-04-12,96.97634760308843,97.25024672394656,96.38705352424768,96.39535522460938,25029100
2022-04-13,96.40370157189966,96.95149373496996,96.36219938321247,96.89339447021484,21276200
2022-04-14,96.83527138781261,96.86017016196284,95.67328004616947,95.76457977294922,19717700
2022-04-18,95.56539761187716,95.72309831499048,94.94290283518055,95.0342025756836,16576000
2022-04-19,94.5611163587252,94.7603129343503,94.22081614020175,94.27891540527344,19775400
2022-04-20,94.8930777399884,95.52386770468827,94.87647433798223,95.25827026367188,21119400
2022-04-21,95.03421082902322,95.10061179740016,93.97182066437176,94.24571990966797,25288700
2022-04-22,93.88050632697748,94.37850084772676,93.63150590043091,94.13780212402344,19927300
2022-04-25,94.64408946859658,95.3329850960488,94.63578776653215,95.18358612060547,22261500
2022-04-26,95.64841129361571,95.67331007558103,95.0176210426764,95.13381958007812,22695300
2022-04-27,94.95119250922467,95.29148631788793,94.17929883061831,94.22079467773438,19426200
2022-04-28,94.0132840361177,94.51128479452659,93.80578583089489,94.50298309326172,19645500
2022-04-29,93.71453945318339,94.22082950212479,93.27463771829026,93.45723724365234,20257300
2022-05-02,92.91148819503636,93.1028145882412,92.58705966163738,92.90316772460938,17184100
2022-05-03,93.81825202154565,94.28409696437467,93.41063769657025,93.50214385986328,20914600
2022-05-04,93.4937997669523,94.71664877960434,92.98635893385644,94.41717529296875,34240700
2022-05-05,93.53541336389989,93.57700303301688,92.24601303471523,92.96974182128906,34356900
2022-05-06,92.21274942454943,92.77010056679852,92.0546985067942,92.17947387695312,15550400
2022-05-09,91.85503376069374,92.60371762154472,91.66370731921353,92.50389099121094,17185900
2022-05-10,93.23591351768333,93.46883590834256,92.81165839374879,92.89484405517578,25650800
2022-05-11,92.50387544325345,93.5520326722716,92.37077963850663,93.32743072509766,25053500
2022-05-12,93.5520461246472,93.9014298023398,93.30248907486427,93.36903381347656,22156400
2022-05-13,93.22762620291908,93.30249776749203,92.68690969135507,92.87824249267578,16107900
2022-05-16,93.0446185438908,93.42727781907354,92.95311237518823,93.0030288696289,11980500
2022-05-17,92.47894858745346,92.67028140180214,92.29593624677084,92.47063446044922,16562600
2022-05-18,92.24598936911309,92.85325677170809,92.24598936911309,92.81166076660156,16146400
2022-05-19,93.39397620839202,93.68513558028062,92.92813136802617,93.06123352050781,21212500
2022-05-20,93.31910618002345,93.55202858815682,93.1527348446881,93.51875305175781,13906700
2022-05-23,93.22761591170547,93.59364052774309,92.98637299174074,93.18601989746094,14892400
2022-05-24,93.57700495238504,94.50870114363678,93.51046021110075,94.40887451171875,17210400
2022-05-25,94.84976924654404,95.3988062303717,94.76658355565964,95.38217163085938,25637000
2022-05-26,95.52358861776784,95.88960692958845,95.19083950520793,95.4071273803711,34022300
2022-05-27,95.80642336002265,96.21404404660065,95.55686628007165,95.90625,9246100
2022-05-31,95.04941331769068,95.38216239567197,94.5918825421338,95.19915008544922,20336900
2022-06-01,95.61107110710084,95.81119715005862,94.30189548246973,94.64378356933594,22403900
2022-06-02,94.77720397103622,94.8856042508699,94.1351236469272,94.68547821044922,14823300
2022-06-03,94.01003334799061,94.39361087230078,94.01003334799061,94.3852767944336,11440900
2022-06-06,94.31860058734304,94.38531140609281,93.65150512363304,93.71821594238281,12213900
2022-06-07,93.96838034412504,94.46869877167518,93.90166952394664,94.21853637695312,11291400
2022-06-08,94.0267192916125,94.3018901995544,93.66815670537537,93.6764907836914,13730800
2022-06-09,93.44303351573745,93.67651500679784,93.00942594118152,93.05945587158203,24846700
2022-06-10,92.56745047361535,92.67585074463514,91.6085034666534,92.15885162353516,36297900
2022-06-13,90.36605650696144,90.76630860568406,89.30704317356086,90.03250885009766,34771900
2022-06-14,90.44111496072526,90.74130726075819,89.35709286562268,89.56555938720703,27320800
2022-06-15,90.60789722185528,91.04984525520497,89.84073554313213,90.9664535522461,31581500
2022-06-16,89.71564773309133,91.29166046387542,89.46549172834756,91.06651306152344,30588300
2022-06-17,91.32502965061771,91.48346627522487,90.69962995798267,91.24998474121094,17319600
2022-06-21,90.84136906299003,91.24162120230393,90.23264405033828,90.33271026611328,17031500
2022-06-22,91.27497410159194,91.4500852029707,90.94142642005926,90.99146270751953,18943300
2022-06-23,91.42508812378478,92.40905047773727,91.38339226972727,91.69192504882812,30742100
2022-06-24,91.62520473943397,92.28395972158594,91.60018977434738,91.8003158569336,18668900
2022-06-27,91.29163170291447,91.48341727660765,90.90804783174562,90.95808410644531,20847000
2022-06-28,90.80801665598013,90.9831277679483,90.49114347651013,90.93309783935547,18998400
2022-06-29,90.97478691628898,91.4834457276702,90.90807610387004,91.47510528564453,10747100
2022-06-30,91.53346010622509,92.47573267636177,91.53346010622509,91.7502670288086,16570800
2022-07-01,92.52536499784587,93.19425950354986,92.36649960240206,92.90998077392578,20179400
2022-07-05,92.9768617224593,93.06047911376466,92.6758569752718,92.8848876953125,16728000
2022-07-06,93.15245515791393,93.2945945196326,92.3330519108031,92.4250259399414,17291300
2022-07-07,92.77617425239131,92.92667659392215,92.2494192465884,92.41664123535156,15165800
2022-07-08,92.07386197991744,92.31633840204178,91.93171622962944,92.26616668701172,14384500
2022-07-11,92.65915173069803,92.94343687129063,92.39159262261153,92.52537536621094,9456900
2022-07-12,92.90161030294112,93.29458906279905,92.625688231665,92.65913391113281,18053600
2022-07-13,91.73941651132847,93.46182784871088,91.73105349518336,93.35313415527344,25657200
2022-07-14,92.34139907186206,92.99357379988083,92.04875100442408,92.75946044921875,22978600
2022-07-15,92.69259130476156,93.687579662561,92.69259130476156,93.50363159179688,15192500
2022-07-18,93.36149119577505,93.36984783227304,92.78456432182158,92.85145568847656,15665500
2022-07-19,92.9852370138759,93.20263077757102,92.65914955788931,93.11065673828125,15414500
2022-07-20,93.52034277874012,93.59559715501892,92.94342232978886,93.01030731201172,9888100
2022-07-21,93.2360658630503,94.2895761184166,93.2360658630503,94.28121948242188,25141900
2022-07-22,95.07551256358913,95.51865657911492,94.59892287417892,95.00862121582031,16062400
2022-07-25,94.34811777485291,94.49026353526348,93.9802279867347,94.20597839355469,25656700
2022-07-26,94.49026719696953,94.58224124234137,94.1474536861995,94.18926239013672,18514600
2022-07-27,94.61566226351744,95.35981106999108,94.59057322022821,94.81632995605469,16995200
2022-07-28,95.51031964421735,95.7444330305846,95.3096455595214,95.60228729248047,17266700
2022-07-29,95.5521190030778,96.22101983980268,95.43506231351763,95.82804107666016,14914000
2022-08-01,95.86659037940494,96.31081059710529,95.76601752555659,96.0174560546875,18348900
2022-08-02,95.99233534066407,96.11805783195237,94.76864964078179,94.84408569335938,22706500
2022-08-03,94.90275924267904,95.90014322039019,94.60102780897314,95.875,19416500
2022-08-04,95.76604184967914,96.07615008715763,95.47269362726233,96.02586364746094,22451000
2022-08-05,94.66804545999464,94.79376791820312,94.13163560651434,94.72671508789062,15893400
2022-08-08,95.19609315196361,95.49782454028289,95.05361066151029,95.10389709472656,11889800
2022-08-09,94.7267314414851,94.8859803423425,94.56748893513866,94.67644500732422,17809000
2022-08-10,95.1792995955188,95.8079054094614,95.16253958739763,95.57322692871094,25548100
2022-08-11,95.942029176013,96.36948300070294,94.60938127357147,94.65129089355469,24970100
2022-08-12,95.16258634675705,95.76604924778263,94.93628456161638,95.74928283691406,16542900
2022-08-15,95.91687607168417,96.05935853371915,95.66543116673222,95.68219757080078,10750200
2022-08-16,95.38885279922728,95.43914562206349,94.8189164983285,95.31342315673828,15328900
2022-08-17,94.67644775327743,94.8608398765633,94.20709063546694,94.4166259765625,20836800
2022-08-18,94.71836049859202,94.97818228386348,94.60939802514682,94.6596908569336,13914300
2022-08-19,93.82154670742769,93.82154670742769,93.32703997554525,93.53657531738281,17996700
2022-08-22,93.27674319133861,93.28512639454519,92.80738612393797,92.907958984375,10208500
2022-08-23,92.7990248126422,93.44439093256426,92.70682873915163,93.00856018066406,14517700
2022-08-24,92.80741543377914,92.86608508573289,92.55597041425592,92.73197937011719,14441000
2022-08-25,93.22643469219507,93.90532691747674,92.82412416215215,93.68740844726562,33579200
2022-08-26,93.41084999664544,93.65391175313695,93.04207215447809,93.12588500976562,13942300
2022-08-29,92.71520208265389,92.71520208265389,92.32127460955111,92.43861389160156,18371900
2022-08-30,92.68167646692979,92.86606859590343,92.06983043847285,92.55595397949219,19251300
2022-08-31,92.36318148949191,92.50567039004699,91.53342327807833,91.58370971679688,19484300
2022-09-01,90.93148755800404,91.12479426994759,90.22548137835513,91.03234100341797,26706500
2022-09-02,91.48620634672734,91.8223994808436,91.09117989506706,91.0995864868164,14458700
2022-09-06,90.65412756024816,90.72136746527732,89.86407470703125,89.86407470703125,16455700
2022-09-07,90.2759266102468,91.18363980235571,90.25911342552467,91.0911865234375,21874300
2022-09-08,91.05755768752307,91.334917497233,90.81382424397857,90.88105773925781,16871100
2022-09-09,91.23407294417093,91.60387964749266,91.06597315870546,91.0911865234375,11911700
2022-09-12,91.44418495756183,91.62908508705476,90.70455879018772,90.88946533203125,11084600
2022-09-13,89.98174028400992,90.36836011488789,89.85567347899007,90.23388671875,19563400
2022-09-14,90.2086768683093,90.82222338444998,90.18346350632412,90.66253662109375,19360500
2022-09-15,90.4523816028581,90.5700481880046,90.09937543507063,90.22544860839844,12947800
2022-09-16,89.72117620403922,90.90625523932218,89.70436943742516,90.01534271240234,13980900
2022-09-19,89.61193567299493,90.25910213209634,89.53628917591276,90.1666488647461,13679600
2022-09-20,89.37658638083626,89.63713938456877,89.1412531483163,89.26732635498047,30310500
2022-09-21,89.62033765439514,89.84727073785542,88.75464469029595,89.60353088378906,23883200
2022-09-22,88.77145031104858,88.77985048946078,88.09065753101316,88.34280395507812,20982600
2022-09-23,88.14950867654255,88.3092018715837,87.6872486886964,88.0906753540039,18671200
2022-09-26,87.737685263217,87.90577865723054,86.518992125739,86.5610122680664,27606500
2022-09-27,86.61981238769984,86.79631230745063,85.22461979771033,85.25823974609375,34683500
2022-09-28,86.14077497538035,87.0484947201455,85.95586838896315,86.97285461425781,39921300
2022-09-29,86.16599037220313,86.38451692605375,85.51041712300355,86.32568359375,30873000
2022-09-30,86.61983269885728,87.04847912582063,86.09873940759888,86.10713958740234,24058300
2022-10-03,87.37119848222042,88.40841689945843,87.18567806713355,87.7000732421875,27200900
2022-10-04,88.38311732073682,88.64453536804369,88.00364843420977,88.10484313964844,21918800
2022-10-05,87.42176015511671,87.60728050130983,86.81460499798897,87.43862915039062,24999500
2022-10-06,87.43024493339982,87.64949696259471,87.02547245132004,87.23628997802734,22017200
2022-10-07,86.72189345332785,86.78092853625321,86.32556191306512,86.36772155761719,20895500
2022-10-10,86.34239806772985,86.39299219916919,85.24614470653016,85.59188842773438,6179400
2022-10-11,85.81958380124017,86.15689308298442,85.20400031317337,85.4148178100586,30332900
2022-10-12,85.31359100341797,85.57500897609407,85.02688240365084,85.31359100341797,18941200
2022-10-13,83.65237664216126,85.70995738324541,83.63551407392708,85.46540832519531,20727700
2022-10-14,86.00510322816712,86.00510322816712,84.55467783707398,84.6474380493164,20681900
2022-10-17,85.38950189529211,85.73523916839099,84.99316405923297,85.05219268798828,16585700
2022-10-18,85.56661626493603,85.68467356174554,84.75707775811081,85.55818176269531,23532600
2022-10-19,84.7823700501338,85.03534720032818,84.27640931610527,84.38603210449219,16461800
2022-10-20,84.17520393894462,84.63900497270835,83.56804856152262,83.65237426757812,21437300
2022-10-21,83.25602880065138,84.02340096040189,82.98618272648315,83.88848114013672,18871700
2022-10-24,83.8041779168443,84.31014510983982,83.34038323478521,83.84634399414062,16517100
2022-10-25,84.57155753875158,85.33050190145971,84.57155753875158,84.9678955078125,23143100
2022-10-26,85.17869564562366,85.77741651133955,85.09436994111869,85.35578155517578,22201400
2022-10-27,85.65096436624286,86.08946209273361,85.33895203821167,85.75215911865234,21002900
2022-10-28,85.41480409425978,86.05569098329714,85.37263802819793,85.92919921875,19532300
2022-10-31,85.6256316747962,85.74368895335292,85.14496805963267,85.46540832519531,21884100
2022-11-01,86.35944838238281,86.43557662021958,85.58974459599803,86.080322265625,26415300
2022-11-02,86.19874899846252,87.05303473937204,85.44595252231169,85.6658706665039,23174200
2022-11-03,84.86232847558374,85.58128440499829,84.59166248616228,85.36136627197266,52723900
2022-11-04,85.6066775267584,85.89426383491463,85.14147368139378,85.53055572509766,16698200
2022-11-07,85.57282296895158,85.62357727775729,85.03995112538749,85.21757507324219,13428300
2022-11-08,85.42900221212477,85.84345794071788,85.30212616572743,85.57279205322266,19206000
2022-11-09,85.310626345841,85.78429025806263,85.13300237875788,85.35292053222656,12204000
2022-11-10,87.20528787906814,88.29641205819274,87.17991394867704,88.21183013916016,28447600
2022-11-11,88.06803994320512,88.5924517114026,87.94962396630977,88.44866180419922,8578600
2022-11-14,88.14415610896454,88.34715399166072,87.97499228224876,88.0003662109375,22576600
2022-11-15,88.91386816831648,89.26065595608151,88.66011596990386,89.22682189941406,25504400
2022-11-16,89.48900707400405,90.16566864249205,89.30292304538487,89.98804473876953,24648800
2022-11-17,89.2521758978033,89.58205626334905,88.99843020924084,89.50592803955078,24106600
2022-11-18,89.76816358795853,89.9034998292345,89.32833371018596,89.49749755859375,14214100
2022-11-21,89.82736349685628,89.96269972595366,89.35369960138867,89.3621597290039,9664100
2022-11-22,89.81891413866053,90.27566425403332,89.70895183393806,90.15724182128906,15050400
2022-11-23,90.470200038985,91.09611398192341,90.43636598082796,91.06228637695312,12511500
2022-11-25,91.1130467340501,91.17225473064882,90.9269626152577,91.15533447265625,4413900
2022-11-28,91.22299107647379,91.24836500707019,90.41099303145495,90.49557495117188,18815800
2022-11-29,90.0895888076826,90.34333459402036,89.86121050147234,90.04729461669922,23040000
2022-11-30,89.99653371106764,91.16377964675688,89.64973946417363,91.14686584472656,20930100
2022-12-01,91.57453003506156,92.32973089886215,91.31148443441394,92.28730773925781,30830200
2022-12-02,91.64241692417558,92.84734344482422,91.4642241125743,92.84734344482422,16908900
2022-12-05,92.24487704839235,92.24487704839235,91.65938177742697,92.05819702148438,19612000
2022-12-06,92.3806177910826,92.47395777533269,92.09211061962293,92.33818817138672,18220800
2022-12-07,92.82187885652996,93.40737408812589,92.72853884935228,93.36494445800781,22116700
2022-12-08,93.11886539335536,93.36494300172623,92.8388518500425,93.06795501708984,18285600
2022-12-09,92.74553724918144,92.83039005748435,92.33823470593141,92.37217712402344,15568800
2022-12-12,93.01703725682047,93.11885800126863,92.19395171198711,92.25334930419922,13988400
2022-12-13,93.9843608843952,94.09466883440938,92.89822992660541,93.0594482421875,19976000
2022-12-14,93.05100696329332,93.28011017937061,92.29579953523664,93.14434051513672,19894900
2022-12-15,93.22264099121094,93.3843549470228,92.90773254272668,93.22264099121094,16931200
2022-12-16,92.32895195663552,92.94174926161244,92.32895195663552,92.82259368896484,16643900
2022-12-19,92.28639285710685,92.30341229870655,91.66507609610555,91.88636779785156,14746200
2022-12-20,91.00972384311368,91.08632107340397,90.66076358914617,90.80545806884766,18678000
2022-12-21,91.38419833923447,91.51186036433803,91.07779649200477,91.42675018310547,15087800
2022-12-22,91.38421804527263,91.5289060339175,91.18845874208277,91.40123748779297,13957300
2022-12-23,91.0352587570255,91.33314770550066,90.92461614573246,91.12036895751953,5992400
2022-12-27,90.4905520418605,90.67779839220334,89.91179354693374,89.94583892822266,10456200
2022-12-28,90.2777665994301,90.41394811450998,89.66496276855469,89.66496276855469,10050900
2022-12-29,89.9884133687604,90.33736722575539,89.92883556422498,90.3033218383789,14253300
2022-12-30,90.05648413544154,90.16713325118364,89.51177100614909,89.73306274414062,8528200
2023-01-03,91.02674524249859,91.06079062119025,90.09052005570018,90.3543701171875,15589800
2023-01-04,91.09486058916792,91.15443839458717,90.66079001054544,91.00975036621094,13951700
2023-01-05,90.29480107329965,91.0352735744547,90.29480107329965,90.941650390625,9848100
2023-01-06,91.0948334470853,92.57577166446507,90.97567787174968,92.43108367919922,20695600
2023-01-09,92.29493377513812,93.01838039180862,92.20981706088804,92.79708862304688,20449600
2023-01-10,92.35449392211288,92.62685047255897,92.13320219565907,92.48216247558594,19225200
2023-01-11,93.04389107829702,93.31624761720508,92.91622253023246,93.27368927001953,19541700
2023-01-12,93.52050794994423,94.34609048670936,92.97579490386055,94.32907104492188,18372500
2023-01-13,94.00564862428696,94.38014130009978,93.886493044436,94.02267456054688,21077700
2023-01-17,93.63117851660562,93.97162587183885,93.55457477726885,93.68224334716797,20745100
2023-01-18,95.0525384680296,95.28233669717699,94.3631372870943,94.78018188476562,27794600
2023-01-19,94.36314922166487,94.66955122827564,94.26952602556192,94.58443450927734,18085800
2023-01-20,94.11630694953185,94.20141715869285,93.72479479259702,94.09077453613281,15440000
2023-01-23,93.75032964365988,94.06523807509302,93.69075184634877,93.81842041015625,18814700
2023-01-24,93.8694881157046,94.42271424683332,93.55457318112533,94.31206512451172,12419700
2023-01-25,94.22695332163887,94.4397320997548,93.90353191656014,94.35462188720703,15450000
2023-01-26,94.41416452882441,94.5418330468533,93.93754232123985,94.32054138183594,13250300
2023-01-27,93.93759038984645,94.18441458607336,93.86098664243414,94.04823303222656,8924900
2023-01-30,93.758825617435,94.15033771358142,93.63115707676965,93.69073486328125,20019800
2023-01-31,94.1929093703267,94.44824650534596,93.6907545632134,94.3631362915039,27212200
2023-02-01,94.65510681702763,95.53446680675,94.15139177091639,95.32102966308594,29127300
2023-02-02,95.9272059995668,96.0552696093485,95.36372872196165,95.4576416015625,18958900
2023-02-03,94.50997897400222,94.6807326230379,94.15994539225406,94.37338256835938,16053900
2023-02-06,93.89527770501526,93.9208891218812,93.5879276754537,93.64768981933594,18455400
2023-02-07,93.48550593010434,94.01483260081005,93.22084585154512,93.34037017822266,25191300
2023-02-08,93.4257181967309,93.60500463767762,93.01591596486303,93.43425750732422,16484400
2023-02-09,93.8782193534054,93.88675866539944,92.59759612493548,92.64881896972656,21637500
2023-02-10,92.52926653242675,92.58902867104753,91.9657958702286,91.99994659423828,16092100
2023-02-13,92.08530353698283,92.3414306640625,92.00846279342558,92.3414306640625,32223500
2023-02-14,92.29876476635944,92.50366261343586,91.53892900793193,92.1109390258789,31922200
2023-02-15,91.96580789143614,92.02557003786866,91.53039424537893,91.76091003417969,24279600
2023-02-16,91.3169437425406,91.50476946492464,90.97544302125911,91.02667236328125,27909900
2023-02-17,90.72787896422429,91.38526916503906,90.6851954338561,91.38526916503906,18528900
2023-02-21,90.65101681449353,90.71077894949336,90.05339546449525,90.08753967285156,21136000
2023-02-22,90.44612587967313,90.72785795835063,90.30098367198417,90.34367370605469,20971700
2023-02-23,90.60831616233257,91.08641969987086,90.54002124004147,91.0522689819336,21144600
2023-02-24,90.36930084228516,90.54005449468796,90.13879155352366,90.36930084228516,26721100
2023-02-27,90.60831931148692,90.74492218798372,90.3265872774837,90.39488220214844,19660700
2023-02-28,90.01926615604992,90.49736334977678,89.87412392488078,90.42906188964844,18239100
2023-03-01,90.18232101343506,90.26799547962375,89.75394214594881,89.86531829833984,27249600
2023-03-02,89.47120163742709,89.94242095947266,89.38552717974848,89.94242095947266,23715100
2023-03-03,90.48215487009729,91.01334684256113,90.33650767228224,90.9619369506836,27316900
2023-03-06,91.24466239604067,91.27893347616109,90.66206710707382,90.71347045898438,14688600
2023-03-07,90.89340833337519,90.98765218990019,90.25084014972748,90.45646667480469,22431700
2023-03-08,90.73064625566667,90.96196797010771,90.08807794866696,90.31083679199219,29396500
2023-03-09,90.37938299394469,90.67068405945813,90.09665787363386,90.22516632080078,24552400
2023-03-10,91.24472047253964,91.79304503039005,91.03053098786232,91.51888275146484,36906000
2023-03-13,92.02435667500774,92.75259948376696,91.22757167478943,91.59597778320312,47445400
2023-03-14,91.53599730451901,92.16143335471537,91.18473001668835,91.32180786132812,49782100
2023-03-15,91.93010878947086,92.61551106456177,91.66450944327778,92.1957015991211,50591500
2023-03-16,92.58123171030972,92.78685825737975,91.78444681590464,92.05860900878906,37961900
2023-03-17,92.3413524026939,92.88967685849624,92.19570514899021,92.52127075195312,32011600
2023-03-20,92.59835931092263,92.76970820952246,92.15284171609672,92.24708557128906,24035100
2023-03-21,92.6326465451123,92.74402269496245,92.27280333686059,92.69261932373047,29109400
2023-03-22,92.62405615468477,93.89205362580073,92.36702628366716,93.23235321044922,31434700
2023-03-23,93.13810349594115,93.57505163454314,92.85537196293159,93.49794006347656,28703800
2023-03-24,93.75498977391919,93.97774859284914,93.54080036170943,93.78926086425781,26204100
2023-03-27,92.94104748800144,93.3779890644365,92.6411771627683,92.66688537597656,16527900
2023-03-28,92.56410631421222,92.70975356014087,92.30707637953822,92.51270294189453,14138000
2023-03-29,92.32422675360948,92.97535800629741,92.2899556555927,92.94109344482422,17506000
2023-03-30,92.94107928022132,93.25807544961368,92.92394046555317,93.06958770751953,18267200
2023-03-31,93.47226195629048,93.97775238852371,93.2666419424961,93.90921020507812,19187400
2023-04-03,93.82327663135509,94.55378540951112,93.67717618710027,94.4764404296875,20093500
2023-04-04,94.03811415789404,94.70846341285642,93.92639146769388,94.59674072265625,20317700
2023-04-05,94.7256726441185,95.03506567251777,94.57957220206382,94.9061508178711,14674800
2023-04-06,94.95770241201333,95.05223952328907,94.73425701888983,94.82019805908203,14191300
2023-04-10,94.34751924274725,94.44205636077659,93.97796684232758,94.38189697265625,10825500
2023-04-11,94.39906922840346,94.49360633308254,94.14984219630114,94.3561019897461,14510100
2023-04-12,94.76004771814284,94.80301496389875,94.0123468276679,94.158447265625,20049200
2023-04-13,94.45062348763098,94.57953829606274,94.1498266392099,94.32170867919922,18589100
2023-04-14,94.05531052897933,94.16703322420395,93.7029437444632,94.01233673095703,16218900
2023-04-17,93.72872740473069,93.82326451689646,93.31620778517198,93.4193344116211,11891400
2023-04-18,93.59980572464718,93.87482095061685,93.59120965471307,93.72871398925781,10522400
2023-04-19,93.4881004148189,93.50529255908751,93.2130851184579,93.2646484375,14023700
2023-04-20,93.47950110207138,93.76311246073486,93.4623155152804,93.61701202392578,16076100
2023-04-21,93.97795143229416,94.02092522685416,93.37635764973707,93.67715454101562,18480700
2023-04-24,93.76309081774137,94.11545755599653,93.76309081774137,94.08967590332031,7974300
2023-04-25,94.49362408171028,94.73426820229004,94.45925290708074,94.5022201538086,17038800
2023-04-26,94.59673255763269,94.64829586298511,94.00372831855945,94.08967590332031,19635200
2023-04-27,93.93497720612537,94.01232216232256,93.70292922377385,93.74590301513672,14629500
2023-04-28,94.3819033053151,94.52800374956992,94.11548407674668,94.4764404296875,18882100
2023-05-01,93.94350701616075,93.97800147369959,92.79659097478839,92.95181274414062,20789900
2023-05-02,93.2881255609213,94.09010360673558,93.18464218821637,94.0728530883789,21547100
2023-05-03,94.2539412656854,94.46952666969736,93.85725833265631,94.22806549072266,15750800
2023-05-04,93.70205939776612,94.21946314124003,93.60720127722892,93.9693832397461,17811700
2023-05-05,93.71929909271378,93.84002640808383,93.42609948456851,93.59857177734375,12130800
2023-05-08,93.08116323316553,93.15877082653326,92.80521415817208,92.92594146728516,16424800
2023-05-09,92.94316447035004,93.12425539322834,92.86555689446367,92.89142608642578,15860300
2023-05-10,93.49508285767982,93.64167936348707,93.34848635187257,93.62443542480469,15815700
2023-05-11,94.202211109302,94.21083636897934,93.87452361216313,93.98662567138672,12261800
2023-05-12,93.98661130041549,94.05560020899458,93.39160005656808,93.40884399414062,10797200
2023-05-15,92.93456060416646,93.00354951804034,92.78796409654319,92.90869140625,20334800
2023-05-16,92.51202786388147,92.60688598884121,92.34818081546995,92.44303894042969,25934500
2023-05-17,92.61549342066202,92.6844823308335,92.33954435912067,92.43440246582031,25387100
2023-05-18,92.21019559539721,92.21019559539721,91.91699600466403,92.04634857177734,21383500
2023-05-19,92.03772561324392,92.18432211222292,91.83938414233828,91.93424224853516,22194600
2023-05-22,91.99460786408166,92.21019327746963,91.83938610327652,91.89974975585938,15526700
2023-05-23,91.79627031376909,92.17570276288119,91.65829906445695,92.08946990966797,15529300
2023-05-24,92.1411999526431,92.17569440663027,91.675534692533,91.72727966308594,16688900
2023-05-25,91.83073946270821,91.89110310123598,91.3909500587815,91.4254379272461,18743200
2023-05-26,91.44270754415201,91.84800916428674,91.37371863452387,91.81351470947266,15848500
2023-05-30,92.218789278355,92.50335693359375,92.16704432174036,92.50335693359375,21581400
2023-05-31,92.47750467440729,92.90867544332079,92.33090819197122,92.8051986694336,24052300
2023-06-01,93.09848181053663,93.31476858983802,92.95140838474336,93.08982849121094,26084500
2023-06-02,93.16769598383284,93.22825601854815,92.76107577908054,92.83893585205078,17086600
2023-06-05,92.544802146775,92.99467581135764,92.44098210084839,92.63996887207031,14211100
2023-06-06,92.66591326111147,92.84759337347975,92.41501979149363,92.82164001464844,25228400
2023-06-07,92.75243129211701,92.84759801295324,91.93919080517084,91.99110412597656,26526700
2023-06-08,92.08628249798222,92.65727629469492,92.06032913457031,92.6053695678711,16579800
2023-06-09,92.40636680134381,92.50153351776416,92.20738664922783,92.36311340332031,12060000
2023-06-12,92.56209036693599,92.66591039960437,92.06895676272165,92.65725708007812,14229300
2023-06-13,92.80432181242753,92.90814183536676,92.09490149038002,92.24198150634766,19385200
2023-06-14,92.51020392499012,92.76109744184508,92.07763026156093,92.52750396728516,30280100
2023-06-15,93.0119919950044,93.3493989281944,92.80435188184873,93.33209228515625,23426200
2023-06-16,93.03795879943753,93.25424566480709,92.83032525683711,93.16773223876953,13184500
2023-06-20,93.30614015884886,93.60894041052956,93.30614015884886,93.505126953125,22272700
2023-06-21,93.11578312742976,93.5137500147439,92.8389363101439,93.40128326416016,17521700
2023-06-22,93.05522155872389,93.26286161867765,92.76107470794574,92.91680145263672,16007900
2023-06-23,93.53971264621303,93.53971264621303,93.00331903465275,93.17634582519531,13102800
2023-06-26,93.41860098070318,93.45320106148662,93.22826753364635,93.2801742553711,14642200
2023-06-27,93.37533257481333,93.54835936535588,92.96871235643445,93.17634582519531,15749300
2023-06-28,93.30616086373736,93.60031445960811,93.11582734885957,93.5830078125,17806000
2023-06-29,92.89087231694471,92.96873240931819,92.57941874634997,92.87356567382812,25554500
2023-06-30,93.11579515375213,93.6175821375623,92.9514216663692,93.55702209472656,20938600
2023-07-03,93.6247205317142,93.87642400792505,93.2948989868164,93.2948989868164,11810800
2023-07-05,93.13867616777131,93.19943172695875,92.51375806078083,92.62659454345703,21463300
2023-07-06,91.89750514694438,91.94958606132897,91.43749790467241,91.68920135498047,35240800
2023-07-07,91.71523920475177,91.99297980345348,91.58504685057886,91.60240936279297,17148000
2023-07-10,91.72392850929803,92.16657990358368,91.63713580618642,92.07978057861328,16360600
2023-07-11,92.2967707177112,92.57451797790065,92.18394085965359,92.51375579833984,21693900
2023-07-12,92.97378347863705,93.45982801211632,92.97378347863705,93.32963562011719,23217300
2023-07-13,93.7288882849238,94.02399148426178,93.62473966786584,93.98927307128906,21637500
2023-07-14,93.84171796883781,93.94586657833369,93.23415571871979,93.26019287109375,23784000
2023-07-17,93.24282694179767,93.49453042409,93.17339012836689,93.41641235351562,12260100
2023-07-18,93.7983127346026,93.89378670221517,93.61604605694026,93.65076446533203,17403600
2023-07-19,93.9632364417212,94.18889619451366,93.80700689340168,94.18022155761719,20871600
2023-07-20,93.79829616237744,93.82433330860621,93.29488926242725,93.54659271240234,37868000
2023-07-21,93.89375342947955,93.91979057108188,93.63336876974229,93.71148681640625,16517800
2023-07-24,93.8764258413039,93.99793695331549,93.57264143941599,93.59867858886719,17999400
2023-07-25,93.35563689719275,93.64205872514573,93.33828100846421,93.45111083984375,15029800
2023-07-26,93.78963497657897,93.96322702501503,93.46850127522647,93.8851089477539,17816800
2023-07-27,93.77227680120161,93.85038825470274,92.62659579683604,92.73942565917969,29142600
2023-07-28,93.15603693175032,93.39037790653697,92.99112615054467,93.34698486328125,18719300
2023-07-31,93.37300464984637,93.76357507581288,93.37300464984637,93.60734558105469,24906600
2023-08-01,93.0142646134227,93.1623194282003,92.59622006303522,92.67460632324219,22977700
2023-08-02,92.14337337707931,92.21304195344,91.78629285312854,92.10853576660156,28516700
2023-08-03,91.36821761332048,91.40304856502098,91.06339030690836,91.28112030029297,27632700
2023-08-04,91.61209334832384,92.35237415210545,91.60338228627649,92.2304458618164,19998900
2023-08-07,92.15202969835929,92.19557834987535,91.8820466638154,92.00397491455078,10726300
2023-08-08,92.43074563391441,92.57880709730179,92.24785321459305,92.36978149414062,17616200
2023-08-09,92.49169435344726,92.58749607777581,92.3697660942276,92.45686340332031,11514100
2023-08-10,92.5701184004723,92.80526395509743,91.77757774734656,91.8037109375,22056400
2023-08-11,91.48144701967163,91.80368984491493,91.42919394055926,91.49015808105469,12803100
2023-08-14,91.46402668258503,91.70788989392075,91.19404357577613,91.455322265625,9829300
2023-08-15,91.24627852435195,91.4030443781917,90.9762954711914,90.9762954711914,17279900
2023-08-16,90.8979170273509,91.15048460868427,90.45374599503418,90.56696319580078,20773700
2023-08-17,90.45376709769327,90.53214672160397,90.0531446269873,90.32312774658203,29797400
2023-08-18,90.34054457839339,90.75858250394873,90.24474283616341,90.66278076171875,17884100
2023-08-21,90.26215411761132,90.32311825577823,89.93120688821845,90.12281036376953,19065100
2023-08-22,90.20993149394627,90.46249919292714,90.07929211246032,90.40153503417969,18361500
2023-08-23,90.99373332419164,91.69046540482157,90.99373332419164,91.67304992675781,22620400
2023-08-24,91.51627820003334,91.63820647246999,91.34209020755776,91.35951232910156,20129900
2023-08-25,91.32467537768747,91.69917125842284,91.01985469443602,91.4117660522461,18521400
2023-08-28,91.8298123102106,91.83851672661449,91.4814429608674,91.69917297363281,15271000
2023-08-29,91.64689495133021,92.46555505817281,91.57721977150803,92.43071746826172,21843300
2023-08-30,92.47429885931302,92.54397406380522,92.2652798904297,92.30011749267578,21533500
2023-08-31,92.45686340332031,92.6658823270409,92.37847715405522,92.45686340332031,20534800
2023-09-01,92.45423918251683,92.48045883035483,91.69384272212457,91.79872131347656,16514200
2023-09-05,91.51905723076189,91.55401899286137,91.1170069690291,91.14322662353516,16272800
2023-09-06,91.26557288723558,91.29179253698139,90.8547805924898,91.0558090209961,17733800
2023-09-07,91.16945617476247,91.46662785072994,91.08205509416322,91.4578857421875,17295600
2023-09-08,91.6938452908112,91.92982879623654,91.52777862548828,91.52777862548828,18608800
2023-09-11,91.41414770897904,91.45785156708533,91.23934561309893,91.35296630859375,13686300
2023-09-12,91.3617287283778,91.37921294281698,91.16944237919081,91.32676696777344,15839800
2023-09-13,91.23060704903006,91.61517967682089,91.17816775188504,91.52777862548828,19975200
2023-09-14,91.59769976231468,91.68510081138439,91.30927029893925,91.36170959472656,16821000
2023-09-15,91.2743097188246,91.3180135780575,91.02958411097484,91.22187042236328,21796400
2023-09-18,91.04705663071138,91.42288712725289,91.04705663071138,91.39666748046875,12182200
2023-09-19,91.17816032155383,91.27430347066661,91.05579752600526,91.09075927734375,14577800
2023-09-20,91.38795088998215,91.5802372444466,91.10826346574501,91.12574768066406,23735800
2023-09-21,90.38280895295449,90.40028649580303,90.13807667516586,90.20800018310547,30183800
2023-09-22,90.41779049718146,90.84606710743157,90.30416976473586,90.75865936279297,21849000
2023-09-25,90.0769144319024,90.33912430831089,89.84967298517414,89.87589263916016,25968600
2023-09-26,90.06817536930045,90.12935678223121,89.50005843878692,89.62242126464844,39047500
2023-09-27,90.04196614201726,90.12063178401894,88.88825451610221,89.2029037475586,35741200
2023-09-28,88.81832360690059,89.37769844808977,88.53863618630601,89.36021423339844,34650100
2023-09-29,89.83217537535684,89.95453818789537,88.95815147535411,89.16791534423828,28143000
2023-10-02,88.73708912454312,88.88626167560301,88.27203869250846,88.35101318359375,18787800
2023-10-03,88.07022663279912,88.21061605669027,87.2103171440651,87.33316040039062,30830200
2023-10-04,87.82454939144931,88.14043402069875,87.45601955547716,88.09656524658203,25863600
2023-10-05,88.21938942162903,88.40365429971317,87.85085966546076,87.99124908447266,21155700
2023-10-06,87.14889576619586,87.92105433595327,87.01727607848183,87.72801971435547,21667900
2023-10-09,88.16674761365233,88.84238552591869,88.01757506374862,88.8160629272461,6398600
2023-10-10,88.41243792289146,89.20214938924984,88.24571919820033,88.85116577148438,23168100
2023-10-11,89.37764120888725,89.44783927396888,89.00033497714345,89.39518737792969,22655800
2023-10-12,89.26356813318245,89.36008209785206,88.2720389429803,88.46508026123047,27899900
2023-10-13,89.19337584020172,89.26357390491447,88.7809705780842,88.95645904541016,20716300
2023-10-16,88.46509028126762,88.57915712112825,88.29837154308528,88.34224700927734,25991800
2023-10-17,87.5700826787234,87.93861247085556,87.35948848797148,87.64027404785156,24273500
2023-10-18,87.31563790628819,87.36828311771389,86.8242580533053,86.9383316040039,32144400
2023-10-19,86.79791448489458,87.06993029863251,86.22756695251866,86.23634338378906,41211800
2023-10-20,86.30652791067808,86.6575114674426,86.30652791067808,86.57853698730469,27130800
2023-10-23,86.32411122531273,87.49112920863399,86.20126793174812,87.25421905517578,21103000
2023-10-24,87.38579968430568,87.79820488597267,87.23663383949781,87.74555969238281,24517600
2023-10-25,87.2541973715789,87.30684257160729,86.7452714564519,86.94708251953125,20957000
2023-10-26,87.02606270207878,87.63150931980049,86.89444299894933,87.578857421875,28046100
2023-10-27,87.47357178969001,87.58763863491858,87.14013429763388,87.40337371826172,21362800
2023-10-30,87.1576819533917,87.33317042701712,86.87689637891735,87.14012908935547,20961500
2023-10-31,87.25419736764188,87.6578261882381,86.99095797860028,87.01728057861328,28805700
2023-11-01,87.4259305276311,88.29781684166554,87.3819001411091,88.26258850097656,32111800
2023-11-02,89.12564983207659,89.38105023551228,88.97593443944409,89.31060028076172,31295500
2023-11-03,90.34098254262096,90.62280245223036,89.72449687095774,89.75092315673828,38496200
2023-11-06,89.59242369165635,89.59242369165635,89.16969035135631,89.27537536621094,17827700
2023-11-07,89.61001994932106,90.18246859503209,89.54837204711325,89.98871612548828,25518200
2023-11-08,90.12962225994396,90.5259359598559,90.12082021618755,90.44667053222656,26997000
2023-11-09,90.32336799182866,90.32336799182866,89.37222996503745,89.53075408935547,23864100
2023-11-10,90.10322289439858,90.12964246982666,89.8037920807218,89.97992706298828,18498900
2023-11-13,89.68047661444923,90.05036402769609,89.52195247746953,89.98871612548828,21439200
2023-11-14,91.4242696161519,91.63563969063826,91.29217171849783,91.3978500366211,28387800
2023-11-15,91.08078062945599,91.10720020289116,90.68447358969162,90.92225646972656,23895000
2023-11-16,91.38901742900255,91.71487450282008,91.31856747500588,91.67083740234375,21223000
2023-11-17,91.98788247838041,92.10237624794651,91.72368004216511,91.93504333496094,25810200
2023-11-20,91.8205419647556,92.36656427925041,91.80292444028467,92.30491638183594,18529400
2023-11-21,92.32253493188131,92.4458307280799,92.07594333948411,92.33133697509766,20273200
2023-11-22,92.68362301308693,92.8069188218633,92.34015515733591,92.70124053955078,18588000
2023-11-24,92.3489580323603,92.48986463949863,92.20804470610476,92.22566223144531,6391400
2023-11-27,92.52511312586383,92.9918768623056,92.36658895885353,92.9742660522461,17919500
2023-11-28,92.8157578753375,93.37939796200598,92.72769037163052,93.34416961669922,21320800
2023-11-29,93.82853600750713,94.15439311030624,93.70524017814937,94.10154724121094,20661800
2023-11-30,93.89018027799513,93.91659985195795,93.42341655366897,93.60836029052734,41950900
2023-12-01,93.7365403402731,94.77962922420998,93.61278460355022,94.73542785644531,27733500
2023-12-04,94.41719071814725,94.54094644677753,94.09895977476046,94.30227661132812,28914300
2023-12-05,94.72656888434061,95.17739034880005,94.61164805505555,95.05363464355469,33315200
2023-12-06,95.33652233625247,95.63707677556731,95.22160823120399,95.40724182128906,22544300
2023-12-07,95.28348693997603,95.67243736694695,95.1862493332333,95.41608428955078,20253300
2023-12-08,94.88567521963205,95.14202824388131,94.74424302180691,94.90335845947266,21624200
2023-12-11,94.77961634235024,94.90337206225298,94.39066594026677,94.8768539428711,17714600
2023-12-12,94.86801839192643,95.45144403238281,94.708902921273,95.41608428955078,22111100
2023-12-13,95.77849603165737,97.19285181995825,95.58402084623218,97.01605987548828,33623500
2023-12-14,97.7994125025438,98.35832132517402,97.692958836075,98.04781341552734,28202300
2023-12-15,97.95911826173871,98.0921921383614,97.71071730186621,97.90589141845703,17904100
2023-12-18,97.62198793554172,97.728448373397,97.44455387244957,97.49778747558594,19714500
2023-12-19,97.68410952089779,97.91477046913519,97.55103563659087,97.62200927734375,18086800
2023-12-20,97.80829882829707,97.95911272134438,97.50667104220244,97.8792724609375,23942000
2023-12-21,98.10991382325975,98.21637425834055,97.6131119963838,97.8437728881836,24168300
2023-12-22,97.97686650964441,98.03009335371627,97.53329142659592,97.67523193359375,11037100
2023-12-26,97.710711775521,97.94137269739335,97.6663515630162,97.8792724609375,5816000
2023-12-27,98.37607577727245,98.82852423138492,98.22526188204104,98.79303741455078,13646400
2023-12-28,98.6599441636925,98.81963142386954,98.40266986849522,98.5357437133789,14288800
2023-12-29,98.20750000146107,98.48252109756866,98.08329954583205,98.1720199584961,17956700
2024-01-02,97.5332738786735,97.73731458985091,97.40020002401751,97.50666046142578,20622000
2024-01-03,96.78804257982824,97.38243132603587,96.62835534384843,97.28485107421875,35384900
2024-01-04,96.69936842187745,96.92115596412947,96.58404133653711,96.74372863769531,43111300
2024-01-05,96.45094716996482,97.20502330132521,96.32674671390157,96.39772033691406,24385500
2024-01-08,96.48644035170999,97.18728969629117,96.46869356057657,97.1340560913086,29182300
2024-01-09,96.98326057616082,97.40022225733362,96.93890035834369,97.3026351928711,55126300
2024-01-10,97.63086179362128,97.72844883668022,97.116313160841,97.17841339111328,32323500
2024-01-11,97.34697644290269,97.88813173799917,97.04534191104052,97.76393127441406,50960900
2024-01-12,98.07444709969334,98.34058807091469,97.70183891051437,97.97686004638672,30479000
2024-01-16,97.45342663964827,97.57762709880362,96.78806413628006,96.98323822021484,27124600
2024-01-17,96.7614500416146,96.92113731204161,96.43320210562092,96.77919006347656,34414000
2024-01-18,96.93003217239061,96.99213241528562,96.48645707502088,96.59291076660156,28325100
2024-01-19,96.55740161175402,96.71708888060635,96.21141365731017,96.69047546386719,25621500
2024-01-22,97.13404654608793,97.20502016681178,96.84129220533181,96.95661926269531,17679900
2024-01-23,96.73485763476955,96.73485763476955,96.40660962748262,96.6017837524414,25439500
2024-01-24,97.04534202276271,97.0985688590983,96.33561928567275,96.41546630859375,26828300
2024-01-25,96.93000639538367,97.08969365870722,96.74370571624237,97.05420684814453,39484000
2024-01-26,97.08969797760828,97.09856460433059,96.75257664647495,96.77919006347656,26642300
2024-01-29,97.16953999581226,97.39132749941574,96.98323930499542,97.17841339111328,27060700
2024-01-30,97.42682188404203,97.50666891112193,97.0009868659245,97.48892211914062,30459200
2024-01-31,97.90588062265235,98.15428155513438,97.4711789908088,97.73731994628906,44733000
2024-02-01,98.38633319332105,98.74245193951784,98.0213096105593,98.4931640625,42478500
2024-02-02,97.46044111325111,97.67410967457742,97.2378677140859,97.59398651123047,39604900
2024-02-05,96.90846081853446,96.91736565675753,96.43660627873331,96.6591796875,39266800
2024-02-06,96.8194211310469,97.36250072630045,96.79271341200173,97.2022476196289,26095200
2024-02-07,96.97078147257211,97.31799544818543,96.82833802246478,96.91736602783203,23574200
2024-02-08,96.63249185671411,96.66810442453568,96.32089037877888,96.4188232421875,26063900
2024-02-09,96.16951158266832,96.36537726124746,96.15170869934346,96.29415893554688,19029200
2024-02-12,96.34758747132302,96.39209808188464,96.02708118871044,96.30307006835938,30378900
2024-02-13,95.43945779685946,95.60861573066656,95.14566611235261,95.24359893798828,41494100
2024-02-14,95.35043533348323,95.72435698445204,95.33263245160877,95.68875122070312,41932200
2024-02-15,96.22294107943554,96.24074396410401,95.81340680804466,96.03598022460938,33255200
2024-02-16,95.58191355225465,95.78667725961353,95.47507588380617,95.68875122070312,26189800
2024-02-20,96.0092544555664,96.10718729076811,95.81339557756384,96.0092544555664,22386600
2024-02-21,96.08049180873577,96.08049180873577,95.63534497108328,95.76889038085938,23606200
2024-02-22,95.91133663432258,96.08939264500643,95.7955941142168,95.92023468017578,28705900
2024-02-23,95.96474761887586,96.34757413721472,95.91133217663358,96.20512390136719,29856300
2024-02-26,96.23182430258457,96.23182430258457,95.68875149882788,95.90242004394531,26696200
2024-02-27,95.84011550506017,96.00926668453496,95.71547493390962,95.76889038085938,33453800
2024-02-28,95.65314836116923,95.82229952952592,95.6175358014096,95.75997924804688,32713500
2024-02-29,95.90242209215205,96.28524858954718,95.72435930708411,95.84900665283203,45656400
2024-03-01,95.64618397020502,96.53080202885896,95.3870520505412,96.43251037597656,42971500
2024-03-04,96.17337589858091,96.38783412677768,96.10189663980276,96.25379943847656,31472000
2024-03-05,96.76312249082436,97.04012250449564,96.62908780710731,96.78099060058594,33394200
2024-03-06,96.99544167668847,97.36179584675611,96.96862928809031,97.04011535644531,33176900
2024-03-07,97.38860198557765,97.42434501996343,97.04011592192468,97.28137969970703,22875700
2024-03-08,97.47796914641111,97.66562180625243,97.326066343004,97.41542053222656,29591100
2024-03-11,97.43328094482422,97.65666979324395,97.2813781640476,97.43328094482422,25360200
2024-03-12,97.28136176184523,97.36177846142003,97.03116056727974,97.12052154541016,30852100
2024-03-13,97.1473445255167,97.34392780498425,96.98650428025114,97.02224731445312,31089900
2024-03-14,96.72736038377738,96.72736038377738,96.23590224613714,96.30738830566406,48815400
2024-03-15,96.35208055314699,96.46824030108654,96.17336538252458,96.3342056274414,34525600
2024-03-18,96.38781328436248,96.43248695927788,96.15548699603009,96.17335510253906,18279900
2024-03-19,96.334188984628,96.66480688019647,96.28057785134655,96.45035552978516,22721000
2024-03-20,96.48611640511704,96.79885943591722,96.084012379271,96.62908172607422,41915400
2024-03-21,96.92395936777112,96.99544543889888,96.62014697412161,96.77205657958984,26546700
2024-03-22,97.29924440641787,97.32604997694833,97.05798745435725,97.1026611328125,20877600
2024-03-25,97.09373708237781,97.09373708237781,96.71843861760054,96.77205657958984,23291000
2024-03-26,96.94183782454286,96.94183782454286,96.62015728741851,96.74525451660156,27266700
2024-03-27,96.87928857960355,97.41542053222656,96.816739965419,97.41542053222656,30600500
2024-03-28,97.29925186149774,97.56732122191482,97.21883514374481,97.32605743408203,23066200
2024-04-01,96.88747037808422,96.89644169550566,96.3134292390954,96.39415740966797,20817100
2024-04-02,95.90982129613016,96.29550587771614,95.68558623341997,96.25065612792969,32433900
2024-04-03,95.90081634841751,96.47485736021021,95.74833820159009,96.31340789794922,25198700
2024-04-04,96.67218548389758,96.67218548389758,96.23268683006998,96.4210433959961,31423800
2024-04-05,96.04433856861617,96.313416467587,95.95464593562589,95.9994888305664,25134900
2024-04-08,95.90981059251291,96.16992405740118,95.84702505568542,95.99053192138672,37054400
2024-04-09,96.37620567282143,96.53765515560875,96.3223914595955,96.48384094238281,21967300
2024-04-10,95.73935876599934,95.73935876599934,94.96798993874387,95.11150360107422,45351600
2024-04-11,95.35368322666295,95.43441138001393,94.72582800330517,94.9141845703125,38047900
2024-04-12,95.33573948843583,95.37161790436552,95.0935618916875,95.12944030761719,35119700
2024-04-15,94.6181949588236,94.6181949588236,93.95446130102526,94.08003234863281,27018500
2024-04-16,93.69434881162856,93.87374091219581,93.44320671394333,93.76610565185547,34191600
2024-04-17,94.21458111011601,94.42984480018923,94.00828189326009,94.2773666381836,26726300
2024-04-18,94.34013131457372,94.36703841449702,93.93651112950859,94.0889892578125,25997900
2024-04-19,94.4208520144829,94.43879464305633,94.09795997434684,94.18765258789062,20265600
2024-04-22,94.15176721100615,94.456723443124,94.10691748599717,94.42084503173828,26642400
2024-04-23,94.3311562320795,94.9590181920098,94.1966138947296,94.5822982788086,26338800
2024-04-24,94.37603383447116,94.42984804806304,93.94549959640739,94.21458435058594,24538400
2024-04-25,93.55083898748033,93.98136632887841,93.40732531160849,93.9365234375,29826400
2024-04-26,94.2952880859375,94.46570885467628,94.23250256741926,94.2952880859375,11784100
2024-04-29,94.56438561097765,94.77964929749591,94.44778587309467,94.68995666503906,18052100
2024-04-30,94.30425823167815,94.5374645160438,94.08899457701428,94.16971588134766,26008100
2024-05-01,94.44436258069292,95.04770232331971,94.23725159239623,94.56143188476562,30342900
2024-05-02,94.6334830148533,95.20080206000027,94.48940667674323,95.14677429199219,28044200
2024-05-03,95.84013948974733,96.16431978302512,95.45292452112464,95.81312561035156,24166800
2024-05-06,95.92119230517662,96.09228938830601,95.8581576224866,96.08328247070312,18519800
2024-05-07,96.35342071318794,96.497503892355,96.03824734659015,96.1282958984375,28680400
2024-05-08,95.90316931544744,96.03824557586002,95.82212768135828,95.88516235351562,19916700
2024-05-09,95.81314417735948,96.14632458149117,95.71408868687014,96.03826904296875,25583500
2024-05-10,95.84914785842044,95.92118258114569,95.624023033026,95.7320785522461,16291500
2024-05-13,95.95718565902035,96.03823415373415,95.74106779022219,95.76808166503906,20464200
2024-05-14,96.02024334756196,96.1553196242983,95.90318090519837,96.0472640991211,25440400
2024-05-15,96.80368499541073,97.05582372685403,96.57856014658421,96.90274047851562,33780900
2024-05-16,97.03780855516865,97.05581551863521,96.70462133378828,96.74964904785156,23586600
2024-05-17,96.57854863281595,96.75864574230054,96.49750699462719,96.52452087402344,21862800
2024-05-20,96.4524859356348,96.56054833093856,96.40745822002536,96.47949981689453,17885200
2024-05-21,96.74966397076095,96.78568477351459,96.58757379350236,96.6416015625,17411900
2024-05-22,96.36244416070154,96.64159678039698,96.35343724289241,96.49752044677734,26735600
2024-05-23,96.62358494934179,96.65059883114354,95.96621738768427,96.07427978515625,24876100
2024-05-24,96.09228765153857,96.3444263777415,96.01124600537263,96.3354263305664,11189500
2024-05-28,96.4704972104513,96.4704972104513,95.6960671851648,95.75910186767578,15989600
2024-05-29,95.41691617731773,95.42592309504653,95.04771499362013,95.24581909179688,30015700
2024-05-30,95.6330200421479,95.85814486039237,95.56998536785002,95.83113098144531,21036300
2024-05-31,96.2093515548432,96.37144171989587,96.0562683073671,96.25437927246094,19901400
2024-06-03,96.54814234249866,96.93683002736313,96.50295026998545,96.91875457763672,20154900
2024-06-04,97.18995035426599,97.44305498418832,97.03628485839586,97.29842376708984,24545200
2024-06-05,97.46111080558545,97.65093406749224,97.10858090541646,97.62381744384766,26584700
2024-06-06,97.47014058249947,97.6509226499224,97.43398278973612,97.56053161621094,22687100
2024-06-07,96.74702076567712,96.90068624795927,96.60239645776315,96.68374633789062,26228700
2024-06-10,96.49390445387536,96.57525431832141,96.40351341680393,96.48486328125,19415700
2024-06-11,96.53911634530016,96.9639549660528,96.47584192123955,96.90068054199219,19042600
2024-06-12,97.87695349637416,98.1300512781366,97.46114901256477,97.49730682373047,27209400
2024-06-13,97.94017723809928,98.12096620033309,97.67803841515557,97.95825958251953,26782700
2024-06-14,98.01252570465054,98.14811574771578,97.84981903225146,98.03964233398438,28561900
2024-06-17,97.46112848019874,97.63287632295388,97.37977859451212,97.5786361694336,24678700
2024-06-18,97.78653732981059,98.12099182499185,97.75037952792108,98.03059387207031,25576600
2024-06-20,97.47921144861714,97.72327491728402,97.42497818731178,97.70519256591797,21206300
2024-06-21,97.79556659679643,97.94019089034944,97.49726993982526,97.73229217529297,21091200
2024-06-24,97.83174896240234,98.00348992310055,97.77750880435346,97.83174896240234,18597600
2024-06-25,97.75944308094677,97.885991968331,97.6419284738063,97.79560089111328,16251600
2024-06-26,97.17187700196273,97.35265913084977,97.072444762156,97.26226806640625,26381300
2024-06-27,97.56053789943626,97.60573686739986,97.4249478919397,97.45206451416016,19939400
2024-06-28,97.69613560200092,97.72325222635723,96.8012456198739,96.828369140625,27395800
2024-07-01,96.46187348323048,96.78843295779804,96.19881822047641,96.25324249267578,22429100
2024-07-02,96.74310731283927,96.89731407201378,96.52540324572894,96.87010192871094,19845700
2024-07-03,97.19664364213162,97.58670043945312,97.09686118788522,97.58670043945312,14318900
2024-07-05,97.9586284087982,98.14912033109637,97.69556615780907,98.09469604492188,18800300
2024-07-08,98.16726041041944,98.24889683472215,97.9495563582585,98.08561706542969,18136600
2024-07-09,97.92232918270076,98.07654283919567,97.68648602935367,97.90419006347656,20384700
2024-07-10,98.02213190306675,98.15819954777858,97.87699815721193,98.14006042480469,17263200
2024-07-11,98.74779628844655,98.8929299974021,98.5845165404427,98.66615295410156,31411700
2024-07-12,98.72059347192749,99.02900695800781,98.62988403017955,99.02900695800781,20301300
2024-07-15,98.69339444208077,98.83852818401994,98.46661734724206,98.48475646972656,18291500
2024-07-16,98.72061818592685,99.07438994178877,98.63897482343413,99.05624389648438,20090700
2024-07-17,98.78409125079301,99.1469359402257,98.72966004893166,99.10157775878906,21313500
2024-07-18,98.86571618686654,99.09249322633038,98.63893914740268,98.67522430419922,28091700
2024-07-19,98.48473833404124,98.49381135395657,98.24888826104754,98.31238555908203,16576600
2024-07-22,98.62079445587506,98.65707961062097,98.14909436486383,98.25794982910156,22556800
2024-07-23,98.38495156298296,98.48473401561704,98.18538665771484,98.18538665771484,24425700
2024-07-24,98.3033167378199,98.39402617240219,97.58670043945312,97.58670043945312,28026100
2024-07-25,97.77719594837633,98.2216770387664,97.7590499083763,97.97676086425781,29760400
2024-07-26,98.52103424072266,98.56639242456104,98.28518414199996,98.52103424072266,21119900
2024-07-29,98.81130337661608,98.84758853762261,98.530102029674,98.72966003417969,24734600
2024-07-30,98.80224442213265,98.86574173276213,98.59361336750194,98.81131744384766,14952000
2024-07-31,99.22855999905981,99.4099788608297,98.95642478571901,99.38276672363281,29226900
2024-08-01,99.73964353334472,99.99454476608622,99.63950277111945,99.71233367919922,34564600
2024-08-02,100.24035469475865,100.76836839874791,100.24035469475865,100.68643188476562,46697900
2024-08-05,100.65001961511733,100.74106173254451,100.14932269695983,100.43153381347656,56991100
2024-08-06,100.32228761895936,100.35870307688756,99.7578653849184,99.77606964111328,47432500
2024-08-07,99.72144012750427,99.93082030809286,99.17522220333426,99.32087707519531,46819000
2024-08-08,99.26624566230423,99.43011171478814,99.08416841202383,99.36638641357422,23536800
2024-08-09,100.04006388217785,100.06737373579433,99.78516265437395,99.8761978149414,23199700
2024-08-12,99.83070053586808,100.19484123952103,99.7305597587019,100.08560180664062,24281800
2024-08-13,100.55897630391851,100.78656768798828,100.41332142979356,100.78656768798828,31245000
2024-08-14,100.90491098433402,101.36009374470119,100.89581232991385,101.2326431274414,28985600
2024-08-15,100.6045072701177,101.05969008310008,100.5407819541217,100.92313385009766,29546000
2024-08-16,101.0323577249594,101.28725893217499,100.52254836499121,101.2235336303711,21411500
2024-08-19,101.20532674822294,101.569474322147,101.18712249501851,101.4602279663086,16004100
2024-08-20,101.63322324459975,101.77888508623376,101.46025154404408,101.72425842285156,27114000
2024-08-21,101.80617313803418,102.21583482518628,101.66051132760128,101.95182800292969,23819100
2024-08-22,101.7242493662629,101.79708028059571,101.31458762783281,101.53307342529297,17926300
2024-08-23,101.82439068410297,102.23405937027212,101.69694005610499,102.11570739746094,22650200
2024-08-26,102.32508082933614,102.32508082933614,101.95182765054498,101.98824310302734,15312500
2024-08-27,101.57859412613774,101.95184040608964,101.54217866909933,101.90632629394531,15922700
2024-08-28,101.84262994819842,101.9245595406849,101.63324274705484,101.69696807861328,22104600
2024-08-29,101.49664644543832,101.63320265792484,101.36009023295179,101.52395629882812,20079400
2024-08-30,101.65142129193423,101.7879705688704,101.20533716881607,101.24175262451172,25275500
2024-09-03,101.68489164363275,101.89503712337859,101.39251017156415,101.54783630371094,27734500
2024-09-04,101.61179914318586,102.21483987783314,101.59352835013192,102.17829132080078,31915900
2024-09-05,102.47981004631961,102.70823329591902,102.0960536890901,102.68081665039062,35538500
2024-09-06,102.6990976984283,103.30213147177528,102.45239667725372,102.63513946533203,42004600
2024-09-09,102.61684729227416,102.96405505540801,102.49806972489466,102.8635482788086,35440300
2024-09-10,102.9092578953755,103.16509783524114,102.79961917778724,103.14682006835938,30489500
2024-09-11,102.93667192039722,103.34783104271814,102.85443591337778,103.1925048828125,36948000
2024-09-12,103.1194076538086,103.20163668981873,102.84529692525732,103.1194076538086,30255700
2024-09-13,103.4483249782625,103.58538032563092,103.33867930618287,103.4391860961914,25536600
2024-09-16,103.56709658499514,103.96912372182972,103.44831900862316,103.89602661132812,25722000
2024-09-17,104.06963928240721,104.08791007611134,103.74070922833498,103.9051742553711,31732800
2024-09-18,103.64933479442024,104.2249588673553,103.44832122170266,103.4757308959961,35015500
2024-09-19,103.52141243126475,103.75896757554601,103.37521821546963,103.56709289550781,31216900
2024-09-20,103.41176088356113,103.7041423275861,103.23815700491635,103.65845489501953,29958900
2024-09-23,103.33868703687436,103.72243646147432,103.21077056200771,103.51229095458984,22919400
2024-09-24,103.24729927307632,103.76810395517435,103.15593137586896,103.68587493896484,24719900
2024-09-25,103.39351336806993,103.4300549572409,103.04630553262018,103.07371520996094,32881300
2024-09-26,103.2564580104411,103.32954815970808,102.80874337745853,103.07371520996094,20877100
2024-09-27,103.36609398014402,103.5671075698819,103.29300383281424,103.48487854003906,25232000
2024-09-30,103.4300486651351,103.53969433875295,103.0919867039315,103.22904205322266,22728400
2024-10-01,103.71598644171868,103.89022420389949,103.50507367354076,103.72515869140625,36591300
2024-10-02,103.11076007985861,103.51424814916352,103.06490582371212,103.49591064453125,29446700
2024-10-03,103.23910606997484,103.28495331307687,102.8264389038086,102.8264389038086,24163200
2024-10-04,102.29457606998626,102.37710531230374,102.14784808847712,102.26705932617188,33618100
2024-10-07,101.90026976136828,102.09284502080385,101.68017775369074,101.74436950683594,27106300
2024-10-08,101.62515483149625,101.94611358642578,101.48759908041897,101.94611358642578,27316000
2024-10-09,101.72603200438432,101.8544155106747,101.56096649681436,101.74436950683594,29951900
2024-10-10,101.542636866786,101.68935788690301,101.33171709217021,101.63433837890625,25932500
2024-10-11,101.48757569509148,101.80853437606396,101.3958742142957,101.61595916748047,20079000
2024-10-14,101.33170359037986,101.64349008932057,101.21249234014536,101.62515258789062,4335400
2024-10-15,101.83607693727369,102.22122745209442,101.83607693727369,102.12035369873047,28673200
2024-10-16,102.40463269557107,102.51467870065473,102.2395671861338,102.44131469726562,20474300
2024-10-17,102.04698113363621,102.08366313145186,101.6343209018677,101.68016815185547,31476700
2024-10-18,101.84522795463171,101.92776419420025,101.54261373321455,101.56095123291016,27372400
2024-10-21,101.06576297785476,101.12995472655629,100.48803723954097,100.52471923828125,28320400
2024-10-22,100.61643009227029,100.63476759515751,100.27712681965609,100.51555633544922,26001200
2024-10-23,100.17623901367188,100.37798649902005,100.02951802202128,100.17623901367188,25425800
2024-10-24,100.3321455762467,100.66226957736961,100.20375508044069,100.47886657714844,21021100
2024-10-25,100.7631159557335,100.81814243795358,100.18539036522823,100.24040985107422,16040900
2024-10-28,100.35048082343228,100.40550032298746,99.92864833529889,100.15790557861328,20935200
2024-10-29,99.71772664569097,100.30462461740443,99.64436964650857,100.27711486816406,24075800
2024-10-30,100.57973979062508,100.8273345392429,100.10288779476353,100.14873504638672,25259100
2024-10-31,99.98368059936985,100.24961987513105,99.69940382020779,99.9469985961914,29424400
2024-11-01,100.21847014007079,100.3749160186713,99.35340489410494,99.39942169189453,25142200
2024-11-04,100.2184642028553,100.38411483543565,99.86875341119838,100.13563537597656,24713500
2024-11-05,100.0896147795716,100.6325763924894,99.85034010923299,100.61417388916016,23732500
2024-11-06,99.45462738439888,99.98839129809097,99.307386282691,99.5650634765625,38097900
2024-11-07,100.15405583182968,100.8534634491124,100.05282448858495,100.74303436279297,24596700
2024-11-08,100.96390429904552,101.30441038060631,100.85346818636083,101.09274291992188,21113600
2024-11-11,100.90867986143888,100.98230392934481,100.7338244554567,100.89947509765625,7971100
2024-11-12,100.4669304030551,100.67859781755625,99.9055592397876,99.98838806152344,36203300
2024-11-13,100.53135608817439,100.54056085143594,99.54665705450398,99.61107635498047,22942500
2024-11-14,99.87794714761019,100.05280252413407,99.48222662575576,99.58345794677734,26889100
2024-11-15,99.30739718567646,99.8687614075706,99.0221056715591,99.6294937133789,27276300
2024-11-18,99.50985121112761,99.97919587017455,99.42702940015454,99.81354522705078,19399100
2024-11-19,100.05281478843457,100.22767018639192,99.95158345500423,100.02520751953125,21473200
2024-11-20,99.67548310774839,99.9423650393193,99.63867108051348,99.78591918945312,24792000
2024-11-21,99.82273614078652,100.08041332296543,99.58346146254469,99.66629028320312,22507400
2024-11-22,99.8319553675968,99.93317968568168,99.59268065468741,99.75833129882812,13813000
2024-11-25,100.82586935471853,101.0559393428563,100.69703072305569,101.00072479248047,21678000
2024-11-26,100.76143687012024,100.78904414170009,100.41173306147888,100.74303436279297,25005000
2024-11-27,101.03752857365728,101.21238399712539,100.82586111255492,101.11115264892578,23584000
2024-11-29,101.5436811476504,101.75534861470229,101.49767136519806,101.73694610595703,11838900
2024-12-02,101.90592713331,101.97980715939721,101.40724752560203,101.89669036865234,33409400
2024-12-03,102.00752887378016,102.08140891324155,101.48114592239735,101.53655242919922,27394800
2024-12-04,101.35185037672206,102.1275695854226,101.30567359476181,102.02599334716797,22704100
2024-12-05,101.77663510675197,102.08138491369164,101.73969509570595,101.9982681274414,16792500
2024-12-06,102.43231542447239,102.44155218962015,101.98904933560361,102.2291488647461,16668800
2024-12-09,102.0813705546592,102.13677704064126,101.88744080813628,101.97055053710938,21149300
2024-12-10,101.73968047436533,101.95208374595812,101.68427398855229,101.81356048583984,19497500
2024-12-11,101.9982921074504,102.12757865371366,101.51808594212804,101.53655242919922,24516500
2024-12-12,101.296419391744,101.32412263598924,100.89008635458423,100.9639663696289,24747600
2024-12-13,100.82544956978876,100.8346863336583,100.33600676850023,100.40065002441406,13195000
2024-12-16,100.68694278649424,100.71464603705414,100.38219293916,100.52995300292969,18893000
2024-12-17,100.51147427559762,100.67770081595057,100.42836452821479,100.5391845703125,29945700
2024-12-18,100.42335362261063,100.63650369780672,99.20930464392458,99.29270935058594,36753900
2024-12-19,99.0332101652244,99.16295552269086,98.54203030187396,98.75518035888672,40479900
2024-12-20,99.24636879703769,99.59854085823834,98.98687805968498,99.1444320678711,27608300
2024-12-23,99.17220228660034,99.23707495043105,98.74589519991422,98.85710144042969,13091800
2024-12-24,98.66249164334927,99.17221052334676,98.62542053656848,99.1629409790039,6215300
2024-12-26,98.69957794701753,99.29270160565274,98.69957794701753,99.25563049316406,12454800
2024-12-27,99.07954357639834,99.20001937935075,98.80151379039594,98.83858489990234,13908400
2024-12-30,99.19073511132817,99.32974998369521,99.1351319906174,99.26487731933594,9141400
2024-12-31,99.43171603625095,99.52439028173534,98.85712440130094,99.0146713256836,10768700
2025-01-02,99.27415398357672,99.45023290198708,98.81077575617678,99.02392578125,19098100
2025-01-03,99.16293266486667,99.21853578508058,98.73662557851655,98.79222869873047,22610500
2025-01-06,98.71807870721767,98.78295136588189,98.48638963047556,98.54199981689453,24302200
2025-01-07,98.4122763196193,98.52348257593498,97.93035897361447,98.08790588378906,25115700
2025-01-08,97.96743072645529,98.33813474798974,97.89328850803017,98.2454605102539,30143800
2025-01-10,97.63379698050953,97.99523145400705,97.51332117954071,97.68013763427734,24613500
2025-01-13,97.63378871742327,97.65232780559779,97.3372269419451,97.402099609375,18873300
2025-01-14,97.49478946110086,97.56893168449862,97.25383784094555,97.5133285522461,27585200
2025-01-15,98.62542770332453,98.8293152701393,98.44007922654264,98.68103790283203,32123600
2025-01-16,98.63468984034306,99.07953605003688,98.43080228884135,98.87564849853516,24583300
2025-01-17,99.14443150378337,99.17223307254264,98.89420324376529,98.95907592773438,18912000
2025-01-21,99.37609872797282,99.55217764809959,99.27415495130383,99.53364562988281,20670600
2025-01-22,99.53364487837928,99.63558865427856,99.20928153260456,99.21854400634766,18418900
2025-01-23,98.78297518986201,99.08880654186194,98.76444317031256,99.07954406738281,18118300
2025-01-24,99.0424655478001,99.38536091324511,98.94052177142709,99.27415466308594,13020200
2025-01-27,99.76535052717473,99.98777013391282,99.63560516736153,99.95996856689453,18954300
2025-01-28,99.70046231517702,99.87654123572585,99.60778808268962,99.82093811035156,22253100
2025-01-29,99.98776206492992,100.01556362970463,99.37610642811266,99.69120025634766,24969100
2025-01-30,99.95996828313852,100.09898318842714,99.7746197898149,99.91362762451172,22709300
2025-01-31,99.99700844223443,100.10821467556843,99.38534587653903,99.5892333984375,28454600
2025-02-03,99.85806207966141,100.15570132341668,99.54181639151433,99.74644470214844,21155000
2025-02-04,99.50462794998293,100.053397479348,99.46742215364428,99.94178009033203,25086200
2025-02-05,100.4905272163301,100.85327475379505,100.23938993883715,100.63934326171875,30119200
2025-02-06,100.57424448555847,100.72306764139245,100.35101684808615,100.45333099365234,22557700
2025-02-07,100.11849610170115,100.19290768713402,99.89526844168188,100.01618194580078,23911000
2025-02-10,100.10919100356546,100.31381931153179,99.9417684876184,100.04408264160156,15302300
2025-02-11,99.73713123185428,99.89525050029107,99.70922157012005,99.82083892822266,19478800
2025-02-12,99.12328326066519,99.4023232115295,98.92795813357246,99.28140258789062,31480600
2025-02-13,99.8208596142368,100.23011624914575,99.78365382049238,100.05339050292969,20735100
2025-02-14,100.57424747880962,100.77887577603208,100.44403076171875,100.44403076171875,14409400
2025-02-18,100.31383049529137,100.41614466068131,99.96038607612253,100.03479766845703,17640000
2025-02-19,99.99759574357421,100.23942278360333,99.8952815742233,100.09060668945312,26007400
2025-02-20,100.24872079357655,100.40684010297565,100.18361242521928,100.33243560791016,23814800
2025-02-21,100.47193578553363,100.99280976290507,100.4440332163721,100.68586730957031,30130700
2025-02-24,100.7416607839688,101.08580898843292,100.62074729950864,100.9462890625,23399500
2025-02-25,101.57880278739407,101.75552855139485,101.43928282088187,101.71832275390625,26835200
2025-02-26,101.75550945382511,101.97873710058087,101.56018437587896,101.9322280883789,22983100
2025-02-27,101.64389922258889,101.80201852113683,101.44857413092153,101.50437927246094,27258200
2025-02-28,101.85782525201044,101.99734519459525,101.52298022831854,101.95083618164062,29596100
2025-03-03,101.71277832662396,102.2729721069336,101.64742250430868,102.2729721069336,42545300
2025-03-04,102.10489505913527,102.28229245518949,101.8154632009408,101.93683624267578,46053300
2025-03-05,102.0768832557831,102.18891771442458,101.5166895928291,101.61005401611328,45483500
2025-03-06,101.47934614516801,101.6193892236398,101.10588131499522,101.29261016845703,40519900
2025-03-07,101.79677724418825,101.79677724418825,101.02183903952795,101.13388061523438,30747100
2025-03-10,101.60072791124504,101.8248039792887,101.34864322510215,101.47935485839844,34294800
2025-03-11,101.40464666679023,101.47000247454774,100.78842865943474,100.81644439697266,42262600
2025-03-12,100.86312639248646,100.89113500770475,100.48033011242151,100.5176773071289,35875600
2025-03-13,100.17221687459688,100.86312213942787,100.06951387429446,100.83511352539062,43907900
2025-03-14,100.83512266610843,101.03119010539149,100.71374961986159,100.78843688964844,31358100
2025-03-17,101.16189425951234,101.35796168431337,100.94715679945594,100.99383544921875,17561400
2025-03-18,100.9658257150964,101.451332105338,100.85378413506015,101.23658752441406,27948100
2025-03-19,101.25525851604661,101.93683233535404,101.09653828526572,101.8341293334961,27469800
2025-03-20,102.36632015247437,102.37565873223794,101.67541483820519,101.68475341796875,26937300
2025-03-21,101.75012192227312,101.8621564004142,101.47936006134866,101.54471588134766,26447400
2025-03-24,101.43265213656723,101.43265213656723,101.03117872328895,101.10587310791016,25243300
2025-03-25,101.10587701507893,101.41398602111167,101.01251259231871,101.20858001708984,22744000
2025-03-26,101.04053613158213,101.04053613158213,100.7511042412986,100.79778289794922,17115600
2025-03-27,100.62039012662953,100.7137616907404,100.49901706583573,100.6764144897461,22028900
2025-03-28,101.11520536688684,101.32994280519056,100.97515518528765,101.28326416015625,27257000
2025-03-31,101.53537209459691,101.60072791124504,101.11522857660883,101.47935485839844,29834300
2025-04-01,101.72022387878718,102.06701059804834,101.67336544689823,101.84207153320312,22059200
2025-04-02,102.17007896723455,102.17007896723455,101.55148778335301,102.07635498046875,24769000
2025-04-03,102.26380861228735,102.6668282132931,101.92639652071591,102.06698608398438,41675700
2025-04-04,102.28257406056096,102.6012442872629,101.69210633993015,101.95453643798828,60793800
2025-04-07,101.00789022386617,101.47651736207794,99.68636541246393,99.96754455566406,62583200
2025-04-08,100.13626876905792,100.20188344964627,98.38360740561772,98.7022705078125,56747700
2025-04-09,97.55879340281679,100.38930529885181,97.25887232284116,100.35181427001953,77380700
2025-04-10,99.31146870320718,99.67699732262953,98.46793836966211,98.6460189819336,55825000
2025-04-11,97.97118367769558,98.8147139162088,96.95894739147968,98.62726593017578,41686900
2025-04-14,99.33957925587067,99.43330325384817,98.86158472098064,99.23648071289062,28111900
2025-04-15,99.28334473388489,99.92067792111622,99.23647916028803,99.77071380615234,20502600
2025-04-16,99.86444443320721,100.20185653943597,99.61138177819437,100.1924819946289,24639800
2025-04-17,100.20188218234564,100.28623165514765,99.88321193349678,100.05191802978516,11483700
2025-04-21,99.54577812297917,99.70510963746007,98.88970297471504,98.97405242919922,23506700
2025-04-22,99.5176487114791,99.56451428056022,99.1802366360043,99.21772766113281,20939300
2025-04-23,100.80169254547225,100.91415847356592,99.63949218350231,99.65824127197266,31155900
2025-04-24,100.34245082992528,100.73610310088797,100.16437736161802,100.67986297607422,23838700
2025-04-25,101.06413147239272,101.2609540145594,100.89542541472373,101.2140884399414,14575300
2025-04-28,101.12036483323618,101.5515009487981,101.1109902881397,101.44840240478516,18297900
2025-04-29,101.27970433627455,101.69209854485946,101.27033694112185,101.68272399902344,19346200
2025-04-30,101.3453172438439,101.49528138245982,101.04539611729575,101.2047348022461,35129300
2025-05-01,101.40423462212664,101.40423462212664,100.77374627927057,100.84902954101562,28056300
2025-05-02,100.53847662954111,100.72668475612075,100.40673453063832,100.60435485839844,20302100
2025-05-05,100.35029379263744,100.51026534454583,100.03035068882065,100.46321868896484,20005800
2025-05-06,100.18089822876384,100.67023220909383,100.09620995105657,100.66082000732422,29906500
2025-05-07,100.86784362792969,100.9713563073886,100.68904769442678,100.86784362792969,19892000
2025-05-08,101.0183982991753,101.09368154974837,100.35968780517578,100.35968780517578,25149700
2025-05-09,100.62317019002008,100.7172706618382,100.29381494895374,100.3220443725586,18254700
2025-05-12,100.30322265625,100.52907240994776,100.20912218191226,100.30322265625,28270900
2025-05-13,100.39732876605224,100.51965866286947,100.19030341804931,100.3879165649414,32005700
2025-05-14,100.29380375787869,100.41613363965175,99.84211149238472,99.87975311279297,25340600
2025-05-15,100.11502604181409,100.6514066661071,100.04915498898535,100.5949478149414,30008300
2025-05-16,101.05603848472875,101.06545068576777,100.64198779188173,100.78314208984375,21888400
2025-05-19,99.89859148602223,100.84901561150238,99.80448383213579,100.79255676269531,33615600
2025-05-20,100.50084306197103,100.67022678767009,100.32204713500923,100.54788970947266,23036200
2025-05-21,100.08679585039563,100.25617958200294,99.34338987164166,99.42808532714844,35452800
2025-05-22,99.31516459825403,99.98328735102385,99.17401028611245,99.93623352050781,34010700
2025-05-23,100.13384220028082,100.2844015174613,99.83270920710845,100.01150512695312,21447200
2025-05-27,100.61374543592883,100.99956665547364,100.23733641621327,100.91487121582031,29208400
2025-05-28,100.71728133136584,100.78315238655719,100.37851385340848,100.67023468017578,29079800
2025-05-29,100.99958781881602,101.21601820440475,100.87725073361626,101.12191772460938,31012800
2025-05-30,101.1125017926316,101.41362762451172,101.01840131630772,101.41362762451172,29890800
2025-06-02,101.05094209196041,101.13594990453892,100.76759953042783,101.12650299072266,24225900
2025-06-03,101.28707072149084,101.44763944270049,101.05094830275917,101.17373657226562,24080000
2025-06-04,101.65540706653374,102.05209815164092,101.55151264018227,101.9104232788086,28006400
2025-06-05,101.9482263151772,101.99544647932886,101.54209543287105,101.59876251220703,29760700
2025-06-06,101.26816724255116,101.39094828573643,100.97537779794152,100.98481750488281,31093100
2025-06-09,101.05094880811482,101.4192992067076,101.00372864766295,101.28707122802734,18850000
2025-06-10,101.6743134401208,101.71209389126405,101.30596304882945,101.53263854980469,20359000
2025-06-11,101.70263755154653,101.97654039253747,101.58929620862088,101.85375213623047,20584700
2025-06-12,102.22213682246635,102.42047882080078,102.08046190768876,102.42047882080078,26497300
2025-06-13,102.11823241322352,102.18434640622506,101.53264618529215,101.80654907226562,34794500
2025-06-16,101.81598507438221,102.11822146797849,101.60819620268153,101.62708282470703,21286000
2025-06-17,101.89153942683674,102.04266122755351,101.6743108456615,101.97654724121094,27241300
2025-06-18,102.2126549916811,102.40155000960277,101.86319128205467,102.05209350585938,29762000
2025-06-20,101.87265190608358,102.29766935655331,101.7404239345648,102.1371078491211,20437500
2025-06-23,102.37324179012354,102.66603130206164,102.29768088191861,102.39213562011719,34072400
2025-06-24,102.26932943702266,102.96824970083604,102.25988252367985,102.8738021850586,38185300
2025-06-25,102.67546906679065,102.80769704142294,102.50546064142283,102.75102996826172,30675200
2025-06-26,102.86435878024096,103.13825440438558,102.6565699294692,103.12881469726562,31026000
2025-06-27,102.94936961437789,103.32716690735057,102.83602826472088,102.95881652832031,24704800
2025-06-30,103.29883719349543,103.62940713487122,103.1760489253528,103.5255126953125,40575000
2025-07-01,103.57480295606446,103.71699935165528,103.356767518504,103.650634765625,28691300
2025-07-02,103.30937064948029,103.63167572021484,103.23353160963372,103.63167572021484,24284500
2025-07-03,103.47052886249416,103.59376188470021,103.30937631828411,103.38520812988281,17340500
2025-07-07,103.19562496439171,103.19562496439171,102.65528439478763,102.76904296875,18303300
2025-07-08,102.53202632191041,102.560464150353,102.38982994728944,102.47514343261719,29374900
2025-07-09,102.71214659577014,103.08185287215184,102.6173514127713,103.06289672851562,33182900
2025-07-10,103.02498010900719,103.17665095959313,102.82590804938303,103.08185577392578,29758900
2025-07-11,102.6268415117367,102.65527934572613,102.3803682298125,102.45620727539062,23776000
2025-07-14,102.39930457289091,102.56046432168152,102.24763374347441,102.42774963378906,18216500
2025-07-15,102.64579419476587,102.64579419476587,102.02014017087274,102.05805969238281,31329400
2025-07-16,102.29506207348494,102.4751707791545,101.75471425924637,102.21922302246094,41794100
2025-07-17,102.41829662950595,102.57944919101996,102.33297588773318,102.46569061279297,19396900
2025-07-18,102.75007625925186,102.78799578267669,102.53204804007098,102.65528106689453,17446200
2025-07-21,103.19561741946193,103.31885044127054,103.02498318719884,103.05342102050781,17147100
2025-07-22,103.10082417091657,103.3567719079225,103.06290464832135,103.29989624023438,19568700
2025-07-23,103.10082864470468,103.21457998501684,102.99655176114537,103.13874816894531,20810400
2025-07-24,102.79746256026701,103.19560664986038,102.77849918510054,102.98705291748047,23064800
2025-07-25,103.03444688162764,103.36623359963716,102.94912616419204,103.31883239746094,26008500
2025-07-28,103.19561125458289,103.27145029381572,103.07237824013619,103.11029052734375,21887900
2025-07-29,103.28090595963637,103.80229021899616,103.26194981948126,103.79280853271484,26131300
2025-07-30,103.41366452137082,103.7549330482399,103.30939485765973,103.40419006347656,23313300
2025-07-31,103.71700235752922,103.80231585791076,103.41364618085892,103.43260955810547,31745000
2025-08-01,104.05509838676149,104.4167947982277,103.8647333832444,104.35016632080078,46073800
2025-08-04,104.49295429060597,104.59765723173564,104.30258926780299,104.5310287475586,31779600
2025-08-05,104.35016935460521,104.63572413014225,104.3311357584839,104.60717010498047,25922900
2025-08-06,104.36920741972125,104.62620090125964,103.96943655423512,104.57861328125,31825300
2025-08-07,104.61669249053637,104.77850347745235,104.40728661948755,104.47391510009766,29018100
2025-08-08,104.35970428191209,104.35970428191209,104.12174435655896,104.14078521728516,16946300
2025-08-11,104.29307661546028,104.43585402418984,104.1788532360845,104.30259704589844,24444300
2025-08-12,104.1217317618259,104.4167997097445,104.00750839716721,104.39776611328125,26380500
2025-08-13,104.75945683749734,105.00693714980238,104.74994367076359,104.9498291015625,27701400
2025-08-14,104.70235049653209,104.75945854570317,104.46439060903997,104.58812713623047,18817700
2025-08-15,104.55006227207724,104.63573161565087,104.3501768196856,104.45487976074219,20932000
2025-08-18,104.53104033343526,104.55007393304112,104.1693438452363,104.2645263671875,19579900
2025-08-19,104.3977689105719,104.49295141935796,104.33114042822565,104.42632293701172,26744200
2025-08-20,104.38824576105053,104.57861803562206,104.31209685122192,104.47391510009766,25054700
2025-08-21,104.28355598291864,104.29307641333834,103.93137993895702,104.07415008544922,25157900
2025-08-22,104.36922324166656,104.99743365952754,104.28355389352704,104.89273071289062,34562900
2025-08-25,104.67381490737364,104.8356259164966,104.58814555656924,104.61670684814453,18983100
2025-08-26,104.59764281909663,104.71186617421552,104.37872379923435,104.69282531738281,23246400
2025-08-27,104.39776123824015,104.75945764982964,104.31209190325669,104.73090362548828,25171700
2025-08-28,104.77851459798528,104.99743365952754,104.7023656800747,104.89273071289062,26892700
2025-08-29,104.69284564086007,104.71188650138907,104.46440614823565,104.51200103759766,32201100
2025-09-02,104.00000550894315,104.20059245322086,103.9331431941839,104.16239166259766,31044800
2025-09-03,104.36298223229495,104.90743461066104,104.34387454887383,104.78325653076172,34520600
2025-09-04,105.14623704159328,105.50920289023453,105.04116663772012,105.49964904785156,43026600
2025-09-05,106.22558601104575,106.3211025707182,106.08230752781391,106.1873779296875,36249000
2025-09-08,106.51215136598539,106.62676833164053,106.42618135429707,106.55990600585938,28998000
2025-09-09,106.44526686082015,106.55033724907577,106.13960953701621,106.36885070800781,24412500
2025-09-10,106.57900400126029,106.97062407738628,106.55034976245183,106.68407440185547,30188100
2025-09-11,106.87511349722502,107.29539512311534,106.85601309943306,107.18077087402344,28405600
2025-09-12,106.95152275439847,107.01838507352123,106.70317387446559,106.98973083496094,26728500
2025-09-15,107.19986485613917,107.38134411802824,107.19986485613917,107.32403564453125,21863600
2025-09-16,107.25716986082179,107.36224025046536,107.13299907644553,107.228515625,28232600
2025-09-17,107.41955672546202,107.59148944064822,106.80824202423246,107.03748321533203,34969800
2025-09-18,106.7127320252715,106.86555706624584,106.52169161474545,106.81780242919922,37159300
2025-09-19,106.7318115234375,106.82732806627416,106.55987883135346,106.7318115234375,26845400
2025-09-22,106.63630520511383,106.69361367882166,106.43571825969059,106.49302673339844,25908600
2025-09-23,106.64587755150437,106.7413941200732,106.49304521183662,106.70318603515625,31575400
2025-09-24,106.49302565649343,106.52167989305758,106.18736832073292,106.2733383178711,34756700
2025-09-25,106.02498980549097,106.10140596154497,105.71933246872072,106.0822982788086,36991200
2025-09-26,106.1682774592255,106.3975186597699,106.01544513389831,106.2255859375,31962100
2025-09-29,106.46437051824502,106.69361169626245,106.42616244066784,106.57899475097656,31961900
2025-09-30,106.64587071566332,106.84645768303463,106.38796798086692,106.47393798828125,34939700
2025-10-01,106.8343901522505,106.90149688720703,106.63306994738096,106.90149688720703,30262700
2025-10-02,106.8823273948922,107.11241391555282,106.80563920209144,107.07406616210938,18259400
2025-10-03,107.07406332997462,107.15075152074697,106.87274311528614,106.93984985351562,19971200
2025-10-06,106.64265576709732,106.86315351331973,106.56596757692444,106.5947265625,19553600
2025-10-07,106.73851811257953,106.8823203499925,106.57554565675146,106.7960433959961,29459500
2025-10-08,106.99736075638295,107.00694952237824,106.65223832140707,106.66182708740234,22462100
2025-10-09,106.57552953224837,106.61387727736232,106.36462059116388,106.4509048461914,29660700
2025-10-10,106.87275520696244,106.93986195278444,106.6810164231233,106.74812316894531,39146400
2025-10-13,106.79605563267768,107.17952587168836,106.72894888940729,107.11241912841797,11235900
2025-10-14,106.91106308872867,107.49585340168204,106.87272265772457,107.46709442138672,43975300
2025-10-15,107.62048540174115,107.85056455818828,107.28495177482147,107.46709442138672,45017200
2025-10-16,107.41919133503535,107.79307279791975,107.35208459334036,107.77389526367188,39858400
2025-10-17,107.64926492329043,107.67802390907345,107.47670369450643,107.56298065185547,35433500
2025-10-20,107.81223577075075,107.90810149328699,107.77388801891908,107.88893127441406,26361100
2025-10-21,108.15736067839227,108.22446741709959,107.89852249026002,107.9081039428711,27353800
2025-10-22,107.89852149112669,108.02314620069028,107.76430801495486,108.01355743408203,41003600
2025-10-23,107.8697599878482,108.03273977109184,107.81224201381293,107.87934875488281,27558500
2025-10-24,108.11901089084965,108.12859965736622,107.8985204595693,108.06149291992188,29474600
2025-10-27,108.05189833538276,108.26280730287603,107.89851464980565,108.24363708496094,23513400
2025-10-28,108.18610524533433,108.2628007405167,108.04230302038864,108.25321197509766,34236300
2025-10-29,108.19569507068083,108.2244540531347,107.55338674892744,107.63966369628906,36236000
2025-10-30,107.00695804080397,107.38083948944357,106.9110850013899,107.0644760131836,46045200
2025-10-31,107.16034468967662,107.16034468967662,106.59473177480409,106.6330795288086,57255300
2025-11-03,106.40408586100874,106.43295650566475,106.22128248855293,106.34635925292969,53372100
2025-11-04,106.27898764670337,106.7600621919124,106.26936410042698,106.49066162109375,62636700
2025-11-05,106.4618197184511,106.52916987469109,106.15393224126596,106.17317199707031,43258300
2025-11-06,106.6061396709798,106.73121643066406,106.53878951720885,106.73121643066406,37814800
2025-11-07,106.4618046501409,106.64460799656653,106.40407070966636,106.51953125,42671600
2025-11-10,106.57726287841797,106.7023469715017,106.5195362758352,106.57726287841797,45229000
2025-11-11,106.84667791697065,107.07759168325838,106.77932776261105,107.00061798095703,11282600
2025-11-12,106.93325460762344,106.98136500076849,106.79855431555575,106.89476776123047,39067900
2025-11-13,106.5965219923156,106.7119825511157,106.36560821533203,106.36560821533203,34125900
2025-11-14,106.45218767672819,106.53878492247968,106.0673265257996,106.07695007324219,31437600
2025-11-17,106.13467119182427,106.39445557503765,106.07694459138375,106.14429473876953,34343300
2025-11-18,106.32712127431954,106.39447143174297,106.08658394914772,106.19242095947266,30566000
2025-11-19,106.41369272171062,106.48104286744666,106.14429213876646,106.20201873779297,29144800
2025-11-20,106.48105956552511,106.61575987812054,106.25014579259245,106.34635925292969,49362200
2025-11-21,106.70234075250346,106.76006735172172,106.42331662192295,106.7215805053711,41000500
2025-11-24,106.97174084104736,107.14492797851562,106.88514360200557,107.14492797851562,28437900
2025-11-25,107.21227779261517,107.66448905797358,107.18341449322894,107.44319152832031,47560900
2025-11-26,107.44320123161661,107.81843883875626,107.31812447610871,107.80882263183594,24585400
2025-11-28,107.74146762346088,107.77994713063948,107.45281993531181,107.62600708007812,25471200
2025-12-01,106.97221767665904,107.0881060969732,106.86599583447777,107.04947662353516,24610100
2025-12-02,107.03980649069503,107.24261304750475,106.95289571019195,107.1170654296875,34955000
2025-12-03,107.19433551246102,107.45507524889435,107.1460468286162,107.35850524902344,20997800
2025-12-04,107.23296686434047,107.25227791752543,107.05913791440044,107.16536712646484,29846500
2025-12-05,107.21363068156157,107.22328989046326,106.90460230706613,107.05912017822266,25470000
2025-12-08,107.07844191654665,107.08810112641251,106.62456220230871,106.8370132446289,28815200
2025-12-09,107.05912217258869,107.07843322293418,106.61489433646473,106.7018051147461,29239900
2025-12-10,106.67284150246839,107.25226883057019,106.64387124123603,107.19432830810547,34019300
2025-12-11,107.37781620845368,107.4936972531192,106.99152886799283,107.03981018066406,41927200
2025-12-12,106.51834701876882,106.62457623782157,106.32519963511868,106.3927993774414,39040100
2025-12-15,106.74043604285436,106.81769498092831,106.44106686759011,106.51832580566406,22151200
2025-12-16,106.40245612876672,106.79839536241238,106.34451559892081,106.75977325439453,31692600
2025-12-17,106.64388275146484,106.78874144107967,106.56662380129441,106.64388275146484,22248000
2025-12-18,107.04947662353516,107.13639478072545,106.84667741384939,107.04947662353516,31844300
2025-12-19,106.9195624758019,106.97773179739663,106.74504711410498,106.77413177490234,28594900
2025-12-22,106.82260452396483,106.85168918296061,106.6577865250472,106.7547378540039,17335000
2025-12-23,106.56084542186983,106.90986876022447,106.50266870138324,106.86139678955078,16137300
2025-12-24,107.06497719291177,107.27827453613281,106.97771582663425,107.27827453613281,6400600
2025-12-26,107.37523388466236,107.42371324698689,107.10376720823417,107.26858520507812,10589300
2025-12-29,107.31706539514812,107.41401672363281,107.2201066697512,107.41401672363281,18943900
2025-12-30,107.20072537700077,107.38493808929495,107.11347139554307,107.2879867553711,21486400
2025-12-31,107.16194191848015,107.25889325109618,106.83230590820312,106.83230590820312,19124600
2026-01-02,106.95833567062289,107.03589969096265,106.68686899634582,106.80321502685547,25676200
2026-01-05,106.93896463319602,107.1425646698786,106.81292123174022,107.1037826538086,27771000
2026-01-06,106.9486545895286,107.1134800070544,106.77413921567023,107.1037826538086,31037300
2026-01-07,107.37524575552398,107.42372512320814,107.16194837277443,107.18134307861328,28107400
2026-01-08,106.84199344011094,107.02620614574165,106.83230348490791,106.88077545166016,26395600
2026-01-09,106.95833651817274,107.30736721555532,106.86138519043584,107.26858520507812,29660300
2026-01-12,107.00681427124904,107.27828094359471,106.95833490965357,107.14254760742188,28990100
2026-01-13,107.3364544998046,107.41401852265633,107.16193914684439,107.37523651123047,31139200
2026-01-14,107.42372591643338,107.65641060982698,107.39463385746028,107.64671325683594,27251900
2026-01-15,107.79212745832376,107.8115147644241,107.46248407932269,107.5109634399414,34534800
2026-01-16,107.44311141241165,107.49159077963571,107.18134206137532,107.20072937011719,38762100
2026-01-20,106.50265284178097,106.793514210162,106.46387083286938,106.55113220214844,43500200
2026-01-21,106.7741349995189,107.28799114447101,106.6771836616288,107.19103240966797,38616500
2026-01-22,107.2104174963442,107.49158152883815,107.1134661671527,107.39462280273438,36342900
2026-01-23,107.38492964419764,107.48188097049693,107.14254762999336,107.46248626708984,30615300
2026-01-26,107.6661049530337,107.73397162824767,107.51097689716585,107.54975891113281,23629800
2026-01-27,107.462487673716,107.61761571535507,107.36553634614766,107.43340301513672,27166000
2026-01-28,107.33644384904342,107.36552850549873,107.09406184936708,107.27827453613281,31045900
2026-01-29,107.06498340374357,107.33645007562298,106.95833472594636,107.30736541748047,45815500
2026-01-30,107.22981403168646,107.36554738361832,107.15225000289314,107.20072937011719,39631400
2026-02-02,107.18904787915116,107.35447630963706,107.07227093888041,107.1014633178711,35480300
2026-02-03,107.0819826959438,107.17929308113432,106.94574667181577,107.15010070800781,32761700
2026-02-04,107.01388549804688,107.09173679106394,106.87764944742096,107.01388549804688,31344400
2026-02-05,107.22796810163834,107.56855821314718,107.15985007933658,107.52963256835938,23929700
2026-02-06,107.50044318972208,107.62694597058073,107.34474060622728,107.58802032470703,29022200
2026-02-09,107.40313278719174,107.6366792381261,107.32528149544434,107.58802032470703,27356900
2026-02-10,107.91887759284307,108.05511363239819,107.7923673958938,107.84102630615234,34509800
2026-02-11,107.65611752364288,107.92859699204965,107.6269251509616,107.72423553466797,29955300
2026-02-12,108.0064498027775,108.29838840241719,107.98699069414478,108.23027038574219,39724200
2026-02-13,108.55141380952129,108.6000652988361,108.42490360382556,108.59033203125,33609900
2026-02-17,108.57086965893568,108.73629808139067,108.49301836920122,108.69737243652344,33132600
2026-02-18,108.57087292038564,108.72657550453184,108.51248816348475,108.59033203125,40087000
2026-02-19,108.41517864795627,108.67791748046875,108.4054453802905,108.67791748046875,30394400
2026-02-20,108.61953183400828,108.68764985849528,108.40544449296121,108.59033203125,44837400
2026-02-23,108.61953803299042,108.82389211811402,108.58061238473236,108.70711517333984,33323600
2026-02-24,108.62925856644782,108.73630223784754,108.47356340533507,108.67791748046875,37797100
2026-02-25,108.6000608759567,108.76548929664385,108.57086849869515,108.64871978759766,33682200
2026-02-26,108.63897611113497,108.7362865007855,108.54166572148445,108.71682739257812,33031800
2026-02-27,108.69737659149237,108.92119720195758,108.65845836944511,108.67791748046875,48343700
2026-03-02,108.23164949213565,108.36836179015218,108.0754185727468,108.30976867675781,54854600
2026-03-03,107.57743166299593,108.51483964722794,107.57743166299593,108.2609634399414,78775000
2026-03-04,108.31954483545232,108.55389495979631,108.22189957113034,108.35860443115234,49023300
2026-03-05,107.82155829726153,107.99732277579685,107.69462018215268,107.92897033691406,47318400
2026-03-06,107.37238235813928,107.91920186051814,107.18685111989345,107.56768035888672,58242900
2026-03-09,107.25519382277727,108.26096167316084,107.25519382277727,108.2121353149414,44312100
2026-03-10,107.80201932137646,108.09495511730894,107.46025716786045,107.47001647949219,71501200
2026-03-11,107.05990969922065,107.17708849604892,106.44473777804996,106.5912094116211,66523500
2026-03-12,106.39590506763332,106.41543859086738,105.80025925655133,106.01508331298828,72750200
2026-03-13,106.22990136906893,106.4251918912409,105.47801721400948,105.6244888305664,54605100
2026-03-16,106.33731283636658,106.46425093013043,106.00531001057952,106.13225555419922,65430000
2026-03-17,106.44472879239976,106.7571981077076,106.42519526964894,106.7279052734375,53953900
2026-03-18,106.56189372966787,106.74742493537745,106.15177917480469,106.15177917480469,60360000
2026-03-19,105.76119484123558,106.77672195730487,105.76119484123558,106.62049102783203,60271200
2026-03-20,106.13226361838798,106.23967564814029,105.21438170954325,105.31202697753906,66608900
2026-03-23,105.65378876456887,106.34708729954232,105.50732458802443,106.00531768798828,54512800
2026-03-24,105.52685385056837,106.07367332580918,105.40967505593537,105.79049682617188,46515300
2026-03-25,106.43496100995695,106.48378736650945,106.13225845892843,106.17131805419922,48616300
2026-03-26,105.73190473167377,106.02484797553473,105.302256627306,105.34131622314453,42072700
2026-03-27,104.94097648690364,105.33156502552085,104.83356445253749,105.08744812011719,42578500
2026-03-30,105.88813786442186,106.03460202923357,105.65378030101157,105.76119232177734,42677000
2026-03-31,106.16154322151347,106.63024342941574,106.04436444461015,106.42518615722656,57883800
2026-04-01,106.37224555830363,106.82326534384703,106.37224555830363,106.53893280029297,37445300
2026-04-02,106.29381236858063,107.11741176083163,106.25459228126391,106.98995208740234,27148600
2026-04-06,106.74484762893402,107.12723418513082,106.74484762893402,106.82328033447266,29080500
2026-04-07,106.73503336384354,107.01937340812803,106.15654638258412,106.94093322753906,41258900
2026-04-08,107.83316261545026,107.85276891839376,107.1566292166674,107.35272216796875,63694700
2026-04-09,107.1762355196109,107.64686907538737,107.02916954636818,107.35272216796875,39122000
2026-04-10,107.33312362448667,107.41156380286455,107.01937039144231,107.06838989257812,22857000
2026-04-13,107.00955291913316,107.53901285013609,106.98013972526628,107.48018646240234,19904200
2026-04-14,107.57824880727816,107.93122214669027,107.52922182328912,107.83317565917969,29507800
2026-04-15,107.70570586895772,107.81355924673198,107.61746627648823,107.79395294189453,30074300
2026-04-16,107.86258725730721,107.87238666958565,107.27430086050308,107.29390716552734,25833300
2026-04-17,107.98023788255604,108.1371182414731,107.82336500410622,107.89199829101562,44767700
2026-04-20,107.8919937817877,107.9704339579679,107.65668073371401,107.88218688964844,19935900
2026-04-21,107.79395044565415,107.88219003608023,107.44097712301551,107.47039031982422,26008100
2026-04-22,107.81355899437638,107.9606324619486,107.63707232938317,107.6762924194336,17815000
2026-04-23,107.65667408355856,107.80374005422824,107.12721414774829,107.38213348388672,25668600
2026-04-24,107.3625324397196,107.58804607323583,107.1860457858055,107.46057891845703,23212600
2026-04-27,107.38213762041792,107.45077090286313,107.06838440345886,107.15663146972656,21833200
2026-04-28,106.94093931440764,107.2056655883789,106.8232790368272,107.2056655883789,25603500
2026-04-29,106.91150551202561,106.91150551202561,106.450678864227,106.60755920410156,21800900
2026-04-30,106.76443981437843,106.94092646931671,106.6173663551854,106.7252197265625,45530700
2026-05-01,106.84827217809125,107.3010598888016,106.75967919676258,106.8974838256836,34755500
2026-05-04,106.75967018276467,106.76951551536747,106.22813486903863,106.55296325683594,21983900
2026-05-05,106.76951498338428,107.08449803700935,106.71045800763844,106.94669342041016,33609700
2026-05-06,107.46838800442666,107.60619262693139,107.38964036019861,107.47823333740234,28417400
2026-05-07,107.65541427512808,107.67509743174658,106.97622897006269,107.03528594970703,24184900
2026-05-08,107.43886360917146,107.57666823692715,107.37979911885547,107.48807525634766,17503300
2026-05-11,107.33058142924807,107.46838604924571,107.18293147645387,107.22230529785156,23050600
2026-05-12,106.90732767720694,106.95654683390606,106.74983238360089,106.85810852050781,26579400
2026-05-13,106.82858231097683,106.92701311668743,106.60219220882135,106.91717529296875,19083000
2026-05-14,107.18293282296437,107.23215197777695,106.82857593572201,106.8482666015625,18038000
2026-05-15,106.17892034454272,106.2576604738635,106.0017419114416,106.16907501220703,49718000
2026-05-18,106.26751377864166,106.415163735601,105.81472608447807,105.97222137451172,31145200
2026-05-19,105.53911225462271,105.71629069332378,105.2536576861716,105.44068145751953,36965500
2026-05-20,105.48989678359416,106.38563434101466,105.48989678359416,106.2576675415039,34281700
2026-05-21,105.96237560495548,106.48406560891264,105.77535182625812,106.4742202758789,25440400
2026-05-22,106.82857695164164,106.82857695164164,106.40531774950975,106.67108917236328,19668800
2026-05-26,107.26167739667666,107.29120588480357,106.97622282846909,107.07465362548828,23730300
2026-05-27,107.20262214204699,107.3601099178492,107.11402916645505,107.22230529785156,16208400
2026-05-28,107.28135537013802,107.69477671331059,107.16324142333563,107.54712677001953,24176800
2026-05-29,107.67509733745256,107.8818042758156,107.57666653486856,107.64556884765625,26551200
2026-06-01,107.26318606952225,107.65840934755599,107.13474170792053,107.62876892089844,19298000
2026-06-02,107.75720059647973,107.83624675043195,107.58923317302336,107.6188735961914,14394700
2026-06-03,107.29282365452299,107.40151024156013,107.1742619510329,107.32247161865234,24018700
2026-06-04,107.5793611902683,107.66829000684966,107.5003225667322,107.54972076416016,17881600
2026-06-05,107.11497660831704,107.17425745757663,106.84819771013582,106.87783813476562,30790300
2026-06-08,107.13474025608998,107.19402110860175,106.73951698341209,106.76915740966797,21944000
2026-06-09,107.02605378785601,107.1544981478614,106.75928241299654,107.11498260498047,37925400
2026-06-10,107.05569090502327,107.21378322468809,106.78891953840977,106.86796569824219,20870100
2026-06-11,107.13474066081685,107.84614104667314,106.95689056435276,107.7769775390625,34849400
2026-06-12,107.57935755510479,107.76709029845536,107.34222661599547,107.70780944824219,23423000
2026-06-15,107.97458600330614,108.03386685636923,107.67817419973373,107.68804931640625,27040500
2026-06-16,107.8066151481177,108.02398832014396,107.74733429693119,107.81649780273438,24297100
2026-06-17,107.7769822452588,108.00423054950667,107.41139938149215,107.4706802368164,31079300
2026-06-18,108.1326726744542,108.15243044502301,107.72756676435577,107.76708984375,41725500
2026-06-22,107.43115447801863,107.5101930981839,107.2928199316521,107.48055267333984,22557300
2026-06-23,107.48055689202103,107.81649930937157,107.42127604000612,107.6090087890625,27509300
2026-06-24,108.08326966382111,108.30064283683784,108.00422350304108,108.10303497314453,31462200
2026-06-25,108.2710017266866,108.39944608344965,108.11290940612588,108.19195556640625,33772500
2026-06-26,107.98446504936285,108.34016523236774,107.9548246238219,108.19195556640625,26033500
2026-06-29,108.31052589134512,108.42908759469609,108.23147973027326,108.38956451416016,43883300
2026-06-30,108.19195352441724,108.25123437438029,107.7473320731812,107.76708984375,32665400
2026-07-01,107.42203728473102,107.73933320383371,107.34272086970643,107.54102325439453,25563100
2026-07-02,107.6500910900287,107.79882165989049,107.50136052016688,107.71949768066406,18406000
2026-07-06,107.68974786138519,107.75915444865737,107.52119008725998,107.74923706054688,17471600
2026-07-07,107.37246447242447,107.42203628575996,106.85686617342846,106.96593475341797,32025000
2026-07-08,106.767630706284,106.83703729567259,106.48008696031673,106.7577133178711,31080600
2026-07-09,106.79737091064453,107.09483203278026,106.72796432411295,106.79737091064453,24612700
2026-07-10,106.80729102376938,106.80729102376938,106.4106787057193,106.54949188232422,34114000
2026-07-13,106.44042111813391,106.51974509306378,106.0338989849319,106.05372619628906,29936100
2026-07-14,106.25204104094618,106.48008802346382,106.11322029603207,106.3016128540039,33688900
2026-07-15,106.36110139547912,106.74780389753481,106.36110139547912,106.6684799194336,27178700
2026-07-16,106.44042653511711,106.65856369490042,106.35119273234267,106.58915710449219,33413200
2026-07-17,106.75771970786454,106.8767056816887,106.61890652077867,106.64865112304688,25761500
2026-07-20,106.61889636955897,106.64864096899518,106.20245684795073,106.24211883544922,29445700
2026-07-21,106.10331196087766,106.14297395073086,105.86534002175844,105.94466400146484,26033300
2026-07-22,105.85542330835005,105.92482989488812,105.71661013527391,105.76618194580078,20115500
2026-07-23,105.23076156092847,105.41915411840564,105.17127235951503,105.35966491699219,35690700
2026-07-24,105.1811873428313,105.58770948444548,105.1811873428313,105.32991790771484,27980000
2026-07-27,105.65711575695833,105.71661252158438,105.52821996897828,105.6075439453125,33698100
2026-07-28,105.7166154350255,106.03390378435583,105.66703605726256,105.92483520507812,23347600
2026-07-29,105.81577086269482,105.8950948443913,105.25060073142214,105.32000732421875,44523200
2026-07-30,105.4489031946893,105.64721314906923,105.39933137965777,105.5083999633789,30975700
2026-07-31,105.33982931569328,105.44889789393171,105.10186494715073,105.34974670410156,40904000
2026-08-03,105.56683954088442,105.80583412124632,105.51704552112119,105.66641998291016,30003200
2026-08-04,106.08466358735804,106.33361849396407,106.03487716453732,106.31370544433594,30075900
2026-08-05,106.31370574239963,106.49295357955855,106.17429160210946,106.29378509521484,24602300
2026-08-06,105.97512150150085,106.06474921746377,105.80583399051619,105.91537475585938,32079900
2026-08-07,106.25395060550157,106.29378430207308,105.96516960098448,106.10458374023438,22803900
2026-08-10,105.82574571265972,105.8855000550525,105.48717069493674,105.51704406738281,26021600
2026-08-11,105.72616861421062,105.83570938164276,105.51704740297676,105.54692077636719,24716700
2026-08-12,105.90541823702205,105.94525193471428,105.64650300077305,105.67638397216797,23031500
2026-08-13,106.15437016282318,106.41328539178761,106.06475004366287,106.10458374023438,25741000
2026-08-14,105.94525193471428,105.9950459562048,105.5767959291869,105.67638397216797,29528400
2026-08-17,105.51704816833347,105.5767949155477,105.2282595609632,105.25813293457031,25578600
2026-08-18,105.04900951358194,105.4672595277922,104.97930244413034,105.39754486083984,33979400
2026-08-19,106.09462308700034,106.18424320588214,105.84566818232769,106.12449645996094,37259700
2026-08-20,105.58675718004301,105.85563274245104,105.51705010784481,105.61663055419922,26597500
2026-08-21,105.52700501790831,105.5767914397808,105.37763055728949,105.47721099853516,24263700
2026-08-24,105.67638301349635,105.88550422635771,105.65646236608045,105.73612976074219,23581900
2026-08-25,106.1643293988616,106.44315767450524,106.06474895720325,106.41328430175781,30966800
2026-08-26,106.25395077079556,106.35353881112964,106.14441000442869,106.3336181640625,19195700
2026-08-27,106.3336151566097,106.4132825476234,106.18424069783414,106.28382873535156,21807300
2026-08-28,106.30374777601533,106.50290866727444,105.86558469824408,105.9054183959961,27002300
2026-08-31,105.75603851702847,105.79587221274211,105.56683795926443,105.76599884033203,29345400
2026-09-01,105.5199966430664,105.72000122070312,105.20999908447266,105.22000122070312,34399700
2026-09-02,105.37999725341797,105.41999816894531,105.19999694824219,105.3499984741211,26691200
2026-09-03,105.69999694824219,105.7699966430664,105.47000122070312,105.5,16263200
2026-09-04,105.55999755859375,105.68000030517578,105.47000122070312,105.4800033569336,20428600
2026-09-08,105.7300033569336,105.7300033569336,105.31999969482422,105.4800033569336,19467300
2026-09-09,105.41999816894531,105.52999877929688,105.08000183105469,105.30999755859375,34130300
2026-09-10,104.73999786376953,104.83000183105469,104.33000183105469,104.36000061035156,35685400
2026-09-11,104.80000305175781,104.87000274658203,104.30999755859375,104.31999969482422,27934300
2026-09-14,104.25,104.6500015258789,104.05000305175781,104.30000305175781,30889400
2026-09-15,104.19999694824219,104.33999633789062,104.1500015258789,104.27999877929688,30710000
2026-09-16,104.61000061035156,105.06999969482422,104.38999938964844,104.44999694824219,39080800
2026-09-17,105.01000213623047,105.05000305175781,104.8949966430664,104.99500274658203,11437657
